time (s),target_x (mm),target_y (mm),target_z (mm),joint_hip (deg),joint_shoulder (deg),joint_knee (deg),servo_hip (deg),servo_shoulder (deg),servo_knee (deg)
0.0,-10.0,-50.0,180.0,43.587451634928,90.0,103.13655878694486,133.58745163492802,90.0,118.13655878694486
0.0,10.0,-50.0,180.0,37.22779139519953,90.0,103.13655878694486,127.22779139519953,90.0,103.13655878694486
0.0,10.0,50.0,180.0,37.22779139519953,90.0,103.13655878694486,52.77220860480047,90.0,256.8634412130551
0.0,-10.0,50.0,180.0,43.587451634928,90.0,103.13655878694486,46.412548365072,90.0,256.8634412130551
0.02,-9.921147013144779,-50.0,182.50666467128607,42.43311260099356,90.0,105.16698203823204,132.43311260099355,90.0,120.16698203823204
0.02,9.2,-50.0,180.0,37.50004265694391,90.0,103.10232964513547,127.50004265694392,90.0,103.10232964513547
0.02,9.2,50.0,180.0,37.50004265694391,90.0,103.10232964513547,52.49995734305609,90.0,256.89767035486454
0.02,-9.921147013144779,50.0,182.50666467128607,42.43311260099356,90.0,105.16698203823204,47.56688739900644,90.0,254.83301796176795
0.04,-9.68583161128631,-50.0,184.9737977432971,41.23049657134007,90.00000000000001,107.20551775926761,131.23049657134007,89.99999999999999,122.20551775926761
0.04,8.399999999999999,-50.0,180.0,37.77088010090891,90.0,103.07095711264556,127.77088010090891,90.0,103.07095711264556
0.04,8.399999999999999,50.0,180.0,37.77088010090891,90.0,103.07095711264556,52.22911989909109,90.0,256.92904288735446
0.04,-9.68583161128631,50.0,184.9737977432971,41.23049657134007,90.00000000000001,107.20551775926761,48.76950342865993,90.00000000000001,252.7944822407324
0.06,-9.297764858882514,-50.0,187.36249105369356,39.99962033115562,90.0,109.22084993498926,129.99962033115563,90.0,124.22084993498926
0.06,7.599999999999998,-50.0,180.0,38.04029426860824,90.0,103.04244008933651,128.04029426860825,90.0,103.04244008933651
0.06,7.599999999999998,50.0,180.0,38.04029426860824,90.0,103.04244008933651,51.95970573139176,90.0,256.95755991066346
0.06,-9.297764858882514,50.0,187.36249105369356,39.99962033115562,90.0,109.22084993498926,50.00037966884438,90.0,250.77915006501075
0.08,-8.763066800438637,-50.0,189.6350734820343,38.76165984777261,90.0,111.17989769383156,128.76165984777262,90.0,126.17989769383156
0.08,6.800000000000002,-50.0,180.0,38.30827563272772,90.0,103.0167775794013,128.3082756327277,90.0,103.0167775794013
0.08,6.800000000000002,50.0,180.0,38.30827563272772,90.0,103.0167775794013,51.69172436727228,90.0,256.9832224205987
0.08,-8.763066800438637,50.0,189.6350734820343,38.76165984777261,90.0,111.17989769383156,51.23834015222739,90.0,248.82010230616845
0.1,-8.090169943749475,-50.0,191.75570504584945,37.53870254254441,90.0,113.04810487208157,127.5387025425444,90.0,128.04810487208158
0.1,6.000000000000001,-50.0,180.0,38.57481460013573,90.0,102.99396869012568,128.57481460013574,90.0,102.99396869012568
0.1,6.000000000000001,50.0,180.0,38.57481460013573,90.0,102.99396869012568,51.42518539986427,90.0,257.0060313098743
0.1,-8.090169943749475,50.0,191.75570504584945,37.53870254254441,90.0,113.04810487208157,52.46129745745559,90.0,246.95189512791842
0.12000000000000001,-7.289686274214116,-50.0,193.6909421185738,36.35342105164582,90.0,114.78992473283836,126.35342105164582,90.0,129.78992473283836
0.12000000000000001,5.2,-50.0,180.0,38.83990151483592,90.0,102.97401263077563,128.83990151483593,90.0,102.97401263077563
0.12000000000000001,5.2,50.0,180.0,38.83990151483592,90.0,102.97401263077563,51.16009848516408,90.0,257.02598736922437
0.12000000000000001,-7.289686274214116,50.0,193.6909421185738,36.35342105164582,90.0,114.78992473283836,53.64657894835418,90.0,245.21007526716164
0.14,-6.374239897486897,-50.0,195.41026485551578,35.22863719148592,90.0,116.36955635574645,125.22863719148592,90.0,131.36955635574645
0.14,4.3999999999999995,-50.0,180.0,39.103526660861554,90.0,102.95690871161044,129.10352666086155,90.0,102.95690871161044
0.14,4.3999999999999995,50.0,180.0,39.103526660861554,90.0,102.95690871161044,50.896473339138446,90.0,257.0430912883896
0.14,-6.374239897486897,50.0,195.41026485551578,35.22863719148592,90.0,116.36955635574645,54.77136280851408,90.0,243.63044364425355
0.16,-5.3582679497899655,-50.0,196.8865585100403,34.186752410663686,90.0,117.75197322529102,124.18675241066369,90.0,132.751973225291
0.16,3.5999999999999988,-50.0,180.0,39.36568026511036,90.0,102.9426563430205,129.36568026511037,90.0,102.9426563430205
0.16,3.5999999999999988,50.0,180.0,39.36568026511036,90.0,102.9426563430205,50.63431973488964,90.0,257.05734365697947
0.16,-5.3582679497899655,50.0,196.8865585100403,34.186752410663686,90.0,117.75197322529102,55.813247589336314,90.0,242.248026774709
0.18,-4.257792915650727,-50.0,198.0965410493204,33.24903976508907,90.0,118.90424778547371,123.24903976508907,90.0,133.90424778547373
0.18,2.8000000000000025,-50.0,180.0,39.626352500118465,90.0,102.93125503478953,129.62635250011846,90.0,102.93125503478953
0.18,2.8000000000000025,50.0,180.0,39.626352500118465,90.0,102.93125503478953,50.373647499881535,90.0,257.0687449652105
0.18,-4.257792915650727,50.0,198.0965410493204,33.24903976508907,90.0,118.90424778547371,56.75096023491093,90.0,241.09575221452627
0.19999999999999998,-3.0901699437494745,-50.0,199.02113032590307,32.43482337717329,90.0,119.79711610919838,122.43482337717329,90.0,134.79711610919838
0.19999999999999998,2.0000000000000018,-50.0,180.0,39.885533486772786,90.0,102.92270439548037,129.88553348677277,90.0,102.92270439548037
0.19999999999999998,2.0000000000000018,50.0,180.0,39.885533486772786,90.0,102.92270439548037,50.114466513227214,90.0,257.07729560451963
0.19999999999999998,-3.0901699437494745,50.0,199.02113032590307,32.43482337717329,90.0,119.79711610919838,57.56517662282671,90.0,240.20288389080162
0.21999999999999997,-1.8738131458572493,-50.0,199.64574501457378,31.760610659466224,90.0,120.4066514271957,121.76061065946622,90.0,135.4066514271957
0.21999999999999997,1.200000000000001,-50.0,180.0,40.14321329696036,90.0,102.91700413194414,130.14321329696037,90.0,102.91700413194414
0.21999999999999997,1.200000000000001,50.0,180.0,40.14321329696036,90.0,102.91700413194414,49.85678670303964,90.0,257.08299586805583
0.21999999999999997,-1.8738131458572493,50.0,199.64574501457378,31.760610659466224,90.0,120.4066514271957,58.239389340533776,90.0,239.5933485728043
0.23999999999999996,-0.6279051952931375,-50.0,199.96053456856544,31.23928001342062,90.00000000000001,120.71584368328784,121.23928001342063,89.99999999999999,135.71584368328786
0.23999999999999996,0.40000000000000036,-50.0,180.0,40.3993819561532,90.0,102.9141540489525,130.3993819561532,90.0,102.9141540489525
0.23999999999999996,0.40000000000000036,50.0,180.0,40.3993819561532,90.0,102.9141540489525,49.6006180438468,90.0,257.08584595104753
0.23999999999999996,-0.6279051952931375,50.0,199.96053456856544,31.23928001342062,90.00000000000001,120.71584368328784,58.76071998657938,90.00000000000001,239.28415631671214
0.25999999999999995,0.6279051952931296,-50.0,199.96053456856544,30.879447014827946,90.00000000000001,120.71584368328784,120.87944701482795,89.99999999999999,135.71584368328786
0.25999999999999995,-0.40000000000000036,-50.0,180.0,40.65402944592796,90.0,102.9141540489525,130.65402944592796,90.0,102.9141540489525
0.25999999999999995,-0.40000000000000036,50.0,180.0,40.65402944592796,90.0,102.9141540489525,49.34597055407204,90.0,257.08584595104753
0.25999999999999995,0.6279051952931296,50.0,199.96053456856544,30.879447014827946,90.00000000000001,120.71584368328784,59.120552985172054,90.00000000000001,239.28415631671214
0.27999999999999997,1.8738131458572438,-50.0,199.64574501457378,30.68512134737327,90.0,120.4066514271957,120.68512134737327,90.0,135.4066514271957
0.27999999999999997,-1.200000000000001,-50.0,180.0,40.90714570641841,90.0,102.91700413194414,130.90714570641842,90.0,102.91700413194414
0.27999999999999997,-1.200000000000001,50.0,180.0,40.90714570641841,90.0,102.91700413194414,49.09285429358159,90.0,257.08299586805583
0.27999999999999997,1.8738131458572438,50.0,199.64574501457378,30.68512134737327,90.0,120.4066514271957,59.31487865262673,90.0,239.5933485728043
0.3,3.0901699437494736,-50.0,199.02113032590307,30.655721134928452,90.0,119.79711610919838,120.65572113492846,90.0,134.79711610919838
0.3,-2.0000000000000018,-50.0,180.0,41.15872063869976,90.0,102.92270439548037,131.15872063869978,90.0,102.92270439548037
0.3,-2.0000000000000018,50.0,180.0,41.15872063869976,90.0,102.92270439548037,48.84127936130024,90.0,257.07729560451963
0.3,3.0901699437494736,50.0,199.02113032590307,30.655721134928452,90.0,119.79711610919838,59.344278865071544,90.0,240.20288389080162
0.32,4.257792915650727,-50.0,198.0965410493204,30.786442420534264,90.0,118.90424778547371,120.78644242053426,90.0,133.90424778547373
0.32,-2.8000000000000025,-50.0,180.0,41.408744107103466,90.0,102.93125503478953,131.40874410710347,90.0,102.93125503478953
0.32,-2.8000000000000025,50.0,180.0,41.408744107103466,90.0,102.93125503478953,48.591255892896534,90.0,257.0687449652105
0.32,4.257792915650727,50.0,198.0965410493204,30.786442420534264,90.0,118.90424778547371,59.213557579465736,90.0,241.09575221452627
0.34,5.358267949789969,-50.0,196.8865585100403,31.06891257773928,90.0,117.75197322529102,121.06891257773928,90.0,132.751973225291
0.34,-3.600000000000003,-50.0,180.0,41.65720594146057,90.0,102.9426563430205,131.65720594146057,90.0,102.9426563430205
0.34,-3.600000000000003,50.0,180.0,41.65720594146057,90.0,102.9426563430205,48.34279405853943,90.0,257.05734365697947
0.34,5.358267949789969,50.0,196.8865585100403,31.06891257773928,90.0,117.75197322529102,58.93108742226072,90.0,242.248026774709
0.36000000000000004,6.3742398974868975,-50.0,195.41026485551578,31.492010661341222,90.0,116.36955635574645,121.49201066134123,90.0,131.36955635574645
0.36000000000000004,-4.400000000000004,-50.0,180.0,41.90409593927285,90.0,102.95690871161044,131.90409593927285,90.0,102.95690871161044
0.36000000000000004,-4.400000000000004,50.0,180.0,41.90409593927285,90.0,102.95690871161044,48.09590406072715,90.0,257.0430912883896
0.36000000000000004,6.3742398974868975,50.0,195.41026485551578,31.492010661341222,90.0,116.36955635574645,58.507989338658774,90.0,243.63044364425355
0.38000000000000006,7.289686274214117,-50.0,193.69094211857376,32.0427267127674,90.0,114.78992473283836,122.0427267127674,90.0,129.78992473283836
0.38000000000000006,-5.200000000000005,-50.0,180.0,42.14940386780956,90.0,102.97401263077563,132.14940386780955,90.0,102.97401263077563
0.38000000000000006,-5.200000000000005,50.0,180.0,42.14940386780956,90.0,102.97401263077563,47.85059613219044,90.0,257.02598736922437
0.38000000000000006,7.289686274214117,50.0,193.69094211857376,32.0427267127674,90.0,114.78992473283836,57.9572732872326,90.0,245.21007526716164
0.4000000000000001,8.090169943749476,-50.0,191.75570504584945,32.70695208118203,90.0,113.04810487208157,122.70695208118204,90.0,128.04810487208158
0.4000000000000001,-6.000000000000007,-50.0,180.0,42.39311946612848,90.0,102.99396869012568,132.3931194661285,90.0,102.99396869012568
0.4000000000000001,-6.000000000000007,50.0,180.0,42.39311946612848,90.0,102.99396869012568,47.60688053387152,90.0,257.0060313098743
0.4000000000000001,8.090169943749476,50.0,191.75570504584945,32.70695208118203,90.0,113.04810487208157,57.29304791881797,90.0,246.95189512791842
0.4200000000000001,8.763066800438638,-50.0,189.6350734820343,33.47013007485917,90.0,111.17989769383156,123.47013007485917,90.0,126.17989769383156
0.4200000000000001,-6.800000000000004,-50.0,180.0,42.635232447019995,90.0,103.0167775794013,132.63523244702,90.0,103.0167775794013
0.4200000000000001,-6.800000000000004,50.0,180.0,42.635232447019995,90.0,103.0167775794013,47.364767552980005,90.0,256.9832224205987
0.4200000000000001,8.763066800438638,50.0,189.6350734820343,33.47013007485917,90.0,111.17989769383156,56.52986992514083,90.0,248.82010230616845
0.4400000000000001,9.297764858882516,-50.0,187.36249105369353,34.31773560498154,90.0,109.22084993498926,124.31773560498155,90.0,124.22084993498926
0.4400000000000001,-7.6000000000000085,-50.0,180.0,42.875732498871926,90.0,103.04244008933651,132.8757324988719,90.0,103.04244008933651
0.4400000000000001,-7.6000000000000085,50.0,180.0,42.875732498871926,90.0,103.04244008933651,47.124267501128074,90.0,256.95755991066346
0.4400000000000001,9.297764858882516,50.0,187.36249105369353,34.31773560498154,90.0,109.22084993498926,55.68226439501846,90.0,250.77915006501075
0.46000000000000013,9.685831611286313,-50.0,184.97379774329707,35.235583805997734,90.0,107.20551775926756,125.23558380599773,90.0,122.20551775926756
0.46000000000000013,-8.400000000000006,-50.0,180.0,43.11460928745409,90.0,103.07095711264556,133.11460928745407,90.0,103.07095711264556
0.46000000000000013,-8.400000000000006,50.0,180.0,43.11460928745409,90.0,103.07095711264556,46.88539071254591,90.0,256.92904288735446
0.46000000000000013,9.685831611286313,50.0,184.97379774329707,35.235583805997734,90.0,107.20551775926756,54.764416194002266,90.0,252.79448224073244
0.48000000000000015,9.921147013144779,-50.0,182.50666467128607,36.20998733765278,90.0,105.16698203823204,126.20998733765278,90.0,120.16698203823204
0.48000000000000015,-9.20000000000001,-50.0,180.0,43.351852457620566,90.0,103.10232964513547,133.35185245762057,90.0,103.10232964513547
0.48000000000000015,-9.20000000000001,50.0,180.0,43.351852457620566,90.0,103.10232964513547,46.648147542379434,90.0,256.89767035486454
0.48000000000000015,9.921147013144779,50.0,182.50666467128607,36.20998733765278,90.0,105.16698203823204,53.79001266234722,90.0,254.83301796176795
0.5000000000000001,9.999999999999996,-50.0,180.0,37.22779139519953,90.0,103.13655878694486,127.22779139519953,90.0,118.13655878694486
0.5000000000000001,-10.0,-50.0,180.0,43.587451634928,90.0,103.13655878694486,133.58745163492802,90.0,103.13655878694486
0.5000000000000001,-10.0,50.0,180.0,43.587451634928,90.0,103.13655878694486,46.412548365072,90.0,256.8634412130551
0.5000000000000001,9.999999999999996,50.0,180.0,37.22779139519953,90.0,103.13655878694486,52.77220860480047,90.0,256.8634412130551
0.5200000000000001,9.199999999999996,-50.0,180.0,37.50004265694391,90.0,103.10232964513547,127.50004265694392,90.0,118.10232964513547
0.5200000000000001,-9.921147013144777,-50.0,182.50666467128607,42.43311260099355,90.0,105.16698203823204,132.43311260099355,90.0,105.16698203823204
0.5200000000000001,-9.921147013144777,50.0,182.50666467128607,42.43311260099355,90.0,105.16698203823204,47.56688739900645,90.0,254.83301796176795
0.5200000000000001,9.199999999999996,50.0,180.0,37.50004265694391,90.0,103.10232964513547,52.49995734305609,90.0,256.89767035486454
0.5400000000000001,8.399999999999995,-50.0,180.0,37.77088010090891,90.0,103.07095711264556,127.77088010090891,90.0,118.07095711264556
0.5400000000000001,-9.68583161128631,-50.0,184.9737977432971,41.23049657134007,90.00000000000001,107.20551775926761,131.23049657134007,89.99999999999999,107.20551775926761
0.5400000000000001,-9.68583161128631,50.0,184.9737977432971,41.23049657134007,90.00000000000001,107.20551775926761,48.76950342865993,90.00000000000001,252.7944822407324
0.5400000000000001,8.399999999999995,50.0,180.0,37.77088010090891,90.0,103.07095711264556,52.22911989909109,90.0,256.92904288735446
0.5600000000000002,7.599999999999993,-50.0,180.0,38.04029426860824,90.0,103.04244008933651,128.04029426860825,90.0,118.04244008933651
0.5600000000000002,-9.297764858882513,-50.0,187.36249105369356,39.99962033115562,90.0,109.22084993498926,129.99962033115563,90.0,109.22084993498926
0.5600000000000002,-9.297764858882513,50.0,187.36249105369356,39.99962033115562,90.0,109.22084993498926,50.00037966884438,90.0,250.77915006501075
0.5600000000000002,7.599999999999993,50.0,180.0,38.04029426860824,90.0,103.04244008933651,51.95970573139176,90.0,256.95755991066346
0.5800000000000002,6.799999999999993,-50.0,180.0,38.30827563272773,90.0,103.0167775794013,128.3082756327277,90.0,118.0167775794013
0.5800000000000002,-8.763066800438633,-50.0,189.63507348203433,38.761659847772606,90.0,111.17989769383158,128.7616598477726,90.0,111.17989769383158
0.5800000000000002,-8.763066800438633,50.0,189.63507348203433,38.761659847772606,90.0,111.17989769383158,51.238340152227394,90.0,248.82010230616842
0.5800000000000002,6.799999999999993,50.0,180.0,38.30827563272773,90.0,103.0167775794013,51.69172436727227,90.0,256.9832224205987
0.6000000000000002,5.999999999999992,-50.0,180.0,38.57481460013573,90.0,102.99396869012568,128.57481460013574,90.0,117.99396869012568
0.6000000000000002,-8.090169943749471,-50.0,191.75570504584948,37.53870254254441,90.0,113.04810487208157,127.5387025425444,90.0,113.04810487208157
0.6000000000000002,-8.090169943749471,50.0,191.75570504584948,37.53870254254441,90.0,113.04810487208157,52.46129745745559,90.0,246.95189512791842
0.6000000000000002,5.999999999999992,50.0,180.0,38.57481460013573,90.0,102.99396869012568,51.42518539986427,90.0,257.0060313098743
0.6200000000000002,5.199999999999991,-50.0,180.0,38.83990151483592,90.0,102.97401263077563,128.83990151483593,90.0,117.97401263077563
0.6200000000000002,-7.289686274214111,-50.0,193.6909421185738,36.35342105164582,90.0,114.78992473283836,126.35342105164582,90.0,114.78992473283836
0.6200000000000002,-7.289686274214111,50.0,193.6909421185738,36.35342105164582,90.0,114.78992473283836,53.64657894835418,90.0,245.21007526716164
0.6200000000000002,5.199999999999991,50.0,180.0,38.83990151483592,90.0,102.97401263077563,51.16009848516408,90.0,257.02598736922437
0.6400000000000002,4.399999999999991,-50.0,180.0,39.103526660861554,90.0,102.95690871161044,129.10352666086155,90.0,117.95690871161044
0.6400000000000002,-6.374239897486891,-50.0,195.4102648555158,35.228637191485916,90.0,116.36955635574648,125.22863719148592,90.0,116.36955635574648
0.6400000000000002,-6.374239897486891,50.0,195.4102648555158,35.228637191485916,90.0,116.36955635574648,54.771362808514084,90.0,243.63044364425352
0.6400000000000002,4.399999999999991,50.0,180.0,39.103526660861554,90.0,102.95690871161044,50.896473339138446,90.0,257.0430912883896
0.6600000000000003,3.59999999999999,-50.0,180.0,39.36568026511036,90.0,102.9426563430205,129.36568026511037,90.0,117.9426563430205
0.6600000000000003,-5.358267949789958,-50.0,196.88655851004032,34.18675241066368,90.0,117.75197322529105,124.18675241066367,90.0,117.75197322529105
0.6600000000000003,-5.358267949789958,50.0,196.88655851004032,34.18675241066368,90.0,117.75197322529105,55.81324758933632,90.0,242.24802677470893
0.6600000000000003,3.59999999999999,50.0,180.0,39.36568026511036,90.0,102.9426563430205,50.63431973488964,90.0,257.05734365697947
0.6800000000000003,2.799999999999989,-50.0,180.0,39.62635250011847,90.0,102.93125503478953,129.62635250011846,90.0,117.93125503478953
0.6800000000000003,-4.257792915650718,-50.0,198.0965410493204,33.249039765089066,90.0,118.90424778547371,123.24903976508907,90.0,118.90424778547371
0.6800000000000003,-4.257792915650718,50.0,198.0965410493204,33.249039765089066,90.0,118.90424778547371,56.750960234910934,90.0,241.09575221452627
0.6800000000000003,2.799999999999989,50.0,180.0,39.62635250011847,90.0,102.93125503478953,50.37364749988153,90.0,257.0687449652105
0.7000000000000003,1.9999999999999893,-50.0,180.0,39.885533486772786,90.0,102.92270439548037,129.88553348677277,90.0,117.92270439548037
0.7000000000000003,-3.090169943749464,-50.0,199.02113032590307,32.43482337717328,90.0,119.79711610919838,122.43482337717327,90.0,119.79711610919838
0.7000000000000003,-3.090169943749464,50.0,199.02113032590307,32.43482337717328,90.0,119.79711610919838,57.56517662282672,90.0,240.20288389080162
0.7000000000000003,1.9999999999999893,50.0,180.0,39.885533486772786,90.0,102.92270439548037,50.114466513227214,90.0,257.07729560451963
0.7200000000000003,1.1999999999999886,-50.0,180.0,40.14321329696036,90.0,102.91700413194414,130.14321329696037,90.0,117.91700413194414
0.7200000000000003,-1.873813145857234,-50.0,199.64574501457378,31.760610659466217,90.0,120.4066514271957,121.76061065946621,90.0,120.4066514271957
0.7200000000000003,-1.873813145857234,50.0,199.64574501457378,31.760610659466217,90.0,120.4066514271957,58.23938934053378,90.0,239.5933485728043
0.7200000000000003,1.1999999999999886,50.0,180.0,40.14321329696036,90.0,102.91700413194414,49.85678670303964,90.0,257.08299586805583
0.7400000000000003,0.3999999999999879,-50.0,180.0,40.399381956153206,90.0,102.9141540489525,130.3993819561532,90.0,117.9141540489525
0.7400000000000003,-0.6279051952931219,-50.0,199.96053456856544,31.23928001342062,90.00000000000001,120.71584368328784,121.23928001342063,89.99999999999999,120.71584368328784
0.7400000000000003,-0.6279051952931219,50.0,199.96053456856544,31.23928001342062,90.00000000000001,120.71584368328784,58.76071998657938,90.00000000000001,239.28415631671214
0.7400000000000003,0.3999999999999879,50.0,180.0,40.399381956153206,90.0,102.9141540489525,49.600618043846794,90.0,257.08584595104753
0.7600000000000003,-0.4000000000000128,-50.0,180.0,40.65402944592797,90.0,102.9141540489525,130.65402944592796,90.0,117.9141540489525
0.7600000000000003,0.6279051952931474,-50.0,199.96053456856544,30.87944701482794,90.00000000000001,120.71584368328784,120.87944701482795,89.99999999999999,120.71584368328784
0.7600000000000003,0.6279051952931474,50.0,199.96053456856544,30.87944701482794,90.00000000000001,120.71584368328784,59.12055298517206,90.00000000000001,239.28415631671214
0.7600000000000003,-0.4000000000000128,50.0,180.0,40.65402944592797,90.0,102.9141540489525,49.34597055407203,90.0,257.08584595104753
0.7800000000000004,-1.2000000000000135,-50.0,180.0,40.90714570641842,90.0,102.91700413194414,130.90714570641842,90.0,117.91700413194414
0.7800000000000004,1.8738131458572613,-50.0,199.64574501457378,30.68512134737327,90.0,120.4066514271957,120.68512134737327,90.0,120.4066514271957
0.7800000000000004,1.8738131458572613,50.0,199.64574501457378,30.68512134737327,90.0,120.4066514271957,59.31487865262673,90.0,239.5933485728043
0.7800000000000004,-1.2000000000000135,50.0,180.0,40.90714570641842,90.0,102.91700413194414,49.09285429358158,90.0,257.08299586805583
0.8000000000000004,-2.000000000000014,-50.0,180.0,41.15872063869977,90.0,102.92270439548037,131.15872063869978,90.0,117.92270439548037
0.8000000000000004,3.0901699437494905,-50.0,199.02113032590307,30.655721134928445,90.0,119.79711610919838,120.65572113492844,90.0,119.79711610919838
0.8000000000000004,3.0901699437494905,50.0,199.02113032590307,30.655721134928445,90.0,119.79711610919838,59.34427886507156,90.0,240.20288389080162
0.8000000000000004,-2.000000000000014,50.0,180.0,41.15872063869977,90.0,102.92270439548037,48.84127936130023,90.0,257.07729560451963
0.8200000000000004,-2.800000000000015,-50.0,180.0,41.408744107103466,90.0,102.93125503478953,131.40874410710347,90.0,117.93125503478953
0.8200000000000004,4.257792915650743,-50.0,198.09654104932036,30.786442420534286,90.0,118.90424778547369,120.78644242053429,90.0,118.90424778547369
0.8200000000000004,4.257792915650743,50.0,198.09654104932036,30.786442420534286,90.0,118.90424778547369,59.213557579465714,90.0,241.09575221452633
0.8200000000000004,-2.800000000000015,50.0,180.0,41.408744107103466,90.0,102.93125503478953,48.591255892896534,90.0,257.0687449652105
0.8400000000000004,-3.6000000000000156,-50.0,180.0,41.657205941460575,90.0,102.9426563430205,131.65720594146057,90.0,117.9426563430205
0.8400000000000004,5.35826794978998,-50.0,196.8865585100403,31.068912577739273,90.0,117.75197322529102,121.06891257773927,90.0,117.75197322529102
0.8400000000000004,5.35826794978998,50.0,196.8865585100403,31.068912577739273,90.0,117.75197322529102,58.93108742226073,90.0,242.248026774709
0.8400000000000004,-3.6000000000000156,50.0,180.0,41.657205941460575,90.0,102.9426563430205,48.342794058539425,90.0,257.05734365697947
0.8600000000000004,-4.400000000000016,-50.0,180.0,41.90409593927286,90.0,102.95690871161044,131.90409593927285,90.0,117.95690871161044
0.8600000000000004,6.374239897486911,-50.0,195.41026485551578,31.49201066134122,90.0,116.36955635574645,121.49201066134123,90.0,116.36955635574645
0.8600000000000004,6.374239897486911,50.0,195.41026485551578,31.49201066134122,90.0,116.36955635574645,58.50798933865878,90.0,243.63044364425355
0.8600000000000004,-4.400000000000016,50.0,180.0,41.90409593927286,90.0,102.95690871161044,48.09590406072714,90.0,257.0430912883896
0.8800000000000004,-5.200000000000017,-50.0,180.0,42.14940386780956,90.0,102.97401263077563,132.14940386780955,90.0,117.97401263077563
0.8800000000000004,7.289686274214128,-50.0,193.69094211857376,32.0427267127674,90.0,114.78992473283836,122.0427267127674,90.0,114.78992473283836
0.8800000000000004,7.289686274214128,50.0,193.69094211857376,32.0427267127674,90.0,114.78992473283836,57.9572732872326,90.0,245.21007526716164
0.8800000000000004,-5.200000000000017,50.0,180.0,42.14940386780956,90.0,102.97401263077563,47.85059613219044,90.0,257.02598736922437
0.9000000000000005,-6.000000000000018,-50.0,180.0,42.39311946612849,90.0,102.99396869012568,132.3931194661285,90.0,117.99396869012568
0.9000000000000005,8.090169943749487,-50.0,191.75570504584942,32.70695208118205,90.0,113.04810487208152,122.70695208118205,90.0,113.04810487208152
0.9000000000000005,8.090169943749487,50.0,191.75570504584942,32.70695208118205,90.0,113.04810487208152,57.29304791881795,90.0,246.95189512791848
0.9000000000000005,-6.000000000000018,50.0,180.0,42.39311946612849,90.0,102.99396869012568,47.60688053387151,90.0,257.0060313098743
0.9200000000000005,-6.8000000000000185,-50.0,180.0,42.635232447019995,90.0,103.0167775794013,132.63523244702,90.0,118.0167775794013
0.9200000000000005,8.763066800438647,-50.0,189.63507348203427,33.47013007485919,90.0,111.17989769383152,123.47013007485918,90.0,111.17989769383152
0.9200000000000005,8.763066800438647,50.0,189.63507348203427,33.47013007485919,90.0,111.17989769383152,56.52986992514081,90.0,248.82010230616848
0.9200000000000005,-6.8000000000000185,50.0,180.0,42.635232447019995,90.0,103.0167775794013,47.364767552980005,90.0,256.9832224205987
0.9400000000000005,-7.600000000000019,-50.0,180.0,42.87573249887193,90.0,103.04244008933651,132.87573249887194,90.0,118.04244008933651
0.9400000000000005,9.297764858882523,-50.0,187.3624910536935,34.317735604981564,90.0,109.2208499349892,124.31773560498156,90.0,109.2208499349892
0.9400000000000005,9.297764858882523,50.0,187.3624910536935,34.317735604981564,90.0,109.2208499349892,55.682264395018436,90.0,250.7791500650108
0.9400000000000005,-7.600000000000019,50.0,180.0,42.87573249887193,90.0,103.04244008933651,47.12426750112807,90.0,256.95755991066346
0.9600000000000005,-8.40000000000002,-50.0,180.0,43.114609287454094,90.0,103.07095711264556,133.1146092874541,90.0,118.07095711264556
0.9600000000000005,9.685831611286318,-50.0,184.97379774329704,35.23558380599775,90.0,107.20551775926752,125.23558380599775,90.0,107.20551775926752
0.9600000000000005,9.685831611286318,50.0,184.97379774329704,35.23558380599775,90.0,107.20551775926752,54.76441619400225,90.0,252.79448224073246
0.9600000000000005,-8.40000000000002,50.0,180.0,43.114609287454094,90.0,103.07095711264556,46.885390712545906,90.0,256.92904288735446
0.9800000000000005,-9.20000000000002,-50.0,180.0,43.351852457620566,90.0,103.10232964513547,133.35185245762057,90.0,118.10232964513547
0.9800000000000005,9.92114701314478,-50.0,182.50666467128605,36.20998733765279,90.0,105.16698203823202,126.20998733765279,90.0,105.16698203823202
0.9800000000000005,9.92114701314478,50.0,182.50666467128605,36.20998733765279,90.0,105.16698203823202,53.79001266234721,90.0,254.83301796176798
0.9800000000000005,-9.20000000000002,50.0,180.0,43.351852457620566,90.0,103.10232964513547,46.648147542379434,90.0,256.89767035486454
1.0000000000000004,-10.0,-50.0,180.00000000000006,43.58745163492797,90.0,103.1365587869449,133.58745163492796,90.0,118.1365587869449
1.0000000000000004,9.999999999999982,-50.0,180.0,37.22779139519953,90.0,103.13655878694486,127.22779139519953,90.0,103.13655878694486
1.0000000000000004,9.999999999999982,50.0,180.0,37.22779139519953,90.0,103.13655878694486,52.77220860480047,90.0,256.8634412130551
1.0000000000000004,-10.0,50.0,180.00000000000006,43.58745163492797,90.0,103.1365587869449,46.41254836507203,90.0,256.8634412130551
1.0200000000000005,-9.921147013144774,-50.0,182.50666467128613,42.433112600993525,90.0,105.16698203823208,132.43311260099352,90.0,120.16698203823208
1.0200000000000005,9.199999999999982,-50.0,180.0,37.50004265694392,90.0,103.10232964513547,127.50004265694392,90.0,103.10232964513547
1.0200000000000005,9.199999999999982,50.0,180.0,37.50004265694392,90.0,103.10232964513547,52.49995734305608,90.0,256.89767035486454
1.0200000000000005,-9.921147013144774,50.0,182.50666467128613,42.433112600993525,90.0,105.16698203823208,47.566887399006475,90.0,254.83301796176792
1.0400000000000005,-9.685831611286304,-50.0,184.97379774329715,41.23049657134003,90.0,107.20551775926765,131.23049657134004,90.0,122.20551775926765
1.0400000000000005,8.39999999999998,-50.0,180.0,37.77088010090892,90.0,103.07095711264556,127.77088010090893,90.0,103.07095711264556
1.0400000000000005,8.39999999999998,50.0,180.0,37.77088010090892,90.0,103.07095711264556,52.22911989909108,90.0,256.92904288735446
1.0400000000000005,-9.685831611286304,50.0,184.97379774329715,41.23049657134003,90.0,107.20551775926765,48.76950342865997,90.0,252.79448224073235
1.0600000000000005,-9.297764858882502,-50.0,187.36249105369362,39.999620331155576,90.00000000000001,109.22084993498932,129.99962033115557,89.99999999999999,124.22084993498932
1.0600000000000005,7.59999999999998,-50.0,180.0,38.04029426860824,90.0,103.04244008933651,128.04029426860825,90.0,103.04244008933651
1.0600000000000005,7.59999999999998,50.0,180.0,38.04029426860824,90.0,103.04244008933651,51.95970573139176,90.0,256.95755991066346
1.0600000000000005,-9.297764858882502,50.0,187.36249105369362,39.999620331155576,90.00000000000001,109.22084993498932,50.000379668844424,90.00000000000001,250.7791500650107
1.0800000000000005,-8.76306680043862,-50.0,189.63507348203436,38.76165984777259,90.0,111.1798976938316,128.7616598477726,90.0,126.1798976938316
1.0800000000000005,6.799999999999979,-50.0,180.0,38.30827563272775,90.0,103.01677757940129,128.30827563272774,90.0,103.01677757940129
1.0800000000000005,6.799999999999979,50.0,180.0,38.30827563272775,90.0,103.01677757940129,51.69172436727225,90.0,256.98322242059874
1.0800000000000005,-8.76306680043862,50.0,189.63507348203436,38.76165984777259,90.0,111.1798976938316,51.23834015222741,90.0,248.8201023061684
1.1000000000000005,-8.090169943749455,-50.0,191.7557050458495,37.53870254254437,90.00000000000001,113.04810487208162,127.53870254254437,89.99999999999999,128.04810487208164
1.1000000000000005,5.999999999999979,-50.0,180.0,38.57481460013573,90.0,102.99396869012568,128.57481460013574,90.0,102.99396869012568
1.1000000000000005,5.999999999999979,50.0,180.0,38.57481460013573,90.0,102.99396869012568,51.42518539986427,90.0,257.0060313098743
1.1000000000000005,-8.090169943749455,50.0,191.7557050458495,37.53870254254437,90.00000000000001,113.04810487208162,52.46129745745563,90.00000000000001,246.95189512791836
1.1200000000000006,-7.289686274214091,-50.0,193.69094211857382,36.353421051645775,90.0,114.78992473283841,126.35342105164577,90.0,129.78992473283841
1.1200000000000006,5.199999999999978,-50.0,180.0,38.83990151483593,90.0,102.97401263077563,128.83990151483593,90.0,102.97401263077563
1.1200000000000006,5.199999999999978,50.0,180.0,38.83990151483593,90.0,102.97401263077563,51.16009848516407,90.0,257.02598736922437
1.1200000000000006,-7.289686274214091,50.0,193.69094211857382,36.353421051645775,90.0,114.78992473283841,53.646578948354225,90.0,245.21007526716159
1.1400000000000006,-6.37423989748687,-50.0,195.41026485551583,35.22863719148591,90.0,116.36955635574651,125.22863719148592,90.0,131.3695563557465
1.1400000000000006,4.399999999999977,-50.0,180.0,39.10352666086156,90.0,102.95690871161044,129.10352666086158,90.0,102.95690871161044
1.1400000000000006,4.399999999999977,50.0,180.0,39.10352666086156,90.0,102.95690871161044,50.89647333913844,90.0,257.0430912883896
1.1400000000000006,-6.37423989748687,50.0,195.41026485551583,35.22863719148591,90.0,116.36955635574651,54.77136280851409,90.0,243.6304436442535
1.1600000000000006,-5.358267949789935,-50.0,196.88655851004035,34.18675241066365,90.0,117.75197322529107,124.18675241066364,90.0,132.75197322529107
1.1600000000000006,3.5999999999999766,-50.0,180.0,39.36568026511037,90.0,102.9426563430205,129.36568026511037,90.0,102.9426563430205
1.1600000000000006,3.5999999999999766,50.0,180.0,39.36568026511037,90.0,102.9426563430205,50.63431973488963,90.0,257.05734365697947
1.1600000000000006,-5.358267949789935,50.0,196.88655851004035,34.18675241066365,90.0,117.75197322529107,55.81324758933635,90.0,242.24802677470893
1.1800000000000006,-4.257792915650692,-50.0,198.09654104932042,33.249039765089044,90.00000000000001,118.90424778547374,123.24903976508904,89.99999999999999,133.90424778547373
1.1800000000000006,2.799999999999976,-50.0,180.0,39.62635250011848,90.0,102.93125503478953,129.6263525001185,90.0,102.93125503478953
1.1800000000000006,2.799999999999976,50.0,180.0,39.62635250011848,90.0,102.93125503478953,50.37364749988152,90.0,257.0687449652105
1.1800000000000006,-4.257792915650692,50.0,198.09654104932042,33.249039765089044,90.00000000000001,118.90424778547374,56.750960234910956,90.00000000000001,241.09575221452627
1.2000000000000006,-3.0901699437494368,-50.0,199.0211303259031,32.43482337717327,90.0,119.79711610919841,122.43482337717327,90.0,134.7971161091984
1.2000000000000006,1.9999999999999751,-50.0,180.0,39.88553348677279,90.0,102.92270439548037,129.8855334867728,90.0,102.92270439548037
1.2000000000000006,1.9999999999999751,50.0,180.0,39.88553348677279,90.0,102.92270439548037,50.11446651322721,90.0,257.07729560451963
1.2000000000000006,-3.0901699437494368,50.0,199.0211303259031,32.43482337717327,90.0,119.79711610919841,57.56517662282673,90.0,240.2028838908016
1.2200000000000006,-1.873813145857208,-50.0,199.64574501457378,31.76061065946621,90.0,120.4066514271957,121.76061065946621,90.0,135.4066514271957
1.2200000000000006,1.1999999999999744,-50.0,180.0,40.14321329696037,90.0,102.91700413194414,130.14321329696037,90.0,102.91700413194414
1.2200000000000006,1.1999999999999744,50.0,180.0,40.14321329696037,90.0,102.91700413194414,49.85678670303963,90.0,257.08299586805583
1.2200000000000006,-1.873813145857208,50.0,199.64574501457378,31.76061065946621,90.0,120.4066514271957,58.23938934053379,90.0,239.5933485728043
1.2400000000000007,-0.6279051952930931,-50.0,199.96053456856544,31.239280013420604,90.00000000000001,120.71584368328784,121.2392800134206,89.99999999999999,135.71584368328786
1.2400000000000007,0.3999999999999737,-50.0,180.0,40.399381956153206,90.0,102.9141540489525,130.3993819561532,90.0,102.9141540489525
1.2400000000000007,0.3999999999999737,50.0,180.0,40.399381956153206,90.0,102.9141540489525,49.600618043846794,90.0,257.08584595104753
1.2400000000000007,-0.6279051952930931,50.0,199.96053456856544,31.239280013420604,90.00000000000001,120.71584368328784,58.760719986579396,90.00000000000001,239.28415631671214
1.2600000000000007,0.627905195293176,-50.0,199.96053456856544,30.87944701482793,90.00000000000001,120.71584368328784,120.87944701482793,89.99999999999999,135.71584368328786
1.2600000000000007,-0.400000000000027,-50.0,180.0,40.65402944592797,90.0,102.9141540489525,130.65402944592796,90.0,102.9141540489525
1.2600000000000007,-0.400000000000027,50.0,180.0,40.65402944592797,90.0,102.9141540489525,49.34597055407203,90.0,257.08584595104753
1.2600000000000007,0.627905195293176,50.0,199.96053456856544,30.87944701482793,90.00000000000001,120.71584368328784,59.12055298517207,90.00000000000001,239.28415631671214
1.2800000000000007,1.8738131458572878,-50.0,199.64574501457375,30.685121347373258,90.0,120.4066514271957,120.68512134737325,90.0,135.4066514271957
1.2800000000000007,-1.2000000000000277,-50.0,180.0,40.907145706418426,90.0,102.91700413194414,130.90714570641842,90.0,102.91700413194414
1.2800000000000007,-1.2000000000000277,50.0,180.0,40.907145706418426,90.0,102.91700413194414,49.092854293581574,90.0,257.08299586805583
1.2800000000000007,1.8738131458572878,50.0,199.64574501457375,30.685121347373258,90.0,120.4066514271957,59.314878652626746,90.0,239.5933485728043
1.3000000000000007,3.0901699437495154,-50.0,199.02113032590304,30.65572113492846,90.0,119.79711610919837,120.65572113492846,90.0,134.79711610919838
1.3000000000000007,-2.0000000000000284,-50.0,180.0,41.158720638699776,90.0,102.92270439548037,131.15872063869978,90.0,102.92270439548037
1.3000000000000007,-2.0000000000000284,50.0,180.0,41.158720638699776,90.0,102.92270439548037,48.841279361300224,90.0,257.07729560451963
1.3000000000000007,3.0901699437495154,50.0,199.02113032590304,30.65572113492846,90.0,119.79711610919837,59.344278865071544,90.0,240.20288389080162
1.3200000000000007,4.257792915650768,-50.0,198.09654104932036,30.78644242053427,90.0,118.90424778547369,120.78644242053427,90.0,133.90424778547367
1.3200000000000007,-2.800000000000029,-50.0,180.0,41.40874410710347,90.0,102.93125503478953,131.40874410710347,90.0,102.93125503478953
1.3200000000000007,-2.800000000000029,50.0,180.0,41.40874410710347,90.0,102.93125503478953,48.59125589289653,90.0,257.0687449652105
1.3200000000000007,4.257792915650768,50.0,198.09654104932036,30.78644242053427,90.0,118.90424778547369,59.21355757946573,90.0,241.09575221452633
1.3400000000000007,5.358267949790005,-50.0,196.88655851004026,31.06891257773928,90.0,117.751973225291,121.06891257773928,90.0,132.751973225291
1.3400000000000007,-3.60000000000003,-50.0,180.0,41.65720594146058,90.0,102.9426563430205,131.65720594146057,90.0,102.9426563430205
1.3400000000000007,-3.60000000000003,50.0,180.0,41.65720594146058,90.0,102.9426563430205,48.34279405853942,90.0,257.05734365697947
1.3400000000000007,5.358267949790005,50.0,196.88655851004026,31.06891257773928,90.0,117.751973225291,58.93108742226072,90.0,242.248026774709
1.3600000000000008,6.374239897486936,-50.0,195.41026485551572,31.49201066134125,90.0,116.36955635574638,121.49201066134125,90.0,131.3695563557464
1.3600000000000008,-4.4000000000000306,-50.0,180.0,41.904095939272864,90.0,102.95690871161044,131.90409593927285,90.0,102.95690871161044
1.3600000000000008,-4.4000000000000306,50.0,180.0,41.904095939272864,90.0,102.95690871161044,48.095904060727136,90.0,257.0430912883896
1.3600000000000008,6.374239897486936,50.0,195.41026485551572,31.49201066134125,90.0,116.36955635574638,58.507989338658746,90.0,243.6304436442536
1.3800000000000008,7.289686274214146,-50.0,193.6909421185737,32.042726712767404,90.0,114.78992473283832,122.0427267127674,90.0,129.7899247328383
1.3800000000000008,-5.200000000000031,-50.0,180.0,42.14940386780957,90.0,102.97401263077563,132.14940386780955,90.0,102.97401263077563
1.3800000000000008,-5.200000000000031,50.0,180.0,42.14940386780957,90.0,102.97401263077563,47.85059613219043,90.0,257.02598736922437
1.3800000000000008,7.289686274214146,50.0,193.6909421185737,32.042726712767404,90.0,114.78992473283832,57.957273287232596,90.0,245.2100752671617
1.4000000000000008,8.090169943749503,-50.0,191.7557050458494,32.706952081182045,90.0,113.04810487208152,122.70695208118204,90.0,128.04810487208152
1.4000000000000008,-6.000000000000032,-50.0,180.0,42.39311946612849,90.0,102.99396869012568,132.3931194661285,90.0,102.99396869012568
1.4000000000000008,-6.000000000000032,50.0,180.0,42.39311946612849,90.0,102.99396869012568,47.60688053387151,90.0,257.0060313098743
1.4000000000000008,8.090169943749503,50.0,191.7557050458494,32.706952081182045,90.0,113.04810487208152,57.293047918817955,90.0,246.95189512791848
1.4200000000000008,8.76306680043866,-50.0,189.63507348203422,33.47013007485921,90.00000000000001,111.17989769383146,123.47013007485921,89.99999999999999,126.17989769383146
1.4200000000000008,-6.800000000000033,-50.0,180.0,42.63523244702,90.0,103.0167775794013,132.63523244702,90.0,103.0167775794013
1.4200000000000008,-6.800000000000033,50.0,180.0,42.63523244702,90.0,103.0167775794013,47.36476755298,90.0,256.9832224205987
1.4200000000000008,8.76306680043866,50.0,189.63507348203422,33.47013007485921,90.00000000000001,111.17989769383146,56.52986992514079,90.00000000000001,248.82010230616854
1.4400000000000008,9.297764858882534,-50.0,187.36249105369347,34.31773560498157,90.0,109.22084993498918,124.31773560498158,90.0,124.22084993498918
1.4400000000000008,-7.600000000000033,-50.0,180.0,42.87573249887193,90.0,103.04244008933651,132.87573249887194,90.0,103.04244008933651
1.4400000000000008,-7.600000000000033,50.0,180.0,42.87573249887193,90.0,103.04244008933651,47.12426750112807,90.0,256.95755991066346
1.4400000000000008,9.297764858882534,50.0,187.36249105369347,34.31773560498157,90.0,109.22084993498918,55.68226439501843,90.0,250.7791500650108
1.4600000000000009,9.685831611286325,-50.0,184.97379774329698,35.23558380599777,90.0,107.20551775926747,125.23558380599778,90.0,122.20551775926747
1.4600000000000009,-8.400000000000034,-50.0,180.0,43.1146092874541,90.0,103.07095711264556,133.1146092874541,90.0,103.07095711264556
1.4600000000000009,-8.400000000000034,50.0,180.0,43.1146092874541,90.0,103.07095711264556,46.8853907125459,90.0,256.92904288735446
1.4600000000000009,9.685831611286325,50.0,184.97379774329698,35.23558380599777,90.0,107.20551775926747,54.76441619400223,90.0,252.79448224073252
1.4800000000000009,9.921147013144786,-50.0,182.506664671286,36.20998733765282,90.00000000000001,105.16698203823196,126.20998733765282,89.99999999999999,120.16698203823196
1.4800000000000009,-9.200000000000035,-50.0,180.0,43.351852457620566,90.0,103.10232964513547,133.35185245762057,90.0,103.10232964513547
1.4800000000000009,-9.200000000000035,50.0,180.0,43.351852457620566,90.0,103.10232964513547,46.648147542379434,90.0,256.89767035486454
1.4800000000000009,9.921147013144786,50.0,182.506664671286,36.20998733765282,90.00000000000001,105.16698203823196,53.79001266234718,90.00000000000001,254.83301796176804
1.5000000000000009,9.999999999999964,-50.0,180.0,37.22779139519954,90.0,103.13655878694486,127.22779139519955,90.0,118.13655878694486
1.5000000000000009,-10.0,-50.0,180.0000000000001,43.587451634927945,90.0,103.13655878694495,133.58745163492796,90.0,103.13655878694495
1.5000000000000009,-10.0,50.0,180.0000000000001,43.587451634927945,90.0,103.13655878694495,46.412548365072055,90.0,256.86344121305507
1.5000000000000009,9.999999999999964,50.0,180.0,37.22779139519954,90.0,103.13655878694486,52.77220860480046,90.0,256.8634412130551
1.520000000000001,9.199999999999964,-50.0,180.0,37.50004265694392,90.0,103.10232964513547,127.50004265694392,90.0,118.10232964513547
1.520000000000001,-9.921147013144772,-50.0,182.5066646712862,42.4331126009935,90.0,105.16698203823213,132.4331126009935,90.0,105.16698203823213
1.520000000000001,-9.921147013144772,50.0,182.5066646712862,42.4331126009935,90.0,105.16698203823213,47.5668873990065,90.0,254.83301796176787
1.520000000000001,9.199999999999964,50.0,180.0,37.50004265694392,90.0,103.10232964513547,52.49995734305608,90.0,256.89767035486454
1.540000000000001,8.399999999999963,-50.0,180.0,37.77088010090892,90.0,103.07095711264556,127.77088010090893,90.0,118.07095711264556
1.540000000000001,-9.685831611286297,-50.0,184.9737977432972,41.230496571340005,90.0,107.20551775926769,131.23049657134,90.0,107.20551775926769
1.540000000000001,-9.685831611286297,50.0,184.9737977432972,41.230496571340005,90.0,107.20551775926769,48.769503428659995,90.0,252.7944822407323
1.540000000000001,8.399999999999963,50.0,180.0,37.77088010090892,90.0,103.07095711264556,52.22911989909108,90.0,256.92904288735446
1.560000000000001,7.599999999999962,-50.0,180.0,38.04029426860825,90.0,103.04244008933651,128.04029426860825,90.0,118.04244008933651
1.560000000000001,-9.297764858882493,-50.0,187.36249105369367,39.99962033115555,90.0,109.22084993498936,129.99962033115554,90.0,109.22084993498936
1.560000000000001,-9.297764858882493,50.0,187.36249105369367,39.99962033115555,90.0,109.22084993498936,50.00037966884445,90.0,250.77915006501064
1.560000000000001,7.599999999999962,50.0,180.0,38.04029426860825,90.0,103.04244008933651,51.95970573139175,90.0,256.95755991066346
1.580000000000001,6.799999999999962,-50.0,180.0,38.30827563272775,90.0,103.01677757940129,128.30827563272774,90.0,118.01677757940129
1.580000000000001,-8.763066800438606,-50.0,189.63507348203441,38.76165984777255,90.0,111.17989769383166,128.76165984777253,90.0,111.17989769383166
1.580000000000001,-8.763066800438606,50.0,189.63507348203441,38.76165984777255,90.0,111.17989769383166,51.23834015222745,90.0,248.82010230616834
1.580000000000001,6.799999999999962,50.0,180.0,38.30827563272775,90.0,103.01677757940129,51.69172436727225,90.0,256.98322242059874
1.600000000000001,5.999999999999961,-50.0,180.0,38.57481460013574,90.0,102.99396869012568,128.57481460013574,90.0,117.99396869012568
1.600000000000001,-8.090169943749439,-50.0,191.75570504584957,37.53870254254434,90.0,113.04810487208167,127.53870254254434,90.0,113.04810487208167
1.600000000000001,-8.090169943749439,50.0,191.75570504584957,37.53870254254434,90.0,113.04810487208167,52.46129745745566,90.0,246.95189512791833
1.600000000000001,5.999999999999961,50.0,180.0,38.57481460013574,90.0,102.99396869012568,51.42518539986426,90.0,257.0060313098743
1.620000000000001,5.19999999999996,-50.0,180.0,38.83990151483593,90.0,102.97401263077563,128.83990151483593,90.0,117.97401263077563
1.620000000000001,-7.2896862742140724,-50.0,193.69094211857387,36.35342105164574,90.0,114.78992473283846,126.35342105164574,90.0,114.78992473283846
1.620000000000001,-7.2896862742140724,50.0,193.69094211857387,36.35342105164574,90.0,114.78992473283846,53.64657894835426,90.0,245.21007526716153
1.620000000000001,5.19999999999996,50.0,180.0,38.83990151483593,90.0,102.97401263077563,51.16009848516407,90.0,257.02598736922437
1.640000000000001,4.3999999999999595,-50.0,180.0,39.10352666086157,90.0,102.95690871161044,129.10352666086158,90.0,117.95690871161044
1.640000000000001,-6.374239897486849,-50.0,195.41026485551586,35.2286371914859,90.0,116.36955635574651,125.2286371914859,90.0,116.36955635574651
1.640000000000001,-6.374239897486849,50.0,195.41026485551586,35.2286371914859,90.0,116.36955635574651,54.7713628085141,90.0,243.6304436442535
1.640000000000001,4.3999999999999595,50.0,180.0,39.10352666086157,90.0,102.95690871161044,50.89647333913843,90.0,257.0430912883896
1.660000000000001,3.599999999999959,-50.0,180.0,39.36568026511038,90.0,102.9426563430205,129.36568026511037,90.0,117.9426563430205
1.660000000000001,-5.358267949789911,-50.0,196.88655851004037,34.18675241066363,90.00000000000001,117.7519732252911,124.18675241066363,89.99999999999999,117.7519732252911
1.660000000000001,-5.358267949789911,50.0,196.88655851004037,34.18675241066363,90.00000000000001,117.7519732252911,55.81324758933637,90.00000000000001,242.2480267747089
1.660000000000001,3.599999999999959,50.0,180.0,39.36568026511038,90.0,102.9426563430205,50.63431973488962,90.0,257.05734365697947
1.680000000000001,2.799999999999958,-50.0,180.0,39.62635250011848,90.0,102.93125503478953,129.6263525001185,90.0,117.93125503478953
1.680000000000001,-4.257792915650668,-50.0,198.09654104932045,33.24903976508902,90.0,118.90424778547376,123.24903976508902,90.0,118.90424778547376
1.680000000000001,-4.257792915650668,50.0,198.09654104932045,33.24903976508902,90.0,118.90424778547376,56.75096023491098,90.0,241.09575221452624
1.680000000000001,2.799999999999958,50.0,180.0,39.62635250011848,90.0,102.93125503478953,50.37364749988152,90.0,257.0687449652105
1.700000000000001,1.9999999999999574,-50.0,180.0,39.8855334867728,90.0,102.92270439548037,129.8855334867728,90.0,117.92270439548037
1.700000000000001,-3.0901699437494115,-50.0,199.0211303259031,32.43482337717326,90.0,119.79711610919841,122.43482337717326,90.0,119.79711610919841
1.700000000000001,-3.0901699437494115,50.0,199.0211303259031,32.43482337717326,90.0,119.79711610919841,57.56517662282674,90.0,240.2028838908016
1.700000000000001,1.9999999999999574,50.0,180.0,39.8855334867728,90.0,102.92270439548037,50.1144665132272,90.0,257.07729560451963
1.720000000000001,1.1999999999999567,-50.0,180.0,40.143213296960376,90.0,102.91700413194414,130.14321329696037,90.0,117.91700413194414
1.720000000000001,-1.8738131458571796,-50.0,199.6457450145738,31.760610659466174,90.0,120.40665142719575,121.76061065946618,90.0,120.40665142719575
1.720000000000001,-1.8738131458571796,50.0,199.6457450145738,31.760610659466174,90.0,120.40665142719575,58.239389340533826,90.0,239.59334857280425
1.720000000000001,1.1999999999999567,50.0,180.0,40.143213296960376,90.0,102.91700413194414,49.856786703039624,90.0,257.08299586805583
1.740000000000001,0.39999999999995595,-50.0,180.0,40.39938195615321,90.0,102.9141540489525,130.3993819561532,90.0,117.9141540489525
1.740000000000001,-0.6279051952930643,-50.0,199.96053456856544,31.239280013420597,90.00000000000001,120.71584368328784,121.2392800134206,89.99999999999999,120.71584368328784
1.740000000000001,-0.6279051952930643,50.0,199.96053456856544,31.239280013420597,90.00000000000001,120.71584368328784,58.7607199865794,90.00000000000001,239.28415631671214
1.740000000000001,0.39999999999995595,50.0,180.0,40.39938195615321,90.0,102.9141540489525,49.60061804384679,90.0,257.08584595104753
1.7600000000000011,-0.40000000000004476,-50.0,180.0,40.654029445927975,90.0,102.9141540489525,130.65402944592796,90.0,117.9141540489525
1.7600000000000011,0.6279051952932027,-50.0,199.96053456856544,30.879447014827925,90.00000000000001,120.71584368328784,120.87944701482792,89.99999999999999,120.71584368328784
1.7600000000000011,0.6279051952932027,50.0,199.96053456856544,30.879447014827925,90.00000000000001,120.71584368328784,59.120552985172075,90.00000000000001,239.28415631671214
1.7600000000000011,-0.40000000000004476,50.0,180.0,40.654029445927975,90.0,102.9141540489525,49.345970554072025,90.0,257.08584595104753
1.7800000000000011,-1.2000000000000455,-50.0,180.0,40.907145706418426,90.0,102.91700413194414,130.90714570641842,90.0,117.91700413194414
1.7800000000000011,1.873813145857316,-50.0,199.64574501457375,30.68512134737325,90.0,120.4066514271957,120.68512134737325,90.0,120.4066514271957
1.7800000000000011,1.873813145857316,50.0,199.64574501457375,30.68512134737325,90.0,120.4066514271957,59.314878652626746,90.0,239.5933485728043
1.7800000000000011,-1.2000000000000455,50.0,180.0,40.907145706418426,90.0,102.91700413194414,49.092854293581574,90.0,257.08299586805583
1.8000000000000012,-2.000000000000046,-50.0,180.0,41.158720638699776,90.0,102.92270439548037,131.15872063869978,90.0,117.92270439548037
1.8000000000000012,3.0901699437495433,-50.0,199.02113032590302,30.655721134928463,90.0,119.79711610919834,120.65572113492846,90.0,119.79711610919834
1.8000000000000012,3.0901699437495433,50.0,199.02113032590302,30.655721134928463,90.0,119.79711610919834,59.34427886507154,90.0,240.20288389080167
1.8000000000000012,-2.000000000000046,50.0,180.0,41.158720638699776,90.0,102.92270439548037,48.841279361300224,90.0,257.07729560451963
1.8200000000000012,-2.800000000000047,-50.0,180.0,41.40874410710347,90.0,102.93125503478953,131.40874410710347,90.0,117.93125503478953
1.8200000000000012,4.257792915650792,-50.0,198.09654104932034,30.78644242053428,90.0,118.90424778547366,120.78644242053429,90.0,118.90424778547366
1.8200000000000012,4.257792915650792,50.0,198.09654104932034,30.78644242053428,90.0,118.90424778547366,59.21355757946572,90.0,241.09575221452633
1.8200000000000012,-2.800000000000047,50.0,180.0,41.40874410710347,90.0,102.93125503478953,48.59125589289653,90.0,257.0687449652105
1.8400000000000012,-3.6000000000000476,-50.0,180.0,41.65720594146059,90.0,102.9426563430205,131.65720594146057,90.0,117.9426563430205
1.8400000000000012,5.3582679497900285,-50.0,196.88655851004023,31.06891257773929,90.0,117.75197322529097,121.0689125777393,90.0,117.75197322529097
1.8400000000000012,5.3582679497900285,50.0,196.88655851004023,31.06891257773929,90.0,117.75197322529097,58.93108742226071,90.0,242.24802677470905
1.8400000000000012,-3.6000000000000476,50.0,180.0,41.65720594146059,90.0,102.9426563430205,48.34279405853941,90.0,257.05734365697947
1.8600000000000012,-4.400000000000048,-50.0,180.0,41.904095939272864,90.0,102.95690871161044,131.90409593927285,90.0,117.95690871161044
1.8600000000000012,6.374239897486955,-50.0,195.4102648555157,31.492010661341254,90.0,116.36955635574638,121.49201066134125,90.0,116.36955635574638
1.8600000000000012,6.374239897486955,50.0,195.4102648555157,31.492010661341254,90.0,116.36955635574638,58.507989338658746,90.0,243.6304436442536
1.8600000000000012,-4.400000000000048,50.0,180.0,41.904095939272864,90.0,102.95690871161044,48.095904060727136,90.0,257.0430912883896
1.8800000000000012,-5.200000000000049,-50.0,180.0,42.149403867809575,90.0,102.97401263077563,132.14940386780958,90.0,117.97401263077563
1.8800000000000012,7.2896862742141675,-50.0,193.69094211857367,32.04272671276744,90.00000000000001,114.78992473283826,122.04272671276743,89.99999999999999,114.78992473283826
1.8800000000000012,7.2896862742141675,50.0,193.69094211857367,32.04272671276744,90.00000000000001,114.78992473283826,57.95727328723256,90.00000000000001,245.21007526716176
1.8800000000000012,-5.200000000000049,50.0,180.0,42.149403867809575,90.0,102.97401263077563,47.850596132190425,90.0,257.02598736922437
1.9000000000000012,-6.00000000000005,-50.0,180.0,42.393119466128496,90.0,102.99396869012568,132.3931194661285,90.0,117.99396869012568
1.9000000000000012,8.09016994374952,-50.0,191.75570504584934,32.70695208118208,90.0,113.04810487208147,122.70695208118208,90.0,113.04810487208147
1.9000000000000012,8.09016994374952,50.0,191.75570504584934,32.70695208118208,90.0,113.04810487208147,57.29304791881792,90.0,246.95189512791853
1.9000000000000012,-6.00000000000005,50.0,180.0,42.393119466128496,90.0,102.99396869012568,47.606880533871504,90.0,257.0060313098743
1.9200000000000013,-6.8000000000000504,-50.0,180.0,42.63523244702001,90.0,103.0167775794013,132.63523244702,90.0,118.0167775794013
1.9200000000000013,8.763066800438672,-50.0,189.63507348203416,33.47013007485922,90.0,111.17989769383146,123.47013007485921,90.0,111.17989769383146
1.9200000000000013,8.763066800438672,50.0,189.63507348203416,33.47013007485922,90.0,111.17989769383146,56.52986992514078,90.0,248.82010230616854
1.9200000000000013,-6.8000000000000504,50.0,180.0,42.63523244702001,90.0,103.0167775794013,47.36476755297999,90.0,256.9832224205987
1.9400000000000013,-7.600000000000051,-50.0,180.0,42.87573249887194,90.0,103.04244008933651,132.87573249887194,90.0,118.04244008933651
1.9400000000000013,9.297764858882543,-50.0,187.36249105369342,34.3177356049816,90.0,109.22084993498912,124.3177356049816,90.0,109.22084993498912
1.9400000000000013,9.297764858882543,50.0,187.36249105369342,34.3177356049816,90.0,109.22084993498912,55.6822643950184,90.0,250.77915006501087
1.9400000000000013,-7.600000000000051,50.0,180.0,42.87573249887194,90.0,103.04244008933651,47.12426750112806,90.0,256.95755991066346
1.9600000000000013,-8.400000000000052,-50.0,180.0,43.1146092874541,90.0,103.07095711264556,133.1146092874541,90.0,118.07095711264556
1.9600000000000013,9.68583161128633,-50.0,184.97379774329693,35.23558380599779,90.00000000000001,107.20551775926744,125.23558380599779,89.99999999999999,107.20551775926744
1.9600000000000013,9.68583161128633,50.0,184.97379774329693,35.23558380599779,90.00000000000001,107.20551775926744,54.76441619400221,90.00000000000001,252.79448224073258
1.9600000000000013,-8.400000000000052,50.0,180.0,43.1146092874541,90.0,103.07095711264556,46.8853907125459,90.0,256.92904288735446
1.9800000000000013,-9.200000000000053,-50.0,180.0,43.35185245762057,90.0,103.10232964513547,133.35185245762057,90.0,118.10232964513547
1.9800000000000013,9.92114701314479,-50.0,182.50666467128593,36.20998733765284,90.0,105.16698203823192,126.20998733765285,90.0,105.16698203823192
1.9800000000000013,9.92114701314479,50.0,182.50666467128593,36.20998733765284,90.0,105.16698203823192,53.79001266234716,90.0,254.83301796176806
1.9800000000000013,-9.200000000000053,50.0,180.0,43.35185245762057,90.0,103.10232964513547,46.64814754237943,90.0,256.89767035486454
2.0000000000000013,-10.0,-50.0,180.00000000000017,43.587451634927916,90.0,103.136558786945,133.5874516349279,90.0,118.136558786945
2.0000000000000013,9.999999999999947,-50.0,180.0,37.227791395199546,90.0,103.13655878694486,127.22779139519955,90.0,103.13655878694486
2.0000000000000013,9.999999999999947,50.0,180.0,37.227791395199546,90.0,103.13655878694486,52.772208604800454,90.0,256.8634412130551
2.0000000000000013,-10.0,50.0,180.00000000000017,43.587451634927916,90.0,103.136558786945,46.412548365072084,90.0,256.863441213055
2.0200000000000014,-9.921147013144768,-50.0,182.50666467128625,42.433112600993475,90.0,105.16698203823219,132.43311260099347,90.0,120.16698203823219
2.0200000000000014,9.199999999999946,-50.0,180.0,37.50004265694392,90.0,103.10232964513547,127.50004265694392,90.0,103.10232964513547
2.0200000000000014,9.199999999999946,50.0,180.0,37.50004265694392,90.0,103.10232964513547,52.49995734305608,90.0,256.89767035486454
2.0200000000000014,-9.921147013144768,50.0,182.50666467128625,42.433112600993475,90.0,105.16698203823219,47.566887399006525,90.0,254.8330179617678
2.0400000000000014,-9.68583161128629,-50.0,184.97379774329727,41.23049657133998,90.0,107.20551775926774,131.23049657133998,90.0,122.20551775926774
2.0400000000000014,8.399999999999945,-50.0,180.0,37.770880100908926,90.0,103.07095711264556,127.77088010090893,90.0,103.07095711264556
2.0400000000000014,8.399999999999945,50.0,180.0,37.770880100908926,90.0,103.07095711264556,52.229119899091074,90.0,256.92904288735446
2.0400000000000014,-9.68583161128629,50.0,184.97379774329727,41.23049657133998,90.0,107.20551775926774,48.76950342866002,90.0,252.79448224073226
2.0600000000000014,-9.297764858882482,-50.0,187.36249105369373,39.99962033115552,90.0,109.22084993498942,129.9996203311555,90.0,124.22084993498942
2.0600000000000014,7.599999999999945,-50.0,180.0,38.04029426860826,90.0,103.04244008933651,128.04029426860825,90.0,103.04244008933651
2.0600000000000014,7.599999999999945,50.0,180.0,38.04029426860826,90.0,103.04244008933651,51.95970573139174,90.0,256.95755991066346
2.0600000000000014,-9.297764858882482,50.0,187.36249105369373,39.99962033115552,90.0,109.22084993498942,50.00037966884448,90.0,250.77915006501058
2.0800000000000014,-8.763066800438594,-50.0,189.63507348203447,38.76165984777251,90.0,111.1798976938317,128.7616598477725,90.0,126.1798976938317
2.0800000000000014,6.799999999999944,-50.0,180.0,38.30827563272776,90.0,103.01677757940129,128.30827563272777,90.0,103.01677757940129
2.0800000000000014,6.799999999999944,50.0,180.0,38.30827563272776,90.0,103.01677757940129,51.69172436727224,90.0,256.98322242059874
2.0800000000000014,-8.763066800438594,50.0,189.63507348203447,38.76165984777251,90.0,111.1798976938317,51.23834015222749,90.0,248.82010230616828
2.1000000000000014,-8.090169943749423,-50.0,191.7557050458496,37.538702542544335,90.0,113.04810487208167,127.53870254254434,90.0,128.04810487208167
2.1000000000000014,5.999999999999943,-50.0,180.0,38.574814600135745,90.0,102.99396869012568,128.57481460013574,90.0,102.99396869012568
2.1000000000000014,5.999999999999943,50.0,180.0,38.574814600135745,90.0,102.99396869012568,51.425185399864255,90.0,257.0060313098743
2.1000000000000014,-8.090169943749423,50.0,191.7557050458496,37.538702542544335,90.0,113.04810487208167,52.461297457455665,90.0,246.95189512791833
2.1200000000000014,-7.289686274214054,-50.0,193.6909421185739,36.35342105164573,90.0,114.78992473283846,126.35342105164574,90.0,129.78992473283847
2.1200000000000014,5.1999999999999424,-50.0,180.0,38.83990151483594,90.0,102.97401263077563,128.83990151483593,90.0,102.97401263077563
2.1200000000000014,5.1999999999999424,50.0,180.0,38.83990151483594,90.0,102.97401263077563,51.16009848516406,90.0,257.02598736922437
2.1200000000000014,-7.289686274214054,50.0,193.6909421185739,36.35342105164573,90.0,114.78992473283846,53.64657894835427,90.0,245.21007526716153
2.1400000000000015,-6.374239897486827,-50.0,195.4102648555159,35.22863719148586,90.0,116.36955635574655,125.22863719148586,90.0,131.36955635574657
2.1400000000000015,4.399999999999942,-50.0,180.0,39.103526660861576,90.0,102.95690871161044,129.10352666086158,90.0,102.95690871161044
2.1400000000000015,4.399999999999942,50.0,180.0,39.103526660861576,90.0,102.95690871161044,50.896473339138424,90.0,257.0430912883896
2.1400000000000015,-6.374239897486827,50.0,195.4102648555159,35.22863719148586,90.0,116.36955635574655,54.77136280851414,90.0,243.63044364425343
2.1600000000000015,-5.358267949789889,-50.0,196.8865585100404,34.1867524106636,90.00000000000001,117.75197322529115,124.1867524106636,89.99999999999999,132.75197322529115
2.1600000000000015,3.599999999999941,-50.0,180.0,39.365680265110385,90.0,102.9426563430205,129.36568026511037,90.0,102.9426563430205
2.1600000000000015,3.599999999999941,50.0,180.0,39.365680265110385,90.0,102.9426563430205,50.634319734889615,90.0,257.05734365697947
2.1600000000000015,-5.358267949789889,50.0,196.8865585100404,34.1867524106636,90.00000000000001,117.75197322529115,55.8132475893364,90.00000000000001,242.24802677470885
2.1800000000000015,-4.257792915650642,-50.0,198.09654104932048,33.24903976508901,90.0,118.90424778547379,123.24903976508901,90.0,133.90424778547379
2.1800000000000015,2.7999999999999403,-50.0,180.0,39.626352500118486,90.0,102.93125503478953,129.6263525001185,90.0,102.93125503478953
2.1800000000000015,2.7999999999999403,50.0,180.0,39.626352500118486,90.0,102.93125503478953,50.373647499881514,90.0,257.0687449652105
2.1800000000000015,-4.257792915650642,50.0,198.09654104932048,33.24903976508901,90.0,118.90424778547379,56.75096023491099,90.0,241.09575221452621
2.2000000000000015,-3.090169943749384,-50.0,199.02113032590313,32.434823377173245,90.00000000000001,119.79711610919844,122.43482337717325,89.99999999999999,134.79711610919844
2.2000000000000015,1.9999999999999396,-50.0,180.0,39.88553348677281,90.0,102.92270439548037,129.8855334867728,90.0,102.92270439548037
2.2000000000000015,1.9999999999999396,50.0,180.0,39.88553348677281,90.0,102.92270439548037,50.11446651322719,90.0,257.07729560451963
2.2000000000000015,-3.090169943749384,50.0,199.02113032590313,32.434823377173245,90.00000000000001,119.79711610919844,57.565176622826755,90.00000000000001,240.20288389080156
2.2200000000000015,-1.8738131458571536,-50.0,199.6457450145738,31.76061065946616,90.0,120.40665142719575,121.76061065946615,90.0,135.40665142719575
2.2200000000000015,1.199999999999939,-50.0,180.0,40.14321329696038,90.0,102.91700413194414,130.14321329696037,90.0,102.91700413194414
2.2200000000000015,1.199999999999939,50.0,180.0,40.14321329696038,90.0,102.91700413194414,49.85678670303962,90.0,257.08299586805583
2.2200000000000015,-1.8738131458571536,50.0,199.6457450145738,31.76061065946616,90.0,120.40665142719575,58.23938934053384,90.0,239.59334857280425
2.2400000000000015,-0.6279051952930377,-50.0,199.96053456856544,31.239280013420593,90.00000000000001,120.71584368328784,121.2392800134206,89.99999999999999,135.71584368328786
2.2400000000000015,0.3999999999999382,-50.0,180.0,40.39938195615322,90.0,102.9141540489525,130.3993819561532,90.0,102.9141540489525
2.2400000000000015,0.3999999999999382,50.0,180.0,40.39938195615322,90.0,102.9141540489525,49.60061804384678,90.0,257.08584595104753
2.2400000000000015,-0.6279051952930377,50.0,199.96053456856544,31.239280013420593,90.00000000000001,120.71584368328784,58.7607199865794,90.00000000000001,239.28415631671214
2.2600000000000016,0.6279051952932315,-50.0,199.9605345685654,30.879447014827925,90.0,120.71584368328784,120.87944701482792,90.0,135.71584368328786
2.2600000000000016,-0.40000000000006253,-50.0,180.0,40.65402944592798,90.0,102.9141540489525,130.654029445928,90.0,102.9141540489525
2.2600000000000016,-0.40000000000006253,50.0,180.0,40.65402944592798,90.0,102.9141540489525,49.34597055407202,90.0,257.08584595104753
2.2600000000000016,0.6279051952932315,50.0,199.9605345685654,30.879447014827925,90.0,120.71584368328784,59.120552985172075,90.0,239.28415631671214
2.2800000000000016,1.8738131458573442,-50.0,199.64574501457375,30.685121347373244,90.0,120.4066514271957,120.68512134737324,90.0,135.4066514271957
2.2800000000000016,-1.2000000000000632,-50.0,180.0,40.907145706418426,90.0,102.91700413194414,130.90714570641842,90.0,102.91700413194414
2.2800000000000016,-1.2000000000000632,50.0,180.0,40.907145706418426,90.0,102.91700413194414,49.092854293581574,90.0,257.08299586805583
2.2800000000000016,1.8738131458573442,50.0,199.64574501457375,30.685121347373244,90.0,120.4066514271957,59.31487865262676,90.0,239.5933485728043
2.3000000000000016,3.090169943749568,-50.0,199.02113032590302,30.65572113492846,90.0,119.79711610919834,120.65572113492846,90.0,134.79711610919833
2.3000000000000016,-2.000000000000064,-50.0,180.0,41.158720638699776,90.0,102.92270439548037,131.15872063869978,90.0,102.92270439548037
2.3000000000000016,-2.000000000000064,50.0,180.0,41.158720638699776,90.0,102.92270439548037,48.841279361300224,90.0,257.07729560451963
2.3000000000000016,3.090169943749568,50.0,199.02113032590302,30.65572113492846,90.0,119.79711610919834,59.344278865071544,90.0,240.20288389080167
2.3200000000000016,4.257792915650816,-50.0,198.0965410493203,30.786442420534286,90.0,118.90424778547363,120.78644242053429,90.0,133.90424778547361
2.3200000000000016,-2.8000000000000647,-50.0,180.0,41.40874410710348,90.0,102.93125503478953,131.40874410710347,90.0,102.93125503478953
2.3200000000000016,-2.8000000000000647,50.0,180.0,41.40874410710348,90.0,102.93125503478953,48.59125589289652,90.0,257.0687449652105
2.3200000000000016,4.257792915650816,50.0,198.0965410493203,30.786442420534286,90.0,118.90424778547363,59.213557579465714,90.0,241.09575221452639
2.3400000000000016,5.358267949790051,-50.0,196.8865585100402,31.06891257773929,90.00000000000001,117.75197322529094,121.0689125777393,89.99999999999999,132.75197322529095
2.3400000000000016,-3.6000000000000654,-50.0,180.0,41.657205941460596,90.0,102.9426563430205,131.6572059414606,90.0,102.9426563430205
2.3400000000000016,-3.6000000000000654,50.0,180.0,41.657205941460596,90.0,102.9426563430205,48.342794058539404,90.0,257.05734365697947
2.3400000000000016,5.358267949790051,50.0,196.8865585100402,31.06891257773929,90.00000000000001,117.75197322529094,58.93108742226071,90.00000000000001,242.24802677470905
2.3600000000000017,6.3742398974869765,-50.0,195.41026485551566,31.49201066134127,90.0,116.36955635574633,121.49201066134127,90.0,131.36955635574634
2.3600000000000017,-4.400000000000066,-50.0,180.0,41.90409593927287,90.0,102.95690871161044,131.90409593927288,90.0,102.95690871161044
2.3600000000000017,-4.400000000000066,50.0,180.0,41.90409593927287,90.0,102.95690871161044,48.09590406072713,90.0,257.0430912883896
2.3600000000000017,6.3742398974869765,50.0,195.41026485551566,31.49201066134127,90.0,116.36955635574633,58.50798933865873,90.0,243.63044364425366
2.3800000000000017,7.289686274214187,-50.0,193.69094211857362,32.04272671276746,90.0,114.7899247328382,122.04272671276746,90.0,129.7899247328382
2.3800000000000017,-5.200000000000067,-50.0,180.0,42.14940386780958,90.0,102.97401263077563,132.14940386780958,90.0,102.97401263077563
2.3800000000000017,-5.200000000000067,50.0,180.0,42.14940386780958,90.0,102.97401263077563,47.85059613219042,90.0,257.02598736922437
2.3800000000000017,7.289686274214187,50.0,193.69094211857362,32.04272671276746,90.0,114.7899247328382,57.95727328723254,90.0,245.2100752671618
2.4000000000000017,8.090169943749537,-50.0,191.75570504584928,32.70695208118209,90.0,113.04810487208141,122.7069520811821,90.0,128.0481048720814
2.4000000000000017,-6.0000000000000675,-50.0,180.0,42.3931194661285,90.0,102.99396869012568,132.3931194661285,90.0,102.99396869012568
2.4000000000000017,-6.0000000000000675,50.0,180.0,42.3931194661285,90.0,102.99396869012568,47.6068805338715,90.0,257.0060313098743
2.4000000000000017,8.090169943749537,50.0,191.75570504584928,32.70695208118209,90.0,113.04810487208141,57.29304791881791,90.0,246.9518951279186
2.4200000000000017,8.763066800438688,-50.0,189.63507348203413,33.47013007485923,90.0,111.17989769383142,123.47013007485923,90.0,126.17989769383142
2.4200000000000017,-6.800000000000068,-50.0,180.0,42.635232447020016,90.0,103.0167775794013,132.63523244702003,90.0,103.0167775794013
2.4200000000000017,-6.800000000000068,50.0,180.0,42.635232447020016,90.0,103.0167775794013,47.364767552979984,90.0,256.9832224205987
2.4200000000000017,8.763066800438688,50.0,189.63507348203413,33.47013007485923,90.0,111.17989769383142,56.52986992514077,90.0,248.82010230616856
2.4400000000000017,9.297764858882555,-50.0,187.36249105369336,34.317735604981614,90.0,109.22084993498908,124.3177356049816,90.0,124.22084993498908
2.4400000000000017,-7.600000000000069,-50.0,180.0,42.87573249887195,90.0,103.04244008933651,132.87573249887194,90.0,103.04244008933651
2.4400000000000017,-7.600000000000069,50.0,180.0,42.87573249887195,90.0,103.04244008933651,47.12426750112805,90.0,256.95755991066346
2.4400000000000017,9.297764858882555,50.0,187.36249105369336,34.317735604981614,90.0,109.22084993498908,55.682264395018386,90.0,250.77915006501092
2.4600000000000017,9.685831611286337,-50.0,184.9737977432969,35.23558380599779,90.0,107.20551775926744,125.23558380599779,90.0,122.20551775926744
2.4600000000000017,-8.40000000000007,-50.0,180.0,43.11460928745411,90.0,103.07095711264556,133.1146092874541,90.0,103.07095711264556
2.4600000000000017,-8.40000000000007,50.0,180.0,43.11460928745411,90.0,103.07095711264556,46.88539071254589,90.0,256.92904288735446
2.4600000000000017,9.685831611286337,50.0,184.9737977432969,35.23558380599779,90.0,107.20551775926744,54.76441619400221,90.0,252.79448224073258
2.4800000000000018,9.921147013144791,-50.0,182.50666467128588,36.20998733765286,90.0,105.16698203823186,126.20998733765286,90.0,120.16698203823186
2.4800000000000018,-9.20000000000007,-50.0,180.0,43.351852457620566,90.0,103.10232964513548,133.35185245762057,90.0,103.10232964513548
2.4800000000000018,-9.20000000000007,50.0,180.0,43.351852457620566,90.0,103.10232964513548,46.648147542379434,90.0,256.89767035486454
2.4800000000000018,9.921147013144791,50.0,182.50666467128588,36.20998733765286,90.0,105.16698203823186,53.79001266234714,90.0,254.83301796176812
2.5000000000000018,9.999999999999929,-50.0,180.0,37.22779139519955,90.0,103.13655878694486,127.22779139519955,90.0,118.13655878694486
2.5000000000000018,-10.0,-50.0,180.00000000000023,43.58745163492789,90.00000000000001,103.13655878694506,133.5874516349279,89.99999999999999,103.13655878694506
2.5000000000000018,-10.0,50.0,180.00000000000023,43.58745163492789,90.00000000000001,103.13655878694506,46.41254836507211,90.00000000000001,256.86344121305495
2.5000000000000018,9.999999999999929,50.0,180.0,37.22779139519955,90.0,103.13655878694486,52.77220860480045,90.0,256.8634412130551
2.520000000000002,9.199999999999928,-50.0,180.0,37.500042656943926,90.0,103.10232964513547,127.50004265694392,90.0,118.10232964513547
2.520000000000002,-9.921147013144765,-50.0,182.5066646712863,42.43311260099344,90.00000000000001,105.16698203823223,132.43311260099344,89.99999999999999,105.16698203823223
2.520000000000002,-9.921147013144765,50.0,182.5066646712863,42.43311260099344,90.00000000000001,105.16698203823223,47.56688739900656,90.00000000000001,254.83301796176778
2.520000000000002,9.199999999999928,50.0,180.0,37.500042656943926,90.0,103.10232964513547,52.499957343056074,90.0,256.89767035486454
2.540000000000002,8.399999999999928,-50.0,180.0,37.77088010090893,90.0,103.07095711264556,127.77088010090893,90.0,118.07095711264556
2.540000000000002,-9.685831611286282,-50.0,184.97379774329733,41.23049657133996,90.0,107.20551775926776,131.23049657133996,90.0,107.20551775926776
2.540000000000002,-9.685831611286282,50.0,184.97379774329733,41.23049657133996,90.0,107.20551775926776,48.76950342866004,90.0,252.79448224073224
2.540000000000002,8.399999999999928,50.0,180.0,37.77088010090893,90.0,103.07095711264556,52.22911989909107,90.0,256.92904288735446
2.560000000000002,7.599999999999927,-50.0,180.0,38.040294268608264,90.0,103.04244008933651,128.04029426860825,90.0,118.04244008933651
2.560000000000002,-9.297764858882472,-50.0,187.36249105369376,39.999620331155505,90.0,109.22084993498943,129.9996203311555,90.0,109.22084993498943
2.560000000000002,-9.297764858882472,50.0,187.36249105369376,39.999620331155505,90.0,109.22084993498943,50.000379668844495,90.0,250.77915006501058
2.560000000000002,7.599999999999927,50.0,180.0,38.040294268608264,90.0,103.04244008933651,51.959705731391736,90.0,256.95755991066346
2.580000000000002,6.799999999999926,-50.0,180.0,38.308275632727764,90.0,103.01677757940129,128.30827563272777,90.0,118.01677757940129
2.580000000000002,-8.76306680043858,-50.0,189.6350734820345,38.76165984777251,90.0,111.17989769383172,128.7616598477725,90.0,111.17989769383172
2.580000000000002,-8.76306680043858,50.0,189.6350734820345,38.76165984777251,90.0,111.17989769383172,51.23834015222749,90.0,248.82010230616828
2.580000000000002,6.799999999999926,50.0,180.0,38.308275632727764,90.0,103.01677757940129,51.691724367272236,90.0,256.98322242059874
2.600000000000002,5.999999999999925,-50.0,180.0,38.57481460013575,90.0,102.99396869012568,128.57481460013577,90.0,117.99396869012568
2.600000000000002,-8.090169943749405,-50.0,191.75570504584965,37.5387025425443,90.0,113.04810487208172,127.5387025425443,90.0,113.04810487208172
2.600000000000002,-8.090169943749405,50.0,191.75570504584965,37.5387025425443,90.0,113.04810487208172,52.4612974574557,90.0,246.95189512791828
2.600000000000002,5.999999999999925,50.0,180.0,38.57481460013575,90.0,102.99396869012568,51.42518539986425,90.0,257.0060313098743
2.620000000000002,5.199999999999925,-50.0,180.0,38.83990151483594,90.0,102.97401263077563,128.83990151483593,90.0,117.97401263077563
2.620000000000002,-7.289686274214034,-50.0,193.69094211857396,36.353421051645704,90.0,114.78992473283851,126.35342105164571,90.0,114.78992473283851
2.620000000000002,-7.289686274214034,50.0,193.69094211857396,36.353421051645704,90.0,114.78992473283851,53.646578948354296,90.0,245.21007526716147
2.620000000000002,5.199999999999925,50.0,180.0,38.83990151483594,90.0,102.97401263077563,51.16009848516406,90.0,257.02598736922437
2.640000000000002,4.399999999999924,-50.0,180.0,39.10352666086158,90.0,102.95690871161044,129.10352666086158,90.0,117.95690871161044
2.640000000000002,-6.374239897486805,-50.0,195.41026485551595,35.228637191485824,90.00000000000001,116.36955635574661,125.22863719148583,89.99999999999999,116.36955635574661
2.640000000000002,-6.374239897486805,50.0,195.41026485551595,35.228637191485824,90.00000000000001,116.36955635574661,54.771362808514176,90.00000000000001,243.63044364425338
2.640000000000002,4.399999999999924,50.0,180.0,39.10352666086158,90.0,102.95690871161044,50.89647333913842,90.0,257.0430912883896
2.660000000000002,3.5999999999999233,-50.0,180.0,39.36568026511039,90.0,102.9426563430205,129.3656802651104,90.0,117.9426563430205
2.660000000000002,-5.358267949789864,-50.0,196.88655851004043,34.186752410663594,90.0,117.75197322529115,124.18675241066359,90.0,117.75197322529115
2.660000000000002,-5.358267949789864,50.0,196.88655851004043,34.186752410663594,90.0,117.75197322529115,55.813247589336406,90.0,242.24802677470885
2.660000000000002,3.5999999999999233,50.0,180.0,39.36568026511039,90.0,102.9426563430205,50.63431973488961,90.0,257.05734365697947
2.680000000000002,2.7999999999999226,-50.0,180.0,39.62635250011849,90.0,102.93125503478953,129.6263525001185,90.0,117.93125503478953
2.680000000000002,-4.257792915650616,-50.0,198.09654104932048,33.249039765089,90.0,118.90424778547379,123.24903976508901,90.0,118.90424778547379
2.680000000000002,-4.257792915650616,50.0,198.09654104932048,33.249039765089,90.0,118.90424778547379,56.750960234911,90.0,241.09575221452621
2.680000000000002,2.7999999999999226,50.0,180.0,39.62635250011849,90.0,102.93125503478953,50.37364749988151,90.0,257.0687449652105
2.700000000000002,1.9999999999999218,-50.0,180.0,39.885533486772815,90.0,102.92270439548037,129.88553348677283,90.0,117.92270439548037
2.700000000000002,-3.0901699437493586,-50.0,199.02113032590316,32.43482337717321,90.00000000000001,119.7971161091985,122.43482337717322,89.99999999999999,119.7971161091985
2.700000000000002,-3.0901699437493586,50.0,199.02113032590316,32.43482337717321,90.00000000000001,119.7971161091985,57.56517662282679,90.00000000000001,240.2028838908015
2.700000000000002,1.9999999999999218,50.0,180.0,39.885533486772815,90.0,102.92270439548037,50.114466513227185,90.0,257.07729560451963
2.720000000000002,1.1999999999999211,-50.0,180.0,40.14321329696038,90.0,102.91700413194414,130.14321329696037,90.0,117.91700413194414
2.720000000000002,-1.873813145857125,-50.0,199.64574501457383,31.760610659466153,90.0,120.40665142719575,121.76061065946615,90.0,120.40665142719575
2.720000000000002,-1.873813145857125,50.0,199.64574501457383,31.760610659466153,90.0,120.40665142719575,58.23938934053385,90.0,239.59334857280425
2.720000000000002,1.1999999999999211,50.0,180.0,40.14321329696038,90.0,102.91700413194414,49.85678670303962,90.0,257.08299586805583
2.740000000000002,0.3999999999999204,-50.0,180.0,40.39938195615323,90.0,102.9141540489525,130.39938195615323,90.0,117.9141540489525
2.740000000000002,-0.627905195293009,-50.0,199.96053456856544,31.23928001342058,90.00000000000001,120.71584368328784,121.23928001342058,89.99999999999999,120.71584368328784
2.740000000000002,-0.627905195293009,50.0,199.96053456856544,31.23928001342058,90.00000000000001,120.71584368328784,58.76071998657942,90.00000000000001,239.28415631671214
2.740000000000002,0.3999999999999204,50.0,180.0,40.39938195615323,90.0,102.9141540489525,49.60061804384677,90.0,257.08584595104753
2.760000000000002,-0.4000000000000803,-50.0,180.0,40.65402944592799,90.0,102.9141540489525,130.654029445928,90.0,117.9141540489525
2.760000000000002,0.6279051952932581,-50.0,199.9605345685654,30.879447014827914,90.0,120.71584368328784,120.87944701482792,90.0,120.71584368328784
2.760000000000002,0.6279051952932581,50.0,199.9605345685654,30.879447014827914,90.0,120.71584368328784,59.12055298517208,90.0,239.28415631671214
2.760000000000002,-0.4000000000000803,50.0,180.0,40.65402944592799,90.0,102.9141540489525,49.34597055407201,90.0,257.08584595104753
2.780000000000002,-1.200000000000081,-50.0,180.0,40.90714570641843,90.0,102.91700413194414,130.90714570641842,90.0,117.91700413194414
2.780000000000002,1.8738131458573704,-50.0,199.64574501457372,30.685121347373276,90.00000000000001,120.40665142719563,120.68512134737327,89.99999999999999,120.40665142719563
2.780000000000002,1.8738131458573704,50.0,199.64574501457372,30.685121347373276,90.00000000000001,120.40665142719563,59.314878652626724,90.00000000000001,239.59334857280436
2.780000000000002,-1.200000000000081,50.0,180.0,40.90714570641843,90.0,102.91700413194414,49.09285429358157,90.0,257.08299586805583
2.800000000000002,-2.0000000000000817,-50.0,180.0,41.15872063869978,90.0,102.92270439548037,131.15872063869978,90.0,117.92270439548037
2.800000000000002,3.090169943749596,-50.0,199.021130325903,30.655721134928463,90.0,119.79711610919831,120.65572113492846,90.0,119.79711610919831
2.800000000000002,3.090169943749596,50.0,199.021130325903,30.655721134928463,90.0,119.79711610919831,59.34427886507154,90.0,240.20288389080167
2.800000000000002,-2.0000000000000817,50.0,180.0,41.15872063869978,90.0,102.92270439548037,48.84127936130022,90.0,257.07729560451963
2.820000000000002,-2.8000000000000824,-50.0,180.0,41.40874410710349,90.0,102.93125503478953,131.40874410710347,90.0,117.93125503478953
2.820000000000002,4.257792915650843,-50.0,198.09654104932028,30.786442420534303,90.0,118.90424778547359,120.7864424205343,90.0,118.90424778547359
2.820000000000002,4.257792915650843,50.0,198.09654104932028,30.786442420534303,90.0,118.90424778547359,59.2135575794657,90.0,241.0957522145264
2.820000000000002,-2.8000000000000824,50.0,180.0,41.40874410710349,90.0,102.93125503478953,48.59125589289651,90.0,257.0687449652105
2.840000000000002,-3.600000000000083,-50.0,180.0,41.657205941460596,90.0,102.9426563430205,131.6572059414606,90.0,117.9426563430205
2.840000000000002,5.358267949790077,-50.0,196.88655851004017,31.068912577739297,90.0,117.7519732252909,121.0689125777393,90.0,117.7519732252909
2.840000000000002,5.358267949790077,50.0,196.88655851004017,31.068912577739297,90.0,117.7519732252909,58.9310874222607,90.0,242.2480267747091
2.840000000000002,-3.600000000000083,50.0,180.0,41.657205941460596,90.0,102.9426563430205,48.342794058539404,90.0,257.05734365697947
2.860000000000002,-4.400000000000084,-50.0,180.0,41.90409593927288,90.0,102.95690871161044,131.90409593927288,90.0,117.95690871161044
2.860000000000002,6.374239897486996,-50.0,195.4102648555156,31.492010661341293,90.0,116.36955635574627,121.4920106613413,90.0,116.36955635574627
2.860000000000002,6.374239897486996,50.0,195.4102648555156,31.492010661341293,90.0,116.36955635574627,58.5079893386587,90.0,243.63044364425372
2.860000000000002,-4.400000000000084,50.0,180.0,41.90409593927288,90.0,102.95690871161044,48.09590406072712,90.0,257.0430912883896
2.880000000000002,-5.2000000000000846,-50.0,180.0,42.14940386780958,90.0,102.97401263077563,132.14940386780958,90.0,117.97401263077563
2.880000000000002,7.289686274214205,-50.0,193.6909421185736,32.042726712767454,90.0,114.7899247328382,122.04272671276746,90.0,114.7899247328382
2.880000000000002,7.289686274214205,50.0,193.6909421185736,32.042726712767454,90.0,114.7899247328382,57.957273287232546,90.0,245.2100752671618
2.880000000000002,-5.2000000000000846,50.0,180.0,42.14940386780958,90.0,102.97401263077563,47.85059613219042,90.0,257.02598736922437
2.900000000000002,-6.000000000000085,-50.0,180.0,42.39311946612851,90.0,102.99396869012568,132.3931194661285,90.0,117.99396869012568
2.900000000000002,8.090169943749553,-50.0,191.75570504584925,32.706952081182116,90.0,113.04810487208137,122.70695208118212,90.0,113.04810487208137
2.900000000000002,8.090169943749553,50.0,191.75570504584925,32.706952081182116,90.0,113.04810487208137,57.293047918817884,90.0,246.95189512791865
2.900000000000002,-6.000000000000085,50.0,180.0,42.39311946612851,90.0,102.99396869012568,47.60688053387149,90.0,257.0060313098743
2.920000000000002,-6.800000000000086,-50.0,180.0,42.63523244702002,90.0,103.0167775794013,132.63523244702003,90.0,118.0167775794013
2.920000000000002,8.7630668004387,-50.0,189.63507348203407,33.470130074859256,90.0,111.17989769383136,123.47013007485926,90.0,111.17989769383136
2.920000000000002,8.7630668004387,50.0,189.63507348203407,33.470130074859256,90.0,111.17989769383136,56.529869925140744,90.0,248.82010230616862
2.920000000000002,-6.800000000000086,50.0,180.0,42.63523244702002,90.0,103.0167775794013,47.36476755297998,90.0,256.9832224205987
2.940000000000002,-7.600000000000087,-50.0,180.0,42.875732498871955,90.0,103.04244008933651,132.87573249887197,90.0,118.04244008933651
2.940000000000002,9.297764858882564,-50.0,187.3624910536933,34.317735604981635,90.0,109.22084993498905,124.31773560498164,90.0,109.22084993498905
2.940000000000002,9.297764858882564,50.0,187.3624910536933,34.317735604981635,90.0,109.22084993498905,55.682264395018365,90.0,250.77915006501095
2.940000000000002,-7.600000000000087,50.0,180.0,42.875732498871955,90.0,103.04244008933651,47.124267501128045,90.0,256.95755991066346
2.960000000000002,-8.400000000000087,-50.0,180.0,43.114609287454115,90.0,103.07095711264556,133.11460928745413,90.0,118.07095711264556
2.960000000000002,9.685831611286345,-50.0,184.97379774329684,35.235583805997805,90.0,107.2055177592674,125.2355838059978,90.0,107.2055177592674
2.960000000000002,9.685831611286345,50.0,184.97379774329684,35.235583805997805,90.0,107.2055177592674,54.764416194002195,90.0,252.7944822407326
2.960000000000002,-8.400000000000087,50.0,180.0,43.114609287454115,90.0,103.07095711264556,46.885390712545885,90.0,256.92904288735446
2.980000000000002,-9.200000000000088,-50.0,180.0,43.351852457620566,90.0,103.10232964513548,133.35185245762057,90.0,118.10232964513548
2.980000000000002,9.921147013144795,-50.0,182.50666467128582,36.20998733765289,90.0,105.16698203823184,126.20998733765289,90.0,105.16698203823184
2.980000000000002,9.921147013144795,50.0,182.50666467128582,36.20998733765289,90.0,105.16698203823184,53.79001266234711,90.0,254.83301796176818
2.980000000000002,-9.200000000000088,50.0,180.0,43.351852457620566,90.0,103.10232964513548,46.648147542379434,90.0,256.89767035486454
3.000000000000002,-10.0,-50.0,180.00000000000028,43.587451634927874,90.0,103.13655878694507,133.58745163492787,90.0,118.13655878694507
3.000000000000002,9.999999999999911,-50.0,180.0,37.22779139519956,90.0,103.13655878694486,127.22779139519956,90.0,103.13655878694486
3.000000000000002,9.999999999999911,50.0,180.0,37.22779139519956,90.0,103.13655878694486,52.77220860480044,90.0,256.8634412130551
3.000000000000002,-10.0,50.0,180.00000000000028,43.587451634927874,90.0,103.13655878694507,46.412548365072126,90.0,256.8634412130549
3.0200000000000022,-9.921147013144761,-50.0,182.50666467128636,42.43311260099342,90.0,105.16698203823226,132.4331126009934,90.0,120.16698203823226
3.0200000000000022,9.19999999999991,-50.0,180.0,37.50004265694393,90.0,103.10232964513547,127.50004265694393,90.0,103.10232964513547
3.0200000000000022,9.19999999999991,50.0,180.0,37.50004265694393,90.0,103.10232964513547,52.49995734305607,90.0,256.89767035486454
3.0200000000000022,-9.921147013144761,50.0,182.50666467128636,42.43311260099342,90.0,105.16698203823226,47.56688739900658,90.0,254.83301796176772
3.0400000000000023,-9.685831611286277,-50.0,184.97379774329738,41.230496571339934,90.0,107.2055177592678,131.23049657133993,90.0,122.2055177592678
3.0400000000000023,8.39999999999991,-50.0,180.0,37.77088010090894,90.0,103.07095711264556,127.77088010090894,90.0,103.07095711264556
3.0400000000000023,8.39999999999991,50.0,180.0,37.77088010090894,90.0,103.07095711264556,52.22911989909106,90.0,256.92904288735446
3.0400000000000023,-9.685831611286277,50.0,184.97379774329738,41.230496571339934,90.0,107.2055177592678,48.769503428660066,90.0,252.79448224073218
3.0600000000000023,-9.297764858882461,-50.0,187.36249105369382,39.99962033115548,90.0,109.22084993498947,129.99962033115548,90.0,124.22084993498947
3.0600000000000023,7.599999999999909,-50.0,180.0,38.040294268608264,90.0,103.04244008933651,128.04029426860825,90.0,103.04244008933651
3.0600000000000023,7.599999999999909,50.0,180.0,38.040294268608264,90.0,103.04244008933651,51.959705731391736,90.0,256.95755991066346
3.0600000000000023,-9.297764858882461,50.0,187.36249105369382,39.99962033115548,90.0,109.22084993498947,50.00037966884452,90.0,250.77915006501053
3.0800000000000023,-8.763066800438567,-50.0,189.63507348203456,38.76165984777248,90.00000000000001,111.17989769383178,128.76165984777248,89.99999999999999,126.17989769383178
3.0800000000000023,6.799999999999908,-50.0,180.0,38.30827563272777,90.0,103.01677757940129,128.30827563272777,90.0,103.01677757940129
3.0800000000000023,6.799999999999908,50.0,180.0,38.30827563272777,90.0,103.01677757940129,51.69172436727223,90.0,256.98322242059874
3.0800000000000023,-8.763066800438567,50.0,189.63507348203456,38.76165984777248,90.00000000000001,111.17989769383178,51.23834015222752,90.00000000000001,248.82010230616822
3.1000000000000023,-8.09016994374939,-50.0,191.7557050458497,37.53870254254427,90.0,113.04810487208177,127.53870254254427,90.0,128.04810487208175
3.1000000000000023,5.999999999999908,-50.0,180.0,38.57481460013576,90.0,102.99396869012568,128.57481460013577,90.0,102.99396869012568
3.1000000000000023,5.999999999999908,50.0,180.0,38.57481460013576,90.0,102.99396869012568,51.42518539986424,90.0,257.0060313098743
3.1000000000000023,-8.09016994374939,50.0,191.7557050458497,37.53870254254427,90.0,113.04810487208177,52.46129745745573,90.0,246.95189512791825
3.1200000000000023,-7.289686274214016,-50.0,193.690942118574,36.353421051645675,90.0,114.78992473283854,126.35342105164568,90.0,129.78992473283853
3.1200000000000023,5.199999999999907,-50.0,180.0,38.839901514835944,90.0,102.97401263077563,128.83990151483596,90.0,102.97401263077563
3.1200000000000023,5.199999999999907,50.0,180.0,38.839901514835944,90.0,102.97401263077563,51.160098485164056,90.0,257.02598736922437
3.1200000000000023,-7.289686274214016,50.0,193.690942118574,36.353421051645675,90.0,114.78992473283854,53.646578948354325,90.0,245.21007526716147
3.1400000000000023,-6.374239897486783,-50.0,195.41026485551598,35.22863719148582,90.0,116.36955635574661,125.22863719148582,90.0,131.36955635574662
3.1400000000000023,4.399999999999906,-50.0,180.0,39.10352666086159,90.0,102.95690871161044,129.10352666086158,90.0,102.95690871161044
3.1400000000000023,4.399999999999906,50.0,180.0,39.10352666086159,90.0,102.95690871161044,50.89647333913841,90.0,257.0430912883896
3.1400000000000023,-6.374239897486783,50.0,195.41026485551598,35.22863719148582,90.0,116.36955635574661,54.77136280851418,90.0,243.63044364425338
3.1600000000000024,-5.358267949789842,-50.0,196.88655851004046,34.186752410663566,90.0,117.7519732252912,124.18675241066356,90.0,132.75197322529118
3.1600000000000024,3.5999999999999055,-50.0,180.0,39.36568026511039,90.0,102.9426563430205,129.3656802651104,90.0,102.9426563430205
3.1600000000000024,3.5999999999999055,50.0,180.0,39.36568026511039,90.0,102.9426563430205,50.63431973488961,90.0,257.05734365697947
3.1600000000000024,-5.358267949789842,50.0,196.88655851004046,34.186752410663566,90.0,117.7519732252912,55.813247589336434,90.0,242.24802677470882
3.1800000000000024,-4.257792915650592,-50.0,198.0965410493205,33.24903976508898,90.0,118.90424778547381,123.24903976508898,90.0,133.9042477854738
3.1800000000000024,2.799999999999905,-50.0,180.0,39.62635250011849,90.0,102.93125503478953,129.6263525001185,90.0,102.93125503478953
3.1800000000000024,2.799999999999905,50.0,180.0,39.62635250011849,90.0,102.93125503478953,50.37364749988151,90.0,257.0687449652105
3.1800000000000024,-4.257792915650592,50.0,198.0965410493205,33.24903976508898,90.0,118.90424778547381,56.75096023491102,90.0,241.0957522145262
3.2000000000000024,-3.0901699437493315,-50.0,199.02113032590316,32.434823377173196,90.00000000000001,119.7971161091985,122.43482337717319,89.99999999999999,134.7971161091985
3.2000000000000024,1.999999999999904,-50.0,180.0,39.88553348677282,90.0,102.92270439548037,129.88553348677283,90.0,102.92270439548037
3.2000000000000024,1.999999999999904,50.0,180.0,39.88553348677282,90.0,102.92270439548037,50.11446651322718,90.0,257.07729560451963
3.2000000000000024,-3.0901699437493315,50.0,199.02113032590316,32.434823377173196,90.00000000000001,119.7971161091985,57.565176622826804,90.00000000000001,240.2028838908015
3.2200000000000024,-1.8738131458570968,-50.0,199.64574501457383,31.76061065946615,90.0,120.40665142719575,121.76061065946615,90.0,135.40665142719575
3.2200000000000024,1.1999999999999034,-50.0,180.0,40.14321329696039,90.0,102.91700413194414,130.1432132969604,90.0,102.91700413194414
3.2200000000000024,1.1999999999999034,50.0,180.0,40.14321329696039,90.0,102.91700413194414,49.85678670303961,90.0,257.08299586805583
3.2200000000000024,-1.8738131458570968,50.0,199.64574501457383,31.76061065946615,90.0,120.40665142719575,58.23938934053385,90.0,239.59334857280425
3.2400000000000024,-0.6279051952929824,-50.0,199.96053456856544,31.239280013420572,90.00000000000001,120.71584368328784,121.23928001342057,89.99999999999999,135.71584368328786
3.2400000000000024,0.39999999999990266,-50.0,180.0,40.399381956153235,90.0,102.9141540489525,130.39938195615323,90.0,102.9141540489525
3.2400000000000024,0.39999999999990266,50.0,180.0,40.399381956153235,90.0,102.9141540489525,49.600618043846765,90.0,257.08584595104753
3.2400000000000024,-0.6279051952929824,50.0,199.96053456856544,31.239280013420572,90.00000000000001,120.71584368328784,58.76071998657943,90.00000000000001,239.28415631671214
3.2600000000000025,0.6279051952932869,-50.0,199.9605345685654,30.879447014827907,90.0,120.71584368328784,120.8794470148279,90.0,135.71584368328786
3.2600000000000025,-0.40000000000009805,-50.0,180.0,40.654029445927996,90.0,102.9141540489525,130.654029445928,90.0,102.9141540489525
3.2600000000000025,-0.40000000000009805,50.0,180.0,40.654029445927996,90.0,102.9141540489525,49.345970554072004,90.0,257.08584595104753
3.2600000000000025,0.6279051952932869,50.0,199.9605345685654,30.879447014827907,90.0,120.71584368328784,59.1205529851721,90.0,239.28415631671214
3.2800000000000025,1.8738131458573988,-50.0,199.64574501457372,30.68512134737326,90.00000000000001,120.40665142719563,120.68512134737327,89.99999999999999,135.40665142719564
3.2800000000000025,-1.2000000000000988,-50.0,180.0,40.90714570641844,90.0,102.91700413194414,130.90714570641845,90.0,102.91700413194414
3.2800000000000025,-1.2000000000000988,50.0,180.0,40.90714570641844,90.0,102.91700413194414,49.09285429358156,90.0,257.08299586805583
3.2800000000000025,1.8738131458573988,50.0,199.64574501457372,30.68512134737326,90.00000000000001,120.40665142719563,59.31487865262674,90.00000000000001,239.59334857280436
3.3000000000000025,3.0901699437496215,-50.0,199.02113032590296,30.65572113492847,90.00000000000001,119.79711610919829,120.65572113492847,89.99999999999999,134.79711610919827
3.3000000000000025,-2.0000000000000995,-50.0,180.0,41.15872063869979,90.0,102.92270439548037,131.15872063869978,90.0,102.92270439548037
3.3000000000000025,-2.0000000000000995,50.0,180.0,41.15872063869979,90.0,102.92270439548037,48.84127936130021,90.0,257.07729560451963
3.3000000000000025,3.0901699437496215,50.0,199.02113032590296,30.65572113492847,90.00000000000001,119.79711610919829,59.34427886507153,90.00000000000001,240.20288389080173
3.3200000000000025,4.257792915650868,-50.0,198.09654104932025,30.786442420534303,90.00000000000001,118.90424778547359,120.7864424205343,89.99999999999999,133.9042477854736
3.3200000000000025,-2.8000000000001,-50.0,180.0,41.408744107103495,90.0,102.93125503478953,131.4087441071035,90.0,102.93125503478953
3.3200000000000025,-2.8000000000001,50.0,180.0,41.408744107103495,90.0,102.93125503478953,48.591255892896505,90.0,257.0687449652105
3.3200000000000025,4.257792915650868,50.0,198.09654104932025,30.786442420534303,90.00000000000001,118.90424778547359,59.2135575794657,90.00000000000001,241.0957522145264
3.3400000000000025,5.3582679497901,-50.0,196.88655851004012,31.068912577739322,90.0,117.75197322529084,121.06891257773933,90.0,132.75197322529084
3.3400000000000025,-3.600000000000101,-50.0,180.0,41.657205941460596,90.0,102.9426563430205,131.6572059414606,90.0,102.9426563430205
3.3400000000000025,-3.600000000000101,50.0,180.0,41.657205941460596,90.0,102.9426563430205,48.342794058539404,90.0,257.05734365697947
3.3400000000000025,5.3582679497901,50.0,196.88655851004012,31.068912577739322,90.0,117.75197322529084,58.931087422260674,90.0,242.24802677470916
3.3600000000000025,6.374239897487021,-50.0,195.41026485551558,31.492010661341286,90.00000000000001,116.36955635574627,121.49201066134128,89.99999999999999,131.36955635574628
3.3600000000000025,-4.400000000000102,-50.0,180.0,41.904095939272885,90.0,102.95690871161044,131.90409593927288,90.0,102.95690871161044
3.3600000000000025,-4.400000000000102,50.0,180.0,41.904095939272885,90.0,102.95690871161044,48.095904060727115,90.0,257.0430912883896
3.3600000000000025,6.374239897487021,50.0,195.41026485551558,31.492010661341286,90.00000000000001,116.36955635574627,58.50798933865872,90.00000000000001,243.63044364425372
3.3800000000000026,7.289686274214225,-50.0,193.69094211857353,32.04272671276746,90.0,114.78992473283816,122.04272671276746,90.0,129.78992473283816
3.3800000000000026,-5.200000000000102,-50.0,180.0,42.14940386780958,90.0,102.97401263077563,132.14940386780958,90.0,102.97401263077563
3.3800000000000026,-5.200000000000102,50.0,180.0,42.14940386780958,90.0,102.97401263077563,47.85059613219042,90.0,257.02598736922437
3.3800000000000026,7.289686274214225,50.0,193.69094211857353,32.04272671276746,90.0,114.78992473283816,57.95727328723254,90.0,245.21007526716184
3.4000000000000026,8.090169943749569,-50.0,191.7557050458492,32.70695208118214,90.0,113.0481048720813,122.70695208118214,90.0,128.0481048720813
3.4000000000000026,-6.000000000000103,-50.0,180.0,42.39311946612852,90.0,102.99396869012568,132.39311946612852,90.0,102.99396869012568
3.4000000000000026,-6.000000000000103,50.0,180.0,42.39311946612852,90.0,102.99396869012568,47.60688053387148,90.0,257.0060313098743
3.4000000000000026,8.090169943749569,50.0,191.7557050458492,32.70695208118214,90.0,113.0481048720813,57.29304791881786,90.0,246.9518951279187
3.4200000000000026,8.763066800438713,-50.0,189.63507348203402,33.47013007485928,90.0,111.17989769383132,123.47013007485927,90.0,126.17989769383132
3.4200000000000026,-6.800000000000104,-50.0,180.0,42.63523244702003,90.0,103.0167775794013,132.63523244702003,90.0,103.0167775794013
3.4200000000000026,-6.800000000000104,50.0,180.0,42.63523244702003,90.0,103.0167775794013,47.36476755297997,90.0,256.9832224205987
3.4200000000000026,8.763066800438713,50.0,189.63507348203402,33.47013007485928,90.0,111.17989769383132,56.52986992514072,90.0,248.82010230616868
3.4400000000000026,9.297764858882573,-50.0,187.36249105369325,34.31773560498167,90.0,109.22084993498899,124.31773560498166,90.0,124.22084993498899
3.4400000000000026,-7.6000000000001044,-50.0,180.0,42.87573249887196,90.0,103.04244008933651,132.87573249887197,90.0,103.04244008933651
3.4400000000000026,-7.6000000000001044,50.0,180.0,42.87573249887196,90.0,103.04244008933651,47.12426750112804,90.0,256.95755991066346
3.4400000000000026,9.297764858882573,50.0,187.36249105369325,34.31773560498167,90.0,109.22084993498899,55.68226439501833,90.0,250.779150065011
3.4600000000000026,9.685831611286352,-50.0,184.97379774329679,35.235583805997855,90.0,107.2055177592673,125.23558380599786,90.0,122.2055177592673
3.4600000000000026,-8.400000000000105,-50.0,180.0,43.11460928745412,90.0,103.07095711264556,133.11460928745413,90.0,103.07095711264556
3.4600000000000026,-8.400000000000105,50.0,180.0,43.11460928745412,90.0,103.07095711264556,46.88539071254588,90.0,256.92904288735446
3.4600000000000026,9.685831611286352,50.0,184.97379774329679,35.235583805997855,90.0,107.2055177592673,54.764416194002145,90.0,252.7944822407327
3.4800000000000026,9.921147013144799,-50.0,182.50666467128576,36.20998733765291,90.0,105.16698203823178,126.2099873376529,90.0,120.16698203823178
3.4800000000000026,-9.200000000000106,-50.0,180.0,43.35185245762057,90.0,103.10232964513548,133.35185245762057,90.0,103.10232964513548
3.4800000000000026,-9.200000000000106,50.0,180.0,43.35185245762057,90.0,103.10232964513548,46.64814754237943,90.0,256.89767035486454
3.4800000000000026,9.921147013144799,50.0,182.50666467128576,36.20998733765291,90.0,105.16698203823178,53.79001266234709,90.0,254.83301796176823
3.5000000000000027,9.999999999999893,-50.0,180.0,37.22779139519957,90.0,103.13655878694486,127.22779139519957,90.0,118.13655878694486
3.5000000000000027,-10.0,-50.0,180.00000000000034,43.587451634927845,90.0,103.13655878694513,133.58745163492785,90.0,103.13655878694513
3.5000000000000027,-10.0,50.0,180.00000000000034,43.587451634927845,90.0,103.13655878694513,46.412548365072155,90.0,256.8634412130549
3.5000000000000027,9.999999999999893,50.0,180.0,37.22779139519957,90.0,103.13655878694486,52.77220860480043,90.0,256.8634412130551
3.5200000000000027,9.199999999999893,-50.0,180.0,37.50004265694394,90.0,103.10232964513547,127.50004265694395,90.0,118.10232964513547
3.5200000000000027,-9.921147013144754,-50.0,182.50666467128647,42.43311260099336,90.00000000000001,105.16698203823236,132.43311260099335,89.99999999999999,105.16698203823236
3.5200000000000027,-9.921147013144754,50.0,182.50666467128647,42.43311260099336,90.00000000000001,105.16698203823236,47.56688739900664,90.00000000000001,254.83301796176764
3.5200000000000027,9.199999999999893,50.0,180.0,37.50004265694394,90.0,103.10232964513547,52.49995734305606,90.0,256.89767035486454
3.5400000000000027,8.399999999999892,-50.0,180.0,37.77088010090895,90.0,103.07095711264556,127.77088010090895,90.0,118.07095711264556
3.5400000000000027,-9.685831611286268,-50.0,184.9737977432974,41.23049657133992,90.00000000000001,107.20551775926783,131.23049657133993,89.99999999999999,107.20551775926783
3.5400000000000027,-9.685831611286268,50.0,184.9737977432974,41.23049657133992,90.00000000000001,107.20551775926783,48.76950342866008,90.00000000000001,252.79448224073218
3.5400000000000027,8.399999999999892,50.0,180.0,37.77088010090895,90.0,103.07095711264556,52.22911989909105,90.0,256.92904288735446
3.5600000000000027,7.599999999999891,-50.0,180.0,38.04029426860827,90.0,103.04244008933651,128.04029426860828,90.0,118.04244008933651
3.5600000000000027,-9.297764858882461,-50.0,187.36249105369382,39.99962033115548,90.0,109.22084993498947,129.99962033115548,90.0,109.22084993498947
3.5600000000000027,-9.297764858882461,50.0,187.36249105369382,39.99962033115548,90.0,109.22084993498947,50.00037966884452,90.0,250.77915006501053
3.5600000000000027,7.599999999999891,50.0,180.0,38.04029426860827,90.0,103.04244008933651,51.95970573139173,90.0,256.95755991066346
3.5800000000000027,6.799999999999891,-50.0,180.0,38.30827563272778,90.0,103.01677757940129,128.30827563272777,90.0,118.01677757940129
3.5800000000000027,-8.763066800438553,-50.0,189.6350734820346,38.761659847772435,90.0,111.17989769383182,128.76165984777242,90.0,111.17989769383182
3.5800000000000027,-8.763066800438553,50.0,189.6350734820346,38.761659847772435,90.0,111.17989769383182,51.238340152227565,90.0,248.82010230616817
3.5800000000000027,6.799999999999891,50.0,180.0,38.30827563272778,90.0,103.01677757940129,51.69172436727222,90.0,256.98322242059874
3.6000000000000028,5.99999999999989,-50.0,180.0,38.57481460013577,90.0,102.99396869012568,128.57481460013577,90.0,117.99396869012568
3.6000000000000028,-8.090169943749355,-50.0,191.7557050458498,37.53870254254421,90.0,113.04810487208188,127.5387025425442,90.0,113.04810487208188
3.6000000000000028,-8.090169943749355,50.0,191.7557050458498,37.53870254254421,90.0,113.04810487208188,52.46129745745579,90.0,246.95189512791814
3.6000000000000028,5.99999999999989,50.0,180.0,38.57481460013577,90.0,102.99396869012568,51.42518539986423,90.0,257.0060313098743
3.6200000000000028,5.199999999999889,-50.0,180.0,38.83990151483595,90.0,102.97401263077563,128.83990151483596,90.0,117.97401263077563
3.6200000000000028,-7.289686274213997,-50.0,193.69094211857401,36.35342105164566,90.00000000000001,114.78992473283857,126.35342105164565,89.99999999999999,114.78992473283857
3.6200000000000028,-7.289686274213997,50.0,193.69094211857401,36.35342105164566,90.00000000000001,114.78992473283857,53.64657894835434,90.00000000000001,245.21007526716141
3.6200000000000028,5.199999999999889,50.0,180.0,38.83990151483595,90.0,102.97401263077563,51.16009848516405,90.0,257.02598736922437
3.640000000000003,4.3999999999998884,-50.0,180.0,39.1035266608616,90.0,102.95690871161044,129.1035266608616,90.0,117.95690871161044
3.640000000000003,-6.374239897486783,-50.0,195.41026485551598,35.22863719148582,90.0,116.36955635574661,125.22863719148582,90.0,116.36955635574661
3.640000000000003,-6.374239897486783,50.0,195.41026485551598,35.22863719148582,90.0,116.36955635574661,54.77136280851418,90.0,243.63044364425338
3.640000000000003,4.3999999999998884,50.0,180.0,39.1035266608616,90.0,102.95690871161044,50.8964733391384,90.0,257.0430912883896
3.660000000000003,3.5999999999998877,-50.0,180.0,39.36568026511039,90.0,102.9426563430205,129.3656802651104,90.0,117.9426563430205
3.660000000000003,-5.358267949789818,-50.0,196.8865585100405,34.18675241066355,90.0,117.7519732252912,124.18675241066356,90.0,117.7519732252912
3.660000000000003,-5.358267949789818,50.0,196.8865585100405,34.18675241066355,90.0,117.7519732252912,55.81324758933645,90.0,242.24802677470882
3.660000000000003,3.5999999999998877,50.0,180.0,39.36568026511039,90.0,102.9426563430205,50.63431973488961,90.0,257.05734365697947
3.680000000000003,2.799999999999887,-50.0,180.0,39.6263525001185,90.0,102.93125503478953,129.62635250011851,90.0,117.93125503478953
3.680000000000003,-4.257792915650541,-50.0,198.09654104932056,33.24903976508896,90.0,118.90424778547384,123.24903976508895,90.0,118.90424778547384
3.680000000000003,-4.257792915650541,50.0,198.09654104932056,33.24903976508896,90.0,118.90424778547384,56.75096023491104,90.0,241.09575221452616
3.680000000000003,2.799999999999887,50.0,180.0,39.6263525001185,90.0,102.93125503478953,50.3736474998815,90.0,257.0687449652105
3.700000000000003,1.9999999999998863,-50.0,180.0,39.88553348677283,90.0,102.92270439548037,129.88553348677283,90.0,117.92270439548037
3.700000000000003,-3.0901699437493058,-50.0,199.0211303259032,32.434823377173174,90.0,119.79711610919851,122.43482337717317,90.0,119.79711610919851
3.700000000000003,-3.0901699437493058,50.0,199.0211303259032,32.434823377173174,90.0,119.79711610919851,57.565176622826826,90.0,240.2028838908015
3.700000000000003,1.9999999999998863,50.0,180.0,39.88553348677283,90.0,102.92270439548037,50.11446651322717,90.0,257.07729560451963
3.720000000000003,1.1999999999998856,-50.0,180.0,40.1432132969604,90.0,102.91700413194414,130.1432132969604,90.0,117.91700413194414
3.720000000000003,-1.8738131458570968,-50.0,199.64574501457383,31.76061065946615,90.0,120.40665142719575,121.76061065946615,90.0,120.40665142719575
3.720000000000003,-1.8738131458570968,50.0,199.64574501457383,31.76061065946615,90.0,120.40665142719575,58.23938934053385,90.0,239.59334857280425
3.720000000000003,1.1999999999998856,50.0,180.0,40.1432132969604,90.0,102.91700413194414,49.8567867030396,90.0,257.08299586805583
3.740000000000003,0.3999999999998849,-50.0,180.0,40.39938195615324,90.0,102.9141540489525,130.39938195615323,90.0,117.9141540489525
3.740000000000003,-0.6279051952929535,-50.0,199.96053456856546,31.23928001342054,90.0,120.7158436832879,121.23928001342054,90.0,120.7158436832879
3.740000000000003,-0.6279051952929535,50.0,199.96053456856546,31.23928001342054,90.0,120.7158436832879,58.76071998657946,90.0,239.28415631671209
3.740000000000003,0.3999999999998849,50.0,180.0,40.39938195615324,90.0,102.9141540489525,49.60061804384676,90.0,257.08584595104753
3.760000000000003,-0.4000000000001158,-50.0,180.0,40.654029445928,90.0,102.9141540489525,130.65402944592802,90.0,117.9141540489525
3.760000000000003,0.6279051952933423,-50.0,199.9605345685654,30.879447014827893,90.0,120.71584368328784,120.87944701482789,90.0,120.71584368328784
3.760000000000003,0.6279051952933423,50.0,199.9605345685654,30.879447014827893,90.0,120.71584368328784,59.12055298517211,90.0,239.28415631671214
3.760000000000003,-0.4000000000001158,50.0,180.0,40.654029445928,90.0,102.9141540489525,49.345970554072,90.0,257.08584595104753
3.780000000000003,-1.2000000000001165,-50.0,180.0,40.90714570641845,90.0,102.91700413194414,130.90714570641845,90.0,117.91700413194414
3.780000000000003,1.873813145857425,-50.0,199.64574501457372,30.685121347373258,90.00000000000001,120.40665142719563,120.68512134737325,89.99999999999999,120.40665142719563
3.780000000000003,1.873813145857425,50.0,199.64574501457372,30.685121347373258,90.00000000000001,120.40665142719563,59.314878652626746,90.00000000000001,239.59334857280436
3.780000000000003,-1.2000000000001165,50.0,180.0,40.90714570641845,90.0,102.91700413194414,49.09285429358155,90.0,257.08299586805583
3.800000000000003,-2.0000000000001172,-50.0,180.0,41.1587206386998,90.0,102.92270439548037,131.1587206386998,90.0,117.92270439548037
3.800000000000003,3.0901699437496215,-50.0,199.02113032590296,30.65572113492847,90.00000000000001,119.79711610919829,120.65572113492847,89.99999999999999,119.79711610919829
3.800000000000003,3.0901699437496215,50.0,199.02113032590296,30.65572113492847,90.00000000000001,119.79711610919829,59.34427886507153,90.00000000000001,240.20288389080173
3.800000000000003,-2.0000000000001172,50.0,180.0,41.1587206386998,90.0,102.92270439548037,48.8412793613002,90.0,257.07729560451963
3.820000000000003,-2.800000000000118,-50.0,180.0,41.4087441071035,90.0,102.93125503478953,131.4087441071035,90.0,117.93125503478953
3.820000000000003,4.257792915650892,-50.0,198.09654104932022,30.78644242053432,90.00000000000001,118.90424778547353,120.78644242053431,89.99999999999999,118.90424778547353
3.820000000000003,4.257792915650892,50.0,198.09654104932022,30.78644242053432,90.00000000000001,118.90424778547353,59.21355757946568,90.00000000000001,241.09575221452647
3.820000000000003,-2.800000000000118,50.0,180.0,41.4087441071035,90.0,102.93125503478953,48.5912558928965,90.0,257.0687449652105
3.840000000000003,-3.6000000000001187,-50.0,180.0,41.6572059414606,90.0,102.9426563430205,131.6572059414606,90.0,117.9426563430205
3.840000000000003,5.358267949790144,-50.0,196.88655851004006,31.06891257773934,90.0,117.7519732252908,121.06891257773934,90.0,117.7519732252908
3.840000000000003,5.358267949790144,50.0,196.88655851004006,31.06891257773934,90.0,117.7519732252908,58.93108742226066,90.0,242.24802677470922
3.840000000000003,-3.6000000000001187,50.0,180.0,41.6572059414606,90.0,102.9426563430205,48.3427940585394,90.0,257.05734365697947
3.860000000000003,-4.400000000000119,-50.0,180.0,41.90409593927289,90.0,102.95690871161044,131.9040959392729,90.0,117.95690871161044
3.860000000000003,6.3742398974870405,-50.0,195.41026485551555,31.4920106613413,90.0,116.36955635574623,121.4920106613413,90.0,116.36955635574623
3.860000000000003,6.3742398974870405,50.0,195.41026485551555,31.4920106613413,90.0,116.36955635574623,58.5079893386587,90.0,243.63044364425377
3.860000000000003,-4.400000000000119,50.0,180.0,41.90409593927289,90.0,102.95690871161044,48.09590406072711,90.0,257.0430912883896
3.880000000000003,-5.20000000000012,-50.0,180.0,42.14940386780959,90.0,102.97401263077563,132.14940386780958,90.0,117.97401263077563
3.880000000000003,7.289686274214225,-50.0,193.69094211857353,32.04272671276746,90.0,114.78992473283816,122.04272671276746,90.0,114.78992473283816
3.880000000000003,7.289686274214225,50.0,193.69094211857353,32.04272671276746,90.0,114.78992473283816,57.95727328723254,90.0,245.21007526716184
3.880000000000003,-5.20000000000012,50.0,180.0,42.14940386780959,90.0,102.97401263077563,47.85059613219041,90.0,257.02598736922437
3.900000000000003,-6.000000000000121,-50.0,180.0,42.39311946612852,90.0,102.99396869012568,132.39311946612852,90.0,117.99396869012568
3.900000000000003,8.090169943749586,-50.0,191.75570504584914,32.70695208118215,90.00000000000001,113.04810487208127,122.70695208118215,89.99999999999999,113.04810487208127
3.900000000000003,8.090169943749586,50.0,191.75570504584914,32.70695208118215,90.00000000000001,113.04810487208127,57.29304791881785,90.00000000000001,246.95189512791873
3.900000000000003,-6.000000000000121,50.0,180.0,42.39311946612852,90.0,102.99396869012568,47.60688053387148,90.0,257.0060313098743
3.920000000000003,-6.8000000000001215,-50.0,180.0,42.63523244702004,90.0,103.0167775794013,132.63523244702003,90.0,118.0167775794013
3.920000000000003,8.763066800438741,-50.0,189.63507348203393,33.4701300748593,90.0,111.17989769383125,123.4701300748593,90.0,111.17989769383125
3.920000000000003,8.763066800438741,50.0,189.63507348203393,33.4701300748593,90.0,111.17989769383125,56.5298699251407,90.0,248.82010230616874
3.920000000000003,-6.8000000000001215,50.0,180.0,42.63523244702004,90.0,103.0167775794013,47.36476755297996,90.0,256.9832224205987
3.940000000000003,-7.600000000000122,-50.0,180.0,42.87573249887197,90.0,103.04244008933651,132.87573249887197,90.0,118.04244008933651
3.940000000000003,9.297764858882584,-50.0,187.36249105369322,34.317735604981664,90.0,109.22084993498899,124.31773560498166,90.0,109.22084993498899
3.940000000000003,9.297764858882584,50.0,187.36249105369322,34.317735604981664,90.0,109.22084993498899,55.682264395018336,90.0,250.779150065011
3.940000000000003,-7.600000000000122,50.0,180.0,42.87573249887197,90.0,103.04244008933651,47.12426750112803,90.0,256.95755991066346
3.960000000000003,-8.400000000000123,-50.0,180.0,43.11460928745413,90.0,103.07095711264556,133.11460928745413,90.0,118.07095711264556
3.960000000000003,9.685831611286352,-50.0,184.97379774329679,35.235583805997855,90.0,107.2055177592673,125.23558380599786,90.0,107.2055177592673
3.960000000000003,9.685831611286352,50.0,184.97379774329679,35.235583805997855,90.0,107.2055177592673,54.764416194002145,90.0,252.7944822407327
3.960000000000003,-8.400000000000123,50.0,180.0,43.11460928745413,90.0,103.07095711264556,46.88539071254587,90.0,256.92904288735446
3.980000000000003,-9.200000000000124,-50.0,180.0,43.35185245762058,90.0,103.10232964513548,133.35185245762057,90.0,118.10232964513548
3.980000000000003,9.921147013144802,-50.0,182.5066646712857,36.209987337652926,90.0,105.16698203823174,126.20998733765293,90.0,105.16698203823174
3.980000000000003,9.921147013144802,50.0,182.5066646712857,36.209987337652926,90.0,105.16698203823174,53.790012662347074,90.0,254.83301796176826
3.980000000000003,-9.200000000000124,50.0,180.0,43.35185245762058,90.0,103.10232964513548,46.64814754237942,90.0,256.89767035486454
4.000000000000003,-10.0,-50.0,180.00000000000034,43.587451634927845,90.0,103.13655878694513,133.58745163492785,90.0,118.13655878694513
4.000000000000003,9.999999999999893,-50.0,180.0,37.22779139519957,90.0,103.13655878694486,127.22779139519957,90.0,103.13655878694486
4.000000000000003,9.999999999999893,50.0,180.0,37.22779139519957,90.0,103.13655878694486,52.77220860480043,90.0,256.8634412130551
4.000000000000003,-10.0,50.0,180.00000000000034,43.587451634927845,90.0,103.13655878694513,46.412548365072155,90.0,256.8634412130549
4.020000000000002,-9.921147013144761,-50.0,182.50666467128636,42.43311260099342,90.0,105.16698203823226,132.4331126009934,90.0,120.16698203823226
4.020000000000002,9.19999999999991,-50.0,180.0,37.50004265694393,90.0,103.10232964513547,127.50004265694393,90.0,103.10232964513547
4.020000000000002,9.19999999999991,50.0,180.0,37.50004265694393,90.0,103.10232964513547,52.49995734305607,90.0,256.89767035486454
4.020000000000002,-9.921147013144761,50.0,182.50666467128636,42.43311260099342,90.0,105.16698203823226,47.56688739900658,90.0,254.83301796176772
4.040000000000002,-9.685831611286282,-50.0,184.97379774329733,41.23049657133996,90.0,107.20551775926776,131.23049657133996,90.0,122.20551775926776
4.040000000000002,8.399999999999928,-50.0,180.0,37.77088010090893,90.0,103.07095711264556,127.77088010090893,90.0,103.07095711264556
4.040000000000002,8.399999999999928,50.0,180.0,37.77088010090893,90.0,103.07095711264556,52.22911989909107,90.0,256.92904288735446
4.040000000000002,-9.685831611286282,50.0,184.97379774329733,41.23049657133996,90.0,107.20551775926776,48.76950342866004,90.0,252.79448224073224
4.060000000000001,-9.297764858882482,-50.0,187.36249105369373,39.99962033115552,90.0,109.22084993498942,129.9996203311555,90.0,124.22084993498942
4.060000000000001,7.599999999999945,-50.0,180.0,38.04029426860826,90.0,103.04244008933651,128.04029426860825,90.0,103.04244008933651
4.060000000000001,7.599999999999945,50.0,180.0,38.04029426860826,90.0,103.04244008933651,51.95970573139174,90.0,256.95755991066346
4.060000000000001,-9.297764858882482,50.0,187.36249105369373,39.99962033115552,90.0,109.22084993498942,50.00037966884448,90.0,250.77915006501058
4.080000000000001,-8.763066800438606,-50.0,189.63507348203441,38.76165984777255,90.0,111.17989769383166,128.76165984777253,90.0,126.17989769383166
4.080000000000001,6.799999999999962,-50.0,180.0,38.30827563272775,90.0,103.01677757940129,128.30827563272774,90.0,103.01677757940129
4.080000000000001,6.799999999999962,50.0,180.0,38.30827563272775,90.0,103.01677757940129,51.69172436727225,90.0,256.98322242059874
4.080000000000001,-8.763066800438606,50.0,189.63507348203441,38.76165984777255,90.0,111.17989769383166,51.23834015222745,90.0,248.82010230616834
4.1000000000000005,-8.090169943749455,-50.0,191.7557050458495,37.53870254254437,90.00000000000001,113.04810487208162,127.53870254254437,89.99999999999999,128.04810487208164
4.1000000000000005,5.999999999999979,-50.0,180.0,38.57481460013573,90.0,102.99396869012568,128.57481460013574,90.0,102.99396869012568
4.1000000000000005,5.999999999999979,50.0,180.0,38.57481460013573,90.0,102.99396869012568,51.42518539986427,90.0,257.0060313098743
4.1000000000000005,-8.090169943749455,50.0,191.7557050458495,37.53870254254437,90.00000000000001,113.04810487208162,52.46129745745563,90.00000000000001,246.95189512791836
4.12,-7.289686274214111,-50.0,193.6909421185738,36.35342105164582,90.0,114.78992473283836,126.35342105164582,90.0,129.78992473283836
4.12,5.199999999999996,-50.0,180.0,38.83990151483592,90.0,102.97401263077563,128.83990151483593,90.0,102.97401263077563
4.12,5.199999999999996,50.0,180.0,38.83990151483592,90.0,102.97401263077563,51.16009848516408,90.0,257.02598736922437
4.12,-7.289686274214111,50.0,193.6909421185738,36.35342105164582,90.0,114.78992473283836,53.64657894835418,90.0,245.21007526716164
4.14,-6.3742398974869126,-50.0,195.41026485551575,35.22863719148595,90.00000000000001,116.36955635574643,125.22863719148594,89.99999999999999,131.36955635574643
4.14,4.400000000000013,-50.0,180.0,39.103526660861554,90.0,102.95690871161044,129.10352666086155,90.0,102.95690871161044
4.14,4.400000000000013,50.0,180.0,39.103526660861554,90.0,102.95690871161044,50.896473339138446,90.0,257.0430912883896
4.14,-6.3742398974869126,50.0,195.41026485551575,35.22863719148595,90.00000000000001,116.36955635574643,54.77136280851405,90.00000000000001,243.63044364425357
4.159999999999999,-5.358267949790006,-50.0,196.88655851004026,34.186752410663715,90.0,117.751973225291,124.18675241066371,90.0,132.751973225291
4.159999999999999,3.60000000000003,-50.0,180.0,39.36568026511035,90.0,102.9426563430205,129.36568026511034,90.0,102.9426563430205
4.159999999999999,3.60000000000003,50.0,180.0,39.36568026511035,90.0,102.9426563430205,50.63431973488965,90.0,257.05734365697947
4.159999999999999,-5.358267949790006,50.0,196.88655851004026,34.186752410663715,90.0,117.751973225291,55.813247589336285,90.0,242.248026774709
4.179999999999999,-4.257792915650793,-50.0,198.09654104932034,33.24903976508912,90.0,118.90424778547366,123.24903976508912,90.0,133.90424778547367
4.179999999999999,2.800000000000047,-50.0,180.0,39.62635250011845,90.0,102.93125503478953,129.62635250011846,90.0,102.93125503478953
4.179999999999999,2.800000000000047,50.0,180.0,39.62635250011845,90.0,102.93125503478953,50.37364749988155,90.0,257.0687449652105
4.179999999999999,-4.257792915650793,50.0,198.09654104932034,33.24903976508912,90.0,118.90424778547366,56.75096023491088,90.0,241.09575221452633
4.199999999999998,-3.09016994374957,-50.0,199.02113032590302,32.434823377173345,90.0,119.79711610919834,122.43482337717334,90.0,134.79711610919833
4.199999999999998,2.000000000000064,-50.0,180.0,39.88553348677277,90.0,102.92270439548037,129.88553348677277,90.0,102.92270439548037
4.199999999999998,2.000000000000064,50.0,180.0,39.88553348677277,90.0,102.92270439548037,50.11446651322723,90.0,257.07729560451963
4.199999999999998,-3.09016994374957,50.0,199.02113032590302,32.434823377173345,90.0,119.79711610919834,57.565176622826655,90.0,240.20288389080167
4.219999999999998,-1.8738131458573715,-50.0,199.64574501457372,31.760610659466295,90.00000000000001,120.40665142719563,121.7606106594663,89.99999999999999,135.40665142719564
4.219999999999998,1.200000000000081,-50.0,180.0,40.14321329696033,90.0,102.91700413194414,130.14321329696034,90.0,102.91700413194414
4.219999999999998,1.200000000000081,50.0,180.0,40.14321329696033,90.0,102.91700413194414,49.85678670303967,90.0,257.08299586805583
4.219999999999998,-1.8738131458573715,50.0,199.64574501457372,31.760610659466295,90.00000000000001,120.40665142719563,58.239389340533705,90.00000000000001,239.59334857280436
4.2399999999999975,-0.6279051952932881,-50.0,199.9605345685654,31.239280013420668,90.0,120.71584368328784,121.23928001342067,90.0,135.71584368328786
4.2399999999999975,0.40000000000009805,-50.0,180.0,40.39938195615317,90.0,102.9141540489525,130.39938195615318,90.0,102.9141540489525
4.2399999999999975,0.40000000000009805,50.0,180.0,40.39938195615317,90.0,102.9141540489525,49.60061804384683,90.0,257.08584595104753
4.2399999999999975,-0.6279051952932881,50.0,199.9605345685654,31.239280013420668,90.0,120.71584368328784,58.76071998657933,90.0,239.28415631671214
4.259999999999997,0.6279051952929524,-50.0,199.96053456856546,30.87944701482797,90.0,120.7158436832879,120.87944701482797,90.0,135.71584368328791
4.259999999999997,-0.3999999999998849,-50.0,180.0,40.654029445927925,90.0,102.9141540489525,130.65402944592793,90.0,102.9141540489525
4.259999999999997,-0.3999999999998849,50.0,180.0,40.654029445927925,90.0,102.9141540489525,49.345970554072075,90.0,257.08584595104753
4.259999999999997,0.6279051952929524,50.0,199.96053456856546,30.87944701482797,90.0,120.7158436832879,59.120552985172026,90.0,239.28415631671209
4.279999999999997,1.8738131458570413,-50.0,199.64574501457386,30.685121347373276,90.0,120.4066514271958,120.68512134737327,90.0,135.4066514271958
4.279999999999997,-1.1999999999998678,-50.0,180.0,40.90714570641837,90.0,102.91700413194414,130.90714570641836,90.0,102.91700413194414
4.279999999999997,-1.1999999999998678,50.0,180.0,40.90714570641837,90.0,102.91700413194414,49.09285429358163,90.0,257.08299586805583
4.279999999999997,1.8738131458570413,50.0,199.64574501457386,30.685121347373276,90.0,120.4066514271958,59.314878652626724,90.0,239.5933485728042
4.299999999999996,3.09016994374925,-50.0,199.02113032590321,30.655721134928438,90.0,119.79711610919854,120.65572113492844,90.0,134.79711610919856
4.299999999999996,-1.9999999999998508,-50.0,180.0,41.15872063869972,90.0,102.92270439548037,131.15872063869972,90.0,102.92270439548037
4.299999999999996,-1.9999999999998508,50.0,180.0,41.15872063869972,90.0,102.92270439548037,48.84127936130028,90.0,257.07729560451963
4.299999999999996,3.09016994374925,50.0,199.02113032590321,30.655721134928438,90.0,119.79711610919854,59.34427886507156,90.0,240.20288389080144
4.319999999999996,4.25779291565049,-50.0,198.09654104932062,30.786442420534247,90.00000000000001,118.90424778547388,120.78644242053424,89.99999999999999,133.9042477854739
4.319999999999996,-2.7999999999998337,-50.0,180.0,41.40874410710341,90.0,102.93125503478953,131.40874410710342,90.0,102.93125503478953
4.319999999999996,-2.7999999999998337,50.0,180.0,41.40874410710341,90.0,102.93125503478953,48.59125589289659,90.0,257.0687449652105
4.319999999999996,4.25779291565049,50.0,198.09654104932062,30.786442420534247,90.00000000000001,118.90424778547388,59.21355757946576,90.00000000000001,241.0957522145261
4.339999999999995,5.358267949789721,-50.0,196.8865585100406,31.068912577739184,90.0,117.75197322529132,121.06891257773918,90.0,132.75197322529132
4.339999999999995,-3.5999999999998167,-50.0,180.0,41.65720594146051,90.0,102.9426563430205,131.65720594146052,90.0,102.9426563430205
4.339999999999995,-3.5999999999998167,50.0,180.0,41.65720594146051,90.0,102.9426563430205,48.34279405853949,90.0,257.05734365697947
4.339999999999995,5.358267949789721,50.0,196.8865585100406,31.068912577739184,90.0,117.75197322529132,58.931087422260816,90.0,242.24802677470868
4.359999999999995,6.374239897486654,-50.0,195.41026485551617,31.49201066134113,90.0,116.36955635574678,121.49201066134113,90.0,131.3695563557468
4.359999999999995,-4.3999999999998,-50.0,180.0,41.90409593927281,90.0,102.95690871161041,131.9040959392728,90.0,102.95690871161041
4.359999999999995,-4.3999999999998,50.0,180.0,41.90409593927281,90.0,102.95690871161041,48.09590406072719,90.0,257.0430912883896
4.359999999999995,6.374239897486654,50.0,195.41026485551617,31.49201066134113,90.0,116.36955635574678,58.507989338658874,90.0,243.6304436442532
4.379999999999995,7.289686274213879,-50.0,193.69094211857427,32.042726712767234,90.0,114.7899247328388,122.04272671276723,90.0,129.7899247328388
4.379999999999995,-5.199999999999783,-50.0,180.0,42.14940386780948,90.0,102.97401263077563,132.1494038678095,90.0,102.97401263077563
4.379999999999995,-5.199999999999783,50.0,180.0,42.14940386780948,90.0,102.97401263077563,47.85059613219052,90.0,257.02598736922437
4.379999999999995,7.289686274213879,50.0,193.69094211857427,32.042726712767234,90.0,114.7899247328388,57.957273287232766,90.0,245.2100752671612
4.399999999999994,8.090169943749256,-50.0,191.75570504585005,32.70695208118183,90.0,113.04810487208208,122.70695208118184,90.0,128.0481048720821
4.399999999999994,-5.9999999999997655,-50.0,180.0,42.393119466128404,90.0,102.99396869012568,132.3931194661284,90.0,102.99396869012568
4.399999999999994,-5.9999999999997655,50.0,180.0,42.393119466128404,90.0,102.99396869012568,47.606880533871596,90.0,257.0060313098743
4.399999999999994,8.090169943749256,50.0,191.75570504585005,32.70695208118183,90.0,113.04810487208208,57.29304791881817,90.0,246.9518951279179
4.419999999999994,8.763066800438446,-50.0,189.635073482035,33.470130074858915,90.0,111.17989769383219,123.47013007485891,90.0,126.17989769383219
4.419999999999994,-6.7999999999997485,-50.0,180.0,42.63523244701992,90.0,103.01677757940129,132.63523244701992,90.0,103.01677757940129
4.419999999999994,-6.7999999999997485,50.0,180.0,42.63523244701992,90.0,103.01677757940129,47.36476755298008,90.0,256.98322242059874
4.419999999999994,8.763066800438446,50.0,189.635073482035,33.470130074858915,90.0,111.17989769383219,56.529869925141085,90.0,248.82010230616783
4.439999999999993,9.297764858882358,-50.0,187.36249105369436,34.31773560498124,90.0,109.22084993498994,124.31773560498124,90.0,124.22084993498994
4.439999999999993,-7.599999999999731,-50.0,180.0,42.875732498871855,90.0,103.0424400893365,132.87573249887186,90.0,103.0424400893365
4.439999999999993,-7.599999999999731,50.0,180.0,42.875732498871855,90.0,103.0424400893365,47.124267501128145,90.0,256.9575599106635
4.439999999999993,9.297764858882358,50.0,187.36249105369436,34.31773560498124,90.0,109.22084993498994,55.68226439501876,90.0,250.77915006501007
4.459999999999993,9.6858316112862,-50.0,184.97379774329795,35.235583805997386,90.0,107.20551775926829,125.23558380599738,90.0,122.20551775926829
4.459999999999993,-8.399999999999714,-50.0,180.0,43.11460928745401,90.0,103.07095711264553,133.11460928745402,90.0,103.07095711264553
4.459999999999993,-8.399999999999714,50.0,180.0,43.11460928745401,90.0,103.07095711264553,46.88539071254599,90.0,256.92904288735446
4.459999999999993,9.6858316112862,50.0,184.97379774329795,35.235583805997386,90.0,107.20551775926829,54.764416194002614,90.0,252.79448224073172
4.479999999999992,9.921147013144719,-50.0,182.50666467128704,36.209987337652386,90.0,105.16698203823283,126.2099873376524,90.0,120.16698203823283
4.479999999999992,-9.199999999999697,-50.0,180.0,43.35185245762046,90.0,103.10232964513547,133.35185245762045,90.0,103.10232964513547
4.479999999999992,-9.199999999999697,50.0,180.0,43.35185245762046,90.0,103.10232964513547,46.64814754237954,90.0,256.89767035486454
4.479999999999992,9.921147013144719,50.0,182.50666467128704,36.209987337652386,90.0,105.16698203823283,53.790012662347614,90.0,254.83301796176715
4.499999999999992,10.0,-50.0,180.000000000001,37.22779139519912,90.0,103.13655878694566,127.22779139519912,90.0,118.13655878694566
4.499999999999992,-9.99999999999968,-50.0,180.0,43.58745163492791,90.0,103.13655878694483,133.5874516349279,90.0,103.13655878694483
4.499999999999992,-9.99999999999968,50.0,180.0,43.58745163492791,90.0,103.13655878694483,46.41254836507209,90.0,256.8634412130552
4.499999999999992,10.0,50.0,180.000000000001,37.22779139519912,90.0,103.13655878694566,52.77220860480088,90.0,256.86344121305433
4.519999999999992,9.200000000000337,-50.0,180.0,37.50004265694378,90.0,103.10232964513548,127.50004265694378,90.0,118.10232964513548
4.519999999999992,-9.921147013144845,-50.0,182.50666467128502,42.43311260099406,90.0,105.16698203823117,132.43311260099406,90.0,105.16698203823117
4.519999999999992,-9.921147013144845,50.0,182.50666467128502,42.43311260099406,90.0,105.16698203823117,47.56688739900594,90.0,254.83301796176883
4.519999999999992,9.200000000000337,50.0,180.0,37.50004265694378,90.0,103.10232964513548,52.49995734305622,90.0,256.89767035486454
4.539999999999991,8.400000000000354,-50.0,180.0,37.7708801009088,90.0,103.07095711264556,127.7708801009088,90.0,118.07095711264556
4.539999999999991,-9.68583161128645,-50.0,184.97379774329602,41.23049657134062,90.0,107.20551775926667,131.2304965713406,90.0,107.20551775926667
4.539999999999991,-9.68583161128645,50.0,184.97379774329602,41.23049657134062,90.0,107.20551775926667,48.76950342865938,90.0,252.79448224073332
4.539999999999991,8.400000000000354,50.0,180.0,37.7708801009088,90.0,103.07095711264556,52.2291198990912,90.0,256.92904288735446
4.559999999999991,7.600000000000371,-50.0,180.0,38.040294268608115,90.0,103.04244008933654,128.0402942686081,90.0,118.04244008933654
4.559999999999991,-9.29776485888273,-50.0,187.36249105369248,39.99962033115619,90.0,109.22084993498835,129.9996203311562,90.0,109.22084993498835
4.559999999999991,-9.29776485888273,50.0,187.36249105369248,39.99962033115619,90.0,109.22084993498835,50.00037966884381,90.0,250.77915006501166
4.559999999999991,7.600000000000371,50.0,180.0,38.040294268608115,90.0,103.04244008933654,51.959705731391885,90.0,256.95755991066346
4.57999999999999,6.800000000000388,-50.0,180.0,38.3082756327276,90.0,103.0167775794013,128.3082756327276,90.0,118.0167775794013
4.57999999999999,-8.76306680043893,-50.0,189.63507348203325,38.7616598477732,90.0,111.17989769383064,128.76165984777322,90.0,111.17989769383064
4.57999999999999,-8.76306680043893,50.0,189.63507348203325,38.7616598477732,90.0,111.17989769383064,51.2383401522268,90.0,248.82010230616936
4.57999999999999,6.800000000000388,50.0,180.0,38.3082756327276,90.0,103.0167775794013,51.6917243672724,90.0,256.9832224205987
4.59999999999999,6.000000000000405,-50.0,180.0,38.5748146001356,90.0,102.99396869012568,128.5748146001356,90.0,117.99396869012568
4.59999999999999,-8.09016994374985,-50.0,191.75570504584843,37.538702542545025,90.0,113.04810487208064,127.53870254254502,90.0,113.04810487208064
4.59999999999999,-8.09016994374985,50.0,191.75570504584843,37.538702542545025,90.0,113.04810487208064,52.461297457454975,90.0,246.95189512791936
4.59999999999999,6.000000000000405,50.0,180.0,38.5748146001356,90.0,102.99396869012568,51.4251853998644,90.0,257.0060313098743
4.6199999999999894,5.200000000000422,-50.0,180.0,38.83990151483579,90.0,102.97401263077563,128.8399015148358,90.0,117.97401263077563
4.6199999999999894,-7.28968627421457,-50.0,193.69094211857282,36.353421051646414,90.0,114.78992473283749,126.35342105164642,90.0,114.78992473283749
4.6199999999999894,-7.28968627421457,50.0,193.69094211857282,36.353421051646414,90.0,114.78992473283749,53.646578948353586,90.0,245.2100752671625
4.6199999999999894,5.200000000000422,50.0,180.0,38.83990151483579,90.0,102.97401263077563,51.16009848516421,90.0,257.02598736922437
4.639999999999989,4.400000000000439,-50.0,180.0,39.10352666086142,90.0,102.95690871161044,129.1035266608614,90.0,117.95690871161044
4.639999999999989,-6.374239897487428,-50.0,195.4102648555149,35.22863719148654,90.0,116.36955635574562,125.22863719148654,90.0,116.36955635574562
4.639999999999989,-6.374239897487428,50.0,195.4102648555149,35.22863719148654,90.0,116.36955635574562,54.77136280851346,90.0,243.6304436442544
4.639999999999989,4.400000000000439,50.0,180.0,39.10352666086142,90.0,102.95690871161044,50.89647333913858,90.0,257.0430912883896
4.659999999999989,3.600000000000456,-50.0,180.0,39.365680265110214,90.0,102.9426563430205,129.3656802651102,90.0,117.9426563430205
4.659999999999989,-5.358267949790571,-50.0,196.88655851003955,34.18675241066425,90.0,117.75197322529031,124.18675241066424,90.0,117.75197322529031
4.659999999999989,-5.358267949790571,50.0,196.88655851003955,34.18675241066425,90.0,117.75197322529031,55.81324758933575,90.0,242.24802677470967
4.659999999999989,3.600000000000456,50.0,180.0,39.365680265110214,90.0,102.9426563430205,50.634319734889786,90.0,257.05734365697947
4.679999999999988,2.800000000000473,-50.0,180.0,39.6263525001183,90.0,102.93125503478956,129.6263525001183,90.0,117.93125503478956
4.679999999999988,-4.257792915651399,-50.0,198.09654104931977,33.2490397650896,90.0,118.9042477854731,123.2490397650896,90.0,118.9042477854731
4.679999999999988,-4.257792915651399,50.0,198.09654104931977,33.2490397650896,90.0,118.9042477854731,56.7509602349104,90.0,241.0957522145269
4.679999999999988,2.800000000000473,50.0,180.0,39.6263525001183,90.0,102.93125503478956,50.3736474998817,90.0,257.06874496521044
4.699999999999988,2.0000000000004903,-50.0,180.0,39.88553348677262,90.0,102.92270439548038,129.88553348677263,90.0,117.92270439548038
4.699999999999988,-3.0901699437502073,-50.0,199.0211303259026,32.43482337717376,90.00000000000001,119.7971161091979,122.43482337717376,89.99999999999999,119.7971161091979
4.699999999999988,-3.0901699437502073,50.0,199.0211303259026,32.43482337717376,90.00000000000001,119.7971161091979,57.56517662282624,90.00000000000001,240.2028838908021
4.699999999999988,2.0000000000004903,50.0,180.0,39.88553348677262,90.0,102.92270439548038,50.11446651322738,90.0,257.07729560451963
4.719999999999987,1.2000000000005073,-50.0,180.0,40.1432132969602,90.0,102.91700413194414,130.1432132969602,90.0,117.91700413194414
4.719999999999987,-1.8738131458580303,-50.0,199.64574501457346,31.760610659466593,90.0,120.40665142719541,121.7606106594666,90.0,120.40665142719541
4.719999999999987,-1.8738131458580303,50.0,199.64574501457346,31.760610659466593,90.0,120.40665142719541,58.23938934053341,90.0,239.5933485728046
4.719999999999987,1.2000000000005073,50.0,180.0,40.1432132969602,90.0,102.91700413194414,49.8567867030398,90.0,257.08299586805583
4.739999999999987,0.4000000000005244,-50.0,180.0,40.399381956153036,90.0,102.9141540489525,130.39938195615304,90.0,117.9141540489525
4.739999999999987,-0.6279051952939574,-50.0,199.96053456856532,31.239280013420903,90.0,120.71584368328774,121.23928001342091,90.0,120.71584368328774
4.739999999999987,-0.6279051952939574,50.0,199.96053456856532,31.239280013420903,90.0,120.71584368328774,58.7607199865791,90.0,239.28415631671226
4.739999999999987,0.4000000000005244,50.0,180.0,40.399381956153036,90.0,102.9141540489525,49.600618043846964,90.0,257.08584595104753
4.7599999999999865,-0.39999999999945857,-50.0,180.0,40.65402944592779,90.0,102.9141540489525,130.6540294459278,90.0,117.9141540489525
4.7599999999999865,0.6279051952922853,-50.0,199.96053456856555,30.879447014828134,90.0,120.71584368328794,120.87944701482813,90.0,120.71584368328794
4.7599999999999865,0.6279051952922853,50.0,199.96053456856555,30.879447014828134,90.0,120.71584368328794,59.12055298517187,90.0,239.28415631671206
4.7599999999999865,-0.39999999999945857,50.0,180.0,40.65402944592779,90.0,102.9141540489525,49.34597055407221,90.0,257.08584595104753
4.779999999999986,-1.1999999999994415,-50.0,180.0,40.907145706418234,90.0,102.91700413194414,130.90714570641825,90.0,117.91700413194414
4.779999999999986,1.8738131458563845,-50.0,199.64574501457412,30.685121347373318,90.0,120.40665142719608,120.68512134737333,90.0,120.40665142719608
4.779999999999986,1.8738131458563845,50.0,199.64574501457412,30.685121347373318,90.0,120.40665142719608,59.31487865262668,90.0,239.5933485728039
4.779999999999986,-1.1999999999994415,50.0,180.0,40.907145706418234,90.0,102.91700413194414,49.092854293581766,90.0,257.08299586805583
4.799999999999986,-1.9999999999994245,-50.0,180.0,41.15872063869958,90.0,102.92270439548037,131.15872063869958,90.0,117.92270439548037
4.799999999999986,3.090169943748614,-50.0,199.02113032590364,30.655721134928427,90.0,119.79711610919892,120.65572113492843,90.0,119.79711610919892
4.799999999999986,3.090169943748614,50.0,199.02113032590364,30.655721134928427,90.0,119.79711610919892,59.34427886507157,90.0,240.20288389080108
4.799999999999986,-1.9999999999994245,50.0,180.0,41.15872063869958,90.0,102.92270439548037,48.84127936130042,90.0,257.07729560451963
4.819999999999985,-2.7999999999994074,-50.0,180.0,41.408744107103274,90.0,102.93125503478953,131.40874410710327,90.0,117.93125503478953
4.819999999999985,4.257792915649883,-50.0,198.0965410493212,30.786442420534126,90.0,118.90424778547445,120.78644242053413,90.0,118.90424778547445
4.819999999999985,4.257792915649883,50.0,198.0965410493212,30.786442420534126,90.0,118.90424778547445,59.21355757946587,90.0,241.09575221452553
4.819999999999985,-2.7999999999994074,50.0,180.0,41.408744107103274,90.0,102.93125503478953,48.591255892896726,90.0,257.0687449652105
4.839999999999985,-3.5999999999993904,-50.0,180.0,41.65720594146038,90.0,102.94265634302049,131.65720594146038,90.0,117.94265634302049
4.839999999999985,5.358267949789158,-50.0,196.8865585100413,31.06891257773901,90.00000000000001,117.75197322529196,121.06891257773901,89.99999999999999,117.75197322529196
4.839999999999985,5.358267949789158,50.0,196.8865585100413,31.06891257773901,90.00000000000001,117.75197322529196,58.93108742226099,90.00000000000001,242.24802677470802
4.839999999999985,-3.5999999999993904,50.0,180.0,41.65720594146038,90.0,102.94265634302049,48.34279405853962,90.0,257.0573436569795
4.859999999999984,-4.399999999999373,-50.0,180.0,41.90409593927267,90.0,102.95690871161041,131.90409593927268,90.0,117.95690871161041
4.859999999999984,6.374239897486137,-50.0,195.41026485551703,31.492010661340856,90.00000000000001,116.3695563557476,121.49201066134086,89.99999999999999,116.3695563557476
4.859999999999984,6.374239897486137,50.0,195.41026485551703,31.492010661340856,90.00000000000001,116.3695563557476,58.507989338659144,90.00000000000001,243.6304436442524
4.859999999999984,-4.399999999999373,50.0,180.0,41.90409593927267,90.0,102.95690871161041,48.09590406072733,90.0,257.0430912883896
4.879999999999984,-5.199999999999356,-50.0,180.0,42.14940386780936,90.0,102.97401263077562,132.14940386780935,90.0,117.97401263077562
4.879999999999984,7.289686274213423,-50.0,193.69094211857524,32.04272671276692,90.0,114.78992473283967,122.04272671276692,90.0,114.78992473283967
4.879999999999984,7.289686274213423,50.0,193.69094211857524,32.04272671276692,90.0,114.78992473283967,57.95727328723308,90.0,245.21007526716033
4.879999999999984,-5.199999999999356,50.0,180.0,42.14940386780936,90.0,102.97401263077562,47.85059613219064,90.0,257.02598736922437
4.8999999999999835,-5.999999999999339,-50.0,180.0,42.39311946612829,90.0,102.99396869012566,132.3931194661283,90.0,117.99396869012566
4.8999999999999835,8.090169943748863,-50.0,191.75570504585116,32.70695208118142,90.0,113.0481048720831,122.70695208118141,90.0,113.0481048720831
4.8999999999999835,8.090169943748863,50.0,191.75570504585116,32.70695208118142,90.0,113.0481048720831,57.29304791881858,90.0,246.95189512791688
4.8999999999999835,-5.999999999999339,50.0,180.0,42.39311946612829,90.0,102.99396869012566,47.60688053387171,90.0,257.00603130987434
4.919999999999983,-6.799999999999322,-50.0,180.0,42.635232447019796,90.0,103.01677757940129,132.6352324470198,90.0,118.01677757940129
4.919999999999983,8.763066800438123,-50.0,189.63507348203618,33.47013007485848,90.0,111.17989769383321,123.47013007485847,90.0,111.17989769383321
4.919999999999983,8.763066800438123,50.0,189.63507348203618,33.47013007485848,90.0,111.17989769383321,56.52986992514152,90.0,248.8201023061668
4.919999999999983,-6.799999999999322,50.0,180.0,42.635232447019796,90.0,103.01677757940129,47.364767552980204,90.0,256.98322242059874
4.939999999999983,-7.599999999999305,-50.0,180.0,42.87573249887173,90.0,103.0424400893365,132.87573249887174,90.0,118.0424400893365
4.939999999999983,9.297764858882111,-50.0,187.3624910536956,34.31773560498076,90.0,109.22084993499102,124.31773560498075,90.0,109.22084993499102
4.939999999999983,9.297764858882111,50.0,187.3624910536956,34.31773560498076,90.0,109.22084993499102,55.68226439501924,90.0,250.779150065009
4.939999999999983,-7.599999999999305,50.0,180.0,42.87573249887173,90.0,103.0424400893365,47.12426750112827,90.0,256.9575599106635
4.959999999999982,-8.399999999999288,-50.0,180.0,43.114609287453874,90.0,103.07095711264553,133.11460928745387,90.0,118.07095711264553
4.959999999999982,9.685831611286034,-50.0,184.97379774329926,35.235583805996875,90.0,107.20551775926938,125.23558380599687,90.0,107.20551775926938
4.959999999999982,9.685831611286034,50.0,184.97379774329926,35.235583805996875,90.0,107.20551775926938,54.764416194003125,90.0,252.79448224073062
4.959999999999982,-8.399999999999288,50.0,180.0,43.114609287453874,90.0,103.07095711264553,46.885390712546126,90.0,256.92904288735446
4.979999999999982,-9.199999999999271,-50.0,180.0,43.351852457620346,90.0,103.10232964513544,133.35185245762034,90.0,118.10232964513544
4.979999999999982,9.921147013144635,-50.0,182.50666467128835,36.20998733765187,90.0,105.1669820382339,126.20998733765187,90.0,105.1669820382339
4.979999999999982,9.921147013144635,50.0,182.50666467128835,36.20998733765187,90.0,105.1669820382339,53.79001266234813,90.0,254.8330179617661
4.979999999999982,-9.199999999999271,50.0,180.0,43.351852457620346,90.0,103.10232964513544,46.648147542379654,90.0,256.89767035486454
4.999999999999981,-9.999999999999254,-50.0,180.0,43.58745163492778,90.0,103.13655878694483,133.5874516349278,90.0,118.13655878694483
4.999999999999981,10.0,-50.0,180.00000000000236,37.227791395198565,90.0,103.13655878694674,127.22779139519857,90.0,103.13655878694674
4.999999999999981,10.0,50.0,180.00000000000236,37.227791395198565,90.0,103.13655878694674,52.772208604801435,90.0,256.86344121305325
4.999999999999981,-9.999999999999254,50.0,180.0,43.58745163492778,90.0,103.13655878694483,46.41254836507222,90.0,256.8634412130552
5.019999999999981,-9.921147013144928,-50.0,182.50666467128372,42.43311260099467,90.0,105.16698203823012,132.43311260099466,90.0,120.16698203823012
5.019999999999981,9.200000000000763,-50.0,180.0,37.50004265694364,90.0,103.10232964513551,127.50004265694363,90.0,103.10232964513551
5.019999999999981,9.200000000000763,50.0,180.0,37.50004265694364,90.0,103.10232964513551,52.49995734305636,90.0,256.8976703548645
5.019999999999981,-9.921147013144928,50.0,182.50666467128372,42.43311260099467,90.0,105.16698203823012,47.56688739900533,90.0,254.83301796176988
5.0399999999999805,-9.685831611286616,-50.0,184.9737977432947,41.23049657134127,90.0,107.20551775926559,131.23049657134126,90.0,122.20551775926559
5.0399999999999805,8.40000000000078,-50.0,180.0,37.77088010090865,90.0,103.07095711264559,127.77088010090864,90.0,103.07095711264559
5.0399999999999805,8.40000000000078,50.0,180.0,37.77088010090865,90.0,103.07095711264559,52.22911989909135,90.0,256.9290428873544
5.0399999999999805,-9.685831611286616,50.0,184.9737977432947,41.23049657134127,90.0,107.20551775926559,48.76950342865873,90.0,252.7944822407344
5.05999999999998,-9.297764858882974,-50.0,187.36249105369123,39.99962033115685,90.0,109.22084993498726,129.99962033115685,90.0,124.22084993498726
5.05999999999998,7.600000000000797,-50.0,180.0,38.04029426860798,90.0,103.04244008933654,128.04029426860797,90.0,103.04244008933654
5.05999999999998,7.600000000000797,50.0,180.0,38.04029426860798,90.0,103.04244008933654,51.95970573139202,90.0,256.95755991066346
5.05999999999998,-9.297764858882974,50.0,187.36249105369123,39.99962033115685,90.0,109.22084993498726,50.00037966884315,90.0,250.77915006501274
5.07999999999998,-8.763066800439251,-50.0,189.63507348203206,38.76165984777387,90.0,111.17989769382963,128.76165984777387,90.0,126.17989769382963
5.07999999999998,6.800000000000814,-50.0,180.0,38.308275632727465,90.0,103.01677757940134,128.30827563272746,90.0,103.01677757940134
5.07999999999998,6.800000000000814,50.0,180.0,38.308275632727465,90.0,103.01677757940134,51.691724367272535,90.0,256.9832224205987
5.07999999999998,-8.763066800439251,50.0,189.63507348203206,38.76165984777387,90.0,111.17989769382963,51.23834015222613,90.0,248.82010230617038
5.099999999999979,-8.090169943750242,-50.0,191.75570504584735,37.53870254254567,90.0,113.04810487207966,127.53870254254568,90.0,128.04810487207965
5.099999999999979,6.000000000000831,-50.0,180.0,38.57481460013546,90.0,102.99396869012571,128.57481460013545,90.0,102.99396869012571
5.099999999999979,6.000000000000831,50.0,180.0,38.57481460013546,90.0,102.99396869012571,51.42518539986454,90.0,257.0060313098743
5.099999999999979,-8.090169943750242,50.0,191.75570504584735,37.53870254254567,90.0,113.04810487207966,52.46129745745433,90.0,246.95189512792035
5.119999999999979,-7.289686274215028,-50.0,193.69094211857183,36.35342105164705,90.0,114.78992473283655,126.35342105164705,90.0,129.78992473283654
5.119999999999979,5.200000000000848,-50.0,180.0,38.83990151483563,90.0,102.97401263077566,128.83990151483562,90.0,102.97401263077566
5.119999999999979,5.200000000000848,50.0,180.0,38.83990151483563,90.0,102.97401263077566,51.16009848516437,90.0,257.02598736922437
5.119999999999979,-7.289686274215028,50.0,193.69094211857183,36.35342105164705,90.0,114.78992473283655,53.64657894835295,90.0,245.21007526716346
5.139999999999978,-6.3742398974879455,-50.0,195.41026485551404,35.2286371914871,90.0,116.36955635574485,125.22863719148711,90.0,131.36955635574486
5.139999999999978,4.400000000000865,-50.0,180.0,39.103526660861284,90.0,102.95690871161044,129.1035266608613,90.0,102.95690871161044
5.139999999999978,4.400000000000865,50.0,180.0,39.103526660861284,90.0,102.95690871161044,50.896473339138716,90.0,257.0430912883896
5.139999999999978,-6.3742398974879455,50.0,195.41026485551404,35.2286371914871,90.0,116.36955635574485,54.7713628085129,90.0,243.63044364425514
5.159999999999978,-5.358267949791138,-50.0,196.8865585100388,34.18675241066478,90.0,117.75197322528962,124.18675241066478,90.0,132.75197322528962
5.159999999999978,3.6000000000008825,-50.0,180.0,39.365680265110086,90.0,102.9426563430205,129.3656802651101,90.0,102.9426563430205
5.159999999999978,3.6000000000008825,50.0,180.0,39.365680265110086,90.0,102.9426563430205,50.634319734889914,90.0,257.05734365697947
5.159999999999978,-5.358267949791138,50.0,196.8865585100388,34.18675241066478,90.0,117.75197322528962,55.81324758933522,90.0,242.24802677471038
5.1799999999999775,-4.257792915652006,-50.0,198.09654104931917,33.249039765090075,90.0,118.90424778547253,123.24903976509007,90.0,133.90424778547253
5.1799999999999775,2.8000000000008995,-50.0,180.0,39.62635250011816,90.0,102.93125503478956,129.62635250011817,90.0,102.93125503478956
5.1799999999999775,2.8000000000008995,50.0,180.0,39.62635250011816,90.0,102.93125503478956,50.37364749988184,90.0,257.06874496521044
5.1799999999999775,-4.257792915652006,50.0,198.09654104931917,33.249039765090075,90.0,118.90424778547253,56.750960234909925,90.0,241.09575221452747
5.199999999999977,-3.0901699437508428,-50.0,199.0211303259022,32.43482337717413,90.00000000000001,119.79711610919755,122.43482337717413,89.99999999999999,134.79711610919753
5.199999999999977,2.0000000000009166,-50.0,180.0,39.88553348677249,90.0,102.92270439548038,129.8855334867725,90.0,102.92270439548038
5.199999999999977,2.0000000000009166,50.0,180.0,39.88553348677249,90.0,102.92270439548038,50.11446651322751,90.0,257.07729560451963
5.199999999999977,-3.0901699437508428,50.0,199.0211303259022,32.43482337717413,90.00000000000001,119.79711610919755,57.56517662282587,90.00000000000001,240.20288389080247
5.219999999999977,-1.8738131458586869,-50.0,199.6457450145732,31.760610659466924,90.0,120.40665142719516,121.76061065946692,90.0,135.40665142719516
5.219999999999977,1.2000000000009337,-50.0,180.0,40.14321329696006,90.0,102.91700413194414,130.14321329696006,90.0,102.91700413194414
5.219999999999977,1.2000000000009337,50.0,180.0,40.14321329696006,90.0,102.91700413194414,49.85678670303994,90.0,257.08299586805583
5.219999999999977,-1.8738131458586869,50.0,199.6457450145732,31.760610659466924,90.0,120.40665142719516,58.23938934053308,90.0,239.59334857280484
5.239999999999976,-0.6279051952946245,-50.0,199.96053456856524,31.23928001342115,90.00000000000001,120.71584368328764,121.23928001342115,89.99999999999999,135.71584368328763
5.239999999999976,0.4000000000009507,-50.0,180.0,40.3993819561529,90.0,102.9141540489525,130.3993819561529,90.0,102.9141540489525
5.239999999999976,0.4000000000009507,50.0,180.0,40.3993819561529,90.0,102.9141540489525,49.6006180438471,90.0,257.08584595104753
5.239999999999976,-0.6279051952946245,50.0,199.96053456856524,31.23928001342115,90.00000000000001,120.71584368328764,58.76071998657885,90.00000000000001,239.28415631671237
5.259999999999976,0.627905195291616,-50.0,199.9605345685656,30.8794470148283,90.0,120.715843683288,120.8794470148283,90.0,135.715843683288
5.259999999999976,-0.39999999999903224,-50.0,180.0,40.654029445927655,90.0,102.9141540489525,130.65402944592765,90.0,102.9141540489525
5.259999999999976,-0.39999999999903224,50.0,180.0,40.654029445927655,90.0,102.9141540489525,49.345970554072345,90.0,257.08584595104753
5.259999999999976,0.627905195291616,50.0,199.9605345685656,30.8794470148283,90.0,120.715843683288,59.1205529851717,90.0,239.284156316712
5.279999999999975,1.873813145855726,-50.0,199.64574501457435,30.685121347373407,90.0,120.40665142719625,120.68512134737341,90.0,135.40665142719627
5.279999999999975,-1.1999999999990152,-50.0,180.0,40.9071457064181,90.0,102.91700413194414,130.9071457064181,90.0,102.91700413194414
5.279999999999975,-1.1999999999990152,50.0,180.0,40.9071457064181,90.0,102.91700413194414,49.0928542935819,90.0,257.08299586805583
5.279999999999975,1.873813145855726,50.0,199.64574501457435,30.685121347373407,90.0,120.40665142719625,59.31487865262659,90.0,239.59334857280373
5.299999999999975,3.090169943747976,-50.0,199.02113032590404,30.655721134928395,90.0,119.79711610919934,120.6557211349284,90.0,134.79711610919935
5.299999999999975,-1.9999999999989981,-50.0,180.0,41.15872063869944,90.0,102.92270439548037,131.15872063869944,90.0,102.92270439548037
5.299999999999975,-1.9999999999989981,50.0,180.0,41.15872063869944,90.0,102.92270439548037,48.84127936130056,90.0,257.07729560451963
5.299999999999975,3.090169943747976,50.0,199.02113032590404,30.655721134928395,90.0,119.79711610919934,59.3442788650716,90.0,240.20288389080065
5.3199999999999745,4.257792915649277,-50.0,198.09654104932176,30.786442420534016,90.0,118.90424778547501,120.78644242053402,90.0,133.904247785475
5.3199999999999745,-2.799999999998981,-50.0,180.0,41.40874410710314,90.0,102.93125503478953,131.40874410710313,90.0,102.93125503478953
5.3199999999999745,-2.799999999998981,50.0,180.0,41.40874410710314,90.0,102.93125503478953,48.59125589289686,90.0,257.0687449652105
5.3199999999999745,4.257792915649277,50.0,198.09654104932176,30.786442420534016,90.0,118.90424778547501,59.213557579465984,90.0,241.095752214525
5.339999999999974,5.358267949788592,-50.0,196.88655851004205,31.0689125777388,90.00000000000001,117.7519732252927,121.0689125777388,89.99999999999999,132.75197322529272
5.339999999999974,-3.599999999998964,-50.0,180.0,41.65720594146024,90.0,102.94265634302049,131.65720594146023,90.0,102.94265634302049
5.339999999999974,-3.599999999998964,50.0,180.0,41.65720594146024,90.0,102.94265634302049,48.34279405853976,90.0,257.0573436569795
5.339999999999974,5.358267949788592,50.0,196.88655851004205,31.0689125777388,90.00000000000001,117.7519732252927,58.9310874222612,90.00000000000001,242.24802677470728
5.359999999999974,6.374239897485621,-50.0,195.4102648555179,31.492010661340586,90.0,116.36955635574841,121.49201066134059,90.0,131.36955635574841
5.359999999999974,-4.399999999998947,-50.0,180.0,41.90409593927253,90.0,102.95690871161041,131.90409593927254,90.0,102.95690871161041
5.359999999999974,-4.399999999998947,50.0,180.0,41.90409593927253,90.0,102.95690871161041,48.09590406072747,90.0,257.0430912883896
5.359999999999974,6.374239897485621,50.0,195.4102648555179,31.492010661340586,90.0,116.36955635574841,58.507989338659414,90.0,243.63044364425159
5.379999999999973,7.289686274212964,-50.0,193.69094211857623,32.04272671276659,90.0,114.78992473284057,122.04272671276658,90.0,129.78992473284057
5.379999999999973,-5.19999999999893,-50.0,180.0,42.14940386780923,90.0,102.97401263077562,132.1494038678092,90.0,102.97401263077562
5.379999999999973,-5.19999999999893,50.0,180.0,42.14940386780923,90.0,102.97401263077562,47.85059613219077,90.0,257.02598736922437
5.379999999999973,7.289686274212964,50.0,193.69094211857623,32.04272671276659,90.0,114.78992473284057,57.95727328723341,90.0,245.21007526715943
5.399999999999973,8.090169943748469,-50.0,191.75570504585224,32.70695208118104,90.0,113.04810487208407,122.70695208118104,90.0,128.04810487208408
5.399999999999973,-5.999999999998913,-50.0,180.0,42.393119466128155,90.0,102.99396869012566,132.39311946612816,90.0,102.99396869012566
5.399999999999973,-5.999999999998913,50.0,180.0,42.393119466128155,90.0,102.99396869012566,47.606880533871845,90.0,257.00603130987434
5.399999999999973,8.090169943748469,50.0,191.75570504585224,32.70695208118104,90.0,113.04810487208407,57.29304791881896,90.0,246.95189512791592
5.419999999999972,8.7630668004378,-50.0,189.63507348203734,33.47013007485807,90.0,111.17989769383419,123.47013007485808,90.0,126.17989769383419
5.419999999999972,-6.799999999998896,-50.0,180.0,42.63523244701967,90.0,103.01677757940128,132.63523244701966,90.0,103.01677757940128
5.419999999999972,-6.799999999998896,50.0,180.0,42.63523244701967,90.0,103.01677757940128,47.36476755298033,90.0,256.98322242059874
5.419999999999972,8.7630668004378,50.0,189.63507348203734,33.47013007485807,90.0,111.17989769383419,56.52986992514193,90.0,248.8201023061658
5.439999999999972,9.297764858881866,-50.0,187.36249105369683,34.31773560498032,90.0,109.22084993499202,124.31773560498033,90.0,124.22084993499202
5.439999999999972,-7.599999999998879,-50.0,180.0,42.875732498871606,90.0,103.04244008933647,132.8757324988716,90.0,103.04244008933647
5.439999999999972,-7.599999999998879,50.0,180.0,42.875732498871606,90.0,103.04244008933647,47.124267501128394,90.0,256.9575599106635
5.439999999999972,9.297764858881866,50.0,187.36249105369683,34.31773560498032,90.0,109.22084993499202,55.68226439501968,90.0,250.77915006500797
5.4599999999999715,9.685831611285865,-50.0,184.97379774330057,35.23558380599637,90.0,107.20551775927045,125.23558380599637,90.0,122.20551775927045
5.4599999999999715,-8.399999999998862,-50.0,180.0,43.11460928745375,90.0,103.0709571126455,133.11460928745376,90.0,103.0709571126455
5.4599999999999715,-8.399999999998862,50.0,180.0,43.11460928745375,90.0,103.0709571126455,46.88539071254625,90.0,256.9290428873545
5.4599999999999715,9.685831611285865,50.0,184.97379774330057,35.23558380599637,90.0,107.20551775927045,54.76441619400363,90.0,252.79448224072956
5.479999999999971,9.921147013144552,-50.0,182.50666467128968,36.20998733765134,90.0,105.16698203823499,126.20998733765134,90.0,120.16698203823499
5.479999999999971,-9.199999999998845,-50.0,180.0,43.35185245762021,90.0,103.10232964513543,133.35185245762023,90.0,103.10232964513543
5.479999999999971,-9.199999999998845,50.0,180.0,43.35185245762021,90.0,103.10232964513543,46.64814754237979,90.0,256.89767035486454
5.479999999999971,9.921147013144552,50.0,182.50666467128968,36.20998733765134,90.0,105.16698203823499,53.79001266234866,90.0,254.833017961765
5.499999999999971,10.0,-50.0,180.0000000000037,37.22779139519801,90.0,103.13655878694783,127.22779139519801,90.0,118.13655878694783
5.499999999999971,-9.999999999998828,-50.0,180.0,43.58745163492765,90.0,103.1365587869448,133.58745163492765,90.0,103.1365587869448
5.499999999999971,-9.999999999998828,50.0,180.0,43.58745163492765,90.0,103.1365587869448,46.41254836507235,90.0,256.8634412130552
5.499999999999971,10.0,50.0,180.0000000000037,37.22779139519801,90.0,103.13655878694783,52.77220860480199,90.0,256.86344121305217
5.51999999999997,9.20000000000119,-50.0,180.0,37.5000426569435,90.0,103.10232964513551,127.50004265694349,90.0,118.10232964513551
5.51999999999997,-9.921147013145013,-50.0,182.50666467128238,42.4331126009953,90.0,105.16698203822904,132.4331126009953,90.0,105.16698203822904
5.51999999999997,-9.921147013145013,50.0,182.50666467128238,42.4331126009953,90.0,105.16698203822904,47.5668873990047,90.0,254.83301796177096
5.51999999999997,9.20000000000119,50.0,180.0,37.5000426569435,90.0,103.10232964513551,52.4999573430565,90.0,256.8976703548645
5.53999999999997,8.400000000001207,-50.0,180.0,37.77088010090851,90.0,103.0709571126456,127.7708801009085,90.0,118.0709571126456
5.53999999999997,-9.685831611286783,-50.0,184.97379774329343,41.2304965713419,90.0,107.20551775926452,131.23049657134192,90.0,107.20551775926452
5.53999999999997,-9.685831611286783,50.0,184.97379774329343,41.2304965713419,90.0,107.20551775926452,48.7695034286581,90.0,252.79448224073548
5.53999999999997,8.400000000001207,50.0,180.0,37.77088010090851,90.0,103.0709571126456,52.22911989909149,90.0,256.9290428873544
5.559999999999969,7.6000000000012236,-50.0,180.0,38.04029426860782,90.0,103.04244008933657,128.04029426860782,90.0,118.04244008933657
5.559999999999969,-9.297764858883221,-50.0,187.36249105368998,39.99962033115751,90.0,109.22084993498622,129.9996203311575,90.0,109.22084993498622
5.559999999999969,-9.297764858883221,50.0,187.36249105368998,39.99962033115751,90.0,109.22084993498622,50.00037966884249,90.0,250.77915006501377
5.559999999999969,7.6000000000012236,50.0,180.0,38.04029426860782,90.0,103.04244008933657,51.95970573139218,90.0,256.95755991066346
5.579999999999969,6.800000000001241,-50.0,180.0,38.30827563272732,90.0,103.01677757940134,128.30827563272732,90.0,118.01677757940134
5.579999999999969,-8.763066800439574,-50.0,189.6350734820309,38.761659847774524,90.0,111.1798976938286,128.76165984777452,90.0,111.1798976938286
5.579999999999969,-8.763066800439574,50.0,189.6350734820309,38.761659847774524,90.0,111.1798976938286,51.238340152225476,90.0,248.8201023061714
5.579999999999969,6.800000000001241,50.0,180.0,38.30827563272732,90.0,103.01677757940134,51.69172436727268,90.0,256.9832224205987
5.599999999999969,6.000000000001258,-50.0,180.0,38.57481460013532,90.0,102.99396869012571,128.5748146001353,90.0,117.99396869012571
5.599999999999969,-8.090169943750636,-50.0,191.75570504584627,37.53870254254632,90.0,113.04810487207872,127.53870254254632,90.0,113.04810487207872
5.599999999999969,-8.090169943750636,50.0,191.75570504584627,37.53870254254632,90.0,113.04810487207872,52.46129745745368,90.0,246.95189512792126
5.599999999999969,6.000000000001258,50.0,180.0,38.57481460013532,90.0,102.99396869012571,51.42518539986468,90.0,257.0060313098743
5.619999999999968,5.200000000001275,-50.0,180.0,38.8399015148355,90.0,102.97401263077566,128.8399015148355,90.0,117.97401263077566
5.619999999999968,-7.2896862742154855,-50.0,193.69094211857086,36.353421051647665,90.0,114.78992473283569,126.35342105164767,90.0,114.78992473283569
5.619999999999968,-7.2896862742154855,50.0,193.69094211857086,36.353421051647665,90.0,114.78992473283569,53.646578948352335,90.0,245.2100752671643
5.619999999999968,5.200000000001275,50.0,180.0,38.8399015148355,90.0,102.97401263077566,51.1600984851645,90.0,257.02598736922437
5.639999999999968,4.400000000001292,-50.0,180.0,39.103526660861135,90.0,102.95690871161045,129.10352666086112,90.0,117.95690871161045
5.639999999999968,-6.374239897488461,-50.0,195.4102648555132,35.2286371914877,90.0,116.36955635574404,125.2286371914877,90.0,116.36955635574404
5.639999999999968,-6.374239897488461,50.0,195.4102648555132,35.2286371914877,90.0,116.36955635574404,54.7713628085123,90.0,243.63044364425596
5.639999999999968,4.400000000001292,50.0,180.0,39.103526660861135,90.0,102.95690871161045,50.896473339138865,90.0,257.0430912883895
5.659999999999967,3.600000000001309,-50.0,180.0,39.36568026510992,90.0,102.94265634302052,129.36568026510992,90.0,117.94265634302052
5.659999999999967,-5.358267949791702,-50.0,196.8865585100381,34.18675241066531,90.0,117.75197322528896,124.1867524106653,90.0,117.75197322528896
5.659999999999967,-5.358267949791702,50.0,196.8865585100381,34.18675241066531,90.0,117.75197322528896,55.81324758933469,90.0,242.24802677471104
5.659999999999967,3.600000000001309,50.0,180.0,39.36568026510992,90.0,102.94265634302052,50.63431973489008,90.0,257.05734365697947
5.679999999999967,2.800000000001326,-50.0,180.0,39.626352500118024,90.0,102.93125503478956,129.62635250011803,90.0,117.93125503478956
5.679999999999967,-4.257792915652611,-50.0,198.0965410493186,33.24903976509055,90.0,118.90424778547198,123.24903976509054,90.0,118.90424778547198
5.679999999999967,-4.257792915652611,50.0,198.0965410493186,33.24903976509055,90.0,118.90424778547198,56.75096023490945,90.0,241.09575221452803
5.679999999999967,2.800000000001326,50.0,180.0,39.626352500118024,90.0,102.93125503478956,50.373647499881976,90.0,257.06874496521044
5.699999999999966,2.000000000001343,-50.0,180.0,39.88553348677236,90.0,102.92270439548038,129.88553348677237,90.0,117.92270439548038
5.699999999999966,-3.090169943751481,-50.0,199.02113032590177,32.43482337717455,90.0,119.79711610919712,122.43482337717455,90.0,119.79711610919712
5.699999999999966,-3.090169943751481,50.0,199.02113032590177,32.43482337717455,90.0,119.79711610919712,57.56517662282545,90.0,240.20288389080287
5.699999999999966,2.000000000001343,50.0,180.0,39.88553348677236,90.0,102.92270439548038,50.11446651322764,90.0,257.07729560451963
5.719999999999966,1.20000000000136,-50.0,180.0,40.14321329695993,90.0,102.91700413194414,130.1432132969599,90.0,117.91700413194414
5.719999999999966,-1.8738131458593454,-50.0,199.64574501457298,31.760610659467247,90.00000000000001,120.40665142719492,121.76061065946725,89.99999999999999,120.40665142719492
5.719999999999966,-1.8738131458593454,50.0,199.64574501457298,31.760610659467247,90.00000000000001,120.40665142719492,58.23938934053275,90.00000000000001,239.5933485728051
5.719999999999966,1.20000000000136,50.0,180.0,40.14321329695993,90.0,102.91700413194414,49.85678670304007,90.0,257.08299586805583
5.739999999999966,0.40000000000137703,-50.0,180.0,40.399381956152766,90.0,102.9141540489525,130.39938195615275,90.0,117.9141540489525
5.739999999999966,-0.6279051952952936,-50.0,199.96053456856515,31.239280013421382,90.0,120.71584368328757,121.23928001342138,90.0,120.71584368328757
5.739999999999966,-0.6279051952952936,50.0,199.96053456856515,31.239280013421382,90.0,120.71584368328757,58.76071998657862,90.0,239.28415631671243
5.739999999999966,0.40000000000137703,50.0,180.0,40.399381956152766,90.0,102.9141540489525,49.600618043847234,90.0,257.08584595104753
5.759999999999965,-0.3999999999986059,-50.0,180.0,40.65402944592752,90.0,102.9141540489525,130.6540294459275,90.0,117.9141540489525
5.759999999999965,0.6279051952909467,-50.0,199.96053456856572,30.879447014828408,90.0,120.71584368328816,120.8794470148284,90.0,120.71584368328816
5.759999999999965,0.6279051952909467,50.0,199.96053456856572,30.879447014828408,90.0,120.71584368328816,59.12055298517159,90.0,239.28415631671186
5.759999999999965,-0.3999999999986059,50.0,180.0,40.65402944592752,90.0,102.9141540489525,49.34597055407248,90.0,257.08584595104753
5.779999999999965,-1.1999999999985889,-50.0,180.0,40.907145706417964,90.0,102.91700413194414,130.90714570641796,90.0,117.91700413194414
5.779999999999965,1.8738131458550695,-50.0,199.6457450145746,30.685121347373453,90.0,120.40665142719654,120.68512134737345,90.0,120.40665142719654
5.779999999999965,1.8738131458550695,50.0,199.6457450145746,30.685121347373453,90.0,120.40665142719654,59.31487865262655,90.0,239.59334857280345
5.779999999999965,-1.1999999999985889,50.0,180.0,40.907145706417964,90.0,102.91700413194414,49.092854293582036,90.0,257.08299586805583
5.799999999999964,-1.9999999999985718,-50.0,180.0,41.15872063869931,90.0,102.92270439548037,131.15872063869932,90.0,117.92270439548037
5.799999999999964,3.0901699437473407,-50.0,199.02113032590447,30.65572113492835,90.00000000000001,119.79711610919976,120.65572113492834,89.99999999999999,119.79711610919976
5.799999999999964,3.0901699437473407,50.0,199.02113032590447,30.65572113492835,90.00000000000001,119.79711610919976,59.34427886507165,90.00000000000001,240.20288389080025
5.799999999999964,-1.9999999999985718,50.0,180.0,41.15872063869931,90.0,102.92270439548037,48.84127936130069,90.0,257.07729560451963
5.819999999999964,-2.7999999999985548,-50.0,180.0,41.408744107103,90.0,102.93125503478953,131.408744107103,90.0,117.93125503478953
5.819999999999964,4.25779291564867,-50.0,198.09654104932233,30.78644242053391,90.0,118.90424778547555,120.78644242053392,90.0,118.90424778547555
5.819999999999964,4.25779291564867,50.0,198.09654104932233,30.78644242053391,90.0,118.90424778547555,59.21355757946609,90.0,241.09575221452445
5.819999999999964,-2.7999999999985548,50.0,180.0,41.408744107103,90.0,102.93125503478953,48.591255892897,90.0,257.0687449652105
5.839999999999963,-3.5999999999985377,-50.0,180.0,41.65720594146011,90.0,102.94265634302049,131.65720594146012,90.0,117.94265634302049
5.839999999999963,5.358267949788026,-50.0,196.88655851004276,31.068912577738622,90.00000000000001,117.75197322529334,121.06891257773862,89.99999999999999,117.75197322529334
5.839999999999963,5.358267949788026,50.0,196.88655851004276,31.068912577738622,90.00000000000001,117.75197322529334,58.93108742226138,90.00000000000001,242.24802677470666
5.839999999999963,-3.5999999999985377,50.0,180.0,41.65720594146011,90.0,102.94265634302049,48.34279405853989,90.0,257.0573436569795
5.859999999999963,-4.399999999998521,-50.0,180.0,41.90409593927241,90.0,102.9569087116104,131.9040959392724,90.0,117.9569087116104
5.859999999999963,6.374239897485108,-50.0,195.41026485551873,31.49201066134034,90.0,116.36955635574918,121.49201066134034,90.0,116.36955635574918
5.859999999999963,6.374239897485108,50.0,195.41026485551873,31.49201066134034,90.0,116.36955635574918,58.507989338659655,90.0,243.63044364425082
5.859999999999963,-4.399999999998521,50.0,180.0,41.90409593927241,90.0,102.9569087116104,48.09590406072759,90.0,257.04309128838963
5.879999999999963,-5.199999999998504,-50.0,180.0,42.1494038678091,90.0,102.97401263077559,132.1494038678091,90.0,117.97401263077559
5.879999999999963,7.289686274212506,-50.0,193.6909421185772,32.04272671276626,90.0,114.78992473284147,122.04272671276627,90.0,114.78992473284147
5.879999999999963,7.289686274212506,50.0,193.6909421185772,32.04272671276626,90.0,114.78992473284147,57.95727328723374,90.0,245.21007526715852
5.879999999999963,-5.199999999998504,50.0,180.0,42.1494038678091,90.0,102.97401263077559,47.8505961321909,90.0,257.0259873692244
5.899999999999962,-5.9999999999984865,-50.0,180.0,42.393119466128034,90.0,102.99396869012563,132.39311946612804,90.0,117.99396869012563
5.899999999999962,8.090169943748077,-50.0,191.75570504585332,32.70695208118067,90.0,113.04810487208502,122.70695208118067,90.0,113.04810487208502
5.899999999999962,8.090169943748077,50.0,191.75570504585332,32.70695208118067,90.0,113.04810487208502,57.29304791881933,90.0,246.95189512791498
5.899999999999962,-5.9999999999984865,50.0,180.0,42.393119466128034,90.0,102.99396869012563,47.606880533871966,90.0,257.0060313098744
5.919999999999962,-6.7999999999984695,-50.0,180.0,42.63523244701953,90.0,103.01677757940128,132.63523244701952,90.0,118.01677757940128
5.919999999999962,8.763066800437477,-50.0,189.63507348203854,33.47013007485762,90.0,111.17989769383526,123.47013007485762,90.0,111.17989769383526
5.919999999999962,8.763066800437477,50.0,189.63507348203854,33.47013007485762,90.0,111.17989769383526,56.52986992514238,90.0,248.82010230616476
5.919999999999962,-6.7999999999984695,50.0,180.0,42.63523244701953,90.0,103.01677757940128,47.36476755298047,90.0,256.98322242059874
5.939999999999961,-7.599999999998452,-50.0,180.0,42.875732498871464,90.0,103.04244008933647,132.87573249887146,90.0,118.04244008933647
5.939999999999961,9.297764858881619,-50.0,187.36249105369808,34.31773560497982,90.0,109.22084993499313,124.31773560497982,90.0,109.22084993499313
5.939999999999961,9.297764858881619,50.0,187.36249105369808,34.31773560497982,90.0,109.22084993499313,55.68226439502018,90.0,250.7791500650069
5.939999999999961,-7.599999999998452,50.0,180.0,42.875732498871464,90.0,103.04244008933647,47.124267501128536,90.0,256.9575599106635
5.959999999999961,-8.399999999998435,-50.0,180.0,43.11460928745363,90.0,103.07095711264549,133.11460928745362,90.0,118.07095711264549
5.959999999999961,9.6858316112857,-50.0,184.97379774330187,35.23558380599586,90.0,107.20551775927156,125.23558380599586,90.0,107.20551775927156
5.959999999999961,9.6858316112857,50.0,184.97379774330187,35.23558380599586,90.0,107.20551775927156,54.76441619400414,90.0,252.79448224072843
5.959999999999961,-8.399999999998435,50.0,180.0,43.11460928745363,90.0,103.07095711264549,46.88539071254637,90.0,256.9290428873545
5.9799999999999605,-9.199999999998418,-50.0,180.0,43.35185245762008,90.0,103.1023296451354,133.35185245762008,90.0,118.1023296451354
5.9799999999999605,9.921147013144466,-50.0,182.50666467129102,36.20998733765081,90.0,105.16698203823609,126.2099873376508,90.0,105.16698203823609
5.9799999999999605,9.921147013144466,50.0,182.50666467129102,36.20998733765081,90.0,105.16698203823609,53.79001266234919,90.0,254.83301796176391
5.9799999999999605,-9.199999999998418,50.0,180.0,43.35185245762008,90.0,103.1023296451354,46.64814754237992,90.0,256.8976703548646
5.99999999999996,-9.999999999998401,-50.0,180.0,43.587451634927525,90.0,103.13655878694479,133.58745163492753,90.0,118.13655878694479
5.99999999999996,10.0,-50.0,180.00000000000503,37.22779139519746,90.0,103.1365587869489,127.22779139519746,90.0,103.1365587869489
5.99999999999996,10.0,50.0,180.00000000000503,37.22779139519746,90.0,103.1365587869489,52.77220860480254,90.0,256.8634412130511
5.99999999999996,-9.999999999998401,50.0,180.0,43.587451634927525,90.0,103.13655878694479,46.412548365072475,90.0,256.86344121305524
6.01999999999996,-9.921147013145097,-50.0,182.50666467128104,42.43311260099593,90.0,105.16698203822793,132.43311260099594,90.0,120.16698203822793
6.01999999999996,9.200000000001616,-50.0,180.0,37.50004265694336,90.0,103.10232964513554,127.50004265694335,90.0,103.10232964513554
6.01999999999996,9.200000000001616,50.0,180.0,37.50004265694336,90.0,103.10232964513554,52.49995734305664,90.0,256.89767035486443
6.01999999999996,-9.921147013145097,50.0,182.50666467128104,42.43311260099593,90.0,105.16698203822793,47.56688739900407,90.0,254.83301796177207
6.039999999999959,-9.685831611286948,-50.0,184.97379774329212,41.23049657134258,90.0,107.2055177592634,131.23049657134257,90.0,122.2055177592634
6.039999999999959,8.400000000001633,-50.0,180.0,37.770880100908364,90.0,103.07095711264562,127.77088010090836,90.0,103.07095711264562
6.039999999999959,8.400000000001633,50.0,180.0,37.770880100908364,90.0,103.07095711264562,52.229119899091636,90.0,256.9290428873544
6.039999999999959,-9.685831611286948,50.0,184.97379774329212,41.23049657134258,90.0,107.2055177592634,48.76950342865742,90.0,252.7944822407366
6.059999999999959,-9.297764858883468,-50.0,187.36249105368873,39.99962033115817,90.0,109.22084993498515,129.99962033115816,90.0,124.22084993498515
6.059999999999959,7.60000000000165,-50.0,180.0,38.04029426860769,90.0,103.04244008933657,128.04029426860768,90.0,103.04244008933657
6.059999999999959,7.60000000000165,50.0,180.0,38.04029426860769,90.0,103.04244008933657,51.95970573139231,90.0,256.95755991066346
6.059999999999959,-9.297764858883468,50.0,187.36249105368873,39.99962033115817,90.0,109.22084993498515,50.00037966884183,90.0,250.77915006501485
6.079999999999958,-8.763066800439898,-50.0,189.63507348202972,38.76165984777517,90.0,111.17989769382757,128.76165984777518,90.0,126.17989769382757
6.079999999999958,6.800000000001667,-50.0,180.0,38.308275632727174,90.0,103.01677757940136,128.30827563272717,90.0,103.01677757940136
6.079999999999958,6.800000000001667,50.0,180.0,38.308275632727174,90.0,103.01677757940136,51.691724367272826,90.0,256.9832224205986
6.079999999999958,-8.763066800439898,50.0,189.63507348202972,38.76165984777517,90.0,111.17989769382757,51.23834015222483,90.0,248.82010230617243
6.099999999999958,-8.09016994375103,-50.0,191.7557050458452,37.53870254254694,90.0,113.04810487207776,127.53870254254694,90.0,128.04810487207777
6.099999999999958,6.000000000001684,-50.0,180.0,38.57481460013517,90.0,102.99396869012573,128.57481460013517,90.0,102.99396869012573
6.099999999999958,6.000000000001684,50.0,180.0,38.57481460013517,90.0,102.99396869012573,51.42518539986483,90.0,257.0060313098743
6.099999999999958,-8.09016994375103,50.0,191.7557050458452,37.53870254254694,90.0,113.04810487207776,52.46129745745306,90.0,246.95189512792223
6.1199999999999575,-7.289686274215944,-50.0,193.69094211856986,36.35342105164828,90.0,114.7899247328348,126.35342105164828,90.0,129.7899247328348
6.1199999999999575,5.200000000001701,-50.0,180.0,38.83990151483535,90.0,102.97401263077569,128.83990151483533,90.0,102.97401263077569
6.1199999999999575,5.200000000001701,50.0,180.0,38.83990151483535,90.0,102.97401263077569,51.16009848516465,90.0,257.0259873692243
6.1199999999999575,-7.289686274215944,50.0,193.69094211856986,36.35342105164828,90.0,114.7899247328348,53.64657894835172,90.0,245.2100752671652
6.139999999999957,-6.374239897488977,-50.0,195.41026485551234,35.22863719148827,90.0,116.36955635574324,125.22863719148827,90.0,131.36955635574324
6.139999999999957,4.400000000001718,-50.0,180.0,39.10352666086101,90.0,102.95690871161045,129.103526660861,90.0,102.95690871161045
6.139999999999957,4.400000000001718,50.0,180.0,39.10352666086101,90.0,102.95690871161045,50.89647333913899,90.0,257.0430912883895
6.139999999999957,-6.374239897488977,50.0,195.41026485551234,35.22863719148827,90.0,116.36955635574324,54.77136280851173,90.0,243.63044364425676
6.159999999999957,-5.358267949792268,-50.0,196.8865585100374,34.18675241066583,90.0,117.75197322528827,124.18675241066583,90.0,132.75197322528828
6.159999999999957,3.600000000001735,-50.0,180.0,39.36568026510979,90.0,102.94265634302052,129.3656802651098,90.0,102.94265634302052
6.159999999999957,3.600000000001735,50.0,180.0,39.36568026510979,90.0,102.94265634302052,50.63431973489021,90.0,257.05734365697947
6.159999999999957,-5.358267949792268,50.0,196.8865585100374,34.18675241066583,90.0,117.75197322528827,55.81324758933417,90.0,242.24802677471172
6.179999999999956,-4.2577929156532175,-50.0,198.09654104931803,33.249039765091005,90.0,118.90424778547144,123.249039765091,90.0,133.90424778547145
6.179999999999956,2.800000000001752,-50.0,180.0,39.62635250011788,90.0,102.93125503478957,129.6263525001179,90.0,102.93125503478957
6.179999999999956,2.800000000001752,50.0,180.0,39.62635250011788,90.0,102.93125503478957,50.37364749988212,90.0,257.06874496521044
6.179999999999956,-4.2577929156532175,50.0,198.09654104931803,33.249039765091005,90.0,118.90424778547144,56.750960234908995,90.0,241.09575221452855
6.199999999999956,-3.0901699437521186,-50.0,199.02113032590137,32.43482337717494,90.0,119.79711610919674,122.43482337717495,90.0,134.79711610919674
6.199999999999956,2.0000000000017693,-50.0,180.0,39.88553348677222,90.0,102.92270439548038,129.8855334867722,90.0,102.92270439548038
6.199999999999956,2.0000000000017693,50.0,180.0,39.88553348677222,90.0,102.92270439548038,50.11446651322778,90.0,257.07729560451963
6.199999999999956,-3.0901699437521186,50.0,199.02113032590137,32.43482337717494,90.0,119.79711610919674,57.56517662282506,90.0,240.20288389080326
6.219999999999955,-1.873813145860002,-50.0,199.64574501457273,31.76061065946754,90.0,120.4066514271947,121.76061065946755,90.0,135.4066514271947
6.219999999999955,1.2000000000017863,-50.0,180.0,40.14321329695977,90.0,102.91700413194417,130.14321329695977,90.0,102.91700413194417
6.219999999999955,1.2000000000017863,50.0,180.0,40.14321329695977,90.0,102.91700413194417,49.85678670304023,90.0,257.08299586805583
6.219999999999955,-1.873813145860002,50.0,199.64574501457273,31.76061065946754,90.0,120.4066514271947,58.239389340532455,90.0,239.5933485728053
6.239999999999955,-0.6279051952959608,-50.0,199.96053456856507,31.239280013421617,90.00000000000001,120.71584368328749,121.23928001342162,89.99999999999999,135.7158436832875
6.239999999999955,0.40000000000180336,-50.0,180.0,40.39938195615263,90.0,102.9141540489525,130.39938195615264,90.0,102.9141540489525
6.239999999999955,0.40000000000180336,50.0,180.0,40.39938195615263,90.0,102.9141540489525,49.60061804384737,90.0,257.08584595104753
6.239999999999955,-0.6279051952959608,50.0,199.96053456856507,31.239280013421617,90.00000000000001,120.71584368328749,58.76071998657838,90.00000000000001,239.2841563167125
6.2599999999999545,0.6279051952902798,-50.0,199.96053456856578,30.8794470148286,90.0,120.71584368328816,120.8794470148286,90.0,135.71584368328814
6.2599999999999545,-0.3999999999981796,-50.0,180.0,40.654029445927385,90.0,102.9141540489525,130.6540294459274,90.0,102.9141540489525
6.2599999999999545,-0.3999999999981796,50.0,180.0,40.654029445927385,90.0,102.9141540489525,49.345970554072615,90.0,257.08584595104753
6.2599999999999545,0.6279051952902798,50.0,199.96053456856578,30.8794470148286,90.0,120.71584368328816,59.1205529851714,90.0,239.28415631671186
6.279999999999954,1.8738131458544105,-50.0,199.64574501457486,30.68512134737351,90.00000000000001,120.40665142719679,120.68512134737351,89.99999999999999,135.40665142719678
6.279999999999954,-1.1999999999981625,-50.0,180.0,40.90714570641782,90.0,102.91700413194414,130.90714570641782,90.0,102.91700413194414
6.279999999999954,-1.1999999999981625,50.0,180.0,40.90714570641782,90.0,102.91700413194414,49.09285429358218,90.0,257.08299586805583
6.279999999999954,1.8738131458544105,50.0,199.64574501457486,30.68512134737351,90.00000000000001,120.40665142719679,59.31487865262649,90.00000000000001,239.59334857280322
6.299999999999954,3.090169943746703,-50.0,199.02113032590486,30.655721134928335,90.0,119.79711610920015,120.65572113492834,90.0,134.79711610920015
6.299999999999954,-1.9999999999981455,-50.0,180.0,41.15872063869917,90.0,102.92270439548037,131.15872063869918,90.0,102.92270439548037
6.299999999999954,-1.9999999999981455,50.0,180.0,41.15872063869917,90.0,102.92270439548037,48.84127936130083,90.0,257.07729560451963
6.299999999999954,3.090169943746703,50.0,199.02113032590486,30.655721134928335,90.0,119.79711610920015,59.344278865071665,90.0,240.20288389079985
6.319999999999953,4.257792915648067,-50.0,198.0965410493229,30.786442420533795,90.0,118.9042477854761,120.7864424205338,90.0,133.90424778547612
6.319999999999953,-2.7999999999981284,-50.0,180.0,41.40874410710287,90.0,102.9312550347895,131.40874410710288,90.0,102.9312550347895
6.319999999999953,-2.7999999999981284,50.0,180.0,41.40874410710287,90.0,102.9312550347895,48.59125589289713,90.0,257.0687449652105
6.319999999999953,4.257792915648067,50.0,198.0965410493229,30.786442420533795,90.0,118.9042477854761,59.213557579466205,90.0,241.09575221452388
6.339999999999953,5.35826794978746,-50.0,196.88655851004347,31.068912577738427,90.0,117.75197322529405,121.06891257773843,90.0,132.75197322529405
6.339999999999953,-3.5999999999981114,-50.0,180.0,41.65720594145998,90.0,102.94265634302049,131.65720594145998,90.0,102.94265634302049
6.339999999999953,-3.5999999999981114,50.0,180.0,41.65720594145998,90.0,102.94265634302049,48.34279405854002,90.0,257.0573436569795
6.339999999999953,5.35826794978746,50.0,196.88655851004347,31.068912577738427,90.0,117.75197322529405,58.93108742226157,90.0,242.24802677470595
6.359999999999952,6.374239897484591,-50.0,195.41026485551959,31.49201066134008,90.0,116.36955635574996,121.49201066134007,90.0,131.36955635574998
6.359999999999952,-4.399999999998094,-50.0,180.0,41.904095939272274,90.0,102.9569087116104,131.90409593927228,90.0,102.9569087116104
6.359999999999952,-4.399999999998094,50.0,180.0,41.904095939272274,90.0,102.9569087116104,48.095904060727726,90.0,257.04309128838963
6.359999999999952,6.374239897484591,50.0,195.41026485551959,31.49201066134008,90.0,116.36955635574996,58.507989338659925,90.0,243.63044364425002
6.379999999999952,7.2896862742120465,-50.0,193.6909421185782,32.04272671276594,90.0,114.78992473284235,122.04272671276594,90.0,129.78992473284234
6.379999999999952,-5.199999999998077,-50.0,180.0,42.149403867808964,90.0,102.97401263077559,132.14940386780896,90.0,102.97401263077559
6.379999999999952,-5.199999999998077,50.0,180.0,42.149403867808964,90.0,102.97401263077559,47.850596132191036,90.0,257.0259873692244
6.379999999999952,7.2896862742120465,50.0,193.6909421185782,32.04272671276594,90.0,114.78992473284235,57.95727328723406,90.0,245.21007526715766
6.3999999999999515,8.090169943747682,-50.0,191.7557050458544,32.70695208118028,90.0,113.04810487208599,122.70695208118028,90.0,128.048104872086
6.3999999999999515,-5.99999999999806,-50.0,180.0,42.3931194661279,90.0,102.99396869012563,132.3931194661279,90.0,102.99396869012563
6.3999999999999515,-5.99999999999806,50.0,180.0,42.3931194661279,90.0,102.99396869012563,47.6068805338721,90.0,257.0060313098744
6.3999999999999515,8.090169943747682,50.0,191.7557050458544,32.70695208118028,90.0,113.04810487208599,57.29304791881972,90.0,246.951895127914
6.419999999999951,8.763066800437153,-50.0,189.6350734820397,33.47013007485718,90.0,111.17989769383628,123.47013007485718,90.0,126.17989769383628
6.419999999999951,-6.799999999998043,-50.0,180.0,42.63523244701941,90.0,103.01677757940125,132.6352324470194,90.0,103.01677757940125
6.419999999999951,-6.799999999998043,50.0,180.0,42.63523244701941,90.0,103.01677757940125,47.36476755298059,90.0,256.98322242059874
6.419999999999951,8.763066800437153,50.0,189.6350734820397,33.47013007485718,90.0,111.17989769383628,56.52986992514282,90.0,248.82010230616373
6.439999999999951,9.297764858881372,-50.0,187.36249105369933,34.31773560497936,90.0,109.22084993499418,124.31773560497936,90.0,124.22084993499418
6.439999999999951,-7.599999999998026,-50.0,180.0,42.87573249887134,90.0,103.04244008933644,132.87573249887134,90.0,103.04244008933644
6.439999999999951,-7.599999999998026,50.0,180.0,42.87573249887134,90.0,103.04244008933644,47.12426750112866,90.0,256.9575599106636
6.439999999999951,9.297764858881372,50.0,187.36249105369933,34.31773560497936,90.0,109.22084993499418,55.68226439502064,90.0,250.7791500650058
6.45999999999995,9.685831611285533,-50.0,184.97379774330315,35.23558380599537,90.0,107.20551775927262,125.23558380599536,90.0,122.20551775927262
6.45999999999995,-8.399999999998009,-50.0,180.0,43.11460928745349,90.0,103.07095711264549,133.1146092874535,90.0,103.07095711264549
6.45999999999995,-8.399999999998009,50.0,180.0,43.11460928745349,90.0,103.07095711264549,46.88539071254651,90.0,256.9290428873545
6.45999999999995,9.685831611285533,50.0,184.97379774330315,35.23558380599537,90.0,107.20551775927262,54.76441619400463,90.0,252.79448224072738
6.47999999999995,9.921147013144383,-50.0,182.50666467129236,36.20998733765027,90.00000000000001,105.16698203823718,126.20998733765026,89.99999999999999,120.16698203823718
6.47999999999995,-9.199999999997992,-50.0,180.0,43.351852457619955,90.0,103.1023296451354,133.35185245761994,90.0,103.1023296451354
6.47999999999995,-9.199999999997992,50.0,180.0,43.351852457619955,90.0,103.1023296451354,46.648147542380045,90.0,256.8976703548646
6.47999999999995,9.921147013144383,50.0,182.50666467129236,36.20998733765027,90.00000000000001,105.16698203823718,53.79001266234973,90.00000000000001,254.83301796176283
6.499999999999949,10.0,-50.0,180.00000000000637,37.2277913951969,90.0,103.13655878694998,127.2277913951969,90.0,118.13655878694998
6.499999999999949,-9.999999999997975,-50.0,180.0,43.58745163492741,90.0,103.13655878694476,133.58745163492742,90.0,103.13655878694476
6.499999999999949,-9.999999999997975,50.0,180.0,43.58745163492741,90.0,103.13655878694476,46.41254836507259,90.0,256.86344121305524
6.499999999999949,10.0,50.0,180.00000000000637,37.2277913951969,90.0,103.13655878694998,52.7722086048031,90.0,256.86344121305
6.519999999999949,9.200000000002042,-50.0,180.0,37.5000426569432,90.0,103.10232964513555,127.50004265694321,90.0,118.10232964513555
6.519999999999949,-9.92114701314518,-50.0,182.5066646712797,42.43311260099657,90.0,105.16698203822683,132.43311260099657,90.0,105.16698203822683
6.519999999999949,-9.92114701314518,50.0,182.5066646712797,42.43311260099657,90.0,105.16698203822683,47.56688739900343,90.0,254.83301796177318
6.519999999999949,9.200000000002042,50.0,180.0,37.5000426569432,90.0,103.10232964513555,52.4999573430568,90.0,256.89767035486443
6.5399999999999485,8.40000000000206,-50.0,180.0,37.77088010090822,90.0,103.07095711264562,127.77088010090822,90.0,118.07095711264562
6.5399999999999485,-9.685831611287115,-50.0,184.97379774329082,41.23049657134323,90.0,107.20551775926232,131.23049657134322,90.0,107.20551775926232
6.5399999999999485,-9.685831611287115,50.0,184.97379774329082,41.23049657134323,90.0,107.20551775926232,48.76950342865677,90.0,252.7944822407377
6.5399999999999485,8.40000000000206,50.0,180.0,37.77088010090822,90.0,103.07095711264562,52.22911989909178,90.0,256.9290428873544
6.559999999999948,7.600000000002076,-50.0,180.0,38.040294268607546,90.0,103.04244008933658,128.04029426860754,90.0,118.04244008933658
6.559999999999948,-9.297764858883715,-50.0,187.3624910536875,39.99962033115883,90.0,109.22084993498407,129.99962033115884,90.0,109.22084993498407
6.559999999999948,-9.297764858883715,50.0,187.3624910536875,39.99962033115883,90.0,109.22084993498407,50.00037966884117,90.0,250.77915006501593
6.559999999999948,7.600000000002076,50.0,180.0,38.040294268607546,90.0,103.04244008933658,51.959705731392454,90.0,256.9575599106634
6.579999999999948,6.800000000002093,-50.0,180.0,38.30827563272704,90.0,103.01677757940136,128.30827563272703,90.0,118.01677757940136
6.579999999999948,-8.763066800440221,-50.0,189.63507348202853,38.761659847775846,90.0,111.17989769382652,128.76165984777583,90.0,111.17989769382652
6.579999999999948,-8.763066800440221,50.0,189.63507348202853,38.761659847775846,90.0,111.17989769382652,51.238340152224154,90.0,248.82010230617348
6.579999999999948,6.800000000002093,50.0,180.0,38.30827563272704,90.0,103.01677757940136,51.69172436727296,90.0,256.9832224205986
6.599999999999947,6.00000000000211,-50.0,180.0,38.574814600135035,90.0,102.99396869012573,128.57481460013503,90.0,117.99396869012573
6.599999999999947,-8.090169943751423,-50.0,191.7557050458441,37.5387025425476,90.0,113.04810487207678,127.5387025425476,90.0,113.04810487207678
6.599999999999947,-8.090169943751423,50.0,191.7557050458441,37.5387025425476,90.0,113.04810487207678,52.4612974574524,90.0,246.95189512792322
6.599999999999947,6.00000000000211,50.0,180.0,38.574814600135035,90.0,102.99396869012573,51.425185399864965,90.0,257.0060313098743
6.619999999999947,5.200000000002127,-50.0,180.0,38.839901514835205,90.0,102.97401263077569,128.83990151483522,90.0,117.97401263077569
6.619999999999947,-7.289686274216402,-50.0,193.6909421185689,36.35342105164891,90.0,114.78992473283391,126.35342105164891,90.0,114.78992473283391
6.619999999999947,-7.289686274216402,50.0,193.6909421185689,36.35342105164891,90.0,114.78992473283391,53.64657894835109,90.0,245.21007526716608
6.619999999999947,5.200000000002127,50.0,180.0,38.839901514835205,90.0,102.97401263077569,51.160098485164795,90.0,257.0259873692243
6.639999999999946,4.400000000002144,-50.0,180.0,39.10352666086087,90.0,102.95690871161045,129.10352666086087,90.0,117.95690871161045
6.639999999999946,-6.374239897489494,-50.0,195.41026485551149,35.22863719148884,90.0,116.36955635574246,125.22863719148884,90.0,116.36955635574246
6.639999999999946,-6.374239897489494,50.0,195.41026485551149,35.22863719148884,90.0,116.36955635574246,54.77136280851116,90.0,243.63044364425753
6.639999999999946,4.400000000002144,50.0,180.0,39.10352666086087,90.0,102.95690871161045,50.89647333913913,90.0,257.0430912883895
6.659999999999946,3.6000000000021615,-50.0,180.0,39.365680265109646,90.0,102.94265634302054,129.36568026510963,90.0,117.94265634302054
6.659999999999946,-5.3582679497928325,-50.0,196.88655851003665,34.186752410666365,90.0,117.75197322528759,124.18675241066637,90.0,117.75197322528759
6.659999999999946,-5.3582679497928325,50.0,196.88655851003665,34.186752410666365,90.0,117.75197322528759,55.813247589333635,90.0,242.2480267747124
6.659999999999946,3.6000000000021615,50.0,180.0,39.365680265109646,90.0,102.94265634302054,50.634319734890354,90.0,257.05734365697947
6.6799999999999455,2.8000000000021785,-50.0,180.0,39.62635250011775,90.0,102.93125503478957,129.62635250011775,90.0,117.93125503478957
6.6799999999999455,-4.257792915653822,-50.0,198.09654104931747,33.24903976509148,90.00000000000001,118.90424778547089,123.24903976509148,89.99999999999999,118.90424778547089
6.6799999999999455,-4.257792915653822,50.0,198.09654104931747,33.24903976509148,90.00000000000001,118.90424778547089,56.75096023490852,90.00000000000001,241.0957522145291
6.6799999999999455,2.8000000000021785,50.0,180.0,39.62635250011775,90.0,102.93125503478957,50.37364749988225,90.0,257.06874496521044
6.699999999999945,2.0000000000021956,-50.0,180.0,39.88553348677208,90.0,102.92270439548038,129.8855334867721,90.0,117.92270439548038
6.699999999999945,-3.090169943752754,-50.0,199.02113032590094,32.43482337717534,90.0,119.79711610919632,122.43482337717535,90.0,119.79711610919632
6.699999999999945,-3.090169943752754,50.0,199.02113032590094,32.43482337717534,90.0,119.79711610919632,57.56517662282466,90.0,240.20288389080366
6.699999999999945,2.0000000000021956,50.0,180.0,39.88553348677208,90.0,102.92270439548038,50.11446651322792,90.0,257.07729560451963
6.719999999999945,1.2000000000022126,-50.0,180.0,40.14321329695964,90.0,102.91700413194417,130.14321329695963,90.0,117.91700413194417
6.719999999999945,-1.8738131458606608,-50.0,199.64574501457247,31.760610659467865,90.0,120.40665142719445,121.76061065946786,90.0,120.40665142719445
6.719999999999945,-1.8738131458606608,50.0,199.64574501457247,31.760610659467865,90.0,120.40665142719445,58.239389340532135,90.0,239.59334857280555
6.719999999999945,1.2000000000022126,50.0,180.0,40.14321329695964,90.0,102.91700413194417,49.85678670304036,90.0,257.08299586805583
6.739999999999944,0.4000000000022297,-50.0,180.0,40.39938195615249,90.0,102.9141540489525,130.3993819561525,90.0,117.9141540489525
6.739999999999944,-0.6279051952966299,-50.0,199.96053456856498,31.239280013421865,90.0,120.71584368328739,121.23928001342186,90.0,120.71584368328739
6.739999999999944,-0.6279051952966299,50.0,199.96053456856498,31.239280013421865,90.0,120.71584368328739,58.76071998657814,90.0,239.2841563167126
6.739999999999944,0.4000000000022297,50.0,180.0,40.39938195615249,90.0,102.9141540489525,49.60061804384751,90.0,257.08584595104753
6.759999999999944,-0.39999999999775326,-50.0,180.0,40.65402944592725,90.0,102.9141540489525,130.65402944592725,90.0,117.9141540489525
6.759999999999944,0.6279051952896104,-50.0,199.9605345685659,30.879447014828713,90.0,120.7158436832883,120.87944701482871,90.0,120.7158436832883
6.759999999999944,0.6279051952896104,50.0,199.9605345685659,30.879447014828713,90.0,120.7158436832883,59.12055298517129,90.0,239.2841563167117
6.759999999999944,-0.39999999999775326,50.0,180.0,40.65402944592725,90.0,102.9141540489525,49.34597055407275,90.0,257.08584595104753
6.779999999999943,-1.1999999999977362,-50.0,180.0,40.907145706417694,90.0,102.91700413194414,130.90714570641768,90.0,117.91700413194414
6.779999999999943,1.873813145853752,-50.0,199.6457450145751,30.685121347373574,90.0,120.40665142719705,120.68512134737358,90.0,120.40665142719705
6.779999999999943,1.873813145853752,50.0,199.6457450145751,30.685121347373574,90.0,120.40665142719705,59.314878652626426,90.0,239.59334857280294
6.779999999999943,-1.1999999999977362,50.0,180.0,40.907145706417694,90.0,102.91700413194414,49.092854293582306,90.0,257.08299586805583
6.799999999999943,-1.9999999999977192,-50.0,180.0,41.15872063869905,90.0,102.92270439548035,131.15872063869904,90.0,117.92270439548035
6.799999999999943,3.090169943746065,-50.0,199.0211303259053,30.655721134928307,90.0,119.79711610920056,120.65572113492831,90.0,119.79711610920056
6.799999999999943,3.090169943746065,50.0,199.0211303259053,30.655721134928307,90.0,119.79711610920056,59.34427886507169,90.0,240.20288389079946
6.799999999999943,-1.9999999999977192,50.0,180.0,41.15872063869905,90.0,102.92270439548035,48.84127936130095,90.0,257.07729560451963
6.8199999999999426,-2.799999999997702,-50.0,180.0,41.40874410710274,90.0,102.9312550347895,131.40874410710273,90.0,117.9312550347895
6.8199999999999426,4.25779291564746,-50.0,198.09654104932346,30.786442420533675,90.0,118.90424778547666,120.78644242053367,90.0,118.90424778547666
6.8199999999999426,4.25779291564746,50.0,198.09654104932346,30.786442420533675,90.0,118.90424778547666,59.213557579466325,90.0,241.09575221452334
6.8199999999999426,-2.799999999997702,50.0,180.0,41.40874410710274,90.0,102.9312550347895,48.59125589289726,90.0,257.0687449652105
6.839999999999942,-3.599999999997685,-50.0,180.0,41.65720594145984,90.0,102.94265634302046,131.65720594145984,90.0,117.94265634302046
6.839999999999942,5.358267949786893,-50.0,196.8865585100442,31.068912577738235,90.0,117.75197322529473,121.06891257773823,90.0,117.75197322529473
6.839999999999942,5.358267949786893,50.0,196.8865585100442,31.068912577738235,90.0,117.75197322529473,58.93108742226177,90.0,242.24802677470527
6.839999999999942,-3.599999999997685,50.0,180.0,41.65720594145984,90.0,102.94265634302046,48.34279405854016,90.0,257.0573436569795
6.859999999999942,-4.399999999997668,-50.0,180.0,41.90409593927213,90.0,102.9569087116104,131.90409593927214,90.0,117.9569087116104
6.859999999999942,6.374239897484074,-50.0,195.41026485552047,31.492010661339805,90.0,116.36955635575077,121.4920106613398,90.0,116.36955635575077
6.859999999999942,6.374239897484074,50.0,195.41026485552047,31.492010661339805,90.0,116.36955635575077,58.507989338660195,90.0,243.63044364424923
6.859999999999942,-4.399999999997668,50.0,180.0,41.90409593927213,90.0,102.9569087116104,48.09590406072787,90.0,257.04309128838963
6.879999999999941,-5.199999999997651,-50.0,180.0,42.149403867808836,90.0,102.97401263077558,132.14940386780884,90.0,117.97401263077558
6.879999999999941,7.28968627421159,-50.0,193.69094211857916,32.04272671276561,90.0,114.78992473284325,122.04272671276561,90.0,114.78992473284325
6.879999999999941,7.28968627421159,50.0,193.69094211857916,32.04272671276561,90.0,114.78992473284325,57.95727328723439,90.0,245.21007526715675
6.879999999999941,-5.199999999997651,50.0,180.0,42.149403867808836,90.0,102.97401263077558,47.850596132191164,90.0,257.0259873692244
6.899999999999941,-5.999999999997634,-50.0,180.0,42.39311946612778,90.0,102.99396869012561,132.39311946612779,90.0,117.99396869012561
6.899999999999941,8.090169943747288,-50.0,191.75570504585548,32.70695208117989,90.0,113.04810487208695,122.70695208117989,90.0,113.04810487208695
6.899999999999941,8.090169943747288,50.0,191.75570504585548,32.70695208117989,90.0,113.04810487208695,57.29304791882011,90.0,246.95189512791305
6.899999999999941,-5.999999999997634,50.0,180.0,42.39311946612778,90.0,102.99396869012561,47.60688053387222,90.0,257.0060313098744
6.91999999999994,-6.799999999997617,-50.0,180.0,42.63523244701927,90.0,103.01677757940125,132.63523244701926,90.0,118.01677757940125
6.91999999999994,8.763066800436834,-50.0,189.63507348204087,33.470130074856776,90.00000000000001,111.17989769383728,123.47013007485677,89.99999999999999,111.17989769383728
6.91999999999994,8.763066800436834,50.0,189.63507348204087,33.470130074856776,90.00000000000001,111.17989769383728,56.529869925143224,90.00000000000001,248.8201023061627
6.91999999999994,-6.799999999997617,50.0,180.0,42.63523244701927,90.0,103.01677757940125,47.36476755298073,90.0,256.98322242059874
6.93999999999994,-7.5999999999976,-50.0,180.0,42.875732498871216,90.0,103.04244008933642,132.87573249887123,90.0,118.04244008933642
6.93999999999994,9.297764858881125,-50.0,187.36249105370058,34.317735604978886,90.0,109.22084993499523,124.31773560497888,90.0,109.22084993499523
6.93999999999994,9.297764858881125,50.0,187.36249105370058,34.317735604978886,90.0,109.22084993499523,55.682264395021114,90.0,250.77915006500479
6.93999999999994,-7.5999999999976,50.0,180.0,42.875732498871216,90.0,103.04244008933642,47.124267501128784,90.0,256.9575599106636
6.95999999999994,-8.399999999997583,-50.0,180.0,43.114609287453376,90.0,103.07095711264546,133.1146092874534,90.0,118.07095711264546
6.95999999999994,9.685831611285368,-50.0,184.97379774330446,35.235583805994864,90.0,107.20551775927372,125.23558380599486,90.0,107.20551775927372
6.95999999999994,9.685831611285368,50.0,184.97379774330446,35.235583805994864,90.0,107.20551775927372,54.764416194005136,90.0,252.79448224072627
6.95999999999994,-8.399999999997583,50.0,180.0,43.114609287453376,90.0,103.07095711264546,46.885390712546624,90.0,256.9290428873545
6.979999999999939,-9.199999999997566,-50.0,180.0,43.351852457619835,90.0,103.10232964513537,133.35185245761983,90.0,118.10232964513537
6.979999999999939,9.9211470131443,-50.0,182.50666467129366,36.209987337649736,90.0,105.16698203823826,126.20998733764974,90.0,105.16698203823826
6.979999999999939,9.9211470131443,50.0,182.50666467129366,36.209987337649736,90.0,105.16698203823826,53.790012662350264,90.0,254.83301796176175
6.979999999999939,-9.199999999997566,50.0,180.0,43.351852457619835,90.0,103.10232964513537,46.648147542380165,90.0,256.89767035486466
6.999999999999939,-9.999999999997549,-50.0,180.0,43.58745163492727,90.0,103.13655878694476,133.58745163492728,90.0,118.13655878694476
6.999999999999939,10.0,-50.0,180.0000000000077,37.22779139519636,90.0,103.13655878695104,127.22779139519636,90.0,103.13655878695104
6.999999999999939,10.0,50.0,180.0000000000077,37.22779139519636,90.0,103.13655878695104,52.77220860480364,90.0,256.863441213049
6.999999999999939,-9.999999999997549,50.0,180.0,43.58745163492727,90.0,103.13655878694476,46.41254836507273,90.0,256.86344121305524
7.019999999999938,-9.921147013145264,-50.0,182.5066646712784,42.4331126009972,90.0,105.16698203822575,132.4331126009972,90.0,120.16698203822575
7.019999999999938,9.200000000002468,-50.0,180.0,37.50004265694306,90.0,103.10232964513558,127.50004265694307,90.0,103.10232964513558
7.019999999999938,9.200000000002468,50.0,180.0,37.50004265694306,90.0,103.10232964513558,52.49995734305694,90.0,256.89767035486443
7.019999999999938,-9.921147013145264,50.0,182.5066646712784,42.4331126009972,90.0,105.16698203822575,47.5668873990028,90.0,254.83301796177426
7.039999999999938,-9.685831611287282,-50.0,184.97379774328954,41.23049657134385,90.0,107.20551775926128,131.23049657134385,90.0,122.20551775926128
7.039999999999938,8.400000000002485,-50.0,180.0,37.77088010090807,90.0,103.07095711264564,127.77088010090807,90.0,103.07095711264564
7.039999999999938,8.400000000002485,50.0,180.0,37.77088010090807,90.0,103.07095711264564,52.22911989909193,90.0,256.92904288735434
7.039999999999938,-9.685831611287282,50.0,184.97379774328954,41.23049657134385,90.0,107.20551775926128,48.76950342865615,90.0,252.79448224073872
7.059999999999937,-9.297764858883962,-50.0,187.36249105368626,39.999620331159484,90.0,109.22084993498302,129.9996203311595,90.0,124.22084993498302
7.059999999999937,7.6000000000025025,-50.0,180.0,38.04029426860739,90.0,103.0424400893366,128.0402942686074,90.0,103.0424400893366
7.059999999999937,7.6000000000025025,50.0,180.0,38.04029426860739,90.0,103.0424400893366,51.95970573139261,90.0,256.9575599106634
7.059999999999937,-9.297764858883962,50.0,187.36249105368626,39.999620331159484,90.0,109.22084993498302,50.000379668840516,90.0,250.77915006501698
7.079999999999937,-8.763066800440543,-50.0,189.63507348202737,38.761659847776514,90.0,111.1798976938255,128.7616598477765,90.0,126.1798976938255
7.079999999999937,6.80000000000252,-50.0,180.0,38.30827563272689,90.0,103.01677757940139,128.3082756327269,90.0,103.01677757940139
7.079999999999937,6.80000000000252,50.0,180.0,38.30827563272689,90.0,103.01677757940139,51.69172436727311,90.0,256.9832224205986
7.079999999999937,-8.763066800440543,50.0,189.63507348202737,38.761659847776514,90.0,111.1798976938255,51.238340152223486,90.0,248.8201023061745
7.099999999999937,-8.090169943751816,-50.0,191.755705045843,37.53870254254825,90.0,113.04810487207581,127.53870254254825,90.0,128.0481048720758
7.099999999999937,6.000000000002537,-50.0,180.0,38.574814600134886,90.0,102.99396869012574,128.57481460013489,90.0,102.99396869012574
7.099999999999937,6.000000000002537,50.0,180.0,38.574814600134886,90.0,102.99396869012574,51.425185399865114,90.0,257.0060313098743
7.099999999999937,-8.090169943751816,50.0,191.755705045843,37.53870254254825,90.0,113.04810487207581,52.46129745745175,90.0,246.9518951279242
7.119999999999936,-7.289686274216861,-50.0,193.69094211856793,36.353421051649505,90.0,114.78992473283304,126.3534210516495,90.0,129.78992473283304
7.119999999999936,5.200000000002554,-50.0,180.0,38.83990151483508,90.0,102.97401263077569,128.83990151483508,90.0,102.97401263077569
7.119999999999936,5.200000000002554,50.0,180.0,38.83990151483508,90.0,102.97401263077569,51.16009848516492,90.0,257.0259873692243
7.119999999999936,-7.289686274216861,50.0,193.69094211856793,36.353421051649505,90.0,114.78992473283304,53.646578948350495,90.0,245.21007526716696
7.139999999999936,-6.374239897490009,-50.0,195.41026485551063,35.228637191489426,90.0,116.36955635574166,125.22863719148943,90.0,131.36955635574168
7.139999999999936,4.400000000002571,-50.0,180.0,39.10352666086071,90.0,102.95690871161048,129.10352666086072,90.0,102.95690871161048
7.139999999999936,4.400000000002571,50.0,180.0,39.10352666086071,90.0,102.95690871161048,50.89647333913929,90.0,257.0430912883895
7.139999999999936,-6.374239897490009,50.0,195.41026485551063,35.228637191489426,90.0,116.36955635574166,54.771362808510574,90.0,243.63044364425832
7.159999999999935,-5.358267949793398,-50.0,196.88655851003594,34.186752410666905,90.0,117.7519732252869,124.18675241066691,90.0,132.75197322528692
7.159999999999935,3.600000000002588,-50.0,180.0,39.3656802651095,90.0,102.94265634302054,129.36568026510952,90.0,102.94265634302054
7.159999999999935,3.600000000002588,50.0,180.0,39.3656802651095,90.0,102.94265634302054,50.6343197348905,90.0,257.05734365697947
7.159999999999935,-5.358267949793398,50.0,196.88655851003594,34.186752410666905,90.0,117.7519732252869,55.813247589333095,90.0,242.24802677471308
7.179999999999935,-4.257792915654429,-50.0,198.0965410493169,33.24903976509196,90.00000000000001,118.90424778547033,123.24903976509196,89.99999999999999,133.90424778547032
7.179999999999935,2.800000000002605,-50.0,180.0,39.62635250011761,90.0,102.93125503478957,129.6263525001176,90.0,102.93125503478957
7.179999999999935,2.800000000002605,50.0,180.0,39.62635250011761,90.0,102.93125503478957,50.37364749988239,90.0,257.06874496521044
7.179999999999935,-4.257792915654429,50.0,198.0965410493169,33.24903976509196,90.00000000000001,118.90424778547033,56.75096023490804,90.00000000000001,241.09575221452968
7.1999999999999345,-3.090169943753392,-50.0,199.02113032590051,32.434823377175725,90.00000000000001,119.79711610919595,122.43482337717572,89.99999999999999,134.79711610919594
7.1999999999999345,2.000000000002622,-50.0,180.0,39.88553348677195,90.0,102.92270439548038,129.88553348677195,90.0,102.92270439548038
7.1999999999999345,2.000000000002622,50.0,180.0,39.88553348677195,90.0,102.92270439548038,50.11446651322805,90.0,257.07729560451963
7.1999999999999345,-3.090169943753392,50.0,199.02113032590051,32.434823377175725,90.00000000000001,119.79711610919595,57.565176622824275,90.00000000000001,240.20288389080406
7.219999999999934,-1.8738131458613194,-50.0,199.6457450145722,31.760610659468195,90.00000000000001,120.40665142719418,121.7606106594682,89.99999999999999,135.40665142719416
7.219999999999934,1.200000000002639,-50.0,180.0,40.1432132969595,90.0,102.91700413194417,130.14321329695952,90.0,102.91700413194417
7.219999999999934,1.200000000002639,50.0,180.0,40.1432132969595,90.0,102.91700413194417,49.8567867030405,90.0,257.08299586805583
7.219999999999934,-1.8738131458613194,50.0,199.6457450145722,31.760610659468195,90.00000000000001,120.40665142719418,58.2393893405318,90.00000000000001,239.59334857280584
7.239999999999934,-0.6279051952972992,-50.0,199.9605345685649,31.239280013422093,90.00000000000001,120.71584368328732,121.23928001342209,89.99999999999999,135.71584368328732
7.239999999999934,0.400000000002656,-50.0,180.0,40.399381956152354,90.0,102.9141540489525,130.39938195615235,90.0,102.9141540489525
7.239999999999934,0.400000000002656,50.0,180.0,40.399381956152354,90.0,102.9141540489525,49.600618043847646,90.0,257.08584595104753
7.239999999999934,-0.6279051952972992,50.0,199.9605345685649,31.239280013422093,90.00000000000001,120.71584368328732,58.76071998657791,90.00000000000001,239.28415631671268
7.259999999999933,0.6279051952889435,-50.0,199.96053456856595,30.87944701482888,90.0,120.71584368328836,120.87944701482888,90.0,135.71584368328837
7.259999999999933,-0.39999999999732694,-50.0,180.0,40.654029445927115,90.0,102.91415404895247,130.6540294459271,90.0,102.91415404895247
7.259999999999933,-0.39999999999732694,50.0,180.0,40.654029445927115,90.0,102.91415404895247,49.345970554072885,90.0,257.08584595104753
7.259999999999933,0.6279051952889435,50.0,199.96053456856595,30.87944701482888,90.0,120.71584368328836,59.120552985171116,90.0,239.28415631671163
7.279999999999933,1.8738131458530956,-50.0,199.64574501457537,30.68512134737362,90.0,120.4066514271973,120.68512134737362,90.0,135.4066514271973
7.279999999999933,-1.1999999999973099,-50.0,180.0,40.90714570641756,90.0,102.91700413194414,130.90714570641757,90.0,102.91700413194414
7.279999999999933,-1.1999999999973099,50.0,180.0,40.90714570641756,90.0,102.91700413194414,49.09285429358244,90.0,257.08299586805583
7.279999999999933,1.8738131458530956,50.0,199.64574501457537,30.68512134737362,90.0,120.4066514271973,59.314878652626376,90.0,239.5933485728027
7.299999999999932,3.0901699437454293,-50.0,199.0211303259057,30.655721134928275,90.0,119.79711610920096,120.65572113492827,90.0,134.79711610920094
7.299999999999932,-1.9999999999972928,-50.0,180.0,41.158720638698924,90.0,102.92270439548035,131.15872063869892,90.0,102.92270439548035
7.299999999999932,-1.9999999999972928,50.0,180.0,41.158720638698924,90.0,102.92270439548035,48.841279361301076,90.0,257.07729560451963
7.299999999999932,3.0901699437454293,50.0,199.0211303259057,30.655721134928275,90.0,119.79711610920096,59.34427886507173,90.0,240.20288389079906
7.319999999999932,4.257792915646854,-50.0,198.09654104932403,30.786442420533565,90.0,118.9042477854772,120.78644242053356,90.0,133.9042477854772
7.319999999999932,-2.799999999997276,-50.0,180.0,41.4087441071026,90.0,102.9312550347895,131.4087441071026,90.0,102.9312550347895
7.319999999999932,-2.799999999997276,50.0,180.0,41.4087441071026,90.0,102.9312550347895,48.5912558928974,90.0,257.0687449652105
7.319999999999932,4.257792915646854,50.0,198.09654104932403,30.786442420533565,90.0,118.9042477854772,59.21355757946644,90.0,241.0957522145228
7.3399999999999315,5.358267949786332,-50.0,196.88655851004492,31.068912577738065,90.0,117.75197322529537,121.06891257773806,90.0,132.7519732252954
7.3399999999999315,-3.5999999999972587,-50.0,180.0,41.65720594145971,90.0,102.94265634302046,131.65720594145972,90.0,102.94265634302046
7.3399999999999315,-3.5999999999972587,50.0,180.0,41.65720594145971,90.0,102.94265634302046,48.34279405854029,90.0,257.0573436569795
7.3399999999999315,5.358267949786332,50.0,196.88655851004492,31.068912577738065,90.0,117.75197322529537,58.93108742226194,90.0,242.2480267747046
7.359999999999931,6.374239897483558,-50.0,195.41026485552132,31.49201066133954,90.0,116.3695563557516,121.49201066133953,90.0,131.3695563557516
7.359999999999931,-4.399999999997242,-50.0,180.0,41.90409593927202,90.0,102.95690871161037,131.90409593927203,90.0,102.95690871161037
7.359999999999931,-4.399999999997242,50.0,180.0,41.90409593927202,90.0,102.95690871161037,48.09590406072798,90.0,257.04309128838963
7.359999999999931,6.374239897483558,50.0,195.41026485552132,31.49201066133954,90.0,116.3695563557516,58.507989338660465,90.0,243.6304436442484
7.379999999999931,7.289686274211132,-50.0,193.69094211858012,32.042726712765294,90.0,114.78992473284411,122.0427267127653,90.0,129.7899247328441
7.379999999999931,-5.199999999997225,-50.0,180.0,42.1494038678087,90.0,102.97401263077558,132.1494038678087,90.0,102.97401263077558
7.379999999999931,-5.199999999997225,50.0,180.0,42.1494038678087,90.0,102.97401263077558,47.8505961321913,90.0,257.0259873692244
7.379999999999931,7.289686274211132,50.0,193.69094211858012,32.042726712765294,90.0,114.78992473284411,57.957273287234706,90.0,245.2100752671559
7.39999999999993,8.090169943746893,-50.0,191.75570504585656,32.70695208117954,90.0,113.04810487208788,122.70695208117954,90.0,128.0481048720879
7.39999999999993,-5.999999999997208,-50.0,180.0,42.39311946612764,90.0,102.99396869012561,132.39311946612764,90.0,102.99396869012561
7.39999999999993,-5.999999999997208,50.0,180.0,42.39311946612764,90.0,102.99396869012561,47.60688053387236,90.0,257.0060313098744
7.39999999999993,8.090169943746893,50.0,191.75570504585656,32.70695208117954,90.0,113.04810487208788,57.29304791882046,90.0,246.9518951279121
7.41999999999993,8.76306680043651,-50.0,189.63507348204203,33.47013007485633,90.0,111.17989769383831,123.47013007485633,90.0,126.17989769383831
7.41999999999993,-6.7999999999971905,-50.0,180.0,42.63523244701915,90.0,103.01677757940122,132.63523244701915,90.0,103.01677757940122
7.41999999999993,-6.7999999999971905,50.0,180.0,42.63523244701915,90.0,103.01677757940122,47.36476755298085,90.0,256.9832224205988
7.41999999999993,8.76306680043651,50.0,189.63507348204203,33.47013007485633,90.0,111.17989769383831,56.52986992514367,90.0,248.8201023061617
7.439999999999929,9.297764858880878,-50.0,187.36249105370183,34.3177356049784,90.0,109.22084993499632,124.3177356049784,90.0,124.22084993499632
7.439999999999929,-7.5999999999971735,-50.0,180.0,42.87573249887107,90.0,103.04244008933642,132.87573249887106,90.0,103.04244008933642
7.439999999999929,-7.5999999999971735,50.0,180.0,42.87573249887107,90.0,103.04244008933642,47.12426750112893,90.0,256.9575599106636
7.439999999999929,9.297764858880878,50.0,187.36249105370183,34.3177356049784,90.0,109.22084993499632,55.6822643950216,90.0,250.77915006500368
7.459999999999929,9.6858316112852,-50.0,184.97379774330574,35.23558380599436,90.00000000000001,107.2055177592748,125.23558380599437,89.99999999999999,122.2055177592748
7.459999999999929,-8.399999999997156,-50.0,180.0,43.11460928745325,90.0,103.07095711264544,133.11460928745325,90.0,103.07095711264544
7.459999999999929,-8.399999999997156,50.0,180.0,43.11460928745325,90.0,103.07095711264544,46.88539071254675,90.0,256.92904288735457
7.459999999999929,9.6858316112852,50.0,184.97379774330574,35.23558380599436,90.00000000000001,107.2055177592748,54.76441619400564,90.00000000000001,252.7944822407252
7.4799999999999285,9.921147013144214,-50.0,182.506664671295,36.20998733764922,90.0,105.16698203823934,126.20998733764921,90.0,120.16698203823934
7.4799999999999285,-9.19999999999714,-50.0,180.0,43.351852457619714,90.0,103.10232964513536,133.3518524576197,90.0,103.10232964513536
7.4799999999999285,-9.19999999999714,50.0,180.0,43.351852457619714,90.0,103.10232964513536,46.648147542380286,90.0,256.89767035486466
7.4799999999999285,9.921147013144214,50.0,182.506664671295,36.20998733764922,90.0,105.16698203823934,53.79001266235078,90.0,254.83301796176067
7.499999999999928,10.0,-50.0,180.00000000000904,37.2277913951958,90.0,103.13655878695211,127.2277913951958,90.0,118.13655878695211
7.499999999999928,-9.999999999997122,-50.0,180.0,43.58745163492716,90.0,103.13655878694472,133.58745163492716,90.0,103.13655878694472
7.499999999999928,-9.999999999997122,50.0,180.0,43.58745163492716,90.0,103.13655878694472,46.41254836507284,90.0,256.8634412130553
7.499999999999928,10.0,50.0,180.00000000000904,37.2277913951958,90.0,103.13655878695211,52.7722086048042,90.0,256.8634412130479
7.519999999999928,9.200000000002895,-50.0,180.0,37.50004265694291,90.0,103.1023296451356,127.50004265694291,90.0,118.1023296451356
7.519999999999928,-9.921147013145342,-50.0,182.50666467127718,42.43311260099776,90.0,105.16698203822477,132.43311260099776,90.0,105.16698203822477
7.519999999999928,-9.921147013145342,50.0,182.50666467127718,42.43311260099776,90.0,105.16698203822477,47.56688739900224,90.0,254.83301796177523
7.519999999999928,9.200000000002895,50.0,180.0,37.50004265694291,90.0,103.1023296451356,52.49995734305709,90.0,256.89767035486443
7.539999999999927,8.400000000002912,-50.0,180.0,37.77088010090793,90.0,103.07095711264567,127.77088010090793,90.0,118.07095711264567
7.539999999999927,-9.685831611287433,-50.0,184.97379774328834,41.23049657134446,90.0,107.20551775926027,131.23049657134447,90.0,107.20551775926027
7.539999999999927,-9.685831611287433,50.0,184.97379774328834,41.23049657134446,90.0,107.20551775926027,48.76950342865554,90.0,252.79448224073974
7.539999999999927,8.400000000002912,50.0,180.0,37.77088010090793,90.0,103.07095711264567,52.22911989909207,90.0,256.92904288735434
7.559999999999927,7.600000000002929,-50.0,180.0,38.040294268607255,90.0,103.0424400893366,128.04029426860725,90.0,118.0424400893366
7.559999999999927,-9.297764858884188,-50.0,187.36249105368512,39.999620331160095,90.0,109.22084993498204,129.9996203311601,90.0,109.22084993498204
7.559999999999927,-9.297764858884188,50.0,187.36249105368512,39.999620331160095,90.0,109.22084993498204,50.000379668839905,90.0,250.77915006501797
7.559999999999927,7.600000000002929,50.0,180.0,38.040294268607255,90.0,103.0424400893366,51.959705731392745,90.0,256.9575599106634
7.579999999999926,6.800000000002946,-50.0,180.0,38.30827563272674,90.0,103.0167775794014,128.30827563272675,90.0,118.0167775794014
7.579999999999926,-8.76306680044084,-50.0,189.63507348202629,38.76165984777711,90.0,111.17989769382456,128.7616598477771,90.0,111.17989769382456
7.579999999999926,-8.76306680044084,50.0,189.63507348202629,38.76165984777711,90.0,111.17989769382456,51.23834015222289,90.0,248.82010230617544
7.579999999999926,6.800000000002946,50.0,180.0,38.30827563272674,90.0,103.0167775794014,51.69172436727326,90.0,256.9832224205986
7.599999999999926,6.000000000002963,-50.0,180.0,38.574814600134744,90.0,102.99396869012577,128.57481460013474,90.0,117.99396869012577
7.599999999999926,-8.090169943752176,-50.0,191.75570504584203,37.53870254254881,90.0,113.04810487207496,127.5387025425488,90.0,113.04810487207496
7.599999999999926,-8.090169943752176,50.0,191.75570504584203,37.53870254254881,90.0,113.04810487207496,52.46129745745119,90.0,246.95189512792504
7.599999999999926,6.000000000002963,50.0,180.0,38.574814600134744,90.0,102.99396869012577,51.425185399865256,90.0,257.00603130987423
7.6199999999999255,5.20000000000298,-50.0,180.0,38.839901514834935,90.0,102.9740126307757,128.83990151483493,90.0,117.9740126307757
7.6199999999999255,-7.289686274217281,-50.0,193.69094211856702,36.3534210516501,90.0,114.78992473283218,126.3534210516501,90.0,114.78992473283218
7.6199999999999255,-7.289686274217281,50.0,193.69094211856702,36.3534210516501,90.0,114.78992473283218,53.6465789483499,90.0,245.21007526716784
7.6199999999999255,5.20000000000298,50.0,180.0,38.839901514834935,90.0,102.9740126307757,51.160098485165065,90.0,257.0259873692243
7.639999999999925,4.400000000002997,-50.0,180.0,39.10352666086058,90.0,102.95690871161048,129.10352666086058,90.0,117.95690871161048
7.639999999999925,-6.374239897490481,-50.0,195.41026485550987,35.22863719148995,90.0,116.36955635574095,125.22863719148995,90.0,116.36955635574095
7.639999999999925,-6.374239897490481,50.0,195.41026485550987,35.22863719148995,90.0,116.36955635574095,54.77136280851005,90.0,243.63044364425906
7.639999999999925,4.400000000002997,50.0,180.0,39.10352666086058,90.0,102.95690871161048,50.89647333913942,90.0,257.0430912883895
7.659999999999925,3.600000000003014,-50.0,180.0,39.36568026510937,90.0,102.94265634302054,129.36568026510938,90.0,117.94265634302054
7.659999999999925,-5.358267949793918,-50.0,196.8865585100353,34.18675241066738,90.0,117.75197322528629,124.18675241066738,90.0,117.75197322528629
7.659999999999925,-5.358267949793918,50.0,196.8865585100353,34.18675241066738,90.0,117.75197322528629,55.81324758933262,90.0,242.2480267747137
7.659999999999925,3.600000000003014,50.0,180.0,39.36568026510937,90.0,102.94265634302054,50.63431973489063,90.0,257.05734365697947
7.679999999999924,2.800000000003031,-50.0,180.0,39.62635250011748,90.0,102.93125503478957,129.6263525001175,90.0,117.93125503478957
7.679999999999924,-4.257792915654984,-50.0,198.0965410493164,33.24903976509238,90.0,118.90424778546985,123.24903976509238,90.0,118.90424778546985
7.679999999999924,-4.257792915654984,50.0,198.0965410493164,33.24903976509238,90.0,118.90424778546985,56.75096023490762,90.0,241.09575221453014
7.679999999999924,2.800000000003031,50.0,180.0,39.62635250011748,90.0,102.93125503478957,50.37364749988252,90.0,257.06874496521044
7.699999999999924,2.0000000000030482,-50.0,180.0,39.88553348677181,90.0,102.92270439548038,129.8855334867718,90.0,117.92270439548038
7.699999999999924,-3.090169943753975,-50.0,199.02113032590015,32.434823377176095,90.00000000000001,119.79711610919557,122.43482337717609,89.99999999999999,119.79711610919557
7.699999999999924,-3.090169943753975,50.0,199.02113032590015,32.434823377176095,90.00000000000001,119.79711610919557,57.565176622823905,90.00000000000001,240.20288389080443
7.699999999999924,2.0000000000030482,50.0,180.0,39.88553348677181,90.0,102.92270439548038,50.11446651322819,90.0,257.07729560451963
7.719999999999923,1.2000000000030653,-50.0,180.0,40.14321329695936,90.0,102.91700413194417,130.14321329695935,90.0,117.91700413194417
7.719999999999923,-1.8738131458619214,-50.0,199.645745014572,31.760610659468494,90.0,120.40665142719395,121.7606106594685,90.0,120.40665142719395
7.719999999999923,-1.8738131458619214,50.0,199.645745014572,31.760610659468494,90.0,120.40665142719395,58.2393893405315,90.0,239.59334857280606
7.719999999999923,1.2000000000030653,50.0,180.0,40.14321329695936,90.0,102.91700413194417,49.85678670304064,90.0,257.08299586805583
7.739999999999923,0.40000000000308233,-50.0,180.0,40.399381956152226,90.0,102.9141540489525,130.39938195615224,90.0,117.9141540489525
7.739999999999923,-0.6279051952979109,-50.0,199.96053456856484,31.23928001342231,90.0,120.71584368328723,121.2392800134223,90.0,120.71584368328723
7.739999999999923,-0.6279051952979109,50.0,199.96053456856484,31.23928001342231,90.0,120.71584368328723,58.76071998657769,90.0,239.28415631671277
7.739999999999923,0.40000000000308233,50.0,180.0,40.399381956152226,90.0,102.9141540489525,49.600618043847774,90.0,257.08584595104753
7.7599999999999225,-0.3999999999969006,-50.0,180.0,40.65402944592699,90.0,102.91415404895247,130.654029445927,90.0,117.91415404895247
7.7599999999999225,0.6279051952883296,-50.0,199.96053456856603,30.879447014829015,90.0,120.71584368328843,120.87944701482901,90.0,120.71584368328843
7.7599999999999225,0.6279051952883296,50.0,199.96053456856603,30.879447014829015,90.0,120.71584368328843,59.12055298517099,90.0,239.28415631671157
7.7599999999999225,-0.3999999999969006,50.0,180.0,40.65402944592699,90.0,102.91415404895247,49.34597055407301,90.0,257.08584595104753
7.779999999999922,-1.1999999999968836,-50.0,180.0,40.907145706417424,90.0,102.91700413194411,130.90714570641742,90.0,117.91700413194411
7.779999999999922,1.8738131458524911,-50.0,199.6457450145756,30.685121347373688,90.00000000000001,120.4066514271975,120.6851213473737,89.99999999999999,120.4066514271975
7.779999999999922,1.8738131458524911,50.0,199.6457450145756,30.685121347373688,90.00000000000001,120.4066514271975,59.31487865262631,90.00000000000001,239.59334857280248
7.779999999999922,-1.1999999999968836,50.0,180.0,40.907145706417424,90.0,102.91700413194411,49.092854293582576,90.0,257.0829958680559
7.799999999999922,-1.9999999999968665,-50.0,180.0,41.15872063869878,90.0,102.92270439548035,131.15872063869878,90.0,117.92270439548035
7.799999999999922,3.0901699437448444,-50.0,199.02113032590609,30.655721134928243,90.0,119.79711610920134,120.65572113492824,90.0,119.79711610920134
7.799999999999922,3.0901699437448444,50.0,199.02113032590609,30.655721134928243,90.0,119.79711610920134,59.34427886507176,90.0,240.20288389079866
7.799999999999922,-1.9999999999968665,50.0,180.0,41.15872063869878,90.0,102.92270439548035,48.84127936130122,90.0,257.07729560451963
7.819999999999921,-2.7999999999968495,-50.0,180.0,41.408744107102464,90.0,102.9312550347895,131.40874410710245,90.0,117.9312550347895
7.819999999999921,4.257792915646299,-50.0,198.09654104932457,30.78644242053347,90.0,118.90424778547771,120.78644242053346,90.0,118.90424778547771
7.819999999999921,4.257792915646299,50.0,198.09654104932457,30.78644242053347,90.0,118.90424778547771,59.21355757946653,90.0,241.0957522145223
7.819999999999921,-2.7999999999968495,50.0,180.0,41.408744107102464,90.0,102.9312550347895,48.591255892897536,90.0,257.0687449652105
7.839999999999921,-3.5999999999968324,-50.0,180.0,41.65720594145957,90.0,102.94265634302046,131.65720594145958,90.0,117.94265634302046
7.839999999999921,5.35826794978581,-50.0,196.88655851004557,31.068912577737873,90.0,117.75197322529604,121.06891257773788,90.0,117.75197322529604
7.839999999999921,5.35826794978581,50.0,196.88655851004557,31.068912577737873,90.0,117.75197322529604,58.931087422262124,90.0,242.24802677470396
7.839999999999921,-3.5999999999968324,50.0,180.0,41.65720594145957,90.0,102.94265634302046,48.34279405854043,90.0,257.0573436569795
7.85999999999992,-4.399999999996815,-50.0,180.0,41.90409593927188,90.0,102.95690871161037,131.90409593927188,90.0,117.95690871161037
7.85999999999992,6.3742398974830845,-50.0,195.4102648555221,31.492010661339307,90.00000000000001,116.36955635575231,121.49201066133931,89.99999999999999,116.36955635575231
7.85999999999992,6.3742398974830845,50.0,195.4102648555221,31.492010661339307,90.00000000000001,116.36955635575231,58.50798933866069,90.00000000000001,243.6304436442477
7.85999999999992,-4.399999999996815,50.0,180.0,41.90409593927188,90.0,102.95690871161037,48.09590406072812,90.0,257.04309128838963
7.87999999999992,-5.199999999996798,-50.0,180.0,42.14940386780856,90.0,102.97401263077558,132.14940386780856,90.0,117.97401263077558
7.87999999999992,7.289686274210708,-50.0,193.69094211858103,32.04272671276497,90.0,114.78992473284498,122.04272671276496,90.0,114.78992473284498
7.87999999999992,7.289686274210708,50.0,193.69094211858103,32.04272671276497,90.0,114.78992473284498,57.95727328723503,90.0,245.21007526715502
7.87999999999992,-5.199999999996798,50.0,180.0,42.14940386780856,90.0,102.97401263077558,47.85059613219144,90.0,257.0259873692244
7.8999999999999195,-5.999999999996781,-50.0,180.0,42.39311946612751,90.0,102.9939686901256,132.3931194661275,90.0,117.9939686901256
7.8999999999999195,8.090169943746535,-50.0,191.75570504585755,32.706952081179175,90.0,113.04810487208877,122.70695208117917,90.0,113.04810487208877
7.8999999999999195,8.090169943746535,50.0,191.75570504585755,32.706952081179175,90.0,113.04810487208877,57.293047918820825,90.0,246.95189512791123
7.8999999999999195,-5.999999999996781,50.0,180.0,42.39311946612751,90.0,102.9939686901256,47.60688053387249,90.0,257.0060313098744
7.919999999999919,-6.799999999996764,-50.0,180.0,42.635232447019035,90.0,103.0167775794012,132.63523244701904,90.0,118.0167775794012
7.919999999999919,8.763066800436214,-50.0,189.6350734820431,33.470130074855945,90.0,111.17989769383924,123.47013007485594,90.0,111.17989769383924
7.919999999999919,8.763066800436214,50.0,189.6350734820431,33.470130074855945,90.0,111.17989769383924,56.529869925144055,90.0,248.82010230616078
7.919999999999919,-6.799999999996764,50.0,180.0,42.635232447019035,90.0,103.0167775794012,47.364767552980965,90.0,256.9832224205988
7.939999999999919,-7.599999999996747,-50.0,180.0,42.87573249887096,90.0,103.0424400893364,132.87573249887095,90.0,118.0424400893364
7.939999999999919,9.297764858880653,-50.0,187.36249105370297,34.31773560497797,90.00000000000001,109.22084993499729,124.31773560497797,89.99999999999999,109.22084993499729
7.939999999999919,9.297764858880653,50.0,187.36249105370297,34.31773560497797,90.00000000000001,109.22084993499729,55.68226439502203,90.00000000000001,250.7791500650027
7.939999999999919,-7.599999999996747,50.0,180.0,42.87573249887096,90.0,103.0424400893364,47.12426750112904,90.0,256.9575599106636
7.959999999999918,-8.39999999999673,-50.0,180.0,43.11460928745311,90.0,103.07095711264544,133.1146092874531,90.0,118.07095711264544
7.959999999999918,9.685831611285048,-50.0,184.97379774330693,35.235583805993905,90.0,107.20551775927579,125.23558380599391,90.0,107.20551775927579
7.959999999999918,9.685831611285048,50.0,184.97379774330693,35.235583805993905,90.0,107.20551775927579,54.764416194006095,90.0,252.79448224072422
7.959999999999918,-8.39999999999673,50.0,180.0,43.11460928745311,90.0,103.07095711264544,46.88539071254689,90.0,256.92904288735457
7.979999999999918,-9.199999999996713,-50.0,180.0,43.35185245761957,90.0,103.10232964513536,133.35185245761957,90.0,118.10232964513536
7.979999999999918,9.921147013144138,-50.0,182.50666467129622,36.20998733764872,90.0,105.16698203824033,126.20998733764873,90.0,105.16698203824033
7.979999999999918,9.921147013144138,50.0,182.50666467129622,36.20998733764872,90.0,105.16698203824033,53.79001266235128,90.0,254.83301796175965
7.979999999999918,-9.199999999996713,50.0,180.0,43.35185245761957,90.0,103.10232964513536,46.64814754238043,90.0,256.89767035486466
7.999999999999917,-9.999999999996696,-50.0,180.0,43.58745163492703,90.0,103.13655878694472,133.58745163492702,90.0,118.13655878694472
7.999999999999917,10.0,-50.0,180.00000000001026,37.22779139519531,90.0,103.13655878695307,127.22779139519531,90.0,103.13655878695307
7.999999999999917,10.0,50.0,180.00000000001026,37.22779139519531,90.0,103.13655878695307,52.77220860480469,90.0,256.86344121304694
7.999999999999917,-9.999999999996696,50.0,180.0,43.58745163492703,90.0,103.13655878694472,46.41254836507297,90.0,256.8634412130553
8.019999999999918,-9.921147013145426,-50.0,182.50666467127584,42.433112600998406,90.0,105.16698203822368,132.4331126009984,90.0,120.16698203822368
8.019999999999918,9.200000000003286,-50.0,180.0,37.50004265694279,90.0,103.1023296451356,127.50004265694278,90.0,103.1023296451356
8.019999999999918,9.200000000003286,50.0,180.0,37.50004265694279,90.0,103.1023296451356,52.49995734305721,90.0,256.89767035486443
8.019999999999918,-9.921147013145426,50.0,182.50666467127584,42.433112600998406,90.0,105.16698203822368,47.566887399001594,90.0,254.8330179617763
8.039999999999917,-9.6858316112876,-50.0,184.97379774328704,41.230496571345114,90.0,107.20551775925917,131.2304965713451,90.0,122.20551775925917
8.039999999999917,8.400000000003303,-50.0,180.0,37.7708801009078,90.0,103.07095711264567,127.7708801009078,90.0,103.07095711264567
8.039999999999917,8.400000000003303,50.0,180.0,37.7708801009078,90.0,103.07095711264567,52.2291198990922,90.0,256.92904288735434
8.039999999999917,-9.6858316112876,50.0,184.97379774328704,41.230496571345114,90.0,107.20551775925917,48.769503428654886,90.0,252.79448224074082
8.059999999999917,-9.297764858884435,-50.0,187.36249105368387,39.99962033116074,90.0,109.220849934981,129.99962033116074,90.0,124.220849934981
8.059999999999917,7.60000000000332,-50.0,180.0,38.04029426860713,90.0,103.04244008933662,128.0402942686071,90.0,103.04244008933662
8.059999999999917,7.60000000000332,50.0,180.0,38.04029426860713,90.0,103.04244008933662,51.95970573139287,90.0,256.95755991066335
8.059999999999917,-9.297764858884435,50.0,187.36249105368387,39.99962033116074,90.0,109.220849934981,50.00037966883926,90.0,250.779150065019
8.079999999999917,-8.76306680044116,-50.0,189.63507348202512,38.76165984777776,90.0,111.17989769382356,128.76165984777776,90.0,126.17989769382356
8.079999999999917,6.800000000003337,-50.0,180.0,38.30827563272662,90.0,103.0167775794014,128.30827563272663,90.0,103.0167775794014
8.079999999999917,6.800000000003337,50.0,180.0,38.30827563272662,90.0,103.0167775794014,51.69172436727338,90.0,256.9832224205986
8.079999999999917,-8.76306680044116,50.0,189.63507348202512,38.76165984777776,90.0,111.17989769382356,51.23834015222224,90.0,248.82010230617644
8.099999999999916,-8.09016994375257,-50.0,191.75570504584093,37.53870254254948,90.0,113.04810487207395,127.53870254254949,90.0,128.04810487207396
8.099999999999916,6.000000000003354,-50.0,180.0,38.57481460013462,90.0,102.99396869012577,128.57481460013463,90.0,102.99396869012577
8.099999999999916,6.000000000003354,50.0,180.0,38.57481460013462,90.0,102.99396869012577,51.42518539986538,90.0,257.00603130987423
8.099999999999916,-8.09016994375257,50.0,191.75570504584093,37.53870254254948,90.0,113.04810487207395,52.46129745745052,90.0,246.95189512792604
8.119999999999916,-7.289686274217741,-50.0,193.69094211856606,36.353421051650706,90.0,114.78992473283131,126.35342105165071,90.0,129.7899247328313
8.119999999999916,5.200000000003371,-50.0,180.0,38.83990151483481,90.0,102.9740126307757,128.83990151483482,90.0,102.9740126307757
8.119999999999916,5.200000000003371,50.0,180.0,38.83990151483481,90.0,102.9740126307757,51.16009848516519,90.0,257.0259873692243
8.119999999999916,-7.289686274217741,50.0,193.69094211856606,36.353421051650706,90.0,114.78992473283131,53.646578948349294,90.0,245.2100752671687
8.139999999999915,-6.374239897490998,-50.0,195.410264855509,35.22863719149053,90.0,116.3695563557402,125.22863719149052,90.0,131.3695563557402
8.139999999999915,4.400000000003388,-50.0,180.0,39.10352666086045,90.0,102.95690871161051,129.10352666086044,90.0,102.95690871161051
8.139999999999915,4.400000000003388,50.0,180.0,39.10352666086045,90.0,102.95690871161051,50.89647333913955,90.0,257.0430912883895
8.139999999999915,-6.374239897490998,50.0,195.410264855509,35.22863719149053,90.0,116.3695563557402,54.77136280850947,90.0,243.6304436442598
8.159999999999915,-5.358267949794482,-50.0,196.88655851003458,34.18675241066792,90.0,117.7519732252856,124.18675241066792,90.0,132.7519732252856
8.159999999999915,3.600000000003405,-50.0,180.0,39.36568026510924,90.0,102.94265634302054,129.36568026510923,90.0,102.94265634302054
8.159999999999915,3.600000000003405,50.0,180.0,39.36568026510924,90.0,102.94265634302054,50.63431973489076,90.0,257.05734365697947
8.159999999999915,-5.358267949794482,50.0,196.88655851003458,34.18675241066792,90.0,117.7519732252856,55.81324758933208,90.0,242.2480267747144
8.179999999999914,-4.257792915655591,-50.0,198.09654104931582,33.24903976509285,90.0,118.90424778546928,123.24903976509285,90.0,133.9042477854693
8.179999999999914,2.800000000003422,-50.0,180.0,39.62635250011735,90.0,102.93125503478957,129.62635250011735,90.0,102.93125503478957
8.179999999999914,2.800000000003422,50.0,180.0,39.62635250011735,90.0,102.93125503478957,50.37364749988265,90.0,257.06874496521044
8.179999999999914,-4.257792915655591,50.0,198.09654104931582,33.24903976509285,90.0,118.90424778546928,56.75096023490715,90.0,241.0957522145307
8.199999999999914,-3.0901699437546126,-50.0,199.02113032589972,32.43482337717651,90.0,119.79711610919513,122.43482337717651,90.0,134.79711610919514
8.199999999999914,2.000000000003439,-50.0,180.0,39.885533486771685,90.0,102.92270439548041,129.8855334867717,90.0,102.92270439548041
8.199999999999914,2.000000000003439,50.0,180.0,39.885533486771685,90.0,102.92270439548041,50.114466513228315,90.0,257.0772956045196
8.199999999999914,-3.0901699437546126,50.0,199.02113032589972,32.43482337717651,90.0,119.79711610919513,57.56517662282349,90.0,240.20288389080486
8.219999999999914,-1.87381314586258,-50.0,199.64574501457173,31.76061065946882,90.0,120.4066514271937,121.76061065946882,90.0,135.4066514271937
8.219999999999914,1.200000000003456,-50.0,180.0,40.14321329695924,90.0,102.91700413194417,130.14321329695923,90.0,102.91700413194417
8.219999999999914,1.200000000003456,50.0,180.0,40.14321329695924,90.0,102.91700413194417,49.85678670304076,90.0,257.08299586805583
8.219999999999914,-1.87381314586258,50.0,199.64574501457173,31.76061065946882,90.0,120.4066514271937,58.239389340531176,90.0,239.5933485728063
8.239999999999913,-0.6279051952985801,-50.0,199.96053456856475,31.239280013422526,90.0,120.71584368328719,121.23928001342253,90.0,135.71584368328718
8.239999999999913,0.40000000000347313,-50.0,180.0,40.3993819561521,90.0,102.9141540489525,130.3993819561521,90.0,102.9141540489525
8.239999999999913,0.40000000000347313,50.0,180.0,40.3993819561521,90.0,102.9141540489525,49.6006180438479,90.0,257.08584595104753
8.239999999999913,-0.6279051952985801,50.0,199.96053456856475,31.239280013422526,90.0,120.71584368328719,58.76071998657747,90.0,239.28415631671282
8.259999999999913,0.6279051952876625,-50.0,199.96053456856612,30.879447014829136,90.0,120.71584368328855,120.87944701482914,90.0,135.71584368328854
8.259999999999913,-0.3999999999965098,-50.0,180.0,40.65402944592686,90.0,102.91415404895247,130.65402944592685,90.0,102.91415404895247
8.259999999999913,-0.3999999999965098,50.0,180.0,40.65402944592686,90.0,102.91415404895247,49.34597055407314,90.0,257.08584595104753
8.259999999999913,0.6279051952876625,50.0,199.96053456856612,30.879447014829136,90.0,120.71584368328855,59.12055298517086,90.0,239.28415631671146
8.279999999999912,1.8738131458518348,-50.0,199.64574501457582,30.685121347373766,90.0,120.40665142719772,120.68512134737377,90.0,135.40665142719772
8.279999999999912,-1.1999999999964928,-50.0,180.0,40.9071457064173,90.0,102.91700413194411,130.9071457064173,90.0,102.91700413194411
8.279999999999912,-1.1999999999964928,50.0,180.0,40.9071457064173,90.0,102.91700413194411,49.0928542935827,90.0,257.0829958680559
8.279999999999912,1.8738131458518348,50.0,199.64574501457582,30.685121347373766,90.0,120.40665142719772,59.314878652626234,90.0,239.59334857280228
8.299999999999912,3.0901699437442085,-50.0,199.02113032590648,30.655721134928243,90.0,119.7971161092017,120.65572113492824,90.0,134.79711610920168
8.299999999999912,-1.9999999999964757,-50.0,180.0,41.15872063869866,90.0,102.92270439548035,131.15872063869867,90.0,102.92270439548035
8.299999999999912,-1.9999999999964757,50.0,180.0,41.15872063869866,90.0,102.92270439548035,48.84127936130134,90.0,257.07729560451963
8.299999999999912,3.0901699437442085,50.0,199.02113032590648,30.655721134928243,90.0,119.7971161092017,59.34427886507176,90.0,240.20288389079832
8.319999999999911,4.257792915645692,-50.0,198.09654104932514,30.786442420533348,90.0,118.90424778547826,120.78644242053335,90.0,133.90424778547828
8.319999999999911,-2.7999999999964587,-50.0,180.0,41.408744107102336,90.0,102.9312550347895,131.40874410710234,90.0,102.9312550347895
8.319999999999911,-2.7999999999964587,50.0,180.0,41.408744107102336,90.0,102.9312550347895,48.591255892897664,90.0,257.0687449652105
8.319999999999911,4.257792915645692,50.0,198.09654104932514,30.786442420533348,90.0,118.90424778547826,59.21355757946665,90.0,241.09575221452172
8.339999999999911,5.358267949785248,-50.0,196.88655851004629,31.068912577737688,90.0,117.7519732252967,121.06891257773769,90.0,132.7519732252967
8.339999999999911,-3.5999999999964416,-50.0,180.0,41.65720594145946,90.0,102.94265634302043,131.65720594145947,90.0,102.94265634302043
8.339999999999911,-3.5999999999964416,50.0,180.0,41.65720594145946,90.0,102.94265634302043,48.34279405854054,90.0,257.0573436569796
8.339999999999911,5.358267949785248,50.0,196.88655851004629,31.068912577737688,90.0,117.7519732252967,58.93108742226231,90.0,242.2480267747033
8.35999999999991,6.3742398974825685,-50.0,195.41026485552294,31.49201066133904,90.0,116.36955635575309,121.49201066133904,90.0,131.3695563557531
8.35999999999991,-4.3999999999964245,-50.0,180.0,41.904095939271755,90.0,102.95690871161037,131.90409593927177,90.0,102.95690871161037
8.35999999999991,-4.3999999999964245,50.0,180.0,41.904095939271755,90.0,102.95690871161037,48.095904060728245,90.0,257.04309128838963
8.35999999999991,6.3742398974825685,50.0,195.41026485552294,31.49201066133904,90.0,116.36955635575309,58.50798933866096,90.0,243.6304436442469
8.37999999999991,7.289686274210253,-50.0,193.690942118582,32.04272671276466,90.0,114.78992473284585,122.04272671276466,90.0,129.78992473284586
8.37999999999991,-5.1999999999964075,-50.0,180.0,42.14940386780846,90.0,102.97401263077555,132.14940386780847,90.0,102.97401263077555
8.37999999999991,-5.1999999999964075,50.0,180.0,42.14940386780846,90.0,102.97401263077555,47.85059613219154,90.0,257.0259873692245
8.37999999999991,7.289686274210253,50.0,193.690942118582,32.04272671276466,90.0,114.78992473284585,57.95727328723534,90.0,245.21007526715414
8.39999999999991,8.09016994374614,-50.0,191.75570504585863,32.706952081178805,90.0,113.04810487208974,122.7069520811788,90.0,128.04810487208974
8.39999999999991,-5.99999999999639,-50.0,180.0,42.39311946612738,90.0,102.9939686901256,132.3931194661274,90.0,102.9939686901256
8.39999999999991,-5.99999999999639,50.0,180.0,42.39311946612738,90.0,102.9939686901256,47.60688053387262,90.0,257.0060313098744
8.39999999999991,8.09016994374614,50.0,191.75570504585863,32.706952081178805,90.0,113.04810487208974,57.293047918821195,90.0,246.95189512791026
8.41999999999991,8.763066800435892,-50.0,189.63507348204428,33.47013007485551,90.0,111.17989769384026,123.47013007485552,90.0,126.17989769384026
8.41999999999991,-6.799999999996373,-50.0,180.0,42.63523244701891,90.0,103.0167775794012,132.6352324470189,90.0,103.0167775794012
8.41999999999991,-6.799999999996373,50.0,180.0,42.63523244701891,90.0,103.0167775794012,47.36476755298109,90.0,256.9832224205988
8.41999999999991,8.763066800435892,50.0,189.63507348204428,33.47013007485551,90.0,111.17989769384026,56.52986992514449,90.0,248.82010230615975
8.439999999999909,9.297764858880406,-50.0,187.36249105370422,34.3177356049775,90.0,109.22084993499834,124.3177356049775,90.0,124.22084993499834
8.439999999999909,-7.599999999996356,-50.0,180.0,42.87573249887084,90.0,103.0424400893364,132.87573249887083,90.0,103.0424400893364
8.439999999999909,-7.599999999996356,50.0,180.0,42.87573249887084,90.0,103.0424400893364,47.12426750112916,90.0,256.9575599106636
8.439999999999909,9.297764858880406,50.0,187.36249105370422,34.3177356049775,90.0,109.22084993499834,55.6822643950225,90.0,250.77915006500166
8.459999999999908,9.68583161128488,-50.0,184.97379774330824,35.23558380599337,90.0,107.2055177592769,125.23558380599337,90.0,122.2055177592769
8.459999999999908,-8.39999999999634,-50.0,180.0,43.114609287453,90.0,103.07095711264542,133.114609287453,90.0,103.07095711264542
8.459999999999908,-8.39999999999634,50.0,180.0,43.114609287453,90.0,103.07095711264542,46.885390712547,90.0,256.92904288735457
8.459999999999908,9.68583161128488,50.0,184.97379774330824,35.23558380599337,90.0,107.2055177592769,54.76441619400663,90.0,252.79448224072308
8.479999999999908,9.921147013144054,-50.0,182.50666467129756,36.20998733764819,90.0,105.16698203824143,126.20998733764819,90.0,120.16698203824143
8.479999999999908,-9.199999999996322,-50.0,180.0,43.35185245761947,90.0,103.10232964513533,133.3518524576195,90.0,103.10232964513533
8.479999999999908,-9.199999999996322,50.0,180.0,43.35185245761947,90.0,103.10232964513533,46.64814754238053,90.0,256.89767035486466
8.479999999999908,9.921147013144054,50.0,182.50666467129756,36.20998733764819,90.0,105.16698203824143,53.79001266235181,90.0,254.83301796175857
8.499999999999908,10.0,-50.0,180.00000000001162,37.22779139519475,90.0,103.13655878695417,127.22779139519474,90.0,118.13655878695417
8.499999999999908,-9.999999999996305,-50.0,180.0,43.587451634926914,90.0,103.13655878694469,133.5874516349269,90.0,103.13655878694469
8.499999999999908,-9.999999999996305,50.0,180.0,43.587451634926914,90.0,103.13655878694469,46.412548365073086,90.0,256.8634412130553
8.499999999999908,10.0,50.0,180.00000000001162,37.22779139519475,90.0,103.13655878695417,52.77220860480525,90.0,256.8634412130458
8.519999999999907,9.200000000003712,-50.0,180.0,37.50004265694264,90.0,103.10232964513563,127.50004265694264,90.0,118.10232964513563
8.519999999999907,-9.921147013145509,-50.0,182.5066646712745,42.43311260099903,90.0,105.16698203822259,132.43311260099904,90.0,105.16698203822259
8.519999999999907,-9.921147013145509,50.0,182.5066646712745,42.43311260099903,90.0,105.16698203822259,47.56688739900097,90.0,254.83301796177741
8.519999999999907,9.200000000003712,50.0,180.0,37.50004265694264,90.0,103.10232964513563,52.49995734305736,90.0,256.8976703548644
8.539999999999907,8.400000000003729,-50.0,180.0,37.77088010090765,90.0,103.0709571126457,127.77088010090765,90.0,118.0709571126457
8.539999999999907,-9.685831611287767,-50.0,184.97379774328576,41.23049657134575,90.0,107.20551775925813,131.23049657134575,90.0,107.20551775925813
8.539999999999907,-9.685831611287767,50.0,184.97379774328576,41.23049657134575,90.0,107.20551775925813,48.76950342865425,90.0,252.79448224074187
8.539999999999907,8.400000000003729,50.0,180.0,37.77088010090765,90.0,103.0709571126457,52.22911989909235,90.0,256.9290428873543
8.559999999999906,7.600000000003746,-50.0,180.0,38.04029426860697,90.0,103.04244008933665,128.04029426860697,90.0,118.04244008933665
8.559999999999906,-9.29776485888468,-50.0,187.36249105368262,39.999620331161424,90.0,109.22084993497991,129.99962033116142,90.0,109.22084993497991
8.559999999999906,-9.29776485888468,50.0,187.36249105368262,39.999620331161424,90.0,109.22084993497991,50.000379668838576,90.0,250.77915006502008
8.559999999999906,7.600000000003746,50.0,180.0,38.04029426860697,90.0,103.04244008933665,51.95970573139303,90.0,256.95755991066335
8.579999999999906,6.800000000003763,-50.0,180.0,38.30827563272647,90.0,103.01677757940142,128.30827563272646,90.0,118.01677757940142
8.579999999999906,-8.763066800441484,-50.0,189.63507348202396,38.76165984777841,90.00000000000001,111.17989769382253,128.76165984777842,89.99999999999999,111.17989769382253
8.579999999999906,-8.763066800441484,50.0,189.63507348202396,38.76165984777841,90.00000000000001,111.17989769382253,51.23834015222159,90.00000000000001,248.8201023061775
8.579999999999906,6.800000000003763,50.0,180.0,38.30827563272647,90.0,103.01677757940142,51.69172436727353,90.0,256.98322242059857
8.599999999999905,6.00000000000378,-50.0,180.0,38.57481460013448,90.0,102.99396869012577,128.5748146001345,90.0,117.99396869012577
8.599999999999905,-8.090169943752963,-50.0,191.75570504583985,37.538702542550105,90.0,113.04810487207301,127.53870254255011,90.0,113.04810487207301
8.599999999999905,-8.090169943752963,50.0,191.75570504583985,37.538702542550105,90.0,113.04810487207301,52.461297457449895,90.0,246.951895127927
8.599999999999905,6.00000000000378,50.0,180.0,38.57481460013448,90.0,102.99396869012577,51.42518539986552,90.0,257.00603130987423
8.619999999999905,5.200000000003797,-50.0,180.0,38.83990151483466,90.0,102.97401263077573,128.83990151483465,90.0,117.97401263077573
8.619999999999905,-7.289686274218199,-50.0,193.6909421185651,36.35342105165131,90.0,114.78992473283044,126.35342105165131,90.0,114.78992473283044
8.619999999999905,-7.289686274218199,50.0,193.6909421185651,36.35342105165131,90.0,114.78992473283044,53.64657894834869,90.0,245.21007526716954
8.619999999999905,5.200000000003797,50.0,180.0,38.83990151483466,90.0,102.97401263077573,51.16009848516534,90.0,257.02598736922425
8.639999999999905,4.400000000003814,-50.0,180.0,39.10352666086031,90.0,102.95690871161051,129.10352666086033,90.0,117.95690871161051
8.639999999999905,-6.374239897491513,-50.0,195.41026485550816,35.22863719149111,90.00000000000001,116.36955635573938,125.22863719149112,89.99999999999999,116.36955635573938
8.639999999999905,-6.374239897491513,50.0,195.41026485550816,35.22863719149111,90.00000000000001,116.36955635573938,54.77136280850889,90.00000000000001,243.63044364426062
8.639999999999905,4.400000000003814,50.0,180.0,39.10352666086031,90.0,102.95690871161051,50.89647333913969,90.0,257.0430912883895
8.659999999999904,3.6000000000038312,-50.0,180.0,39.3656802651091,90.0,102.94265634302057,129.3656802651091,90.0,117.94265634302057
8.659999999999904,-5.358267949795048,-50.0,196.88655851003386,34.186752410668426,90.0,117.75197322528497,124.18675241066842,90.0,117.75197322528497
8.659999999999904,-5.358267949795048,50.0,196.88655851003386,34.186752410668426,90.0,117.75197322528497,55.813247589331574,90.0,242.24802677471502
8.659999999999904,3.6000000000038312,50.0,180.0,39.3656802651091,90.0,102.94265634302057,50.6343197348909,90.0,257.0573436569794
8.679999999999904,2.8000000000038483,-50.0,180.0,39.6263525001172,90.0,102.93125503478959,129.6263525001172,90.0,117.93125503478959
8.679999999999904,-4.257792915656197,-50.0,198.09654104931525,33.2490397650933,90.00000000000001,118.90424778546877,123.2490397650933,89.99999999999999,118.90424778546877
8.679999999999904,-4.257792915656197,50.0,198.09654104931525,33.2490397650933,90.00000000000001,118.90424778546877,56.7509602349067,90.00000000000001,241.09575221453122
8.679999999999904,2.8000000000038483,50.0,180.0,39.6263525001172,90.0,102.93125503478959,50.3736474998828,90.0,257.0687449652104
8.699999999999903,2.0000000000038654,-50.0,180.0,39.88553348677154,90.0,102.92270439548041,129.88553348677155,90.0,117.92270439548041
8.699999999999903,-3.090169943755248,-50.0,199.02113032589932,32.4348233771769,90.0,119.79711610919475,122.4348233771769,90.0,119.79711610919475
8.699999999999903,-3.090169943755248,50.0,199.02113032589932,32.4348233771769,90.0,119.79711610919475,57.5651766228231,90.0,240.20288389080525
8.699999999999903,2.0000000000038654,50.0,180.0,39.88553348677154,90.0,102.92270439548041,50.11446651322846,90.0,257.0772956045196
8.719999999999903,1.2000000000038824,-50.0,180.0,40.14321329695911,90.0,102.91700413194417,130.14321329695912,90.0,117.91700413194417
8.719999999999903,-1.8738131458632366,-50.0,199.6457450145715,31.76061065946913,90.0,120.40665142719347,121.76061065946914,90.0,120.40665142719347
8.719999999999903,-1.8738131458632366,50.0,199.6457450145715,31.76061065946913,90.0,120.40665142719347,58.23938934053087,90.0,239.59334857280652
8.719999999999903,1.2000000000038824,50.0,180.0,40.14321329695911,90.0,102.91700413194417,49.85678670304089,90.0,257.08299586805583
8.739999999999903,0.40000000000389946,-50.0,180.0,40.39938195615196,90.0,102.9141540489525,130.39938195615196,90.0,117.9141540489525
8.739999999999903,-0.6279051952992472,-50.0,199.96053456856467,31.239280013422768,90.00000000000001,120.7158436832871,121.23928001342277,89.99999999999999,120.7158436832871
8.739999999999903,-0.6279051952992472,50.0,199.96053456856467,31.239280013422768,90.00000000000001,120.7158436832871,58.76071998657723,90.00000000000001,239.28415631671288
8.739999999999903,0.40000000000389946,50.0,180.0,40.39938195615196,90.0,102.9141540489525,49.60061804384804,90.0,257.08584595104753
8.759999999999902,-0.3999999999960835,-50.0,180.0,40.654029445926724,90.0,102.91415404895247,130.6540294459267,90.0,117.91415404895247
8.759999999999902,0.6279051952869932,-50.0,199.9605345685662,30.879447014829314,90.00000000000001,120.71584368328861,120.87944701482931,89.99999999999999,120.71584368328861
8.759999999999902,0.6279051952869932,50.0,199.9605345685662,30.879447014829314,90.00000000000001,120.71584368328861,59.12055298517069,90.00000000000001,239.2841563167114
8.759999999999902,-0.3999999999960835,50.0,180.0,40.654029445926724,90.0,102.91415404895247,49.345970554073276,90.0,257.08584595104753
8.779999999999902,-1.1999999999960664,-50.0,180.0,40.90714570641716,90.0,102.91700413194411,130.90714570641717,90.0,117.91700413194411
8.779999999999902,1.8738131458511762,-50.0,199.64574501457608,30.685121347373823,90.0,120.40665142719796,120.68512134737382,90.0,120.40665142719796
8.779999999999902,1.8738131458511762,50.0,199.64574501457608,30.685121347373823,90.0,120.40665142719796,59.31487865262618,90.0,239.59334857280203
8.779999999999902,-1.1999999999960664,50.0,180.0,40.90714570641716,90.0,102.91700413194411,49.09285429358284,90.0,257.0829958680559
8.799999999999901,-1.9999999999960494,-50.0,180.0,41.15872063869852,90.0,102.92270439548035,131.15872063869853,90.0,117.92270439548035
8.799999999999901,3.090169943743571,-50.0,199.0211303259069,30.65572113492819,90.0,119.79711610920214,120.65572113492819,90.0,119.79711610920214
8.799999999999901,3.090169943743571,50.0,199.0211303259069,30.65572113492819,90.0,119.79711610920214,59.344278865071814,90.0,240.20288389079786
8.799999999999901,-1.9999999999960494,50.0,180.0,41.15872063869852,90.0,102.92270439548035,48.84127936130148,90.0,257.07729560451963
8.8199999999999,-2.7999999999960323,-50.0,180.0,41.40874410710221,90.0,102.93125503478947,131.40874410710222,90.0,117.93125503478947
8.8199999999999,4.257792915645085,-50.0,198.0965410493257,30.786442420533252,90.0,118.90424778547877,120.78644242053325,90.0,118.90424778547877
8.8199999999999,4.257792915645085,50.0,198.0965410493257,30.786442420533252,90.0,118.90424778547877,59.21355757946675,90.0,241.0957522145212
8.8199999999999,-2.7999999999960323,50.0,180.0,41.40874410710221,90.0,102.93125503478947,48.59125589289779,90.0,257.0687449652105
8.8399999999999,-3.5999999999960153,-50.0,180.0,41.657205941459324,90.0,102.94265634302043,131.65720594145932,90.0,117.94265634302043
8.8399999999999,5.358267949784682,-50.0,196.886558510047,31.06891257773751,90.00000000000001,117.75197322529736,121.0689125777375,89.99999999999999,117.75197322529736
8.8399999999999,5.358267949784682,50.0,196.886558510047,31.06891257773751,90.00000000000001,117.75197322529736,58.93108742226249,90.00000000000001,242.24802677470262
8.8399999999999,-3.5999999999960153,50.0,180.0,41.657205941459324,90.0,102.94265634302043,48.342794058540676,90.0,257.0573436569796
8.8599999999999,-4.399999999995998,-50.0,180.0,41.90409593927163,90.0,102.95690871161035,131.90409593927163,90.0,117.95690871161035
8.8599999999999,6.374239897482052,-50.0,195.4102648555238,31.49201066133878,90.0,116.36955635575389,121.49201066133878,90.0,116.36955635575389
8.8599999999999,6.374239897482052,50.0,195.4102648555238,31.49201066133878,90.0,116.36955635575389,58.50798933866122,90.0,243.6304436442461
8.8599999999999,-4.399999999995998,50.0,180.0,41.90409593927163,90.0,102.95690871161035,48.09590406072837,90.0,257.04309128838963
8.8799999999999,-5.199999999995981,-50.0,180.0,42.14940386780832,90.0,102.97401263077555,132.1494038678083,90.0,117.97401263077555
8.8799999999999,7.289686274209793,-50.0,193.69094211858297,32.04272671276435,90.0,114.78992473284671,122.04272671276435,90.0,114.78992473284671
8.8799999999999,7.289686274209793,50.0,193.69094211858297,32.04272671276435,90.0,114.78992473284671,57.95727328723565,90.0,245.2100752671533
8.8799999999999,-5.199999999995981,50.0,180.0,42.14940386780832,90.0,102.97401263077555,47.85059613219168,90.0,257.0259873692245
8.899999999999899,-5.999999999995964,-50.0,180.0,42.39311946612727,90.0,102.99396869012557,132.39311946612727,90.0,117.99396869012557
8.899999999999899,8.090169943745746,-50.0,191.7557050458597,32.706952081178414,90.0,113.04810487209072,122.70695208117841,90.0,113.04810487209072
8.899999999999899,8.090169943745746,50.0,191.7557050458597,32.706952081178414,90.0,113.04810487209072,57.293047918821586,90.0,246.95189512790927
8.899999999999899,-5.999999999995964,50.0,180.0,42.39311946612727,90.0,102.99396869012557,47.60688053387273,90.0,257.0060313098744
8.919999999999899,-6.799999999995947,-50.0,180.0,42.63523244701878,90.0,103.01677757940118,132.63523244701878,90.0,118.01677757940118
8.919999999999899,8.763066800435569,-50.0,189.63507348204547,33.47013007485508,90.0,111.1798976938413,123.47013007485508,90.0,111.1798976938413
8.919999999999899,8.763066800435569,50.0,189.63507348204547,33.47013007485508,90.0,111.1798976938413,56.52986992514492,90.0,248.8201023061587
8.919999999999899,-6.799999999995947,50.0,180.0,42.63523244701878,90.0,103.01677757940118,47.36476755298122,90.0,256.98322242059885
8.939999999999898,-7.59999999999593,-50.0,180.0,42.875732498870704,90.0,103.04244008933638,132.87573249887072,90.0,118.04244008933638
8.939999999999898,9.29776485888016,-50.0,187.36249105370544,34.31773560497704,90.0,109.2208499349994,124.31773560497703,90.0,109.2208499349994
8.939999999999898,9.29776485888016,50.0,187.36249105370544,34.31773560497704,90.0,109.2208499349994,55.68226439502296,90.0,250.77915006500058
8.939999999999898,-7.59999999999593,50.0,180.0,42.875732498870704,90.0,103.04244008933638,47.124267501129296,90.0,256.95755991066363
8.959999999999898,-8.399999999995913,-50.0,180.0,43.11460928745288,90.0,103.07095711264539,133.11460928745288,90.0,118.07095711264539
8.959999999999898,9.685831611284714,-50.0,184.97379774330955,35.23558380599289,90.0,107.20551775927795,125.23558380599289,90.0,107.20551775927795
8.959999999999898,9.685831611284714,50.0,184.97379774330955,35.23558380599289,90.0,107.20551775927795,54.76441619400711,90.0,252.79448224072206
8.959999999999898,-8.399999999995913,50.0,180.0,43.11460928745288,90.0,103.07095711264539,46.88539071254712,90.0,256.9290428873546
8.979999999999897,-9.199999999995896,-50.0,180.0,43.35185245761934,90.0,103.10232964513531,133.35185245761934,90.0,118.10232964513531
8.979999999999897,9.92114701314397,-50.0,182.50666467129886,36.20998733764766,90.00000000000001,105.16698203824251,126.20998733764766,89.99999999999999,105.16698203824251
8.979999999999897,9.92114701314397,50.0,182.50666467129886,36.20998733764766,90.00000000000001,105.16698203824251,53.79001266235234,90.00000000000001,254.8330179617575
8.979999999999897,-9.199999999995896,50.0,180.0,43.35185245761934,90.0,103.10232964513531,46.64814754238066,90.0,256.89767035486466
8.999999999999897,-9.999999999995879,-50.0,180.0,43.58745163492679,90.0,103.13655878694468,133.5874516349268,90.0,118.13655878694468
8.999999999999897,10.0,-50.0,180.00000000001296,37.22779139519419,90.00000000000001,103.13655878695526,127.22779139519419,89.99999999999999,103.13655878695526
8.999999999999897,10.0,50.0,180.00000000001296,37.22779139519419,90.00000000000001,103.13655878695526,52.77220860480581,90.00000000000001,256.8634412130447
8.999999999999897,-9.999999999995879,50.0,180.0,43.58745163492679,90.0,103.13655878694468,46.41254836507321,90.0,256.86344121305535
9.019999999999897,-9.921147013145593,-50.0,182.5066646712732,42.43311260099966,90.0,105.1669820382215,132.43311260099966,90.0,120.1669820382215
9.019999999999897,9.200000000004138,-50.0,180.0,37.50004265694249,90.0,103.10232964513565,127.5000426569425,90.0,103.10232964513565
9.019999999999897,9.200000000004138,50.0,180.0,37.50004265694249,90.0,103.10232964513565,52.49995734305751,90.0,256.8976703548643
9.019999999999897,-9.921147013145593,50.0,182.5066646712732,42.43311260099966,90.0,105.1669820382215,47.56688739900034,90.0,254.8330179617785
9.039999999999896,-9.685831611287934,-50.0,184.97379774328445,41.23049657134641,90.0,107.20551775925702,131.2304965713464,90.0,122.20551775925702
9.039999999999896,8.400000000004155,-50.0,180.0,37.77088010090751,90.0,103.07095711264571,127.7708801009075,90.0,103.07095711264571
9.039999999999896,8.400000000004155,50.0,180.0,37.77088010090751,90.0,103.07095711264571,52.22911989909249,90.0,256.9290428873543
9.039999999999896,-9.685831611287934,50.0,184.97379774328445,41.23049657134641,90.0,107.20551775925702,48.76950342865359,90.0,252.79448224074298
9.059999999999896,-9.297764858884927,-50.0,187.36249105368137,39.99962033116207,90.0,109.22084993497886,129.99962033116208,90.0,124.22084993497886
9.059999999999896,7.600000000004172,-50.0,180.0,38.040294268606836,90.0,103.04244008933665,128.04029426860683,90.0,103.04244008933665
9.059999999999896,7.600000000004172,50.0,180.0,38.040294268606836,90.0,103.04244008933665,51.959705731393164,90.0,256.95755991066335
9.059999999999896,-9.297764858884927,50.0,187.36249105368137,39.99962033116207,90.0,109.22084993497886,50.00037966883793,90.0,250.77915006502116
9.079999999999895,-8.763066800441807,-50.0,189.63507348202276,38.76165984777908,90.00000000000001,111.1798976938215,128.76165984777907,89.99999999999999,126.1798976938215
9.079999999999895,6.800000000004189,-50.0,180.0,38.308275632726335,90.0,103.01677757940142,128.30827563272635,90.0,103.01677757940142
9.079999999999895,6.800000000004189,50.0,180.0,38.308275632726335,90.0,103.01677757940142,51.691724367273665,90.0,256.98322242059857
9.079999999999895,-8.763066800441807,50.0,189.63507348202276,38.76165984777908,90.00000000000001,111.1798976938215,51.23834015222092,90.00000000000001,248.8201023061785
9.099999999999895,-8.090169943753358,-50.0,191.75570504583877,37.53870254255076,90.0,113.04810487207205,127.53870254255077,90.0,128.04810487207203
9.099999999999895,6.000000000004206,-50.0,180.0,38.57481460013434,90.0,102.9939686901258,128.57481460013435,90.0,102.9939686901258
9.099999999999895,6.000000000004206,50.0,180.0,38.57481460013434,90.0,102.9939686901258,51.42518539986566,90.0,257.0060313098742
9.099999999999895,-8.090169943753358,50.0,191.75570504583877,37.53870254255076,90.0,113.04810487207205,52.46129745744924,90.0,246.95189512792797
9.119999999999894,-7.289686274218656,-50.0,193.6909421185641,36.35342105165194,90.0,114.78992473282953,126.35342105165194,90.0,129.78992473282955
9.119999999999894,5.2000000000042235,-50.0,180.0,38.83990151483452,90.0,102.97401263077573,128.83990151483454,90.0,102.97401263077573
9.119999999999894,5.2000000000042235,50.0,180.0,38.83990151483452,90.0,102.97401263077573,51.16009848516548,90.0,257.02598736922425
9.119999999999894,-7.289686274218656,50.0,193.6909421185641,36.35342105165194,90.0,114.78992473282953,53.64657894834806,90.0,245.21007526717045
9.139999999999894,-6.37423989749203,-50.0,195.41026485550728,35.2286371914917,90.0,116.36955635573857,125.2286371914917,90.0,131.36955635573855
9.139999999999894,4.4000000000042405,-50.0,180.0,39.103526660860176,90.0,102.95690871161051,129.10352666086018,90.0,102.95690871161051
9.139999999999894,4.4000000000042405,50.0,180.0,39.103526660860176,90.0,102.95690871161051,50.896473339139824,90.0,257.0430912883895
9.139999999999894,-6.37423989749203,50.0,195.41026485550728,35.2286371914917,90.0,116.36955635573857,54.7713628085083,90.0,243.63044364426145
9.159999999999894,-5.358267949795613,-50.0,196.88655851003313,34.18675241066897,90.0,117.75197322528426,124.18675241066897,90.0,132.75197322528425
9.159999999999894,3.6000000000042576,-50.0,180.0,39.36568026510896,90.0,102.94265634302057,129.36568026510895,90.0,102.94265634302057
9.159999999999894,3.6000000000042576,50.0,180.0,39.36568026510896,90.0,102.94265634302057,50.63431973489104,90.0,257.0573436569794
9.159999999999894,-5.358267949795613,50.0,196.88655851003313,34.18675241066897,90.0,117.75197322528426,55.81324758933103,90.0,242.24802677471575
9.179999999999893,-4.257792915656802,-50.0,198.09654104931468,33.24903976509378,90.00000000000001,118.90424778546821,123.24903976509378,89.99999999999999,133.90424778546821
9.179999999999893,2.8000000000042746,-50.0,180.0,39.626352500117065,90.0,102.93125503478959,129.62635250011706,90.0,102.93125503478959
9.179999999999893,2.8000000000042746,50.0,180.0,39.626352500117065,90.0,102.93125503478959,50.373647499882935,90.0,257.0687449652104
9.179999999999893,-4.257792915656802,50.0,198.09654104931468,33.24903976509378,90.00000000000001,118.90424778546821,56.75096023490622,90.00000000000001,241.09575221453179
9.199999999999893,-3.0901699437558863,-50.0,199.0211303258989,32.43482337717729,90.0,119.79711610919438,122.43482337717728,90.0,134.79711610919438
9.199999999999893,2.0000000000042917,-50.0,180.0,39.88553348677141,90.0,102.92270439548041,129.8855334867714,90.0,102.92270439548041
9.199999999999893,2.0000000000042917,50.0,180.0,39.88553348677141,90.0,102.92270439548041,50.11446651322859,90.0,257.0772956045196
9.199999999999893,-3.0901699437558863,50.0,199.0211303258989,32.43482337717729,90.0,119.79711610919438,57.56517662282271,90.0,240.20288389080562
9.219999999999892,-1.8738131458638954,-50.0,199.64574501457125,31.760610659469442,90.0,120.40665142719322,121.76061065946945,90.0,135.40665142719322
9.219999999999892,1.2000000000043087,-50.0,180.0,40.14321329695897,90.0,102.91700413194417,130.14321329695898,90.0,102.91700413194417
9.219999999999892,1.2000000000043087,50.0,180.0,40.14321329695897,90.0,102.91700413194417,49.85678670304103,90.0,257.08299586805583
9.219999999999892,-1.8738131458638954,50.0,199.64574501457125,31.760610659469442,90.0,120.40665142719322,58.23938934053056,90.0,239.59334857280678
9.239999999999892,-0.6279051952999164,-50.0,199.96053456856458,31.239280013423002,90.0,120.71584368328703,121.239280013423,90.0,135.71584368328703
9.239999999999892,0.4000000000043258,-50.0,180.0,40.39938195615182,90.0,102.9141540489525,130.3993819561518,90.0,102.9141540489525
9.239999999999892,0.4000000000043258,50.0,180.0,40.39938195615182,90.0,102.9141540489525,49.60061804384818,90.0,257.08584595104753
9.239999999999892,-0.6279051952999164,50.0,199.96053456856458,31.239280013423002,90.0,120.71584368328703,58.760719986577,90.0,239.28415631671297
9.259999999999891,0.627905195286324,-50.0,199.9605345685663,30.87944701482946,90.0,120.71584368328868,120.87944701482945,90.0,135.71584368328868
9.259999999999891,-0.39999999999565716,-50.0,180.0,40.65402944592659,90.0,102.91415404895247,130.6540294459266,90.0,102.91415404895247
9.259999999999891,-0.39999999999565716,50.0,180.0,40.65402944592659,90.0,102.91415404895247,49.34597055407341,90.0,257.08584595104753
9.259999999999891,0.627905195286324,50.0,199.9605345685663,30.87944701482946,90.0,120.71584368328868,59.12055298517054,90.0,239.28415631671132
9.279999999999891,1.8738131458505194,-50.0,199.64574501457633,30.68512134737386,90.00000000000001,120.40665142719824,120.68512134737387,89.99999999999999,135.40665142719826
9.279999999999891,-1.19999999999564,-50.0,180.0,40.907145706417026,90.0,102.91700413194411,130.90714570641703,90.0,102.91700413194411
9.279999999999891,-1.19999999999564,50.0,180.0,40.907145706417026,90.0,102.91700413194411,49.092854293582974,90.0,257.0829958680559
9.279999999999891,1.8738131458505194,50.0,199.64574501457633,30.68512134737386,90.00000000000001,120.40665142719824,59.314878652626135,90.00000000000001,239.59334857280174
9.29999999999989,3.0901699437429353,-50.0,199.02113032590734,30.655721134928154,90.0,119.79711610920256,120.65572113492816,90.0,134.79711610920256
9.29999999999989,-1.999999999995623,-50.0,180.0,41.1587206386984,90.0,102.92270439548032,131.1587206386984,90.0,102.92270439548032
9.29999999999989,-1.999999999995623,50.0,180.0,41.1587206386984,90.0,102.92270439548032,48.8412793613016,90.0,257.0772956045197
9.29999999999989,3.0901699437429353,50.0,199.02113032590734,30.655721134928154,90.0,119.79711610920256,59.34427886507184,90.0,240.20288389079744
9.31999999999989,4.257792915644479,-50.0,198.09654104932628,30.78644242053313,90.0,118.90424778547933,120.78644242053313,90.0,133.90424778547933
9.31999999999989,-2.799999999995606,-50.0,180.0,41.40874410710207,90.0,102.93125503478947,131.40874410710208,90.0,102.93125503478947
9.31999999999989,-2.799999999995606,50.0,180.0,41.40874410710207,90.0,102.93125503478947,48.59125589289793,90.0,257.0687449652105
9.31999999999989,4.257792915644479,50.0,198.09654104932628,30.78644242053313,90.0,118.90424778547933,59.213557579466865,90.0,241.09575221452067
9.33999999999989,5.358267949784116,-50.0,196.88655851004773,31.0689125777373,90.00000000000001,117.75197322529807,121.06891257773731,89.99999999999999,132.75197322529806
9.33999999999989,-3.599999999995589,-50.0,180.0,41.657205941459196,90.0,102.94265634302043,131.6572059414592,90.0,102.94265634302043
9.33999999999989,-3.599999999995589,50.0,180.0,41.657205941459196,90.0,102.94265634302043,48.342794058540804,90.0,257.0573436569796
9.33999999999989,5.358267949784116,50.0,196.88655851004773,31.0689125777373,90.00000000000001,117.75197322529807,58.9310874222627,90.00000000000001,242.24802677470194
9.35999999999989,6.374239897481538,-50.0,195.41026485552464,31.49201066133854,90.0,116.36955635575465,121.49201066133854,90.0,131.36955635575464
9.35999999999989,-4.399999999995572,-50.0,180.0,41.90409593927149,90.0,102.95690871161035,131.90409593927149,90.0,102.95690871161035
9.35999999999989,-4.399999999995572,50.0,180.0,41.90409593927149,90.0,102.95690871161035,48.09590406072851,90.0,257.04309128838963
9.35999999999989,6.374239897481538,50.0,195.41026485552464,31.49201066133854,90.0,116.36955635575465,58.50798933866146,90.0,243.63044364424536
9.379999999999889,7.289686274209335,-50.0,193.69094211858396,32.04272671276401,90.00000000000001,114.78992473284762,122.04272671276401,89.99999999999999,129.78992473284762
9.379999999999889,-5.199999999995555,-50.0,180.0,42.14940386780819,90.0,102.97401263077552,132.1494038678082,90.0,102.97401263077552
9.379999999999889,-5.199999999995555,50.0,180.0,42.14940386780819,90.0,102.97401263077552,47.85059613219181,90.0,257.0259873692245
9.379999999999889,7.289686274209335,50.0,193.69094211858396,32.04272671276401,90.00000000000001,114.78992473284762,57.95727328723599,90.00000000000001,245.21007526715238
9.399999999999888,8.090169943745355,-50.0,191.7557050458608,32.70695208117802,90.0,113.0481048720917,122.70695208117802,90.0,128.0481048720917
9.399999999999888,-5.999999999995538,-50.0,180.0,42.39311946612713,90.0,102.99396869012557,132.39311946612713,90.0,102.99396869012557
9.399999999999888,-5.999999999995538,50.0,180.0,42.39311946612713,90.0,102.99396869012557,47.60688053387287,90.0,257.0060313098744
9.399999999999888,8.090169943745355,50.0,191.7557050458608,32.70695208117802,90.0,113.0481048720917,57.29304791882198,90.0,246.9518951279083
9.419999999999888,8.763066800435245,-50.0,189.63507348204664,33.47013007485466,90.0,111.1798976938423,123.47013007485467,90.0,126.1798976938423
9.419999999999888,-6.799999999995521,-50.0,180.0,42.63523244701865,90.0,103.01677757940118,132.63523244701867,90.0,103.01677757940118
9.419999999999888,-6.799999999995521,50.0,180.0,42.63523244701865,90.0,103.01677757940118,47.36476755298135,90.0,256.98322242059885
9.419999999999888,8.763066800435245,50.0,189.63507348204664,33.47013007485466,90.0,111.1798976938423,56.52986992514534,90.0,248.8201023061577
9.439999999999888,9.297764858879914,-50.0,187.3624910537067,34.31773560497657,90.0,109.22084993500044,124.31773560497658,90.0,124.22084993500044
9.439999999999888,-7.599999999995504,-50.0,180.0,42.87573249887059,90.0,103.04244008933635,132.8757324988706,90.0,103.04244008933635
9.439999999999888,-7.599999999995504,50.0,180.0,42.87573249887059,90.0,103.04244008933635,47.12426750112941,90.0,256.95755991066363
9.439999999999888,9.297764858879914,50.0,187.3624910537067,34.31773560497657,90.0,109.22084993500044,55.68226439502343,90.0,250.77915006499956
9.459999999999887,9.685831611284549,-50.0,184.97379774331083,35.235583805992384,90.0,107.20551775927902,125.23558380599238,90.0,122.20551775927902
9.459999999999887,-8.399999999995487,-50.0,180.0,43.11460928745274,90.0,103.07095711264539,133.11460928745274,90.0,103.07095711264539
9.459999999999887,-8.399999999995487,50.0,180.0,43.11460928745274,90.0,103.07095711264539,46.88539071254726,90.0,256.9290428873546
9.459999999999887,9.685831611284549,50.0,184.97379774331083,35.235583805992384,90.0,107.20551775927902,54.764416194007616,90.0,252.79448224072098
9.479999999999887,9.921147013143885,-50.0,182.5066646713002,36.20998733764712,90.0,105.16698203824362,126.20998733764712,90.0,120.16698203824362
9.479999999999887,-9.19999999999547,-50.0,180.0,43.35185245761922,90.0,103.10232964513528,133.35185245761923,90.0,103.10232964513528
9.479999999999887,-9.19999999999547,50.0,180.0,43.35185245761922,90.0,103.10232964513528,46.64814754238078,90.0,256.8976703548647
9.479999999999887,9.921147013143885,50.0,182.5066646713002,36.20998733764712,90.0,105.16698203824362,53.79001266235288,90.0,254.83301796175638
9.499999999999886,10.0,-50.0,180.0000000000143,37.22779139519365,90.0,103.13655878695633,127.22779139519365,90.0,118.13655878695633
9.499999999999886,-9.999999999995453,-50.0,180.0,43.587451634926666,90.0,103.13655878694465,133.58745163492665,90.0,103.13655878694465
9.499999999999886,-9.999999999995453,50.0,180.0,43.587451634926666,90.0,103.13655878694465,46.412548365073334,90.0,256.86344121305535
9.499999999999886,10.0,50.0,180.0000000000143,37.22779139519365,90.0,103.13655878695633,52.77220860480635,90.0,256.86344121304364
9.519999999999886,9.200000000004565,-50.0,180.0,37.500042656942355,90.0,103.10232964513565,127.50004265694236,90.0,118.10232964513565
9.519999999999886,-9.921147013145678,-50.0,182.50666467127186,42.433112601000296,90.0,105.16698203822041,132.4331126010003,90.0,105.16698203822041
9.519999999999886,-9.921147013145678,50.0,182.50666467127186,42.433112601000296,90.0,105.16698203822041,47.566887398999704,90.0,254.8330179617796
9.519999999999886,9.200000000004565,50.0,180.0,37.500042656942355,90.0,103.10232964513565,52.499957343057645,90.0,256.8976703548643
9.539999999999885,8.400000000004582,-50.0,180.0,37.770880100907355,90.0,103.07095711264574,127.77088010090736,90.0,118.07095711264574
9.539999999999885,-9.685831611288101,-50.0,184.97379774328314,41.230496571347075,90.0,107.20551775925593,131.2304965713471,90.0,107.20551775925593
9.539999999999885,-9.685831611288101,50.0,184.97379774328314,41.230496571347075,90.0,107.20551775925593,48.769503428652925,90.0,252.79448224074406
9.539999999999885,8.400000000004582,50.0,180.0,37.770880100907355,90.0,103.07095711264574,52.229119899092645,90.0,256.9290428873543
9.559999999999885,7.600000000004599,-50.0,180.0,38.040294268606694,90.0,103.04244008933668,128.0402942686067,90.0,118.04244008933668
9.559999999999885,-9.297764858885174,-50.0,187.36249105368012,39.99962033116273,90.0,109.22084993497779,129.99962033116273,90.0,109.22084993497779
9.559999999999885,-9.297764858885174,50.0,187.36249105368012,39.99962033116273,90.0,109.22084993497779,50.00037966883727,90.0,250.7791500650222
9.559999999999885,7.600000000004599,50.0,180.0,38.040294268606694,90.0,103.04244008933668,51.959705731393306,90.0,256.95755991066335
9.579999999999885,6.800000000004616,-50.0,180.0,38.3082756327262,90.0,103.01677757940145,128.3082756327262,90.0,118.01677757940145
9.579999999999885,-8.763066800442129,-50.0,189.6350734820216,38.761659847779725,90.0,111.1798976938205,128.76165984777973,90.0,111.1798976938205
9.579999999999885,-8.763066800442129,50.0,189.6350734820216,38.761659847779725,90.0,111.1798976938205,51.238340152220275,90.0,248.8201023061795
9.579999999999885,6.800000000004616,50.0,180.0,38.3082756327262,90.0,103.01677757940145,51.6917243672738,90.0,256.98322242059857
9.599999999999884,6.000000000004633,-50.0,180.0,38.57481460013421,90.0,102.9939686901258,128.5748146001342,90.0,117.9939686901258
9.599999999999884,-8.090169943753752,-50.0,191.7557050458377,37.538702542551405,90.0,113.04810487207108,127.5387025425514,90.0,113.04810487207108
9.599999999999884,-8.090169943753752,50.0,191.7557050458377,37.538702542551405,90.0,113.04810487207108,52.461297457448595,90.0,246.95189512792894
9.599999999999884,6.000000000004633,50.0,180.0,38.57481460013421,90.0,102.9939686901258,51.42518539986579,90.0,257.0060313098742
9.619999999999884,5.20000000000465,-50.0,180.0,38.839901514834374,90.0,102.97401263077575,128.83990151483437,90.0,117.97401263077575
9.619999999999884,-7.289686274219115,-50.0,193.69094211856313,36.35342105165257,90.0,114.78992473282864,126.35342105165256,90.0,114.78992473282864
9.619999999999884,-7.289686274219115,50.0,193.69094211856313,36.35342105165257,90.0,114.78992473282864,53.64657894834743,90.0,245.21007526717136
9.619999999999884,5.20000000000465,50.0,180.0,38.839901514834374,90.0,102.97401263077575,51.160098485165626,90.0,257.02598736922425
9.639999999999883,4.400000000004667,-50.0,180.0,39.10352666086003,90.0,102.95690871161052,129.10352666086004,90.0,117.95690871161052
9.639999999999883,-6.374239897492545,-50.0,195.41026485550643,35.22863719149229,90.0,116.36955635573776,125.22863719149228,90.0,116.36955635573776
9.639999999999883,-6.374239897492545,50.0,195.41026485550643,35.22863719149229,90.0,116.36955635573776,54.77136280850771,90.0,243.63044364426224
9.639999999999883,4.400000000004667,50.0,180.0,39.10352666086003,90.0,102.95690871161052,50.89647333913997,90.0,257.04309128838946
9.659999999999883,3.600000000004684,-50.0,180.0,39.36568026510882,90.0,102.94265634302057,129.36568026510884,90.0,117.94265634302057
9.659999999999883,-5.358267949796178,-50.0,196.88655851003242,34.1867524106695,90.0,117.75197322528359,124.1867524106695,90.0,117.75197322528359
9.659999999999883,-5.358267949796178,50.0,196.88655851003242,34.1867524106695,90.0,117.75197322528359,55.8132475893305,90.0,242.2480267747164
9.659999999999883,3.600000000004684,50.0,180.0,39.36568026510882,90.0,102.94265634302057,50.63431973489118,90.0,257.0573436569794
9.679999999999882,2.800000000004701,-50.0,180.0,39.62635250011692,90.0,102.93125503478959,129.62635250011692,90.0,117.93125503478959
9.679999999999882,-4.257792915657409,-50.0,198.0965410493141,33.249039765094246,90.00000000000001,118.90424778546766,123.24903976509424,89.99999999999999,118.90424778546766
9.679999999999882,-4.257792915657409,50.0,198.0965410493141,33.249039765094246,90.00000000000001,118.90424778546766,56.750960234905754,90.00000000000001,241.09575221453235
9.679999999999882,2.800000000004701,50.0,180.0,39.62635250011692,90.0,102.93125503478959,50.37364749988308,90.0,257.0687449652104
9.699999999999882,2.000000000004718,-50.0,180.0,39.88553348677127,90.0,102.92270439548041,129.88553348677127,90.0,117.92270439548041
9.699999999999882,-3.090169943756524,-50.0,199.0211303258985,32.43482337717771,90.0,119.79711610919391,122.43482337717771,90.0,119.79711610919391
9.699999999999882,-3.090169943756524,50.0,199.0211303258985,32.43482337717771,90.0,119.79711610919391,57.56517662282229,90.0,240.2028838908061
9.699999999999882,2.000000000004718,50.0,180.0,39.88553348677127,90.0,102.92270439548041,50.11446651322873,90.0,257.0772956045196
9.719999999999882,1.200000000004735,-50.0,180.0,40.143213296958834,90.0,102.91700413194417,130.14321329695883,90.0,117.91700413194417
9.719999999999882,-1.8738131458645517,-50.0,199.645745014571,31.760610659469762,90.0,120.40665142719297,121.76061065946976,90.0,120.40665142719297
9.719999999999882,-1.8738131458645517,50.0,199.645745014571,31.760610659469762,90.0,120.40665142719297,58.23938934053024,90.0,239.59334857280703
9.719999999999882,1.200000000004735,50.0,180.0,40.143213296958834,90.0,102.91700413194417,49.856786703041166,90.0,257.08299586805583
9.739999999999881,0.4000000000047521,-50.0,180.0,40.399381956151686,90.0,102.9141540489525,130.39938195615167,90.0,117.9141540489525
9.739999999999881,-0.6279051953005834,-50.0,199.9605345685645,31.239280013423244,90.00000000000001,120.71584368328693,121.23928001342324,89.99999999999999,120.71584368328693
9.739999999999881,-0.6279051953005834,50.0,199.9605345685645,31.239280013423244,90.00000000000001,120.71584368328693,58.76071998657676,90.00000000000001,239.28415631671305
9.739999999999881,0.4000000000047521,50.0,180.0,40.399381956151686,90.0,102.9141540489525,49.600618043848314,90.0,257.08584595104753
9.75999999999988,-0.39999999999523084,-50.0,180.0,40.65402944592645,90.0,102.91415404895247,130.65402944592645,90.0,117.91415404895247
9.75999999999988,0.6279051952856569,-50.0,199.96053456856637,30.879447014829605,90.00000000000001,120.71584368328877,120.87944701482961,89.99999999999999,120.71584368328877
9.75999999999988,0.6279051952856569,50.0,199.96053456856637,30.879447014829605,90.00000000000001,120.71584368328877,59.12055298517039,90.00000000000001,239.28415631671123
9.75999999999988,-0.39999999999523084,50.0,180.0,40.65402944592645,90.0,102.91415404895247,49.34597055407355,90.0,257.08584595104753
9.77999999999988,-1.1999999999952138,-50.0,180.0,40.9071457064169,90.0,102.91700413194411,130.90714570641688,90.0,117.91700413194411
9.77999999999988,1.8738131458498608,-50.0,199.6457450145766,30.685121347373936,90.0,120.40665142719847,120.68512134737394,90.0,120.40665142719847
9.77999999999988,1.8738131458498608,50.0,199.6457450145766,30.685121347373936,90.0,120.40665142719847,59.314878652626064,90.0,239.59334857280152
9.77999999999988,-1.1999999999952138,50.0,180.0,40.9071457064169,90.0,102.91700413194411,49.0928542935831,90.0,257.0829958680559
9.79999999999988,-1.9999999999951967,-50.0,180.0,41.15872063869826,90.0,102.92270439548032,131.15872063869827,90.0,117.92270439548032
9.79999999999988,3.0901699437422976,-50.0,199.02113032590773,30.655721134928147,90.0,119.79711610920292,120.65572113492814,90.0,119.79711610920292
9.79999999999988,3.0901699437422976,50.0,199.02113032590773,30.655721134928147,90.0,119.79711610920292,59.34427886507186,90.0,240.20288389079707
9.79999999999988,-1.9999999999951967,50.0,180.0,41.15872063869826,90.0,102.92270439548032,48.84127936130174,90.0,257.0772956045197
9.81999999999988,-2.7999999999951797,-50.0,180.0,41.40874410710194,90.0,102.93125503478947,131.40874410710194,90.0,117.93125503478947
9.81999999999988,4.2577929156438765,-50.0,198.09654104932685,30.786442420533024,90.0,118.9042477854799,120.78644242053302,90.0,118.9042477854799
9.81999999999988,4.2577929156438765,50.0,198.09654104932685,30.786442420533024,90.0,118.9042477854799,59.21355757946698,90.0,241.0957522145201
9.81999999999988,-2.7999999999951797,50.0,180.0,41.40874410710194,90.0,102.93125503478947,48.59125589289806,90.0,257.0687449652105
9.839999999999879,-3.5999999999951626,-50.0,180.0,41.657205941459054,90.0,102.94265634302043,131.65720594145904,90.0,117.94265634302043
9.839999999999879,5.358267949783549,-50.0,196.88655851004845,31.068912577737123,90.00000000000001,117.75197322529873,121.06891257773712,89.99999999999999,117.75197322529873
9.839999999999879,5.358267949783549,50.0,196.88655851004845,31.068912577737123,90.00000000000001,117.75197322529873,58.93108742226288,90.00000000000001,242.24802677470126
9.839999999999879,-3.5999999999951626,50.0,180.0,41.657205941459054,90.0,102.94265634302043,48.342794058540946,90.0,257.0573436569796
9.859999999999879,-4.399999999995146,-50.0,180.0,41.904095939271365,90.0,102.95690871161032,131.90409593927137,90.0,117.95690871161032
9.859999999999879,6.374239897481022,-50.0,195.4102648555255,31.492010661338274,90.0,116.36955635575546,121.49201066133827,90.0,116.36955635575546
9.859999999999879,6.374239897481022,50.0,195.4102648555255,31.492010661338274,90.0,116.36955635575546,58.50798933866173,90.0,243.63044364424454
9.859999999999879,-4.399999999995146,50.0,180.0,41.904095939271365,90.0,102.95690871161032,48.095904060728635,90.0,257.0430912883897
9.879999999999878,-5.1999999999951285,-50.0,180.0,42.14940386780806,90.0,102.97401263077552,132.14940386780808,90.0,117.97401263077552
9.879999999999878,7.289686274208876,-50.0,193.69094211858493,32.04272671276369,90.0,114.78992473284849,122.04272671276368,90.0,114.78992473284849
9.879999999999878,7.289686274208876,50.0,193.69094211858493,32.04272671276369,90.0,114.78992473284849,57.95727328723631,90.0,245.21007526715152
9.879999999999878,-5.1999999999951285,50.0,180.0,42.14940386780806,90.0,102.97401263077552,47.85059613219194,90.0,257.0259873692245
9.899999999999878,-5.9999999999951115,-50.0,180.0,42.393119466127004,90.0,102.99396869012554,132.39311946612702,90.0,117.99396869012554
9.899999999999878,8.09016994374496,-50.0,191.75570504586187,32.706952081177654,90.00000000000001,113.04810487209264,122.70695208117766,89.99999999999999,113.04810487209264
9.899999999999878,8.09016994374496,50.0,191.75570504586187,32.706952081177654,90.00000000000001,113.04810487209264,57.293047918822346,90.00000000000001,246.95189512790736
9.899999999999878,-5.9999999999951115,50.0,180.0,42.393119466127004,90.0,102.99396869012554,47.606880533872996,90.0,257.00603130987446
9.919999999999877,-6.799999999995094,-50.0,180.0,42.63523244701852,90.0,103.01677757940116,132.63523244701852,90.0,118.01677757940116
9.919999999999877,8.763066800434922,-50.0,189.6350734820478,33.470130074854225,90.0,111.17989769384333,123.47013007485423,90.0,111.17989769384333
9.919999999999877,8.763066800434922,50.0,189.6350734820478,33.470130074854225,90.0,111.17989769384333,56.529869925145775,90.0,248.82010230615668
9.919999999999877,-6.799999999995094,50.0,180.0,42.63523244701852,90.0,103.01677757940116,47.36476755298148,90.0,256.98322242059885
9.939999999999877,-7.599999999995077,-50.0,180.0,42.875732498870455,90.0,103.04244008933635,132.87573249887046,90.0,118.04244008933635
9.939999999999877,9.297764858879667,-50.0,187.36249105370794,34.317735604976086,90.0,109.22084993500154,124.3177356049761,90.0,109.22084993500154
9.939999999999877,9.297764858879667,50.0,187.36249105370794,34.317735604976086,90.0,109.22084993500154,55.682264395023914,90.0,250.77915006499848
9.939999999999877,-7.599999999995077,50.0,180.0,42.875732498870455,90.0,103.04244008933635,47.124267501129545,90.0,256.95755991066363
9.959999999999877,-8.39999999999506,-50.0,180.0,43.114609287452616,90.0,103.07095711264537,133.11460928745262,90.0,118.07095711264537
9.959999999999877,9.685831611284382,-50.0,184.97379774331213,35.235583805991865,90.0,107.20551775928013,125.23558380599187,90.0,107.20551775928013
9.959999999999877,9.685831611284382,50.0,184.97379774331213,35.235583805991865,90.0,107.20551775928013,54.764416194008135,90.0,252.79448224071987
9.959999999999877,-8.39999999999506,50.0,180.0,43.114609287452616,90.0,103.07095711264537,46.885390712547384,90.0,256.9290428873546
9.979999999999876,-9.199999999995043,-50.0,180.0,43.351852457619096,90.0,103.10232964513526,133.3518524576191,90.0,118.10232964513526
9.979999999999876,9.921147013143802,-50.0,182.50666467130154,36.20998733764659,90.0,105.16698203824468,126.2099873376466,90.0,105.16698203824468
9.979999999999876,9.921147013143802,50.0,182.50666467130154,36.20998733764659,90.0,105.16698203824468,53.79001266235341,90.0,254.83301796175533
9.979999999999876,-9.199999999995043,50.0,180.0,43.351852457619096,90.0,103.10232964513526,46.648147542380904,90.0,256.8976703548648
9.999999999999876,-9.999999999995026,-50.0,180.0,43.58745163492653,90.0,103.13655878694465,133.58745163492654,90.0,118.13655878694465
9.999999999999876,10.0,-50.0,180.00000000001563,37.227791395193094,90.0,103.1365587869574,127.2277913951931,90.0,103.1365587869574
9.999999999999876,10.0,50.0,180.00000000001563,37.227791395193094,90.0,103.1365587869574,52.772208604806906,90.0,256.8634412130426
9.999999999999876,-9.999999999995026,50.0,180.0,43.58745163492653,90.0,103.13655878694465,46.41254836507347,90.0,256.86344121305535
10.019999999999875,-9.921147013145761,-50.0,182.50666467127053,42.433112601000914,90.0,105.16698203821933,132.43311260100091,90.0,120.16698203821933
10.019999999999875,9.20000000000499,-50.0,180.0,37.50004265694222,90.0,103.10232964513568,127.50004265694221,90.0,103.10232964513568
10.019999999999875,9.20000000000499,50.0,180.0,37.50004265694222,90.0,103.10232964513568,52.49995734305778,90.0,256.8976703548643
10.019999999999875,-9.921147013145761,50.0,182.50666467127053,42.433112601000914,90.0,105.16698203821933,47.566887398999086,90.0,254.83301796178068
10.039999999999875,-9.685831611288267,-50.0,184.97379774328186,41.23049657134771,90.0,107.20551775925487,131.23049657134771,90.0,122.20551775925487
10.039999999999875,8.400000000005008,-50.0,180.0,37.77088010090722,90.0,103.07095711264574,127.77088010090722,90.0,103.07095711264574
10.039999999999875,8.400000000005008,50.0,180.0,37.77088010090722,90.0,103.07095711264574,52.22911989909278,90.0,256.9290428873543
10.039999999999875,-9.685831611288267,50.0,184.97379774328186,41.23049657134771,90.0,107.20551775925487,48.76950342865229,90.0,252.79448224074514
10.059999999999874,-9.29776485888542,-50.0,187.3624910536789,39.99962033116338,90.0,109.22084993497675,129.99962033116338,90.0,124.22084993497675
10.059999999999874,7.600000000005025,-50.0,180.0,38.04029426860656,90.0,103.04244008933668,128.04029426860654,90.0,103.04244008933668
10.059999999999874,7.600000000005025,50.0,180.0,38.04029426860656,90.0,103.04244008933668,51.95970573139344,90.0,256.95755991066335
10.059999999999874,-9.29776485888542,50.0,187.3624910536789,39.99962033116338,90.0,109.22084993497675,50.00037966883662,90.0,250.77915006502326
10.079999999999874,-8.763066800442452,-50.0,189.63507348202043,38.76165984778039,90.0,111.17989769381946,128.76165984778038,90.0,126.17989769381946
10.079999999999874,6.800000000005042,-50.0,180.0,38.30827563272606,90.0,103.01677757940145,128.30827563272607,90.0,103.01677757940145
10.079999999999874,6.800000000005042,50.0,180.0,38.30827563272606,90.0,103.01677757940145,51.69172436727394,90.0,256.98322242059857
10.079999999999874,-8.763066800442452,50.0,189.63507348202043,38.76165984778039,90.0,111.17989769381946,51.23834015221961,90.0,248.82010230618056
10.099999999999874,-8.090169943754145,-50.0,191.7557050458366,37.53870254255204,90.00000000000001,113.04810487207011,127.53870254255204,89.99999999999999,128.0481048720701
10.099999999999874,6.000000000005059,-50.0,180.0,38.574814600134054,90.0,102.99396869012583,128.57481460013406,90.0,102.99396869012583
10.099999999999874,6.000000000005059,50.0,180.0,38.574814600134054,90.0,102.99396869012583,51.425185399865946,90.0,257.0060313098742
10.099999999999874,-8.090169943754145,50.0,191.7557050458366,37.53870254255204,90.00000000000001,113.04810487207011,52.46129745744796,90.00000000000001,246.9518951279299
10.119999999999873,-7.289686274219575,-50.0,193.69094211856213,36.35342105165317,90.0,114.78992473282777,126.35342105165317,90.0,129.78992473282779
10.119999999999873,5.200000000005076,-50.0,180.0,38.83990151483424,90.0,102.97401263077575,128.83990151483425,90.0,102.97401263077575
10.119999999999873,5.200000000005076,50.0,180.0,38.83990151483424,90.0,102.97401263077575,51.16009848516576,90.0,257.02598736922425
10.119999999999873,-7.289686274219575,50.0,193.69094211856213,36.35342105165317,90.0,114.78992473282777,53.64657894834683,90.0,245.21007526717221
10.139999999999873,-6.374239897493061,-50.0,195.41026485550557,35.22863719149286,90.0,116.36955635573699,125.22863719149285,90.0,131.369556355737
10.139999999999873,4.400000000005093,-50.0,180.0,39.103526660859885,90.0,102.95690871161052,129.10352666085987,90.0,102.95690871161052
10.139999999999873,4.400000000005093,50.0,180.0,39.103526660859885,90.0,102.95690871161052,50.896473339140115,90.0,257.04309128838946
10.139999999999873,-6.374239897493061,50.0,195.41026485550557,35.22863719149286,90.0,116.36955635573699,54.77136280850714,90.0,243.630443644263
10.159999999999872,-5.358267949796743,-50.0,196.8865585100317,34.18675241067001,90.0,117.75197322528292,124.18675241067001,90.0,132.75197322528294
10.159999999999872,3.6000000000051102,-50.0,180.0,39.36568026510869,90.0,102.94265634302057,129.3656802651087,90.0,102.94265634302057
10.159999999999872,3.6000000000051102,50.0,180.0,39.36568026510869,90.0,102.94265634302057,50.63431973489131,90.0,257.0573436569794
10.159999999999872,-5.358267949796743,50.0,196.8865585100317,34.18675241067001,90.0,117.75197322528292,55.81324758932999,90.0,242.24802677471706
10.179999999999872,-4.257792915658014,-50.0,198.09654104931354,33.24903976509472,90.00000000000001,118.90424778546712,123.24903976509472,89.99999999999999,133.90424778546713
10.179999999999872,2.8000000000051273,-50.0,180.0,39.626352500116795,90.0,102.93125503478959,129.6263525001168,90.0,102.93125503478959
10.179999999999872,2.8000000000051273,50.0,180.0,39.626352500116795,90.0,102.93125503478959,50.373647499883205,90.0,257.0687449652104
10.179999999999872,-4.257792915658014,50.0,198.09654104931354,33.24903976509472,90.00000000000001,118.90424778546712,56.75096023490528,90.00000000000001,241.09575221453287
10.199999999999871,-3.0901699437571595,-50.0,199.02113032589807,32.4348233771781,90.0,119.79711610919352,122.4348233771781,90.0,134.79711610919352
10.199999999999871,2.0000000000051443,-50.0,180.0,39.88553348677114,90.0,102.92270439548041,129.88553348677112,90.0,102.92270439548041
10.199999999999871,2.0000000000051443,50.0,180.0,39.88553348677114,90.0,102.92270439548041,50.11446651322886,90.0,257.0772956045196
10.199999999999871,-3.0901699437571595,50.0,199.02113032589807,32.4348233771781,90.0,119.79711610919352,57.5651766228219,90.0,240.20288389080648
10.219999999999871,-1.8738131458652105,-50.0,199.64574501457074,31.760610659470093,90.0,120.40665142719273,121.76061065947009,90.0,135.40665142719274
10.219999999999871,1.2000000000051614,-50.0,180.0,40.14321329695869,90.0,102.91700413194417,130.1432132969587,90.0,102.91700413194417
10.219999999999871,1.2000000000051614,50.0,180.0,40.14321329695869,90.0,102.91700413194417,49.85678670304131,90.0,257.08299586805583
10.219999999999871,-1.8738131458652105,50.0,199.64574501457074,31.760610659470093,90.0,120.40665142719273,58.23938934052991,90.0,239.59334857280726
10.23999999999987,-0.6279051953012527,-50.0,199.9605345685644,31.239280013423475,90.0,120.71584368328685,121.23928001342347,90.0,135.71584368328683
10.23999999999987,0.40000000000517844,-50.0,180.0,40.39938195615156,90.0,102.9141540489525,130.39938195615156,90.0,102.9141540489525
10.23999999999987,0.40000000000517844,50.0,180.0,40.39938195615156,90.0,102.9141540489525,49.60061804384844,90.0,257.08584595104753
10.23999999999987,-0.6279051953012527,50.0,199.9605345685644,31.239280013423475,90.0,120.71584368328685,58.760719986576525,90.0,239.28415631671317
10.25999999999987,0.6279051952849878,-50.0,199.96053456856646,30.879447014829744,90.0,120.71584368328887,120.87944701482974,90.0,135.71584368328888
10.25999999999987,-0.3999999999948045,-50.0,180.0,40.65402944592632,90.0,102.91415404895247,130.6540294459263,90.0,102.91415404895247
10.25999999999987,-0.3999999999948045,50.0,180.0,40.65402944592632,90.0,102.91415404895247,49.34597055407368,90.0,257.08584595104753
10.25999999999987,0.6279051952849878,50.0,199.96053456856646,30.879447014829744,90.0,120.71584368328887,59.12055298517026,90.0,239.28415631671112
10.27999999999987,1.8738131458492022,-50.0,199.64574501457685,30.685121347373986,90.0,120.40665142719872,120.68512134737398,90.0,135.4066514271987
10.27999999999987,-1.1999999999947875,-50.0,180.0,40.907145706416756,90.0,102.91700413194411,130.90714570641677,90.0,102.91700413194411
10.27999999999987,-1.1999999999947875,50.0,180.0,40.907145706416756,90.0,102.91700413194411,49.092854293583244,90.0,257.0829958680559
10.27999999999987,1.8738131458492022,50.0,199.64574501457685,30.685121347373986,90.0,120.40665142719872,59.314878652626014,90.0,239.5933485728013
10.29999999999987,3.0901699437416603,-50.0,199.02113032590816,30.6557211349281,90.0,119.79711610920336,120.6557211349281,90.0,134.79711610920336
10.29999999999987,-1.9999999999947704,-50.0,180.0,41.15872063869813,90.0,102.92270439548032,131.15872063869813,90.0,102.92270439548032
10.29999999999987,-1.9999999999947704,50.0,180.0,41.15872063869813,90.0,102.92270439548032,48.84127936130187,90.0,257.0772956045197
10.29999999999987,3.0901699437416603,50.0,199.02113032590816,30.6557211349281,90.0,119.79711610920336,59.3442788650719,90.0,240.20288389079664
10.319999999999869,4.25779291564327,-50.0,198.0965410493274,30.786442420532904,90.0,118.90424778548045,120.78644242053291,90.0,133.90424778548044
10.319999999999869,-2.7999999999947534,-50.0,180.0,41.4087441071018,90.0,102.93125503478947,131.4087441071018,90.0,102.93125503478947
10.319999999999869,-2.7999999999947534,50.0,180.0,41.4087441071018,90.0,102.93125503478947,48.5912558928982,90.0,257.0687449652105
10.319999999999869,4.25779291564327,50.0,198.0965410493274,30.786442420532904,90.0,118.90424778548045,59.21355757946709,90.0,241.09575221451956
10.339999999999868,5.3582679497829835,-50.0,196.88655851004916,31.06891257773694,90.0,117.7519732252994,121.06891257773694,90.0,132.7519732252994
10.339999999999868,-3.5999999999947363,-50.0,180.0,41.65720594145893,90.0,102.9426563430204,131.65720594145893,90.0,102.9426563430204
10.339999999999868,-3.5999999999947363,50.0,180.0,41.65720594145893,90.0,102.9426563430204,48.34279405854107,90.0,257.0573436569796
10.339999999999868,5.3582679497829835,50.0,196.88655851004916,31.06891257773694,90.0,117.7519732252994,58.93108742226306,90.0,242.2480267747006
10.359999999999868,6.374239897480505,-50.0,195.41026485552635,31.49201066133801,90.0,116.36955635575625,121.49201066133801,90.0,131.36955635575623
10.359999999999868,-4.399999999994719,-50.0,180.0,41.90409593927123,90.0,102.95690871161032,131.90409593927123,90.0,102.95690871161032
10.359999999999868,-4.399999999994719,50.0,180.0,41.90409593927123,90.0,102.95690871161032,48.09590406072877,90.0,257.0430912883897
10.359999999999868,6.374239897480505,50.0,195.41026485552635,31.49201066133801,90.0,116.36955635575625,58.507989338661986,90.0,243.63044364424377
10.379999999999868,7.289686274208419,-50.0,193.6909421185859,32.042726712763375,90.0,114.78992473284939,122.04272671276337,90.0,129.78992473284939
10.379999999999868,-5.199999999994702,-50.0,180.0,42.14940386780792,90.0,102.97401263077552,132.1494038678079,90.0,102.97401263077552
10.379999999999868,-5.199999999994702,50.0,180.0,42.14940386780792,90.0,102.97401263077552,47.85059613219208,90.0,257.0259873692245
10.379999999999868,7.289686274208419,50.0,193.6909421185859,32.042726712763375,90.0,114.78992473284939,57.957273287236625,90.0,245.21007526715061
10.399999999999867,8.090169943744566,-50.0,191.75570504586298,32.70695208117727,90.0,113.04810487209362,122.70695208117726,90.0,128.04810487209363
10.399999999999867,-5.999999999994685,-50.0,180.0,42.393119466126876,90.0,102.99396869012554,132.39311946612688,90.0,102.99396869012554
10.399999999999867,-5.999999999994685,50.0,180.0,42.393119466126876,90.0,102.99396869012554,47.606880533873124,90.0,257.00603130987446
10.399999999999867,8.090169943744566,50.0,191.75570504586298,32.70695208117727,90.0,113.04810487209362,57.29304791882273,90.0,246.95189512790637
10.419999999999867,8.7630668004346,-50.0,189.635073482049,33.47013007485378,90.0,111.17989769384438,123.47013007485378,90.0,126.17989769384438
10.419999999999867,-6.799999999994668,-50.0,180.0,42.63523244701838,90.0,103.01677757940116,132.63523244701838,90.0,103.01677757940116
10.419999999999867,-6.799999999994668,50.0,180.0,42.63523244701838,90.0,103.01677757940116,47.36476755298162,90.0,256.98322242059885
10.419999999999867,8.7630668004346,50.0,189.635073482049,33.47013007485378,90.0,111.17989769384438,56.52986992514622,90.0,248.8201023061556
10.439999999999866,9.29776485887942,-50.0,187.3624910537092,34.31773560497562,90.0,109.22084993500259,124.31773560497561,90.0,124.22084993500259
10.439999999999866,-7.599999999994651,-50.0,180.0,42.87573249887033,90.0,103.04244008933632,132.87573249887032,90.0,103.04244008933632
10.439999999999866,-7.599999999994651,50.0,180.0,42.87573249887033,90.0,103.04244008933632,47.12426750112967,90.0,256.9575599106637
10.439999999999866,9.29776485887942,50.0,187.3624910537092,34.31773560497562,90.0,109.22084993500259,55.68226439502438,90.0,250.7791500649974
10.459999999999866,9.685831611284215,-50.0,184.9737977433134,35.23558380599137,90.0,107.20551775928121,125.23558380599137,90.0,122.20551775928121
10.459999999999866,-8.399999999994634,-50.0,180.0,43.11460928745249,90.0,103.07095711264536,133.11460928745248,90.0,103.07095711264536
10.459999999999866,-8.399999999994634,50.0,180.0,43.11460928745249,90.0,103.07095711264536,46.88539071254751,90.0,256.9290428873546
10.459999999999866,9.685831611284215,50.0,184.9737977433134,35.23558380599137,90.0,107.20551775928121,54.76441619400863,90.0,252.7944822407188
10.479999999999865,9.921147013143718,-50.0,182.50666467130287,36.209987337646055,90.0,105.16698203824579,126.20998733764606,90.0,120.16698203824579
10.479999999999865,-9.199999999994617,-50.0,180.0,43.35185245761896,90.0,103.10232964513526,133.35185245761897,90.0,103.10232964513526
10.479999999999865,-9.199999999994617,50.0,180.0,43.35185245761896,90.0,103.10232964513526,46.64814754238104,90.0,256.8976703548648
10.479999999999865,9.921147013143718,50.0,182.50666467130287,36.209987337646055,90.0,105.16698203824579,53.790012662353945,90.0,254.8330179617542
10.499999999999865,10.0,-50.0,180.00000000001697,37.22779139519255,90.0,103.13655878695846,127.22779139519255,90.0,118.13655878695846
10.499999999999865,-9.9999999999946,-50.0,180.0,43.58745163492642,90.0,103.1365587869446,133.58745163492642,90.0,103.1365587869446
10.499999999999865,-9.9999999999946,50.0,180.0,43.58745163492642,90.0,103.1365587869446,46.41254836507358,90.0,256.8634412130554
10.499999999999865,10.0,50.0,180.00000000001697,37.22779139519255,90.0,103.13655878695846,52.77220860480745,90.0,256.86344121304154
10.519999999999865,9.200000000005417,-50.0,180.0,37.50004265694206,90.0,103.1023296451357,127.50004265694206,90.0,118.1023296451357
10.519999999999865,-9.921147013145845,-50.0,182.5066646712692,42.43311260100155,90.0,105.16698203821824,132.43311260100154,90.0,105.16698203821824
10.519999999999865,-9.921147013145845,50.0,182.5066646712692,42.43311260100155,90.0,105.16698203821824,47.56688739899845,90.0,254.83301796178176
10.519999999999865,9.200000000005417,50.0,180.0,37.50004265694206,90.0,103.1023296451357,52.49995734305794,90.0,256.8976703548643
10.539999999999864,8.400000000005434,-50.0,180.0,37.77088010090708,90.0,103.07095711264576,127.77088010090708,90.0,118.07095711264576
10.539999999999864,-9.685831611288435,-50.0,184.97379774328056,41.23049657134837,90.0,107.20551775925377,131.23049657134837,90.0,107.20551775925377
10.539999999999864,-9.685831611288435,50.0,184.97379774328056,41.23049657134837,90.0,107.20551775925377,48.76950342865163,90.0,252.79448224074622
10.539999999999864,8.400000000005434,50.0,180.0,37.77088010090708,90.0,103.07095711264576,52.22911989909292,90.0,256.9290428873542
10.559999999999864,7.600000000005451,-50.0,180.0,38.04029426860642,90.0,103.0424400893367,128.04029426860643,90.0,118.0424400893367
10.559999999999864,-9.297764858885667,-50.0,187.36249105367764,39.99962033116405,90.0,109.22084993497569,129.99962033116407,90.0,109.22084993497569
10.559999999999864,-9.297764858885667,50.0,187.36249105367764,39.99962033116405,90.0,109.22084993497569,50.00037966883595,90.0,250.7791500650243
10.559999999999864,7.600000000005451,50.0,180.0,38.04029426860642,90.0,103.0424400893367,51.95970573139358,90.0,256.9575599106633
10.579999999999863,6.800000000005468,-50.0,180.0,38.3082756327259,90.0,103.01677757940148,128.3082756327259,90.0,118.01677757940148
10.579999999999863,-8.763066800442774,-50.0,189.63507348201927,38.76165984778105,90.0,111.17989769381845,128.76165984778106,90.0,111.17989769381845
10.579999999999863,-8.763066800442774,50.0,189.63507348201927,38.76165984778105,90.0,111.17989769381845,51.23834015221895,90.0,248.82010230618155
10.579999999999863,6.800000000005468,50.0,180.0,38.3082756327259,90.0,103.01677757940148,51.6917243672741,90.0,256.9832224205985
10.599999999999863,6.000000000005485,-50.0,180.0,38.57481460013392,90.0,102.99396869012583,128.57481460013392,90.0,117.99396869012583
10.599999999999863,-8.090169943754539,-50.0,191.75570504583553,37.538702542552684,90.0,113.04810487206917,127.53870254255268,90.0,113.04810487206917
10.599999999999863,-8.090169943754539,50.0,191.75570504583553,37.538702542552684,90.0,113.04810487206917,52.461297457447316,90.0,246.9518951279308
10.599999999999863,6.000000000005485,50.0,180.0,38.57481460013392,90.0,102.99396869012583,51.42518539986608,90.0,257.0060313098742
10.619999999999862,5.200000000005502,-50.0,180.0,38.839901514834104,90.0,102.97401263077575,128.8399015148341,90.0,117.97401263077575
10.619999999999862,-7.289686274220032,-50.0,193.69094211856117,36.35342105165379,90.0,114.78992473282686,126.35342105165378,90.0,114.78992473282686
10.619999999999862,-7.289686274220032,50.0,193.69094211856117,36.35342105165379,90.0,114.78992473282686,53.64657894834621,90.0,245.21007526717312
10.619999999999862,5.200000000005502,50.0,180.0,38.839901514834104,90.0,102.97401263077575,51.160098485165896,90.0,257.02598736922425
10.639999999999862,4.4000000000055195,-50.0,180.0,39.10352666085975,90.0,102.95690871161052,129.10352666085976,90.0,117.95690871161052
10.639999999999862,-6.3742398974935774,-50.0,195.41026485550472,35.22863719149343,90.00000000000001,116.36955635573618,125.22863719149343,89.99999999999999,116.36955635573618
10.639999999999862,-6.3742398974935774,50.0,195.41026485550472,35.22863719149343,90.00000000000001,116.36955635573618,54.77136280850657,90.00000000000001,243.63044364426383
10.639999999999862,4.4000000000055195,50.0,180.0,39.10352666085975,90.0,102.95690871161052,50.89647333914025,90.0,257.04309128838946
10.659999999999862,3.6000000000055365,-50.0,180.0,39.36568026510855,90.0,102.94265634302059,129.36568026510855,90.0,117.94265634302059
10.659999999999862,-5.35826794979731,-50.0,196.886558510031,34.18675241067055,90.0,117.75197322528224,124.18675241067055,90.0,117.75197322528224
10.659999999999862,-5.35826794979731,50.0,196.886558510031,34.18675241067055,90.0,117.75197322528224,55.81324758932945,90.0,242.24802677471774
10.659999999999862,3.6000000000055365,50.0,180.0,39.36568026510855,90.0,102.94265634302059,50.63431973489145,90.0,257.0573436569794
10.679999999999861,2.8000000000055536,-50.0,180.0,39.62635250011665,90.0,102.93125503478961,129.62635250011664,90.0,117.93125503478961
10.679999999999861,-4.25779291565862,-50.0,198.09654104931298,33.249039765095176,90.0,118.90424778546658,123.24903976509518,90.0,118.90424778546658
10.679999999999861,-4.25779291565862,50.0,198.09654104931298,33.249039765095176,90.0,118.90424778546658,56.750960234904824,90.0,241.09575221453343
10.679999999999861,2.8000000000055536,50.0,180.0,39.62635250011665,90.0,102.93125503478961,50.37364749988335,90.0,257.0687449652104
10.69999999999986,2.0000000000055707,-50.0,180.0,39.885533486771,90.0,102.92270439548041,129.885533486771,90.0,117.92270439548041
10.69999999999986,-3.090169943757797,-50.0,199.02113032589767,32.43482337717849,90.0,119.79711610919315,122.43482337717849,90.0,119.79711610919315
10.69999999999986,-3.090169943757797,50.0,199.02113032589767,32.43482337717849,90.0,119.79711610919315,57.56517662282151,90.0,240.20288389080685
10.69999999999986,2.0000000000055707,50.0,180.0,39.885533486771,90.0,102.92270439548041,50.114466513229,90.0,257.0772956045196
10.71999999999986,1.2000000000055877,-50.0,180.0,40.14321329695856,90.0,102.91700413194417,130.14321329695855,90.0,117.91700413194417
10.71999999999986,-1.8738131458658691,-50.0,199.64574501457048,31.7606106594704,90.0,120.40665142719249,121.7606106594704,90.0,120.40665142719249
10.71999999999986,-1.8738131458658691,50.0,199.64574501457048,31.7606106594704,90.0,120.40665142719249,58.2393893405296,90.0,239.5933485728075
10.71999999999986,1.2000000000055877,50.0,180.0,40.14321329695856,90.0,102.91700413194417,49.85678670304144,90.0,257.08299586805583
10.73999999999986,0.40000000000560476,-50.0,180.0,40.399381956151416,90.0,102.9141540489525,130.39938195615142,90.0,117.9141540489525
10.73999999999986,-0.627905195301922,-50.0,199.96053456856433,31.23928001342371,90.00000000000001,120.71584368328678,121.23928001342371,89.99999999999999,120.71584368328678
10.73999999999986,-0.627905195301922,50.0,199.96053456856433,31.23928001342371,90.00000000000001,120.71584368328678,58.76071998657629,90.00000000000001,239.28415631671322
10.73999999999986,0.40000000000560476,50.0,180.0,40.399381956151416,90.0,102.9141540489525,49.600618043848584,90.0,257.08584595104753
10.75999999999986,-0.3999999999943782,-50.0,180.0,40.654029445926184,90.0,102.91415404895247,130.6540294459262,90.0,117.91415404895247
10.75999999999986,0.6279051952843208,-50.0,199.96053456856654,30.879447014829893,90.0,120.71584368328894,120.87944701482989,90.0,120.71584368328894
10.75999999999986,0.6279051952843208,50.0,199.96053456856654,30.879447014829893,90.0,120.71584368328894,59.12055298517011,90.0,239.28415631671106
10.75999999999986,-0.3999999999943782,50.0,180.0,40.654029445926184,90.0,102.91415404895247,49.345970554073816,90.0,257.08584595104753
10.779999999999859,-1.1999999999943611,-50.0,180.0,40.90714570641662,90.0,102.91700413194411,130.90714570641663,90.0,117.91700413194411
10.779999999999859,1.8738131458485454,-50.0,199.6457450145771,30.685121347374047,90.00000000000001,120.40665142719898,120.68512134737405,89.99999999999999,120.40665142719898
10.779999999999859,1.8738131458485454,50.0,199.6457450145771,30.685121347374047,90.00000000000001,120.40665142719898,59.31487865262595,90.00000000000001,239.593348572801
10.779999999999859,-1.1999999999943611,50.0,180.0,40.90714570641662,90.0,102.91700413194411,49.09285429358338,90.0,257.0829958680559
10.799999999999859,-1.999999999994344,-50.0,180.0,41.15872063869799,90.0,102.92270439548032,131.158720638698,90.0,117.92270439548032
10.799999999999859,3.0901699437410244,-50.0,199.02113032590856,30.6557211349281,90.00000000000001,119.79711610920371,120.6557211349281,89.99999999999999,119.79711610920371
10.799999999999859,3.0901699437410244,50.0,199.02113032590856,30.6557211349281,90.00000000000001,119.79711610920371,59.3442788650719,90.00000000000001,240.20288389079627
10.799999999999859,-1.999999999994344,50.0,180.0,41.15872063869799,90.0,102.92270439548032,48.84127936130201,90.0,257.0772956045197
10.819999999999858,-2.799999999994327,-50.0,180.0,41.40874410710169,90.0,102.93125503478946,131.40874410710168,90.0,117.93125503478946
10.819999999999858,4.257792915642663,-50.0,198.09654104932798,30.78644242053279,90.0,118.90424778548102,120.7864424205328,90.0,118.90424778548102
10.819999999999858,4.257792915642663,50.0,198.09654104932798,30.78644242053279,90.0,118.90424778548102,59.213557579467206,90.0,241.095752214519
10.819999999999858,-2.799999999994327,50.0,180.0,41.40874410710169,90.0,102.93125503478946,48.59125589289831,90.0,257.06874496521056
10.839999999999858,-3.59999999999431,-50.0,180.0,41.6572059414588,90.0,102.9426563430204,131.6572059414588,90.0,117.9426563430204
10.839999999999858,5.35826794978242,-50.0,196.88655851004987,31.068912577736747,90.0,117.75197322530008,121.06891257773674,90.0,117.75197322530008
10.839999999999858,5.35826794978242,50.0,196.88655851004987,31.068912577736747,90.0,117.75197322530008,58.93108742226325,90.0,242.24802677469992
10.839999999999858,-3.59999999999431,50.0,180.0,41.6572059414588,90.0,102.9426563430204,48.3427940585412,90.0,257.0573436569796
10.859999999999857,-4.399999999994293,-50.0,180.0,41.904095939271095,90.0,102.95690871161032,131.9040959392711,90.0,117.95690871161032
10.859999999999857,6.374239897479988,-50.0,195.4102648555272,31.49201066133775,90.0,116.36955635575704,121.49201066133776,90.0,116.36955635575704
10.859999999999857,6.374239897479988,50.0,195.4102648555272,31.49201066133775,90.0,116.36955635575704,58.50798933866225,90.0,243.63044364424297
10.859999999999857,-4.399999999994293,50.0,180.0,41.904095939271095,90.0,102.95690871161032,48.095904060728905,90.0,257.0430912883897
10.879999999999857,-5.199999999994276,-50.0,180.0,42.149403867807806,90.0,102.9740126307755,132.1494038678078,90.0,117.9740126307755
10.879999999999857,7.289686274207961,-50.0,193.6909421185869,32.04272671276303,90.0,114.7899247328503,122.04272671276303,90.0,114.7899247328503
10.879999999999857,7.289686274207961,50.0,193.6909421185869,32.04272671276303,90.0,114.7899247328503,57.95727328723697,90.0,245.2100752671497
10.879999999999857,-5.199999999994276,50.0,180.0,42.149403867807806,90.0,102.9740126307755,47.850596132192194,90.0,257.0259873692245
10.899999999999856,-5.999999999994259,-50.0,180.0,42.393119466126755,90.0,102.99396869012553,132.39311946612676,90.0,117.99396869012553
10.899999999999856,8.090169943744172,-50.0,191.75570504586406,32.7069520811769,90.0,113.04810487209456,122.7069520811769,90.0,113.04810487209456
10.899999999999856,8.090169943744172,50.0,191.75570504586406,32.7069520811769,90.0,113.04810487209456,57.2930479188231,90.0,246.95189512790546
10.899999999999856,-5.999999999994259,50.0,180.0,42.393119466126755,90.0,102.99396869012553,47.606880533873245,90.0,257.00603130987446
10.919999999999856,-6.799999999994242,-50.0,180.0,42.63523244701827,90.0,103.01677757940114,132.63523244701827,90.0,118.01677757940114
10.919999999999856,8.763066800434277,-50.0,189.63507348205016,33.47013007485336,90.0,111.17989769384539,123.47013007485336,90.0,111.17989769384539
10.919999999999856,8.763066800434277,50.0,189.63507348205016,33.47013007485336,90.0,111.17989769384539,56.52986992514664,90.0,248.8201023061546
10.919999999999856,-6.799999999994242,50.0,180.0,42.63523244701827,90.0,103.01677757940114,47.36476755298173,90.0,256.98322242059885
10.939999999999856,-7.599999999994225,-50.0,180.0,42.87573249887021,90.0,103.04244008933631,132.8757324988702,90.0,118.04244008933631
10.939999999999856,9.297764858879173,-50.0,187.36249105371044,34.31773560497515,90.0,109.22084993500366,124.31773560497516,90.0,109.22084993500366
10.939999999999856,9.297764858879173,50.0,187.36249105371044,34.31773560497515,90.0,109.22084993500366,55.68226439502485,90.0,250.77915006499634
10.939999999999856,-7.599999999994225,50.0,180.0,42.87573249887021,90.0,103.04244008933631,47.12426750112979,90.0,256.9575599106637
10.959999999999855,-8.399999999994208,-50.0,180.0,43.11460928745236,90.0,103.07095711264536,133.11460928745237,90.0,118.07095711264536
10.959999999999855,9.685831611284048,-50.0,184.97379774331472,35.23558380599085,90.0,107.20551775928232,125.23558380599084,90.0,107.20551775928232
10.959999999999855,9.685831611284048,50.0,184.97379774331472,35.23558380599085,90.0,107.20551775928232,54.76441619400915,90.0,252.79448224071768
10.959999999999855,-8.399999999994208,50.0,180.0,43.11460928745236,90.0,103.07095711264536,46.88539071254764,90.0,256.9290428873546
10.979999999999855,-9.19999999999419,-50.0,180.0,43.351852457618826,90.0,103.10232964513524,133.35185245761883,90.0,118.10232964513524
10.979999999999855,9.921147013143635,-50.0,182.50666467130418,36.209987337645536,90.0,105.16698203824684,126.20998733764554,90.0,105.16698203824684
10.979999999999855,9.921147013143635,50.0,182.50666467130418,36.209987337645536,90.0,105.16698203824684,53.790012662354464,90.0,254.83301796175317
10.979999999999855,-9.19999999999419,50.0,180.0,43.351852457618826,90.0,103.10232964513524,46.648147542381174,90.0,256.8976703548648
10.999999999999854,-9.999999999994174,-50.0,180.0,43.58745163492628,90.0,103.1365587869446,133.58745163492628,90.0,118.1365587869446
10.999999999999854,10.0,-50.0,180.0000000000183,37.22779139519199,90.0,103.13655878695954,127.22779139519199,90.0,103.13655878695954
10.999999999999854,10.0,50.0,180.0000000000183,37.22779139519199,90.0,103.13655878695954,52.77220860480801,90.0,256.86344121304046
10.999999999999854,-9.999999999994174,50.0,180.0,43.58745163492628,90.0,103.1365587869446,46.41254836507372,90.0,256.8634412130554
11.019999999999854,-9.921147013145928,-50.0,182.50666467126788,42.433112601002186,90.0,105.16698203821716,132.4331126010022,90.0,120.16698203821716
11.019999999999854,9.200000000005844,-50.0,180.0,37.500042656941915,90.0,103.10232964513573,127.50004265694191,90.0,103.10232964513573
11.019999999999854,9.200000000005844,50.0,180.0,37.500042656941915,90.0,103.10232964513573,52.499957343058085,90.0,256.89767035486426
11.019999999999854,-9.921147013145928,50.0,182.50666467126788,42.433112601002186,90.0,105.16698203821716,47.566887398997814,90.0,254.83301796178284
11.039999999999853,-9.6858316112886,-50.0,184.97379774327925,41.230496571349015,90.0,107.20551775925269,131.23049657134902,90.0,122.20551775925269
11.039999999999853,8.40000000000586,-50.0,180.0,37.77088010090693,90.0,103.07095711264579,127.77088010090694,90.0,103.07095711264579
11.039999999999853,8.40000000000586,50.0,180.0,37.77088010090693,90.0,103.07095711264579,52.22911989909307,90.0,256.9290428873542
11.039999999999853,-9.6858316112886,50.0,184.97379774327925,41.230496571349015,90.0,107.20551775925269,48.769503428650985,90.0,252.7944822407473
11.059999999999853,-9.297764858885913,-50.0,187.3624910536764,39.999620331164714,90.0,109.22084993497462,129.99962033116472,90.0,124.22084993497462
11.059999999999853,7.600000000005878,-50.0,180.0,38.04029426860626,90.0,103.04244008933671,128.04029426860626,90.0,103.04244008933671
11.059999999999853,7.600000000005878,50.0,180.0,38.04029426860626,90.0,103.04244008933671,51.95970573139374,90.0,256.9575599106633
11.059999999999853,-9.297764858885913,50.0,187.3624910536764,39.999620331164714,90.0,109.22084993497462,50.000379668835286,90.0,250.77915006502536
11.079999999999853,-8.763066800443097,-50.0,189.63507348201807,38.761659847781715,90.0,111.17989769381741,128.76165984778171,90.0,126.17989769381741
11.079999999999853,6.800000000005895,-50.0,180.0,38.30827563272577,90.0,103.0167775794015,128.30827563272578,90.0,103.0167775794015
11.079999999999853,6.800000000005895,50.0,180.0,38.30827563272577,90.0,103.0167775794015,51.69172436727423,90.0,256.9832224205985
11.079999999999853,-8.763066800443097,50.0,189.63507348201807,38.761659847781715,90.0,111.17989769381741,51.238340152218285,90.0,248.8201023061826
11.099999999999852,-8.090169943754933,-50.0,191.75570504583445,37.538702542553324,90.0,113.0481048720682,127.53870254255332,90.0,128.0481048720682
11.099999999999852,6.000000000005912,-50.0,180.0,38.57481460013377,90.0,102.99396869012585,128.57481460013378,90.0,102.99396869012585
11.099999999999852,6.000000000005912,50.0,180.0,38.57481460013377,90.0,102.99396869012585,51.42518539986623,90.0,257.0060313098742
11.099999999999852,-8.090169943754933,50.0,191.75570504583445,37.538702542553324,90.0,113.0481048720682,52.461297457446676,90.0,246.9518951279318
11.119999999999852,-7.28968627422049,-50.0,193.6909421185602,36.3534210516544,90.0,114.789924732826,126.35342105165441,90.0,129.789924732826
11.119999999999852,5.200000000005929,-50.0,180.0,38.83990151483395,90.0,102.97401263077577,128.83990151483394,90.0,102.97401263077577
11.119999999999852,5.200000000005929,50.0,180.0,38.83990151483395,90.0,102.97401263077577,51.16009848516605,90.0,257.02598736922425
11.119999999999852,-7.28968627422049,50.0,193.6909421185602,36.3534210516544,90.0,114.789924732826,53.6465789483456,90.0,245.210075267174
11.139999999999851,-6.374239897494094,-50.0,195.41026485550387,35.22863719149402,90.0,116.36955635573538,125.22863719149402,90.0,131.36955635573537
11.139999999999851,4.400000000005946,-50.0,180.0,39.10352666085961,90.0,102.95690871161054,129.10352666085961,90.0,102.95690871161054
11.139999999999851,4.400000000005946,50.0,180.0,39.10352666085961,90.0,102.95690871161054,50.89647333914039,90.0,257.04309128838946
11.139999999999851,-6.374239897494094,50.0,195.41026485550387,35.22863719149402,90.0,116.36955635573538,54.77136280850598,90.0,243.63044364426463
11.159999999999851,-5.358267949797876,-50.0,196.88655851003026,34.18675241067108,90.0,117.75197322528156,124.18675241067109,90.0,132.75197322528157
11.159999999999851,3.600000000005963,-50.0,180.0,39.365680265108416,90.0,102.94265634302059,129.3656802651084,90.0,102.94265634302059
11.159999999999851,3.600000000005963,50.0,180.0,39.365680265108416,90.0,102.94265634302059,50.634319734891584,90.0,257.0573436569794
11.159999999999851,-5.358267949797876,50.0,196.88655851003026,34.18675241067108,90.0,117.75197322528156,55.81324758932892,90.0,242.24802677471843
11.17999999999985,-4.257792915659227,-50.0,198.0965410493124,33.24903976509564,90.0,118.90424778546605,123.24903976509563,90.0,133.90424778546605
11.17999999999985,2.80000000000598,-50.0,180.0,39.62635250011651,90.0,102.93125503478961,129.62635250011652,90.0,102.93125503478961
11.17999999999985,2.80000000000598,50.0,180.0,39.62635250011651,90.0,102.93125503478961,50.37364749988349,90.0,257.0687449652104
11.17999999999985,-4.257792915659227,50.0,198.0965410493124,33.24903976509564,90.0,118.90424778546605,56.75096023490436,90.0,241.09575221453395
11.19999999999985,-3.0901699437584327,-50.0,199.02113032589725,32.43482337717889,90.0,119.79711610919274,122.43482337717889,90.0,134.79711610919276
11.19999999999985,2.000000000005997,-50.0,180.0,39.885533486770846,90.0,102.92270439548044,129.88553348677084,90.0,102.92270439548044
11.19999999999985,2.000000000005997,50.0,180.0,39.885533486770846,90.0,102.92270439548044,50.114466513229154,90.0,257.0772956045196
11.19999999999985,-3.0901699437584327,50.0,199.02113032589725,32.43482337717889,90.0,119.79711610919274,57.56517662282111,90.0,240.20288389080724
11.21999999999985,-1.8738131458665257,-50.0,199.64574501457022,31.76061065947073,90.0,120.40665142719224,121.76061065947073,90.0,135.40665142719223
11.21999999999985,1.200000000006014,-50.0,180.0,40.14321329695842,90.0,102.91700413194417,130.14321329695844,90.0,102.91700413194417
11.21999999999985,1.200000000006014,50.0,180.0,40.14321329695842,90.0,102.91700413194417,49.85678670304158,90.0,257.08299586805583
11.21999999999985,-1.8738131458665257,50.0,199.64574501457022,31.76061065947073,90.0,120.40665142719224,58.23938934052927,90.0,239.59334857280777
11.23999999999985,-0.6279051953025889,-50.0,199.96053456856424,31.239280013423965,90.0,120.71584368328665,121.23928001342396,90.0,135.71584368328666
11.23999999999985,0.4000000000060311,-50.0,180.0,40.39938195615128,90.0,102.9141540489525,130.39938195615127,90.0,102.9141540489525
11.23999999999985,0.4000000000060311,50.0,180.0,40.39938195615128,90.0,102.9141540489525,49.60061804384872,90.0,257.08584595104753
11.23999999999985,-0.6279051953025889,50.0,199.96053456856424,31.239280013423965,90.0,120.71584368328665,58.760719986576035,90.0,239.28415631671334
11.259999999999849,0.6279051952836514,-50.0,199.96053456856663,30.879447014830046,90.0,120.71584368328902,120.87944701483005,90.0,135.71584368328902
11.259999999999849,-0.39999999999395186,-50.0,180.0,40.65402944592604,90.0,102.91415404895247,130.65402944592603,90.0,102.91415404895247
11.259999999999849,-0.39999999999395186,50.0,180.0,40.65402944592604,90.0,102.91415404895247,49.34597055407396,90.0,257.08584595104753
11.259999999999849,0.6279051952836514,50.0,199.96053456856663,30.879447014830046,90.0,120.71584368328902,59.12055298516995,90.0,239.28415631671098
11.279999999999848,1.8738131458478868,-50.0,199.64574501457736,30.68512134737412,90.0,120.40665142719918,120.68512134737412,90.0,135.40665142719917
11.279999999999848,-1.1999999999939348,-50.0,180.0,40.907145706416486,90.0,102.91700413194411,130.9071457064165,90.0,102.91700413194411
11.279999999999848,-1.1999999999939348,50.0,180.0,40.907145706416486,90.0,102.91700413194411,49.092854293583514,90.0,257.0829958680559
11.279999999999848,1.8738131458478868,50.0,199.64574501457736,30.68512134737412,90.0,120.40665142719918,59.31487865262588,90.0,239.59334857280083
11.299999999999848,3.0901699437403867,-50.0,199.02113032590898,30.655721134928065,90.0,119.79711610920414,120.65572113492806,90.0,134.79711610920413
11.299999999999848,-1.9999999999939178,-50.0,180.0,41.15872063869786,90.0,102.92270439548032,131.15872063869784,90.0,102.92270439548032
11.299999999999848,-1.9999999999939178,50.0,180.0,41.15872063869786,90.0,102.92270439548032,48.84127936130214,90.0,257.0772956045197
11.299999999999848,3.0901699437403867,50.0,199.02113032590898,30.655721134928065,90.0,119.79711610920414,59.344278865071935,90.0,240.20288389079587
11.319999999999848,4.257792915642056,-50.0,198.09654104932855,30.786442420532676,90.0,118.90424778548157,120.78644242053268,90.0,133.90424778548157
11.319999999999848,-2.7999999999939007,-50.0,180.0,41.408744107101555,90.0,102.93125503478946,131.40874410710154,90.0,102.93125503478946
11.319999999999848,-2.7999999999939007,50.0,180.0,41.408744107101555,90.0,102.93125503478946,48.591255892898445,90.0,257.06874496521056
11.319999999999848,4.257792915642056,50.0,198.09654104932855,30.786442420532676,90.0,118.90424778548157,59.21355757946732,90.0,241.09575221451843
11.339999999999847,5.358267949781855,-50.0,196.8865585100506,31.068912577736548,90.0,117.75197322530077,121.06891257773654,90.0,132.7519732253008
11.339999999999847,-3.5999999999938836,-50.0,180.0,41.65720594145867,90.0,102.94265634302039,131.65720594145867,90.0,102.94265634302039
11.339999999999847,-3.5999999999938836,50.0,180.0,41.65720594145867,90.0,102.94265634302039,48.34279405854133,90.0,257.0573436569796
11.339999999999847,5.358267949781855,50.0,196.8865585100506,31.068912577736548,90.0,117.75197322530077,58.93108742226345,90.0,242.2480267746992
11.359999999999847,6.374239897479472,-50.0,195.41026485552808,31.492010661337453,90.0,116.36955635575791,121.49201066133745,90.0,131.3695563557579
11.359999999999847,-4.399999999993867,-50.0,180.0,41.904095939270974,90.0,102.9569087116103,131.90409593927097,90.0,102.9569087116103
11.359999999999847,-4.399999999993867,50.0,180.0,41.904095939270974,90.0,102.9569087116103,48.095904060729026,90.0,257.0430912883897
11.359999999999847,6.374239897479472,50.0,195.41026485552808,31.492010661337453,90.0,116.36955635575791,58.50798933866255,90.0,243.6304436442421
11.379999999999846,7.289686274207502,-50.0,193.69094211858786,32.042726712762715,90.0,114.78992473285116,122.04272671276271,90.0,129.78992473285115
11.379999999999846,-5.1999999999938495,-50.0,180.0,42.14940386780767,90.0,102.9740126307755,132.14940386780768,90.0,102.9740126307755
11.379999999999846,-5.1999999999938495,50.0,180.0,42.14940386780767,90.0,102.9740126307755,47.85059613219233,90.0,257.0259873692245
11.379999999999846,7.289686274207502,50.0,193.69094211858786,32.042726712762715,90.0,114.78992473285116,57.957273287237285,90.0,245.21007526714885
11.399999999999846,8.090169943743778,-50.0,191.75570504586514,32.70695208117651,90.0,113.04810487209554,122.70695208117651,90.0,128.04810487209554
11.399999999999846,-5.9999999999938325,-50.0,180.0,42.39311946612662,90.0,102.99396869012553,132.39311946612662,90.0,102.99396869012553
11.399999999999846,-5.9999999999938325,50.0,180.0,42.39311946612662,90.0,102.99396869012553,47.60688053387338,90.0,257.00603130987446
11.399999999999846,8.090169943743778,50.0,191.75570504586514,32.70695208117651,90.0,113.04810487209554,57.29304791882349,90.0,246.95189512790446
11.419999999999845,8.763066800433956,-50.0,189.63507348205133,33.470130074852925,90.0,111.1798976938464,123.47013007485293,90.0,126.1798976938464
11.419999999999845,-6.799999999993815,-50.0,180.0,42.635232447018154,90.0,103.01677757940111,132.63523244701815,90.0,103.01677757940111
11.419999999999845,-6.799999999993815,50.0,180.0,42.635232447018154,90.0,103.01677757940111,47.364767552981846,90.0,256.9832224205989
11.419999999999845,8.763066800433956,50.0,189.63507348205133,33.470130074852925,90.0,111.1798976938464,56.529869925147075,90.0,248.82010230615361
11.439999999999845,9.297764858878928,-50.0,187.36249105371166,34.31773560497467,90.00000000000001,109.22084993500474,124.31773560497467,89.99999999999999,124.22084993500474
11.439999999999845,-7.599999999993798,-50.0,180.0,42.87573249887007,90.0,103.04244008933631,132.87573249887006,90.0,103.04244008933631
11.439999999999845,-7.599999999993798,50.0,180.0,42.87573249887007,90.0,103.04244008933631,47.12426750112993,90.0,256.9575599106637
11.439999999999845,9.297764858878928,50.0,187.36249105371166,34.31773560497467,90.00000000000001,109.22084993500474,55.68226439502533,90.00000000000001,250.77915006499526
11.459999999999845,9.68583161128388,-50.0,184.97379774331603,35.23558380599035,90.0,107.20551775928338,125.23558380599036,90.0,122.20551775928338
11.459999999999845,-8.399999999993781,-50.0,180.0,43.11460928745223,90.0,103.07095711264533,133.11460928745223,90.0,103.07095711264533
11.459999999999845,-8.399999999993781,50.0,180.0,43.11460928745223,90.0,103.07095711264533,46.88539071254777,90.0,256.9290428873547
11.459999999999845,9.68583161128388,50.0,184.97379774331603,35.23558380599035,90.0,107.20551775928338,54.76441619400965,90.0,252.7944822407166
11.479999999999844,9.921147013143552,-50.0,182.50666467130551,36.209987337644996,90.0,105.16698203824795,126.209987337645,90.0,120.16698203824795
11.479999999999844,-9.199999999993764,-50.0,180.0,43.351852457618705,90.0,103.10232964513523,133.3518524576187,90.0,103.10232964513523
11.479999999999844,-9.199999999993764,50.0,180.0,43.351852457618705,90.0,103.10232964513523,46.648147542381295,90.0,256.8976703548648
11.479999999999844,9.921147013143552,50.0,182.50666467130551,36.209987337644996,90.0,105.16698203824795,53.790012662355004,90.0,254.83301796175203
11.499999999999844,10.0,-50.0,180.00000000001964,37.22779139519144,90.0,103.1365587869606,127.22779139519145,90.0,118.1365587869606
11.499999999999844,-9.999999999993747,-50.0,180.0,43.58745163492616,90.0,103.13655878694458,133.58745163492617,90.0,103.13655878694458
11.499999999999844,-9.999999999993747,50.0,180.0,43.58745163492616,90.0,103.13655878694458,46.41254836507384,90.0,256.8634412130554
11.499999999999844,10.0,50.0,180.00000000001964,37.22779139519144,90.0,103.1365587869606,52.77220860480856,90.0,256.8634412130394
11.519999999999843,9.20000000000627,-50.0,180.0,37.500042656941766,90.0,103.10232964513574,127.50004265694176,90.0,118.10232964513574
11.519999999999843,-9.921147013146012,-50.0,182.50666467126655,42.43311260100281,90.0,105.16698203821605,132.43311260100282,90.0,105.16698203821605
11.519999999999843,-9.921147013146012,50.0,182.50666467126655,42.43311260100281,90.0,105.16698203821605,47.56688739899719,90.0,254.83301796178395
11.519999999999843,9.20000000000627,50.0,180.0,37.500042656941766,90.0,103.10232964513574,52.499957343058234,90.0,256.89767035486426
11.539999999999843,8.400000000006287,-50.0,180.0,37.770880100906794,90.0,103.07095711264579,127.7708801009068,90.0,118.07095711264579
11.539999999999843,-9.685831611288766,-50.0,184.97379774327797,41.23049657134966,90.0,107.20551775925162,131.23049657134965,90.0,107.20551775925162
11.539999999999843,-9.685831611288766,50.0,184.97379774327797,41.23049657134966,90.0,107.20551775925162,48.76950342865034,90.0,252.79448224074838
11.539999999999843,8.400000000006287,50.0,180.0,37.770880100906794,90.0,103.07095711264579,52.229119899093206,90.0,256.9290428873542
11.559999999999842,7.600000000006304,-50.0,180.0,38.04029426860613,90.0,103.04244008933671,128.04029426860615,90.0,118.04244008933671
11.559999999999842,-9.29776485888616,-50.0,187.36249105367514,39.999620331165374,90.0,109.22084993497354,129.99962033116537,90.0,109.22084993497354
11.559999999999842,-9.29776485888616,50.0,187.36249105367514,39.999620331165374,90.0,109.22084993497354,50.000379668834626,90.0,250.77915006502644
11.559999999999842,7.600000000006304,50.0,180.0,38.04029426860613,90.0,103.04244008933671,51.95970573139387,90.0,256.9575599106633
11.579999999999842,6.800000000006321,-50.0,180.0,38.30827563272563,90.0,103.0167775794015,128.30827563272564,90.0,118.0167775794015
11.579999999999842,-8.76306680044342,-50.0,189.6350734820169,38.76165984778237,90.0,111.1798976938164,128.76165984778237,90.0,111.1798976938164
11.579999999999842,-8.76306680044342,50.0,189.6350734820169,38.76165984778237,90.0,111.1798976938164,51.23834015221763,90.0,248.8201023061836
11.579999999999842,6.800000000006321,50.0,180.0,38.30827563272563,90.0,103.0167775794015,51.69172436727437,90.0,256.9832224205985
11.599999999999842,6.000000000006338,-50.0,180.0,38.57481460013363,90.0,102.99396869012585,128.57481460013364,90.0,117.99396869012585
11.599999999999842,-8.090169943755326,-50.0,191.75570504583337,37.53870254255396,90.0,113.04810487206723,127.53870254255396,90.0,113.04810487206723
11.599999999999842,-8.090169943755326,50.0,191.75570504583337,37.53870254255396,90.0,113.04810487206723,52.46129745744604,90.0,246.95189512793277
11.599999999999842,6.000000000006338,50.0,180.0,38.57481460013363,90.0,102.99396869012585,51.42518539986637,90.0,257.0060313098742
11.619999999999841,5.200000000006355,-50.0,180.0,38.83990151483381,90.0,102.97401263077577,128.8399015148338,90.0,117.97401263077577
11.619999999999841,-7.289686274220949,-50.0,193.6909421185592,36.35342105165503,90.0,114.78992473282509,126.35342105165503,90.0,114.78992473282509
11.619999999999841,-7.289686274220949,50.0,193.6909421185592,36.35342105165503,90.0,114.78992473282509,53.64657894834497,90.0,245.21007526717491
11.619999999999841,5.200000000006355,50.0,180.0,38.83990151483381,90.0,102.97401263077577,51.16009848516619,90.0,257.02598736922425
11.63999999999984,4.400000000006372,-50.0,180.0,39.103526660859465,90.0,102.95690871161054,129.10352666085947,90.0,117.95690871161054
11.63999999999984,-6.37423989749461,-50.0,195.41026485550302,35.228637191494606,90.0,116.3695563557346,125.22863719149461,90.0,116.3695563557346
11.63999999999984,-6.37423989749461,50.0,195.41026485550302,35.228637191494606,90.0,116.3695563557346,54.771362808505394,90.0,243.6304436442654
11.63999999999984,4.400000000006372,50.0,180.0,39.103526660859465,90.0,102.95690871161054,50.896473339140535,90.0,257.04309128838946
11.65999999999984,3.600000000006389,-50.0,180.0,39.365680265108274,90.0,102.94265634302059,129.36568026510827,90.0,117.94265634302059
11.65999999999984,-5.35826794979844,-50.0,196.88655851002954,34.186752410671616,90.0,117.75197322528086,124.18675241067162,90.0,117.75197322528086
11.65999999999984,-5.35826794979844,50.0,196.88655851002954,34.186752410671616,90.0,117.75197322528086,55.813247589328384,90.0,242.24802677471914
11.65999999999984,3.600000000006389,50.0,180.0,39.365680265108274,90.0,102.94265634302059,50.634319734891726,90.0,257.0573436569794
11.67999999999984,2.8000000000064063,-50.0,180.0,39.626352500116376,90.0,102.93125503478961,129.62635250011638,90.0,117.93125503478961
11.67999999999984,-4.257792915659832,-50.0,198.0965410493118,33.24903976509614,90.0,118.90424778546544,123.24903976509614,90.0,118.90424778546544
11.67999999999984,-4.257792915659832,50.0,198.0965410493118,33.24903976509614,90.0,118.90424778546544,56.75096023490386,90.0,241.09575221453457
11.67999999999984,2.8000000000064063,50.0,180.0,39.626352500116376,90.0,102.93125503478961,50.373647499883624,90.0,257.0687449652104
11.69999999999984,2.0000000000064233,-50.0,180.0,39.88553348677071,90.0,102.92270439548044,129.88553348677073,90.0,117.92270439548044
11.69999999999984,-3.090169943759071,-50.0,199.02113032589682,32.43482337717929,90.0,119.7971161091923,122.4348233771793,90.0,119.7971161091923
11.69999999999984,-3.090169943759071,50.0,199.02113032589682,32.43482337717929,90.0,119.7971161091923,57.56517662282071,90.0,240.2028838908077
11.69999999999984,2.0000000000064233,50.0,180.0,39.88553348677071,90.0,102.92270439548044,50.11446651322929,90.0,257.0772956045196
11.719999999999839,1.2000000000064404,-50.0,180.0,40.14321329695829,90.0,102.91700413194417,130.1432132969583,90.0,117.91700413194417
11.719999999999839,-1.8738131458671845,-50.0,199.64574501456997,31.76061065947105,90.00000000000001,120.40665142719199,121.76061065947106,89.99999999999999,120.40665142719199
11.719999999999839,-1.8738131458671845,50.0,199.64574501456997,31.76061065947105,90.00000000000001,120.40665142719199,58.239389340528945,90.00000000000001,239.593348572808
11.719999999999839,1.2000000000064404,50.0,180.0,40.14321329695829,90.0,102.91700413194417,49.85678670304171,90.0,257.08299586805583
11.739999999999839,0.4000000000064574,-50.0,180.0,40.399381956151146,90.0,102.9141540489525,130.39938195615116,90.0,117.9141540489525
11.739999999999839,-0.6279051953032583,-50.0,199.96053456856416,31.239280013424185,90.0,120.7158436832866,121.23928001342418,90.0,120.7158436832866
11.739999999999839,-0.6279051953032583,50.0,199.96053456856416,31.239280013424185,90.0,120.7158436832866,58.760719986575815,90.0,239.2841563167134
11.739999999999839,0.4000000000064574,50.0,180.0,40.399381956151146,90.0,102.9141540489525,49.600618043848854,90.0,257.08584595104753
11.759999999999838,-0.39999999999352553,-50.0,180.0,40.65402944592591,90.0,102.91415404895247,130.65402944592591,90.0,117.91415404895247
11.759999999999838,0.6279051952829823,-50.0,199.96053456856671,30.8794470148302,90.0,120.7158436832891,120.87944701483019,90.0,120.7158436832891
11.759999999999838,0.6279051952829823,50.0,199.96053456856671,30.8794470148302,90.0,120.7158436832891,59.1205529851698,90.0,239.2841563167109
11.759999999999838,-0.39999999999352553,50.0,180.0,40.65402944592591,90.0,102.91415404895247,49.34597055407409,90.0,257.08584595104753
11.779999999999838,-1.1999999999935085,-50.0,180.0,40.90714570641635,90.0,102.91700413194411,130.90714570641634,90.0,117.91700413194411
11.779999999999838,1.8738131458472305,-50.0,199.64574501457759,30.68512134737417,90.0,120.40665142719944,120.68512134737418,90.0,120.40665142719944
11.779999999999838,1.8738131458472305,50.0,199.64574501457759,30.68512134737417,90.0,120.40665142719944,59.31487865262583,90.0,239.59334857280055
11.779999999999838,-1.1999999999935085,50.0,180.0,40.90714570641635,90.0,102.91700413194411,49.09285429358365,90.0,257.0829958680559
11.799999999999837,-1.9999999999934914,-50.0,180.0,41.158720638697716,90.0,102.92270439548032,131.15872063869773,90.0,117.92270439548032
11.799999999999837,3.090169943739751,-50.0,199.02113032590938,30.655721134928044,90.0,119.79711610920452,120.65572113492804,90.0,119.79711610920452
11.799999999999837,3.090169943739751,50.0,199.02113032590938,30.655721134928044,90.0,119.79711610920452,59.344278865071956,90.0,240.20288389079548
11.799999999999837,-1.9999999999934914,50.0,180.0,41.158720638697716,90.0,102.92270439548032,48.841279361302284,90.0,257.0772956045197
11.819999999999837,-2.7999999999934744,-50.0,180.0,41.40874410710141,90.0,102.93125503478946,131.40874410710143,90.0,117.93125503478946
11.819999999999837,4.257792915641449,-50.0,198.09654104932912,30.78644242053258,90.00000000000001,118.90424778548208,120.78644242053258,89.99999999999999,118.90424778548208
11.819999999999837,4.257792915641449,50.0,198.09654104932912,30.78644242053258,90.00000000000001,118.90424778548208,59.21355757946742,90.00000000000001,241.09575221451792
11.819999999999837,-2.7999999999934744,50.0,180.0,41.40874410710141,90.0,102.93125503478946,48.59125589289859,90.0,257.06874496521056
11.839999999999836,-3.5999999999934573,-50.0,180.0,41.657205941458535,90.0,102.94265634302039,131.65720594145853,90.0,117.94265634302039
11.839999999999836,5.358267949781288,-50.0,196.88655851005132,31.06891257773636,90.0,117.75197322530146,121.06891257773636,90.0,117.75197322530146
11.839999999999836,5.358267949781288,50.0,196.88655851005132,31.06891257773636,90.0,117.75197322530146,58.931087422263644,90.0,242.24802677469853
11.839999999999836,-3.5999999999934573,50.0,180.0,41.657205941458535,90.0,102.94265634302039,48.342794058541465,90.0,257.0573436569796
11.859999999999836,-4.39999999999344,-50.0,180.0,41.90409593927084,90.0,102.9569087116103,131.90409593927083,90.0,117.9569087116103
11.859999999999836,6.374239897478958,-50.0,195.4102648555289,31.492010661337215,90.0,116.36955635575865,121.49201066133722,90.0,116.36955635575865
11.859999999999836,6.374239897478958,50.0,195.4102648555289,31.492010661337215,90.0,116.36955635575865,58.50798933866278,90.0,243.63044364424135
11.859999999999836,-4.39999999999344,50.0,180.0,41.90409593927084,90.0,102.9569087116103,48.09590406072916,90.0,257.0430912883897
11.879999999999836,-5.199999999993423,-50.0,180.0,42.14940386780756,90.0,102.97401263077548,132.14940386780756,90.0,117.97401263077548
11.879999999999836,7.2896862742070425,-50.0,193.69094211858885,32.04272671276239,90.0,114.78992473285206,122.04272671276239,90.0,114.78992473285206
11.879999999999836,7.2896862742070425,50.0,193.69094211858885,32.04272671276239,90.0,114.78992473285206,57.95727328723761,90.0,245.21007526714794
11.879999999999836,-5.199999999993423,50.0,180.0,42.14940386780756,90.0,102.97401263077548,47.85059613219244,90.0,257.02598736922454
11.899999999999835,-5.999999999993406,-50.0,180.0,42.39311946612649,90.0,102.9939686901255,132.3931194661265,90.0,117.9939686901255
11.899999999999835,8.090169943743387,-50.0,191.75570504586622,32.706952081176134,90.0,113.04810487209649,122.70695208117613,90.0,113.04810487209649
11.899999999999835,8.090169943743387,50.0,191.75570504586622,32.706952081176134,90.0,113.04810487209649,57.293047918823866,90.0,246.95189512790353
11.899999999999835,-5.999999999993406,50.0,180.0,42.39311946612649,90.0,102.9939686901255,47.60688053387351,90.0,257.0060313098745
11.919999999999835,-6.799999999993389,-50.0,180.0,42.63523244701801,90.0,103.01677757940111,132.635232447018,90.0,118.01677757940111
11.919999999999835,8.763066800433633,-50.0,189.63507348205252,33.470130074852484,90.0,111.17989769384747,123.47013007485248,90.0,111.17989769384747
11.919999999999835,8.763066800433633,50.0,189.63507348205252,33.470130074852484,90.0,111.17989769384747,56.529869925147516,90.0,248.82010230615253
11.919999999999835,-6.799999999993389,50.0,180.0,42.63523244701801,90.0,103.01677757940111,47.36476755298199,90.0,256.9832224205989
11.939999999999834,-7.599999999993372,-50.0,180.0,42.87573249886994,90.0,103.04244008933628,132.87573249886992,90.0,118.04244008933628
11.939999999999834,9.297764858878681,-50.0,187.36249105371292,34.3177356049742,90.0,109.22084993500579,124.3177356049742,90.0,109.22084993500579
11.939999999999834,9.297764858878681,50.0,187.36249105371292,34.3177356049742,90.0,109.22084993500579,55.6822643950258,90.0,250.7791500649942
11.939999999999834,-7.599999999993372,50.0,180.0,42.87573249886994,90.0,103.04244008933628,47.12426750113006,90.0,256.9575599106637
11.959999999999834,-8.399999999993355,-50.0,180.0,43.11460928745211,90.0,103.0709571126453,133.1146092874521,90.0,118.0709571126453
11.959999999999834,9.685831611283716,-50.0,184.97379774331733,35.23558380598983,90.0,107.20551775928448,125.23558380598983,90.0,107.20551775928448
11.959999999999834,9.685831611283716,50.0,184.97379774331733,35.23558380598983,90.0,107.20551775928448,54.76441619401017,90.0,252.79448224071552
11.959999999999834,-8.399999999993355,50.0,180.0,43.11460928745211,90.0,103.0709571126453,46.88539071254789,90.0,256.9290428873547
11.979999999999833,-9.199999999993338,-50.0,180.0,43.351852457618584,90.0,103.1023296451352,133.35185245761858,90.0,118.1023296451352
11.979999999999833,9.921147013143466,-50.0,182.50666467130685,36.209987337644456,90.0,105.16698203824906,126.20998733764446,90.0,105.16698203824906
11.979999999999833,9.921147013143466,50.0,182.50666467130685,36.209987337644456,90.0,105.16698203824906,53.790012662355544,90.0,254.83301796175095
11.979999999999833,-9.199999999993338,50.0,180.0,43.351852457618584,90.0,103.1023296451352,46.648147542381416,90.0,256.8976703548648
11.999999999999833,-9.999999999993321,-50.0,180.0,43.58745163492603,90.0,103.13655878694456,133.58745163492603,90.0,118.13655878694456
11.999999999999833,10.0,-50.0,180.00000000002098,37.227791395190884,90.0,103.13655878696169,127.22779139519088,90.0,103.13655878696169
11.999999999999833,10.0,50.0,180.00000000002098,37.227791395190884,90.0,103.13655878696169,52.772208604809116,90.0,256.8634412130383
11.999999999999833,-9.999999999993321,50.0,180.0,43.58745163492603,90.0,103.13655878694456,46.41254836507397,90.0,256.86344121305547
12.019999999999833,-9.921147013146097,-50.0,182.5066646712652,42.43311260100343,90.0,105.16698203821498,132.43311260100342,90.0,120.16698203821498
12.019999999999833,9.200000000006696,-50.0,180.0,37.50004265694162,90.0,103.10232964513574,127.50004265694162,90.0,103.10232964513574
12.019999999999833,9.200000000006696,50.0,180.0,37.50004265694162,90.0,103.10232964513574,52.49995734305838,90.0,256.89767035486426
12.019999999999833,-9.921147013146097,50.0,182.5066646712652,42.43311260100343,90.0,105.16698203821498,47.56688739899657,90.0,254.833017961785
12.039999999999832,-9.685831611288934,-50.0,184.97379774327666,41.23049657135032,90.0,107.20551775925051,131.23049657135033,90.0,122.20551775925051
12.039999999999832,8.400000000006713,-50.0,180.0,37.770880100906645,90.0,103.07095711264581,127.77088010090665,90.0,103.07095711264581
12.039999999999832,8.400000000006713,50.0,180.0,37.770880100906645,90.0,103.07095711264581,52.229119899093355,90.0,256.92904288735417
12.039999999999832,-9.685831611288934,50.0,184.97379774327666,41.23049657135032,90.0,107.20551775925051,48.76950342864968,90.0,252.7944822407495
12.059999999999832,-9.297764858886406,-50.0,187.3624910536739,39.99962033116603,90.0,109.22084993497248,129.99962033116603,90.0,124.22084993497248
12.059999999999832,7.60000000000673,-50.0,180.0,38.04029426860597,90.0,103.04244008933674,128.04029426860598,90.0,103.04244008933674
12.059999999999832,7.60000000000673,50.0,180.0,38.04029426860597,90.0,103.04244008933674,51.95970573139403,90.0,256.95755991066324
12.059999999999832,-9.297764858886406,50.0,187.3624910536739,39.99962033116603,90.0,109.22084993497248,50.00037966883397,90.0,250.77915006502752
12.079999999999831,-8.763066800443742,-50.0,189.63507348201574,38.761659847783015,90.0,111.17989769381538,128.76165984778302,90.0,126.17989769381538
12.079999999999831,6.800000000006747,-50.0,180.0,38.308275632725476,90.0,103.01677757940152,128.30827563272547,90.0,103.01677757940152
12.079999999999831,6.800000000006747,50.0,180.0,38.308275632725476,90.0,103.01677757940152,51.691724367274524,90.0,256.9832224205985
12.079999999999831,-8.763066800443742,50.0,189.63507348201574,38.761659847783015,90.0,111.17989769381538,51.238340152216985,90.0,248.82010230618462
12.099999999999831,-8.09016994375572,-50.0,191.75570504583226,37.53870254255462,90.0,113.04810487206626,127.53870254255462,90.0,128.04810487206626
12.099999999999831,6.000000000006764,-50.0,180.0,38.574814600133486,90.0,102.99396869012587,128.5748146001335,90.0,102.99396869012587
12.099999999999831,6.000000000006764,50.0,180.0,38.574814600133486,90.0,102.99396869012587,51.425185399866514,90.0,257.0060313098741
12.099999999999831,-8.09016994375572,50.0,191.75570504583226,37.53870254255462,90.0,113.04810487206626,52.46129745744538,90.0,246.95189512793374
12.11999999999983,-7.289686274221408,-50.0,193.69094211855824,36.35342105165565,90.0,114.78992473282419,126.35342105165566,90.0,129.7899247328242
12.11999999999983,5.200000000006781,-50.0,180.0,38.83990151483368,90.0,102.9740126307758,128.83990151483368,90.0,102.9740126307758
12.11999999999983,5.200000000006781,50.0,180.0,38.83990151483368,90.0,102.9740126307758,51.16009848516632,90.0,257.0259873692242
12.11999999999983,-7.289686274221408,50.0,193.69094211855824,36.35342105165565,90.0,114.78992473282419,53.64657894834435,90.0,245.2100752671758
12.13999999999983,-6.3742398974951255,-50.0,195.41026485550216,35.22863719149519,90.0,116.36955635573378,125.22863719149518,90.0,131.36955635573378
12.13999999999983,4.4000000000067985,-50.0,180.0,39.10352666085933,90.0,102.95690871161054,129.10352666085933,90.0,102.95690871161054
12.13999999999983,4.4000000000067985,50.0,180.0,39.10352666085933,90.0,102.95690871161054,50.89647333914067,90.0,257.04309128838946
12.13999999999983,-6.3742398974951255,50.0,195.41026485550216,35.22863719149519,90.0,116.36955635573378,54.77136280850481,90.0,243.63044364426622
12.15999999999983,-5.358267949799006,-50.0,196.88655851002883,34.186752410672135,90.00000000000001,117.75197322528021,124.18675241067214,89.99999999999999,132.7519732252802
12.15999999999983,3.6000000000068155,-50.0,180.0,39.365680265108125,90.0,102.94265634302062,129.36568026510813,90.0,102.94265634302062
12.15999999999983,3.6000000000068155,50.0,180.0,39.365680265108125,90.0,102.94265634302062,50.634319734891875,90.0,257.05734365697936
12.15999999999983,-5.358267949799006,50.0,196.88655851002883,34.186752410672135,90.00000000000001,117.75197322528021,55.813247589327865,90.00000000000001,242.2480267747198
12.17999999999983,-4.257792915660438,-50.0,198.09654104931124,33.2490397650966,90.0,118.9042477854649,123.2490397650966,90.0,133.90424778546492
12.17999999999983,2.8000000000068326,-50.0,180.0,39.62635250011625,90.0,102.93125503478961,129.62635250011624,90.0,102.93125503478961
12.17999999999983,2.8000000000068326,50.0,180.0,39.62635250011625,90.0,102.93125503478961,50.37364749988375,90.0,257.0687449652104
12.17999999999983,-4.257792915660438,50.0,198.09654104931124,33.2490397650966,90.0,118.9042477854649,56.7509602349034,90.0,241.09575221453508
12.199999999999829,-3.0901699437597085,-50.0,199.02113032589642,32.43482337717969,90.00000000000001,119.79711610919193,122.4348233771797,89.99999999999999,134.79711610919193
12.199999999999829,2.0000000000068496,-50.0,180.0,39.885533486770576,90.0,102.92270439548044,129.88553348677058,90.0,102.92270439548044
12.199999999999829,2.0000000000068496,50.0,180.0,39.885533486770576,90.0,102.92270439548044,50.114466513229424,90.0,257.0772956045196
12.199999999999829,-3.0901699437597085,50.0,199.02113032589642,32.43482337717969,90.00000000000001,119.79711610919193,57.56517662282031,90.00000000000001,240.20288389080807
12.219999999999828,-1.8738131458678409,-50.0,199.64574501456974,31.76061065947134,90.0,120.40665142719178,121.76061065947134,90.0,135.40665142719178
12.219999999999828,1.2000000000068667,-50.0,180.0,40.143213296958145,90.0,102.91700413194417,130.14321329695815,90.0,102.91700413194417
12.219999999999828,1.2000000000068667,50.0,180.0,40.143213296958145,90.0,102.91700413194417,49.856786703041855,90.0,257.08299586805583
12.219999999999828,-1.8738131458678409,50.0,199.64574501456974,31.76061065947134,90.0,120.40665142719178,58.23938934052866,90.0,239.59334857280822
12.239999999999828,-0.6279051953039252,-50.0,199.96053456856407,31.239280013424416,90.0,120.71584368328652,121.23928001342442,90.0,135.71584368328652
12.239999999999828,0.40000000000688374,-50.0,180.0,40.39938195615101,90.0,102.9141540489525,130.39938195615102,90.0,102.9141540489525
12.239999999999828,0.40000000000688374,50.0,180.0,40.39938195615101,90.0,102.9141540489525,49.60061804384899,90.0,257.08584595104753
12.239999999999828,-0.6279051953039252,50.0,199.96053456856407,31.239280013424416,90.0,120.71584368328652,58.76071998657558,90.0,239.28415631671348
12.259999999999827,0.6279051952823151,-50.0,199.9605345685668,30.879447014830323,90.0,120.71584368328922,120.87944701483032,90.0,135.71584368328922
12.259999999999827,-0.3999999999930992,-50.0,180.0,40.65402944592577,90.0,102.91415404895247,130.65402944592577,90.0,102.91415404895247
12.259999999999827,-0.3999999999930992,50.0,180.0,40.65402944592577,90.0,102.91415404895247,49.34597055407423,90.0,257.08584595104753
12.259999999999827,0.6279051952823151,50.0,199.9605345685668,30.879447014830323,90.0,120.71584368328922,59.12055298516968,90.0,239.28415631671078
12.279999999999827,1.8738131458465719,-50.0,199.64574501457784,30.685121347374235,90.00000000000001,120.40665142719969,120.68512134737423,89.99999999999999,135.40665142719968
12.279999999999827,-1.1999999999930822,-50.0,180.0,40.907145706416216,90.0,102.91700413194411,130.9071457064162,90.0,102.91700413194411
12.279999999999827,-1.1999999999930822,50.0,180.0,40.907145706416216,90.0,102.91700413194411,49.092854293583784,90.0,257.0829958680559
12.279999999999827,1.8738131458465719,50.0,199.64574501457784,30.685121347374235,90.00000000000001,120.40665142719969,59.314878652625765,90.00000000000001,239.59334857280032
12.299999999999827,3.0901699437391135,-50.0,199.0211303259098,30.65572113492801,90.0,119.79711610920494,120.65572113492802,90.0,134.79711610920492
12.299999999999827,-1.999999999993065,-50.0,180.0,41.158720638697595,90.0,102.9227043954803,131.1587206386976,90.0,102.9227043954803
12.299999999999827,-1.999999999993065,50.0,180.0,41.158720638697595,90.0,102.9227043954803,48.841279361302405,90.0,257.0772956045197
12.299999999999827,3.0901699437391135,50.0,199.0211303259098,30.65572113492801,90.0,119.79711610920494,59.344278865071985,90.0,240.20288389079508
12.319999999999826,4.257792915640847,-50.0,198.0965410493297,30.78644242053247,90.00000000000001,118.90424778548261,120.78644242053247,89.99999999999999,133.9042477854826
12.319999999999826,-2.799999999993048,-50.0,180.0,41.408744107101285,90.0,102.93125503478946,131.40874410710128,90.0,102.93125503478946
12.319999999999826,-2.799999999993048,50.0,180.0,41.408744107101285,90.0,102.93125503478946,48.591255892898715,90.0,257.06874496521056
12.319999999999826,4.257792915640847,50.0,198.0965410493297,30.78644242053247,90.00000000000001,118.90424778548261,59.21355757946753,90.00000000000001,241.0957522145174
12.339999999999826,5.358267949780721,-50.0,196.88655851005203,31.06891257773618,90.0,117.75197322530211,121.06891257773619,90.0,132.7519732253021
12.339999999999826,-3.599999999993031,-50.0,180.0,41.65720594145841,90.0,102.94265634302039,131.65720594145841,90.0,102.94265634302039
12.339999999999826,-3.599999999993031,50.0,180.0,41.65720594145841,90.0,102.94265634302039,48.34279405854159,90.0,257.0573436569796
12.339999999999826,5.358267949780721,50.0,196.88655851005203,31.06891257773618,90.0,117.75197322530211,58.931087422263815,90.0,242.2480267746979
12.359999999999825,6.374239897478442,-50.0,195.41026485552976,31.492010661336955,90.0,116.36955635575943,121.49201066133696,90.0,131.3695563557594
12.359999999999825,-4.399999999993014,-50.0,180.0,41.904095939270704,90.0,102.9569087116103,131.9040959392707,90.0,102.9569087116103
12.359999999999825,-4.399999999993014,50.0,180.0,41.904095939270704,90.0,102.9569087116103,48.095904060729296,90.0,257.0430912883897
12.359999999999825,6.374239897478442,50.0,195.41026485552976,31.492010661336955,90.0,116.36955635575943,58.507989338663045,90.0,243.6304436442406
12.379999999999825,7.289686274206584,-50.0,193.69094211858982,32.042726712762054,90.0,114.78992473285294,122.04272671276206,90.0,129.78992473285294
12.379999999999825,-5.199999999992997,-50.0,180.0,42.149403867807415,90.0,102.97401263077548,132.14940386780742,90.0,102.97401263077548
12.379999999999825,-5.199999999992997,50.0,180.0,42.149403867807415,90.0,102.97401263077548,47.850596132192585,90.0,257.02598736922454
12.379999999999825,7.289686274206584,50.0,193.69094211858982,32.042726712762054,90.0,114.78992473285294,57.957273287237946,90.0,245.21007526714706
12.399999999999824,8.090169943742993,-50.0,191.7557050458673,32.706952081175764,90.0,113.04810487209743,122.70695208117576,90.0,128.04810487209744
12.399999999999824,-5.99999999999298,-50.0,180.0,42.39311946612636,90.0,102.9939686901255,132.39311946612636,90.0,102.9939686901255
12.399999999999824,-5.99999999999298,50.0,180.0,42.39311946612636,90.0,102.9939686901255,47.60688053387364,90.0,257.0060313098745
12.399999999999824,8.090169943742993,50.0,191.7557050458673,32.706952081175764,90.0,113.04810487209743,57.293047918824236,90.0,246.95189512790256
12.419999999999824,8.76306680043331,-50.0,189.63507348205368,33.47013007485206,90.00000000000001,111.17989769384846,123.47013007485205,89.99999999999999,126.17989769384846
12.419999999999824,-6.799999999992963,-50.0,180.0,42.635232447017884,90.0,103.01677757940108,132.63523244701787,90.0,103.01677757940108
12.419999999999824,-6.799999999992963,50.0,180.0,42.635232447017884,90.0,103.01677757940108,47.364767552982116,90.0,256.9832224205989
12.419999999999824,8.76306680043331,50.0,189.63507348205368,33.47013007485206,90.00000000000001,111.17989769384846,56.52986992514794,90.00000000000001,248.82010230615154
12.439999999999824,9.297764858878434,-50.0,187.36249105371417,34.31773560497374,90.00000000000001,109.22084993500683,124.31773560497373,89.99999999999999,124.22084993500683
12.439999999999824,-7.599999999992946,-50.0,180.0,42.875732498869795,90.0,103.04244008933628,132.8757324988698,90.0,103.04244008933628
12.439999999999824,-7.599999999992946,50.0,180.0,42.875732498869795,90.0,103.04244008933628,47.124267501130205,90.0,256.9575599106637
12.439999999999824,9.297764858878434,50.0,187.36249105371417,34.31773560497374,90.00000000000001,109.22084993500683,55.68226439502626,90.00000000000001,250.7791500649932
12.459999999999823,9.685831611283549,-50.0,184.9737977433186,35.23558380598935,90.00000000000001,107.20551775928553,125.23558380598935,89.99999999999999,122.20551775928553
12.459999999999823,-8.399999999992929,-50.0,180.0,43.11460928745199,90.0,103.07095711264527,133.114609287452,90.0,103.07095711264527
12.459999999999823,-8.399999999992929,50.0,180.0,43.11460928745199,90.0,103.07095711264527,46.88539071254801,90.0,256.92904288735474
12.459999999999823,9.685831611283549,50.0,184.9737977433186,35.23558380598935,90.00000000000001,107.20551775928553,54.76441619401065,90.00000000000001,252.79448224071447
12.479999999999823,9.921147013143383,-50.0,182.5066646713082,36.20998733764393,90.0,105.16698203825011,126.20998733764392,90.0,120.16698203825011
12.479999999999823,-9.199999999992912,-50.0,180.0,43.35185245761846,90.0,103.10232964513517,133.35185245761846,90.0,103.10232964513517
12.479999999999823,-9.199999999992912,50.0,180.0,43.35185245761846,90.0,103.10232964513517,46.64814754238154,90.0,256.89767035486483
12.479999999999823,9.921147013143383,50.0,182.5066646713082,36.20998733764393,90.0,105.16698203825011,53.79001266235607,90.0,254.83301796174987
12.499999999999822,10.0,-50.0,180.0000000000223,37.22779139519034,90.0,103.13655878696277,127.22779139519034,90.0,118.13655878696277
12.499999999999822,-9.999999999992895,-50.0,180.0,43.587451634925905,90.0,103.13655878694453,133.5874516349259,90.0,103.13655878694453
12.499999999999822,-9.999999999992895,50.0,180.0,43.587451634925905,90.0,103.13655878694453,46.412548365074095,90.0,256.86344121305547
12.499999999999822,10.0,50.0,180.0000000000223,37.22779139519034,90.0,103.13655878696277,52.77220860480966,90.0,256.8634412130372
12.519999999999822,9.200000000007122,-50.0,180.0,37.50004265694149,90.0,103.10232964513577,127.50004265694149,90.0,118.10232964513577
12.519999999999822,-9.92114701314618,-50.0,182.50666467126388,42.43311260100407,90.0,105.16698203821389,132.43311260100407,90.0,105.16698203821389
12.519999999999822,-9.92114701314618,50.0,182.50666467126388,42.43311260100407,90.0,105.16698203821389,47.56688739899593,90.0,254.8330179617861
12.519999999999822,9.200000000007122,50.0,180.0,37.50004265694149,90.0,103.10232964513577,52.49995734305851,90.0,256.8976703548642
12.539999999999822,8.40000000000714,-50.0,180.0,37.770880100906496,90.0,103.07095711264584,127.7708801009065,90.0,118.07095711264584
12.539999999999822,-9.685831611289101,-50.0,184.97379774327538,41.23049657135096,90.0,107.20551775924943,131.23049657135095,90.0,107.20551775924943
12.539999999999822,-9.685831611289101,50.0,184.97379774327538,41.23049657135096,90.0,107.20551775924943,48.76950342864904,90.0,252.79448224075057
12.539999999999822,8.40000000000714,50.0,180.0,37.770880100906496,90.0,103.07095711264584,52.229119899093504,90.0,256.92904288735417
12.559999999999821,7.600000000007157,-50.0,180.0,38.040294268605834,90.0,103.04244008933674,128.04029426860583,90.0,118.04244008933674
12.559999999999821,-9.297764858886651,-50.0,187.36249105367264,39.99962033116669,90.0,109.22084993497144,129.99962033116668,90.0,109.22084993497144
12.559999999999821,-9.297764858886651,50.0,187.36249105367264,39.99962033116669,90.0,109.22084993497144,50.00037966883331,90.0,250.77915006502855
12.559999999999821,7.600000000007157,50.0,180.0,38.040294268605834,90.0,103.04244008933674,51.959705731394166,90.0,256.95755991066324
12.57999999999982,6.800000000007174,-50.0,180.0,38.30827563272534,90.0,103.01677757940152,128.30827563272533,90.0,118.01677757940152
12.57999999999982,-8.763066800444065,-50.0,189.63507348201455,38.761659847783676,90.0,111.17989769381434,128.76165984778368,90.0,111.17989769381434
12.57999999999982,-8.763066800444065,50.0,189.63507348201455,38.761659847783676,90.0,111.17989769381434,51.238340152216324,90.0,248.82010230618567
12.57999999999982,6.800000000007174,50.0,180.0,38.30827563272534,90.0,103.01677757940152,51.69172436727466,90.0,256.9832224205985
12.59999999999982,6.000000000007191,-50.0,180.0,38.574814600133344,90.0,102.99396869012588,128.57481460013335,90.0,117.99396869012588
12.59999999999982,-8.090169943756113,-50.0,191.75570504583118,37.53870254255525,90.00000000000001,113.04810487206531,127.53870254255526,89.99999999999999,113.04810487206531
12.59999999999982,-8.090169943756113,50.0,191.75570504583118,37.53870254255525,90.00000000000001,113.04810487206531,52.46129745744475,90.00000000000001,246.95189512793468
12.59999999999982,6.000000000007191,50.0,180.0,38.574814600133344,90.0,102.99396869012588,51.425185399866656,90.0,257.0060313098741
12.61999999999982,5.200000000007208,-50.0,180.0,38.839901514833535,90.0,102.9740126307758,128.83990151483354,90.0,117.9740126307758
12.61999999999982,-7.289686274221866,-50.0,193.69094211855727,36.353421051656255,90.0,114.78992473282335,126.35342105165626,90.0,114.78992473282335
12.61999999999982,-7.289686274221866,50.0,193.69094211855727,36.353421051656255,90.0,114.78992473282335,53.646578948343745,90.0,245.21007526717665
12.61999999999982,5.200000000007208,50.0,180.0,38.839901514833535,90.0,102.9740126307758,51.160098485166465,90.0,257.0259873692242
12.63999999999982,4.400000000007225,-50.0,180.0,39.10352666085918,90.0,102.95690871161057,129.1035266608592,90.0,117.95690871161057
12.63999999999982,-6.374239897495642,-50.0,195.4102648555013,35.22863719149575,90.00000000000001,116.36955635573304,125.22863719149575,89.99999999999999,116.36955635573304
12.63999999999982,-6.374239897495642,50.0,195.4102648555013,35.22863719149575,90.00000000000001,116.36955635573304,54.77136280850425,90.00000000000001,243.63044364426696
12.63999999999982,4.400000000007225,50.0,180.0,39.10352666085918,90.0,102.95690871161057,50.89647333914082,90.0,257.0430912883894
12.659999999999819,3.600000000007242,-50.0,180.0,39.36568026510799,90.0,102.94265634302062,129.36568026510798,90.0,117.94265634302062
12.659999999999819,-5.35826794979957,-50.0,196.88655851002812,34.18675241067267,90.00000000000001,117.75197322527953,124.18675241067267,89.99999999999999,117.75197322527953
12.659999999999819,-5.35826794979957,50.0,196.88655851002812,34.18675241067267,90.00000000000001,117.75197322527953,55.81324758932733,90.00000000000001,242.24802677472047
12.659999999999819,3.600000000007242,50.0,180.0,39.36568026510799,90.0,102.94265634302062,50.63431973489201,90.0,257.05734365697936
12.679999999999819,2.800000000007259,-50.0,180.0,39.626352500116106,90.0,102.93125503478961,129.6263525001161,90.0,117.93125503478961
12.679999999999819,-4.257792915661043,-50.0,198.09654104931067,33.24903976509705,90.0,118.90424778546439,123.24903976509705,90.0,118.90424778546439
12.679999999999819,-4.257792915661043,50.0,198.09654104931067,33.24903976509705,90.0,118.90424778546439,56.75096023490295,90.0,241.0957522145356
12.679999999999819,2.800000000007259,50.0,180.0,39.626352500116106,90.0,102.93125503478961,50.373647499883894,90.0,257.0687449652104
12.699999999999818,2.000000000007276,-50.0,180.0,39.88553348677044,90.0,102.92270439548044,129.88553348677044,90.0,117.92270439548044
12.699999999999818,-3.090169943760344,-50.0,199.021130325896,32.43482337718009,90.0,119.79711610919152,122.4348233771801,90.0,119.79711610919152
12.699999999999818,-3.090169943760344,50.0,199.021130325896,32.43482337718009,90.0,119.79711610919152,57.56517662281991,90.0,240.2028838908085
12.699999999999818,2.000000000007276,50.0,180.0,39.88553348677044,90.0,102.92270439548044,50.11446651322956,90.0,257.0772956045196
12.719999999999818,1.200000000007293,-50.0,180.0,40.14321329695802,90.0,102.91700413194417,130.143213296958,90.0,117.91700413194417
12.719999999999818,-1.8738131458684997,-50.0,199.64574501456948,31.760610659471663,90.0,120.40665142719152,121.76061065947167,90.0,120.40665142719152
12.719999999999818,-1.8738131458684997,50.0,199.64574501456948,31.760610659471663,90.0,120.40665142719152,58.239389340528334,90.0,239.59334857280848
12.719999999999818,1.200000000007293,50.0,180.0,40.14321329695802,90.0,102.91700413194417,49.85678670304198,90.0,257.08299586805583
12.739999999999817,0.40000000000731006,-50.0,180.0,40.399381956150876,90.0,102.9141540489525,130.39938195615088,90.0,117.9141540489525
12.739999999999817,-0.6279051953045945,-50.0,199.960534568564,31.239280013424665,90.0,120.71584368328642,121.23928001342466,90.0,120.71584368328642
12.739999999999817,-0.6279051953045945,50.0,199.960534568564,31.239280013424665,90.0,120.71584368328642,58.76071998657534,90.0,239.28415631671356
12.739999999999817,0.40000000000731006,50.0,180.0,40.399381956150876,90.0,102.9141540489525,49.600618043849124,90.0,257.08584595104753
12.759999999999817,-0.3999999999926729,-50.0,180.0,40.65402944592564,90.0,102.91415404895247,130.65402944592563,90.0,117.91415404895247
12.759999999999817,0.627905195281646,-50.0,199.96053456856689,30.879447014830475,90.0,120.7158436832893,120.87944701483048,90.0,120.7158436832893
12.759999999999817,0.627905195281646,50.0,199.96053456856689,30.879447014830475,90.0,120.7158436832893,59.120552985169525,90.0,239.28415631671072
12.759999999999817,-0.3999999999926729,50.0,180.0,40.65402944592564,90.0,102.91415404895247,49.34597055407436,90.0,257.08584595104753
12.779999999999816,-1.1999999999926558,-50.0,180.0,40.90714570641608,90.0,102.91700413194411,130.9071457064161,90.0,117.91700413194411
12.779999999999816,1.8738131458459129,-50.0,199.6457450145781,30.6851213473743,90.0,120.40665142719992,120.68512134737429,90.0,120.40665142719992
12.779999999999816,1.8738131458459129,50.0,199.6457450145781,30.6851213473743,90.0,120.40665142719992,59.3148786526257,90.0,239.5933485728001
12.779999999999816,-1.1999999999926558,50.0,180.0,40.90714570641608,90.0,102.91700413194411,49.09285429358392,90.0,257.0829958680559
12.799999999999816,-1.9999999999926388,-50.0,180.0,41.15872063869747,90.0,102.9227043954803,131.15872063869747,90.0,117.9227043954803
12.799999999999816,3.0901699437384753,-50.0,199.0211303259102,30.65572113492798,90.0,119.79711610920533,120.65572113492797,90.0,119.79711610920533
12.799999999999816,3.0901699437384753,50.0,199.0211303259102,30.65572113492798,90.0,119.79711610920533,59.34427886507202,90.0,240.20288389079468
12.799999999999816,-1.9999999999926388,50.0,180.0,41.15872063869747,90.0,102.9227043954803,48.84127936130253,90.0,257.0772956045197
12.819999999999816,-2.7999999999926217,-50.0,180.0,41.40874410710115,90.0,102.93125503478946,131.40874410710114,90.0,117.93125503478946
12.819999999999816,4.25779291564024,-50.0,198.09654104933026,30.786442420532374,90.00000000000001,118.90424778548315,120.78644242053238,89.99999999999999,118.90424778548315
12.819999999999816,4.25779291564024,50.0,198.09654104933026,30.786442420532374,90.00000000000001,118.90424778548315,59.213557579467626,90.00000000000001,241.09575221451684
12.819999999999816,-2.7999999999926217,50.0,180.0,41.40874410710115,90.0,102.93125503478946,48.59125589289885,90.0,257.06874496521056
12.839999999999815,-3.5999999999926047,-50.0,180.0,41.657205941458265,90.0,102.94265634302039,131.65720594145827,90.0,117.94265634302039
12.839999999999815,5.3582679497801555,-50.0,196.88655851005277,31.068912577735976,90.0,117.75197322530283,121.06891257773597,90.0,117.75197322530283
12.839999999999815,5.3582679497801555,50.0,196.88655851005277,31.068912577735976,90.0,117.75197322530283,58.93108742226403,90.0,242.24802677469717
12.839999999999815,-3.5999999999926047,50.0,180.0,41.657205941458265,90.0,102.94265634302039,48.342794058541735,90.0,257.0573436569796
12.859999999999815,-4.399999999992588,-50.0,180.0,41.90409593927058,90.0,102.95690871161028,131.90409593927058,90.0,117.95690871161028
12.859999999999815,6.374239897477926,-50.0,195.41026485553064,31.492010661336696,90.0,116.36955635576022,121.49201066133669,90.0,116.36955635576022
12.859999999999815,6.374239897477926,50.0,195.41026485553064,31.492010661336696,90.0,116.36955635576022,58.50798933866331,90.0,243.6304436442398
12.859999999999815,-4.399999999992588,50.0,180.0,41.90409593927058,90.0,102.95690871161028,48.09590406072942,90.0,257.04309128838975
12.879999999999814,-5.199999999992571,-50.0,180.0,42.14940386780728,90.0,102.97401263077548,132.14940386780728,90.0,117.97401263077548
12.879999999999814,7.289686274206128,-50.0,193.69094211859078,32.042726712761734,90.0,114.78992473285383,122.04272671276173,90.0,114.78992473285383
12.879999999999814,7.289686274206128,50.0,193.69094211859078,32.042726712761734,90.0,114.78992473285383,57.957273287238266,90.0,245.21007526714618
12.879999999999814,-5.199999999992571,50.0,180.0,42.14940386780728,90.0,102.97401263077548,47.85059613219272,90.0,257.02598736922454
12.899999999999814,-5.9999999999925535,-50.0,180.0,42.39311946612623,90.0,102.99396869012548,132.39311946612622,90.0,117.99396869012548
12.899999999999814,8.090169943742598,-50.0,191.75570504586838,32.70695208117537,90.0,113.0481048720984,122.70695208117537,90.0,113.0481048720984
12.899999999999814,8.090169943742598,50.0,191.75570504586838,32.70695208117537,90.0,113.0481048720984,57.29304791882463,90.0,246.9518951279016
12.899999999999814,-5.9999999999925535,50.0,180.0,42.39311946612623,90.0,102.99396869012548,47.60688053387377,90.0,257.0060313098745
12.919999999999813,-6.7999999999925365,-50.0,180.0,42.63523244701775,90.0,103.01677757940108,132.63523244701776,90.0,118.01677757940108
12.919999999999813,8.763066800432988,-50.0,189.63507348205485,33.47013007485163,90.0,111.17989769384948,123.47013007485162,90.0,111.17989769384948
12.919999999999813,8.763066800432988,50.0,189.63507348205485,33.47013007485163,90.0,111.17989769384948,56.52986992514837,90.0,248.82010230615052
12.919999999999813,-6.7999999999925365,50.0,180.0,42.63523244701775,90.0,103.01677757940108,47.36476755298225,90.0,256.9832224205989
12.939999999999813,-7.599999999992519,-50.0,180.0,42.87573249886968,90.0,103.04244008933627,132.8757324988697,90.0,118.04244008933627
12.939999999999813,9.297764858878189,-50.0,187.36249105371542,34.31773560497326,90.0,109.2208499350079,124.31773560497325,90.0,109.2208499350079
12.939999999999813,9.297764858878189,50.0,187.36249105371542,34.31773560497326,90.0,109.2208499350079,55.68226439502674,90.0,250.7791500649921
12.939999999999813,-7.599999999992519,50.0,180.0,42.87573249886968,90.0,103.04244008933627,47.12426750113032,90.0,256.95755991066375
12.959999999999813,-8.399999999992502,-50.0,180.0,43.11460928745185,90.0,103.07095711264527,133.11460928745186,90.0,118.07095711264527
12.959999999999813,9.685831611283382,-50.0,184.97379774331992,35.235583805988824,90.00000000000001,107.20551775928664,125.23558380598882,89.99999999999999,107.20551775928664
12.959999999999813,9.685831611283382,50.0,184.97379774331992,35.235583805988824,90.00000000000001,107.20551775928664,54.764416194011176,90.00000000000001,252.79448224071336
12.959999999999813,-8.399999999992502,50.0,180.0,43.11460928745185,90.0,103.07095711264527,46.88539071254815,90.0,256.92904288735474
12.979999999999812,-9.199999999992485,-50.0,180.0,43.35185245761832,90.0,103.10232964513517,133.35185245761832,90.0,118.10232964513517
12.979999999999812,9.9211470131433,-50.0,182.50666467130952,36.2099873376434,90.00000000000001,105.1669820382512,126.2099873376434,89.99999999999999,105.1669820382512
12.979999999999812,9.9211470131433,50.0,182.50666467130952,36.2099873376434,90.00000000000001,105.1669820382512,53.7900126623566,90.00000000000001,254.8330179617488
12.979999999999812,-9.199999999992485,50.0,180.0,43.35185245761832,90.0,103.10232964513517,46.64814754238168,90.0,256.89767035486483
12.999999999999812,-9.999999999992468,-50.0,180.0,43.58745163492578,90.0,103.13655878694453,133.58745163492577,90.0,118.13655878694453
12.999999999999812,10.0,-50.0,180.00000000002368,37.22779139518978,90.0,103.13655878696386,127.22779139518978,90.0,103.13655878696386
12.999999999999812,10.0,50.0,180.00000000002368,37.22779139518978,90.0,103.13655878696386,52.77220860481022,90.0,256.86344121303614
12.999999999999812,-9.999999999992468,50.0,180.0,43.58745163492578,90.0,103.13655878694453,46.41254836507422,90.0,256.86344121305547
13.019999999999811,-9.921147013146264,-50.0,182.50666467126257,42.43311260100469,90.0,105.16698203821281,132.4331126010047,90.0,120.16698203821281
13.019999999999811,9.200000000007549,-50.0,180.0,37.50004265694134,90.0,103.1023296451358,127.50004265694133,90.0,103.1023296451358
13.019999999999811,9.200000000007549,50.0,180.0,37.50004265694134,90.0,103.1023296451358,52.49995734305866,90.0,256.8976703548642
13.019999999999811,-9.921147013146264,50.0,182.50666467126257,42.43311260100469,90.0,105.16698203821281,47.56688739899531,90.0,254.8330179617872
13.03999999999981,-9.685831611289267,-50.0,184.97379774327408,41.230496571351615,90.0,107.20551775924835,131.2304965713516,90.0,122.20551775924835
13.03999999999981,8.400000000007566,-50.0,180.0,37.77088010090635,90.0,103.07095711264586,127.77088010090635,90.0,103.07095711264586
13.03999999999981,8.400000000007566,50.0,180.0,37.77088010090635,90.0,103.07095711264586,52.22911989909365,90.0,256.92904288735417
13.03999999999981,-9.685831611289267,50.0,184.97379774327408,41.230496571351615,90.0,107.20551775924835,48.769503428648385,90.0,252.79448224075165
13.05999999999981,-9.297764858886898,-50.0,187.36249105367142,39.99962033116735,90.00000000000001,109.22084993497037,129.99962033116736,89.99999999999999,124.22084993497037
13.05999999999981,7.600000000007583,-50.0,180.0,38.0402942686057,90.0,103.04244008933676,128.0402942686057,90.0,103.04244008933676
13.05999999999981,7.600000000007583,50.0,180.0,38.0402942686057,90.0,103.04244008933676,51.9597057313943,90.0,256.95755991066324
13.05999999999981,-9.297764858886898,50.0,187.36249105367142,39.99962033116735,90.00000000000001,109.22084993497037,50.00037966883265,90.00000000000001,250.77915006502963
13.07999999999981,-8.763066800444387,-50.0,189.63507348201338,38.76165984778432,90.00000000000001,111.17989769381336,128.76165984778433,89.99999999999999,126.17989769381336
13.07999999999981,6.8000000000076,-50.0,180.0,38.30827563272519,90.0,103.01677757940155,128.30827563272518,90.0,103.01677757940155
13.07999999999981,6.8000000000076,50.0,180.0,38.30827563272519,90.0,103.01677757940155,51.69172436727481,90.0,256.98322242059845
13.07999999999981,-8.763066800444387,50.0,189.63507348201338,38.76165984778432,90.00000000000001,111.17989769381336,51.23834015221568,90.00000000000001,248.82010230618664
13.09999999999981,-8.090169943756507,-50.0,191.7557050458301,37.5387025425559,90.0,113.04810487206433,127.53870254255591,90.0,128.04810487206433
13.09999999999981,6.000000000007617,-50.0,180.0,38.5748146001332,90.0,102.99396869012588,128.5748146001332,90.0,102.99396869012588
13.09999999999981,6.000000000007617,50.0,180.0,38.5748146001332,90.0,102.99396869012588,51.4251853998668,90.0,257.0060313098741
13.09999999999981,-8.090169943756507,50.0,191.7557050458301,37.5387025425559,90.0,113.04810487206433,52.4612974574441,90.0,246.95189512793567
13.11999999999981,-7.2896862742223245,-50.0,193.69094211855628,36.35342105165688,90.0,114.78992473282243,126.35342105165688,90.0,129.78992473282244
13.11999999999981,5.200000000007634,-50.0,180.0,38.83990151483339,90.0,102.97401263077582,128.8399015148334,90.0,102.97401263077582
13.11999999999981,5.200000000007634,50.0,180.0,38.83990151483339,90.0,102.97401263077582,51.16009848516661,90.0,257.0259873692242
13.11999999999981,-7.2896862742223245,50.0,193.69094211855628,36.35342105165688,90.0,114.78992473282243,53.64657894834312,90.0,245.21007526717756
13.139999999999809,-6.374239897496158,-50.0,195.41026485550046,35.22863719149633,90.0,116.36955635573223,125.22863719149633,90.0,131.36955635573224
13.139999999999809,4.400000000007651,-50.0,180.0,39.103526660859046,90.0,102.95690871161057,129.10352666085905,90.0,102.95690871161057
13.139999999999809,4.400000000007651,50.0,180.0,39.103526660859046,90.0,102.95690871161057,50.896473339140954,90.0,257.0430912883894
13.139999999999809,-6.374239897496158,50.0,195.41026485550046,35.22863719149633,90.0,116.36955635573223,54.77136280850367,90.0,243.63044364426776
13.159999999999808,-5.358267949800136,-50.0,196.88655851002738,34.1867524106732,90.00000000000001,117.75197322527883,124.1867524106732,89.99999999999999,132.75197322527885
13.159999999999808,3.600000000007668,-50.0,180.0,39.36568026510785,90.0,102.94265634302062,129.36568026510784,90.0,102.94265634302062
13.159999999999808,3.600000000007668,50.0,180.0,39.36568026510785,90.0,102.94265634302062,50.63431973489215,90.0,257.05734365697936
13.159999999999808,-5.358267949800136,50.0,196.88655851002738,34.1867524106732,90.00000000000001,117.75197322527883,55.8132475893268,90.00000000000001,242.24802677472115
13.179999999999808,-4.25779291566165,-50.0,198.0965410493101,33.24903976509752,90.0,118.90424778546384,123.24903976509752,90.0,133.90424778546384
13.179999999999808,2.8000000000076852,-50.0,180.0,39.62635250011595,90.0,102.93125503478964,129.62635250011596,90.0,102.93125503478964
13.179999999999808,2.8000000000076852,50.0,180.0,39.62635250011595,90.0,102.93125503478964,50.37364749988405,90.0,257.0687449652104
13.179999999999808,-4.25779291566165,50.0,198.0965410493101,33.24903976509752,90.0,118.90424778546384,56.75096023490248,90.0,241.09575221453616
13.199999999999807,-3.0901699437609818,-50.0,199.0211303258956,32.434823377180486,90.0,119.79711610919111,122.43482337718049,90.0,134.7971161091911
13.199999999999807,2.0000000000077023,-50.0,180.0,39.8855334867703,90.0,102.92270439548044,129.8855334867703,90.0,102.92270439548044
13.199999999999807,2.0000000000077023,50.0,180.0,39.8855334867703,90.0,102.92270439548044,50.1144665132297,90.0,257.0772956045196
13.199999999999807,-3.0901699437609818,50.0,199.0211303258956,32.434823377180486,90.0,119.79711610919111,57.565176622819514,90.0,240.2028838908089
13.219999999999807,-1.8738131458691585,-50.0,199.64574501456923,31.760610659471993,90.0,120.40665142719128,121.760610659472,90.0,135.40665142719126
13.219999999999807,1.2000000000077193,-50.0,180.0,40.14321329695788,90.0,102.91700413194417,130.14321329695787,90.0,102.91700413194417
13.219999999999807,1.2000000000077193,50.0,180.0,40.14321329695788,90.0,102.91700413194417,49.85678670304212,90.0,257.08299586805583
13.219999999999807,-1.8738131458691585,50.0,199.64574501456923,31.760610659471993,90.0,120.40665142719128,58.23938934052801,90.0,239.59334857280874
13.239999999999807,-0.6279051953052638,-50.0,199.9605345685639,31.239280013424906,90.0,120.71584368328632,121.2392800134249,90.0,135.71584368328632
13.239999999999807,0.4000000000077364,-50.0,180.0,40.39938195615074,90.0,102.9141540489525,130.39938195615073,90.0,102.9141540489525
13.239999999999807,0.4000000000077364,50.0,180.0,40.39938195615074,90.0,102.9141540489525,49.60061804384926,90.0,257.08584595104753
13.239999999999807,-0.6279051953052638,50.0,199.9605345685639,31.239280013424906,90.0,120.71584368328632,58.7607199865751,90.0,239.28415631671368
13.259999999999806,0.6279051952809789,-50.0,199.96053456856697,30.879447014830642,90.00000000000001,120.71584368328935,120.87944701483065,89.99999999999999,135.71584368328934
13.259999999999806,-0.39999999999224656,-50.0,180.0,40.6540294459255,90.0,102.91415404895247,130.65402944592552,90.0,102.91415404895247
13.259999999999806,-0.39999999999224656,50.0,180.0,40.6540294459255,90.0,102.91415404895247,49.3459705540745,90.0,257.08584595104753
13.259999999999806,0.6279051952809789,50.0,199.96053456856697,30.879447014830642,90.00000000000001,120.71584368328935,59.120552985169354,90.00000000000001,239.28415631671066
13.279999999999806,1.8738131458452565,-50.0,199.64574501457835,30.685121347374356,90.0,120.40665142720017,120.68512134737435,90.0,135.4066514272002
13.279999999999806,-1.1999999999922295,-50.0,180.0,40.90714570641595,90.0,102.91700413194408,130.90714570641595,90.0,102.91700413194408
13.279999999999806,-1.1999999999922295,50.0,180.0,40.90714570641595,90.0,102.91700413194408,49.09285429358405,90.0,257.08299586805595
13.279999999999806,1.8738131458452565,50.0,199.64574501457835,30.685121347374356,90.0,120.40665142720017,59.314878652625644,90.0,239.5933485727998
13.299999999999805,3.09016994373784,-50.0,199.02113032591063,30.655721134927962,90.00000000000001,119.79711610920572,120.65572113492796,89.99999999999999,134.79711610920572
13.299999999999805,-1.9999999999922125,-50.0,180.0,41.158720638697325,90.0,102.9227043954803,131.15872063869733,90.0,102.9227043954803
13.299999999999805,-1.9999999999922125,50.0,180.0,41.158720638697325,90.0,102.9227043954803,48.841279361302675,90.0,257.0772956045197
13.299999999999805,3.09016994373784,50.0,199.02113032591063,30.655721134927962,90.00000000000001,119.79711610920572,59.34427886507204,90.00000000000001,240.20288389079428
13.319999999999805,4.257792915639634,-50.0,198.09654104933082,30.78644242053226,90.0,118.9042477854837,120.78644242053227,90.0,133.9042477854837
13.319999999999805,-2.7999999999921954,-50.0,180.0,41.40874410710102,90.0,102.93125503478944,131.40874410710103,90.0,102.93125503478944
13.319999999999805,-2.7999999999921954,50.0,180.0,41.40874410710102,90.0,102.93125503478944,48.59125589289898,90.0,257.06874496521056
13.319999999999805,4.257792915639634,50.0,198.09654104933082,30.78644242053226,90.0,118.9042477854837,59.21355757946774,90.0,241.0957522145163
13.339999999999804,5.358267949779593,-50.0,196.88655851005348,31.068912577735787,90.0,117.75197322530349,121.06891257773579,90.0,132.7519732253035
13.339999999999804,-3.5999999999921783,-50.0,180.0,41.657205941458145,90.0,102.94265634302037,131.65720594145813,90.0,102.94265634302037
13.339999999999804,-3.5999999999921783,50.0,180.0,41.657205941458145,90.0,102.94265634302037,48.342794058541855,90.0,257.05734365697964
13.339999999999804,5.358267949779593,50.0,196.88655851005348,31.068912577735787,90.0,117.75197322530349,58.93108742226421,90.0,242.2480267746965
13.359999999999804,6.374239897477408,-50.0,195.4102648555315,31.492010661336426,90.0,116.36955635576103,121.49201066133642,90.0,131.36955635576103
13.359999999999804,-4.399999999992161,-50.0,180.0,41.904095939270455,90.0,102.95690871161028,131.90409593927046,90.0,102.95690871161028
13.359999999999804,-4.399999999992161,50.0,180.0,41.904095939270455,90.0,102.95690871161028,48.095904060729545,90.0,257.04309128838975
13.359999999999804,6.374239897477408,50.0,195.4102648555315,31.492010661336426,90.0,116.36955635576103,58.50798933866358,90.0,243.63044364423897
13.379999999999804,7.289686274205668,-50.0,193.69094211859175,32.04272671276142,90.0,114.7899247328547,122.04272671276142,90.0,129.7899247328547
13.379999999999804,-5.199999999992144,-50.0,180.0,42.14940386780715,90.0,102.97401263077546,132.14940386780717,90.0,102.97401263077546
13.379999999999804,-5.199999999992144,50.0,180.0,42.14940386780715,90.0,102.97401263077546,47.85059613219285,90.0,257.02598736922454
13.379999999999804,7.289686274205668,50.0,193.69094211859175,32.04272671276142,90.0,114.7899247328547,57.95727328723858,90.0,245.2100752671453
13.399999999999803,8.090169943742204,-50.0,191.7557050458695,32.706952081174975,90.0,113.04810487209939,122.70695208117498,90.0,128.04810487209937
13.399999999999803,-5.999999999992127,-50.0,180.0,42.39311946612609,90.0,102.99396869012548,132.39311946612608,90.0,102.99396869012548
13.399999999999803,-5.999999999992127,50.0,180.0,42.39311946612609,90.0,102.99396869012548,47.60688053387391,90.0,257.0060313098745
13.399999999999803,8.090169943742204,50.0,191.7557050458695,32.706952081174975,90.0,113.04810487209939,57.293047918825025,90.0,246.95189512790063
13.419999999999803,8.763066800432664,-50.0,189.63507348205601,33.47013007485121,90.0,111.17989769385049,123.47013007485121,90.0,126.17989769385049
13.419999999999803,-6.79999999999211,-50.0,180.0,42.63523244701763,90.0,103.01677757940105,132.63523244701764,90.0,103.01677757940105
13.419999999999803,-6.79999999999211,50.0,180.0,42.63523244701763,90.0,103.01677757940105,47.36476755298237,90.0,256.98322242059896
13.419999999999803,8.763066800432664,50.0,189.63507348205601,33.47013007485121,90.0,111.17989769385049,56.52986992514879,90.0,248.82010230614952
13.439999999999802,9.29776485887794,-50.0,187.36249105371667,34.317735604972796,90.00000000000001,109.22084993500897,124.3177356049728,89.99999999999999,124.22084993500897
13.439999999999802,-7.599999999992093,-50.0,180.0,42.87573249886957,90.0,103.04244008933624,132.87573249886958,90.0,103.04244008933624
13.439999999999802,-7.599999999992093,50.0,180.0,42.87573249886957,90.0,103.04244008933624,47.12426750113043,90.0,256.95755991066375
13.439999999999802,9.29776485887794,50.0,187.36249105371667,34.317735604972796,90.00000000000001,109.22084993500897,55.682264395027204,90.00000000000001,250.77915006499103
13.459999999999802,9.685831611283216,-50.0,184.9737977433212,35.23558380598833,90.0,107.20551775928772,125.23558380598833,90.0,122.20551775928772
13.459999999999802,-8.399999999992076,-50.0,180.0,43.11460928745173,90.0,103.07095711264526,133.11460928745174,90.0,103.07095711264526
13.459999999999802,-8.399999999992076,50.0,180.0,43.11460928745173,90.0,103.07095711264526,46.88539071254827,90.0,256.92904288735474
13.459999999999802,9.685831611283216,50.0,184.9737977433212,35.23558380598833,90.0,107.20551775928772,54.76441619401167,90.0,252.79448224071228
13.479999999999801,9.921147013143216,-50.0,182.50666467131083,36.20998733764287,90.0,105.16698203825229,126.20998733764287,90.0,120.16698203825229
13.479999999999801,-9.199999999992059,-50.0,180.0,43.3518524576182,90.0,103.10232964513514,133.3518524576182,90.0,103.10232964513514
13.479999999999801,-9.199999999992059,50.0,180.0,43.3518524576182,90.0,103.10232964513514,46.6481475423818,90.0,256.8976703548649
13.479999999999801,9.921147013143216,50.0,182.50666467131083,36.20998733764287,90.0,105.16698203825229,53.79001266235713,90.0,254.83301796174771
13.499999999999801,10.0,-50.0,180.000000000025,37.22779139518922,90.0,103.13655878696494,127.22779139518923,90.0,118.13655878696494
13.499999999999801,-9.999999999992042,-50.0,180.0,43.58745163492566,90.0,103.1365587869445,133.58745163492566,90.0,103.1365587869445
13.499999999999801,-9.999999999992042,50.0,180.0,43.58745163492566,90.0,103.1365587869445,46.41254836507434,90.0,256.86344121305547
13.499999999999801,10.0,50.0,180.000000000025,37.22779139518922,90.0,103.13655878696494,52.77220860481078,90.0,256.86344121303506
13.5199999999998,9.200000000007975,-50.0,180.0,37.500042656941204,90.0,103.1023296451358,127.5000426569412,90.0,118.1023296451358
13.5199999999998,-9.92114701314635,-50.0,182.50666467126123,42.43311260100534,90.0,105.16698203821171,132.43311260100535,90.0,105.16698203821171
13.5199999999998,-9.92114701314635,50.0,182.50666467126123,42.43311260100534,90.0,105.16698203821171,47.56688739899466,90.0,254.8330179617883
13.5199999999998,9.200000000007975,50.0,180.0,37.500042656941204,90.0,103.1023296451358,52.499957343058796,90.0,256.8976703548642
13.5399999999998,8.400000000007992,-50.0,180.0,37.77088010090622,90.0,103.07095711264586,127.77088010090623,90.0,118.07095711264586
13.5399999999998,-9.685831611289434,-50.0,184.97379774327277,41.230496571352276,90.0,107.20551775924726,131.23049657135226,90.0,107.20551775924726
13.5399999999998,-9.685831611289434,50.0,184.97379774327277,41.230496571352276,90.0,107.20551775924726,48.769503428647724,90.0,252.79448224075276
13.5399999999998,8.400000000007992,50.0,180.0,37.77088010090622,90.0,103.07095711264586,52.22911989909378,90.0,256.92904288735417
13.5599999999998,7.600000000008009,-50.0,180.0,38.040294268605535,90.0,103.0424400893368,128.04029426860552,90.0,118.0424400893368
13.5599999999998,-9.297764858887145,-50.0,187.36249105367017,39.999620331168,90.0,109.22084993496931,129.999620331168,90.0,109.22084993496931
13.5599999999998,-9.297764858887145,50.0,187.36249105367017,39.999620331168,90.0,109.22084993496931,50.000379668832,90.0,250.7791500650307
13.5599999999998,7.600000000008009,50.0,180.0,38.040294268605535,90.0,103.0424400893368,51.959705731394465,90.0,256.95755991066324
13.5799999999998,6.800000000008026,-50.0,180.0,38.30827563272504,90.0,103.01677757940156,128.30827563272504,90.0,118.01677757940156
13.5799999999998,-8.76306680044471,-50.0,189.63507348201222,38.76165984778499,90.0,111.17989769381231,128.76165984778498,90.0,111.17989769381231
13.5799999999998,-8.76306680044471,50.0,189.63507348201222,38.76165984778499,90.0,111.17989769381231,51.23834015221501,90.0,248.8201023061877
13.5799999999998,6.800000000008026,50.0,180.0,38.30827563272504,90.0,103.01677757940156,51.69172436727496,90.0,256.98322242059845
13.599999999999799,6.000000000008043,-50.0,180.0,38.57481460013306,90.0,102.99396869012591,128.57481460013307,90.0,117.99396869012591
13.599999999999799,-8.090169943756901,-50.0,191.75570504582902,37.53870254255656,90.0,113.04810487206336,127.53870254255656,90.0,113.04810487206336
13.599999999999799,-8.090169943756901,50.0,191.75570504582902,37.53870254255656,90.0,113.04810487206336,52.46129745744344,90.0,246.95189512793664
13.599999999999799,6.000000000008043,50.0,180.0,38.57481460013306,90.0,102.99396869012591,51.42518539986694,90.0,257.00603130987406
13.619999999999798,5.20000000000806,-50.0,180.0,38.83990151483326,90.0,102.97401263077582,128.83990151483326,90.0,117.97401263077582
13.619999999999798,-7.289686274222783,-50.0,193.6909421185553,36.35342105165749,90.0,114.78992473282155,126.35342105165749,90.0,114.78992473282155
13.619999999999798,-7.289686274222783,50.0,193.6909421185553,36.35342105165749,90.0,114.78992473282155,53.64657894834251,90.0,245.21007526717847
13.619999999999798,5.20000000000806,50.0,180.0,38.83990151483326,90.0,102.97401263077582,51.16009848516674,90.0,257.0259873692242
13.639999999999798,4.4000000000080774,-50.0,180.0,39.10352666085891,90.0,102.95690871161057,129.1035266608589,90.0,117.95690871161057
13.639999999999798,-6.374239897496674,-50.0,195.4102648554996,35.2286371914969,90.0,116.36955635573146,125.2286371914969,90.0,116.36955635573146
13.639999999999798,-6.374239897496674,50.0,195.4102648554996,35.2286371914969,90.0,116.36955635573146,54.7713628085031,90.0,243.63044364426855
13.639999999999798,4.4000000000080774,50.0,180.0,39.10352666085891,90.0,102.95690871161057,50.89647333914109,90.0,257.0430912883894
13.659999999999798,3.6000000000080945,-50.0,180.0,39.36568026510772,90.0,102.94265634302062,129.36568026510773,90.0,117.94265634302062
13.659999999999798,-5.358267949800703,-50.0,196.88655851002667,34.18675241067372,90.0,117.75197322527818,124.18675241067372,90.0,117.75197322527818
13.659999999999798,-5.358267949800703,50.0,196.88655851002667,34.18675241067372,90.0,117.75197322527818,55.81324758932628,90.0,242.24802677472184
13.659999999999798,3.6000000000080945,50.0,180.0,39.36568026510772,90.0,102.94265634302062,50.63431973489228,90.0,257.05734365697936
13.679999999999797,2.8000000000081116,-50.0,180.0,39.62635250011582,90.0,102.93125503478964,129.62635250011581,90.0,117.93125503478964
13.679999999999797,-4.2577929156622565,-50.0,198.09654104930954,33.249039765098,90.0,118.90424778546328,123.24903976509799,90.0,118.90424778546328
13.679999999999797,-4.2577929156622565,50.0,198.09654104930954,33.249039765098,90.0,118.90424778546328,56.750960234902,90.0,241.09575221453673
13.679999999999797,2.8000000000081116,50.0,180.0,39.62635250011582,90.0,102.93125503478964,50.37364749988418,90.0,257.0687449652104
13.699999999999797,2.0000000000081286,-50.0,180.0,39.88553348677017,90.0,102.92270439548044,129.88553348677016,90.0,117.92270439548044
13.699999999999797,-3.0901699437616177,-50.0,199.02113032589517,32.43482337718087,90.0,119.79711610919072,122.43482337718086,90.0,119.79711610919072
13.699999999999797,-3.0901699437616177,50.0,199.02113032589517,32.43482337718087,90.0,119.79711610919072,57.56517662281913,90.0,240.2028838908093
13.699999999999797,2.0000000000081286,50.0,180.0,39.88553348677017,90.0,102.92270439548044,50.11446651322983,90.0,257.0772956045196
13.719999999999796,1.2000000000081457,-50.0,180.0,40.14321329695774,90.0,102.91700413194417,130.14321329695775,90.0,117.91700413194417
13.719999999999796,-1.8738131458698148,-50.0,199.64574501456897,31.760610659472317,90.0,120.40665142719102,121.76061065947232,90.0,120.40665142719102
13.719999999999796,-1.8738131458698148,50.0,199.64574501456897,31.760610659472317,90.0,120.40665142719102,58.23938934052768,90.0,239.59334857280896
13.719999999999796,1.2000000000081457,50.0,180.0,40.14321329695774,90.0,102.91700413194417,49.85678670304226,90.0,257.08299586805583
13.739999999999796,0.4000000000081627,-50.0,180.0,40.3993819561506,90.0,102.9141540489525,130.3993819561506,90.0,117.9141540489525
13.739999999999796,-0.6279051953059307,-50.0,199.96053456856382,31.23928001342514,90.0,120.71584368328624,121.23928001342514,90.0,120.71584368328624
13.739999999999796,-0.6279051953059307,50.0,199.96053456856382,31.23928001342514,90.0,120.71584368328624,58.760719986574856,90.0,239.28415631671376
13.739999999999796,0.4000000000081627,50.0,180.0,40.3993819561506,90.0,102.9141540489525,49.6006180438494,90.0,257.08584595104753
13.759999999999796,-0.39999999999182023,-50.0,180.0,40.65402944592537,90.0,102.91415404895247,130.65402944592537,90.0,117.91415404895247
13.759999999999796,0.6279051952803096,-50.0,199.96053456856706,30.879447014830788,90.0,120.71584368328942,120.87944701483079,90.0,120.71584368328942
13.759999999999796,0.6279051952803096,50.0,199.96053456856706,30.879447014830788,90.0,120.71584368328942,59.12055298516921,90.0,239.28415631671058
13.759999999999796,-0.39999999999182023,50.0,180.0,40.65402944592537,90.0,102.91415404895247,49.34597055407463,90.0,257.08584595104753
13.779999999999795,-1.1999999999918032,-50.0,180.0,40.90714570641582,90.0,102.91700413194408,130.9071457064158,90.0,117.91700413194408
13.779999999999795,1.873813145844598,-50.0,199.6457450145786,30.68512134737441,90.00000000000001,120.40665142720043,120.6851213473744,89.99999999999999,120.40665142720043
13.779999999999795,1.873813145844598,50.0,199.6457450145786,30.68512134737441,90.00000000000001,120.40665142720043,59.314878652625595,90.00000000000001,239.59334857279958
13.779999999999795,-1.1999999999918032,50.0,180.0,40.90714570641582,90.0,102.91700413194408,49.09285429358418,90.0,257.08299586805595
13.799999999999795,-1.9999999999917861,-50.0,180.0,41.15872063869719,90.0,102.9227043954803,131.1587206386972,90.0,117.9227043954803
13.799999999999795,3.090169943737202,-50.0,199.02113032591103,30.655721134927937,90.0,119.79711610920613,120.65572113492794,90.0,119.79711610920613
13.799999999999795,3.090169943737202,50.0,199.02113032591103,30.655721134927937,90.0,119.79711610920613,59.34427886507206,90.0,240.20288389079388
13.799999999999795,-1.9999999999917861,50.0,180.0,41.15872063869719,90.0,102.9227043954803,48.84127936130281,90.0,257.0772956045197
13.819999999999794,-2.799999999991769,-50.0,180.0,41.40874410710089,90.0,102.93125503478944,131.4087441071009,90.0,117.93125503478944
13.819999999999794,4.257792915639026,-50.0,198.0965410493314,30.78644242053214,90.0,118.90424778548427,120.78644242053214,90.0,118.90424778548427
13.819999999999794,4.257792915639026,50.0,198.0965410493314,30.78644242053214,90.0,118.90424778548427,59.21355757946786,90.0,241.09575221451573
13.819999999999794,-2.799999999991769,50.0,180.0,41.40874410710089,90.0,102.93125503478944,48.59125589289911,90.0,257.06874496521056
13.839999999999794,-3.599999999991752,-50.0,180.0,41.65720594145801,90.0,102.94265634302037,131.65720594145802,90.0,117.94265634302037
13.839999999999794,5.3582679497790275,-50.0,196.8865585100542,31.068912577735595,90.0,117.75197322530418,121.0689125777356,90.0,117.75197322530418
13.839999999999794,5.3582679497790275,50.0,196.8865585100542,31.068912577735595,90.0,117.75197322530418,58.931087422264405,90.0,242.2480267746958
13.839999999999794,-3.599999999991752,50.0,180.0,41.65720594145801,90.0,102.94265634302037,48.34279405854199,90.0,257.05734365697964
13.859999999999793,-4.399999999991735,-50.0,180.0,41.90409593927032,90.0,102.95690871161028,131.90409593927032,90.0,117.95690871161028
13.859999999999793,6.374239897476892,-50.0,195.41026485553235,31.492010661336167,90.0,116.36955635576182,121.49201066133617,90.0,116.36955635576182
13.859999999999793,6.374239897476892,50.0,195.41026485553235,31.492010661336167,90.0,116.36955635576182,58.50798933866383,90.0,243.6304436442382
13.859999999999793,-4.399999999991735,50.0,180.0,41.90409593927032,90.0,102.95690871161028,48.09590406072968,90.0,257.04309128838975
13.879999999999793,-5.199999999991718,-50.0,180.0,42.149403867807024,90.0,102.97401263077543,132.14940386780702,90.0,117.97401263077543
13.879999999999793,7.289686274205209,-50.0,193.69094211859274,32.04272671276108,90.0,114.78992473285561,122.04272671276108,90.0,114.78992473285561
13.879999999999793,7.289686274205209,50.0,193.69094211859274,32.04272671276108,90.0,114.78992473285561,57.95727328723892,90.0,245.2100752671444
13.879999999999793,-5.199999999991718,50.0,180.0,42.149403867807024,90.0,102.97401263077543,47.850596132192976,90.0,257.0259873692246
13.899999999999793,-5.999999999991701,-50.0,180.0,42.39311946612597,90.0,102.99396869012546,132.39311946612597,90.0,117.99396869012546
13.899999999999793,8.09016994374181,-50.0,191.75570504587057,32.70695208117459,90.0,113.04810487210037,122.70695208117459,90.0,113.04810487210037
13.899999999999793,8.09016994374181,50.0,191.75570504587057,32.70695208117459,90.0,113.04810487210037,57.29304791882541,90.0,246.95189512789963
13.899999999999793,-5.999999999991701,50.0,180.0,42.39311946612597,90.0,102.99396869012546,47.60688053387403,90.0,257.0060313098745
13.919999999999792,-6.799999999991684,-50.0,180.0,42.6352324470175,90.0,103.01677757940104,132.6352324470175,90.0,118.01677757940104
13.919999999999792,8.763066800432341,-50.0,189.6350734820572,33.47013007485077,90.0,111.17989769385152,123.47013007485077,90.0,111.17989769385152
13.919999999999792,8.763066800432341,50.0,189.6350734820572,33.47013007485077,90.0,111.17989769385152,56.52986992514923,90.0,248.8201023061485
13.919999999999792,-6.799999999991684,50.0,180.0,42.6352324470175,90.0,103.01677757940104,47.3647675529825,90.0,256.98322242059896
13.939999999999792,-7.599999999991667,-50.0,180.0,42.875732498869425,90.0,103.04244008933624,132.8757324988694,90.0,118.04244008933624
13.939999999999792,9.297764858877695,-50.0,187.3624910537179,34.31773560497232,90.0,109.22084993501001,124.31773560497231,90.0,109.22084993501001
13.939999999999792,9.297764858877695,50.0,187.3624910537179,34.31773560497232,90.0,109.22084993501001,55.68226439502768,90.0,250.77915006499
13.939999999999792,-7.599999999991667,50.0,180.0,42.875732498869425,90.0,103.04244008933624,47.124267501130575,90.0,256.95755991066375
13.959999999999791,-8.39999999999165,-50.0,180.0,43.11460928745161,90.0,103.07095711264525,133.1146092874516,90.0,118.07095711264525
13.959999999999791,9.68583161128305,-50.0,184.9737977433225,35.23558380598782,90.0,107.20551775928878,125.23558380598783,90.0,107.20551775928878
13.959999999999791,9.68583161128305,50.0,184.9737977433225,35.23558380598782,90.0,107.20551775928878,54.76441619401218,90.0,252.7944822407112
13.959999999999791,-8.39999999999165,50.0,180.0,43.11460928745161,90.0,103.07095711264525,46.88539071254839,90.0,256.92904288735474
13.97999999999979,-9.199999999991633,-50.0,180.0,43.35185245761808,90.0,103.10232964513513,133.35185245761807,90.0,118.10232964513513
13.97999999999979,9.92114701314313,-50.0,182.50666467131217,36.20998733764233,90.0,105.1669820382534,126.20998733764233,90.0,105.1669820382534
13.97999999999979,9.92114701314313,50.0,182.50666467131217,36.20998733764233,90.0,105.1669820382534,53.79001266235767,90.0,254.8330179617466
13.97999999999979,-9.199999999991633,50.0,180.0,43.35185245761808,90.0,103.10232964513513,46.64814754238192,90.0,256.8976703548649
13.99999999999979,-9.999999999991616,-50.0,180.0,43.58745163492553,90.0,103.13655878694449,133.58745163492551,90.0,118.13655878694449
13.99999999999979,10.0,-50.0,180.00000000002635,37.22779139518866,90.0,103.136558786966,127.22779139518866,90.0,103.136558786966
13.99999999999979,10.0,50.0,180.00000000002635,37.22779139518866,90.0,103.136558786966,52.77220860481134,90.0,256.863441213034
13.99999999999979,-9.999999999991616,50.0,180.0,43.58745163492553,90.0,103.13655878694449,46.41254836507447,90.0,256.8634412130555
14.01999999999979,-9.921147013146431,-50.0,182.5066646712599,42.43311260100595,90.0,105.16698203821063,132.43311260100594,90.0,120.16698203821063
14.01999999999979,9.200000000008401,-50.0,180.0,37.50004265694105,90.0,103.10232964513584,127.50004265694105,90.0,103.10232964513584
14.01999999999979,9.200000000008401,50.0,180.0,37.50004265694105,90.0,103.10232964513584,52.49995734305895,90.0,256.89767035486415
14.01999999999979,-9.921147013146431,50.0,182.5066646712599,42.43311260100595,90.0,105.16698203821063,47.56688739899405,90.0,254.83301796178938
14.03999999999979,-9.6858316112896,-50.0,184.9737977432715,41.230496571352916,90.00000000000001,107.20551775924619,131.23049657135292,89.99999999999999,122.20551775924619
14.03999999999979,8.400000000008419,-50.0,180.0,37.77088010090607,90.0,103.07095711264587,127.77088010090607,90.0,103.07095711264587
14.03999999999979,8.400000000008419,50.0,180.0,37.77088010090607,90.0,103.07095711264587,52.22911989909393,90.0,256.9290428873541
14.03999999999979,-9.6858316112896,50.0,184.9737977432715,41.230496571352916,90.00000000000001,107.20551775924619,48.769503428647084,90.00000000000001,252.7944822407538
14.059999999999789,-9.297764858887392,-50.0,187.36249105366892,39.999620331168686,90.00000000000001,109.22084993496821,129.99962033116867,89.99999999999999,124.22084993496821
14.059999999999789,7.600000000008436,-50.0,180.0,38.0402942686054,90.0,103.04244008933681,128.0402942686054,90.0,103.04244008933681
14.059999999999789,7.600000000008436,50.0,180.0,38.0402942686054,90.0,103.04244008933681,51.9597057313946,90.0,256.9575599106632
14.059999999999789,-9.297764858887392,50.0,187.36249105366892,39.999620331168686,90.00000000000001,109.22084993496821,50.000379668831314,90.00000000000001,250.77915006503179
14.079999999999789,-8.763066800445033,-50.0,189.63507348201102,38.76165984778565,90.0,111.17989769381128,128.76165984778567,90.0,126.17989769381128
14.079999999999789,6.800000000008453,-50.0,180.0,38.30827563272491,90.0,103.01677757940156,128.3082756327249,90.0,103.01677757940156
14.079999999999789,6.800000000008453,50.0,180.0,38.30827563272491,90.0,103.01677757940156,51.69172436727509,90.0,256.98322242059845
14.079999999999789,-8.763066800445033,50.0,189.63507348201102,38.76165984778565,90.0,111.17989769381128,51.23834015221435,90.0,248.82010230618872
14.099999999999788,-8.090169943757294,-50.0,191.75570504582794,37.53870254255719,90.0,113.0481048720624,127.53870254255719,90.0,128.0481048720624
14.099999999999788,6.00000000000847,-50.0,180.0,38.574814600132925,90.0,102.99396869012591,128.57481460013292,90.0,102.99396869012591
14.099999999999788,6.00000000000847,50.0,180.0,38.574814600132925,90.0,102.99396869012591,51.425185399867075,90.0,257.00603130987406
14.099999999999788,-8.090169943757294,50.0,191.75570504582794,37.53870254255719,90.0,113.0481048720624,52.46129745744281,90.0,246.9518951279376
14.119999999999788,-7.289686274223241,-50.0,193.69094211855435,36.35342105165811,90.0,114.78992473282068,126.3534210516581,90.0,129.78992473282068
14.119999999999788,5.200000000008487,-50.0,180.0,38.8399015148331,90.0,102.97401263077585,128.83990151483312,90.0,102.97401263077585
14.119999999999788,5.200000000008487,50.0,180.0,38.8399015148331,90.0,102.97401263077585,51.1600984851669,90.0,257.02598736922414
14.119999999999788,-7.289686274223241,50.0,193.69094211855435,36.35342105165811,90.0,114.78992473282068,53.64657894834189,90.0,245.21007526717932
14.139999999999787,-6.3742398974971906,-50.0,195.41026485549875,35.228637191497484,90.0,116.36955635573065,125.22863719149748,90.0,131.36955635573065
14.139999999999787,4.400000000008504,-50.0,180.0,39.10352666085877,90.0,102.9569087116106,129.10352666085876,90.0,102.9569087116106
14.139999999999787,4.400000000008504,50.0,180.0,39.10352666085877,90.0,102.9569087116106,50.89647333914123,90.0,257.0430912883894
14.139999999999787,-6.3742398974971906,50.0,195.41026485549875,35.228637191497484,90.0,116.36955635573065,54.771362808502516,90.0,243.63044364426935
14.159999999999787,-5.358267949801267,-50.0,196.88655851002596,34.18675241067426,90.0,117.75197322527748,124.18675241067426,90.0,132.75197322527748
14.159999999999787,3.600000000008521,-50.0,180.0,39.36568026510758,90.0,102.94265634302063,129.36568026510759,90.0,102.94265634302063
14.159999999999787,3.600000000008521,50.0,180.0,39.36568026510758,90.0,102.94265634302063,50.63431973489242,90.0,257.05734365697936
14.159999999999787,-5.358267949801267,50.0,196.88655851002596,34.18675241067426,90.0,117.75197322527748,55.81324758932574,90.0,242.24802677472252
14.179999999999787,-4.257792915662861,-50.0,198.09654104930897,33.249039765098466,90.0,118.90424778546272,123.24903976509847,90.0,133.9042477854627
14.179999999999787,2.800000000008538,-50.0,180.0,39.62635250011568,90.0,102.93125503478964,129.62635250011567,90.0,102.93125503478964
14.179999999999787,2.800000000008538,50.0,180.0,39.62635250011568,90.0,102.93125503478964,50.37364749988432,90.0,257.0687449652104
14.179999999999787,-4.257792915662861,50.0,198.09654104930897,33.249039765098466,90.0,118.90424778546272,56.750960234901534,90.0,241.0957522145373
14.199999999999786,-3.0901699437622554,-50.0,199.02113032589477,32.434823377181274,90.0,119.79711610919033,122.43482337718127,90.0,134.7971161091903
14.199999999999786,2.000000000008555,-50.0,180.0,39.885533486770036,90.0,102.92270439548044,129.88553348677004,90.0,102.92270439548044
14.199999999999786,2.000000000008555,50.0,180.0,39.885533486770036,90.0,102.92270439548044,50.114466513229964,90.0,257.0772956045196
14.199999999999786,-3.0901699437622554,50.0,199.02113032589477,32.434823377181274,90.0,119.79711610919033,57.565176622818726,90.0,240.2028838908097
14.219999999999786,-1.8738131458704734,-50.0,199.64574501456872,31.760610659472647,90.0,120.40665142719077,121.76061065947265,90.0,135.40665142719075
14.219999999999786,1.200000000008572,-50.0,180.0,40.143213296957605,90.0,102.91700413194417,130.1432132969576,90.0,102.91700413194417
14.219999999999786,1.200000000008572,50.0,180.0,40.143213296957605,90.0,102.91700413194417,49.856786703042395,90.0,257.08299586805583
14.219999999999786,-1.8738131458704734,50.0,199.64574501456872,31.760610659472647,90.0,120.40665142719077,58.23938934052735,90.0,239.59334857280925
14.239999999999785,-0.6279051953066,-50.0,199.96053456856373,31.23928001342537,90.00000000000001,120.71584368328617,121.23928001342537,89.99999999999999,135.71584368328615
14.239999999999785,0.40000000000858904,-50.0,180.0,40.39938195615047,90.0,102.9141540489525,130.39938195615048,90.0,102.9141540489525
14.239999999999785,0.40000000000858904,50.0,180.0,40.39938195615047,90.0,102.9141540489525,49.60061804384953,90.0,257.08584595104753
14.239999999999785,-0.6279051953066,50.0,199.96053456856373,31.23928001342537,90.00000000000001,120.71584368328617,58.76071998657463,90.00000000000001,239.28415631671385
14.259999999999785,0.6279051952796404,-50.0,199.96053456856714,30.87944701483093,90.00000000000001,120.71584368328952,120.87944701483093,89.99999999999999,135.7158436832895
14.259999999999785,-0.3999999999913939,-50.0,180.0,40.654029445925225,90.0,102.91415404895247,130.65402944592523,90.0,102.91415404895247
14.259999999999785,-0.3999999999913939,50.0,180.0,40.654029445925225,90.0,102.91415404895247,49.345970554074775,90.0,257.08584595104753
14.259999999999785,0.6279051952796404,50.0,199.96053456856714,30.87944701483093,90.00000000000001,120.71584368328952,59.12055298516907,90.00000000000001,239.2841563167105
14.279999999999784,1.8738131458439413,-50.0,199.64574501457884,30.685121347374476,90.0,120.40665142720066,120.68512134737448,90.0,135.40665142720064
14.279999999999784,-1.1999999999913769,-50.0,180.0,40.90714570641569,90.0,102.91700413194408,130.9071457064157,90.0,102.91700413194408
14.279999999999784,-1.1999999999913769,50.0,180.0,40.90714570641569,90.0,102.91700413194408,49.09285429358431,90.0,257.08299586805595
14.279999999999784,1.8738131458439413,50.0,199.64574501457884,30.685121347374476,90.0,120.40665142720066,59.314878652625524,90.0,239.59334857279936
14.299999999999784,3.0901699437365666,-50.0,199.02113032591146,30.65572113492789,90.0,119.79711610920656,120.65572113492789,90.0,134.79711610920657
14.299999999999784,-1.9999999999913598,-50.0,180.0,41.158720638697055,90.0,102.9227043954803,131.15872063869705,90.0,102.9227043954803
14.299999999999784,-1.9999999999913598,50.0,180.0,41.158720638697055,90.0,102.9227043954803,48.841279361302945,90.0,257.0772956045197
14.299999999999784,3.0901699437365666,50.0,199.02113032591146,30.65572113492789,90.0,119.79711610920656,59.34427886507211,90.0,240.20288389079343
14.319999999999784,4.2577929156384196,-50.0,198.09654104933196,30.78644242053204,90.0,118.90424778548478,120.78644242053204,90.0,133.90424778548478
14.319999999999784,-2.7999999999913427,-50.0,180.0,41.40874410710075,90.0,102.93125503478944,131.40874410710074,90.0,102.93125503478944
14.319999999999784,-2.7999999999913427,50.0,180.0,41.40874410710075,90.0,102.93125503478944,48.59125589289925,90.0,257.06874496521056
14.319999999999784,4.2577929156384196,50.0,198.09654104933196,30.78644242053204,90.0,118.90424778548478,59.21355757946796,90.0,241.09575221451522
14.339999999999783,5.358267949778462,-50.0,196.8865585100549,31.068912577735418,90.0,117.75197322530484,121.06891257773542,90.0,132.75197322530482
14.339999999999783,-3.5999999999913257,-50.0,180.0,41.65720594145787,90.0,102.94265634302037,131.65720594145787,90.0,102.94265634302037
14.339999999999783,-3.5999999999913257,50.0,180.0,41.65720594145787,90.0,102.94265634302037,48.34279405854213,90.0,257.05734365697964
14.339999999999783,5.358267949778462,50.0,196.8865585100549,31.068912577735418,90.0,117.75197322530484,58.93108742226458,90.0,242.24802677469518
14.359999999999783,6.374239897476378,-50.0,195.4102648555332,31.49201066133591,90.0,116.36955635576261,121.49201066133591,90.0,131.3695563557626
14.359999999999783,-4.399999999991309,-50.0,180.0,41.904095939270185,90.0,102.95690871161025,131.90409593927018,90.0,102.95690871161025
14.359999999999783,-4.399999999991309,50.0,180.0,41.904095939270185,90.0,102.95690871161025,48.095904060729815,90.0,257.04309128838975
14.359999999999783,6.374239897476378,50.0,195.4102648555332,31.49201066133591,90.0,116.36955635576261,58.50798933866409,90.0,243.6304436442374
14.379999999999782,7.289686274204749,-50.0,193.6909421185937,32.04272671276077,90.0,114.78992473285648,122.04272671276077,90.0,129.7899247328565
14.379999999999782,-5.199999999991292,-50.0,180.0,42.14940386780689,90.0,102.97401263077543,132.14940386780688,90.0,102.97401263077543
14.379999999999782,-5.199999999991292,50.0,180.0,42.14940386780689,90.0,102.97401263077543,47.85059613219311,90.0,257.0259873692246
14.379999999999782,7.289686274204749,50.0,193.6909421185937,32.04272671276077,90.0,114.78992473285648,57.95727328723923,90.0,245.2100752671435
14.399999999999782,8.090169943741419,-50.0,191.75570504587165,32.70695208117422,90.00000000000001,113.04810487210133,122.70695208117422,89.99999999999999,128.04810487210133
14.399999999999782,-5.9999999999912745,-50.0,180.0,42.39311946612584,90.0,102.99396869012546,132.39311946612582,90.0,102.99396869012546
14.399999999999782,-5.9999999999912745,50.0,180.0,42.39311946612584,90.0,102.99396869012546,47.60688053387416,90.0,257.0060313098745
14.399999999999782,8.090169943741419,50.0,191.75570504587165,32.70695208117422,90.00000000000001,113.04810487210133,57.29304791882578,90.00000000000001,246.95189512789867
14.419999999999781,8.76306680043202,-50.0,189.63507348205837,33.470130074850346,90.0,111.17989769385255,123.47013007485035,90.0,126.17989769385255
14.419999999999781,-6.7999999999912575,-50.0,180.0,42.63523244701737,90.0,103.01677757940104,132.63523244701736,90.0,103.01677757940104
14.419999999999781,-6.7999999999912575,50.0,180.0,42.63523244701737,90.0,103.01677757940104,47.36476755298263,90.0,256.98322242059896
14.419999999999781,8.76306680043202,50.0,189.63507348205837,33.470130074850346,90.0,111.17989769385255,56.529869925149654,90.0,248.82010230614745
14.439999999999781,9.297764858877448,-50.0,187.36249105371914,34.31773560497184,90.0,109.2208499350111,124.31773560497183,90.0,124.2208499350111
14.439999999999781,-7.59999999999124,-50.0,180.0,42.8757324988693,90.0,103.04244008933621,132.8757324988693,90.0,103.04244008933621
14.439999999999781,-7.59999999999124,50.0,180.0,42.8757324988693,90.0,103.04244008933621,47.1242675011307,90.0,256.9575599106638
14.439999999999781,9.297764858877448,50.0,187.36249105371914,34.31773560497184,90.0,109.2208499350111,55.68226439502816,90.0,250.7791500649889
14.45999999999978,9.685831611282882,-50.0,184.97379774332381,35.23558380598731,90.0,107.20551775928988,125.23558380598732,90.0,122.20551775928988
14.45999999999978,-8.399999999991223,-50.0,180.0,43.11460928745147,90.0,103.07095711264525,133.11460928745146,90.0,103.07095711264525
14.45999999999978,-8.399999999991223,50.0,180.0,43.11460928745147,90.0,103.07095711264525,46.88539071254853,90.0,256.92904288735474
14.45999999999978,9.685831611282882,50.0,184.97379774332381,35.23558380598731,90.0,107.20551775928988,54.76441619401269,90.0,252.79448224071012
14.47999999999978,9.921147013143047,-50.0,182.5066646713135,36.209987337641806,90.00000000000001,105.16698203825446,126.2099873376418,89.99999999999999,120.16698203825446
14.47999999999978,-9.199999999991206,-50.0,180.0,43.351852457617944,90.0,103.10232964513513,133.35185245761795,90.0,103.10232964513513
14.47999999999978,-9.199999999991206,50.0,180.0,43.351852457617944,90.0,103.10232964513513,46.648147542382056,90.0,256.8976703548649
14.47999999999978,9.921147013143047,50.0,182.5066646713135,36.209987337641806,90.00000000000001,105.16698203825446,53.790012662358194,90.00000000000001,254.83301796174555
14.49999999999978,10.0,-50.0,180.00000000002768,37.22779139518812,90.00000000000001,103.13655878696707,127.22779139518812,89.99999999999999,118.13655878696707
14.49999999999978,-9.99999999999119,-50.0,180.0,43.587451634925415,90.0,103.13655878694446,133.5874516349254,90.0,103.13655878694446
14.49999999999978,-9.99999999999119,50.0,180.0,43.587451634925415,90.0,103.13655878694446,46.412548365074585,90.0,256.8634412130555
14.49999999999978,10.0,50.0,180.00000000002768,37.22779139518812,90.00000000000001,103.13655878696707,52.77220860481188,90.00000000000001,256.86344121303296
14.51999999999978,9.200000000008828,-50.0,180.0,37.50004265694091,90.0,103.10232964513584,127.5000426569409,90.0,118.10232964513584
14.51999999999978,-9.921147013146516,-50.0,182.50666467125856,42.433112601006584,90.0,105.16698203820954,132.4331126010066,90.0,105.16698203820954
14.51999999999978,-9.921147013146516,50.0,182.50666467125856,42.433112601006584,90.0,105.16698203820954,47.566887398993416,90.0,254.83301796179046
14.51999999999978,9.200000000008828,50.0,180.0,37.50004265694091,90.0,103.10232964513584,52.49995734305909,90.0,256.89767035486415
14.539999999999779,8.400000000008845,-50.0,180.0,37.770880100905934,90.0,103.07095711264587,127.77088010090594,90.0,118.07095711264587
14.539999999999779,-9.685831611289768,-50.0,184.97379774327018,41.23049657135356,90.00000000000001,107.2055177592451,131.23049657135357,89.99999999999999,107.2055177592451
14.539999999999779,-9.685831611289768,50.0,184.97379774327018,41.23049657135356,90.00000000000001,107.2055177592451,48.76950342864644,90.00000000000001,252.79448224075492
14.539999999999779,8.400000000008845,50.0,180.0,37.770880100905934,90.0,103.07095711264587,52.229119899094066,90.0,256.9290428873541
14.559999999999778,7.600000000008862,-50.0,180.0,38.040294268605265,90.0,103.04244008933681,128.04029426860527,90.0,118.04244008933681
14.559999999999778,-9.29776485888764,-50.0,187.36249105366767,39.99962033116932,90.0,109.2208499349672,129.99962033116933,90.0,109.2208499349672
14.559999999999778,-9.29776485888764,50.0,187.36249105366767,39.99962033116932,90.0,109.2208499349672,50.00037966883068,90.0,250.7791500650328
14.559999999999778,7.600000000008862,50.0,180.0,38.040294268605265,90.0,103.04244008933681,51.959705731394735,90.0,256.9575599106632
14.579999999999778,6.800000000008879,-50.0,180.0,38.308275632724765,90.0,103.01677757940159,128.30827563272476,90.0,118.01677757940159
14.579999999999778,-8.763066800445355,-50.0,189.63507348200986,38.7616598477863,90.0,111.17989769381029,128.7616598477863,90.0,111.17989769381029
14.579999999999778,-8.763066800445355,50.0,189.63507348200986,38.7616598477863,90.0,111.17989769381029,51.2383401522137,90.0,248.8201023061897
14.579999999999778,6.800000000008879,50.0,180.0,38.308275632724765,90.0,103.01677757940159,51.691724367275235,90.0,256.9832224205984
14.599999999999778,6.000000000008896,-50.0,180.0,38.57481460013279,90.0,102.99396869012591,128.57481460013278,90.0,117.99396869012591
14.599999999999778,-8.090169943757688,-50.0,191.75570504582686,37.53870254255783,90.0,113.04810487206146,127.53870254255783,90.0,113.04810487206146
14.599999999999778,-8.090169943757688,50.0,191.75570504582686,37.53870254255783,90.0,113.04810487206146,52.46129745744217,90.0,246.95189512793854
14.599999999999778,6.000000000008896,50.0,180.0,38.57481460013279,90.0,102.99396869012591,51.42518539986721,90.0,257.00603130987406
14.619999999999777,5.200000000008913,-50.0,180.0,38.83990151483297,90.0,102.97401263077585,128.83990151483297,90.0,117.97401263077585
14.619999999999777,-7.289686274223699,-50.0,193.69094211855335,36.35342105165873,90.0,114.78992473281976,126.35342105165873,90.0,114.78992473281976
14.619999999999777,-7.289686274223699,50.0,193.69094211855335,36.35342105165873,90.0,114.78992473281976,53.64657894834127,90.0,245.21007526718023
14.619999999999777,5.200000000008913,50.0,180.0,38.83990151483297,90.0,102.97401263077585,51.16009848516703,90.0,257.02598736922414
14.639999999999777,4.40000000000893,-50.0,180.0,39.103526660858634,90.0,102.9569087116106,129.10352666085862,90.0,117.9569087116106
14.639999999999777,-6.374239897497706,-50.0,195.4102648554979,35.22863719149808,90.0,116.36955635572984,125.22863719149808,90.0,116.36955635572984
14.639999999999777,-6.374239897497706,50.0,195.4102648554979,35.22863719149808,90.0,116.36955635572984,54.77136280850192,90.0,243.63044364427014
14.639999999999777,4.40000000000893,50.0,180.0,39.103526660858634,90.0,102.9569087116106,50.896473339141366,90.0,257.0430912883894
14.659999999999776,3.600000000008947,-50.0,180.0,39.365680265107436,90.0,102.94265634302063,129.36568026510744,90.0,117.94265634302063
14.659999999999776,-5.358267949801832,-50.0,196.88655851002522,34.18675241067479,90.0,117.7519732252768,124.18675241067479,90.0,117.7519732252768
14.659999999999776,-5.358267949801832,50.0,196.88655851002522,34.18675241067479,90.0,117.7519732252768,55.81324758932521,90.0,242.2480267747232
14.659999999999776,3.600000000008947,50.0,180.0,39.365680265107436,90.0,102.94265634302063,50.634319734892564,90.0,257.05734365697936
14.679999999999776,2.800000000008964,-50.0,180.0,39.626352500115544,90.0,102.93125503478964,129.62635250011556,90.0,117.93125503478964
14.679999999999776,-4.257792915663468,-50.0,198.0965410493084,33.24903976509894,90.0,118.90424778546216,123.24903976509894,90.0,118.90424778546216
14.679999999999776,-4.257792915663468,50.0,198.0965410493084,33.24903976509894,90.0,118.90424778546216,56.75096023490106,90.0,241.09575221453784
14.679999999999776,2.800000000008964,50.0,180.0,39.626352500115544,90.0,102.93125503478964,50.373647499884456,90.0,257.0687449652104
14.699999999999775,2.0000000000089813,-50.0,180.0,39.88553348676988,90.0,102.92270439548047,129.88553348676987,90.0,117.92270439548047
14.699999999999775,-3.0901699437628927,-50.0,199.02113032589435,32.43482337718169,90.00000000000001,119.79711610918989,122.43482337718169,89.99999999999999,119.79711610918989
14.699999999999775,-3.0901699437628927,50.0,199.02113032589435,32.43482337718169,90.00000000000001,119.79711610918989,57.56517662281831,90.00000000000001,240.2028838908101
14.699999999999775,2.0000000000089813,50.0,180.0,39.88553348676988,90.0,102.92270439548047,50.11446651323012,90.0,257.0772956045195
14.719999999999775,1.2000000000089983,-50.0,180.0,40.14321329695747,90.0,102.91700413194417,130.14321329695747,90.0,117.91700413194417
14.719999999999775,-1.8738131458711302,-50.0,199.6457450145685,31.76061065947295,90.0,120.40665142719054,121.76061065947295,90.0,120.40665142719054
14.719999999999775,-1.8738131458711302,50.0,199.6457450145685,31.76061065947295,90.0,120.40665142719054,58.239389340527055,90.0,239.59334857280948
14.719999999999775,1.2000000000089983,50.0,180.0,40.14321329695747,90.0,102.91700413194417,49.85678670304253,90.0,257.08299586805583
14.739999999999775,0.40000000000901537,-50.0,180.0,40.399381956150336,90.0,102.9141540489525,130.39938195615034,90.0,117.9141540489525
14.739999999999775,-0.627905195307267,-50.0,199.96053456856365,31.23928001342561,90.0,120.71584368328607,121.23928001342561,90.0,120.71584368328607
14.739999999999775,-0.627905195307267,50.0,199.96053456856365,31.23928001342561,90.0,120.71584368328607,58.76071998657439,90.0,239.28415631671393
14.739999999999775,0.40000000000901537,50.0,180.0,40.399381956150336,90.0,102.9141540489525,49.600618043849664,90.0,257.08584595104753
14.759999999999774,-0.3999999999909676,-50.0,180.0,40.6540294459251,90.0,102.91415404895247,130.6540294459251,90.0,117.91415404895247
14.759999999999774,0.6279051952789734,-50.0,199.9605345685672,30.879447014831086,90.0,120.71584368328958,120.87944701483109,90.0,120.71584368328958
14.759999999999774,0.6279051952789734,50.0,199.9605345685672,30.879447014831086,90.0,120.71584368328958,59.12055298516891,90.0,239.28415631671044
14.759999999999774,-0.3999999999909676,50.0,180.0,40.6540294459251,90.0,102.91415404895247,49.3459705540749,90.0,257.08584595104753
14.779999999999774,-1.1999999999909505,-50.0,180.0,40.90714570641555,90.0,102.91700413194408,130.90714570641555,90.0,117.91700413194408
14.779999999999774,1.8738131458432825,-50.0,199.6457450145791,30.68512134737453,90.0,120.40665142720091,120.68512134737453,90.0,120.40665142720091
14.779999999999774,1.8738131458432825,50.0,199.6457450145791,30.68512134737453,90.0,120.40665142720091,59.31487865262547,90.0,239.59334857279907
14.779999999999774,-1.1999999999909505,50.0,180.0,40.90714570641555,90.0,102.91700413194408,49.09285429358445,90.0,257.08299586805595
14.799999999999773,-1.9999999999909335,-50.0,180.0,41.15872063869692,90.0,102.9227043954803,131.15872063869693,90.0,117.9227043954803
14.799999999999773,3.090169943735929,-50.0,199.02113032591188,30.65572113492786,90.0,119.79711610920697,120.65572113492786,90.0,119.79711610920697
14.799999999999773,3.090169943735929,50.0,199.02113032591188,30.65572113492786,90.0,119.79711610920697,59.34427886507214,90.0,240.20288389079303
14.799999999999773,-1.9999999999909335,50.0,180.0,41.15872063869692,90.0,102.9227043954803,48.84127936130308,90.0,257.0772956045197
14.819999999999773,-2.7999999999909164,-50.0,180.0,41.408744107100624,90.0,102.93125503478942,131.40874410710063,90.0,117.93125503478942
14.819999999999773,4.2577929156378165,-50.0,198.09654104933253,30.786442420531923,90.0,118.90424778548534,120.78644242053193,90.0,118.90424778548534
14.819999999999773,4.2577929156378165,50.0,198.09654104933253,30.786442420531923,90.0,118.90424778548534,59.21355757946807,90.0,241.09575221451468
14.819999999999773,-2.7999999999909164,50.0,180.0,41.408744107100624,90.0,102.93125503478942,48.591255892899376,90.0,257.0687449652106
14.839999999999772,-3.5999999999908994,-50.0,180.0,41.657205941457754,90.0,102.94265634302035,131.65720594145776,90.0,117.94265634302035
14.839999999999772,5.358267949777895,-50.0,196.88655851005564,31.06891257773521,90.0,117.75197322530555,121.0689125777352,90.0,117.75197322530555
14.839999999999772,5.358267949777895,50.0,196.88655851005564,31.06891257773521,90.0,117.75197322530555,58.93108742226479,90.0,242.24802677469444
14.839999999999772,-3.5999999999908994,50.0,180.0,41.657205941457754,90.0,102.94265634302035,48.342794058542246,90.0,257.05734365697964
14.859999999999772,-4.399999999990882,-50.0,180.0,41.90409593927005,90.0,102.95690871161025,131.90409593927006,90.0,117.95690871161025
14.859999999999772,6.374239897475862,-50.0,195.41026485553405,31.492010661335634,90.0,116.36955635576342,121.49201066133563,90.0,116.36955635576342
14.859999999999772,6.374239897475862,50.0,195.41026485553405,31.492010661335634,90.0,116.36955635576342,58.507989338664366,90.0,243.63044364423658
14.859999999999772,-4.399999999990882,50.0,180.0,41.90409593927005,90.0,102.95690871161025,48.09590406072995,90.0,257.04309128838975
14.879999999999772,-5.199999999990865,-50.0,180.0,42.149403867806754,90.0,102.97401263077543,132.14940386780677,90.0,117.97401263077543
14.879999999999772,7.289686274204291,-50.0,193.6909421185947,32.04272671276043,90.0,114.7899247328574,122.04272671276043,90.0,114.7899247328574
14.879999999999772,7.289686274204291,50.0,193.6909421185947,32.04272671276043,90.0,114.7899247328574,57.95727328723957,90.0,245.2100752671426
14.879999999999772,-5.199999999990865,50.0,180.0,42.149403867806754,90.0,102.97401263077543,47.850596132193246,90.0,257.0259873692246
14.899999999999771,-5.999999999990848,-50.0,180.0,42.39311946612571,90.0,102.99396869012544,132.3931194661257,90.0,117.99396869012544
14.899999999999771,8.090169943741024,-50.0,191.75570504587273,32.70695208117384,90.0,113.04810487210229,122.70695208117384,90.0,113.04810487210229
14.899999999999771,8.090169943741024,50.0,191.75570504587273,32.70695208117384,90.0,113.04810487210229,57.29304791882616,90.0,246.95189512789773
14.899999999999771,-5.999999999990848,50.0,180.0,42.39311946612571,90.0,102.99396869012544,47.60688053387429,90.0,257.0060313098746
14.91999999999977,-6.799999999990831,-50.0,180.0,42.63523244701724,90.0,103.01677757940102,132.63523244701724,90.0,118.01677757940102
14.91999999999977,8.763066800431696,-50.0,189.63507348205957,33.47013007484992,90.0,111.17989769385356,123.47013007484992,90.0,111.17989769385356
14.91999999999977,8.763066800431696,50.0,189.63507348205957,33.47013007484992,90.0,111.17989769385356,56.52986992515008,90.0,248.82010230614645
14.91999999999977,-6.799999999990831,50.0,180.0,42.63523244701724,90.0,103.01677757940102,47.36476755298276,90.0,256.98322242059896
14.93999999999977,-7.599999999990814,-50.0,180.0,42.87573249886918,90.0,103.0424400893362,132.87573249886918,90.0,118.0424400893362
14.93999999999977,9.297764858877201,-50.0,187.3624910537204,34.317735604971375,90.0,109.22084993501215,124.31773560497138,90.0,109.22084993501215
14.93999999999977,9.297764858877201,50.0,187.3624910537204,34.317735604971375,90.0,109.22084993501215,55.682264395028625,90.0,250.77915006498785
14.93999999999977,-7.599999999990814,50.0,180.0,42.87573249886918,90.0,103.0424400893362,47.12426750113082,90.0,256.9575599106638
14.95999999999977,-8.399999999990797,-50.0,180.0,43.114609287451344,90.0,103.07095711264522,133.11460928745134,90.0,118.07095711264522
14.95999999999977,9.685831611282715,-50.0,184.9737977433251,35.23558380598681,90.0,107.20551775929097,125.2355838059868,90.0,107.20551775929097
14.95999999999977,9.685831611282715,50.0,184.9737977433251,35.23558380598681,90.0,107.20551775929097,54.76441619401319,90.0,252.79448224070904
14.95999999999977,-8.399999999990797,50.0,180.0,43.114609287451344,90.0,103.07095711264522,46.885390712548656,90.0,256.9290428873548
14.97999999999977,-9.19999999999078,-50.0,180.0,43.35185245761782,90.0,103.10232964513511,133.3518524576178,90.0,118.10232964513511
14.97999999999977,9.921147013142962,-50.0,182.50666467131484,36.209987337641266,90.0,105.16698203825557,126.20998733764127,90.0,105.16698203825557
14.97999999999977,9.921147013142962,50.0,182.50666467131484,36.209987337641266,90.0,105.16698203825557,53.790012662358734,90.0,254.83301796174442
14.97999999999977,-9.19999999999078,50.0,180.0,43.35185245761782,90.0,103.10232964513511,46.64814754238218,90.0,256.8976703548649
14.999999999999769,-9.999999999990763,-50.0,180.0,43.587451634925294,90.0,103.13655878694445,133.5874516349253,90.0,118.13655878694445
14.999999999999769,10.0,-50.0,180.00000000002902,37.227791395187566,90.0,103.13655878696815,127.22779139518757,90.0,103.13655878696815
14.999999999999769,10.0,50.0,180.00000000002902,37.227791395187566,90.0,103.13655878696815,52.772208604812434,90.0,256.8634412130318
14.999999999999769,-9.999999999990763,50.0,180.0,43.587451634925294,90.0,103.13655878694445,46.412548365074706,90.0,256.8634412130556
15.019999999999769,-9.921147013146602,-50.0,182.50666467125725,42.43311260100721,90.0,105.16698203820846,132.43311260100722,90.0,120.16698203820846
15.019999999999769,9.200000000009254,-50.0,180.0,37.500042656940764,90.0,103.10232964513585,127.50004265694076,90.0,103.10232964513585
15.019999999999769,9.200000000009254,50.0,180.0,37.500042656940764,90.0,103.10232964513585,52.499957343059236,90.0,256.89767035486415
15.019999999999769,-9.921147013146602,50.0,182.50666467125725,42.43311260100721,90.0,105.16698203820846,47.56688739899279,90.0,254.83301796179154
15.039999999999768,-9.685831611289933,-50.0,184.97379774326888,41.23049657135422,90.00000000000001,107.205517759244,131.23049657135422,89.99999999999999,122.205517759244
15.039999999999768,8.400000000009271,-50.0,180.0,37.770880100905785,90.0,103.0709571126459,127.77088010090579,90.0,103.0709571126459
15.039999999999768,8.400000000009271,50.0,180.0,37.770880100905785,90.0,103.0709571126459,52.229119899094215,90.0,256.9290428873541
15.039999999999768,-9.685831611289933,50.0,184.97379774326888,41.23049657135422,90.00000000000001,107.205517759244,48.76950342864578,90.00000000000001,252.794482240756
15.059999999999768,-9.297764858887884,-50.0,187.36249105366642,39.999620331169986,90.0,109.22084993496613,129.99962033116998,90.0,124.22084993496613
15.059999999999768,7.600000000009288,-50.0,180.0,38.040294268605116,90.0,103.04244008933682,128.04029426860512,90.0,103.04244008933682
15.059999999999768,7.600000000009288,50.0,180.0,38.040294268605116,90.0,103.04244008933682,51.959705731394884,90.0,256.9575599106632
15.059999999999768,-9.297764858887884,50.0,187.36249105366642,39.999620331169986,90.0,109.22084993496613,50.000379668830014,90.0,250.7791500650339
15.079999999999767,-8.763066800445678,-50.0,189.6350734820087,38.76165984778698,90.0,111.17989769380922,128.76165984778697,90.0,126.17989769380922
15.079999999999767,6.800000000009305,-50.0,180.0,38.30827563272462,90.0,103.01677757940159,128.30827563272462,90.0,103.01677757940159
15.079999999999767,6.800000000009305,50.0,180.0,38.30827563272462,90.0,103.01677757940159,51.69172436727538,90.0,256.9832224205984
15.079999999999767,-8.763066800445678,50.0,189.6350734820087,38.76165984778698,90.0,111.17989769380922,51.23834015221302,90.0,248.8201023061908
15.099999999999767,-8.090169943758083,-50.0,191.75570504582578,37.53870254255848,90.00000000000001,113.04810487206048,127.53870254255848,89.99999999999999,128.0481048720605
15.099999999999767,6.000000000009322,-50.0,180.0,38.57481460013263,90.0,102.99396869012594,128.57481460013264,90.0,102.99396869012594
15.099999999999767,6.000000000009322,50.0,180.0,38.57481460013263,90.0,102.99396869012594,51.42518539986737,90.0,257.00603130987406
15.099999999999767,-8.090169943758083,50.0,191.75570504582578,37.53870254255848,90.00000000000001,113.04810487206048,52.46129745744152,90.00000000000001,246.9518951279395
15.119999999999767,-7.289686274224158,-50.0,193.69094211855239,36.35342105165934,90.0,114.7899247328189,126.35342105165934,90.0,129.78992473281892
15.119999999999767,5.200000000009339,-50.0,180.0,38.83990151483283,90.0,102.97401263077585,128.83990151483283,90.0,102.97401263077585
15.119999999999767,5.200000000009339,50.0,180.0,38.83990151483283,90.0,102.97401263077585,51.16009848516717,90.0,257.02598736922414
15.119999999999767,-7.289686274224158,50.0,193.69094211855239,36.35342105165934,90.0,114.7899247328189,53.64657894834066,90.0,245.21007526718108
15.139999999999766,-6.374239897498222,-50.0,195.41026485549705,35.22863719149864,90.0,116.36955635572907,125.22863719149865,90.0,131.36955635572906
15.139999999999766,4.400000000009356,-50.0,180.0,39.10352666085848,90.0,102.95690871161062,129.10352666085848,90.0,102.95690871161062
15.139999999999766,4.400000000009356,50.0,180.0,39.10352666085848,90.0,102.95690871161062,50.89647333914152,90.0,257.0430912883894
15.139999999999766,-6.374239897498222,50.0,195.41026485549705,35.22863719149864,90.0,116.36955635572907,54.77136280850136,90.0,243.63044364427094
15.159999999999766,-5.358267949802398,-50.0,196.8865585100245,34.186752410675304,90.0,117.75197322527613,124.1867524106753,90.0,132.75197322527612
15.159999999999766,3.6000000000093735,-50.0,180.0,39.36568026510729,90.0,102.94265634302066,129.3656802651073,90.0,102.94265634302066
15.159999999999766,3.6000000000093735,50.0,180.0,39.36568026510729,90.0,102.94265634302066,50.63431973489271,90.0,257.05734365697936
15.159999999999766,-5.358267949802398,50.0,196.8865585100245,34.186752410675304,90.0,117.75197322527613,55.813247589324696,90.0,242.24802677472388
15.179999999999765,-4.257792915664073,-50.0,198.09654104930783,33.249039765099425,90.00000000000001,118.90424778546159,123.24903976509943,89.99999999999999,133.9042477854616
15.179999999999765,2.8000000000093905,-50.0,180.0,39.62635250011541,90.0,102.93125503478964,129.62635250011542,90.0,102.93125503478964
15.179999999999765,2.8000000000093905,50.0,180.0,39.62635250011541,90.0,102.93125503478964,50.37364749988459,90.0,257.0687449652104
15.179999999999765,-4.257792915664073,50.0,198.09654104930783,33.249039765099425,90.00000000000001,118.90424778546159,56.750960234900575,90.00000000000001,241.0957522145384
15.199999999999765,-3.090169943763528,-50.0,199.02113032589395,32.43482337718206,90.0,119.79711610918953,122.43482337718206,90.0,134.79711610918952
15.199999999999765,2.0000000000094076,-50.0,180.0,39.885533486769745,90.0,102.92270439548047,129.88553348676976,90.0,102.92270439548047
15.199999999999765,2.0000000000094076,50.0,180.0,39.885533486769745,90.0,102.92270439548047,50.114466513230255,90.0,257.0772956045195
15.199999999999765,-3.090169943763528,50.0,199.02113032589395,32.43482337718206,90.0,119.79711610918953,57.56517662281794,90.0,240.20288389081048
15.219999999999764,-1.8738131458717888,-50.0,199.64574501456823,31.760610659473258,90.0,120.4066514271903,121.76061065947326,90.0,135.4066514271903
15.219999999999764,1.2000000000094246,-50.0,180.0,40.14321329695731,90.0,102.9170041319442,130.1432132969573,90.0,102.9170041319442
15.219999999999764,1.2000000000094246,50.0,180.0,40.14321329695731,90.0,102.9170041319442,49.85678670304269,90.0,257.08299586805583
15.219999999999764,-1.8738131458717888,50.0,199.64574501456823,31.760610659473258,90.0,120.4066514271903,58.23938934052674,90.0,239.5933485728097
15.239999999999764,-0.6279051953079363,-50.0,199.96053456856356,31.239280013425848,90.00000000000001,120.715843683286,121.23928001342586,89.99999999999999,135.71584368328598
15.239999999999764,0.4000000000094417,-50.0,180.0,40.399381956150194,90.0,102.9141540489525,130.3993819561502,90.0,102.9141540489525
15.239999999999764,0.4000000000094417,50.0,180.0,40.399381956150194,90.0,102.9141540489525,49.600618043849806,90.0,257.08584595104753
15.239999999999764,-0.6279051953079363,50.0,199.96053456856356,31.239280013425848,90.00000000000001,120.715843683286,58.76071998657415,90.00000000000001,239.28415631671402
15.259999999999764,0.6279051952783041,-50.0,199.9605345685673,30.87944701483123,90.00000000000001,120.71584368328968,120.87944701483123,89.99999999999999,135.71584368328968
15.259999999999764,-0.39999999999054126,-50.0,180.0,40.65402944592496,90.0,102.91415404895247,130.65402944592495,90.0,102.91415404895247
15.259999999999764,-0.39999999999054126,50.0,180.0,40.65402944592496,90.0,102.91415404895247,49.34597055407504,90.0,257.08584595104753
15.259999999999764,0.6279051952783041,50.0,199.9605345685673,30.87944701483123,90.00000000000001,120.71584368328968,59.12055298516877,90.00000000000001,239.28415631671032
15.279999999999763,1.873813145842624,-50.0,199.64574501457935,30.685121347374587,90.00000000000001,120.40665142720117,120.68512134737459,89.99999999999999,135.40665142720115
15.279999999999763,-1.1999999999905242,-50.0,180.0,40.90714570641541,90.0,102.91700413194408,130.9071457064154,90.0,102.91700413194408
15.279999999999763,-1.1999999999905242,50.0,180.0,40.90714570641541,90.0,102.91700413194408,49.09285429358459,90.0,257.08299586805595
15.279999999999763,1.873813145842624,50.0,199.64574501457935,30.685121347374587,90.00000000000001,120.40665142720117,59.31487865262541,90.00000000000001,239.59334857279885
15.299999999999763,3.090169943735293,-50.0,199.02113032591228,30.65572113492785,90.0,119.79711610920732,120.65572113492784,90.0,134.7971161092073
15.299999999999763,-1.9999999999905071,-50.0,180.0,41.158720638696785,90.0,102.9227043954803,131.1587206386968,90.0,102.9227043954803
15.299999999999763,-1.9999999999905071,50.0,180.0,41.158720638696785,90.0,102.9227043954803,48.841279361303215,90.0,257.0772956045197
15.299999999999763,3.090169943735293,50.0,199.02113032591228,30.65572113492785,90.0,119.79711610920732,59.344278865072155,90.0,240.2028838907927
15.319999999999762,4.25779291563721,-50.0,198.0965410493331,30.78644242053181,90.0,118.9042477854859,120.78644242053181,90.0,133.9042477854859
15.319999999999762,-2.79999999999049,-50.0,180.0,41.408744107100496,90.0,102.93125503478942,131.4087441071005,90.0,102.93125503478942
15.319999999999762,-2.79999999999049,50.0,180.0,41.408744107100496,90.0,102.93125503478942,48.591255892899504,90.0,257.0687449652106
15.319999999999762,4.25779291563721,50.0,198.0965410493331,30.78644242053181,90.0,118.9042477854859,59.21355757946819,90.0,241.0957522145141
15.339999999999762,5.3582679497773285,-50.0,196.88655851005635,31.068912577735027,90.00000000000001,117.75197322530622,121.06891257773503,89.99999999999999,132.75197322530622
15.339999999999762,-3.599999999990473,-50.0,180.0,41.65720594145762,90.0,102.94265634302035,131.65720594145762,90.0,102.94265634302035
15.339999999999762,-3.599999999990473,50.0,180.0,41.65720594145762,90.0,102.94265634302035,48.34279405854238,90.0,257.05734365697964
15.339999999999762,5.3582679497773285,50.0,196.88655851005635,31.068912577735027,90.00000000000001,117.75197322530622,58.93108742226497,90.00000000000001,242.24802677469378
15.359999999999761,6.374239897475346,-50.0,195.4102648555349,31.49201066133539,90.00000000000001,116.36955635576419,121.49201066133539,89.99999999999999,131.3695563557642
15.359999999999761,-4.399999999990456,-50.0,180.0,41.904095939269915,90.0,102.95690871161025,131.90409593926992,90.0,102.95690871161025
15.359999999999761,-4.399999999990456,50.0,180.0,41.904095939269915,90.0,102.95690871161025,48.095904060730085,90.0,257.04309128838975
15.359999999999761,6.374239897475346,50.0,195.4102648555349,31.49201066133539,90.00000000000001,116.36955635576419,58.507989338664615,90.00000000000001,243.6304436442358
15.379999999999761,7.289686274203834,-50.0,193.69094211859567,32.04272671276011,90.0,114.78992473285825,122.0427267127601,90.0,129.78992473285825
15.379999999999761,-5.199999999990439,-50.0,180.0,42.14940386780663,90.0,102.9740126307754,132.14940386780663,90.0,102.9740126307754
15.379999999999761,-5.199999999990439,50.0,180.0,42.14940386780663,90.0,102.9740126307754,47.85059613219337,90.0,257.0259873692246
15.379999999999761,7.289686274203834,50.0,193.69094211859567,32.04272671276011,90.0,114.78992473285825,57.95727328723989,90.0,245.21007526714175
15.39999999999976,8.09016994374063,-50.0,191.7557050458738,32.706952081173455,90.0,113.04810487210325,122.70695208117345,90.0,128.04810487210324
15.39999999999976,-5.999999999990422,-50.0,180.0,42.393119466125576,90.0,102.99396869012544,132.39311946612557,90.0,102.99396869012544
15.39999999999976,-5.999999999990422,50.0,180.0,42.393119466125576,90.0,102.99396869012544,47.606880533874424,90.0,257.0060313098746
15.39999999999976,8.09016994374063,50.0,191.7557050458738,32.706952081173455,90.0,113.04810487210325,57.293047918826545,90.0,246.95189512789676
15.41999999999976,8.763066800431375,-50.0,189.63507348206073,33.47013007484947,90.0,111.1798976938546,123.47013007484946,90.0,126.1798976938546
15.41999999999976,-6.799999999990405,-50.0,180.0,42.6352324470171,90.0,103.01677757940102,132.6352324470171,90.0,103.01677757940102
15.41999999999976,-6.799999999990405,50.0,180.0,42.6352324470171,90.0,103.01677757940102,47.3647675529829,90.0,256.98322242059896
15.41999999999976,8.763066800431375,50.0,189.63507348206073,33.47013007484947,90.0,111.1798976938546,56.52986992515053,90.0,248.8201023061454
15.43999999999976,9.297764858876954,-50.0,187.36249105372164,34.31773560497091,90.0,109.2208499350132,124.31773560497092,90.0,124.2208499350132
15.43999999999976,-7.599999999990388,-50.0,180.0,42.87573249886905,90.0,103.0424400893362,132.87573249886904,90.0,103.0424400893362
15.43999999999976,-7.599999999990388,50.0,180.0,42.87573249886905,90.0,103.0424400893362,47.12426750113095,90.0,256.9575599106638
15.43999999999976,9.297764858876954,50.0,187.36249105372164,34.31773560497091,90.0,109.2208499350132,55.68226439502909,90.0,250.7791500649868
15.45999999999976,9.685831611282548,-50.0,184.9737977433264,35.23558380598631,90.0,107.20551775929205,125.23558380598631,90.0,122.20551775929205
15.45999999999976,-8.39999999999037,-50.0,180.0,43.114609287451216,90.0,103.0709571126452,133.11460928745123,90.0,103.0709571126452
15.45999999999976,-8.39999999999037,50.0,180.0,43.114609287451216,90.0,103.0709571126452,46.885390712548784,90.0,256.9290428873548
15.45999999999976,9.685831611282548,50.0,184.9737977433264,35.23558380598631,90.0,107.20551775929205,54.76441619401369,90.0,252.79448224070796
15.479999999999759,9.921147013142878,-50.0,182.50666467131614,36.20998733764074,90.0,105.16698203825665,126.20998733764074,90.0,120.16698203825665
15.479999999999759,-9.199999999990354,-50.0,180.0,43.3518524576177,90.0,103.10232964513509,133.3518524576177,90.0,103.10232964513509
15.479999999999759,-9.199999999990354,50.0,180.0,43.3518524576177,90.0,103.10232964513509,46.6481475423823,90.0,256.8976703548649
15.479999999999759,9.921147013142878,50.0,182.50666467131614,36.20998733764074,90.0,105.16698203825665,53.79001266235926,90.0,254.83301796174334
15.499999999999758,10.0,-50.0,180.00000000003035,37.22779139518702,90.0,103.13655878696922,127.22779139518701,90.0,118.13655878696922
15.499999999999758,-9.999999999990337,-50.0,180.0,43.58745163492517,90.0,103.13655878694442,133.58745163492517,90.0,103.13655878694442
15.499999999999758,-9.999999999990337,50.0,180.0,43.58745163492517,90.0,103.13655878694442,46.41254836507483,90.0,256.8634412130556
15.499999999999758,10.0,50.0,180.00000000003035,37.22779139518702,90.0,103.13655878696922,52.77220860481298,90.0,256.8634412130308
15.519999999999758,9.20000000000968,-50.0,180.0,37.500042656940614,90.0,103.10232964513588,127.50004265694062,90.0,118.10232964513588
15.519999999999758,-9.921147013146683,-50.0,182.50666467125592,42.433112601007835,90.0,105.16698203820741,132.43311260100785,90.0,105.16698203820741
15.519999999999758,-9.921147013146683,50.0,182.50666467125592,42.433112601007835,90.0,105.16698203820741,47.566887398992165,90.0,254.8330179617926
15.519999999999758,9.20000000000968,50.0,180.0,37.500042656940614,90.0,103.10232964513588,52.499957343059386,90.0,256.8976703548641
15.539999999999758,8.400000000009697,-50.0,180.0,37.77088010090564,90.0,103.07095711264593,127.77088010090564,90.0,118.07095711264593
15.539999999999758,-9.6858316112901,-50.0,184.9737977432676,41.230496571354855,90.0,107.20551775924295,131.23049657135485,90.0,107.20551775924295
15.539999999999758,-9.6858316112901,50.0,184.9737977432676,41.230496571354855,90.0,107.20551775924295,48.769503428645145,90.0,252.79448224075705
15.539999999999758,8.400000000009697,50.0,180.0,37.77088010090564,90.0,103.07095711264593,52.22911989909436,90.0,256.92904288735406
15.559999999999757,7.6000000000097145,-50.0,180.0,38.04029426860499,90.0,103.04244008933682,128.04029426860498,90.0,118.04244008933682
15.559999999999757,-9.297764858888131,-50.0,187.3624910536652,39.99962033117064,90.0,109.22084993496506,129.99962033117063,90.0,109.22084993496506
15.559999999999757,-9.297764858888131,50.0,187.3624910536652,39.99962033117064,90.0,109.22084993496506,50.00037966882936,90.0,250.77915006503494
15.559999999999757,7.6000000000097145,50.0,180.0,38.04029426860499,90.0,103.04244008933682,51.95970573139501,90.0,256.9575599106632
15.579999999999757,6.800000000009732,-50.0,180.0,38.308275632724474,90.0,103.01677757940162,128.30827563272447,90.0,118.01677757940162
15.579999999999757,-8.763066800446,-50.0,189.63507348200753,38.76165984778763,90.0,111.17989769380821,128.76165984778763,90.0,111.17989769380821
15.579999999999757,-8.763066800446,50.0,189.63507348200753,38.76165984778763,90.0,111.17989769380821,51.23834015221237,90.0,248.82010230619179
15.579999999999757,6.800000000009732,50.0,180.0,38.308275632724474,90.0,103.01677757940162,51.691724367275526,90.0,256.9832224205984
15.599999999999756,6.000000000009749,-50.0,180.0,38.574814600132505,90.0,102.99396869012594,128.5748146001325,90.0,117.99396869012594
15.599999999999756,-8.090169943758475,-50.0,191.7557050458247,37.538702542559115,90.0,113.04810487205951,127.53870254255912,90.0,113.04810487205951
15.599999999999756,-8.090169943758475,50.0,191.7557050458247,37.538702542559115,90.0,113.04810487205951,52.461297457440885,90.0,246.95189512794047
15.599999999999756,6.000000000009749,50.0,180.0,38.574814600132505,90.0,102.99396869012594,51.425185399867495,90.0,257.00603130987406
15.619999999999756,5.200000000009766,-50.0,180.0,38.83990151483269,90.0,102.97401263077586,128.8399015148327,90.0,117.97401263077586
15.619999999999756,-7.289686274224617,-50.0,193.69094211855142,36.35342105165995,90.0,114.78992473281804,126.35342105165995,90.0,114.78992473281804
15.619999999999756,-7.289686274224617,50.0,193.69094211855142,36.35342105165995,90.0,114.78992473281804,53.64657894834005,90.0,245.21007526718196
15.619999999999756,5.200000000009766,50.0,180.0,38.83990151483269,90.0,102.97401263077586,51.16009848516731,90.0,257.02598736922414
15.639999999999755,4.400000000009783,-50.0,180.0,39.10352666085834,90.0,102.95690871161062,129.10352666085834,90.0,117.95690871161062
15.639999999999755,-6.374239897498737,-50.0,195.4102648554962,35.228637191499224,90.0,116.36955635572826,125.22863719149922,90.0,116.36955635572826
15.639999999999755,-6.374239897498737,50.0,195.4102648554962,35.228637191499224,90.0,116.36955635572826,54.771362808500776,90.0,243.63044364427174
15.639999999999755,4.400000000009783,50.0,180.0,39.10352666085834,90.0,102.95690871161062,50.89647333914166,90.0,257.0430912883894
15.659999999999755,3.6000000000098,-50.0,180.0,39.36568026510715,90.0,102.94265634302066,129.36568026510716,90.0,117.94265634302066
15.659999999999755,-5.358267949802964,-50.0,196.8865585100238,34.186752410675865,90.0,117.75197322527542,124.18675241067587,90.0,117.75197322527542
15.659999999999755,-5.358267949802964,50.0,196.8865585100238,34.186752410675865,90.0,117.75197322527542,55.813247589324135,90.0,242.24802677472456
15.659999999999755,3.6000000000098,50.0,180.0,39.36568026510715,90.0,102.94265634302066,50.63431973489285,90.0,257.05734365697936
15.679999999999755,2.800000000009817,-50.0,180.0,39.62635250011527,90.0,102.93125503478967,129.62635250011527,90.0,117.93125503478967
15.679999999999755,-4.25779291566468,-50.0,198.09654104930726,33.24903976509987,90.00000000000001,118.9042477854611,123.24903976509987,89.99999999999999,118.9042477854611
15.679999999999755,-4.25779291566468,50.0,198.09654104930726,33.24903976509987,90.00000000000001,118.9042477854611,56.75096023490013,90.00000000000001,241.0957522145389
15.679999999999755,2.800000000009817,50.0,180.0,39.62635250011527,90.0,102.93125503478967,50.37364749988473,90.0,257.0687449652103
15.699999999999754,2.000000000009834,-50.0,180.0,39.88553348676961,90.0,102.92270439548047,129.88553348676962,90.0,117.92270439548047
15.699999999999754,-3.090169943764166,-50.0,199.02113032589352,32.43482337718247,90.0,119.79711610918913,122.43482337718247,90.0,119.79711610918913
15.699999999999754,-3.090169943764166,50.0,199.02113032589352,32.43482337718247,90.0,119.79711610918913,57.56517662281753,90.0,240.20288389081088
15.699999999999754,2.000000000009834,50.0,180.0,39.88553348676961,90.0,102.92270439548047,50.11446651323039,90.0,257.0772956045195
15.719999999999754,1.200000000009851,-50.0,180.0,40.14321329695718,90.0,102.9170041319442,130.14321329695719,90.0,117.9170041319442
15.719999999999754,-1.8738131458724474,-50.0,199.64574501456798,31.76061065947359,90.0,120.40665142719006,121.76061065947358,90.0,120.40665142719006
15.719999999999754,-1.8738131458724474,50.0,199.64574501456798,31.76061065947359,90.0,120.40665142719006,58.239389340526415,90.0,239.59334857280993
15.719999999999754,1.200000000009851,50.0,180.0,40.14321329695718,90.0,102.9170041319442,49.85678670304282,90.0,257.08299586805583
15.739999999999753,0.400000000009868,-50.0,180.0,40.39938195615006,90.0,102.9141540489525,130.39938195615005,90.0,117.9141540489525
15.739999999999753,-0.6279051953086033,-50.0,199.96053456856347,31.239280013426075,90.0,120.71584368328591,121.23928001342608,90.0,120.71584368328591
15.739999999999753,-0.6279051953086033,50.0,199.96053456856347,31.239280013426075,90.0,120.71584368328591,58.760719986573925,90.0,239.28415631671407
15.739999999999753,0.400000000009868,50.0,180.0,40.39938195615006,90.0,102.9141540489525,49.60061804384994,90.0,257.08584595104753
15.759999999999753,-0.39999999999011493,-50.0,180.0,40.65402944592482,90.0,102.91415404895247,130.65402944592483,90.0,117.91415404895247
15.759999999999753,0.6279051952776371,-50.0,199.96053456856737,30.87944701483138,90.0,120.71584368328976,120.87944701483138,90.0,120.71584368328976
15.759999999999753,0.6279051952776371,50.0,199.96053456856737,30.87944701483138,90.0,120.71584368328976,59.120552985168615,90.0,239.28415631671024
15.759999999999753,-0.39999999999011493,50.0,180.0,40.65402944592482,90.0,102.91415404895247,49.34597055407518,90.0,257.08584595104753
15.779999999999752,-1.1999999999900979,-50.0,180.0,40.90714570641528,90.0,102.91700413194408,130.9071457064153,90.0,117.91700413194408
15.779999999999752,1.8738131458419673,-50.0,199.6457450145796,30.68512134737465,90.0,120.4066514272014,120.68512134737465,90.0,120.4066514272014
15.779999999999752,1.8738131458419673,50.0,199.6457450145796,30.68512134737465,90.0,120.4066514272014,59.31487865262535,90.0,239.59334857279862
15.779999999999752,-1.1999999999900979,50.0,180.0,40.90714570641528,90.0,102.91700413194408,49.09285429358472,90.0,257.08299586805595
15.799999999999752,-1.9999999999900808,-50.0,180.0,41.158720638696664,90.0,102.92270439548027,131.15872063869665,90.0,117.92270439548027
15.799999999999752,3.0901699437346553,-50.0,199.0211303259127,30.655721134927802,90.0,119.79711610920778,120.6557211349278,90.0,119.79711610920778
15.799999999999752,3.0901699437346553,50.0,199.0211303259127,30.655721134927802,90.0,119.79711610920778,59.3442788650722,90.0,240.20288389079224
15.799999999999752,-1.9999999999900808,50.0,180.0,41.158720638696664,90.0,102.92270439548027,48.841279361303336,90.0,257.07729560451975
15.819999999999752,-2.7999999999900638,-50.0,180.0,41.40874410710036,90.0,102.93125503478942,131.40874410710035,90.0,117.93125503478942
15.819999999999752,4.257792915636603,-50.0,198.0965410493337,30.78644242053169,90.0,118.90424778548646,120.78644242053169,90.0,118.90424778548646
15.819999999999752,4.257792915636603,50.0,198.0965410493337,30.78644242053169,90.0,118.90424778548646,59.213557579468315,90.0,241.09575221451354
15.819999999999752,-2.7999999999900638,50.0,180.0,41.40874410710036,90.0,102.93125503478942,48.59125589289964,90.0,257.0687449652106
15.839999999999751,-3.5999999999900467,-50.0,180.0,41.657205941457484,90.0,102.94265634302035,131.65720594145748,90.0,117.94265634302035
15.839999999999751,5.358267949776766,-50.0,196.88655851005706,31.068912577734864,90.00000000000001,117.75197322530686,121.06891257773486,89.99999999999999,117.75197322530686
15.839999999999751,5.358267949776766,50.0,196.88655851005706,31.068912577734864,90.00000000000001,117.75197322530686,58.931087422265136,90.00000000000001,242.24802677469313
15.839999999999751,-3.5999999999900467,50.0,180.0,41.657205941457484,90.0,102.94265634302035,48.342794058542516,90.0,257.05734365697964
15.85999999999975,-4.39999999999003,-50.0,180.0,41.90409593926979,90.0,102.95690871161023,131.90409593926978,90.0,117.95690871161023
15.85999999999975,6.374239897474828,-50.0,195.41026485553576,31.49201066133513,90.0,116.36955635576497,121.49201066133513,90.0,116.36955635576497
15.85999999999975,6.374239897474828,50.0,195.41026485553576,31.49201066133513,90.0,116.36955635576497,58.50798933866487,90.0,243.63044364423502
15.85999999999975,-4.39999999999003,50.0,180.0,41.90409593926979,90.0,102.95690871161023,48.09590406073021,90.0,257.04309128838975
15.87999999999975,-5.199999999990013,-50.0,180.0,42.1494038678065,90.0,102.9740126307754,132.14940386780648,90.0,117.9740126307754
15.87999999999975,7.289686274203376,-50.0,193.69094211859664,32.0427267127598,90.0,114.78992473285912,122.0427267127598,90.0,114.78992473285912
15.87999999999975,7.289686274203376,50.0,193.69094211859664,32.0427267127598,90.0,114.78992473285912,57.9572732872402,90.0,245.2100752671409
15.87999999999975,-5.199999999990013,50.0,180.0,42.1494038678065,90.0,102.9740126307754,47.8505961321935,90.0,257.0259873692246
15.89999999999975,-5.999999999989996,-50.0,180.0,42.39311946612546,90.0,102.99396869012541,132.39311946612546,90.0,117.99396869012541
15.89999999999975,8.090169943740236,-50.0,191.7557050458749,32.70695208117308,90.0,113.04810487210422,122.70695208117309,90.0,113.04810487210422
15.89999999999975,8.090169943740236,50.0,191.7557050458749,32.70695208117308,90.0,113.04810487210422,57.29304791882692,90.0,246.9518951278958
15.89999999999975,-5.999999999989996,50.0,180.0,42.39311946612546,90.0,102.99396869012541,47.60688053387454,90.0,257.0060313098746
15.91999999999975,-6.7999999999899785,-50.0,180.0,42.63523244701698,90.0,103.016777579401,132.635232447017,90.0,118.016777579401
15.91999999999975,8.763066800431051,-50.0,189.6350734820619,33.47013007484905,90.0,111.17989769385562,123.47013007484905,90.0,111.17989769385562
15.91999999999975,8.763066800431051,50.0,189.6350734820619,33.47013007484905,90.0,111.17989769385562,56.52986992515095,90.0,248.82010230614438
15.91999999999975,-6.7999999999899785,50.0,180.0,42.63523244701698,90.0,103.016777579401,47.36476755298302,90.0,256.983222420599
15.939999999999749,-7.5999999999899615,-50.0,180.0,42.87573249886892,90.0,103.04244008933617,132.87573249886893,90.0,118.04244008933617
15.939999999999749,9.297764858876707,-50.0,187.3624910537229,34.31773560497044,90.0,109.22084993501429,124.31773560497044,90.0,109.22084993501429
15.939999999999749,9.297764858876707,50.0,187.3624910537229,34.31773560497044,90.0,109.22084993501429,55.68226439502956,90.0,250.7791500649857
15.939999999999749,-7.5999999999899615,50.0,180.0,42.87573249886892,90.0,103.04244008933617,47.12426750113108,90.0,256.9575599106638
15.959999999999749,-8.399999999989944,-50.0,180.0,43.1146092874511,90.0,103.07095711264517,133.11460928745112,90.0,118.07095711264517
15.959999999999749,9.685831611282383,-50.0,184.9737977433277,35.23558380598579,90.0,107.20551775929314,125.23558380598578,90.0,107.20551775929314
15.959999999999749,9.685831611282383,50.0,184.9737977433277,35.23558380598579,90.0,107.20551775929314,54.76441619401421,90.0,252.79448224070686
15.959999999999749,-8.399999999989944,50.0,180.0,43.1146092874511,90.0,103.07095711264517,46.8853907125489,90.0,256.92904288735485
15.979999999999748,-9.199999999989927,-50.0,180.0,43.35185245761758,90.0,103.10232964513506,133.35185245761758,90.0,118.10232964513506
15.979999999999748,9.921147013142797,-50.0,182.50666467131748,36.2099873376402,90.00000000000001,105.16698203825774,126.2099873376402,89.99999999999999,105.16698203825774
15.979999999999748,9.921147013142797,50.0,182.50666467131748,36.2099873376402,90.00000000000001,105.16698203825774,53.7900126623598,90.00000000000001,254.83301796174226
15.979999999999748,-9.199999999989927,50.0,180.0,43.35185245761758,90.0,103.10232964513506,46.64814754238242,90.0,256.89767035486494
15.999999999999748,-9.99999999998991,-50.0,180.0,43.58745163492503,90.0,103.13655878694442,133.58745163492503,90.0,118.13655878694442
15.999999999999748,10.0,-50.0,180.0000000000317,37.22779139518648,90.0,103.13655878697028,127.22779139518647,90.0,103.13655878697028
15.999999999999748,10.0,50.0,180.0000000000317,37.22779139518648,90.0,103.13655878697028,52.77220860481352,90.0,256.8634412130297
15.999999999999748,-9.99999999998991,50.0,180.0,43.58745163492503,90.0,103.13655878694442,46.41254836507497,90.0,256.8634412130556
16.019999999999747,-9.921147013146769,-50.0,182.50666467125458,42.43311260100848,90.0,105.1669820382063,132.43311260100847,90.0,120.1669820382063
16.019999999999747,9.200000000010107,-50.0,180.0,37.50004265694047,90.0,103.10232964513588,127.50004265694048,90.0,103.10232964513588
16.019999999999747,9.200000000010107,50.0,180.0,37.50004265694047,90.0,103.10232964513588,52.49995734305953,90.0,256.8976703548641
16.019999999999747,-9.921147013146769,50.0,182.50666467125458,42.43311260100848,90.0,105.1669820382063,47.56688739899152,90.0,254.8330179617937
16.039999999999747,-9.685831611290267,-50.0,184.9737977432663,41.230496571355516,90.0,107.20551775924186,131.2304965713555,90.0,122.20551775924186
16.039999999999747,8.400000000010124,-50.0,180.0,37.77088010090551,90.0,103.07095711264593,127.77088010090552,90.0,103.07095711264593
16.039999999999747,8.400000000010124,50.0,180.0,37.77088010090551,90.0,103.07095711264593,52.22911989909449,90.0,256.92904288735406
16.039999999999747,-9.685831611290267,50.0,184.9737977432663,41.230496571355516,90.0,107.20551775924186,48.769503428644484,90.0,252.79448224075816
16.059999999999746,-9.297764858888378,-50.0,187.36249105366394,39.9996203311713,90.0,109.22084993496401,129.9996203311713,90.0,124.22084993496401
16.059999999999746,7.600000000010141,-50.0,180.0,38.04029426860484,90.0,103.04244008933685,128.04029426860484,90.0,103.04244008933685
16.059999999999746,7.600000000010141,50.0,180.0,38.04029426860484,90.0,103.04244008933685,51.95970573139516,90.0,256.9575599106631
16.059999999999746,-9.297764858888378,50.0,187.36249105366394,39.9996203311713,90.0,109.22084993496401,50.0003796688287,90.0,250.779150065036
16.079999999999746,-8.763066800446323,-50.0,189.63507348200633,38.76165984778828,90.0,111.17989769380718,128.76165984778828,90.0,126.17989769380718
16.079999999999746,6.800000000010158,-50.0,180.0,38.30827563272434,90.0,103.01677757940162,128.30827563272433,90.0,103.01677757940162
16.079999999999746,6.800000000010158,50.0,180.0,38.30827563272434,90.0,103.01677757940162,51.69172436727566,90.0,256.9832224205984
16.079999999999746,-8.763066800446323,50.0,189.63507348200633,38.76165984778828,90.0,111.17989769380718,51.23834015221172,90.0,248.82010230619284
16.099999999999746,-8.09016994375887,-50.0,191.7557050458236,37.53870254255977,90.0,113.04810487205854,127.53870254255978,90.0,128.04810487205856
16.099999999999746,6.000000000010175,-50.0,180.0,38.574814600132356,90.0,102.99396869012597,128.57481460013236,90.0,102.99396869012597
16.099999999999746,6.000000000010175,50.0,180.0,38.574814600132356,90.0,102.99396869012597,51.425185399867644,90.0,257.00603130987406
16.099999999999746,-8.09016994375887,50.0,191.7557050458236,37.53870254255977,90.0,113.04810487205854,52.46129745744023,90.0,246.95189512794144
16.119999999999745,-7.289686274225074,-50.0,193.69094211855042,36.353421051660575,90.0,114.78992473281711,126.35342105166058,90.0,129.7899247328171
16.119999999999745,5.200000000010192,-50.0,180.0,38.839901514832555,90.0,102.97401263077586,128.83990151483255,90.0,102.97401263077586
16.119999999999745,5.200000000010192,50.0,180.0,38.839901514832555,90.0,102.97401263077586,51.160098485167445,90.0,257.02598736922414
16.119999999999745,-7.289686274225074,50.0,193.69094211855042,36.353421051660575,90.0,114.78992473281711,53.646578948339425,90.0,245.2100752671829
16.139999999999745,-6.374239897499253,-50.0,195.41026485549534,35.228637191499814,90.00000000000001,116.36955635572747,125.22863719149981,89.99999999999999,131.36955635572747
16.139999999999745,4.400000000010209,-50.0,180.0,39.1035266608582,90.0,102.95690871161064,129.1035266608582,90.0,102.95690871161064
16.139999999999745,4.400000000010209,50.0,180.0,39.1035266608582,90.0,102.95690871161064,50.8964733391418,90.0,257.04309128838935
16.139999999999745,-6.374239897499253,50.0,195.41026485549534,35.228637191499814,90.00000000000001,116.36955635572747,54.771362808500186,90.00000000000001,243.63044364427253
16.159999999999744,-5.35826794980353,-50.0,196.8865585100231,34.186752410676384,90.0,117.75197322527477,124.18675241067638,90.0,132.75197322527475
16.159999999999744,3.600000000010226,-50.0,180.0,39.36568026510701,90.0,102.94265634302066,129.36568026510702,90.0,102.94265634302066
16.159999999999744,3.600000000010226,50.0,180.0,39.36568026510701,90.0,102.94265634302066,50.63431973489299,90.0,257.05734365697936
16.159999999999744,-5.35826794980353,50.0,196.8865585100231,34.186752410676384,90.0,117.75197322527477,55.813247589323616,90.0,242.24802677472525
16.179999999999744,-4.257792915665284,-50.0,198.0965410493067,33.24903976510034,90.00000000000001,118.90424778546056,123.24903976510035,89.99999999999999,133.90424778546054
16.179999999999744,2.800000000010243,-50.0,180.0,39.62635250011513,90.0,102.93125503478967,129.62635250011513,90.0,102.93125503478967
16.179999999999744,2.800000000010243,50.0,180.0,39.62635250011513,90.0,102.93125503478967,50.37364749988487,90.0,257.0687449652103
16.179999999999744,-4.257792915665284,50.0,198.0965410493067,33.24903976510034,90.00000000000001,118.90424778546056,56.75096023489966,90.00000000000001,241.09575221453946
16.199999999999743,-3.090169943764802,-50.0,199.02113032589313,32.43482337718285,90.0,119.79711610918875,122.43482337718285,90.0,134.79711610918875
16.199999999999743,2.0000000000102602,-50.0,180.0,39.885533486769475,90.0,102.92270439548047,129.88553348676948,90.0,102.92270439548047
16.199999999999743,2.0000000000102602,50.0,180.0,39.885533486769475,90.0,102.92270439548047,50.114466513230525,90.0,257.0772956045195
16.199999999999743,-3.090169943764802,50.0,199.02113032589313,32.43482337718285,90.0,119.79711610918875,57.56517662281715,90.0,240.20288389081125
16.219999999999743,-1.873813145873104,-50.0,199.64574501456772,31.760610659473915,90.0,120.4066514271898,121.76061065947391,90.0,135.4066514271898
16.219999999999743,1.2000000000102773,-50.0,180.0,40.14321329695704,90.0,102.9170041319442,130.14321329695704,90.0,102.9170041319442
16.219999999999743,1.2000000000102773,50.0,180.0,40.14321329695704,90.0,102.9170041319442,49.85678670304296,90.0,257.08299586805583
16.219999999999743,-1.873813145873104,50.0,199.64574501456772,31.760610659473915,90.0,120.4066514271898,58.23938934052609,90.0,239.5933485728102
16.239999999999743,-0.6279051953092727,-50.0,199.9605345685634,31.239280013426303,90.0,120.71584368328587,121.23928001342631,90.0,135.71584368328587
16.239999999999743,0.40000000001029434,-50.0,180.0,40.399381956149924,90.0,102.9141540489525,130.3993819561499,90.0,102.9141540489525
16.239999999999743,0.40000000001029434,50.0,180.0,40.399381956149924,90.0,102.9141540489525,49.600618043850076,90.0,257.08584595104753
16.239999999999743,-0.6279051953092727,50.0,199.9605345685634,31.239280013426303,90.0,120.71584368328587,58.7607199865737,90.0,239.28415631671413
16.259999999999742,0.6279051952769678,-50.0,199.96053456856745,30.879447014831527,90.0,120.71584368328983,120.87944701483153,90.0,135.71584368328985
16.259999999999742,-0.3999999999896886,-50.0,180.0,40.654029445924685,90.0,102.91415404895247,130.6540294459247,90.0,102.91415404895247
16.259999999999742,-0.3999999999896886,50.0,180.0,40.654029445924685,90.0,102.91415404895247,49.345970554075315,90.0,257.08584595104753
16.259999999999742,0.6279051952769678,50.0,199.96053456856745,30.879447014831527,90.0,120.71584368328983,59.12055298516847,90.0,239.28415631671015
16.279999999999742,1.8738131458413088,-50.0,199.64574501457986,30.685121347374707,90.0,120.40665142720165,120.6851213473747,90.0,135.40665142720167
16.279999999999742,-1.1999999999896716,-50.0,180.0,40.90714570641514,90.0,102.91700413194408,130.90714570641515,90.0,102.91700413194408
16.279999999999742,-1.1999999999896716,50.0,180.0,40.90714570641514,90.0,102.91700413194408,49.09285429358486,90.0,257.08299586805595
16.279999999999742,1.8738131458413088,50.0,199.64574501457986,30.685121347374707,90.0,120.40665142720165,59.314878652625296,90.0,239.59334857279833
16.29999999999974,3.0901699437340175,-50.0,199.0211303259131,30.655721134927784,90.0,119.79711610920816,120.65572113492779,90.0,134.79711610920816
16.29999999999974,-1.9999999999896545,-50.0,180.0,41.15872063869652,90.0,102.92270439548027,131.15872063869654,90.0,102.92270439548027
16.29999999999974,-1.9999999999896545,50.0,180.0,41.15872063869652,90.0,102.92270439548027,48.84127936130348,90.0,257.07729560451975
16.29999999999974,3.0901699437340175,50.0,199.0211303259131,30.655721134927784,90.0,119.79711610920816,59.34427886507221,90.0,240.20288389079184
16.31999999999974,4.257792915635997,-50.0,198.09654104933426,30.786442420531582,90.0,118.90424778548699,120.78644242053159,90.0,133.90424778548697
16.31999999999974,-2.7999999999896374,-50.0,180.0,41.40874410710022,90.0,102.93125503478942,131.40874410710023,90.0,102.93125503478942
16.31999999999974,-2.7999999999896374,50.0,180.0,41.40874410710022,90.0,102.93125503478942,48.59125589289978,90.0,257.0687449652106
16.31999999999974,4.257792915635997,50.0,198.09654104933426,30.786442420531582,90.0,118.90424778548699,59.213557579468414,90.0,241.09575221451303
16.33999999999974,5.3582679497762,-50.0,196.88655851005777,31.06891257773468,90.0,117.75197322530751,121.06891257773468,90.0,132.7519732253075
16.33999999999974,-3.5999999999896204,-50.0,180.0,41.65720594145735,90.0,102.94265634302035,131.65720594145733,90.0,102.94265634302035
16.33999999999974,-3.5999999999896204,50.0,180.0,41.65720594145735,90.0,102.94265634302035,48.34279405854265,90.0,257.05734365697964
16.33999999999974,5.3582679497762,50.0,196.88655851005777,31.06891257773468,90.0,117.75197322530751,58.93108742226532,90.0,242.2480267746925
16.35999999999974,6.374239897474312,-50.0,195.4102648555366,31.49201066133487,90.0,116.36955635576577,121.49201066133487,90.0,131.36955635576578
16.35999999999974,-4.399999999989603,-50.0,180.0,41.90409593926965,90.0,102.95690871161023,131.90409593926967,90.0,102.95690871161023
16.35999999999974,-4.399999999989603,50.0,180.0,41.90409593926965,90.0,102.95690871161023,48.09590406073035,90.0,257.04309128838975
16.35999999999974,6.374239897474312,50.0,195.4102648555366,31.49201066133487,90.0,116.36955635576577,58.507989338665126,90.0,243.63044364423422
16.37999999999974,7.289686274202917,-50.0,193.69094211859763,32.04272671275946,90.0,114.78992473286004,122.04272671275946,90.0,129.78992473286004
16.37999999999974,-5.199999999989586,-50.0,180.0,42.14940386780637,90.0,102.97401263077538,132.14940386780637,90.0,102.97401263077538
16.37999999999974,-5.199999999989586,50.0,180.0,42.14940386780637,90.0,102.97401263077538,47.85059613219363,90.0,257.0259873692246
16.37999999999974,7.289686274202917,50.0,193.69094211859763,32.04272671275946,90.0,114.78992473286004,57.95727328724054,90.0,245.21007526713996
16.39999999999974,8.090169943739845,-50.0,191.75570504587597,32.7069520811727,90.0,113.04810487210517,122.7069520811727,90.0,128.04810487210517
16.39999999999974,-5.999999999989569,-50.0,180.0,42.39311946612532,90.0,102.99396869012541,132.3931194661253,90.0,102.99396869012541
16.39999999999974,-5.999999999989569,50.0,180.0,42.39311946612532,90.0,102.99396869012541,47.60688053387468,90.0,257.0060313098746
16.39999999999974,8.090169943739845,50.0,191.75570504587597,32.7069520811727,90.0,113.04810487210517,57.2930479188273,90.0,246.95189512789483
16.41999999999974,8.763066800430728,-50.0,189.63507348206306,33.47013007484863,90.0,111.17989769385662,123.47013007484864,90.0,126.17989769385662
16.41999999999974,-6.799999999989552,-50.0,180.0,42.63523244701684,90.0,103.016777579401,132.63523244701685,90.0,103.016777579401
16.41999999999974,-6.799999999989552,50.0,180.0,42.63523244701684,90.0,103.016777579401,47.36476755298316,90.0,256.983222420599
16.41999999999974,8.763066800430728,50.0,189.63507348206306,33.47013007484863,90.0,111.17989769385662,56.52986992515137,90.0,248.82010230614338
16.43999999999974,9.297764858876462,-50.0,187.3624910537241,34.31773560496997,90.0,109.22084993501531,124.31773560496997,90.0,124.22084993501531
16.43999999999974,-7.599999999989535,-50.0,180.0,42.875732498868786,90.0,103.04244008933617,132.87573249886879,90.0,103.04244008933617
16.43999999999974,-7.599999999989535,50.0,180.0,42.875732498868786,90.0,103.04244008933617,47.124267501131214,90.0,256.9575599106638
16.43999999999974,9.297764858876462,50.0,187.3624910537241,34.31773560496997,90.0,109.22084993501531,55.68226439503003,90.0,250.7791500649847
16.459999999999738,9.685831611282216,-50.0,184.973797743329,35.23558380598529,90.0,107.20551775929421,125.2355838059853,90.0,122.20551775929421
16.459999999999738,-8.399999999989518,-50.0,180.0,43.11460928745097,90.0,103.07095711264517,133.11460928745097,90.0,103.07095711264517
16.459999999999738,-8.399999999989518,50.0,180.0,43.11460928745097,90.0,103.07095711264517,46.88539071254903,90.0,256.92904288735485
16.459999999999738,9.685831611282216,50.0,184.973797743329,35.23558380598529,90.0,107.20551775929421,54.76441619401471,90.0,252.7944822407058
16.479999999999738,9.921147013142711,-50.0,182.50666467131882,36.209987337639674,90.0,105.16698203825881,126.20998733763967,90.0,120.16698203825881
16.479999999999738,-9.199999999989501,-50.0,180.0,43.351852457617454,90.0,103.10232964513504,133.35185245761744,90.0,103.10232964513504
16.479999999999738,-9.199999999989501,50.0,180.0,43.351852457617454,90.0,103.10232964513504,46.648147542382546,90.0,256.89767035486494
16.479999999999738,9.921147013142711,50.0,182.50666467131882,36.209987337639674,90.0,105.16698203825881,53.790012662360326,90.0,254.83301796174118
16.499999999999737,10.0,-50.0,180.00000000003305,37.22779139518591,90.0,103.13655878697138,127.2277913951859,90.0,118.13655878697138
16.499999999999737,-9.999999999989484,-50.0,180.0,43.5874516349249,90.0,103.13655878694439,133.5874516349249,90.0,103.13655878694439
16.499999999999737,-9.999999999989484,50.0,180.0,43.5874516349249,90.0,103.13655878694439,46.4125483650751,90.0,256.8634412130556
16.499999999999737,10.0,50.0,180.00000000003305,37.22779139518591,90.0,103.13655878697138,52.77220860481409,90.0,256.86344121302864
16.519999999999737,9.200000000010533,-50.0,180.0,37.50004265694033,90.0,103.10232964513591,127.50004265694034,90.0,118.10232964513591
16.519999999999737,-9.921147013146852,-50.0,182.50666467125325,42.43311260100911,90.0,105.16698203820519,132.4331126010091,90.0,105.16698203820519
16.519999999999737,-9.921147013146852,50.0,182.50666467125325,42.43311260100911,90.0,105.16698203820519,47.56688739899089,90.0,254.8330179617948
16.519999999999737,9.200000000010533,50.0,180.0,37.50004265694033,90.0,103.10232964513591,52.49995734305967,90.0,256.8976703548641
16.539999999999736,8.40000000001055,-50.0,180.0,37.770880100905345,90.0,103.07095711264596,127.77088010090534,90.0,118.07095711264596
16.539999999999736,-9.685831611290434,-50.0,184.97379774326498,41.23049657135616,90.00000000000001,107.20551775924079,131.23049657135616,89.99999999999999,107.20551775924079
16.539999999999736,-9.685831611290434,50.0,184.97379774326498,41.23049657135616,90.00000000000001,107.20551775924079,48.76950342864384,90.00000000000001,252.7944822407592
16.539999999999736,8.40000000001055,50.0,180.0,37.770880100905345,90.0,103.07095711264596,52.229119899094655,90.0,256.92904288735406
16.559999999999736,7.600000000010567,-50.0,180.0,38.04029426860469,90.0,103.04244008933688,128.0402942686047,90.0,118.04244008933688
16.559999999999736,-9.297764858888623,-50.0,187.3624910536627,39.999620331171954,90.0,109.22084993496296,129.99962033117197,90.0,109.22084993496296
16.559999999999736,-9.297764858888623,50.0,187.3624910536627,39.999620331171954,90.0,109.22084993496296,50.000379668828046,90.0,250.77915006503704
16.559999999999736,7.600000000010567,50.0,180.0,38.04029426860469,90.0,103.04244008933688,51.95970573139531,90.0,256.9575599106631
16.579999999999735,6.800000000010584,-50.0,180.0,38.3082756327242,90.0,103.01677757940165,128.3082756327242,90.0,118.01677757940165
16.579999999999735,-8.763066800446644,-50.0,189.63507348200517,38.76165984778894,90.00000000000001,111.17989769380615,128.76165984778893,89.99999999999999,111.17989769380615
16.579999999999735,-8.763066800446644,50.0,189.63507348200517,38.76165984778894,90.00000000000001,111.17989769380615,51.23834015221106,90.00000000000001,248.82010230619386
16.579999999999735,6.800000000010584,50.0,180.0,38.3082756327242,90.0,103.01677757940165,51.6917243672758,90.0,256.98322242059834
16.599999999999735,6.000000000010601,-50.0,180.0,38.574814600132214,90.0,102.99396869012597,128.5748146001322,90.0,117.99396869012597
16.599999999999735,-8.090169943759262,-50.0,191.7557050458225,37.53870254256041,90.0,113.04810487205756,127.5387025425604,90.0,113.04810487205756
16.599999999999735,-8.090169943759262,50.0,191.7557050458225,37.53870254256041,90.0,113.04810487205756,52.46129745743959,90.0,246.95189512794244
16.599999999999735,6.000000000010601,50.0,180.0,38.574814600132214,90.0,102.99396869012597,51.425185399867786,90.0,257.00603130987406
16.619999999999735,5.200000000010618,-50.0,180.0,38.839901514832405,90.0,102.97401263077587,128.8399015148324,90.0,117.97401263077587
16.619999999999735,-7.289686274225533,-50.0,193.69094211854946,36.35342105166119,90.0,114.78992473281623,126.3534210516612,90.0,114.78992473281623
16.619999999999735,-7.289686274225533,50.0,193.69094211854946,36.35342105166119,90.0,114.78992473281623,53.64657894833881,90.0,245.21007526718375
16.619999999999735,5.200000000010618,50.0,180.0,38.839901514832405,90.0,102.97401263077587,51.160098485167595,90.0,257.02598736922414
16.639999999999734,4.400000000010635,-50.0,180.0,39.103526660858066,90.0,102.95690871161064,129.10352666085805,90.0,117.95690871161064
16.639999999999734,-6.37423989749977,-50.0,195.4102648554945,35.22863719150039,90.0,116.36955635572669,125.22863719150038,90.0,116.36955635572669
16.639999999999734,-6.37423989749977,50.0,195.4102648554945,35.22863719150039,90.0,116.36955635572669,54.77136280849961,90.0,243.63044364427333
16.639999999999734,4.400000000010635,50.0,180.0,39.103526660858066,90.0,102.95690871161064,50.896473339141934,90.0,257.04309128838935
16.659999999999734,3.6000000000106525,-50.0,180.0,39.365680265106874,90.0,102.94265634302066,129.36568026510687,90.0,117.94265634302066
16.659999999999734,-5.358267949804095,-50.0,196.88655851002238,34.186752410676895,90.0,117.7519732252741,124.18675241067689,90.0,117.7519732252741
16.659999999999734,-5.358267949804095,50.0,196.88655851002238,34.186752410676895,90.0,117.7519732252741,55.813247589323105,90.0,242.2480267747259
16.659999999999734,3.6000000000106525,50.0,180.0,39.365680265106874,90.0,102.94265634302066,50.634319734893126,90.0,257.05734365697936
16.679999999999733,2.8000000000106695,-50.0,180.0,39.626352500115,90.0,102.93125503478967,129.626352500115,90.0,117.93125503478967
16.679999999999733,-4.257792915665891,-50.0,198.09654104930613,33.24903976510081,90.0,118.90424778546,123.2490397651008,90.0,118.90424778546
16.679999999999733,-4.257792915665891,50.0,198.09654104930613,33.24903976510081,90.0,118.90424778546,56.75096023489919,90.0,241.09575221454
16.679999999999733,2.8000000000106695,50.0,180.0,39.626352500115,90.0,102.93125503478967,50.373647499885,90.0,257.0687449652103
16.699999999999733,2.0000000000106866,-50.0,180.0,39.88553348676933,90.0,102.92270439548047,129.88553348676933,90.0,117.92270439548047
16.699999999999733,-3.0901699437654395,-50.0,199.0211303258927,32.434823377183264,90.0,119.79711610918831,122.43482337718326,90.0,119.79711610918831
16.699999999999733,-3.0901699437654395,50.0,199.0211303258927,32.434823377183264,90.0,119.79711610918831,57.565176622816736,90.0,240.20288389081168
16.699999999999733,2.0000000000106866,50.0,180.0,39.88553348676933,90.0,102.92270439548047,50.11446651323067,90.0,257.0772956045195
16.719999999999732,1.2000000000107036,-50.0,180.0,40.14321329695691,90.0,102.9170041319442,130.1432132969569,90.0,117.9170041319442
16.719999999999732,-1.8738131458737628,-50.0,199.64574501456747,31.76061065947424,90.0,120.40665142718952,121.76061065947424,90.0,120.40665142718952
16.719999999999732,-1.8738131458737628,50.0,199.64574501456747,31.76061065947424,90.0,120.40665142718952,58.23938934052576,90.0,239.5933485728105
16.719999999999732,1.2000000000107036,50.0,180.0,40.14321329695691,90.0,102.9170041319442,49.85678670304309,90.0,257.08299586805583
16.739999999999732,0.40000000001072067,-50.0,180.0,40.39938195614979,90.0,102.9141540489525,130.3993819561498,90.0,117.9141540489525
16.739999999999732,-0.6279051953099418,-50.0,199.96053456856333,31.23928001342652,90.0,120.71584368328578,121.23928001342652,90.0,120.71584368328578
16.739999999999732,-0.6279051953099418,50.0,199.96053456856333,31.23928001342652,90.0,120.71584368328578,58.76071998657348,90.0,239.28415631671422
16.739999999999732,0.40000000001072067,50.0,180.0,40.39938195614979,90.0,102.9141540489525,49.60061804385021,90.0,257.08584595104753
16.75999999999973,-0.3999999999892623,-50.0,180.0,40.65402944592456,90.0,102.91415404895247,130.65402944592455,90.0,117.91415404895247
16.75999999999973,0.6279051952762986,-50.0,199.96053456856754,30.879447014831673,90.0,120.71584368328993,120.87944701483167,90.0,120.71584368328993
16.75999999999973,0.6279051952762986,50.0,199.96053456856754,30.879447014831673,90.0,120.71584368328993,59.12055298516833,90.0,239.28415631671007
16.75999999999973,-0.3999999999892623,50.0,180.0,40.65402944592456,90.0,102.91415404895247,49.34597055407544,90.0,257.08584595104753
16.77999999999973,-1.1999999999892452,-50.0,180.0,40.90714570641501,90.0,102.91700413194408,130.907145706415,90.0,117.91700413194408
16.77999999999973,1.8738131458406522,-50.0,199.64574501458011,30.685121347374764,90.00000000000001,120.40665142720191,120.68512134737476,89.99999999999999,120.40665142720191
16.77999999999973,1.8738131458406522,50.0,199.64574501458011,30.685121347374764,90.00000000000001,120.40665142720191,59.31487865262524,90.00000000000001,239.5933485727981
16.77999999999973,-1.1999999999892452,50.0,180.0,40.90714570641501,90.0,102.91700413194408,49.09285429358499,90.0,257.08299586805595
16.79999999999973,-1.9999999999892282,-50.0,180.0,41.15872063869639,90.0,102.92270439548027,131.1587206386964,90.0,117.92270439548027
16.79999999999973,3.0901699437333816,-50.0,199.02113032591353,30.655721134927745,90.0,119.79711610920859,120.65572113492775,90.0,119.79711610920859
16.79999999999973,3.0901699437333816,50.0,199.02113032591353,30.655721134927745,90.0,119.79711610920859,59.344278865072255,90.0,240.2028838907914
16.79999999999973,-1.9999999999892282,50.0,180.0,41.15872063869639,90.0,102.92270439548027,48.84127936130361,90.0,257.07729560451975
16.81999999999973,-2.799999999989211,-50.0,180.0,41.4087441071001,90.0,102.93125503478939,131.4087441071001,90.0,117.93125503478939
16.81999999999973,4.25779291563539,-50.0,198.09654104933483,30.786442420531465,90.0,118.90424778548756,120.78644242053147,90.0,118.90424778548756
16.81999999999973,4.25779291563539,50.0,198.09654104933483,30.786442420531465,90.0,118.90424778548756,59.213557579468535,90.0,241.09575221451246
16.81999999999973,-2.799999999989211,50.0,180.0,41.4087441071001,90.0,102.93125503478939,48.5912558928999,90.0,257.0687449652106
16.83999999999973,-3.599999999989194,-50.0,180.0,41.65720594145722,90.0,102.94265634302032,131.65720594145722,90.0,117.94265634302032
16.83999999999973,5.358267949775634,-50.0,196.88655851005848,31.068912577734476,90.0,117.75197322530822,121.06891257773448,90.0,117.75197322530822
16.83999999999973,5.358267949775634,50.0,196.88655851005848,31.068912577734476,90.0,117.75197322530822,58.93108742226552,90.0,242.24802677469177
16.83999999999973,-3.599999999989194,50.0,180.0,41.65720594145722,90.0,102.94265634302032,48.34279405854278,90.0,257.0573436569797
16.85999999999973,-4.399999999989177,-50.0,180.0,41.90409593926953,90.0,102.95690871161021,131.90409593926952,90.0,117.95690871161021
16.85999999999973,6.3742398974737995,-50.0,195.41026485553746,31.49201066133462,90.0,116.36955635576655,121.49201066133462,90.0,116.36955635576655
16.85999999999973,6.3742398974737995,50.0,195.41026485553746,31.49201066133462,90.0,116.36955635576655,58.50798933866538,90.0,243.63044364423345
16.85999999999973,-4.399999999989177,50.0,180.0,41.90409593926953,90.0,102.95690871161021,48.09590406073047,90.0,257.0430912883898
16.87999999999973,-5.19999999998916,-50.0,180.0,42.149403867806235,90.0,102.97401263077538,132.14940386780623,90.0,117.97401263077538
16.87999999999973,7.289686274202458,-50.0,193.6909421185986,32.04272671275914,90.0,114.78992473286092,122.04272671275913,90.0,114.78992473286092
16.87999999999973,7.289686274202458,50.0,193.6909421185986,32.04272671275914,90.0,114.78992473286092,57.95727328724086,90.0,245.21007526713908
16.87999999999973,-5.19999999998916,50.0,180.0,42.149403867806235,90.0,102.97401263077538,47.850596132193765,90.0,257.0259873692246
16.89999999999973,-5.999999999989143,-50.0,180.0,42.39311946612519,90.0,102.99396869012539,132.3931194661252,90.0,117.99396869012539
16.89999999999973,8.09016994373945,-50.0,191.75570504587705,32.706952081172304,90.00000000000001,113.04810487210615,122.7069520811723,89.99999999999999,113.04810487210615
16.89999999999973,8.09016994373945,50.0,191.75570504587705,32.706952081172304,90.00000000000001,113.04810487210615,57.293047918827696,90.00000000000001,246.95189512789386
16.89999999999973,-5.999999999989143,50.0,180.0,42.39311946612519,90.0,102.99396869012539,47.60688053387481,90.0,257.00603130987463
16.919999999999728,-6.799999999989126,-50.0,180.0,42.63523244701672,90.0,103.01677757940097,132.63523244701673,90.0,118.01677757940097
16.919999999999728,8.763066800430405,-50.0,189.63507348206426,33.470130074848186,90.0,111.17989769385767,123.47013007484819,90.0,111.17989769385767
16.919999999999728,8.763066800430405,50.0,189.63507348206426,33.470130074848186,90.0,111.17989769385767,56.529869925151814,90.0,248.82010230614233
16.919999999999728,-6.799999999989126,50.0,180.0,42.63523244701672,90.0,103.01677757940097,47.36476755298328,90.0,256.983222420599
16.939999999999728,-7.599999999989109,-50.0,180.0,42.87573249886867,90.0,103.04244008933614,132.87573249886867,90.0,118.04244008933614
16.939999999999728,9.297764858876217,-50.0,187.36249105372536,34.3177356049695,90.00000000000001,109.22084993501639,124.3177356049695,89.99999999999999,109.22084993501639
16.939999999999728,9.297764858876217,50.0,187.36249105372536,34.3177356049695,90.00000000000001,109.22084993501639,55.6822643950305,90.00000000000001,250.7791500649836
16.939999999999728,-7.599999999989109,50.0,180.0,42.87573249886867,90.0,103.04244008933614,47.12426750113133,90.0,256.95755991066386
16.959999999999727,-8.399999999989092,-50.0,180.0,43.11460928745085,90.0,103.07095711264515,133.11460928745083,90.0,118.07095711264515
16.959999999999727,9.68583161128205,-50.0,184.9737977433303,35.235583805984795,90.0,107.20551775929529,125.23558380598479,90.0,107.20551775929529
16.959999999999727,9.68583161128205,50.0,184.9737977433303,35.235583805984795,90.0,107.20551775929529,54.764416194015205,90.0,252.79448224070472
16.959999999999727,-8.399999999989092,50.0,180.0,43.11460928745085,90.0,103.07095711264515,46.88539071254915,90.0,256.92904288735485
16.979999999999727,-9.199999999989075,-50.0,180.0,43.35185245761732,90.0,103.10232964513504,133.35185245761733,90.0,118.10232964513504
16.979999999999727,9.921147013142628,-50.0,182.50666467132015,36.20998733763915,90.0,105.16698203825992,126.20998733763915,90.0,105.16698203825992
16.979999999999727,9.921147013142628,50.0,182.50666467132015,36.20998733763915,90.0,105.16698203825992,53.79001266236085,90.0,254.8330179617401
16.979999999999727,-9.199999999989075,50.0,180.0,43.35185245761732,90.0,103.10232964513504,46.64814754238268,90.0,256.89767035486494
16.999999999999726,-9.999999999989058,-50.0,180.0,43.58745163492479,90.0,103.13655878694436,133.58745163492478,90.0,118.13655878694436
16.999999999999726,10.0,-50.0,180.00000000003436,37.227791395185385,90.0,103.13655878697242,127.22779139518539,90.0,103.13655878697242
16.999999999999726,10.0,50.0,180.00000000003436,37.227791395185385,90.0,103.13655878697242,52.772208604814615,90.0,256.8634412130276
16.999999999999726,-9.999999999989058,50.0,180.0,43.58745163492479,90.0,103.13655878694436,46.41254836507521,90.0,256.86344121305564
17.019999999999726,-9.921147013146935,-50.0,182.50666467125194,42.43311260100972,90.0,105.16698203820413,132.43311260100973,90.0,120.16698203820413
17.019999999999726,9.20000000001096,-50.0,180.0,37.50004265694018,90.0,103.10232964513594,127.50004265694018,90.0,103.10232964513594
17.019999999999726,9.20000000001096,50.0,180.0,37.50004265694018,90.0,103.10232964513594,52.49995734305982,90.0,256.8976703548641
17.019999999999726,-9.921147013146935,50.0,182.50666467125194,42.43311260100972,90.0,105.16698203820413,47.56688739899028,90.0,254.83301796179586
17.039999999999726,-9.685831611290599,-50.0,184.9737977432637,41.23049657135682,90.0,107.2055177592397,131.2304965713568,90.0,122.2055177592397
17.039999999999726,8.400000000010976,-50.0,180.0,37.77088010090521,90.0,103.07095711264597,127.7708801009052,90.0,103.07095711264597
17.039999999999726,8.400000000010976,50.0,180.0,37.77088010090521,90.0,103.07095711264597,52.22911989909479,90.0,256.92904288735406
17.039999999999726,-9.685831611290599,50.0,184.9737977432637,41.23049657135682,90.0,107.2055177592397,48.76950342864318,90.0,252.79448224076032
17.059999999999725,-9.29776485888887,-50.0,187.36249105366144,39.99962033117262,90.0,109.22084993496188,129.99962033117262,90.0,124.22084993496188
17.059999999999725,7.6000000000109935,-50.0,180.0,38.040294268604555,90.0,103.04244008933688,128.04029426860455,90.0,103.04244008933688
17.059999999999725,7.6000000000109935,50.0,180.0,38.040294268604555,90.0,103.04244008933688,51.959705731395445,90.0,256.9575599106631
17.059999999999725,-9.29776485888887,50.0,187.36249105366144,39.99962033117262,90.0,109.22084993496188,50.00037966882738,90.0,250.77915006503812
17.079999999999725,-8.763066800446968,-50.0,189.635073482004,38.76165984778958,90.0,111.17989769380519,128.7616598477896,90.0,126.17989769380519
17.079999999999725,6.800000000011011,-50.0,180.0,38.30827563272406,90.0,103.01677757940165,128.30827563272408,90.0,103.01677757940165
17.079999999999725,6.800000000011011,50.0,180.0,38.30827563272406,90.0,103.01677757940165,51.69172436727594,90.0,256.98322242059834
17.079999999999725,-8.763066800446968,50.0,189.635073482004,38.76165984778958,90.0,111.17989769380519,51.23834015221042,90.0,248.82010230619483
17.099999999999724,-8.090169943759657,-50.0,191.75570504582143,37.53870254256107,90.00000000000001,113.04810487205658,127.53870254256107,89.99999999999999,128.04810487205657
17.099999999999724,6.000000000011028,-50.0,180.0,38.574814600132065,90.0,102.99396869012598,128.57481460013207,90.0,102.99396869012598
17.099999999999724,6.000000000011028,50.0,180.0,38.574814600132065,90.0,102.99396869012598,51.425185399867935,90.0,257.006031309874
17.099999999999724,-8.090169943759657,50.0,191.75570504582143,37.53870254256107,90.00000000000001,113.04810487205658,52.46129745743893,90.00000000000001,246.95189512794343
17.119999999999724,-7.289686274225992,-50.0,193.6909421185485,36.3534210516618,90.0,114.78992473281536,126.3534210516618,90.0,129.78992473281536
17.119999999999724,5.200000000011045,-50.0,180.0,38.83990151483226,90.0,102.97401263077587,128.83990151483226,90.0,102.97401263077587
17.119999999999724,5.200000000011045,50.0,180.0,38.83990151483226,90.0,102.97401263077587,51.16009848516774,90.0,257.02598736922414
17.119999999999724,-7.289686274225992,50.0,193.6909421185485,36.3534210516618,90.0,114.78992473281536,53.6465789483382,90.0,245.21007526718464
17.139999999999723,-6.374239897500286,-50.0,195.41026485549364,35.22863719150098,90.0,116.36955635572586,125.22863719150098,90.0,131.36955635572588
17.139999999999723,4.400000000011062,-50.0,180.0,39.10352666085793,90.0,102.95690871161064,129.10352666085794,90.0,102.95690871161064
17.139999999999723,4.400000000011062,50.0,180.0,39.10352666085793,90.0,102.95690871161064,50.89647333914207,90.0,257.04309128838935
17.139999999999723,-6.374239897500286,50.0,195.41026485549364,35.22863719150098,90.0,116.36955635572586,54.77136280849902,90.0,243.63044364427412
17.159999999999723,-5.35826794980466,-50.0,196.88655851002164,34.186752410677435,90.0,117.75197322527342,124.18675241067743,90.0,132.75197322527342
17.159999999999723,3.600000000011079,-50.0,180.0,39.36568026510673,90.0,102.94265634302069,129.36568026510673,90.0,102.94265634302069
17.159999999999723,3.600000000011079,50.0,180.0,39.36568026510673,90.0,102.94265634302069,50.63431973489327,90.0,257.0573436569793
17.159999999999723,-5.35826794980466,50.0,196.88655851002164,34.186752410677435,90.0,117.75197322527342,55.813247589322565,90.0,242.24802677472658
17.179999999999723,-4.2577929156664975,-50.0,198.09654104930556,33.249039765101266,90.0,118.90424778545946,123.24903976510126,90.0,133.90424778545946
17.179999999999723,2.800000000011096,-50.0,180.0,39.626352500114855,90.0,102.93125503478967,129.62635250011485,90.0,102.93125503478967
17.179999999999723,2.800000000011096,50.0,180.0,39.626352500114855,90.0,102.93125503478967,50.373647499885145,90.0,257.0687449652103
17.179999999999723,-4.2577929156664975,50.0,198.09654104930556,33.249039765101266,90.0,118.90424778545946,56.750960234898734,90.0,241.09575221454054
17.199999999999722,-3.0901699437660772,-50.0,199.02113032589227,32.43482337718367,90.0,119.79711610918791,122.43482337718368,90.0,134.79711610918793
17.199999999999722,2.000000000011113,-50.0,180.0,39.885533486769205,90.0,102.92270439548047,129.8855334867692,90.0,102.92270439548047
17.199999999999722,2.000000000011113,50.0,180.0,39.885533486769205,90.0,102.92270439548047,50.114466513230795,90.0,257.0772956045195
17.199999999999722,-3.0901699437660772,50.0,199.02113032589227,32.43482337718367,90.0,119.79711610918791,57.56517662281633,90.0,240.20288389081207
17.21999999999972,-1.8738131458744192,-50.0,199.6457450145672,31.760610659474562,90.0,120.40665142718926,121.76061065947457,90.0,135.40665142718927
17.21999999999972,1.20000000001113,-50.0,180.0,40.14321329695677,90.0,102.9170041319442,130.1432132969568,90.0,102.9170041319442
17.21999999999972,1.20000000001113,50.0,180.0,40.14321329695677,90.0,102.9170041319442,49.85678670304323,90.0,257.08299586805583
17.21999999999972,-1.8738131458744192,50.0,199.6457450145672,31.760610659474562,90.0,120.40665142718926,58.239389340525435,90.0,239.59334857281073
17.23999999999972,-0.627905195310609,-50.0,199.96053456856322,31.23928001342679,90.0,120.71584368328566,121.2392800134268,90.0,135.71584368328564
17.23999999999972,0.400000000011147,-50.0,180.0,40.399381956149654,90.0,102.9141540489525,130.39938195614965,90.0,102.9141540489525
17.23999999999972,0.400000000011147,50.0,180.0,40.399381956149654,90.0,102.9141540489525,49.600618043850346,90.0,257.08584595104753
17.23999999999972,-0.627905195310609,50.0,199.96053456856322,31.23928001342679,90.0,120.71584368328566,58.76071998657321,90.0,239.28415631671436
17.25999999999972,0.6279051952756315,-50.0,199.96053456856762,30.879447014831825,90.0,120.71584368329,120.87944701483183,90.0,135.71584368329002
17.25999999999972,-0.39999999998883595,-50.0,180.0,40.654029445924415,90.0,102.91415404895247,130.6540294459244,90.0,102.91415404895247
17.25999999999972,-0.39999999998883595,50.0,180.0,40.654029445924415,90.0,102.91415404895247,49.345970554075585,90.0,257.08584595104753
17.25999999999972,0.6279051952756315,50.0,199.96053456856762,30.879447014831825,90.0,120.71584368329,59.120552985168175,90.0,239.28415631670998
17.27999999999972,1.8738131458399934,-50.0,199.64574501458037,30.685121347374814,90.0,120.40665142720216,120.68512134737482,90.0,135.40665142720218
17.27999999999972,-1.199999999988819,-50.0,180.0,40.90714570641487,90.0,102.91700413194408,130.90714570641487,90.0,102.91700413194408
17.27999999999972,-1.199999999988819,50.0,180.0,40.90714570641487,90.0,102.91700413194408,49.09285429358513,90.0,257.08299586805595
17.27999999999972,1.8738131458399934,50.0,199.64574501458037,30.685121347374814,90.0,120.40665142720216,59.31487865262518,90.0,239.59334857279782
17.29999999999972,3.090169943732744,-50.0,199.02113032591393,30.655721134927738,90.0,119.79711610920894,120.65572113492775,90.0,134.79711610920896
17.29999999999972,-1.9999999999888018,-50.0,180.0,41.15872063869626,90.0,102.92270439548027,131.15872063869625,90.0,102.92270439548027
17.29999999999972,-1.9999999999888018,50.0,180.0,41.15872063869626,90.0,102.92270439548027,48.84127936130374,90.0,257.07729560451975
17.29999999999972,3.090169943732744,50.0,199.02113032591393,30.655721134927738,90.0,119.79711610920894,59.34427886507226,90.0,240.20288389079104
17.31999999999972,4.257792915634787,-50.0,198.0965410493354,30.78644242053135,90.0,118.90424778548811,120.78644242053136,90.0,133.9042477854881
17.31999999999972,-2.799999999988785,-50.0,180.0,41.40874410709996,90.0,102.93125503478939,131.40874410709995,90.0,102.93125503478939
17.31999999999972,-2.799999999988785,50.0,180.0,41.40874410709996,90.0,102.93125503478939,48.59125589290004,90.0,257.0687449652106
17.31999999999972,4.257792915634787,50.0,198.0965410493354,30.78644242053135,90.0,118.90424778548811,59.21355757946865,90.0,241.0957522145119
17.33999999999972,5.358267949775067,-50.0,196.88655851005922,31.06891257773429,90.0,117.75197322530889,121.0689125777343,90.0,132.7519732253089
17.33999999999972,-3.5999999999887677,-50.0,180.0,41.65720594145708,90.0,102.94265634302032,131.65720594145708,90.0,102.94265634302032
17.33999999999972,-3.5999999999887677,50.0,180.0,41.65720594145708,90.0,102.94265634302032,48.34279405854292,90.0,257.0573436569797
17.33999999999972,5.358267949775067,50.0,196.88655851005922,31.06891257773429,90.0,117.75197322530889,58.931087422265705,90.0,242.2480267746911
17.35999999999972,6.374239897473282,-50.0,195.41026485553832,31.492010661334348,90.0,116.36955635576737,121.49201066133435,90.0,131.36955635576737
17.35999999999972,-4.399999999988751,-50.0,180.0,41.90409593926939,90.0,102.95690871161021,131.90409593926938,90.0,102.95690871161021
17.35999999999972,-4.399999999988751,50.0,180.0,41.90409593926939,90.0,102.95690871161021,48.09590406073061,90.0,257.0430912883898
17.35999999999972,6.374239897473282,50.0,195.41026485553832,31.492010661334348,90.0,116.36955635576737,58.50798933866565,90.0,243.63044364423263
17.37999999999972,7.2896862742019986,-50.0,193.69094211859957,32.04272671275882,90.0,114.78992473286179,122.04272671275882,90.0,129.78992473286178
17.37999999999972,-5.199999999988734,-50.0,180.0,42.1494038678061,90.0,102.97401263077538,132.1494038678061,90.0,102.97401263077538
17.37999999999972,-5.199999999988734,50.0,180.0,42.1494038678061,90.0,102.97401263077538,47.8505961321939,90.0,257.0259873692246
17.37999999999972,7.2896862742019986,50.0,193.69094211859957,32.04272671275882,90.0,114.78992473286179,57.95727328724118,90.0,245.21007526713822
17.399999999999718,8.090169943739056,-50.0,191.75570504587813,32.706952081171934,90.0,113.04810487210712,122.70695208117193,90.0,128.0481048721071
17.399999999999718,-5.999999999988717,-50.0,180.0,42.39311946612506,90.0,102.99396869012539,132.39311946612506,90.0,102.99396869012539
17.399999999999718,-5.999999999988717,50.0,180.0,42.39311946612506,90.0,102.99396869012539,47.60688053387494,90.0,257.00603130987463
17.399999999999718,8.090169943739056,50.0,191.75570504587813,32.706952081171934,90.0,113.04810487210712,57.293047918828066,90.0,246.9518951278929
17.419999999999717,8.763066800430083,-50.0,189.63507348206542,33.470130074847766,90.0,111.17989769385868,123.47013007484776,90.0,126.17989769385868
17.419999999999717,-6.7999999999886995,-50.0,180.0,42.635232447016584,90.0,103.01677757940097,132.6352324470166,90.0,103.01677757940097
17.419999999999717,-6.7999999999886995,50.0,180.0,42.635232447016584,90.0,103.01677757940097,47.364767552983416,90.0,256.983222420599
17.419999999999717,8.763066800430083,50.0,189.63507348206542,33.470130074847766,90.0,111.17989769385868,56.529869925152234,90.0,248.82010230614134
17.439999999999717,9.297764858875968,-50.0,187.36249105372661,34.31773560496901,90.0,109.22084993501748,124.31773560496902,90.0,124.22084993501748
17.439999999999717,-7.5999999999886825,-50.0,180.0,42.87573249886854,90.0,103.04244008933613,132.87573249886853,90.0,103.04244008933613
17.439999999999717,-7.5999999999886825,50.0,180.0,42.87573249886854,90.0,103.04244008933613,47.12426750113146,90.0,256.95755991066386
17.439999999999717,9.297764858875968,50.0,187.36249105372661,34.31773560496901,90.0,109.22084993501748,55.68226439503099,90.0,250.7791500649825
17.459999999999717,9.685831611281884,-50.0,184.97379774333157,35.235583805984284,90.0,107.20551775929638,125.23558380598428,90.0,122.20551775929638
17.459999999999717,-8.399999999988665,-50.0,180.0,43.114609287450726,90.0,103.07095711264513,133.11460928745072,90.0,103.07095711264513
17.459999999999717,-8.399999999988665,50.0,180.0,43.114609287450726,90.0,103.07095711264513,46.885390712549274,90.0,256.92904288735485
17.459999999999717,9.685831611281884,50.0,184.97379774333157,35.235583805984284,90.0,107.20551775929638,54.764416194015716,90.0,252.79448224070362
17.479999999999716,9.921147013142543,-50.0,182.50666467132146,36.209987337638616,90.00000000000001,105.16698203826098,126.20998733763861,89.99999999999999,120.16698203826098
17.479999999999716,-9.199999999988648,-50.0,180.0,43.3518524576172,90.0,103.10232964513501,133.3518524576172,90.0,103.10232964513501
17.479999999999716,-9.199999999988648,50.0,180.0,43.3518524576172,90.0,103.10232964513501,46.6481475423828,90.0,256.897670354865
17.479999999999716,9.921147013142543,50.0,182.50666467132146,36.209987337638616,90.00000000000001,105.16698203826098,53.790012662361384,90.00000000000001,254.83301796173902
17.499999999999716,10.0,-50.0,180.00000000003573,37.22779139518481,90.0,103.13655878697351,127.22779139518481,90.0,118.13655878697351
17.499999999999716,-9.999999999988631,-50.0,180.0,43.58745163492467,90.0,103.13655878694435,133.58745163492466,90.0,103.13655878694435
17.499999999999716,-9.999999999988631,50.0,180.0,43.58745163492467,90.0,103.13655878694435,46.41254836507533,90.0,256.86344121305564
17.499999999999716,10.0,50.0,180.00000000003573,37.22779139518481,90.0,103.13655878697351,52.77220860481519,90.0,256.8634412130265
17.519999999999715,9.200000000011386,-50.0,180.0,37.50004265694003,90.0,103.10232964513595,127.50004265694002,90.0,118.10232964513595
17.519999999999715,-9.92114701314702,-50.0,182.5066646712506,42.43311260101037,90.0,105.16698203820303,132.43311260101038,90.0,105.16698203820303
17.519999999999715,-9.92114701314702,50.0,182.5066646712506,42.43311260101037,90.0,105.16698203820303,47.56688739898963,90.0,254.83301796179697
17.519999999999715,9.200000000011386,50.0,180.0,37.50004265694003,90.0,103.10232964513595,52.49995734305997,90.0,256.89767035486403
17.539999999999715,8.400000000011403,-50.0,180.0,37.77088010090506,90.0,103.07095711264598,127.77088010090506,90.0,118.07095711264598
17.539999999999715,-9.685831611290766,-50.0,184.9737977432624,41.23049657135747,90.0,107.2055177592386,131.23049657135746,90.0,107.2055177592386
17.539999999999715,-9.685831611290766,50.0,184.9737977432624,41.23049657135747,90.0,107.2055177592386,48.76950342864253,90.0,252.7944822407614
17.539999999999715,8.400000000011403,50.0,180.0,37.77088010090506,90.0,103.07095711264598,52.22911989909494,90.0,256.929042887354
17.559999999999715,7.60000000001142,-50.0,180.0,38.04029426860441,90.0,103.04244008933689,128.0402942686044,90.0,118.04244008933689
17.559999999999715,-9.297764858889117,-50.0,187.3624910536602,39.999620331173276,90.0,109.22084993496082,129.99962033117328,90.0,109.22084993496082
17.559999999999715,-9.297764858889117,50.0,187.3624910536602,39.999620331173276,90.0,109.22084993496082,50.000379668826724,90.0,250.77915006503918
17.559999999999715,7.60000000001142,50.0,180.0,38.04029426860441,90.0,103.04244008933689,51.95970573139559,90.0,256.9575599106631
17.579999999999714,6.800000000011437,-50.0,180.0,38.308275632723905,90.0,103.01677757940166,128.3082756327239,90.0,118.01677757940166
17.579999999999714,-8.763066800447291,-50.0,189.6350734820028,38.76165984779026,90.0,111.17989769380411,128.76165984779027,90.0,111.17989769380411
17.579999999999714,-8.763066800447291,50.0,189.6350734820028,38.76165984779026,90.0,111.17989769380411,51.23834015220974,90.0,248.8201023061959
17.579999999999714,6.800000000011437,50.0,180.0,38.308275632723905,90.0,103.01677757940166,51.691724367276095,90.0,256.98322242059834
17.599999999999714,6.000000000011454,-50.0,180.0,38.57481460013192,90.0,102.993968690126,128.57481460013193,90.0,117.993968690126
17.599999999999714,-8.090169943760051,-50.0,191.75570504582035,37.5387025425617,90.0,113.04810487205565,127.53870254256171,90.0,113.04810487205565
17.599999999999714,-8.090169943760051,50.0,191.75570504582035,37.5387025425617,90.0,113.04810487205565,52.4612974574383,90.0,246.95189512794434
17.599999999999714,6.000000000011454,50.0,180.0,38.57481460013192,90.0,102.993968690126,51.42518539986808,90.0,257.006031309874
17.619999999999713,5.200000000011471,-50.0,180.0,38.83990151483211,90.0,102.9740126307759,128.8399015148321,90.0,117.9740126307759
17.619999999999713,-7.28968627422645,-50.0,193.6909421185475,36.353421051662444,90.0,114.78992473281444,126.35342105166245,90.0,114.78992473281444
17.619999999999713,-7.28968627422645,50.0,193.6909421185475,36.353421051662444,90.0,114.78992473281444,53.646578948337556,90.0,245.21007526718557
17.619999999999713,5.200000000011471,50.0,180.0,38.83990151483211,90.0,102.9740126307759,51.16009848516789,90.0,257.0259873692241
17.639999999999713,4.400000000011488,-50.0,180.0,39.10352666085778,90.0,102.95690871161065,129.10352666085777,90.0,117.95690871161065
17.639999999999713,-6.374239897500802,-50.0,195.41026485549278,35.22863719150153,90.0,116.36955635572514,125.22863719150152,90.0,116.36955635572514
17.639999999999713,-6.374239897500802,50.0,195.41026485549278,35.22863719150153,90.0,116.36955635572514,54.77136280849847,90.0,243.63044364427486
17.639999999999713,4.400000000011488,50.0,180.0,39.10352666085778,90.0,102.95690871161065,50.89647333914222,90.0,257.04309128838935
17.659999999999712,3.600000000011505,-50.0,180.0,39.36568026510659,90.0,102.94265634302069,129.3656802651066,90.0,117.94265634302069
17.659999999999712,-5.358267949805224,-50.0,196.88655851002093,34.18675241067796,90.0,117.75197322527275,124.18675241067797,90.0,117.75197322527275
17.659999999999712,-5.358267949805224,50.0,196.88655851002093,34.18675241067796,90.0,117.75197322527275,55.81324758932204,90.0,242.24802677472724
17.659999999999712,3.600000000011505,50.0,180.0,39.36568026510659,90.0,102.94265634302069,50.63431973489341,90.0,257.0573436569793
17.679999999999712,2.800000000011522,-50.0,180.0,39.626352500114706,90.0,102.93125503478969,129.6263525001147,90.0,117.93125503478969
17.679999999999712,-4.257792915667103,-50.0,198.096541049305,33.24903976510172,90.0,118.90424778545895,123.24903976510171,90.0,118.90424778545895
17.679999999999712,-4.257792915667103,50.0,198.096541049305,33.24903976510172,90.0,118.90424778545895,56.75096023489828,90.0,241.09575221454105
17.679999999999712,2.800000000011522,50.0,180.0,39.626352500114706,90.0,102.93125503478969,50.373647499885294,90.0,257.0687449652103
17.69999999999971,2.000000000011539,-50.0,180.0,39.88553348676906,90.0,102.92270439548048,129.88553348676908,90.0,117.92270439548048
17.69999999999971,-3.090169943766713,-50.0,199.02113032589187,32.434823377184074,90.0,119.7971161091875,122.43482337718407,90.0,119.7971161091875
17.69999999999971,-3.090169943766713,50.0,199.02113032589187,32.434823377184074,90.0,119.7971161091875,57.565176622815926,90.0,240.2028838908125
17.69999999999971,2.000000000011539,50.0,180.0,39.88553348676906,90.0,102.92270439548048,50.11446651323094,90.0,257.0772956045195
17.71999999999971,1.2000000000115563,-50.0,180.0,40.14321329695664,90.0,102.9170041319442,130.14321329695665,90.0,117.9170041319442
17.71999999999971,-1.873813145875078,-50.0,199.64574501456696,31.760610659474896,90.00000000000001,120.406651427189,121.76061065947489,89.99999999999999,120.406651427189
17.71999999999971,-1.873813145875078,50.0,199.64574501456696,31.760610659474896,90.00000000000001,120.406651427189,58.23938934052511,90.00000000000001,239.593348572811
17.71999999999971,1.2000000000115563,50.0,180.0,40.14321329695664,90.0,102.9170041319442,49.85678670304336,90.0,257.08299586805583
17.73999999999971,0.4000000000115733,-50.0,180.0,40.3993819561495,90.0,102.91415404895253,130.3993819561495,90.0,117.91415404895253
17.73999999999971,-0.6279051953112781,-50.0,199.96053456856316,31.23928001342701,90.00000000000001,120.71584368328561,121.239280013427,89.99999999999999,120.71584368328561
17.73999999999971,-0.6279051953112781,50.0,199.96053456856316,31.23928001342701,90.00000000000001,120.71584368328561,58.760719986572994,90.00000000000001,239.2841563167144
17.73999999999971,0.4000000000115733,50.0,180.0,40.3993819561495,90.0,102.91415404895253,49.6006180438505,90.0,257.0858459510475
17.75999999999971,-0.3999999999884096,-50.0,180.0,40.65402944592428,90.0,102.91415404895247,130.65402944592427,90.0,117.91415404895247
17.75999999999971,0.6279051952749624,-50.0,199.9605345685677,30.879447014831992,90.00000000000001,120.71584368329006,120.879447014832,89.99999999999999,120.71584368329006
17.75999999999971,0.6279051952749624,50.0,199.9605345685677,30.879447014831992,90.00000000000001,120.71584368329006,59.120552985168004,90.00000000000001,239.28415631670993
17.75999999999971,-0.3999999999884096,50.0,180.0,40.65402944592428,90.0,102.91415404895247,49.34597055407572,90.0,257.08584595104753
17.77999999999971,-1.1999999999883926,-50.0,180.0,40.90714570641473,90.0,102.91700413194408,130.90714570641472,90.0,117.91700413194408
17.77999999999971,1.8738131458393348,-50.0,199.6457450145806,30.68512134737487,90.0,120.40665142720242,120.68512134737487,90.0,120.40665142720242
17.77999999999971,1.8738131458393348,50.0,199.6457450145806,30.68512134737487,90.0,120.40665142720242,59.314878652625126,90.0,239.5933485727976
17.77999999999971,-1.1999999999883926,50.0,180.0,40.90714570641473,90.0,102.91700413194408,49.09285429358527,90.0,257.08299586805595
17.79999999999971,-1.9999999999883755,-50.0,180.0,41.158720638696124,90.0,102.92270439548027,131.15872063869614,90.0,117.92270439548027
17.79999999999971,3.0901699437321084,-50.0,199.02113032591436,30.6557211349277,90.00000000000001,119.79711610920936,120.6557211349277,89.99999999999999,119.79711610920936
17.79999999999971,3.0901699437321084,50.0,199.02113032591436,30.6557211349277,90.00000000000001,119.79711610920936,59.3442788650723,90.00000000000001,240.20288389079064
17.79999999999971,-1.9999999999883755,50.0,180.0,41.158720638696124,90.0,102.92270439548027,48.841279361303876,90.0,257.07729560451975
17.81999999999971,-2.7999999999883585,-50.0,180.0,41.40874410709983,90.0,102.93125503478939,131.40874410709984,90.0,117.93125503478939
17.81999999999971,4.25779291563418,-50.0,198.09654104933597,30.786442420531245,90.0,118.90424778548865,120.78644242053124,90.0,118.90424778548865
17.81999999999971,4.25779291563418,50.0,198.09654104933597,30.786442420531245,90.0,118.90424778548865,59.213557579468755,90.0,241.09575221451135
17.81999999999971,-2.7999999999883585,50.0,180.0,41.40874410709983,90.0,102.93125503478939,48.59125589290017,90.0,257.0687449652106
17.83999999999971,-3.5999999999883414,-50.0,180.0,41.65720594145695,90.0,102.94265634302032,131.65720594145694,90.0,117.94265634302032
17.83999999999971,5.358267949774501,-50.0,196.88655851005993,31.068912577734093,90.0,117.7519732253096,121.0689125777341,90.0,117.7519732253096
17.83999999999971,5.358267949774501,50.0,196.88655851005993,31.068912577734093,90.0,117.7519732253096,58.931087422265904,90.0,242.2480267746904
17.83999999999971,-3.5999999999883414,50.0,180.0,41.65720594145695,90.0,102.94265634302032,48.34279405854305,90.0,257.0573436569797
17.859999999999708,-4.399999999988324,-50.0,180.0,41.904095939269254,90.0,102.95690871161021,131.90409593926927,90.0,117.95690871161021
17.859999999999708,6.374239897472766,-50.0,195.41026485553917,31.492010661334085,90.0,116.36955635576815,121.49201066133409,90.0,116.36955635576815
17.859999999999708,6.374239897472766,50.0,195.41026485553917,31.492010661334085,90.0,116.36955635576815,58.507989338665915,90.0,243.63044364423183
17.859999999999708,-4.399999999988324,50.0,180.0,41.904095939269254,90.0,102.95690871161021,48.095904060730746,90.0,257.0430912883898
17.879999999999708,-5.199999999988307,-50.0,180.0,42.14940386780599,90.0,102.97401263077536,132.14940386780597,90.0,117.97401263077536
17.879999999999708,7.289686274201543,-50.0,193.69094211860056,32.04272671275848,90.0,114.78992473286272,122.04272671275848,90.0,114.78992473286272
17.879999999999708,7.289686274201543,50.0,193.69094211860056,32.04272671275848,90.0,114.78992473286272,57.95727328724152,90.0,245.21007526713728
17.879999999999708,-5.199999999988307,50.0,180.0,42.14940386780599,90.0,102.97401263077536,47.85059613219401,90.0,257.02598736922465
17.899999999999707,-5.99999999998829,-50.0,180.0,42.393119466124936,90.0,102.99396869012537,132.39311946612494,90.0,117.99396869012537
17.899999999999707,8.090169943738662,-50.0,191.7557050458792,32.70695208117156,90.0,113.04810487210808,122.70695208117155,90.0,113.04810487210808
17.899999999999707,8.090169943738662,50.0,191.7557050458792,32.70695208117156,90.0,113.04810487210808,57.29304791882844,90.0,246.95189512789193
17.899999999999707,-5.99999999998829,50.0,180.0,42.393119466124936,90.0,102.99396869012537,47.606880533875064,90.0,257.00603130987463
17.919999999999707,-6.799999999988273,-50.0,180.0,42.63523244701647,90.0,103.01677757940094,132.63523244701648,90.0,118.01677757940094
17.919999999999707,8.763066800429762,-50.0,189.6350734820666,33.47013007484733,90.0,111.1798976938597,123.47013007484733,90.0,111.1798976938597
17.919999999999707,8.763066800429762,50.0,189.6350734820666,33.47013007484733,90.0,111.1798976938597,56.52986992515267,90.0,248.8201023061403
17.919999999999707,-6.799999999988273,50.0,180.0,42.63523244701647,90.0,103.01677757940094,47.36476755298353,90.0,256.9832224205991
17.939999999999706,-7.599999999988256,-50.0,180.0,42.87573249886842,90.0,103.0424400893361,132.87573249886842,90.0,118.0424400893361
17.939999999999706,9.297764858875722,-50.0,187.36249105372787,34.31773560496855,90.00000000000001,109.22084993501852,124.31773560496855,89.99999999999999,109.22084993501852
17.939999999999706,9.297764858875722,50.0,187.36249105372787,34.31773560496855,90.00000000000001,109.22084993501852,55.68226439503145,90.00000000000001,250.77915006498148
17.939999999999706,-7.599999999988256,50.0,180.0,42.87573249886842,90.0,103.0424400893361,47.12426750113158,90.0,256.9575599106639
17.959999999999706,-8.399999999988239,-50.0,180.0,43.11460928745059,90.0,103.07095711264513,133.1146092874506,90.0,118.07095711264513
17.959999999999706,9.685831611281717,-50.0,184.97379774333288,35.23558380598379,90.0,107.20551775929745,125.2355838059838,90.0,107.20551775929745
17.959999999999706,9.685831611281717,50.0,184.97379774333288,35.23558380598379,90.0,107.20551775929745,54.76441619401621,90.0,252.79448224070256
17.959999999999706,-8.399999999988239,50.0,180.0,43.11460928745059,90.0,103.07095711264513,46.88539071254941,90.0,256.92904288735485
17.979999999999706,-9.199999999988222,-50.0,180.0,43.35185245761707,90.0,103.102329645135,133.35185245761707,90.0,118.102329645135
17.979999999999706,9.921147013142459,-50.0,182.5066646713228,36.209987337638076,90.0,105.16698203826208,126.20998733763807,90.0,105.16698203826208
17.979999999999706,9.921147013142459,50.0,182.5066646713228,36.209987337638076,90.0,105.16698203826208,53.790012662361924,90.0,254.83301796173794
17.979999999999706,-9.199999999988222,50.0,180.0,43.35185245761707,90.0,103.102329645135,46.64814754238293,90.0,256.897670354865
17.999999999999705,-9.999999999988205,-50.0,180.0,43.587451634924534,90.0,103.13655878694432,133.58745163492455,90.0,118.13655878694432
17.999999999999705,10.0,-50.0,180.00000000003706,37.22779139518427,90.0,103.13655878697459,127.22779139518427,90.0,103.13655878697459
17.999999999999705,10.0,50.0,180.00000000003706,37.22779139518427,90.0,103.13655878697459,52.77220860481573,90.0,256.8634412130254
17.999999999999705,-9.999999999988205,50.0,180.0,43.587451634924534,90.0,103.13655878694432,46.412548365075466,90.0,256.8634412130557
18.019999999999705,-9.921147013147104,-50.0,182.50666467124927,42.43311260101099,90.00000000000001,105.16698203820194,132.43311260101098,89.99999999999999,120.16698203820194
18.019999999999705,9.200000000011812,-50.0,180.0,37.50004265693989,90.0,103.10232964513597,127.50004265693988,90.0,103.10232964513597
18.019999999999705,9.200000000011812,50.0,180.0,37.50004265693989,90.0,103.10232964513597,52.49995734306011,90.0,256.89767035486403
18.019999999999705,-9.921147013147104,50.0,182.50666467124927,42.43311260101099,90.00000000000001,105.16698203820194,47.56688739898901,90.00000000000001,254.83301796179808
18.039999999999704,-9.685831611290933,-50.0,184.9737977432611,41.230496571358124,90.0,107.2055177592375,131.23049657135812,90.0,122.2055177592375
18.039999999999704,8.40000000001183,-50.0,180.0,37.770880100904925,90.0,103.07095711264598,127.77088010090492,90.0,103.07095711264598
18.039999999999704,8.40000000001183,50.0,180.0,37.770880100904925,90.0,103.07095711264598,52.229119899095075,90.0,256.929042887354
18.039999999999704,-9.685831611290933,50.0,184.9737977432611,41.230496571358124,90.0,107.2055177592375,48.769503428641876,90.0,252.7944822407625
18.059999999999704,-9.297764858889364,-50.0,187.36249105365894,39.999620331173965,90.0,109.22084993495973,129.99962033117396,90.0,124.22084993495973
18.059999999999704,7.600000000011846,-50.0,180.0,38.040294268604256,90.0,103.04244008933692,128.04029426860427,90.0,103.04244008933692
18.059999999999704,7.600000000011846,50.0,180.0,38.040294268604256,90.0,103.04244008933692,51.959705731395744,90.0,256.95755991066306
18.059999999999704,-9.297764858889364,50.0,187.36249105365894,39.999620331173965,90.0,109.22084993495973,50.000379668826035,90.0,250.77915006504026
18.079999999999703,-8.763066800447612,-50.0,189.63507348200164,38.761659847790916,90.0,111.17989769380308,128.76165984779092,90.0,126.17989769380308
18.079999999999703,6.800000000011863,-50.0,180.0,38.30827563272377,90.0,103.01677757940166,128.30827563272376,90.0,103.01677757940166
18.079999999999703,6.800000000011863,50.0,180.0,38.30827563272377,90.0,103.01677757940166,51.69172436727623,90.0,256.98322242059834
18.079999999999703,-8.763066800447612,50.0,189.63507348200164,38.761659847790916,90.0,111.17989769380308,51.238340152209084,90.0,248.82010230619693
18.099999999999703,-8.090169943760444,-50.0,191.75570504581927,37.53870254256235,90.0,113.04810487205468,127.53870254256235,90.0,128.0481048720547
18.099999999999703,6.00000000001188,-50.0,180.0,38.57481460013178,90.0,102.993968690126,128.5748146001318,90.0,102.993968690126
18.099999999999703,6.00000000001188,50.0,180.0,38.57481460013178,90.0,102.993968690126,51.42518539986822,90.0,257.006031309874
18.099999999999703,-8.090169943760444,50.0,191.75570504581927,37.53870254256235,90.0,113.04810487205468,52.46129745743765,90.0,246.9518951279453
18.119999999999703,-7.289686274226908,-50.0,193.69094211854653,36.35342105166304,90.0,114.78992473281357,126.35342105166305,90.0,129.78992473281357
18.119999999999703,5.200000000011897,-50.0,180.0,38.83990151483198,90.0,102.9740126307759,128.83990151483198,90.0,102.9740126307759
18.119999999999703,5.200000000011897,50.0,180.0,38.83990151483198,90.0,102.9740126307759,51.16009848516802,90.0,257.0259873692241
18.119999999999703,-7.289686274226908,50.0,193.69094211854653,36.35342105166304,90.0,114.78992473281357,53.64657894833696,90.0,245.21007526718643
18.139999999999702,-6.374239897501317,-50.0,195.41026485549193,35.228637191502116,90.0,116.36955635572431,125.22863719150212,90.0,131.3695563557243
18.139999999999702,4.400000000011914,-50.0,180.0,39.103526660857646,90.0,102.95690871161065,129.10352666085765,90.0,102.95690871161065
18.139999999999702,4.400000000011914,50.0,180.0,39.103526660857646,90.0,102.95690871161065,50.896473339142354,90.0,257.04309128838935
18.139999999999702,-6.374239897501317,50.0,195.41026485549193,35.228637191502116,90.0,116.36955635572431,54.771362808497884,90.0,243.6304436442757
18.1599999999997,-5.358267949805791,-50.0,196.88655851002022,34.1867524106785,90.00000000000001,117.75197322527204,124.18675241067851,89.99999999999999,132.75197322527202
18.1599999999997,3.6000000000119314,-50.0,180.0,39.365680265106455,90.0,102.94265634302069,129.36568026510645,90.0,102.94265634302069
18.1599999999997,3.6000000000119314,50.0,180.0,39.365680265106455,90.0,102.94265634302069,50.634319734893545,90.0,257.0573436569793
18.1599999999997,-5.358267949805791,50.0,196.88655851002022,34.1867524106785,90.00000000000001,117.75197322527204,55.8132475893215,90.00000000000001,242.24802677472798
18.1799999999997,-4.25779291566771,-50.0,198.0965410493044,33.24903976510222,90.0,118.90424778545834,123.24903976510222,90.0,133.90424778545832
18.1799999999997,2.8000000000119485,-50.0,180.0,39.62635250011457,90.0,102.93125503478969,129.62635250011456,90.0,102.93125503478969
18.1799999999997,2.8000000000119485,50.0,180.0,39.62635250011457,90.0,102.93125503478969,50.37364749988543,90.0,257.0687449652103
18.1799999999997,-4.25779291566771,50.0,198.0965410493044,33.24903976510222,90.0,118.90424778545834,56.75096023489778,90.0,241.09575221454168
18.1999999999997,-3.090169943767351,-50.0,199.02113032589145,32.434823377184465,90.0,119.79711610918709,122.43482337718447,90.0,134.79711610918707
18.1999999999997,2.0000000000119655,-50.0,180.0,39.88553348676892,90.0,102.92270439548048,129.8855334867689,90.0,102.92270439548048
18.1999999999997,2.0000000000119655,50.0,180.0,39.88553348676892,90.0,102.92270439548048,50.11446651323108,90.0,257.0772956045195
18.1999999999997,-3.090169943767351,50.0,199.02113032589145,32.434823377184465,90.0,119.79711610918709,57.565176622815535,90.0,240.20288389081293
18.2199999999997,-1.8738131458757366,-50.0,199.64574501456673,31.760610659475187,90.0,120.40665142718883,121.76061065947519,90.0,135.40665142718882
18.2199999999997,1.2000000000119826,-50.0,180.0,40.143213296956496,90.0,102.9170041319442,130.1432132969565,90.0,102.9170041319442
18.2199999999997,1.2000000000119826,50.0,180.0,40.143213296956496,90.0,102.9170041319442,49.856786703043504,90.0,257.08299586805583
18.2199999999997,-1.8738131458757366,50.0,199.64574501456673,31.760610659475187,90.0,120.40665142718883,58.23938934052481,90.0,239.59334857281118
18.2399999999997,-0.6279051953119452,-50.0,199.96053456856305,31.23928001342725,90.0,120.71584368328551,121.23928001342725,90.0,135.71584368328553
18.2399999999997,0.40000000001199965,-50.0,180.0,40.39938195614936,90.0,102.91415404895253,130.39938195614937,90.0,102.91415404895253
18.2399999999997,0.40000000001199965,50.0,180.0,40.39938195614936,90.0,102.91415404895253,49.60061804385064,90.0,257.0858459510475
18.2399999999997,-0.6279051953119452,50.0,199.96053456856305,31.23928001342725,90.0,120.71584368328551,58.76071998657275,90.0,239.28415631671447
18.2599999999997,0.6279051952742952,-50.0,199.9605345685678,30.879447014832113,90.0,120.71584368329019,120.87944701483211,90.0,135.7158436832902
18.2599999999997,-0.3999999999879833,-50.0,180.0,40.654029445924145,90.0,102.91415404895247,130.65402944592415,90.0,102.91415404895247
18.2599999999997,-0.3999999999879833,50.0,180.0,40.654029445924145,90.0,102.91415404895247,49.345970554075855,90.0,257.08584595104753
18.2599999999997,0.6279051952742952,50.0,199.9605345685678,30.879447014832113,90.0,120.71584368329019,59.12055298516789,90.0,239.2841563167098
18.2799999999997,1.8738131458386784,-50.0,199.64574501458085,30.685121347374928,90.00000000000001,120.40665142720268,120.68512134737493,89.99999999999999,135.4066514272027
18.2799999999997,-1.1999999999879662,-50.0,180.0,40.90714570641461,90.0,102.91700413194405,130.9071457064146,90.0,102.91700413194405
18.2799999999997,-1.1999999999879662,50.0,180.0,40.90714570641461,90.0,102.91700413194405,49.09285429358539,90.0,257.08299586805595
18.2799999999997,1.8738131458386784,50.0,199.64574501458085,30.685121347374928,90.00000000000001,120.40665142720268,59.31487865262507,90.00000000000001,239.5933485727973
18.2999999999997,3.0901699437314707,-50.0,199.02113032591478,30.655721134927667,90.0,119.79711610920977,120.65572113492766,90.0,134.79711610920975
18.2999999999997,-1.9999999999879492,-50.0,180.0,41.15872063869598,90.0,102.92270439548027,131.15872063869597,90.0,102.92270439548027
18.2999999999997,-1.9999999999879492,50.0,180.0,41.15872063869598,90.0,102.92270439548027,48.84127936130402,90.0,257.07729560451975
18.2999999999997,3.0901699437314707,50.0,199.02113032591478,30.655721134927667,90.0,119.79711610920977,59.34427886507233,90.0,240.20288389079025
18.3199999999997,4.257792915633574,-50.0,198.09654104933654,30.786442420531134,90.00000000000001,118.9042477854892,120.78644242053113,89.99999999999999,133.9042477854892
18.3199999999997,-2.799999999987932,-50.0,180.0,41.40874410709969,90.0,102.93125503478939,131.4087441070997,90.0,102.93125503478939
18.3199999999997,-2.799999999987932,50.0,180.0,41.40874410709969,90.0,102.93125503478939,48.59125589290031,90.0,257.0687449652106
18.3199999999997,4.257792915633574,50.0,198.09654104933654,30.786442420531134,90.00000000000001,118.9042477854892,59.21355757946887,90.00000000000001,241.0957522145108
18.339999999999698,5.358267949773939,-50.0,196.88655851006064,31.068912577733908,90.0,117.75197322531025,121.06891257773391,90.0,132.75197322531025
18.339999999999698,-3.599999999987915,-50.0,180.0,41.65720594145683,90.0,102.94265634302029,131.65720594145682,90.0,102.94265634302029
18.339999999999698,-3.599999999987915,50.0,180.0,41.65720594145683,90.0,102.94265634302029,48.34279405854317,90.0,257.0573436569797
18.339999999999698,5.358267949773939,50.0,196.88655851006064,31.068912577733908,90.0,117.75197322531025,58.93108742226609,90.0,242.24802677468975
18.359999999999697,6.374239897472248,-50.0,195.41026485554002,31.492010661333833,90.0,116.36955635576895,121.49201066133384,90.0,131.36955635576896
18.359999999999697,-4.399999999987898,-50.0,180.0,41.90409593926913,90.0,102.95690871161018,131.90409593926913,90.0,102.95690871161018
18.359999999999697,-4.399999999987898,50.0,180.0,41.90409593926913,90.0,102.95690871161018,48.09590406073087,90.0,257.0430912883898
18.359999999999697,6.374239897472248,50.0,195.41026485554002,31.492010661333833,90.0,116.36955635576895,58.507989338666164,90.0,243.63044364423104
18.379999999999697,7.289686274201084,-50.0,193.69094211860153,32.042726712758174,90.0,114.78992473286358,122.04272671275817,90.0,129.7899247328636
18.379999999999697,-5.199999999987881,-50.0,180.0,42.149403867805844,90.0,102.97401263077536,132.14940386780586,90.0,102.97401263077536
18.379999999999697,-5.199999999987881,50.0,180.0,42.149403867805844,90.0,102.97401263077536,47.850596132194156,90.0,257.02598736922465
18.379999999999697,7.289686274201084,50.0,193.69094211860153,32.042726712758174,90.0,114.78992473286358,57.957273287241826,90.0,245.2100752671364
18.399999999999697,8.090169943738267,-50.0,191.75570504588032,32.70695208117115,90.0,113.04810487210906,122.70695208117115,90.0,128.04810487210906
18.399999999999697,-5.999999999987864,-50.0,180.0,42.3931194661248,90.0,102.99396869012537,132.3931194661248,90.0,102.99396869012537
18.399999999999697,-5.999999999987864,50.0,180.0,42.3931194661248,90.0,102.99396869012537,47.6068805338752,90.0,257.00603130987463
18.399999999999697,8.090169943738267,50.0,191.75570504588032,32.70695208117115,90.0,113.04810487210906,57.29304791882885,90.0,246.95189512789094
18.419999999999696,8.763066800429439,-50.0,189.63507348206775,33.47013007484691,90.0,111.17989769386072,123.4701300748469,90.0,126.17989769386072
18.419999999999696,-6.799999999987847,-50.0,180.0,42.635232447016335,90.0,103.01677757940094,132.63523244701634,90.0,103.01677757940094
18.419999999999696,-6.799999999987847,50.0,180.0,42.635232447016335,90.0,103.01677757940094,47.364767552983665,90.0,256.9832224205991
18.419999999999696,8.763066800429439,50.0,189.63507348206775,33.47013007484691,90.0,111.17989769386072,56.52986992515309,90.0,248.8201023061393
18.439999999999696,9.297764858875476,-50.0,187.36249105372912,34.31773560496808,90.0,109.22084993501957,124.31773560496808,90.0,124.22084993501957
18.439999999999696,-7.59999999998783,-50.0,180.0,42.87573249886829,90.0,103.0424400893361,132.87573249886827,90.0,103.0424400893361
18.439999999999696,-7.59999999998783,50.0,180.0,42.87573249886829,90.0,103.0424400893361,47.12426750113171,90.0,256.9575599106639
18.439999999999696,9.297764858875476,50.0,187.36249105372912,34.31773560496808,90.0,109.22084993501957,55.68226439503192,90.0,250.77915006498043
18.459999999999695,9.68583161128155,-50.0,184.9737977433342,35.235583805983275,90.0,107.20551775929854,125.23558380598328,90.0,122.20551775929854
18.459999999999695,-8.399999999987813,-50.0,180.0,43.11460928745046,90.0,103.0709571126451,133.11460928745046,90.0,103.0709571126451
18.459999999999695,-8.399999999987813,50.0,180.0,43.11460928745046,90.0,103.0709571126451,46.88539071254954,90.0,256.9290428873549
18.459999999999695,9.68583161128155,50.0,184.9737977433342,35.235583805983275,90.0,107.20551775929854,54.764416194016725,90.0,252.79448224070146
18.479999999999695,9.921147013142376,-50.0,182.50666467132413,36.209987337637536,90.0,105.16698203826319,126.20998733763753,90.0,120.16698203826319
18.479999999999695,-9.199999999987796,-50.0,180.0,43.35185245761695,90.0,103.10232964513497,133.35185245761696,90.0,103.10232964513497
18.479999999999695,-9.199999999987796,50.0,180.0,43.35185245761695,90.0,103.10232964513497,46.64814754238305,90.0,256.897670354865
18.479999999999695,9.921147013142376,50.0,182.50666467132413,36.209987337637536,90.0,105.16698203826319,53.790012662362464,90.0,254.8330179617368
18.499999999999694,10.0,-50.0,180.0000000000384,37.227791395183715,90.0,103.13655878697566,127.22779139518371,90.0,118.13655878697566
18.499999999999694,-9.999999999987779,-50.0,180.0,43.58745163492442,90.0,103.1365587869443,133.58745163492443,90.0,103.1365587869443
18.499999999999694,-9.999999999987779,50.0,180.0,43.58745163492442,90.0,103.1365587869443,46.41254836507558,90.0,256.8634412130557
18.499999999999694,10.0,50.0,180.0000000000384,37.227791395183715,90.0,103.13655878697566,52.772208604816285,90.0,256.8634412130243
18.519999999999694,9.200000000012238,-50.0,180.0,37.500042656939755,90.0,103.10232964513597,127.50004265693975,90.0,118.10232964513597
18.519999999999694,-9.921147013147188,-50.0,182.50666467124793,42.43311260101163,90.0,105.16698203820086,132.43311260101163,90.0,105.16698203820086
18.519999999999694,-9.921147013147188,50.0,182.50666467124793,42.43311260101163,90.0,105.16698203820086,47.56688739898837,90.0,254.83301796179916
18.519999999999694,9.200000000012238,50.0,180.0,37.500042656939755,90.0,103.10232964513597,52.499957343060245,90.0,256.89767035486403
18.539999999999694,8.400000000012255,-50.0,180.0,37.770880100904776,90.0,103.07095711264601,127.77088010090478,90.0,118.07095711264601
18.539999999999694,-9.6858316112911,-50.0,184.9737977432598,41.23049657135876,90.0,107.20551775923646,131.23049657135877,90.0,107.20551775923646
18.539999999999694,-9.6858316112911,50.0,184.9737977432598,41.23049657135876,90.0,107.20551775923646,48.76950342864124,90.0,252.79448224076356
18.539999999999694,8.400000000012255,50.0,180.0,37.770880100904776,90.0,103.07095711264601,52.229119899095224,90.0,256.929042887354
18.559999999999693,7.6000000000122725,-50.0,180.0,38.04029426860412,90.0,103.04244008933692,128.04029426860413,90.0,118.04244008933692
18.559999999999693,-9.297764858889611,-50.0,187.36249105365772,39.999620331174604,90.00000000000001,109.2208499349587,129.9996203311746,89.99999999999999,109.2208499349587
18.559999999999693,-9.297764858889611,50.0,187.36249105365772,39.999620331174604,90.00000000000001,109.2208499349587,50.000379668825396,90.00000000000001,250.7791500650413
18.559999999999693,7.6000000000122725,50.0,180.0,38.04029426860412,90.0,103.04244008933692,51.95970573139588,90.0,256.95755991066306
18.579999999999693,6.8000000000122895,-50.0,180.0,38.30827563272363,90.0,103.01677757940168,128.30827563272362,90.0,118.01677757940168
18.579999999999693,-8.763066800447936,-50.0,189.63507348200048,38.76165984779157,90.0,111.17989769380208,128.76165984779158,90.0,111.17989769380208
18.579999999999693,-8.763066800447936,50.0,189.63507348200048,38.76165984779157,90.0,111.17989769380208,51.23834015220843,90.0,248.82010230619792
18.579999999999693,6.8000000000122895,50.0,180.0,38.30827563272363,90.0,103.01677757940168,51.69172436727637,90.0,256.98322242059834
18.599999999999692,6.000000000012307,-50.0,180.0,38.57481460013164,90.0,102.99396869012602,128.57481460013165,90.0,117.99396869012602
18.599999999999692,-8.090169943760836,-50.0,191.7557050458182,37.538702542562994,90.0,113.0481048720537,127.53870254256299,90.0,113.0481048720537
18.599999999999692,-8.090169943760836,50.0,191.7557050458182,37.538702542562994,90.0,113.0481048720537,52.461297457437006,90.0,246.9518951279463
18.599999999999692,6.000000000012307,50.0,180.0,38.57481460013164,90.0,102.99396869012602,51.42518539986836,90.0,257.00603130987395
18.619999999999692,5.200000000012324,-50.0,180.0,38.83990151483184,90.0,102.9740126307759,128.83990151483184,90.0,117.9740126307759
18.619999999999692,-7.289686274227368,-50.0,193.69094211854554,36.35342105166369,90.0,114.78992473281264,126.35342105166369,90.0,114.78992473281264
18.619999999999692,-7.289686274227368,50.0,193.69094211854554,36.35342105166369,90.0,114.78992473281264,53.64657894833631,90.0,245.21007526718736
18.619999999999692,5.200000000012324,50.0,180.0,38.83990151483184,90.0,102.9740126307759,51.16009848516816,90.0,257.0259873692241
18.63999999999969,4.400000000012341,-50.0,180.0,39.10352666085751,90.0,102.95690871161065,129.1035266608575,90.0,117.95690871161065
18.63999999999969,-6.374239897501833,-50.0,195.41026485549108,35.228637191502685,90.0,116.36955635572356,125.22863719150268,90.0,116.36955635572356
18.63999999999969,-6.374239897501833,50.0,195.41026485549108,35.228637191502685,90.0,116.36955635572356,54.771362808497315,90.0,243.63044364427645
18.63999999999969,4.400000000012341,50.0,180.0,39.10352666085751,90.0,102.95690871161065,50.89647333914249,90.0,257.04309128838935
18.65999999999969,3.6000000000123578,-50.0,180.0,39.36568026510631,90.0,102.9426563430207,129.3656802651063,90.0,117.9426563430207
18.65999999999969,-5.358267949806357,-50.0,196.88655851001948,34.186752410679055,90.00000000000001,117.75197322527133,124.18675241067905,89.99999999999999,117.75197322527133
18.65999999999969,-5.358267949806357,50.0,196.88655851001948,34.186752410679055,90.00000000000001,117.75197322527133,55.813247589320945,90.00000000000001,242.24802677472866
18.65999999999969,3.6000000000123578,50.0,180.0,39.36568026510631,90.0,102.9426563430207,50.63431973489369,90.0,257.0573436569793
18.67999999999969,2.800000000012375,-50.0,180.0,39.62635250011443,90.0,102.93125503478969,129.62635250011442,90.0,117.93125503478969
18.67999999999969,-4.257792915668314,-50.0,198.09654104930382,33.249039765102694,90.0,118.90424778545778,123.2490397651027,90.0,118.90424778545778
18.67999999999969,-4.257792915668314,50.0,198.09654104930382,33.249039765102694,90.0,118.90424778545778,56.750960234897306,90.0,241.09575221454222
18.67999999999969,2.800000000012375,50.0,180.0,39.62635250011443,90.0,102.93125503478969,50.37364749988557,90.0,257.0687449652103
18.69999999999969,2.000000000012392,-50.0,180.0,39.885533486768786,90.0,102.92270439548048,129.8855334867688,90.0,117.92270439548048
18.69999999999969,-3.0901699437679864,-50.0,199.02113032589105,32.434823377184856,90.0,119.79711610918672,122.43482337718486,90.0,119.79711610918672
18.69999999999969,-3.0901699437679864,50.0,199.02113032589105,32.434823377184856,90.0,119.79711610918672,57.565176622815144,90.0,240.20288389081327
18.69999999999969,2.000000000012392,50.0,180.0,39.885533486768786,90.0,102.92270439548048,50.114466513231214,90.0,257.0772956045195
18.71999999999969,1.200000000012409,-50.0,180.0,40.14321329695637,90.0,102.9170041319442,130.14321329695636,90.0,117.9170041319442
18.71999999999969,-1.8738131458763931,-50.0,199.64574501456647,31.760610659475518,90.0,120.40665142718855,121.76061065947552,90.0,120.40665142718855
18.71999999999969,-1.8738131458763931,50.0,199.64574501456647,31.760610659475518,90.0,120.40665142718855,58.23938934052448,90.0,239.59334857281146
18.71999999999969,1.200000000012409,50.0,180.0,40.14321329695637,90.0,102.9170041319442,49.85678670304363,90.0,257.08299586805583
18.73999999999969,0.40000000001242597,-50.0,180.0,40.39938195614923,90.0,102.91415404895253,130.39938195614923,90.0,117.91415404895253
18.73999999999969,-0.6279051953126145,-50.0,199.960534568563,31.239280013427468,90.00000000000001,120.71584368328546,121.23928001342748,89.99999999999999,120.71584368328546
18.73999999999969,-0.6279051953126145,50.0,199.960534568563,31.239280013427468,90.00000000000001,120.71584368328546,58.76071998657253,90.00000000000001,239.28415631671453
18.73999999999969,0.40000000001242597,50.0,180.0,40.39938195614923,90.0,102.91415404895253,49.60061804385077,90.0,257.0858459510475
18.75999999999969,-0.399999999987557,-50.0,180.0,40.65402944592401,90.0,102.91415404895247,130.654029445924,90.0,117.91415404895247
18.75999999999969,0.627905195273626,-50.0,199.96053456856788,30.87944701483227,90.00000000000001,120.71584368329025,120.87944701483227,89.99999999999999,120.71584368329025
18.75999999999969,0.627905195273626,50.0,199.96053456856788,30.87944701483227,90.00000000000001,120.71584368329025,59.120552985167734,90.00000000000001,239.28415631670975
18.75999999999969,-0.399999999987557,50.0,180.0,40.65402944592401,90.0,102.91415404895247,49.34597055407599,90.0,257.08584595104753
18.77999999999969,-1.19999999998754,-50.0,180.0,40.90714570641448,90.0,102.91700413194405,130.9071457064145,90.0,117.91700413194405
18.77999999999969,1.8738131458380194,-50.0,199.6457450145811,30.685121347375016,90.0,120.40665142720287,120.68512134737502,90.0,120.40665142720287
18.77999999999969,1.8738131458380194,50.0,199.6457450145811,30.685121347375016,90.0,120.40665142720287,59.314878652624984,90.0,239.59334857279714
18.77999999999969,-1.19999999998754,50.0,180.0,40.90714570641448,90.0,102.91700413194405,49.09285429358552,90.0,257.08299586805595
18.799999999999688,-1.9999999999875229,-50.0,180.0,41.15872063869586,90.0,102.92270439548025,131.15872063869585,90.0,117.92270439548025
18.799999999999688,3.0901699437308325,-50.0,199.02113032591518,30.655721134927663,90.0,119.79711610921015,120.65572113492766,90.0,119.79711610921015
18.799999999999688,3.0901699437308325,50.0,199.02113032591518,30.655721134927663,90.0,119.79711610921015,59.34427886507234,90.0,240.20288389078985
18.799999999999688,-1.9999999999875229,50.0,180.0,41.15872063869586,90.0,102.92270439548025,48.84127936130414,90.0,257.07729560451975
18.819999999999688,-2.799999999987506,-50.0,180.0,41.40874410709956,90.0,102.93125503478939,131.40874410709955,90.0,117.93125503478939
18.819999999999688,4.257792915632967,-50.0,198.0965410493371,30.78644242053102,90.00000000000001,118.90424778548974,120.78644242053102,89.99999999999999,118.90424778548974
18.819999999999688,4.257792915632967,50.0,198.0965410493371,30.78644242053102,90.00000000000001,118.90424778548974,59.21355757946898,90.00000000000001,241.09575221451024
18.819999999999688,-2.799999999987506,50.0,180.0,41.40874410709956,90.0,102.93125503478939,48.59125589290044,90.0,257.0687449652106
18.839999999999687,-3.5999999999874888,-50.0,180.0,41.65720594145669,90.0,102.94265634302029,131.65720594145668,90.0,117.94265634302029
18.839999999999687,5.358267949773373,-50.0,196.88655851006138,31.0689125777337,90.0,117.75197322531098,121.0689125777337,90.0,117.75197322531098
18.839999999999687,5.358267949773373,50.0,196.88655851006138,31.0689125777337,90.0,117.75197322531098,58.9310874222663,90.0,242.24802677468904
18.839999999999687,-3.5999999999874888,50.0,180.0,41.65720594145669,90.0,102.94265634302029,48.34279405854331,90.0,257.0573436569797
18.859999999999687,-4.399999999987472,-50.0,180.0,41.904095939269006,90.0,102.95690871161018,131.904095939269,90.0,117.95690871161018
18.859999999999687,6.374239897471732,-50.0,195.41026485554087,31.49201066133357,90.00000000000001,116.36955635576973,121.49201066133357,89.99999999999999,116.36955635576973
18.859999999999687,6.374239897471732,50.0,195.41026485554087,31.49201066133357,90.00000000000001,116.36955635576973,58.507989338666434,90.00000000000001,243.63044364423027
18.859999999999687,-4.399999999987472,50.0,180.0,41.904095939269006,90.0,102.95690871161018,48.095904060730994,90.0,257.0430912883898
18.879999999999686,-5.199999999987455,-50.0,180.0,42.149403867805724,90.0,102.97401263077533,132.14940386780572,90.0,117.97401263077533
18.879999999999686,7.289686274200625,-50.0,193.6909421186025,32.04272671275784,90.0,114.78992473286449,122.04272671275784,90.0,114.78992473286449
18.879999999999686,7.289686274200625,50.0,193.6909421186025,32.04272671275784,90.0,114.78992473286449,57.95727328724216,90.0,245.2100752671355
18.879999999999686,-5.199999999987455,50.0,180.0,42.149403867805724,90.0,102.97401263077533,47.850596132194276,90.0,257.02598736922465
18.899999999999686,-5.999999999987438,-50.0,180.0,42.39311946612468,90.0,102.99396869012534,132.3931194661247,90.0,117.99396869012534
18.899999999999686,8.090169943737877,-50.0,191.7557050458814,32.70695208117077,90.0,113.04810487211004,122.70695208117077,90.0,113.04810487211004
18.899999999999686,8.090169943737877,50.0,191.7557050458814,32.70695208117077,90.0,113.04810487211004,57.29304791882923,90.0,246.95189512788994
18.899999999999686,-5.999999999987438,50.0,180.0,42.39311946612468,90.0,102.99396869012534,47.60688053387532,90.0,257.00603130987463
18.919999999999686,-6.7999999999874206,-50.0,180.0,42.63523244701621,90.0,103.01677757940092,132.63523244701622,90.0,118.01677757940092
18.919999999999686,8.763066800429115,-50.0,189.63507348206895,33.470130074846466,90.0,111.17989769386176,123.47013007484647,90.0,111.17989769386176
18.919999999999686,8.763066800429115,50.0,189.63507348206895,33.470130074846466,90.0,111.17989769386176,56.529869925153534,90.0,248.82010230613824
18.919999999999686,-6.7999999999874206,50.0,180.0,42.63523244701621,90.0,103.01677757940092,47.36476755298379,90.0,256.9832224205991
18.939999999999685,-7.5999999999874035,-50.0,180.0,42.87573249886815,90.0,103.04244008933608,132.87573249886816,90.0,118.04244008933608
18.939999999999685,9.29776485887523,-50.0,187.36249105373037,34.31773560496759,90.00000000000001,109.22084993502065,124.3177356049676,89.99999999999999,109.22084993502065
18.939999999999685,9.29776485887523,50.0,187.36249105373037,34.31773560496759,90.00000000000001,109.22084993502065,55.68226439503241,90.00000000000001,250.77915006497935
18.939999999999685,-7.5999999999874035,50.0,180.0,42.87573249886815,90.0,103.04244008933608,47.12426750113185,90.0,256.9575599106639
18.959999999999685,-8.399999999987386,-50.0,180.0,43.11460928745034,90.0,103.07095711264509,133.11460928745035,90.0,118.07095711264509
18.959999999999685,9.685831611281383,-50.0,184.97379774333547,35.235583805982785,90.0,107.2055177592996,125.23558380598278,90.0,107.2055177592996
18.959999999999685,9.685831611281383,50.0,184.97379774333547,35.235583805982785,90.0,107.2055177592996,54.764416194017215,90.0,252.7944822407004
18.959999999999685,-8.399999999987386,50.0,180.0,43.11460928745034,90.0,103.07095711264509,46.88539071254966,90.0,256.9290428873549
18.979999999999684,-9.19999999998737,-50.0,180.0,43.351852457616815,90.0,103.10232964513497,133.35185245761681,90.0,118.10232964513497
18.979999999999684,9.921147013142292,-50.0,182.50666467132547,36.209987337637,90.0,105.16698203826428,126.209987337637,90.0,105.16698203826428
18.979999999999684,9.921147013142292,50.0,182.50666467132547,36.209987337637,90.0,105.16698203826428,53.790012662363,90.0,254.83301796173572
18.979999999999684,-9.19999999998737,50.0,180.0,43.351852457616815,90.0,103.10232964513497,46.648147542383185,90.0,256.897670354865
18.999999999999684,-9.999999999987352,-50.0,180.0,43.58745163492429,90.0,103.13655878694428,133.5874516349243,90.0,118.13655878694428
18.999999999999684,10.0,-50.0,180.00000000003973,37.22779139518316,90.0,103.13655878697674,127.22779139518316,90.0,103.13655878697674
18.999999999999684,10.0,50.0,180.00000000003973,37.22779139518316,90.0,103.13655878697674,52.77220860481684,90.0,256.8634412130233
18.999999999999684,-9.999999999987352,50.0,180.0,43.58745163492429,90.0,103.13655878694428,46.41254836507571,90.0,256.8634412130557
19.019999999999683,-9.921147013147271,-50.0,182.5066646712466,42.43311260101227,90.0,105.16698203819976,132.43311260101228,90.0,120.16698203819976
19.019999999999683,9.200000000012665,-50.0,180.0,37.500042656939605,90.0,103.102329645136,127.5000426569396,90.0,103.102329645136
19.019999999999683,9.200000000012665,50.0,180.0,37.500042656939605,90.0,103.102329645136,52.499957343060395,90.0,256.897670354864
19.019999999999683,-9.921147013147271,50.0,182.5066646712466,42.43311260101227,90.0,105.16698203819976,47.56688739898773,90.0,254.83301796180024
19.039999999999683,-9.685831611291265,-50.0,184.9737977432585,41.23049657135942,90.0,107.20551775923536,131.23049657135942,90.0,122.20551775923536
19.039999999999683,8.400000000012682,-50.0,180.0,37.77088010090462,90.0,103.07095711264604,127.77088010090462,90.0,103.07095711264604
19.039999999999683,8.400000000012682,50.0,180.0,37.77088010090462,90.0,103.07095711264604,52.22911989909538,90.0,256.92904288735394
19.039999999999683,-9.685831611291265,50.0,184.9737977432585,41.23049657135942,90.0,107.20551775923536,48.76950342864058,90.0,252.79448224076464
19.059999999999683,-9.297764858889858,-50.0,187.36249105365647,39.999620331175265,90.0,109.22084993495763,129.99962033117527,90.0,124.22084993495763
19.059999999999683,7.600000000012699,-50.0,180.0,38.04029426860398,90.0,103.04244008933694,128.040294268604,90.0,103.04244008933694
19.059999999999683,7.600000000012699,50.0,180.0,38.04029426860398,90.0,103.04244008933694,51.95970573139602,90.0,256.95755991066306
19.059999999999683,-9.297764858889858,50.0,187.36249105365647,39.999620331175265,90.0,109.22084993495763,50.000379668824735,90.0,250.77915006504236
19.079999999999682,-8.763066800448257,-50.0,189.6350734819993,38.76165984779222,90.0,111.17989769380105,128.7616598477922,90.0,126.17989769380105
19.079999999999682,6.800000000012716,-50.0,180.0,38.30827563272347,90.0,103.0167775794017,128.30827563272348,90.0,103.0167775794017
19.079999999999682,6.800000000012716,50.0,180.0,38.30827563272347,90.0,103.0167775794017,51.69172436727653,90.0,256.9832224205983
19.079999999999682,-8.763066800448257,50.0,189.6350734819993,38.76165984779222,90.0,111.17989769380105,51.23834015220778,90.0,248.82010230619895
19.09999999999968,-8.09016994376123,-50.0,191.7557050458171,37.53870254256362,90.0,113.04810487205275,127.53870254256361,90.0,128.04810487205276
19.09999999999968,6.000000000012733,-50.0,180.0,38.5748146001315,90.0,102.99396869012602,128.5748146001315,90.0,102.99396869012602
19.09999999999968,6.000000000012733,50.0,180.0,38.5748146001315,90.0,102.99396869012602,51.4251853998685,90.0,257.00603130987395
19.09999999999968,-8.09016994376123,50.0,191.7557050458171,37.53870254256362,90.0,113.04810487205275,52.46129745743638,90.0,246.95189512794724
19.11999999999968,-7.289686274227826,-50.0,193.69094211854457,36.35342105166429,90.0,114.78992473281177,126.3534210516643,90.0,129.78992473281176
19.11999999999968,5.20000000001275,-50.0,180.0,38.839901514831695,90.0,102.97401263077593,128.8399015148317,90.0,102.97401263077593
19.11999999999968,5.20000000001275,50.0,180.0,38.839901514831695,90.0,102.97401263077593,51.160098485168305,90.0,257.0259873692241
19.11999999999968,-7.289686274227826,50.0,193.69094211854457,36.35342105166429,90.0,114.78992473281177,53.64657894833571,90.0,245.21007526718824
19.13999999999968,-6.374239897502349,-50.0,195.41026485549023,35.228637191503275,90.0,116.36955635572274,125.22863719150328,90.0,131.36955635572275
19.13999999999968,4.400000000012767,-50.0,180.0,39.10352666085736,90.0,102.95690871161068,129.10352666085737,90.0,102.95690871161068
19.13999999999968,4.400000000012767,50.0,180.0,39.10352666085736,90.0,102.95690871161068,50.89647333914264,90.0,257.0430912883893
19.13999999999968,-6.374239897502349,50.0,195.41026485549023,35.228637191503275,90.0,116.36955635572274,54.771362808496725,90.0,243.63044364427725
19.15999999999968,-5.358267949806921,-50.0,196.88655851001877,34.18675241067957,90.00000000000001,117.75197322527066,124.18675241067956,89.99999999999999,132.75197322527066
19.15999999999968,3.600000000012784,-50.0,180.0,39.36568026510617,90.0,102.9426563430207,129.36568026510616,90.0,102.9426563430207
19.15999999999968,3.600000000012784,50.0,180.0,39.36568026510617,90.0,102.9426563430207,50.63431973489383,90.0,257.0573436569793
19.15999999999968,-5.358267949806921,50.0,196.88655851001877,34.18675241067957,90.00000000000001,117.75197322527066,55.81324758932043,90.00000000000001,242.24802677472934
19.17999999999968,-4.2577929156689205,-50.0,198.09654104930326,33.24903976510316,90.0,118.90424778545722,123.24903976510316,90.0,133.90424778545722
19.17999999999968,2.800000000012801,-50.0,180.0,39.62635250011428,90.0,102.9312550347897,129.62635250011428,90.0,102.9312550347897
19.17999999999968,2.800000000012801,50.0,180.0,39.62635250011428,90.0,102.9312550347897,50.37364749988572,90.0,257.06874496521027
19.17999999999968,-4.2577929156689205,50.0,198.09654104930326,33.24903976510316,90.0,118.90424778545722,56.75096023489684,90.0,241.09575221454278
19.19999999999968,-3.090169943768624,-50.0,199.02113032589062,32.43482337718527,90.00000000000001,119.79711610918628,122.43482337718527,89.99999999999999,134.79711610918628
19.19999999999968,2.000000000012818,-50.0,180.0,39.88553348676866,90.0,102.92270439548048,129.88553348676865,90.0,102.92270439548048
19.19999999999968,2.000000000012818,50.0,180.0,39.88553348676866,90.0,102.92270439548048,50.11446651323134,90.0,257.0772956045195
19.19999999999968,-3.090169943768624,50.0,199.02113032589062,32.43482337718527,90.00000000000001,119.79711610918628,57.56517662281473,90.00000000000001,240.20288389081372
19.21999999999968,-1.873813145877052,-50.0,199.64574501456622,31.760610659475837,90.0,120.4066514271883,121.76061065947584,90.0,135.4066514271883
19.21999999999968,1.2000000000128352,-50.0,180.0,40.14321329695623,90.0,102.9170041319442,130.14321329695622,90.0,102.9170041319442
19.21999999999968,1.2000000000128352,50.0,180.0,40.14321329695623,90.0,102.9170041319442,49.85678670304377,90.0,257.08299586805583
19.21999999999968,-1.873813145877052,50.0,199.64574501456622,31.760610659475837,90.0,120.4066514271883,58.23938934052416,90.0,239.5933485728117
19.23999999999968,-0.6279051953132837,-50.0,199.9605345685629,31.239280013427702,90.0,120.71584368328536,121.2392800134277,90.0,135.71584368328536
19.23999999999968,0.4000000000128523,-50.0,180.0,40.39938195614909,90.0,102.91415404895253,130.39938195614909,90.0,102.91415404895253
19.23999999999968,0.4000000000128523,50.0,180.0,40.39938195614909,90.0,102.91415404895253,49.60061804385091,90.0,257.0858459510475
19.23999999999968,-0.6279051953132837,50.0,199.9605345685629,31.239280013427702,90.0,120.71584368328536,58.7607199865723,90.0,239.28415631671464
19.25999999999968,0.6279051952729588,-50.0,199.96053456856797,30.879447014832415,90.0,120.71584368329032,120.87944701483241,90.0,135.7158436832903
19.25999999999968,-0.39999999998713065,-50.0,180.0,40.654029445923875,90.0,102.91415404895247,130.65402944592387,90.0,102.91415404895247
19.25999999999968,-0.39999999998713065,50.0,180.0,40.654029445923875,90.0,102.91415404895247,49.345970554076125,90.0,257.08584595104753
19.25999999999968,0.6279051952729588,50.0,199.96053456856797,30.879447014832415,90.0,120.71584368329032,59.120552985167585,90.0,239.2841563167097
19.279999999999678,1.873813145837363,-50.0,199.64574501458137,30.68512134737505,90.0,120.40665142720316,120.68512134737504,90.0,135.40665142720314
19.279999999999678,-1.1999999999871136,-50.0,180.0,40.90714570641434,90.0,102.91700413194405,130.90714570641433,90.0,102.91700413194405
19.279999999999678,-1.1999999999871136,50.0,180.0,40.90714570641434,90.0,102.91700413194405,49.09285429358566,90.0,257.08299586805595
19.279999999999678,1.873813145837363,50.0,199.64574501458137,30.68512134737505,90.0,120.40665142720316,59.314878652624955,90.0,239.59334857279686
19.299999999999677,3.090169943730197,-50.0,199.0211303259156,30.655721134927617,90.0,119.79711610921058,120.65572113492762,90.0,134.79711610921058
19.299999999999677,-1.9999999999870965,-50.0,180.0,41.158720638695726,90.0,102.92270439548025,131.15872063869574,90.0,102.92270439548025
19.299999999999677,-1.9999999999870965,50.0,180.0,41.158720638695726,90.0,102.92270439548025,48.841279361304274,90.0,257.07729560451975
19.299999999999677,3.090169943730197,50.0,199.0211303259156,30.655721134927617,90.0,119.79711610921058,59.34427886507238,90.0,240.20288389078942
19.319999999999677,4.25779291563236,-50.0,198.09654104933767,30.786442420530925,90.00000000000001,118.90424778549027,120.78644242053093,89.99999999999999,133.90424778549027
19.319999999999677,-2.7999999999870795,-50.0,180.0,41.40874410709943,90.0,102.93125503478936,131.40874410709944,90.0,102.93125503478936
19.319999999999677,-2.7999999999870795,50.0,180.0,41.40874410709943,90.0,102.93125503478936,48.59125589290057,90.0,257.0687449652106
19.319999999999677,4.25779291563236,50.0,198.09654104933767,30.786442420530925,90.00000000000001,118.90424778549027,59.213557579469075,90.00000000000001,241.09575221450973
19.339999999999677,5.358267949772807,-50.0,196.8865585100621,31.06891257773352,90.0,117.75197322531163,121.06891257773353,90.0,132.75197322531164
19.339999999999677,-3.5999999999870624,-50.0,180.0,41.65720594145655,90.0,102.94265634302029,131.65720594145654,90.0,102.94265634302029
19.339999999999677,-3.5999999999870624,50.0,180.0,41.65720594145655,90.0,102.94265634302029,48.34279405854345,90.0,257.0573436569797
19.339999999999677,5.358267949772807,50.0,196.8865585100621,31.06891257773352,90.0,117.75197322531163,58.93108742226648,90.0,242.24802677468836
19.359999999999676,6.374239897471218,-50.0,195.41026485554173,31.49201066133331,90.0,116.36955635577053,121.49201066133331,90.0,131.36955635577053
19.359999999999676,-4.399999999987045,-50.0,180.0,41.90409593926886,90.0,102.95690871161018,131.90409593926887,90.0,102.95690871161018
19.359999999999676,-4.399999999987045,50.0,180.0,41.90409593926886,90.0,102.95690871161018,48.09590406073114,90.0,257.0430912883898
19.359999999999676,6.374239897471218,50.0,195.41026485554173,31.49201066133331,90.0,116.36955635577053,58.50798933866669,90.0,243.63044364422947
19.379999999999676,7.289686274200165,-50.0,193.6909421186035,32.042726712757506,90.0,114.78992473286539,122.04272671275751,90.0,129.7899247328654
19.379999999999676,-5.199999999987028,-50.0,180.0,42.14940386780559,90.0,102.97401263077533,132.14940386780557,90.0,102.97401263077533
19.379999999999676,-5.199999999987028,50.0,180.0,42.14940386780559,90.0,102.97401263077533,47.85059613219441,90.0,257.02598736922465
19.379999999999676,7.289686274200165,50.0,193.6909421186035,32.042726712757506,90.0,114.78992473286539,57.957273287242494,90.0,245.2100752671346
19.399999999999675,8.090169943737482,-50.0,191.75570504588248,32.70695208117041,90.0,113.04810487211098,122.70695208117041,90.0,128.04810487211097
19.399999999999675,-5.999999999987011,-50.0,180.0,42.393119466124546,90.0,102.99396869012534,132.39311946612455,90.0,102.99396869012534
19.399999999999675,-5.999999999987011,50.0,180.0,42.393119466124546,90.0,102.99396869012534,47.606880533875454,90.0,257.00603130987463
19.399999999999675,8.090169943737482,50.0,191.75570504588248,32.70695208117041,90.0,113.04810487211098,57.29304791882959,90.0,246.95189512788903
19.419999999999675,8.763066800428792,-50.0,189.6350734820701,33.47013007484604,90.0,111.17989769386277,123.47013007484604,90.0,126.17989769386277
19.419999999999675,-6.799999999986994,-50.0,180.0,42.63523244701608,90.0,103.01677757940091,132.63523244701608,90.0,103.01677757940091
19.419999999999675,-6.799999999986994,50.0,180.0,42.63523244701608,90.0,103.01677757940091,47.36476755298392,90.0,256.9832224205991
19.419999999999675,8.763066800428792,50.0,189.6350734820701,33.47013007484604,90.0,111.17989769386277,56.52986992515396,90.0,248.82010230613724
19.439999999999674,9.297764858874984,-50.0,187.3624910537316,34.31773560496713,90.0,109.2208499350217,124.31773560496714,90.0,124.2208499350217
19.439999999999674,-7.599999999986977,-50.0,180.0,42.875732498868025,90.0,103.04244008933608,132.87573249886802,90.0,103.04244008933608
19.439999999999674,-7.599999999986977,50.0,180.0,42.875732498868025,90.0,103.04244008933608,47.124267501131975,90.0,256.9575599106639
19.439999999999674,9.297764858874984,50.0,187.3624910537316,34.31773560496713,90.0,109.2208499350217,55.68226439503287,90.0,250.7791500649783
19.459999999999674,9.685831611281216,-50.0,184.97379774333677,35.235583805982266,90.0,107.20551775930069,125.23558380598226,90.0,122.20551775930069
19.459999999999674,-8.39999999998696,-50.0,180.0,43.114609287450214,90.0,103.07095711264506,133.1146092874502,90.0,103.07095711264506
19.459999999999674,-8.39999999998696,50.0,180.0,43.114609287450214,90.0,103.07095711264506,46.885390712549786,90.0,256.92904288735497
19.459999999999674,9.685831611281216,50.0,184.97379774333677,35.235583805982266,90.0,107.20551775930069,54.764416194017734,90.0,252.79448224069932
19.479999999999674,9.921147013142207,-50.0,182.50666467132677,36.209987337636484,90.0,105.16698203826533,126.20998733763648,90.0,120.16698203826533
19.479999999999674,-9.199999999986943,-50.0,180.0,43.35185245761669,90.0,103.10232964513494,133.3518524576167,90.0,103.10232964513494
19.479999999999674,-9.199999999986943,50.0,180.0,43.35185245761669,90.0,103.10232964513494,46.64814754238331,90.0,256.89767035486506
19.479999999999674,9.921147013142207,50.0,182.50666467132677,36.209987337636484,90.0,105.16698203826533,53.790012662363516,90.0,254.83301796173467
19.499999999999673,10.0,-50.0,180.00000000004107,37.22779139518261,90.0,103.13655878697782,127.2277913951826,90.0,118.13655878697782
19.499999999999673,-9.999999999986926,-50.0,180.0,43.58745163492415,90.0,103.13655878694428,133.58745163492415,90.0,103.13655878694428
19.499999999999673,-9.999999999986926,50.0,180.0,43.58745163492415,90.0,103.13655878694428,46.41254836507585,90.0,256.8634412130557
19.499999999999673,10.0,50.0,180.00000000004107,37.22779139518261,90.0,103.13655878697782,52.77220860481739,90.0,256.86344121302216
19.519999999999673,9.200000000013091,-50.0,180.0,37.50004265693945,90.0,103.10232964513602,127.50004265693946,90.0,118.10232964513602
19.519999999999673,-9.921147013147355,-50.0,182.5066646712453,42.43311260101287,90.00000000000001,105.16698203819868,132.43311260101288,89.99999999999999,105.16698203819868
19.519999999999673,-9.921147013147355,50.0,182.5066646712453,42.43311260101287,90.00000000000001,105.16698203819868,47.56688739898713,90.00000000000001,254.83301796180132
19.519999999999673,9.200000000013091,50.0,180.0,37.50004265693945,90.0,103.10232964513602,52.49995734306055,90.0,256.897670354864
19.539999999999672,8.400000000013108,-50.0,180.0,37.770880100904485,90.0,103.07095711264604,127.77088010090449,90.0,118.07095711264604
19.539999999999672,-9.685831611291432,-50.0,184.97379774325722,41.23049657136006,90.0,107.20551775923428,131.23049657136005,90.0,107.20551775923428
19.539999999999672,-9.685831611291432,50.0,184.97379774325722,41.23049657136006,90.0,107.20551775923428,48.76950342863994,90.0,252.79448224076572
19.539999999999672,8.400000000013108,50.0,180.0,37.770880100904485,90.0,103.07095711264604,52.229119899095515,90.0,256.92904288735394
19.559999999999672,7.600000000013125,-50.0,180.0,38.040294268603844,90.0,103.04244008933694,128.04029426860384,90.0,118.04244008933694
19.559999999999672,-9.297764858890105,-50.0,187.36249105365522,39.999620331175926,90.00000000000001,109.22084993495656,129.99962033117592,89.99999999999999,109.22084993495656
19.559999999999672,-9.297764858890105,50.0,187.36249105365522,39.999620331175926,90.00000000000001,109.22084993495656,50.000379668824074,90.00000000000001,250.77915006504344
19.559999999999672,7.600000000013125,50.0,180.0,38.040294268603844,90.0,103.04244008933694,51.959705731396156,90.0,256.95755991066306
19.57999999999967,6.800000000013142,-50.0,180.0,38.308275632723344,90.0,103.0167775794017,128.30827563272334,90.0,118.0167775794017
19.57999999999967,-8.76306680044858,-50.0,189.63507348199812,38.761659847792885,90.0,111.17989769380002,128.76165984779288,90.0,111.17989769380002
19.57999999999967,-8.76306680044858,50.0,189.63507348199812,38.761659847792885,90.0,111.17989769380002,51.238340152207115,90.0,248.8201023062
19.57999999999967,6.800000000013142,50.0,180.0,38.308275632723344,90.0,103.0167775794017,51.691724367276656,90.0,256.9832224205983
19.59999999999967,6.000000000013159,-50.0,180.0,38.57481460013136,90.0,102.99396869012602,128.57481460013136,90.0,117.99396869012602
19.59999999999967,-8.090169943761623,-50.0,191.75570504581603,37.538702542564266,90.00000000000001,113.0481048720518,127.53870254256427,89.99999999999999,113.0481048720518
19.59999999999967,-8.090169943761623,50.0,191.75570504581603,37.538702542564266,90.00000000000001,113.0481048720518,52.461297457435734,90.00000000000001,246.9518951279482
19.59999999999967,6.000000000013159,50.0,180.0,38.57481460013136,90.0,102.99396869012602,51.42518539986864,90.0,257.00603130987395
19.61999999999967,5.200000000013176,-50.0,180.0,38.83990151483156,90.0,102.97401263077593,128.83990151483155,90.0,117.97401263077593
19.61999999999967,-7.289686274228284,-50.0,193.6909421185436,36.35342105166491,90.0,114.78992473281089,126.35342105166491,90.0,114.78992473281089
19.61999999999967,-7.289686274228284,50.0,193.6909421185436,36.35342105166491,90.0,114.78992473281089,53.64657894833509,90.0,245.2100752671891
19.61999999999967,5.200000000013176,50.0,180.0,38.83990151483156,90.0,102.97401263077593,51.16009848516844,90.0,257.0259873692241
19.63999999999967,4.400000000013193,-50.0,180.0,39.10352666085723,90.0,102.95690871161068,129.10352666085723,90.0,117.95690871161068
19.63999999999967,-6.374239897502866,-50.0,195.41026485548937,35.228637191503864,90.00000000000001,116.36955635572193,125.22863719150386,89.99999999999999,116.36955635572193
19.63999999999967,-6.374239897502866,50.0,195.41026485548937,35.228637191503864,90.00000000000001,116.36955635572193,54.771362808496136,90.00000000000001,243.63044364427807
19.63999999999967,4.400000000013193,50.0,180.0,39.10352666085723,90.0,102.95690871161068,50.89647333914277,90.0,257.0430912883893
19.65999999999967,3.6000000000132104,-50.0,180.0,39.365680265106036,90.0,102.9426563430207,129.36568026510605,90.0,117.9426563430207
19.65999999999967,-5.358267949807487,-50.0,196.88655851001806,34.186752410680086,90.0,117.75197322527,124.18675241068009,90.0,117.75197322527
19.65999999999967,-5.358267949807487,50.0,196.88655851001806,34.186752410680086,90.0,117.75197322527,55.813247589319914,90.0,242.24802677473
19.65999999999967,3.6000000000132104,50.0,180.0,39.365680265106036,90.0,102.9426563430207,50.634319734893964,90.0,257.0573436569793
19.67999999999967,2.8000000000132275,-50.0,180.0,39.626352500114145,90.0,102.9312550347897,129.62635250011414,90.0,117.9312550347897
19.67999999999967,-4.257792915669528,-50.0,198.0965410493027,33.24903976510362,90.0,118.90424778545672,123.24903976510362,90.0,118.90424778545672
19.67999999999967,-4.257792915669528,50.0,198.0965410493027,33.24903976510362,90.0,118.90424778545672,56.75096023489638,90.0,241.09575221454327
19.67999999999967,2.8000000000132275,50.0,180.0,39.626352500114145,90.0,102.9312550347897,50.373647499885855,90.0,257.06874496521027
19.69999999999967,2.0000000000132445,-50.0,180.0,39.885533486768495,90.0,102.92270439548051,129.8855334867685,90.0,117.92270439548051
19.69999999999967,-3.0901699437692596,-50.0,199.02113032589023,32.43482337718564,90.00000000000001,119.79711610918592,122.43482337718564,89.99999999999999,119.79711610918592
19.69999999999967,-3.0901699437692596,50.0,199.02113032589023,32.43482337718564,90.00000000000001,119.79711610918592,57.56517662281436,90.00000000000001,240.20288389081406
19.69999999999967,2.0000000000132445,50.0,180.0,39.885533486768495,90.0,102.92270439548051,50.114466513231505,90.0,257.07729560451946
19.71999999999967,1.2000000000132616,-50.0,180.0,40.14321329695609,90.0,102.9170041319442,130.1432132969561,90.0,117.9170041319442
19.71999999999967,-1.8738131458777083,-50.0,199.64574501456596,31.76061065947616,90.0,120.40665142718804,121.76061065947616,90.0,120.40665142718804
19.71999999999967,-1.8738131458777083,50.0,199.64574501456596,31.76061065947616,90.0,120.40665142718804,58.23938934052384,90.0,239.59334857281198
19.71999999999967,1.2000000000132616,50.0,180.0,40.14321329695609,90.0,102.9170041319442,49.85678670304391,90.0,257.08299586805583
19.739999999999668,0.4000000000132786,-50.0,180.0,40.39938195614895,90.0,102.91415404895253,130.39938195614894,90.0,117.91415404895253
19.739999999999668,-0.6279051953139507,-50.0,199.96053456856282,31.23928001342796,90.00000000000001,120.71584368328526,121.23928001342796,89.99999999999999,120.71584368328526
19.739999999999668,-0.6279051953139507,50.0,199.96053456856282,31.23928001342796,90.00000000000001,120.71584368328526,58.76071998657204,90.00000000000001,239.28415631671476
19.739999999999668,0.4000000000132786,50.0,180.0,40.39938195614895,90.0,102.91415404895253,49.60061804385105,90.0,257.0858459510475
19.759999999999668,-0.3999999999867043,-50.0,180.0,40.65402944592374,90.0,102.91415404895247,130.65402944592375,90.0,117.91415404895247
19.759999999999668,0.6279051952722897,-50.0,199.96053456856805,30.87944701483255,90.0,120.71584368329044,120.87944701483255,90.0,120.71584368329044
19.759999999999668,0.6279051952722897,50.0,199.96053456856805,30.87944701483255,90.0,120.71584368329044,59.12055298516745,90.0,239.28415631670956
19.759999999999668,-0.3999999999867043,50.0,180.0,40.65402944592374,90.0,102.91415404895247,49.34597055407626,90.0,257.08584595104753
19.779999999999667,-1.1999999999866873,-50.0,180.0,40.907145706414205,90.0,102.91700413194405,130.9071457064142,90.0,117.91700413194405
19.779999999999667,1.8738131458367044,-50.0,199.64574501458162,30.6851213473751,90.00000000000001,120.40665142720341,120.6851213473751,89.99999999999999,120.40665142720341
19.779999999999667,1.8738131458367044,50.0,199.64574501458162,30.6851213473751,90.00000000000001,120.40665142720341,59.3148786526249,90.00000000000001,239.59334857279657
19.779999999999667,-1.1999999999866873,50.0,180.0,40.907145706414205,90.0,102.91700413194405,49.092854293585795,90.0,257.08299586805595
19.799999999999667,-1.9999999999866702,-50.0,180.0,41.15872063869559,90.0,102.92270439548025,131.1587206386956,90.0,117.92270439548025
19.799999999999667,3.0901699437295593,-50.0,199.021130325916,30.655721134927592,90.0,119.79711610921096,120.65572113492759,90.0,119.79711610921096
19.799999999999667,3.0901699437295593,50.0,199.021130325916,30.655721134927592,90.0,119.79711610921096,59.34427886507241,90.0,240.20288389078905
19.799999999999667,-1.9999999999866702,50.0,180.0,41.15872063869559,90.0,102.92270439548025,48.84127936130441,90.0,257.07729560451975
19.819999999999666,-2.799999999986653,-50.0,180.0,41.408744107099295,90.0,102.93125503478936,131.4087441070993,90.0,117.93125503478936
19.819999999999666,4.257792915631757,-50.0,198.09654104933824,30.78644242053081,90.0,118.90424778549084,120.78644242053082,90.0,118.90424778549084
19.819999999999666,4.257792915631757,50.0,198.09654104933824,30.78644242053081,90.0,118.90424778549084,59.21355757946919,90.0,241.09575221450916
19.819999999999666,-2.799999999986653,50.0,180.0,41.408744107099295,90.0,102.93125503478936,48.591255892900705,90.0,257.0687449652106
19.839999999999666,-3.599999999986636,-50.0,180.0,41.65720594145642,90.0,102.94265634302029,131.65720594145643,90.0,117.94265634302029
19.839999999999666,5.358267949772241,-50.0,196.8865585100628,31.068912577733336,90.0,117.7519732253123,121.06891257773333,90.0,117.7519732253123
19.839999999999666,5.358267949772241,50.0,196.8865585100628,31.068912577733336,90.0,117.7519732253123,58.931087422266664,90.0,242.2480267746877
19.839999999999666,-3.599999999986636,50.0,180.0,41.65720594145642,90.0,102.94265634302029,48.34279405854358,90.0,257.0573436569797
19.859999999999665,-4.399999999986619,-50.0,180.0,41.90409593926874,90.0,102.95690871161017,131.90409593926876,90.0,117.95690871161017
19.859999999999665,6.3742398974707015,-50.0,195.41026485554258,31.49201066133306,90.0,116.3695563557713,121.49201066133307,90.0,116.3695563557713
19.859999999999665,6.3742398974707015,50.0,195.41026485554258,31.49201066133306,90.0,116.3695563557713,58.50798933866694,90.0,243.6304436442287
19.859999999999665,-4.399999999986619,50.0,180.0,41.90409593926874,90.0,102.95690871161017,48.09590406073126,90.0,257.04309128838986
19.879999999999665,-5.199999999986602,-50.0,180.0,42.14940386780546,90.0,102.97401263077532,132.14940386780546,90.0,117.97401263077532
19.879999999999665,7.289686274199707,-50.0,193.69094211860445,32.042726712757194,90.0,114.78992473286625,122.0427267127572,90.0,114.78992473286625
19.879999999999665,7.289686274199707,50.0,193.69094211860445,32.042726712757194,90.0,114.78992473286625,57.957273287242806,90.0,245.21007526713373
19.879999999999665,-5.199999999986602,50.0,180.0,42.14940386780546,90.0,102.97401263077532,47.85059613219454,90.0,257.0259873692247
19.899999999999665,-5.999999999986585,-50.0,180.0,42.39311946612442,90.0,102.99396869012533,132.3931194661244,90.0,117.99396869012533
19.899999999999665,8.090169943737088,-50.0,191.75570504588356,32.706952081170016,90.0,113.04810487211194,122.70695208117002,90.0,113.04810487211194
19.899999999999665,8.090169943737088,50.0,191.75570504588356,32.706952081170016,90.0,113.04810487211194,57.293047918829984,90.0,246.95189512788806
19.899999999999665,-5.999999999986585,50.0,180.0,42.39311946612442,90.0,102.99396869012533,47.60688053387558,90.0,257.0060313098747
19.919999999999664,-6.799999999986568,-50.0,180.0,42.63523244701594,90.0,103.01677757940091,132.63523244701594,90.0,118.01677757940091
19.919999999999664,8.763066800428472,-50.0,189.63507348207128,33.47013007484561,90.00000000000001,111.17989769386378,123.47013007484561,89.99999999999999,111.17989769386378
19.919999999999664,8.763066800428472,50.0,189.63507348207128,33.47013007484561,90.00000000000001,111.17989769386378,56.52986992515439,90.00000000000001,248.82010230613622
19.919999999999664,-6.799999999986568,50.0,180.0,42.63523244701594,90.0,103.01677757940091,47.36476755298406,90.0,256.9832224205991
19.939999999999664,-7.599999999986551,-50.0,180.0,42.875732498867904,90.0,103.04244008933605,132.8757324988679,90.0,118.04244008933605
19.939999999999664,9.297764858874736,-50.0,187.36249105373284,34.317735604966664,90.0,109.22084993502276,124.31773560496666,90.0,109.22084993502276
19.939999999999664,9.297764858874736,50.0,187.36249105373284,34.317735604966664,90.0,109.22084993502276,55.682264395033336,90.0,250.77915006497724
19.939999999999664,-7.599999999986551,50.0,180.0,42.875732498867904,90.0,103.04244008933605,47.124267501132096,90.0,256.9575599106639
19.959999999999663,-8.399999999986534,-50.0,180.0,43.11460928745007,90.0,103.07095711264506,133.11460928745007,90.0,118.07095711264506
19.959999999999663,9.685831611281051,-50.0,184.97379774333808,35.23558380598175,90.0,107.2055177593018,125.23558380598175,90.0,107.2055177593018
19.959999999999663,9.685831611281051,50.0,184.97379774333808,35.23558380598175,90.0,107.2055177593018,54.76441619401825,90.0,252.7944822406982
19.959999999999663,-8.399999999986534,50.0,180.0,43.11460928745007,90.0,103.07095711264506,46.88539071254993,90.0,256.92904288735497
19.979999999999663,-9.199999999986517,-50.0,180.0,43.351852457616566,90.0,103.10232964513493,133.35185245761656,90.0,118.10232964513493
19.979999999999663,9.921147013142123,-50.0,182.5066646713281,36.20998733763595,90.0,105.16698203826644,126.20998733763595,90.0,105.16698203826644
19.979999999999663,9.921147013142123,50.0,182.5066646713281,36.20998733763595,90.0,105.16698203826644,53.79001266236405,90.0,254.83301796173356
19.979999999999663,-9.199999999986517,50.0,180.0,43.351852457616566,90.0,103.10232964513493,46.648147542383434,90.0,256.89767035486506
19.999999999999662,-9.9999999999865,-50.0,180.0,43.58745163492403,90.0,103.13655878694426,133.58745163492404,90.0,118.13655878694426
19.999999999999662,10.0,-50.0,180.0000000000424,37.22779139518206,90.00000000000001,103.13655878697888,127.22779139518207,89.99999999999999,103.13655878697888
19.999999999999662,10.0,50.0,180.0000000000424,37.22779139518206,90.00000000000001,103.13655878697888,52.77220860481794,90.00000000000001,256.86344121302113
19.999999999999662,-9.9999999999865,50.0,180.0,43.58745163492403,90.0,103.13655878694426,46.41254836507597,90.0,256.86344121305575
20.019999999999662,-9.92114701314744,-50.0,182.50666467124395,42.43311260101351,90.0,105.16698203819759,132.4331126010135,90.0,120.16698203819759
20.019999999999662,9.200000000013517,-50.0,180.0,37.50004265693931,90.0,103.10232964513605,127.50004265693931,90.0,103.10232964513605
20.019999999999662,9.200000000013517,50.0,180.0,37.50004265693931,90.0,103.10232964513605,52.49995734306069,90.0,256.897670354864
20.019999999999662,-9.92114701314744,50.0,182.50666467124395,42.43311260101351,90.0,105.16698203819759,47.56688739898649,90.0,254.8330179618024
20.03999999999966,-9.685831611291599,-50.0,184.97379774325591,41.230496571360725,90.0,107.2055177592332,131.23049657136073,90.0,122.2055177592332
20.03999999999966,8.400000000013534,-50.0,180.0,37.77088010090434,90.0,103.07095711264607,127.77088010090435,90.0,103.07095711264607
20.03999999999966,8.400000000013534,50.0,180.0,37.77088010090434,90.0,103.07095711264607,52.22911989909566,90.0,256.92904288735394
20.03999999999966,-9.685831611291599,50.0,184.97379774325591,41.230496571360725,90.0,107.2055177592332,48.769503428639275,90.0,252.7944822407668
20.05999999999966,-9.29776485889035,-50.0,187.36249105365397,39.99962033117659,90.0,109.22084993495551,129.99962033117657,90.0,124.22084993495551
20.05999999999966,7.6000000000135515,-50.0,180.0,38.04029426860369,90.0,103.04244008933696,128.0402942686037,90.0,103.04244008933696
20.05999999999966,7.6000000000135515,50.0,180.0,38.04029426860369,90.0,103.04244008933696,51.95970573139631,90.0,256.957559910663
20.05999999999966,-9.29776485889035,50.0,187.36249105365397,39.99962033117659,90.0,109.22084993495551,50.00037966882341,90.0,250.7791500650445
20.07999999999966,-8.763066800448904,-50.0,189.63507348199695,38.761659847793545,90.0,111.179897693799,128.76165984779354,90.0,126.179897693799
20.07999999999966,6.8000000000135685,-50.0,180.0,38.308275632723195,90.0,103.01677757940173,128.3082756327232,90.0,103.01677757940173
20.07999999999966,6.8000000000135685,50.0,180.0,38.308275632723195,90.0,103.01677757940173,51.691724367276805,90.0,256.9832224205983
20.07999999999966,-8.763066800448904,50.0,189.63507348199695,38.761659847793545,90.0,111.179897693799,51.238340152206455,90.0,248.820102306201
20.09999999999966,-8.090169943762017,-50.0,191.75570504581492,37.53870254256492,90.0,113.04810487205081,127.53870254256492,90.0,128.04810487205083
20.09999999999966,6.000000000013586,-50.0,180.0,38.57481460013122,90.0,102.99396869012605,128.57481460013122,90.0,102.99396869012605
20.09999999999966,6.000000000013586,50.0,180.0,38.57481460013122,90.0,102.99396869012605,51.42518539986878,90.0,257.00603130987395
20.09999999999966,-8.090169943762017,50.0,191.75570504581492,37.53870254256492,90.0,113.04810487205081,52.46129745743508,90.0,246.95189512794917
20.11999999999966,-7.289686274228742,-50.0,193.69094211854264,36.35342105166551,90.0,114.78992473281002,126.3534210516655,90.0,129.78992473281002
20.11999999999966,5.200000000013603,-50.0,180.0,38.839901514831425,90.0,102.97401263077596,128.8399015148314,90.0,102.97401263077596
20.11999999999966,5.200000000013603,50.0,180.0,38.839901514831425,90.0,102.97401263077596,51.160098485168575,90.0,257.025987369224
20.11999999999966,-7.289686274228742,50.0,193.69094211854264,36.35342105166551,90.0,114.78992473281002,53.64657894833449,90.0,245.21007526718998
20.13999999999966,-6.374239897503382,-50.0,195.41026485548852,35.22863719150443,90.0,116.36955635572116,125.22863719150443,90.0,131.36955635572116
20.13999999999966,4.40000000001362,-50.0,180.0,39.10352666085709,90.0,102.95690871161068,129.10352666085709,90.0,102.95690871161068
20.13999999999966,4.40000000001362,50.0,180.0,39.10352666085709,90.0,102.95690871161068,50.89647333914291,90.0,257.0430912883893
20.13999999999966,-6.374239897503382,50.0,195.41026485548852,35.22863719150443,90.0,116.36955635572116,54.77136280849557,90.0,243.63044364427884
20.15999999999966,-5.358267949808052,-50.0,196.88655851001735,34.18675241068061,90.0,117.75197322526937,124.18675241068061,90.0,132.75197322526935
20.15999999999966,3.6000000000136367,-50.0,180.0,39.3656802651059,90.0,102.9426563430207,129.3656802651059,90.0,102.9426563430207
20.15999999999966,3.6000000000136367,50.0,180.0,39.3656802651059,90.0,102.9426563430207,50.6343197348941,90.0,257.0573436569793
20.15999999999966,-5.358267949808052,50.0,196.88655851001735,34.18675241068061,90.0,117.75197322526937,55.81324758931939,90.0,242.24802677473065
20.17999999999966,-4.257792915670133,-50.0,198.09654104930212,33.24903976510409,90.0,118.90424778545615,123.24903976510409,90.0,133.90424778545616
20.17999999999966,2.800000000013654,-50.0,180.0,39.626352500114,90.0,102.9312550347897,129.626352500114,90.0,102.9312550347897
20.17999999999966,2.800000000013654,50.0,180.0,39.626352500114,90.0,102.9312550347897,50.373647499886,90.0,257.06874496521027
20.17999999999966,-4.257792915670133,50.0,198.09654104930212,33.24903976510409,90.0,118.90424778545615,56.75096023489591,90.0,241.09575221454384
20.19999999999966,-3.0901699437698977,-50.0,199.0211303258898,32.43482337718604,90.0,119.79711610918551,122.43482337718604,90.0,134.7971161091855
20.19999999999966,2.000000000013671,-50.0,180.0,39.88553348676836,90.0,102.92270439548051,129.88553348676837,90.0,102.92270439548051
20.19999999999966,2.000000000013671,50.0,180.0,39.88553348676836,90.0,102.92270439548051,50.11446651323164,90.0,257.07729560451946
20.19999999999966,-3.0901699437698977,50.0,199.0211303258898,32.43482337718604,90.0,119.79711610918551,57.56517662281396,90.0,240.2028838908145
20.219999999999658,-1.873813145878367,-50.0,199.6457450145657,31.760610659476505,90.0,120.40665142718775,121.7606106594765,90.0,135.40665142718774
20.219999999999658,1.200000000013688,-50.0,180.0,40.143213296955956,90.0,102.9170041319442,130.14321329695596,90.0,102.9170041319442
20.219999999999658,1.200000000013688,50.0,180.0,40.143213296955956,90.0,102.9170041319442,49.856786703044044,90.0,257.08299586805583
20.219999999999658,-1.873813145878367,50.0,199.6457450145657,31.760610659476505,90.0,120.40665142718775,58.239389340523495,90.0,239.59334857281226
20.239999999999657,-0.62790519531462,-50.0,199.96053456856274,31.239280013428186,90.0,120.7158436832852,121.23928001342819,90.0,135.7158436832852
20.239999999999657,0.40000000001370495,-50.0,180.0,40.39938195614882,90.0,102.91415404895253,130.39938195614883,90.0,102.91415404895253
20.239999999999657,0.40000000001370495,50.0,180.0,40.39938195614882,90.0,102.91415404895253,49.60061804385118,90.0,257.0858459510475
20.239999999999657,-0.62790519531462,50.0,199.96053456856274,31.239280013428186,90.0,120.7158436832852,58.760719986571814,90.0,239.2841563167148
20.259999999999657,0.6279051952716204,-50.0,199.96053456856814,30.87944701483271,90.0,120.71584368329049,120.8794470148327,90.0,135.71584368329047
20.259999999999657,-0.399999999986278,-50.0,180.0,40.6540294459236,90.0,102.91415404895247,130.65402944592358,90.0,102.91415404895247
20.259999999999657,-0.399999999986278,50.0,180.0,40.6540294459236,90.0,102.91415404895247,49.3459705540764,90.0,257.08584595104753
20.259999999999657,0.6279051952716204,50.0,199.96053456856814,30.87944701483271,90.0,120.71584368329049,59.12055298516729,90.0,239.28415631670953
20.279999999999657,1.8738131458360456,-50.0,199.64574501458185,30.685121347375198,90.0,120.40665142720358,120.6851213473752,90.0,135.4066514272036
20.279999999999657,-1.199999999986261,-50.0,180.0,40.90714570641407,90.0,102.91700413194405,130.90714570641407,90.0,102.91700413194405
20.279999999999657,-1.199999999986261,50.0,180.0,40.90714570641407,90.0,102.91700413194405,49.09285429358593,90.0,257.08299586805595
20.279999999999657,1.8738131458360456,50.0,199.64574501458185,30.685121347375198,90.0,120.40665142720358,59.3148786526248,90.0,239.5933485727964
20.299999999999656,3.090169943728924,-50.0,199.02113032591643,30.655721134927553,90.00000000000001,119.79711610921139,120.65572113492755,89.99999999999999,134.7971161092114
20.299999999999656,-1.999999999986244,-50.0,180.0,41.158720638695456,90.0,102.92270439548025,131.15872063869546,90.0,102.92270439548025
20.299999999999656,-1.999999999986244,50.0,180.0,41.158720638695456,90.0,102.92270439548025,48.841279361304544,90.0,257.07729560451975
20.299999999999656,3.090169943728924,50.0,199.02113032591643,30.655721134927553,90.00000000000001,119.79711610921139,59.34427886507245,90.00000000000001,240.2028838907886
20.319999999999656,4.257792915631151,-50.0,198.0965410493388,30.786442420530705,90.0,118.90424778549136,120.7864424205307,90.0,133.90424778549135
20.319999999999656,-2.799999999986227,-50.0,180.0,41.40874410709916,90.0,102.93125503478936,131.40874410709915,90.0,102.93125503478936
20.319999999999656,-2.799999999986227,50.0,180.0,41.40874410709916,90.0,102.93125503478936,48.59125589290084,90.0,257.0687449652106
20.319999999999656,4.257792915631151,50.0,198.0965410493388,30.786442420530705,90.0,118.90424778549136,59.213557579469295,90.0,241.09575221450865
20.339999999999655,5.358267949771674,-50.0,196.8865585100635,31.06891257773316,90.0,117.75197322531295,121.06891257773316,90.0,132.75197322531295
20.339999999999655,-3.59999999998621,-50.0,180.0,41.65720594145629,90.0,102.94265634302027,131.65720594145628,90.0,102.94265634302027
20.339999999999655,-3.59999999998621,50.0,180.0,41.65720594145629,90.0,102.94265634302027,48.34279405854371,90.0,257.0573436569797
20.339999999999655,5.358267949771674,50.0,196.8865585100635,31.06891257773316,90.0,117.75197322531295,58.93108742226684,90.0,242.24802677468705
20.359999999999655,6.3742398974701855,-50.0,195.41026485554343,31.492010661332788,90.0,116.3695563557721,121.49201066133278,90.0,131.3695563557721
20.359999999999655,-4.399999999986193,-50.0,180.0,41.90409593926861,90.0,102.95690871161017,131.90409593926861,90.0,102.95690871161017
20.359999999999655,-4.399999999986193,50.0,180.0,41.90409593926861,90.0,102.95690871161017,48.09590406073139,90.0,257.04309128838986
20.359999999999655,6.3742398974701855,50.0,195.41026485554343,31.492010661332788,90.0,116.3695563557721,58.507989338667215,90.0,243.6304436442279
20.379999999999654,7.2896862741992505,-50.0,193.69094211860542,32.04272671275686,90.0,114.78992473286714,122.04272671275686,90.0,129.78992473286712
20.379999999999654,-5.199999999986176,-50.0,180.0,42.14940386780533,90.0,102.97401263077532,132.14940386780535,90.0,102.97401263077532
20.379999999999654,-5.199999999986176,50.0,180.0,42.14940386780533,90.0,102.97401263077532,47.85059613219467,90.0,257.0259873692247
20.379999999999654,7.2896862741992505,50.0,193.69094211860542,32.04272671275686,90.0,114.78992473286714,57.95727328724314,90.0,245.21007526713288
20.399999999999654,8.090169943736694,-50.0,191.75570504588464,32.70695208116964,90.0,113.04810487211292,122.70695208116965,90.0,128.0481048721129
20.399999999999654,-5.999999999986159,-50.0,180.0,42.39311946612428,90.0,102.99396869012533,132.3931194661243,90.0,102.99396869012533
20.399999999999654,-5.999999999986159,50.0,180.0,42.39311946612428,90.0,102.99396869012533,47.60688053387572,90.0,257.0060313098747
20.399999999999654,8.090169943736694,50.0,191.75570504588464,32.70695208116964,90.0,113.04810487211292,57.29304791883036,90.0,246.9518951278871
20.419999999999654,8.763066800428149,-50.0,189.63507348207247,33.47013007484517,90.00000000000001,111.17989769386483,123.47013007484517,89.99999999999999,126.17989769386483
20.419999999999654,-6.799999999986142,-50.0,180.0,42.635232447015824,90.0,103.01677757940088,132.63523244701582,90.0,103.01677757940088
20.419999999999654,-6.799999999986142,50.0,180.0,42.635232447015824,90.0,103.01677757940088,47.364767552984176,90.0,256.98322242059913
20.419999999999654,8.763066800428149,50.0,189.63507348207247,33.47013007484517,90.00000000000001,111.17989769386483,56.52986992515483,90.00000000000001,248.82010230613517
20.439999999999653,9.29776485887449,-50.0,187.3624910537341,34.3177356049662,90.0,109.22084993502382,124.3177356049662,90.0,124.22084993502382
20.439999999999653,-7.5999999999861245,-50.0,180.0,42.875732498867784,90.0,103.04244008933603,132.8757324988678,90.0,103.04244008933603
20.439999999999653,-7.5999999999861245,50.0,180.0,42.875732498867784,90.0,103.04244008933603,47.124267501132216,90.0,256.957559910664
20.439999999999653,9.29776485887449,50.0,187.3624910537341,34.3177356049662,90.0,109.22084993502382,55.6822643950338,90.0,250.7791500649762
20.459999999999653,9.685831611280884,-50.0,184.97379774333936,35.23558380598127,90.0,107.20551775930286,125.23558380598126,90.0,122.20551775930286
20.459999999999653,-8.399999999986107,-50.0,180.0,43.11460928744995,90.0,103.07095711264503,133.11460928744995,90.0,103.07095711264503
20.459999999999653,-8.399999999986107,50.0,180.0,43.11460928744995,90.0,103.07095711264503,46.88539071255005,90.0,256.92904288735497
20.459999999999653,9.685831611280884,50.0,184.97379774333936,35.23558380598127,90.0,107.20551775930286,54.76441619401873,90.0,252.79448224069714
20.479999999999652,9.92114701314204,-50.0,182.50666467132945,36.209987337635404,90.0,105.16698203826753,126.2099873376354,90.0,120.16698203826753
20.479999999999652,-9.19999999998609,-50.0,180.0,43.35185245761644,90.0,103.1023296451349,133.35185245761645,90.0,103.1023296451349
20.479999999999652,-9.19999999998609,50.0,180.0,43.35185245761644,90.0,103.1023296451349,46.64814754238356,90.0,256.8976703548651
20.479999999999652,9.92114701314204,50.0,182.50666467132945,36.209987337635404,90.0,105.16698203826753,53.790012662364596,90.0,254.83301796173248
20.499999999999652,10.0,-50.0,180.00000000004374,37.227791395181505,90.0,103.13655878697995,127.2277913951815,90.0,118.13655878697995
20.499999999999652,-9.999999999986073,-50.0,180.0,43.58745163492391,90.0,103.13655878694424,133.58745163492392,90.0,103.13655878694424
20.499999999999652,-9.999999999986073,50.0,180.0,43.58745163492391,90.0,103.13655878694424,46.41254836507609,90.0,256.86344121305575
20.499999999999652,10.0,50.0,180.00000000004374,37.227791395181505,90.0,103.13655878697995,52.772208604818495,90.0,256.86344121302005
20.51999999999965,9.200000000013944,-50.0,180.0,37.50004265693918,90.0,103.10232964513605,127.50004265693917,90.0,118.10232964513605
20.51999999999965,-9.921147013147523,-50.0,182.50666467124262,42.43311260101415,90.0,105.1669820381965,132.43311260101416,90.0,105.1669820381965
20.51999999999965,-9.921147013147523,50.0,182.50666467124262,42.43311260101415,90.0,105.1669820381965,47.56688739898585,90.0,254.8330179618035
20.51999999999965,9.200000000013944,50.0,180.0,37.50004265693918,90.0,103.10232964513605,52.49995734306082,90.0,256.897670354864
20.53999999999965,8.40000000001396,-50.0,180.0,37.77088010090419,90.0,103.07095711264608,127.7708801009042,90.0,118.07095711264608
20.53999999999965,-9.685831611291766,-50.0,184.9737977432546,41.230496571361364,90.0,107.20551775923212,131.23049657136136,90.0,107.20551775923212
20.53999999999965,-9.685831611291766,50.0,184.9737977432546,41.230496571361364,90.0,107.20551775923212,48.769503428638636,90.0,252.79448224076788
20.53999999999965,8.40000000001396,50.0,180.0,37.77088010090419,90.0,103.07095711264608,52.22911989909581,90.0,256.92904288735394
20.55999999999965,7.600000000013978,-50.0,180.0,38.040294268603546,90.0,103.04244008933699,128.04029426860353,90.0,118.04244008933699
20.55999999999965,-9.297764858890597,-50.0,187.36249105365272,39.99962033117723,90.00000000000001,109.22084993495446,129.99962033117723,89.99999999999999,109.22084993495446
20.55999999999965,-9.297764858890597,50.0,187.36249105365272,39.99962033117723,90.00000000000001,109.22084993495446,50.00037966882277,90.00000000000001,250.77915006504554
20.55999999999965,7.600000000013978,50.0,180.0,38.040294268603546,90.0,103.04244008933699,51.959705731396454,90.0,256.957559910663
20.57999999999965,6.800000000013995,-50.0,180.0,38.30827563272306,90.0,103.01677757940173,128.30827563272305,90.0,118.01677757940173
20.57999999999965,-8.763066800449227,-50.0,189.6350734819958,38.7616598477942,90.00000000000001,111.17989769379798,128.7616598477942,89.99999999999999,111.17989769379798
20.57999999999965,-8.763066800449227,50.0,189.6350734819958,38.7616598477942,90.00000000000001,111.17989769379798,51.2383401522058,90.00000000000001,248.82010230620202
20.57999999999965,6.800000000013995,50.0,180.0,38.30827563272306,90.0,103.01677757940173,51.69172436727694,90.0,256.9832224205983
20.59999999999965,6.000000000014012,-50.0,180.0,38.574814600131084,90.0,102.99396869012605,128.57481460013108,90.0,117.99396869012605
20.59999999999965,-8.090169943762412,-50.0,191.75570504581384,37.53870254256557,90.0,113.04810487204983,127.53870254256557,90.0,113.04810487204983
20.59999999999965,-8.090169943762412,50.0,191.75570504581384,37.53870254256557,90.0,113.04810487204983,52.46129745743443,90.0,246.95189512795017
20.59999999999965,6.000000000014012,50.0,180.0,38.574814600131084,90.0,102.99396869012605,51.425185399868916,90.0,257.00603130987395
20.61999999999965,5.200000000014029,-50.0,180.0,38.83990151483128,90.0,102.97401263077596,128.8399015148313,90.0,117.97401263077596
20.61999999999965,-7.2896862742292,-50.0,193.69094211854164,36.353421051666125,90.0,114.78992473280913,126.35342105166612,90.0,114.78992473280913
20.61999999999965,-7.2896862742292,50.0,193.69094211854164,36.353421051666125,90.0,114.78992473280913,53.646578948333875,90.0,245.21007526719086
20.61999999999965,5.200000000014029,50.0,180.0,38.83990151483128,90.0,102.97401263077596,51.16009848516872,90.0,257.025987369224
20.63999999999965,4.400000000014046,-50.0,180.0,39.10352666085694,90.0,102.95690871161071,129.10352666085694,90.0,117.95690871161071
20.63999999999965,-6.374239897503897,-50.0,195.41026485548767,35.228637191505015,90.0,116.36955635572035,125.22863719150502,90.0,116.36955635572035
20.63999999999965,-6.374239897503897,50.0,195.41026485548767,35.228637191505015,90.0,116.36955635572035,54.771362808494985,90.0,243.63044364427964
20.63999999999965,4.400000000014046,50.0,180.0,39.10352666085694,90.0,102.95690871161071,50.89647333914306,90.0,257.0430912883893
20.65999999999965,3.600000000014063,-50.0,180.0,39.36568026510576,90.0,102.94265634302073,129.36568026510577,90.0,117.94265634302073
20.65999999999965,-5.358267949808618,-50.0,196.88655851001664,34.186752410681116,90.0,117.75197322526871,124.18675241068112,90.0,117.75197322526871
20.65999999999965,-5.358267949808618,50.0,196.88655851001664,34.186752410681116,90.0,117.75197322526871,55.813247589318884,90.0,242.24802677473127
20.65999999999965,3.600000000014063,50.0,180.0,39.36568026510576,90.0,102.94265634302073,50.63431973489424,90.0,257.05734365697924
20.679999999999648,2.80000000001408,-50.0,180.0,39.626352500113875,90.0,102.9312550347897,129.62635250011388,90.0,117.9312550347897
20.679999999999648,-4.2577929156707395,-50.0,198.09654104930155,33.249039765104555,90.0,118.90424778545562,123.24903976510456,90.0,118.90424778545562
20.679999999999648,-4.2577929156707395,50.0,198.09654104930155,33.249039765104555,90.0,118.90424778545562,56.750960234895445,90.0,241.09575221454438
20.679999999999648,2.80000000001408,50.0,180.0,39.626352500113875,90.0,102.9312550347897,50.373647499886125,90.0,257.06874496521027
20.699999999999648,2.000000000014097,-50.0,180.0,39.88553348676823,90.0,102.92270439548051,129.88553348676822,90.0,117.92270439548051
20.699999999999648,-3.0901699437705354,-50.0,199.02113032588937,32.434823377186454,90.0,119.79711610918508,122.43482337718646,90.0,119.79711610918508
20.699999999999648,-3.0901699437705354,50.0,199.02113032588937,32.434823377186454,90.0,119.79711610918508,57.565176622813546,90.0,240.20288389081492
20.699999999999648,2.000000000014097,50.0,180.0,39.88553348676823,90.0,102.92270439548051,50.11446651323177,90.0,257.07729560451946
20.719999999999647,1.2000000000141142,-50.0,180.0,40.14321329695582,90.0,102.91700413194422,130.14321329695582,90.0,117.91700413194422
20.719999999999647,-1.873813145879026,-50.0,199.64574501456548,31.76061065947679,90.0,120.40665142718758,121.76061065947678,90.0,120.40665142718758
20.719999999999647,-1.873813145879026,50.0,199.64574501456548,31.76061065947679,90.0,120.40665142718758,58.23938934052321,90.0,239.59334857281243
20.719999999999647,1.2000000000141142,50.0,180.0,40.14321329695582,90.0,102.91700413194422,49.85678670304418,90.0,257.0829958680558
20.739999999999647,0.4000000000141313,-50.0,180.0,40.39938195614869,90.0,102.91415404895253,130.3993819561487,90.0,117.91415404895253
20.739999999999647,-0.627905195315287,-50.0,199.96053456856265,31.239280013428424,90.0,120.7158436832851,121.23928001342843,90.0,120.7158436832851
20.739999999999647,-0.627905195315287,50.0,199.96053456856265,31.239280013428424,90.0,120.7158436832851,58.76071998657157,90.0,239.2841563167149
20.739999999999647,0.4000000000141313,50.0,180.0,40.39938195614869,90.0,102.91415404895253,49.60061804385131,90.0,257.0858459510475
20.759999999999646,-0.3999999999858517,-50.0,180.0,40.65402944592346,90.0,102.91415404895247,130.65402944592347,90.0,117.91415404895247
20.759999999999646,0.6279051952709535,-50.0,199.96053456856822,30.879447014832856,90.0,120.71584368329057,120.87944701483286,90.0,120.71584368329057
20.759999999999646,0.6279051952709535,50.0,199.96053456856822,30.879447014832856,90.0,120.71584368329057,59.120552985167144,90.0,239.2841563167094
20.759999999999646,-0.3999999999858517,50.0,180.0,40.65402944592346,90.0,102.91415404895247,49.34597055407654,90.0,257.08584595104753
20.779999999999646,-1.1999999999858346,-50.0,180.0,40.907145706413935,90.0,102.91700413194405,130.90714570641393,90.0,117.91700413194405
20.779999999999646,1.873813145835389,-50.0,199.6457450145821,30.685121347375247,90.0,120.40665142720387,120.68512134737524,90.0,120.40665142720387
20.779999999999646,1.873813145835389,50.0,199.6457450145821,30.685121347375247,90.0,120.40665142720387,59.314878652624756,90.0,239.59334857279612
20.779999999999646,-1.1999999999858346,50.0,180.0,40.907145706413935,90.0,102.91700413194405,49.092854293586065,90.0,257.08299586805595
20.799999999999645,-1.9999999999858176,-50.0,180.0,41.15872063869532,90.0,102.92270439548025,131.1587206386953,90.0,117.92270439548025
20.799999999999645,3.090169943728286,-50.0,199.02113032591683,30.655721134927546,90.0,119.79711610921174,120.65572113492755,90.0,119.79711610921174
20.799999999999645,3.090169943728286,50.0,199.02113032591683,30.655721134927546,90.0,119.79711610921174,59.344278865072454,90.0,240.20288389078826
20.799999999999645,-1.9999999999858176,50.0,180.0,41.15872063869532,90.0,102.92270439548025,48.84127936130468,90.0,257.07729560451975
20.819999999999645,-2.7999999999858005,-50.0,180.0,41.408744107099025,90.0,102.93125503478936,131.40874410709904,90.0,117.93125503478936
20.819999999999645,4.257792915630544,-50.0,198.09654104933938,30.786442420530594,90.0,118.9042477854919,120.78644242053059,90.0,118.9042477854919
20.819999999999645,4.257792915630544,50.0,198.09654104933938,30.786442420530594,90.0,118.9042477854919,59.21355757946941,90.0,241.09575221450808
20.819999999999645,-2.7999999999858005,50.0,180.0,41.408744107099025,90.0,102.93125503478936,48.591255892900975,90.0,257.0687449652106
20.839999999999645,-3.5999999999857835,-50.0,180.0,41.65720594145616,90.0,102.94265634302027,131.65720594145617,90.0,117.94265634302027
20.839999999999645,5.358267949771111,-50.0,196.88655851006422,31.068912577732966,90.00000000000001,117.75197322531365,121.06891257773296,89.99999999999999,117.75197322531365
20.839999999999645,5.358267949771111,50.0,196.88655851006422,31.068912577732966,90.00000000000001,117.75197322531365,58.931087422267034,90.00000000000001,242.24802677468637
20.839999999999645,-3.5999999999857835,50.0,180.0,41.65720594145616,90.0,102.94265634302027,48.34279405854384,90.0,257.0573436569797
20.859999999999644,-4.399999999985766,-50.0,180.0,41.90409593926848,90.0,102.95690871161014,131.90409593926847,90.0,117.95690871161014
20.859999999999644,6.3742398974696695,-50.0,195.41026485554428,31.49201066133254,90.0,116.36955635577289,121.49201066133254,90.0,116.36955635577289
20.859999999999644,6.3742398974696695,50.0,195.41026485554428,31.49201066133254,90.0,116.36955635577289,58.50798933866746,90.0,243.6304436442271
20.859999999999644,-4.399999999985766,50.0,180.0,41.90409593926848,90.0,102.95690871161014,48.09590406073152,90.0,257.04309128838986
20.879999999999644,-5.199999999985749,-50.0,180.0,42.149403867805205,90.0,102.97401263077529,132.1494038678052,90.0,117.97401263077529
20.879999999999644,7.289686274198792,-50.0,193.69094211860642,32.04272671275654,90.0,114.78992473286803,122.04272671275655,90.0,114.78992473286803
20.879999999999644,7.289686274198792,50.0,193.69094211860642,32.04272671275654,90.0,114.78992473286803,57.95727328724346,90.0,245.21007526713197
20.879999999999644,-5.199999999985749,50.0,180.0,42.149403867805205,90.0,102.97401263077529,47.850596132194795,90.0,257.0259873692247
20.899999999999643,-5.999999999985732,-50.0,180.0,42.393119466124155,90.0,102.9939686901253,132.39311946612415,90.0,117.9939686901253
20.899999999999643,8.0901699437363,-50.0,191.75570504588572,32.70695208116928,90.0,113.04810487211384,122.70695208116928,90.0,113.04810487211384
20.899999999999643,8.0901699437363,50.0,191.75570504588572,32.70695208116928,90.0,113.04810487211384,57.29304791883072,90.0,246.95189512788616
20.899999999999643,-5.999999999985732,50.0,180.0,42.393119466124155,90.0,102.9939686901253,47.606880533875845,90.0,257.0060313098747
20.919999999999643,-6.799999999985715,-50.0,180.0,42.63523244701569,90.0,103.01677757940088,132.63523244701568,90.0,118.01677757940088
20.919999999999643,8.763066800427826,-50.0,189.63507348207364,33.47013007484475,90.0,111.17989769386583,123.47013007484475,90.0,111.17989769386583
20.919999999999643,8.763066800427826,50.0,189.63507348207364,33.47013007484475,90.0,111.17989769386583,56.52986992515525,90.0,248.82010230613417
20.919999999999643,-6.799999999985715,50.0,180.0,42.63523244701569,90.0,103.01677757940088,47.36476755298431,90.0,256.98322242059913
20.939999999999642,-7.599999999985698,-50.0,180.0,42.87573249886764,90.0,103.04244008933603,132.87573249886765,90.0,118.04244008933603
20.939999999999642,9.297764858874242,-50.0,187.36249105373534,34.31773560496571,90.0,109.2208499350249,124.31773560496572,90.0,109.2208499350249
20.939999999999642,9.297764858874242,50.0,187.36249105373534,34.31773560496571,90.0,109.2208499350249,55.68226439503429,90.0,250.7791500649751
20.939999999999642,-7.599999999985698,50.0,180.0,42.87573249886764,90.0,103.04244008933603,47.12426750113236,90.0,256.957559910664
20.959999999999642,-8.399999999985681,-50.0,180.0,43.11460928744982,90.0,103.07095711264503,133.1146092874498,90.0,118.07095711264503
20.959999999999642,9.685831611280717,-50.0,184.97379774334067,35.235583805980745,90.0,107.20551775930396,125.23558380598075,90.0,107.20551775930396
20.959999999999642,9.685831611280717,50.0,184.97379774334067,35.235583805980745,90.0,107.20551775930396,54.764416194019255,90.0,252.79448224069603
20.959999999999642,-8.399999999985681,50.0,180.0,43.11460928744982,90.0,103.07095711264503,46.88539071255018,90.0,256.92904288735497
20.97999999999964,-9.199999999985664,-50.0,180.0,43.35185245761631,90.0,103.1023296451349,133.3518524576163,90.0,118.1023296451349
20.97999999999964,9.921147013141956,-50.0,182.50666467133075,36.2099873376349,90.0,105.16698203826857,126.2099873376349,90.0,105.16698203826857
20.97999999999964,9.921147013141956,50.0,182.50666467133075,36.2099873376349,90.0,105.16698203826857,53.7900126623651,90.0,254.83301796173143
20.97999999999964,-9.199999999985664,50.0,180.0,43.35185245761631,90.0,103.1023296451349,46.64814754238369,90.0,256.8976703548651
20.99999999999964,-9.999999999985647,-50.0,180.0,43.587451634923795,90.0,103.1365587869442,133.5874516349238,90.0,118.1365587869442
20.99999999999964,10.0,-50.0,180.0000000000451,37.22779139518095,90.0,103.13655878698104,127.22779139518096,90.0,103.13655878698104
20.99999999999964,10.0,50.0,180.0000000000451,37.22779139518095,90.0,103.13655878698104,52.77220860481905,90.0,256.863441213019
20.99999999999964,-9.999999999985647,50.0,180.0,43.587451634923795,90.0,103.1365587869442,46.412548365076205,90.0,256.8634412130558
21.01999999999964,-9.921147013147607,-50.0,182.5066646712413,42.43311260101476,90.00000000000001,105.16698203819543,132.43311260101476,89.99999999999999,120.16698203819543
21.01999999999964,9.20000000001437,-50.0,180.0,37.500042656939016,90.0,103.10232964513607,127.50004265693902,90.0,103.10232964513607
21.01999999999964,9.20000000001437,50.0,180.0,37.500042656939016,90.0,103.10232964513607,52.499957343060984,90.0,256.8976703548639
21.01999999999964,-9.921147013147607,50.0,182.5066646712413,42.43311260101476,90.00000000000001,105.16698203819543,47.56688739898524,90.00000000000001,254.83301796180456
21.03999999999964,-9.685831611291931,-50.0,184.97379774325333,41.230496571362,90.0,107.20551775923106,131.230496571362,90.0,122.20551775923106
21.03999999999964,8.400000000014387,-50.0,180.0,37.77088010090405,90.0,103.07095711264611,127.77088010090405,90.0,103.07095711264611
21.03999999999964,8.400000000014387,50.0,180.0,37.77088010090405,90.0,103.07095711264611,52.22911989909595,90.0,256.9290428873539
21.03999999999964,-9.685831611291931,50.0,184.97379774325333,41.230496571362,90.0,107.20551775923106,48.769503428638,90.0,252.79448224076896
21.05999999999964,-9.297764858890844,-50.0,187.3624910536515,39.999620331177894,90.0,109.2208499349534,129.99962033117788,90.0,124.2208499349534
21.05999999999964,7.600000000014404,-50.0,180.0,38.040294268603404,90.0,103.042440089337,128.04029426860342,90.0,103.042440089337
21.05999999999964,7.600000000014404,50.0,180.0,38.040294268603404,90.0,103.042440089337,51.959705731396596,90.0,256.957559910663
21.05999999999964,-9.297764858890844,50.0,187.3624910536515,39.999620331177894,90.0,109.2208499349534,50.000379668822106,90.0,250.7791500650466
21.07999999999964,-8.763066800449549,-50.0,189.6350734819946,38.76165984779486,90.00000000000001,111.17989769379697,128.76165984779487,89.99999999999999,126.17989769379697
21.07999999999964,6.800000000014421,-50.0,180.0,38.30827563272291,90.0,103.01677757940176,128.3082756327229,90.0,103.01677757940176
21.07999999999964,6.800000000014421,50.0,180.0,38.30827563272291,90.0,103.01677757940176,51.69172436727709,90.0,256.9832224205982
21.07999999999964,-8.763066800449549,50.0,189.6350734819946,38.76165984779486,90.00000000000001,111.17989769379697,51.23834015220514,90.00000000000001,248.820102306203
21.09999999999964,-8.090169943762804,-50.0,191.75570504581276,37.53870254256623,90.0,113.04810487204887,127.53870254256623,90.0,128.04810487204887
21.09999999999964,6.000000000014438,-50.0,180.0,38.574814600130935,90.0,102.99396869012608,128.57481460013094,90.0,102.99396869012608
21.09999999999964,6.000000000014438,50.0,180.0,38.574814600130935,90.0,102.99396869012608,51.425185399869065,90.0,257.00603130987395
21.09999999999964,-8.090169943762804,50.0,191.75570504581276,37.53870254256623,90.0,113.04810487204887,52.46129745743377,90.0,246.95189512795113
21.11999999999964,-7.28968627422966,-50.0,193.69094211854068,36.35342105166674,90.0,114.78992473280826,126.35342105166674,90.0,129.78992473280826
21.11999999999964,5.200000000014455,-50.0,180.0,38.839901514831126,90.0,102.97401263077599,128.83990151483113,90.0,102.97401263077599
21.11999999999964,5.200000000014455,50.0,180.0,38.839901514831126,90.0,102.97401263077599,51.160098485168874,90.0,257.025987369224
21.11999999999964,-7.28968627422966,50.0,193.69094211854068,36.35342105166674,90.0,114.78992473280826,53.64657894833326,90.0,245.21007526719174
21.139999999999638,-6.374239897504413,-50.0,195.41026485548682,35.228637191505605,90.0,116.36955635571954,125.22863719150561,90.0,131.36955635571954
21.139999999999638,4.400000000014472,-50.0,180.0,39.10352666085681,90.0,102.95690871161071,129.1035266608568,90.0,102.95690871161071
21.139999999999638,4.400000000014472,50.0,180.0,39.10352666085681,90.0,102.95690871161071,50.89647333914319,90.0,257.0430912883893
21.139999999999638,-6.374239897504413,50.0,195.41026485548682,35.228637191505605,90.0,116.36955635571954,54.771362808494395,90.0,243.63044364428046
21.159999999999638,-5.358267949809185,-50.0,196.8865585100159,34.18675241068167,90.0,117.75197322526799,124.18675241068166,90.0,132.751973225268
21.159999999999638,3.6000000000144894,-50.0,180.0,39.365680265105624,90.0,102.94265634302073,129.36568026510562,90.0,102.94265634302073
21.159999999999638,3.6000000000144894,50.0,180.0,39.365680265105624,90.0,102.94265634302073,50.634319734894376,90.0,257.05734365697924
21.159999999999638,-5.358267949809185,50.0,196.8865585100159,34.18675241068167,90.0,117.75197322526799,55.81324758931833,90.0,242.248026774732
21.179999999999637,-4.257792915671344,-50.0,198.09654104930098,33.24903976510503,90.0,118.90424778545506,123.24903976510504,90.0,133.90424778545506
21.179999999999637,2.8000000000145064,-50.0,180.0,39.62635250011374,90.0,102.9312550347897,129.62635250011374,90.0,102.9312550347897
21.179999999999637,2.8000000000145064,50.0,180.0,39.62635250011374,90.0,102.9312550347897,50.37364749988626,90.0,257.06874496521027
21.179999999999637,-4.257792915671344,50.0,198.09654104930098,33.24903976510503,90.0,118.90424778545506,56.75096023489497,90.0,241.09575221454494
21.199999999999637,-3.090169943771171,-50.0,199.02113032588898,32.43482337718683,90.0,119.7971161091847,122.43482337718683,90.0,134.79711610918469
21.199999999999637,2.0000000000145235,-50.0,180.0,39.88553348676809,90.0,102.92270439548051,129.88553348676808,90.0,102.92270439548051
21.199999999999637,2.0000000000145235,50.0,180.0,39.88553348676809,90.0,102.92270439548051,50.11446651323191,90.0,257.07729560451946
21.199999999999637,-3.090169943771171,50.0,199.02113032588898,32.43482337718683,90.0,119.7971161091847,57.56517662281317,90.0,240.20288389081531
21.219999999999636,-1.8738131458796823,-50.0,199.64574501456522,31.76061065947711,90.0,120.40665142718733,121.76061065947711,90.0,135.40665142718734
21.219999999999636,1.2000000000145405,-50.0,180.0,40.14321329695568,90.0,102.91700413194422,130.14321329695568,90.0,102.91700413194422
21.219999999999636,1.2000000000145405,50.0,180.0,40.14321329695568,90.0,102.91700413194422,49.85678670304432,90.0,257.0829958680558
21.219999999999636,-1.8738131458796823,50.0,199.64574501456522,31.76061065947711,90.0,120.40665142718733,58.23938934052289,90.0,239.59334857281266
21.239999999999636,-0.6279051953159563,-50.0,199.96053456856257,31.239280013428665,90.0,120.715843683285,121.23928001342867,90.0,135.71584368328502
21.239999999999636,0.4000000000145576,-50.0,180.0,40.399381956148545,90.0,102.91415404895253,130.39938195614855,90.0,102.91415404895253
21.239999999999636,0.4000000000145576,50.0,180.0,40.399381956148545,90.0,102.91415404895253,49.600618043851455,90.0,257.0858459510475
21.239999999999636,-0.6279051953159563,50.0,199.96053456856257,31.239280013428665,90.0,120.715843683285,58.76071998657133,90.0,239.28415631671498
21.259999999999636,0.6279051952702842,-50.0,199.9605345685683,30.87944701483299,90.0,120.7158436832907,120.87944701483299,90.0,135.7158436832907
21.259999999999636,-0.39999999998542535,-50.0,180.0,40.654029445923335,90.0,102.91415404895247,130.65402944592333,90.0,102.91415404895247
21.259999999999636,-0.39999999998542535,50.0,180.0,40.654029445923335,90.0,102.91415404895247,49.345970554076665,90.0,257.08584595104753
21.259999999999636,0.6279051952702842,50.0,199.9605345685683,30.87944701483299,90.0,120.7158436832907,59.12055298516701,90.0,239.2841563167093
21.279999999999635,1.8738131458347305,-50.0,199.64574501458236,30.685121347375304,90.00000000000001,120.40665142720412,120.6851213473753,89.99999999999999,135.4066514272041
21.279999999999635,-1.1999999999854083,-50.0,180.0,40.9071457064138,90.0,102.91700413194405,130.90714570641381,90.0,102.91700413194405
21.279999999999635,-1.1999999999854083,50.0,180.0,40.9071457064138,90.0,102.91700413194405,49.0928542935862,90.0,257.08299586805595
21.279999999999635,1.8738131458347305,50.0,199.64574501458236,30.685121347375304,90.00000000000001,120.40665142720412,59.3148786526247,90.00000000000001,239.5933485727959
21.299999999999635,3.0901699437276484,-50.0,199.02113032591726,30.65572113492751,90.0,119.79711610921218,120.65572113492752,90.0,134.7971161092122
21.299999999999635,-1.9999999999853912,-50.0,180.0,41.15872063869518,90.0,102.92270439548025,131.15872063869517,90.0,102.92270439548025
21.299999999999635,-1.9999999999853912,50.0,180.0,41.15872063869518,90.0,102.92270439548025,48.84127936130482,90.0,257.07729560451975
21.299999999999635,3.0901699437276484,50.0,199.02113032591726,30.65572113492751,90.0,119.79711610921218,59.34427886507249,90.0,240.2028838907878
21.319999999999634,4.2577929156299374,-50.0,198.09654104933995,30.786442420530488,90.0,118.90424778549244,120.78644242053049,90.0,133.90424778549243
21.319999999999634,-2.799999999985374,-50.0,180.0,41.4087441070989,90.0,102.93125503478933,131.4087441070989,90.0,102.93125503478933
21.319999999999634,-2.799999999985374,50.0,180.0,41.4087441070989,90.0,102.93125503478933,48.5912558929011,90.0,257.06874496521067
21.319999999999634,4.2577929156299374,50.0,198.09654104933995,30.786442420530488,90.0,118.90424778549244,59.21355757946951,90.0,241.09575221450757
21.339999999999634,5.358267949770545,-50.0,196.88655851006496,31.068912577732746,90.00000000000001,117.75197322531439,121.06891257773275,89.99999999999999,132.75197322531437
21.339999999999634,-3.599999999985357,-50.0,180.0,41.65720594145604,90.0,102.94265634302026,131.65720594145603,90.0,102.94265634302026
21.339999999999634,-3.599999999985357,50.0,180.0,41.65720594145604,90.0,102.94265634302026,48.34279405854396,90.0,257.05734365697975
21.339999999999634,5.358267949770545,50.0,196.88655851006496,31.068912577732746,90.00000000000001,117.75197322531439,58.931087422267254,90.00000000000001,242.24802677468563
21.359999999999634,6.374239897469152,-50.0,195.41026485554514,31.492010661332273,90.0,116.36955635577368,121.49201066133227,90.0,131.36955635577368
21.359999999999634,-4.39999999998534,-50.0,180.0,41.904095939268345,90.0,102.95690871161014,131.90409593926836,90.0,102.95690871161014
21.359999999999634,-4.39999999998534,50.0,180.0,41.904095939268345,90.0,102.95690871161014,48.095904060731655,90.0,257.04309128838986
21.359999999999634,6.374239897469152,50.0,195.41026485554514,31.492010661332273,90.0,116.36955635577368,58.50798933866773,90.0,243.63044364422632
21.379999999999633,7.289686274198333,-50.0,193.69094211860738,32.04272671275621,90.0,114.78992473286894,122.0427267127562,90.0,129.78992473286894
21.379999999999633,-5.199999999985323,-50.0,180.0,42.14940386780506,90.0,102.97401263077529,132.14940386780506,90.0,102.97401263077529
21.379999999999633,-5.199999999985323,50.0,180.0,42.14940386780506,90.0,102.97401263077529,47.85059613219494,90.0,257.0259873692247
21.379999999999633,7.289686274198333,50.0,193.69094211860738,32.04272671275621,90.0,114.78992473286894,57.95727328724379,90.0,245.21007526713106
21.399999999999633,8.090169943735908,-50.0,191.7557050458868,32.70695208116888,90.0,113.04810487211482,122.70695208116888,90.0,128.04810487211483
21.399999999999633,-5.999999999985306,-50.0,180.0,42.39311946612402,90.0,102.9939686901253,132.393119466124,90.0,102.9939686901253
21.399999999999633,-5.999999999985306,50.0,180.0,42.39311946612402,90.0,102.9939686901253,47.60688053387598,90.0,257.0060313098747
21.399999999999633,8.090169943735908,50.0,191.7557050458868,32.70695208116888,90.0,113.04810487211482,57.29304791883112,90.0,246.95189512788517
21.419999999999632,8.763066800427502,-50.0,189.6350734820748,33.47013007484432,90.0,111.17989769386686,123.47013007484432,90.0,126.17989769386686
21.419999999999632,-6.799999999985289,-50.0,180.0,42.635232447015554,90.0,103.01677757940087,132.63523244701554,90.0,103.01677757940087
21.419999999999632,-6.799999999985289,50.0,180.0,42.635232447015554,90.0,103.01677757940087,47.364767552984446,90.0,256.98322242059913
21.419999999999632,8.763066800427502,50.0,189.6350734820748,33.47013007484432,90.0,111.17989769386686,56.52986992515568,90.0,248.82010230613315
21.439999999999632,9.297764858873999,-50.0,187.3624910537366,34.31773560496525,90.0,109.22084993502595,124.31773560496525,90.0,124.22084993502595
21.439999999999632,-7.599999999985272,-50.0,180.0,42.87573249886752,90.0,103.04244008933601,132.87573249886754,90.0,103.04244008933601
21.439999999999632,-7.599999999985272,50.0,180.0,42.87573249886752,90.0,103.04244008933601,47.12426750113248,90.0,256.957559910664
21.439999999999632,9.297764858873999,50.0,187.3624910537366,34.31773560496525,90.0,109.22084993502595,55.68226439503475,90.0,250.77915006497403
21.45999999999963,9.685831611280552,-50.0,184.97379774334198,35.235583805980255,90.0,107.20551775930502,125.23558380598026,90.0,122.20551775930502
21.45999999999963,-8.399999999985255,-50.0,180.0,43.1146092874497,90.0,103.07095711264502,133.1146092874497,90.0,103.07095711264502
21.45999999999963,-8.399999999985255,50.0,180.0,43.1146092874497,90.0,103.07095711264502,46.8853907125503,90.0,256.92904288735497
21.45999999999963,9.685831611280552,50.0,184.97379774334198,35.235583805980255,90.0,107.20551775930502,54.764416194019745,90.0,252.79448224069498
21.47999999999963,9.921147013141873,-50.0,182.5066646713321,36.20998733763437,90.0,105.16698203826968,126.20998733763437,90.0,120.16698203826968
21.47999999999963,-9.199999999985238,-50.0,180.0,43.35185245761619,90.0,103.10232964513487,133.3518524576162,90.0,103.10232964513487
21.47999999999963,-9.199999999985238,50.0,180.0,43.35185245761619,90.0,103.10232964513487,46.64814754238381,90.0,256.8976703548651
21.47999999999963,9.921147013141873,50.0,182.5066646713321,36.20998733763437,90.0,105.16698203826968,53.79001266236563,90.0,254.83301796173032
21.49999999999963,10.0,-50.0,180.00000000004644,37.22779139518039,90.00000000000001,103.13655878698212,127.22779139518039,89.99999999999999,118.13655878698212
21.49999999999963,-9.99999999998522,-50.0,180.0,43.58745163492366,90.0,103.13655878694419,133.58745163492367,90.0,103.13655878694419
21.49999999999963,-9.99999999998522,50.0,180.0,43.58745163492366,90.0,103.13655878694419,46.41254836507634,90.0,256.8634412130558
21.49999999999963,10.0,50.0,180.00000000004644,37.22779139518039,90.00000000000001,103.13655878698212,52.77220860481961,90.00000000000001,256.8634412130179
21.51999999999963,9.200000000014796,-50.0,180.0,37.50004265693887,90.0,103.1023296451361,127.50004265693886,90.0,118.1023296451361
21.51999999999963,-9.92114701314769,-50.0,182.50666467123997,42.4331126010154,90.0,105.16698203819432,132.4331126010154,90.0,105.16698203819432
21.51999999999963,-9.92114701314769,50.0,182.50666467123997,42.4331126010154,90.0,105.16698203819432,47.5668873989846,90.0,254.8330179618057
21.51999999999963,9.200000000014796,50.0,180.0,37.50004265693887,90.0,103.1023296451361,52.49995734306113,90.0,256.8976703548639
21.53999999999963,8.400000000014813,-50.0,180.0,37.77088010090391,90.0,103.07095711264611,127.77088010090391,90.0,118.07095711264611
21.53999999999963,-9.685831611292098,-50.0,184.97379774325202,41.23049657136267,90.0,107.20551775922995,131.23049657136266,90.0,107.20551775922995
21.53999999999963,-9.685831611292098,50.0,184.97379774325202,41.23049657136267,90.0,107.20551775922995,48.76950342863733,90.0,252.79448224077004
21.53999999999963,8.400000000014813,50.0,180.0,37.77088010090391,90.0,103.07095711264611,52.22911989909609,90.0,256.9290428873539
21.55999999999963,7.6000000000148304,-50.0,180.0,38.04029426860327,90.0,103.042440089337,128.04029426860328,90.0,118.042440089337
21.55999999999963,-9.29776485889109,-50.0,187.36249105365025,39.99962033117856,90.0,109.22084993495231,129.99962033117856,90.0,109.22084993495231
21.55999999999963,-9.29776485889109,50.0,187.36249105365025,39.99962033117856,90.0,109.22084993495231,50.00037966882144,90.0,250.7791500650477
21.55999999999963,7.6000000000148304,50.0,180.0,38.04029426860327,90.0,103.042440089337,51.95970573139673,90.0,256.957559910663
21.57999999999963,6.8000000000148475,-50.0,180.0,38.308275632722776,90.0,103.01677757940176,128.30827563272277,90.0,118.01677757940176
21.57999999999963,-8.763066800449872,-50.0,189.63507348199343,38.76165984779552,90.0,111.17989769379594,128.76165984779553,90.0,111.17989769379594
21.57999999999963,-8.763066800449872,50.0,189.63507348199343,38.76165984779552,90.0,111.17989769379594,51.23834015220448,90.0,248.82010230620406
21.57999999999963,6.8000000000148475,50.0,180.0,38.308275632722776,90.0,103.01677757940176,51.691724367277224,90.0,256.9832224205982
21.59999999999963,6.0000000000148646,-50.0,180.0,38.57481460013079,90.0,102.99396869012608,128.5748146001308,90.0,117.99396869012608
21.59999999999963,-8.090169943763199,-50.0,191.75570504581168,37.538702542566845,90.0,113.04810487204792,127.53870254256685,90.0,113.04810487204792
21.59999999999963,-8.090169943763199,50.0,191.75570504581168,37.538702542566845,90.0,113.04810487204792,52.461297457433155,90.0,246.95189512795207
21.59999999999963,6.0000000000148646,50.0,180.0,38.57481460013079,90.0,102.99396869012608,51.42518539986921,90.0,257.00603130987395
21.619999999999628,5.200000000014882,-50.0,180.0,38.839901514831,90.0,102.97401263077599,128.839901514831,90.0,117.97401263077599
21.619999999999628,-7.289686274230117,-50.0,193.69094211853968,36.35342105166737,90.0,114.78992473280735,126.35342105166737,90.0,114.78992473280735
21.619999999999628,-7.289686274230117,50.0,193.69094211853968,36.35342105166737,90.0,114.78992473280735,53.64657894833263,90.0,245.21007526719265
21.619999999999628,5.200000000014882,50.0,180.0,38.839901514831,90.0,102.97401263077599,51.160098485169,90.0,257.025987369224
21.639999999999628,4.400000000014899,-50.0,180.0,39.10352666085666,90.0,102.95690871161074,129.10352666085666,90.0,117.95690871161074
21.639999999999628,-6.37423989750493,-50.0,195.41026485548593,35.22863719150619,90.00000000000001,116.36955635571874,125.22863719150618,89.99999999999999,116.36955635571874
21.639999999999628,-6.37423989750493,50.0,195.41026485548593,35.22863719150619,90.00000000000001,116.36955635571874,54.77136280849381,90.00000000000001,243.63044364428126
21.639999999999628,4.400000000014899,50.0,180.0,39.10352666085666,90.0,102.95690871161074,50.89647333914334,90.0,257.0430912883893
21.659999999999627,3.6000000000149157,-50.0,180.0,39.36568026510549,90.0,102.94265634302073,129.36568026510548,90.0,117.94265634302073
21.659999999999627,-5.358267949809749,-50.0,196.8865585100152,34.18675241068221,90.0,117.7519732252673,124.1867524106822,90.0,117.7519732252673
21.659999999999627,-5.358267949809749,50.0,196.8865585100152,34.18675241068221,90.0,117.7519732252673,55.81324758931779,90.0,242.2480267747327
21.659999999999627,3.6000000000149157,50.0,180.0,39.36568026510549,90.0,102.94265634302073,50.63431973489451,90.0,257.05734365697924
21.679999999999627,2.8000000000149328,-50.0,180.0,39.6263525001136,90.0,102.93125503478973,129.6263525001136,90.0,117.93125503478973
21.679999999999627,-4.257792915671951,-50.0,198.0965410493004,33.24903976510549,90.00000000000001,118.90424778545453,123.2490397651055,89.99999999999999,118.90424778545453
21.679999999999627,-4.257792915671951,50.0,198.0965410493004,33.24903976510549,90.00000000000001,118.90424778545453,56.75096023489451,90.00000000000001,241.09575221454548
21.679999999999627,2.8000000000149328,50.0,180.0,39.6263525001136,90.0,102.93125503478973,50.3736474998864,90.0,257.06874496521027
21.699999999999626,2.00000000001495,-50.0,180.0,39.885533486767955,90.0,102.92270439548051,129.88553348676794,90.0,117.92270439548051
21.699999999999626,-3.0901699437718086,-50.0,199.02113032588855,32.43482337718726,90.00000000000001,119.79711610918427,122.43482337718726,89.99999999999999,119.79711610918427
21.699999999999626,-3.0901699437718086,50.0,199.02113032588855,32.43482337718726,90.00000000000001,119.79711610918427,57.56517662281274,90.00000000000001,240.2028838908157
21.699999999999626,2.00000000001495,50.0,180.0,39.885533486767955,90.0,102.92270439548051,50.114466513232045,90.0,257.07729560451946
21.719999999999626,1.2000000000149669,-50.0,180.0,40.143213296955544,90.0,102.91700413194422,130.14321329695554,90.0,117.91700413194422
21.719999999999626,-1.8738131458803409,-50.0,199.64574501456497,31.760610659477432,90.0,120.40665142718707,121.76061065947744,90.0,120.40665142718707
21.719999999999626,-1.8738131458803409,50.0,199.64574501456497,31.760610659477432,90.0,120.40665142718707,58.239389340522564,90.0,239.59334857281294
21.719999999999626,1.2000000000149669,50.0,180.0,40.143213296955544,90.0,102.91700413194422,49.856786703044456,90.0,257.0829958680558
21.739999999999625,0.4000000000149839,-50.0,180.0,40.39938195614841,90.0,102.91415404895253,130.3993819561484,90.0,117.91415404895253
21.739999999999625,-0.6279051953166255,-50.0,199.96053456856248,31.239280013428885,90.0,120.71584368328494,121.23928001342888,90.0,120.71584368328494
21.739999999999625,-0.6279051953166255,50.0,199.96053456856248,31.239280013428885,90.0,120.71584368328494,58.76071998657112,90.0,239.28415631671504
21.739999999999625,0.4000000000149839,50.0,180.0,40.39938195614841,90.0,102.91415404895253,49.60061804385159,90.0,257.0858459510475
21.759999999999625,-0.399999999984999,-50.0,180.0,40.65402944592319,90.0,102.91415404895247,130.6540294459232,90.0,117.91415404895247
21.759999999999625,0.6279051952696171,-50.0,199.9605345685684,30.879447014833143,90.0,120.71584368329077,120.87944701483315,90.0,120.71584368329077
21.759999999999625,0.6279051952696171,50.0,199.9605345685684,30.879447014833143,90.0,120.71584368329077,59.12055298516685,90.0,239.28415631670924
21.759999999999625,-0.399999999984999,50.0,180.0,40.65402944592319,90.0,102.91415404895247,49.34597055407681,90.0,257.08584595104753
21.779999999999625,-1.199999999984982,-50.0,180.0,40.907145706413665,90.0,102.91700413194405,130.90714570641367,90.0,117.91700413194405
21.779999999999625,1.8738131458340739,-50.0,199.64574501458262,30.685121347375354,90.0,120.40665142720438,120.68512134737536,90.0,120.40665142720438
21.779999999999625,1.8738131458340739,50.0,199.64574501458262,30.685121347375354,90.0,120.40665142720438,59.31487865262464,90.0,239.5933485727956
21.779999999999625,-1.199999999984982,50.0,180.0,40.907145706413665,90.0,102.91700413194405,49.092854293586335,90.0,257.08299586805595
21.799999999999624,-1.999999999984965,-50.0,180.0,41.15872063869505,90.0,102.92270439548024,131.15872063869506,90.0,117.92270439548024
21.799999999999624,3.090169943727013,-50.0,199.02113032591768,30.65572113492747,90.0,119.79711610921261,120.65572113492748,90.0,119.79711610921261
21.799999999999624,3.090169943727013,50.0,199.02113032591768,30.65572113492747,90.0,119.79711610921261,59.344278865072525,90.0,240.2028838907874
21.799999999999624,-1.999999999984965,50.0,180.0,41.15872063869505,90.0,102.92270439548024,48.84127936130495,90.0,257.07729560451975
21.819999999999624,-2.799999999984948,-50.0,180.0,41.40874410709876,90.0,102.93125503478933,131.40874410709876,90.0,117.93125503478933
21.819999999999624,4.257792915629331,-50.0,198.09654104934052,30.78644242053037,90.0,118.904247785493,120.78644242053036,90.0,118.904247785493
21.819999999999624,4.257792915629331,50.0,198.09654104934052,30.78644242053037,90.0,118.904247785493,59.21355757946963,90.0,241.095752214507
21.819999999999624,-2.799999999984948,50.0,180.0,41.40874410709876,90.0,102.93125503478933,48.59125589290124,90.0,257.06874496521067
21.839999999999623,-3.599999999984931,-50.0,180.0,41.6572059414559,90.0,102.94265634302026,131.6572059414559,90.0,117.94265634302026
21.839999999999623,5.35826794976998,-50.0,196.88655851006567,31.06891257773258,90.00000000000001,117.75197322531501,121.06891257773258,89.99999999999999,117.75197322531501
21.839999999999623,5.35826794976998,50.0,196.88655851006567,31.06891257773258,90.00000000000001,117.75197322531501,58.931087422267424,90.00000000000001,242.248026774685
21.839999999999623,-3.599999999984931,50.0,180.0,41.6572059414559,90.0,102.94265634302026,48.3427940585441,90.0,257.05734365697975
21.859999999999623,-4.399999999984914,-50.0,180.0,41.90409593926822,90.0,102.95690871161014,131.90409593926822,90.0,117.95690871161014
21.859999999999623,6.374239897468639,-50.0,195.410264855546,31.49201066133202,90.0,116.36955635577446,121.49201066133202,90.0,116.36955635577446
21.859999999999623,6.374239897468639,50.0,195.410264855546,31.49201066133202,90.0,116.36955635577446,58.50798933866798,90.0,243.63044364422552
21.859999999999623,-4.399999999984914,50.0,180.0,41.90409593926822,90.0,102.95690871161014,48.09590406073178,90.0,257.04309128838986
21.879999999999622,-5.199999999984897,-50.0,180.0,42.14940386780493,90.0,102.97401263077529,132.14940386780492,90.0,117.97401263077529
21.879999999999622,7.289686274197874,-50.0,193.69094211860838,32.042726712755865,90.0,114.78992473286984,122.04272671275587,90.0,114.78992473286984
21.879999999999622,7.289686274197874,50.0,193.69094211860838,32.042726712755865,90.0,114.78992473286984,57.957273287244135,90.0,245.21007526713015
21.879999999999622,-5.199999999984897,50.0,180.0,42.14940386780493,90.0,102.97401263077529,47.85059613219507,90.0,257.0259873692247
21.899999999999622,-5.99999999998488,-50.0,180.0,42.393119466123906,90.0,102.99396869012527,132.3931194661239,90.0,117.99396869012527
21.899999999999622,8.090169943735514,-50.0,191.75570504588788,32.70695208116849,90.00000000000001,113.0481048721158,122.70695208116848,89.99999999999999,113.0481048721158
21.899999999999622,8.090169943735514,50.0,191.75570504588788,32.70695208116849,90.00000000000001,113.0481048721158,57.29304791883151,90.00000000000001,246.9518951278842
21.899999999999622,-5.99999999998488,50.0,180.0,42.393119466123906,90.0,102.99396869012527,47.606880533876094,90.0,257.00603130987474
21.91999999999962,-6.799999999984863,-50.0,180.0,42.635232447015426,90.0,103.01677757940087,132.63523244701543,90.0,118.01677757940087
21.91999999999962,8.763066800427179,-50.0,189.635073482076,33.47013007484388,90.0,111.1798976938679,123.47013007484388,90.0,111.1798976938679
21.91999999999962,8.763066800427179,50.0,189.635073482076,33.47013007484388,90.0,111.1798976938679,56.52986992515612,90.0,248.8201023061321
21.91999999999962,-6.799999999984863,50.0,180.0,42.635232447015426,90.0,103.01677757940087,47.364767552984574,90.0,256.98322242059913
21.93999999999962,-7.5999999999848455,-50.0,180.0,42.8757324988674,90.0,103.04244008933598,132.8757324988674,90.0,118.04244008933598
21.93999999999962,9.29776485887375,-50.0,187.3624910537378,34.31773560496478,90.0,109.220849935027,124.31773560496478,90.0,109.220849935027
21.93999999999962,9.29776485887375,50.0,187.3624910537378,34.31773560496478,90.0,109.220849935027,55.68226439503522,90.0,250.779150064973
21.93999999999962,-7.5999999999848455,50.0,180.0,42.8757324988674,90.0,103.04244008933598,47.1242675011326,90.0,256.95755991066403
21.95999999999962,-8.399999999984828,-50.0,180.0,43.114609287449575,90.0,103.07095711264499,133.11460928744958,90.0,118.07095711264499
21.95999999999962,9.685831611280383,-50.0,184.97379774334325,35.23558380597974,90.0,107.20551775930612,125.23558380597974,90.0,107.20551775930612
21.95999999999962,9.685831611280383,50.0,184.97379774334325,35.23558380597974,90.0,107.20551775930612,54.76441619402026,90.0,252.79448224069387
21.95999999999962,-8.399999999984828,50.0,180.0,43.114609287449575,90.0,103.07095711264499,46.885390712550425,90.0,256.929042887355
21.97999999999962,-9.199999999984811,-50.0,180.0,43.35185245761606,90.0,103.10232964513486,133.35185245761608,90.0,118.10232964513486
21.97999999999962,9.921147013141788,-50.0,182.50666467133343,36.20998733763383,90.0,105.16698203827077,126.20998733763383,90.0,105.16698203827077
21.97999999999962,9.921147013141788,50.0,182.50666467133343,36.20998733763383,90.0,105.16698203827077,53.79001266236617,90.0,254.83301796172924
21.97999999999962,-9.199999999984811,50.0,180.0,43.35185245761606,90.0,103.10232964513486,46.64814754238394,90.0,256.8976703548651
21.99999999999962,-9.999999999984794,-50.0,180.0,43.587451634923546,90.0,103.13655878694416,133.58745163492355,90.0,118.13655878694416
21.99999999999962,10.0,-50.0,180.00000000004778,37.22779139517985,90.0,103.13655878698319,127.22779139517985,90.0,103.13655878698319
21.99999999999962,10.0,50.0,180.00000000004778,37.22779139517985,90.0,103.13655878698319,52.77220860482015,90.0,256.8634412130168
21.99999999999962,-9.999999999984794,50.0,180.0,43.587451634923546,90.0,103.13655878694416,46.412548365076454,90.0,256.8634412130558
22.01999999999962,-9.921147013147776,-50.0,182.50666467123864,42.433112601016035,90.0,105.16698203819323,132.43311260101603,90.0,120.16698203819323
22.01999999999962,9.200000000015223,-50.0,180.0,37.50004265693873,90.0,103.10232964513611,127.50004265693873,90.0,103.10232964513611
22.01999999999962,9.200000000015223,50.0,180.0,37.50004265693873,90.0,103.10232964513611,52.49995734306127,90.0,256.89767035486386
22.01999999999962,-9.921147013147776,50.0,182.50666467123864,42.433112601016035,90.0,105.16698203819323,47.566887398983965,90.0,254.83301796180677
22.03999999999962,-9.685831611292265,-50.0,184.9737977432507,41.23049657136333,90.0,107.20551775922884,131.23049657136335,90.0,122.20551775922884
22.03999999999962,8.40000000001524,-50.0,180.0,37.77088010090376,90.0,103.07095711264613,127.77088010090375,90.0,103.07095711264613
22.03999999999962,8.40000000001524,50.0,180.0,37.77088010090376,90.0,103.07095711264613,52.22911989909624,90.0,256.9290428873539
22.03999999999962,-9.685831611292265,50.0,184.9737977432507,41.23049657136333,90.0,107.20551775922884,48.76950342863667,90.0,252.79448224077117
22.05999999999962,-9.297764858891336,-50.0,187.362491053649,39.999620331179216,90.0,109.22084993495126,129.99962033117922,90.0,124.22084993495126
22.05999999999962,7.600000000015257,-50.0,180.0,38.04029426860311,90.0,103.04244008933703,128.0402942686031,90.0,103.04244008933703
22.05999999999962,7.600000000015257,50.0,180.0,38.04029426860311,90.0,103.04244008933703,51.95970573139689,90.0,256.95755991066295
22.05999999999962,-9.297764858891336,50.0,187.362491053649,39.999620331179216,90.0,109.22084993495126,50.000379668820784,90.0,250.77915006504873
22.079999999999618,-8.763066800450193,-50.0,189.63507348199226,38.76165984779617,90.0,111.17989769379491,128.76165984779618,90.0,126.17989769379491
22.079999999999618,6.800000000015274,-50.0,180.0,38.30827563272262,90.0,103.01677757940178,128.30827563272263,90.0,103.01677757940178
22.079999999999618,6.800000000015274,50.0,180.0,38.30827563272262,90.0,103.01677757940178,51.69172436727738,90.0,256.9832224205982
22.079999999999618,-8.763066800450193,50.0,189.63507348199226,38.76165984779617,90.0,111.17989769379491,51.23834015220383,90.0,248.8201023062051
22.099999999999618,-8.090169943763591,-50.0,191.7557050458106,37.53870254256748,90.00000000000001,113.04810487204698,127.53870254256748,89.99999999999999,128.04810487204696
22.099999999999618,6.000000000015291,-50.0,180.0,38.57481460013065,90.0,102.9939686901261,128.57481460013065,90.0,102.9939686901261
22.099999999999618,6.000000000015291,50.0,180.0,38.57481460013065,90.0,102.9939686901261,51.42518539986935,90.0,257.0060313098739
22.099999999999618,-8.090169943763591,50.0,191.7557050458106,37.53870254256748,90.00000000000001,113.04810487204698,52.46129745743252,90.00000000000001,246.95189512795304
22.119999999999617,-7.289686274230576,-50.0,193.69094211853871,36.353421051667986,90.0,114.78992473280645,126.353421051668,90.0,129.78992473280647
22.119999999999617,5.200000000015308,-50.0,180.0,38.83990151483085,90.0,102.97401263077599,128.83990151483084,90.0,102.97401263077599
22.119999999999617,5.200000000015308,50.0,180.0,38.83990151483085,90.0,102.97401263077599,51.16009848516915,90.0,257.025987369224
22.119999999999617,-7.289686274230576,50.0,193.69094211853871,36.353421051667986,90.0,114.78992473280645,53.646578948332014,90.0,245.21007526719353
22.139999999999617,-6.374239897505446,-50.0,195.41026485548508,35.22863719150676,90.0,116.36955635571796,125.22863719150676,90.0,131.36955635571798
22.139999999999617,4.400000000015325,-50.0,180.0,39.103526660856524,90.0,102.95690871161074,129.10352666085652,90.0,102.95690871161074
22.139999999999617,4.400000000015325,50.0,180.0,39.103526660856524,90.0,102.95690871161074,50.896473339143476,90.0,257.0430912883893
22.139999999999617,-6.374239897505446,50.0,195.41026485548508,35.22863719150676,90.0,116.36955635571796,54.77136280849324,90.0,243.63044364428202
22.159999999999616,-5.3582679498103145,-50.0,196.88655851001448,34.18675241068272,90.0,117.75197322526665,124.18675241068271,90.0,132.75197322526665
22.159999999999616,3.600000000015342,-50.0,180.0,39.36568026510533,90.0,102.94265634302076,129.36568026510534,90.0,102.94265634302076
22.159999999999616,3.600000000015342,50.0,180.0,39.36568026510533,90.0,102.94265634302076,50.63431973489467,90.0,257.05734365697924
22.159999999999616,-5.3582679498103145,50.0,196.88655851001448,34.18675241068272,90.0,117.75197322526665,55.81324758931728,90.0,242.24802677473335
22.179999999999616,-4.257792915672558,-50.0,198.09654104929984,33.24903976510595,90.00000000000001,118.90424778545399,123.24903976510595,89.99999999999999,133.904247785454
22.179999999999616,2.800000000015359,-50.0,180.0,39.62635250011346,90.0,102.93125503478973,129.62635250011346,90.0,102.93125503478973
22.179999999999616,2.800000000015359,50.0,180.0,39.62635250011346,90.0,102.93125503478973,50.37364749988654,90.0,257.06874496521027
22.179999999999616,-4.257792915672558,50.0,198.09654104929984,33.24903976510595,90.00000000000001,118.90424778545399,56.75096023489405,90.00000000000001,241.095752214546
22.199999999999616,-3.0901699437724446,-50.0,199.02113032588815,32.434823377187634,90.0,119.79711610918392,122.43482337718763,90.0,134.79711610918392
22.199999999999616,2.000000000015376,-50.0,180.0,39.88553348676782,90.0,102.92270439548051,129.88553348676783,90.0,102.92270439548051
22.199999999999616,2.000000000015376,50.0,180.0,39.88553348676782,90.0,102.92270439548051,50.11446651323218,90.0,257.07729560451946
22.199999999999616,-3.0901699437724446,50.0,199.02113032588815,32.434823377187634,90.0,119.79711610918392,57.565176622812366,90.0,240.20288389081608
22.219999999999615,-1.8738131458809977,-50.0,199.6457450145647,31.760610659477756,90.0,120.40665142718682,121.76061065947775,90.0,135.40665142718683
22.219999999999615,1.2000000000153932,-50.0,180.0,40.14321329695541,90.0,102.91700413194422,130.14321329695542,90.0,102.91700413194422
22.219999999999615,1.2000000000153932,50.0,180.0,40.14321329695541,90.0,102.91700413194422,49.85678670304459,90.0,257.0829958680558
22.219999999999615,-1.8738131458809977,50.0,199.6457450145647,31.760610659477756,90.0,120.40665142718682,58.239389340522244,90.0,239.59334857281317
22.239999999999615,-0.6279051953172926,-50.0,199.9605345685624,31.239280013429116,90.0,120.71584368328487,121.23928001342912,90.0,135.71584368328487
22.239999999999615,0.40000000001541025,-50.0,180.0,40.39938195614828,90.0,102.91415404895253,130.3993819561483,90.0,102.91415404895253
22.239999999999615,0.40000000001541025,50.0,180.0,40.39938195614828,90.0,102.91415404895253,49.60061804385172,90.0,257.0858459510475
22.239999999999615,-0.6279051953172926,50.0,199.9605345685624,31.239280013429116,90.0,120.71584368328487,58.760719986570884,90.0,239.28415631671513
22.259999999999614,0.627905195268948,-50.0,199.96053456856848,30.879447014833296,90.00000000000001,120.71584368329086,120.87944701483329,89.99999999999999,135.71584368329087
22.259999999999614,-0.3999999999845727,-50.0,180.0,40.65402944592306,90.0,102.91415404895247,130.65402944592307,90.0,102.91415404895247
22.259999999999614,-0.3999999999845727,50.0,180.0,40.65402944592306,90.0,102.91415404895247,49.34597055407694,90.0,257.08584595104753
22.259999999999614,0.627905195268948,50.0,199.96053456856848,30.879447014833296,90.00000000000001,120.71584368329086,59.120552985166704,90.00000000000001,239.28415631670913
22.279999999999614,1.873813145833415,-50.0,199.64574501458287,30.6851213473754,90.0,120.40665142720464,120.6851213473754,90.0,135.40665142720462
22.279999999999614,-1.1999999999845556,-50.0,180.0,40.90714570641352,90.0,102.91700413194405,130.90714570641353,90.0,102.91700413194405
22.279999999999614,-1.1999999999845556,50.0,180.0,40.90714570641352,90.0,102.91700413194405,49.09285429358648,90.0,257.08299586805595
22.279999999999614,1.873813145833415,50.0,199.64574501458287,30.6851213473754,90.0,120.40665142720464,59.3148786526246,90.0,239.59334857279538
22.299999999999613,3.090169943726375,-50.0,199.02113032591808,30.655721134927447,90.0,119.797116109213,120.65572113492745,90.0,134.797116109213
22.299999999999613,-1.9999999999845386,-50.0,180.0,41.15872063869492,90.0,102.92270439548024,131.15872063869492,90.0,102.92270439548024
22.299999999999613,-1.9999999999845386,50.0,180.0,41.15872063869492,90.0,102.92270439548024,48.84127936130508,90.0,257.07729560451975
22.299999999999613,3.090169943726375,50.0,199.02113032591808,30.655721134927447,90.0,119.797116109213,59.34427886507255,90.0,240.202883890787
22.319999999999613,4.257792915628728,-50.0,198.09654104934108,30.78644242053025,90.0,118.90424778549355,120.78644242053025,90.0,133.90424778549357
22.319999999999613,-2.7999999999845215,-50.0,180.0,41.40874410709862,90.0,102.93125503478933,131.4087441070986,90.0,102.93125503478933
22.319999999999613,-2.7999999999845215,50.0,180.0,41.40874410709862,90.0,102.93125503478933,48.59125589290138,90.0,257.06874496521067
22.319999999999613,4.257792915628728,50.0,198.09654104934108,30.78644242053025,90.0,118.90424778549355,59.21355757946975,90.0,241.09575221450643
22.339999999999613,5.358267949769413,-50.0,196.88655851006638,31.0689125777324,90.0,117.75197322531568,121.0689125777324,90.0,132.75197322531568
22.339999999999613,-3.5999999999845045,-50.0,180.0,41.657205941455764,90.0,102.94265634302026,131.65720594145577,90.0,102.94265634302026
22.339999999999613,-3.5999999999845045,50.0,180.0,41.657205941455764,90.0,102.94265634302026,48.342794058544236,90.0,257.05734365697975
22.339999999999613,5.358267949769413,50.0,196.88655851006638,31.0689125777324,90.0,117.75197322531568,58.931087422267595,90.0,242.24802677468432
22.359999999999612,6.374239897468121,-50.0,195.41026485554684,31.492010661331747,90.00000000000001,116.36955635577529,121.49201066133175,89.99999999999999,131.36955635577527
22.359999999999612,-4.399999999984487,-50.0,180.0,41.904095939268096,90.0,102.95690871161011,131.9040959392681,90.0,102.95690871161011
22.359999999999612,-4.399999999984487,50.0,180.0,41.904095939268096,90.0,102.95690871161011,48.095904060731904,90.0,257.04309128838986
22.359999999999612,6.374239897468121,50.0,195.41026485554684,31.492010661331747,90.00000000000001,116.36955635577529,58.50798933866825,90.00000000000001,243.63044364422473
22.37999999999961,7.289686274197415,-50.0,193.69094211860934,32.04272671275556,90.0,114.7899247328707,122.04272671275555,90.0,129.7899247328707
22.37999999999961,-5.19999999998447,-50.0,180.0,42.149403867804814,90.0,102.97401263077526,132.1494038678048,90.0,102.97401263077526
22.37999999999961,-5.19999999998447,50.0,180.0,42.149403867804814,90.0,102.97401263077526,47.850596132195186,90.0,257.0259873692247
22.37999999999961,7.289686274197415,50.0,193.69094211860934,32.04272671275556,90.0,114.7899247328707,57.95727328724444,90.0,245.2100752671293
22.39999999999961,8.09016994373512,-50.0,191.755705045889,32.70695208116811,90.0,113.04810487211675,122.70695208116811,90.0,128.04810487211677
22.39999999999961,-5.999999999984453,-50.0,180.0,42.39311946612377,90.0,102.99396869012527,132.39311946612378,90.0,102.99396869012527
22.39999999999961,-5.999999999984453,50.0,180.0,42.39311946612377,90.0,102.99396869012527,47.60688053387623,90.0,257.00603130987474
22.39999999999961,8.09016994373512,50.0,191.755705045889,32.70695208116811,90.0,113.04810487211675,57.29304791883189,90.0,246.95189512788323
22.41999999999961,8.76306680042686,-50.0,189.63507348207716,33.470130074843446,90.0,111.17989769386892,123.47013007484344,90.0,126.17989769386892
22.41999999999961,-6.799999999984436,-50.0,180.0,42.635232447015305,90.0,103.01677757940084,132.6352324470153,90.0,103.01677757940084
22.41999999999961,-6.799999999984436,50.0,180.0,42.635232447015305,90.0,103.01677757940084,47.364767552984695,90.0,256.9832224205992
22.41999999999961,8.76306680042686,50.0,189.63507348207716,33.470130074843446,90.0,111.17989769386892,56.529869925156554,90.0,248.82010230613108
22.43999999999961,9.297764858873505,-50.0,187.36249105373906,34.317735604964305,90.0,109.22084993502807,124.3177356049643,90.0,124.22084993502807
22.43999999999961,-7.599999999984419,-50.0,180.0,42.87573249886726,90.0,103.04244008933598,132.87573249886725,90.0,103.04244008933598
22.43999999999961,-7.599999999984419,50.0,180.0,42.87573249886726,90.0,103.04244008933598,47.12426750113274,90.0,256.95755991066403
22.43999999999961,9.297764858873505,50.0,187.36249105373906,34.317735604964305,90.0,109.22084993502807,55.682264395035695,90.0,250.77915006497193
22.45999999999961,9.685831611280218,-50.0,184.97379774334456,35.23558380597923,90.0,107.20551775930718,125.23558380597923,90.0,122.20551775930718
22.45999999999961,-8.399999999984402,-50.0,180.0,43.11460928744944,90.0,103.07095711264499,133.11460928744944,90.0,103.07095711264499
22.45999999999961,-8.399999999984402,50.0,180.0,43.11460928744944,90.0,103.07095711264499,46.88539071255056,90.0,256.929042887355
22.45999999999961,9.685831611280218,50.0,184.97379774334456,35.23558380597923,90.0,107.20551775930718,54.76441619402077,90.0,252.79448224069282
22.47999999999961,9.921147013141704,-50.0,182.50666467133476,36.20998733763328,90.0,105.16698203827188,126.20998733763328,90.0,120.16698203827188
22.47999999999961,-9.199999999984385,-50.0,180.0,43.35185245761595,90.0,103.10232964513483,133.35185245761596,90.0,103.10232964513483
22.47999999999961,-9.199999999984385,50.0,180.0,43.35185245761595,90.0,103.10232964513483,46.64814754238405,90.0,256.89767035486517
22.47999999999961,9.921147013141704,50.0,182.50666467133476,36.20998733763328,90.0,105.16698203827188,53.79001266236672,90.0,254.8330179617281
22.49999999999961,10.0,-50.0,180.0000000000491,37.2277913951793,90.0,103.13655878698425,127.22779139517931,90.0,118.13655878698425
22.49999999999961,-9.999999999984368,-50.0,180.0,43.58745163492341,90.0,103.13655878694416,133.5874516349234,90.0,103.13655878694416
22.49999999999961,-9.999999999984368,50.0,180.0,43.58745163492341,90.0,103.13655878694416,46.41254836507659,90.0,256.8634412130558
22.49999999999961,10.0,50.0,180.0000000000491,37.2277913951793,90.0,103.13655878698425,52.7722086048207,90.0,256.86344121301573
22.51999999999961,9.200000000015649,-50.0,180.0,37.5000426569386,90.0,103.10232964513611,127.5000426569386,90.0,118.10232964513611
22.51999999999961,-9.92114701314786,-50.0,182.5066646712373,42.43311260101665,90.0,105.16698203819216,132.43311260101666,90.0,105.16698203819216
22.51999999999961,-9.92114701314786,50.0,182.5066646712373,42.43311260101665,90.0,105.16698203819216,47.56688739898335,90.0,254.83301796180785
22.51999999999961,9.200000000015649,50.0,180.0,37.5000426569386,90.0,103.10232964513611,52.4999573430614,90.0,256.89767035486386
22.53999999999961,8.400000000015666,-50.0,180.0,37.77088010090362,90.0,103.07095711264616,127.77088010090361,90.0,118.07095711264616
22.53999999999961,-9.685831611292432,-50.0,184.97379774324943,41.230496571363965,90.0,107.2055177592278,131.23049657136397,90.0,107.2055177592278
22.53999999999961,-9.685831611292432,50.0,184.97379774324943,41.230496571363965,90.0,107.2055177592278,48.769503428636035,90.0,252.7944822407722
22.53999999999961,8.400000000015666,50.0,180.0,37.77088010090362,90.0,103.07095711264616,52.22911989909638,90.0,256.92904288735383
22.559999999999608,7.600000000015683,-50.0,180.0,38.040294268602985,90.0,103.04244008933703,128.040294268603,90.0,118.04244008933703
22.559999999999608,-9.297764858891583,-50.0,187.36249105364774,39.999620331179884,90.0,109.2208499349502,129.99962033117987,90.0,109.2208499349502
22.559999999999608,-9.297764858891583,50.0,187.36249105364774,39.999620331179884,90.0,109.2208499349502,50.000379668820116,90.0,250.7791500650498
22.559999999999608,7.600000000015683,50.0,180.0,38.040294268602985,90.0,103.04244008933703,51.959705731397015,90.0,256.95755991066295
22.579999999999607,6.8000000000157,-50.0,180.0,38.30827563272249,90.0,103.01677757940178,128.30827563272248,90.0,118.01677757940178
22.579999999999607,-8.763066800450517,-50.0,189.63507348199107,38.761659847796835,90.0,111.1798976937939,128.76165984779684,90.0,111.1798976937939
22.579999999999607,-8.763066800450517,50.0,189.63507348199107,38.761659847796835,90.0,111.1798976937939,51.238340152203165,90.0,248.82010230620608
22.579999999999607,6.8000000000157,50.0,180.0,38.30827563272249,90.0,103.01677757940178,51.69172436727751,90.0,256.9832224205982
22.599999999999607,6.000000000015717,-50.0,180.0,38.574814600130516,90.0,102.9939686901261,128.5748146001305,90.0,117.9939686901261
22.599999999999607,-8.090169943763986,-50.0,191.75570504580952,37.53870254256814,90.0,113.048104872046,127.53870254256813,90.0,113.048104872046
22.599999999999607,-8.090169943763986,50.0,191.75570504580952,37.53870254256814,90.0,113.048104872046,52.46129745743186,90.0,246.951895127954
22.599999999999607,6.000000000015717,50.0,180.0,38.574814600130516,90.0,102.9939686901261,51.425185399869484,90.0,257.0060313098739
22.619999999999607,5.200000000015734,-50.0,180.0,38.839901514830714,90.0,102.97401263077599,128.83990151483073,90.0,117.97401263077599
22.619999999999607,-7.289686274231034,-50.0,193.69094211853775,36.35342105166859,90.0,114.78992473280559,126.35342105166859,90.0,114.78992473280559
22.619999999999607,-7.289686274231034,50.0,193.69094211853775,36.35342105166859,90.0,114.78992473280559,53.64657894833141,90.0,245.2100752671944
22.619999999999607,5.200000000015734,50.0,180.0,38.839901514830714,90.0,102.97401263077599,51.160098485169286,90.0,257.025987369224
22.639999999999606,4.400000000015751,-50.0,180.0,39.10352666085639,90.0,102.95690871161074,129.1035266608564,90.0,117.95690871161074
22.639999999999606,-6.374239897505961,-50.0,195.41026485548423,35.228637191507346,90.0,116.36955635571717,125.22863719150735,90.0,116.36955635571717
22.639999999999606,-6.374239897505961,50.0,195.41026485548423,35.228637191507346,90.0,116.36955635571717,54.771362808492654,90.0,243.63044364428282
22.639999999999606,4.400000000015751,50.0,180.0,39.10352666085639,90.0,102.95690871161074,50.89647333914361,90.0,257.0430912883893
22.659999999999606,3.6000000000157684,-50.0,180.0,39.3656802651052,90.0,102.94265634302076,129.3656802651052,90.0,117.94265634302076
22.659999999999606,-5.3582679498108785,-50.0,196.88655851001374,34.18675241068325,90.0,117.75197322526596,124.18675241068325,90.0,117.75197322526596
22.659999999999606,-5.3582679498108785,50.0,196.88655851001374,34.18675241068325,90.0,117.75197322526596,55.81324758931675,90.0,242.24802677473406
22.659999999999606,3.6000000000157684,50.0,180.0,39.3656802651052,90.0,102.94265634302076,50.6343197348948,90.0,257.05734365697924
22.679999999999605,2.8000000000157854,-50.0,180.0,39.62635250011333,90.0,102.93125503478973,129.62635250011334,90.0,117.93125503478973
22.679999999999605,-4.257792915673162,-50.0,198.09654104929928,33.249039765106424,90.00000000000001,118.90424778545344,123.24903976510643,89.99999999999999,118.90424778545344
22.679999999999605,-4.257792915673162,50.0,198.09654104929928,33.249039765106424,90.00000000000001,118.90424778545344,56.750960234893576,90.00000000000001,241.09575221454656
22.679999999999605,2.8000000000157854,50.0,180.0,39.62635250011333,90.0,102.93125503478973,50.37364749988667,90.0,257.06874496521027
22.699999999999605,2.0000000000158025,-50.0,180.0,39.885533486767685,90.0,102.92270439548051,129.88553348676768,90.0,117.92270439548051
22.699999999999605,-3.0901699437730823,-50.0,199.02113032588773,32.43482337718804,90.0,119.79711610918348,122.43482337718804,90.0,119.79711610918348
22.699999999999605,-3.0901699437730823,50.0,199.02113032588773,32.43482337718804,90.0,119.79711610918348,57.56517662281196,90.0,240.2028838908165
22.699999999999605,2.0000000000158025,50.0,180.0,39.885533486767685,90.0,102.92270439548051,50.114466513232315,90.0,257.07729560451946
22.719999999999605,1.2000000000158195,-50.0,180.0,40.143213296955274,90.0,102.91700413194422,130.14321329695528,90.0,117.91700413194422
22.719999999999605,-1.8738131458816563,-50.0,199.64574501456445,31.760610659478075,90.0,120.40665142718659,121.76061065947808,90.0,120.40665142718659
22.719999999999605,-1.8738131458816563,50.0,199.64574501456445,31.760610659478075,90.0,120.40665142718659,58.239389340521925,90.0,239.5933485728134
22.719999999999605,1.2000000000158195,50.0,180.0,40.143213296955274,90.0,102.91700413194422,49.856786703044726,90.0,257.0829958680558
22.739999999999604,0.4000000000158366,-50.0,180.0,40.39938195614814,90.0,102.91415404895253,130.39938195614815,90.0,117.91415404895253
22.739999999999604,-0.6279051953179617,-50.0,199.9605345685623,31.239280013429376,90.0,120.71584368328475,121.23928001342938,90.0,120.71584368328475
22.739999999999604,-0.6279051953179617,50.0,199.9605345685623,31.239280013429376,90.0,120.71584368328475,58.76071998657062,90.0,239.28415631671527
22.739999999999604,0.4000000000158366,50.0,180.0,40.39938195614814,90.0,102.91415404895253,49.60061804385186,90.0,257.0858459510475
22.759999999999604,-0.39999999998414637,-50.0,180.0,40.65402944592292,90.0,102.91415404895247,130.65402944592293,90.0,117.91415404895247
22.759999999999604,0.6279051952682786,-50.0,199.96053456856856,30.879447014833442,90.0,120.71584368329093,120.87944701483345,90.0,120.71584368329093
22.759999999999604,0.6279051952682786,50.0,199.96053456856856,30.879447014833442,90.0,120.71584368329093,59.120552985166555,90.0,239.28415631670907
22.759999999999604,-0.39999999998414637,50.0,180.0,40.65402944592292,90.0,102.91415404895247,49.34597055407708,90.0,257.08584595104753
22.779999999999603,-1.1999999999841293,-50.0,180.0,40.90714570641339,90.0,102.91700413194405,130.9071457064134,90.0,117.91700413194405
22.779999999999603,1.8738131458327587,-50.0,199.64574501458313,30.685121347375464,90.00000000000001,120.40665142720488,120.68512134737546,89.99999999999999,120.40665142720488
22.779999999999603,1.8738131458327587,50.0,199.64574501458313,30.685121347375464,90.00000000000001,120.40665142720488,59.314878652624536,90.00000000000001,239.59334857279512
22.779999999999603,-1.1999999999841293,50.0,180.0,40.90714570641339,90.0,102.91700413194405,49.09285429358661,90.0,257.08299586805595
22.799999999999603,-1.9999999999841123,-50.0,180.0,41.15872063869478,90.0,102.92270439548024,131.15872063869477,90.0,117.92270439548024
22.799999999999603,3.0901699437257397,-50.0,199.0211303259185,30.655721134927415,90.0,119.7971161092134,120.65572113492742,90.0,119.7971161092134
22.799999999999603,3.0901699437257397,50.0,199.0211303259185,30.655721134927415,90.0,119.7971161092134,59.34427886507258,90.0,240.2028838907866
22.799999999999603,-1.9999999999841123,50.0,180.0,41.15872063869478,90.0,102.92270439548024,48.84127936130522,90.0,257.07729560451975
22.819999999999602,-2.799999999984095,-50.0,180.0,41.40874410709849,90.0,102.93125503478933,131.4087441070985,90.0,117.93125503478933
22.819999999999602,4.257792915628121,-50.0,198.09654104934168,30.786442420530125,90.0,118.90424778549414,120.78644242053012,90.0,118.90424778549414
22.819999999999602,4.257792915628121,50.0,198.09654104934168,30.786442420530125,90.0,118.90424778549414,59.21355757946988,90.0,241.09575221450586
22.819999999999602,-2.799999999984095,50.0,180.0,41.40874410709849,90.0,102.93125503478933,48.59125589290151,90.0,257.06874496521067
22.839999999999602,-3.599999999984078,-50.0,180.0,41.65720594145563,90.0,102.94265634302026,131.65720594145563,90.0,117.94265634302026
22.839999999999602,5.358267949768846,-50.0,196.88655851006712,31.06891257773221,90.0,117.75197322531636,121.0689125777322,90.0,117.75197322531636
22.839999999999602,5.358267949768846,50.0,196.88655851006712,31.06891257773221,90.0,117.75197322531636,58.931087422267794,90.0,242.24802677468364
22.839999999999602,-3.599999999984078,50.0,180.0,41.65720594145563,90.0,102.94265634302026,48.34279405854437,90.0,257.05734365697975
22.8599999999996,-4.399999999984061,-50.0,180.0,41.90409593926796,90.0,102.95690871161011,131.90409593926796,90.0,117.95690871161011
22.8599999999996,6.374239897467605,-50.0,195.4102648555477,31.49201066133149,90.0,116.36955635577607,121.49201066133149,90.0,116.36955635577607
22.8599999999996,6.374239897467605,50.0,195.4102648555477,31.49201066133149,90.0,116.36955635577607,58.50798933866851,90.0,243.63044364422393
22.8599999999996,-4.399999999984061,50.0,180.0,41.90409593926796,90.0,102.95690871161011,48.09590406073204,90.0,257.04309128838986
22.8799999999996,-5.199999999984044,-50.0,180.0,42.14940386780468,90.0,102.97401263077526,132.14940386780466,90.0,117.97401263077526
22.8799999999996,7.289686274196958,-50.0,193.6909421186103,32.04272671275523,90.0,114.7899247328716,122.04272671275524,90.0,114.7899247328716
22.8799999999996,7.289686274196958,50.0,193.6909421186103,32.04272671275523,90.0,114.7899247328716,57.95727328724477,90.0,245.2100752671284
22.8799999999996,-5.199999999984044,50.0,180.0,42.14940386780468,90.0,102.97401263077526,47.85059613219532,90.0,257.0259873692247
22.8999999999996,-5.999999999984027,-50.0,180.0,42.393119466123636,90.0,102.99396869012526,132.39311946612364,90.0,117.99396869012526
22.8999999999996,8.090169943734725,-50.0,191.75570504589007,32.70695208116773,90.0,113.04810487211773,122.70695208116773,90.0,113.04810487211773
22.8999999999996,8.090169943734725,50.0,191.75570504589007,32.70695208116773,90.0,113.04810487211773,57.29304791883227,90.0,246.95189512788227
22.8999999999996,-5.999999999984027,50.0,180.0,42.393119466123636,90.0,102.99396869012526,47.606880533876364,90.0,257.00603130987474
22.9199999999996,-6.79999999998401,-50.0,180.0,42.63523244701517,90.0,103.01677757940084,132.63523244701517,90.0,118.01677757940084
22.9199999999996,8.763066800426536,-50.0,189.63507348207833,33.47013007484303,90.0,111.17989769386993,123.47013007484303,90.0,111.17989769386993
22.9199999999996,8.763066800426536,50.0,189.63507348207833,33.47013007484303,90.0,111.17989769386993,56.52986992515697,90.0,248.82010230613008
22.9199999999996,-6.79999999998401,50.0,180.0,42.63523244701517,90.0,103.01677757940084,47.36476755298483,90.0,256.9832224205992
22.9399999999996,-7.599999999983993,-50.0,180.0,42.87573249886714,90.0,103.04244008933595,132.87573249886714,90.0,118.04244008933595
22.9399999999996,9.297764858873258,-50.0,187.3624910537403,34.31773560496383,90.0,109.22084993502914,124.31773560496383,90.0,109.22084993502914
22.9399999999996,9.297764858873258,50.0,187.3624910537403,34.31773560496383,90.0,109.22084993502914,55.68226439503617,90.0,250.77915006497085
22.9399999999996,-7.599999999983993,50.0,180.0,42.87573249886714,90.0,103.04244008933595,47.12426750113286,90.0,256.95755991066403
22.9599999999996,-8.399999999983976,-50.0,180.0,43.11460928744932,90.0,103.07095711264498,133.11460928744933,90.0,118.07095711264498
22.9599999999996,9.68583161128005,-50.0,184.97379774334587,35.23558380597871,90.0,107.20551775930832,125.2355838059787,90.0,107.20551775930832
22.9599999999996,9.68583161128005,50.0,184.97379774334587,35.23558380597871,90.0,107.20551775930832,54.76441619402129,90.0,252.79448224069168
22.9599999999996,-8.399999999983976,50.0,180.0,43.11460928744932,90.0,103.07095711264498,46.88539071255068,90.0,256.929042887355
22.9799999999996,-9.199999999983959,-50.0,180.0,43.35185245761581,90.0,103.10232964513483,133.35185245761582,90.0,118.10232964513483
22.9799999999996,9.92114701314162,-50.0,182.5066646713361,36.20998733763277,90.00000000000001,105.16698203827293,126.20998733763277,89.99999999999999,105.16698203827293
22.9799999999996,9.92114701314162,50.0,182.5066646713361,36.20998733763277,90.00000000000001,105.16698203827293,53.79001266236723,90.00000000000001,254.83301796172708
22.9799999999996,-9.199999999983959,50.0,180.0,43.35185245761581,90.0,103.10232964513483,46.64814754238419,90.0,256.89767035486517
22.9999999999996,-9.999999999983942,-50.0,180.0,43.58745163492329,90.0,103.13655878694415,133.5874516349233,90.0,118.13655878694415
22.9999999999996,10.0,-50.0,180.00000000005045,37.22779139517875,90.0,103.13655878698532,127.22779139517874,90.0,103.13655878698532
22.9999999999996,10.0,50.0,180.00000000005045,37.22779139517875,90.0,103.13655878698532,52.77220860482125,90.0,256.86344121301465
22.9999999999996,-9.999999999983942,50.0,180.0,43.58745163492329,90.0,103.13655878694415,46.41254836507671,90.0,256.86344121305586
23.019999999999598,-9.921147013147943,-50.0,182.50666467123597,42.4331126010173,90.0,105.16698203819107,132.43311260101729,90.0,120.16698203819107
23.019999999999598,9.200000000016075,-50.0,180.0,37.50004265693845,90.0,103.10232964513614,127.50004265693845,90.0,103.10232964513614
23.019999999999598,9.200000000016075,50.0,180.0,37.50004265693845,90.0,103.10232964513614,52.49995734306155,90.0,256.89767035486386
23.019999999999598,-9.921147013147943,50.0,182.50666467123597,42.4331126010173,90.0,105.16698203819107,47.5668873989827,90.0,254.83301796180893
23.039999999999598,-9.685831611292597,-50.0,184.97379774324813,41.230496571364625,90.0,107.2055177592267,131.23049657136463,90.0,122.2055177592267
23.039999999999598,8.400000000016092,-50.0,180.0,37.77088010090348,90.0,103.07095711264616,127.77088010090348,90.0,103.07095711264616
23.039999999999598,8.400000000016092,50.0,180.0,37.77088010090348,90.0,103.07095711264616,52.22911989909652,90.0,256.92904288735383
23.039999999999598,-9.685831611292597,50.0,184.97379774324813,41.230496571364625,90.0,107.2055177592267,48.769503428635375,90.0,252.7944822407733
23.059999999999597,-9.29776485889183,-50.0,187.3624910536465,39.99962033118053,90.0,109.22084993494914,129.99962033118052,90.0,124.22084993494914
23.059999999999597,7.600000000016109,-50.0,180.0,38.04029426860283,90.0,103.04244008933705,128.04029426860282,90.0,103.04244008933705
23.059999999999597,7.600000000016109,50.0,180.0,38.04029426860283,90.0,103.04244008933705,51.95970573139717,90.0,256.95755991066295
23.059999999999597,-9.29776485889183,50.0,187.3624910536465,39.99962033118053,90.0,109.22084993494914,50.00037966881947,90.0,250.77915006505086
23.079999999999597,-8.76306680045084,-50.0,189.6350734819899,38.76165984779749,90.0,111.17989769379287,128.7616598477975,90.0,126.17989769379287
23.079999999999597,6.8000000000161265,-50.0,180.0,38.308275632722356,90.0,103.01677757940179,128.30827563272237,90.0,103.01677757940179
23.079999999999597,6.8000000000161265,50.0,180.0,38.308275632722356,90.0,103.01677757940179,51.691724367277644,90.0,256.9832224205982
23.079999999999597,-8.76306680045084,50.0,189.6350734819899,38.76165984779749,90.0,111.17989769379287,51.23834015220251,90.0,248.82010230620713
23.099999999999596,-8.09016994376438,-50.0,191.75570504580844,37.53870254256878,90.0,113.04810487204503,127.53870254256879,90.0,128.04810487204503
23.099999999999596,6.0000000000161435,-50.0,180.0,38.574814600130374,90.0,102.99396869012611,128.57481460013037,90.0,102.99396869012611
23.099999999999596,6.0000000000161435,50.0,180.0,38.574814600130374,90.0,102.99396869012611,51.425185399869626,90.0,257.0060313098739
23.099999999999596,-8.09016994376438,50.0,191.75570504580844,37.53870254256878,90.0,113.04810487204503,52.46129745743122,90.0,246.95189512795497
23.119999999999596,-7.289686274231492,-50.0,193.69094211853675,36.35342105166923,90.0,114.78992473280468,126.35342105166923,90.0,129.78992473280468
23.119999999999596,5.200000000016161,-50.0,180.0,38.839901514830586,90.0,102.97401263077599,128.8399015148306,90.0,102.97401263077599
23.119999999999596,5.200000000016161,50.0,180.0,38.839901514830586,90.0,102.97401263077599,51.160098485169414,90.0,257.025987369224
23.119999999999596,-7.289686274231492,50.0,193.69094211853675,36.35342105166923,90.0,114.78992473280468,53.64657894833077,90.0,245.21007526719532
23.139999999999596,-6.374239897506477,-50.0,195.41026485548338,35.228637191507914,90.0,116.36955635571638,125.22863719150791,90.0,131.36955635571638
23.139999999999596,4.400000000016178,-50.0,180.0,39.10352666085625,90.0,102.95690871161075,129.10352666085623,90.0,102.95690871161075
23.139999999999596,4.400000000016178,50.0,180.0,39.10352666085625,90.0,102.95690871161075,50.89647333914375,90.0,257.04309128838923
23.139999999999596,-6.374239897506477,50.0,195.41026485548338,35.228637191507914,90.0,116.36955635571638,54.771362808492086,90.0,243.63044364428362
23.159999999999595,-5.358267949811445,-50.0,196.88655851001303,34.18675241068379,90.0,117.75197322526527,124.1867524106838,90.0,132.75197322526526
23.159999999999595,3.6000000000161947,-50.0,180.0,39.36568026510506,90.0,102.94265634302076,129.36568026510506,90.0,102.94265634302076
23.159999999999595,3.6000000000161947,50.0,180.0,39.36568026510506,90.0,102.94265634302076,50.63431973489494,90.0,257.05734365697924
23.159999999999595,-5.358267949811445,50.0,196.88655851001303,34.18675241068379,90.0,117.75197322526527,55.81324758931621,90.0,242.24802677473474
23.179999999999595,-4.257792915673769,-50.0,198.0965410492987,33.24903976510689,90.0,118.9042477854529,123.24903976510689,90.0,133.9042477854529
23.179999999999595,2.8000000000162117,-50.0,180.0,39.62635250011319,90.0,102.93125503478973,129.6263525001132,90.0,102.93125503478973
23.179999999999595,2.8000000000162117,50.0,180.0,39.62635250011319,90.0,102.93125503478973,50.37364749988681,90.0,257.06874496521027
23.179999999999595,-4.257792915673769,50.0,198.0965410492987,33.24903976510689,90.0,118.9042477854529,56.75096023489311,90.0,241.0957522145471
23.199999999999594,-3.09016994377372,-50.0,199.02113032588733,32.43482337718844,90.0,119.7971161091831,122.43482337718844,90.0,134.7971161091831
23.199999999999594,2.000000000016229,-50.0,180.0,39.88553348676754,90.0,102.92270439548052,129.88553348676754,90.0,102.92270439548052
23.199999999999594,2.000000000016229,50.0,180.0,39.88553348676754,90.0,102.92270439548052,50.11446651323246,90.0,257.07729560451946
23.199999999999594,-3.09016994377372,50.0,199.02113032588733,32.43482337718844,90.0,119.7971161091831,57.56517662281156,90.0,240.2028838908169
23.219999999999594,-1.8738131458823126,-50.0,199.64574501456423,31.760610659478385,90.0,120.40665142718636,121.76061065947839,90.0,135.40665142718638
23.219999999999594,1.2000000000162458,-50.0,180.0,40.14321329695514,90.0,102.91700413194422,130.14321329695514,90.0,102.91700413194422
23.219999999999594,1.2000000000162458,50.0,180.0,40.14321329695514,90.0,102.91700413194422,49.85678670304486,90.0,257.0829958680558
23.219999999999594,-1.8738131458823126,50.0,199.64574501456423,31.760610659478385,90.0,120.40665142718636,58.23938934052161,90.0,239.59334857281362
23.239999999999593,-0.6279051953186289,-50.0,199.96053456856222,31.239280013429592,90.00000000000001,120.71584368328469,121.23928001342959,89.99999999999999,135.71584368328467
23.239999999999593,0.4000000000162629,-50.0,180.0,40.399381956148005,90.0,102.91415404895253,130.399381956148,90.0,102.91415404895253
23.239999999999593,0.4000000000162629,50.0,180.0,40.399381956148005,90.0,102.91415404895253,49.600618043851995,90.0,257.0858459510475
23.239999999999593,-0.6279051953186289,50.0,199.96053456856222,31.239280013429592,90.00000000000001,120.71584368328469,58.76071998657041,90.00000000000001,239.28415631671533
23.259999999999593,0.6279051952676117,-50.0,199.96053456856865,30.879447014833595,90.00000000000001,120.715843683291,120.8794470148336,89.99999999999999,135.71584368329098
23.259999999999593,-0.39999999998372004,-50.0,180.0,40.6540294459228,90.0,102.91415404895245,130.6540294459228,90.0,102.91415404895245
23.259999999999593,-0.39999999998372004,50.0,180.0,40.6540294459228,90.0,102.91415404895245,49.3459705540772,90.0,257.08584595104753
23.259999999999593,0.6279051952676117,50.0,199.96053456856865,30.879447014833595,90.00000000000001,120.715843683291,59.120552985166405,90.00000000000001,239.28415631670902
23.279999999999593,1.8738131458321,-50.0,199.64574501458335,30.685121347375553,90.0,120.40665142720509,120.68512134737556,90.0,135.40665142720508
23.279999999999593,-1.199999999983703,-50.0,180.0,40.90714570641326,90.0,102.91700413194405,130.90714570641325,90.0,102.91700413194405
23.279999999999593,-1.199999999983703,50.0,180.0,40.90714570641326,90.0,102.91700413194405,49.09285429358674,90.0,257.08299586805595
23.279999999999593,1.8738131458321,50.0,199.64574501458335,30.685121347375553,90.0,120.40665142720509,59.314878652624444,90.0,239.59334857279492
23.299999999999592,3.090169943725102,-50.0,199.0211303259189,30.655721134927397,90.0,119.79711610921379,120.6557211349274,90.0,134.7971161092138
23.299999999999592,-1.999999999983686,-50.0,180.0,41.158720638694646,90.0,102.92270439548024,131.15872063869466,90.0,102.92270439548024
23.299999999999592,-1.999999999983686,50.0,180.0,41.158720638694646,90.0,102.92270439548024,48.841279361305354,90.0,257.07729560451975
23.299999999999592,3.090169943725102,50.0,199.0211303259189,30.655721134927397,90.0,119.79711610921379,59.3442788650726,90.0,240.2028838907862
23.31999999999959,4.257792915627514,-50.0,198.09654104934225,30.786442420530022,90.0,118.90424778549468,120.78644242053002,90.0,133.90424778549468
23.31999999999959,-2.799999999983669,-50.0,180.0,41.40874410709836,90.0,102.93125503478933,131.40874410709836,90.0,102.93125503478933
23.31999999999959,-2.799999999983669,50.0,180.0,41.40874410709836,90.0,102.93125503478933,48.59125589290164,90.0,257.06874496521067
23.31999999999959,4.257792915627514,50.0,198.09654104934225,30.786442420530022,90.0,118.90424778549468,59.21355757946998,90.0,241.09575221450532
23.33999999999959,5.358267949768285,-50.0,196.88655851006783,31.068912577732007,90.0,117.75197322531706,121.06891257773201,90.0,132.75197322531704
23.33999999999959,-3.599999999983652,-50.0,180.0,41.6572059414555,90.0,102.94265634302023,131.65720594145552,90.0,102.94265634302023
23.33999999999959,-3.599999999983652,50.0,180.0,41.6572059414555,90.0,102.94265634302023,48.3427940585445,90.0,257.05734365697975
23.33999999999959,5.358267949768285,50.0,196.88655851006783,31.068912577732007,90.0,117.75197322531706,58.93108742226799,90.0,242.24802677468296
23.35999999999959,6.374239897467088,-50.0,195.41026485554855,31.492010661331225,90.0,116.36955635577687,121.49201066133122,90.0,131.36955635577687
23.35999999999959,-4.399999999983635,-50.0,180.0,41.90409593926783,90.0,102.9569087116101,131.90409593926785,90.0,102.9569087116101
23.35999999999959,-4.399999999983635,50.0,180.0,41.90409593926783,90.0,102.9569087116101,48.09590406073217,90.0,257.0430912883899
23.35999999999959,6.374239897467088,50.0,195.41026485554855,31.492010661331225,90.0,116.36955635577687,58.50798933866878,90.0,243.63044364422313
23.37999999999959,7.2896862741965,-50.0,193.6909421186113,32.042726712754906,90.0,114.78992473287248,122.0427267127549,90.0,129.78992473287246
23.37999999999959,-5.199999999983618,-50.0,180.0,42.149403867804544,90.0,102.97401263077525,132.14940386780455,90.0,102.97401263077525
23.37999999999959,-5.199999999983618,50.0,180.0,42.149403867804544,90.0,102.97401263077525,47.850596132195456,90.0,257.02598736922477
23.37999999999959,7.2896862741965,50.0,193.6909421186113,32.042726712754906,90.0,114.78992473287248,57.957273287245094,90.0,245.21007526712754
23.39999999999959,8.090169943734331,-50.0,191.75570504589115,32.70695208116734,90.0,113.0481048721187,122.70695208116734,90.0,128.0481048721187
23.39999999999959,-5.999999999983601,-50.0,180.0,42.3931194661235,90.0,102.99396869012526,132.3931194661235,90.0,102.99396869012526
23.39999999999959,-5.999999999983601,50.0,180.0,42.3931194661235,90.0,102.99396869012526,47.6068805338765,90.0,257.00603130987474
23.39999999999959,8.090169943734331,50.0,191.75570504589115,32.70695208116734,90.0,113.0481048721187,57.29304791883266,90.0,246.9518951278813
23.41999999999959,8.763066800426213,-50.0,189.6350734820795,33.47013007484259,90.0,111.17989769387096,123.47013007484259,90.0,126.17989769387096
23.41999999999959,-6.799999999983584,-50.0,180.0,42.63523244701504,90.0,103.01677757940081,132.63523244701503,90.0,103.01677757940081
23.41999999999959,-6.799999999983584,50.0,180.0,42.63523244701504,90.0,103.01677757940081,47.36476755298496,90.0,256.9832224205992
23.41999999999959,8.763066800426213,50.0,189.6350734820795,33.47013007484259,90.0,111.17989769387096,56.52986992515741,90.0,248.82010230612906
23.43999999999959,9.297764858873009,-50.0,187.36249105374156,34.31773560496334,90.0,109.22084993503022,124.31773560496333,90.0,124.22084993503022
23.43999999999959,-7.599999999983567,-50.0,180.0,42.875732498867,90.0,103.04244008933595,132.875732498867,90.0,103.04244008933595
23.43999999999959,-7.599999999983567,50.0,180.0,42.875732498867,90.0,103.04244008933595,47.124267501133,90.0,256.95755991066403
23.43999999999959,9.297764858873009,50.0,187.36249105374156,34.31773560496334,90.0,109.22084993503022,55.68226439503666,90.0,250.77915006496977
23.45999999999959,9.685831611279884,-50.0,184.97379774334715,35.23558380597822,90.00000000000001,107.20551775930936,125.23558380597822,89.99999999999999,122.20551775930936
23.45999999999959,-8.39999999998355,-50.0,180.0,43.11460928744919,90.0,103.07095711264495,133.11460928744918,90.0,103.07095711264495
23.45999999999959,-8.39999999998355,50.0,180.0,43.11460928744919,90.0,103.07095711264495,46.88539071255081,90.0,256.9290428873551
23.45999999999959,9.685831611279884,50.0,184.97379774334715,35.23558380597822,90.00000000000001,107.20551775930936,54.76441619402178,90.00000000000001,252.79448224069063
23.47999999999959,9.921147013141535,-50.0,182.5066646713374,36.209987337632235,90.0,105.16698203827401,126.20998733763224,90.0,120.16698203827401
23.47999999999959,-9.199999999983532,-50.0,180.0,43.35185245761568,90.0,103.10232964513482,133.35185245761568,90.0,103.10232964513482
23.47999999999959,-9.199999999983532,50.0,180.0,43.35185245761568,90.0,103.10232964513482,46.64814754238432,90.0,256.89767035486517
23.47999999999959,9.921147013141535,50.0,182.5066646713374,36.209987337632235,90.0,105.16698203827401,53.790012662367765,90.0,254.833017961726
23.499999999999588,10.0,-50.0,180.00000000005178,37.22779139517821,90.0,103.13655878698638,127.2277913951782,90.0,118.13655878698638
23.499999999999588,-9.999999999983515,-50.0,180.0,43.58745163492316,90.0,103.13655878694412,133.58745163492316,90.0,103.13655878694412
23.499999999999588,-9.999999999983515,50.0,180.0,43.58745163492316,90.0,103.13655878694412,46.41254836507684,90.0,256.86344121305586
23.499999999999588,10.0,50.0,180.00000000005178,37.22779139517821,90.0,103.13655878698638,52.77220860482179,90.0,256.86344121301363
23.519999999999587,9.200000000016502,-50.0,180.0,37.5000426569383,90.0,103.10232964513617,127.50004265693829,90.0,118.10232964513617
23.519999999999587,-9.921147013148028,-50.0,182.50666467123466,42.433112601017925,90.0,105.16698203818999,132.4331126010179,90.0,105.16698203818999
23.519999999999587,-9.921147013148028,50.0,182.50666467123466,42.433112601017925,90.0,105.16698203818999,47.566887398982075,90.0,254.83301796181001
23.519999999999587,9.200000000016502,50.0,180.0,37.5000426569383,90.0,103.10232964513617,52.4999573430617,90.0,256.89767035486386
23.539999999999587,8.400000000016519,-50.0,180.0,37.77088010090333,90.0,103.07095711264618,127.77088010090333,90.0,118.07095711264618
23.539999999999587,-9.685831611292764,-50.0,184.97379774324682,41.23049657136527,90.0,107.20551775922561,131.23049657136528,90.0,107.20551775922561
23.539999999999587,-9.685831611292764,50.0,184.97379774324682,41.23049657136527,90.0,107.20551775922561,48.76950342863473,90.0,252.79448224077439
23.539999999999587,8.400000000016519,50.0,180.0,37.77088010090333,90.0,103.07095711264618,52.22911989909667,90.0,256.92904288735383
23.559999999999587,7.600000000016536,-50.0,180.0,38.04029426860268,90.0,103.04244008933708,128.04029426860268,90.0,118.04244008933708
23.559999999999587,-9.297764858892076,-50.0,187.36249105364527,39.9996203311812,90.0,109.22084993494809,129.9996203311812,90.0,109.22084993494809
23.559999999999587,-9.297764858892076,50.0,187.36249105364527,39.9996203311812,90.0,109.22084993494809,50.0003796688188,90.0,250.7791500650519
23.559999999999587,7.600000000016536,50.0,180.0,38.04029426860268,90.0,103.04244008933708,51.95970573139732,90.0,256.9575599106629
23.579999999999586,6.800000000016553,-50.0,180.0,38.30827563272219,90.0,103.01677757940182,128.3082756327222,90.0,118.01677757940182
23.579999999999586,-8.763066800451163,-50.0,189.63507348198874,38.76165984779814,90.0,111.17989769379186,128.76165984779814,90.0,111.17989769379186
23.579999999999586,-8.763066800451163,50.0,189.63507348198874,38.76165984779814,90.0,111.17989769379186,51.23834015220186,90.0,248.82010230620813
23.579999999999586,6.800000000016553,50.0,180.0,38.30827563272219,90.0,103.01677757940182,51.69172436727781,90.0,256.98322242059817
23.599999999999586,6.00000000001657,-50.0,180.0,38.57481460013022,90.0,102.99396869012614,128.57481460013022,90.0,117.99396869012614
23.599999999999586,-8.090169943764774,-50.0,191.75570504580736,37.53870254256941,90.0,113.04810487204409,127.53870254256941,90.0,113.04810487204409
23.599999999999586,-8.090169943764774,50.0,191.75570504580736,37.53870254256941,90.0,113.04810487204409,52.46129745743059,90.0,246.9518951279559
23.599999999999586,6.00000000001657,50.0,180.0,38.57481460013022,90.0,102.99396869012614,51.42518539986978,90.0,257.00603130987383
23.619999999999585,5.200000000016587,-50.0,180.0,38.83990151483042,90.0,102.97401263077602,128.83990151483042,90.0,117.97401263077602
23.619999999999585,-7.2896862742319515,-50.0,193.6909421185358,36.35342105166985,90.0,114.78992473280375,126.35342105166984,90.0,114.78992473280375
23.619999999999585,-7.2896862742319515,50.0,193.6909421185358,36.35342105166985,90.0,114.78992473280375,53.64657894833015,90.0,245.21007526719626
23.619999999999585,5.200000000016587,50.0,180.0,38.83990151483042,90.0,102.97401263077602,51.16009848516958,90.0,257.02598736922397
23.639999999999585,4.400000000016604,-50.0,180.0,39.10352666085611,90.0,102.95690871161075,129.10352666085612,90.0,117.95690871161075
23.639999999999585,-6.374239897506993,-50.0,195.41026485548252,35.228637191508504,90.00000000000001,116.36955635571556,125.22863719150851,89.99999999999999,116.36955635571556
23.639999999999585,-6.374239897506993,50.0,195.41026485548252,35.228637191508504,90.00000000000001,116.36955635571556,54.771362808491496,90.00000000000001,243.63044364428444
23.639999999999585,4.400000000016604,50.0,180.0,39.10352666085611,90.0,102.95690871161075,50.89647333914389,90.0,257.04309128838923
23.659999999999584,3.600000000016621,-50.0,180.0,39.36568026510493,90.0,102.94265634302076,129.3656802651049,90.0,117.94265634302076
23.659999999999584,-5.358267949812011,-50.0,196.88655851001232,34.18675241068431,90.0,117.7519732252646,124.1867524106843,90.0,117.7519732252646
23.659999999999584,-5.358267949812011,50.0,196.88655851001232,34.18675241068431,90.0,117.7519732252646,55.81324758931569,90.0,242.2480267747354
23.659999999999584,3.600000000016621,50.0,180.0,39.36568026510493,90.0,102.94265634302076,50.63431973489507,90.0,257.05734365697924
23.679999999999584,2.800000000016638,-50.0,180.0,39.62635250011304,90.0,102.93125503478976,129.62635250011306,90.0,117.93125503478976
23.679999999999584,-4.257792915674374,-50.0,198.09654104929814,33.24903976510736,90.0,118.90424778545234,123.24903976510737,90.0,118.90424778545234
23.679999999999584,-4.257792915674374,50.0,198.09654104929814,33.24903976510736,90.0,118.90424778545234,56.75096023489264,90.0,241.09575221454764
23.679999999999584,2.800000000016638,50.0,180.0,39.62635250011304,90.0,102.93125503478976,50.37364749988696,90.0,257.06874496521027
23.699999999999584,2.000000000016655,-50.0,180.0,39.88553348676741,90.0,102.92270439548052,129.8855334867674,90.0,117.92270439548052
23.699999999999584,-3.090169943774356,-50.0,199.0211303258869,32.43482337718885,90.0,119.79711610918267,122.43482337718885,90.0,119.79711610918267
23.699999999999584,-3.090169943774356,50.0,199.0211303258869,32.43482337718885,90.0,119.79711610918267,57.56517662281115,90.0,240.20288389081733
23.699999999999584,2.000000000016655,50.0,180.0,39.88553348676741,90.0,102.92270439548052,50.11446651323259,90.0,257.07729560451946
23.719999999999583,1.2000000000166722,-50.0,180.0,40.143213296955004,90.0,102.91700413194422,130.143213296955,90.0,117.91700413194422
23.719999999999583,-1.8738131458829712,-50.0,199.64574501456397,31.76061065947871,90.0,120.40665142718608,121.76061065947871,90.0,120.40665142718608
23.719999999999583,-1.8738131458829712,50.0,199.64574501456397,31.76061065947871,90.0,120.40665142718608,58.239389340521285,90.0,239.5933485728139
23.719999999999583,1.2000000000166722,50.0,180.0,40.143213296955004,90.0,102.91700413194422,49.856786703044996,90.0,257.0829958680558
23.739999999999583,0.40000000001668923,-50.0,180.0,40.39938195614787,90.0,102.91415404895253,130.39938195614786,90.0,117.91415404895253
23.739999999999583,-0.6279051953192981,-50.0,199.96053456856214,31.239280013429834,90.0,120.71584368328462,121.23928001342983,90.0,120.71584368328462
23.739999999999583,-0.6279051953192981,50.0,199.96053456856214,31.239280013429834,90.0,120.71584368328462,58.760719986570166,90.0,239.28415631671538
23.739999999999583,0.40000000001668923,50.0,180.0,40.39938195614787,90.0,102.91415404895253,49.60061804385213,90.0,257.0858459510475
23.759999999999582,-0.3999999999832937,-50.0,180.0,40.654029445922674,90.0,102.91415404895245,130.65402944592267,90.0,117.91415404895245
23.759999999999582,0.6279051952669423,-50.0,199.96053456856873,30.879447014833733,90.0,120.7158436832911,120.87944701483373,90.0,120.7158436832911
23.759999999999582,0.6279051952669423,50.0,199.96053456856873,30.879447014833733,90.0,120.7158436832911,59.12055298516627,90.0,239.2841563167089
23.759999999999582,-0.3999999999832937,50.0,180.0,40.654029445922674,90.0,102.91415404895245,49.345970554077326,90.0,257.08584595104753
23.779999999999582,-1.1999999999832767,-50.0,180.0,40.90714570641313,90.0,102.91700413194404,130.90714570641313,90.0,117.91700413194404
23.779999999999582,1.8738131458314413,-50.0,199.6457450145836,30.685121347375603,90.0,120.40665142720535,120.6851213473756,90.0,120.40665142720535
23.779999999999582,1.8738131458314413,50.0,199.6457450145836,30.685121347375603,90.0,120.40665142720535,59.3148786526244,90.0,239.59334857279464
23.779999999999582,-1.1999999999832767,50.0,180.0,40.90714570641313,90.0,102.91700413194404,49.09285429358687,90.0,257.08299586805595
23.79999999999958,-1.9999999999832596,-50.0,180.0,41.15872063869451,90.0,102.92270439548024,131.15872063869452,90.0,117.92270439548024
23.79999999999958,3.090169943724464,-50.0,199.02113032591933,30.65572113492737,90.0,119.79711610921419,120.65572113492738,90.0,119.79711610921419
23.79999999999958,3.090169943724464,50.0,199.02113032591933,30.65572113492737,90.0,119.79711610921419,59.34427886507263,90.0,240.2028838907858
23.79999999999958,-1.9999999999832596,50.0,180.0,41.15872063869451,90.0,102.92270439548024,48.84127936130549,90.0,257.07729560451975
23.81999999999958,-2.7999999999832426,-50.0,180.0,41.40874410709824,90.0,102.93125503478932,131.40874410709824,90.0,117.93125503478932
23.81999999999958,4.257792915626907,-50.0,198.09654104934282,30.78644242052991,90.0,118.90424778549523,120.78644242052991,90.0,118.90424778549523
23.81999999999958,4.257792915626907,50.0,198.09654104934282,30.78644242052991,90.0,118.90424778549523,59.21355757947009,90.0,241.09575221450478
23.81999999999958,-2.7999999999832426,50.0,180.0,41.40874410709824,90.0,102.93125503478932,48.59125589290176,90.0,257.06874496521067
23.83999999999958,-3.5999999999832255,-50.0,180.0,41.65720594145537,90.0,102.94265634302023,131.65720594145537,90.0,117.94265634302023
23.83999999999958,5.358267949767718,-50.0,196.88655851006854,31.06891257773183,90.0,117.75197322531771,121.06891257773182,90.0,117.75197322531771
23.83999999999958,5.358267949767718,50.0,196.88655851006854,31.06891257773183,90.0,117.75197322531771,58.93108742226817,90.0,242.24802677468227
23.83999999999958,-3.5999999999832255,50.0,180.0,41.65720594145537,90.0,102.94265634302023,48.34279405854463,90.0,257.05734365697975
23.85999999999958,-4.3999999999832085,-50.0,180.0,41.90409593926769,90.0,102.9569087116101,131.90409593926768,90.0,117.9569087116101
23.85999999999958,6.3742398974665715,-50.0,195.41026485554943,31.49201066133096,90.0,116.36955635577768,121.49201066133097,90.0,116.36955635577768
23.85999999999958,6.3742398974665715,50.0,195.41026485554943,31.49201066133096,90.0,116.36955635577768,58.50798933866904,90.0,243.63044364422234
23.85999999999958,-4.3999999999832085,50.0,180.0,41.90409593926769,90.0,102.9569087116101,48.09590406073231,90.0,257.0430912883899
23.87999999999958,-5.199999999983191,-50.0,180.0,42.149403867804416,90.0,102.97401263077525,132.1494038678044,90.0,117.97401263077525
23.87999999999958,7.2896862741960415,-50.0,193.69094211861227,32.04272671275459,90.0,114.78992473287335,122.04272671275459,90.0,114.78992473287335
23.87999999999958,7.2896862741960415,50.0,193.69094211861227,32.04272671275459,90.0,114.78992473287335,57.95727328724541,90.0,245.21007526712665
23.87999999999958,-5.199999999983191,50.0,180.0,42.149403867804416,90.0,102.97401263077525,47.850596132195584,90.0,257.02598736922477
23.89999999999958,-5.999999999983174,-50.0,180.0,42.39311946612338,90.0,102.99396869012524,132.39311946612338,90.0,117.99396869012524
23.89999999999958,8.09016994373394,-50.0,191.75570504589223,32.706952081166975,90.00000000000001,113.04810487211965,122.70695208116697,89.99999999999999,113.04810487211965
23.89999999999958,8.09016994373394,50.0,191.75570504589223,32.706952081166975,90.00000000000001,113.04810487211965,57.293047918833025,90.00000000000001,246.95189512788033
23.89999999999958,-5.999999999983174,50.0,180.0,42.39311946612338,90.0,102.99396869012524,47.60688053387662,90.0,257.00603130987474
23.91999999999958,-6.799999999983157,-50.0,180.0,42.63523244701493,90.0,103.0167775794008,132.63523244701491,90.0,118.0167775794008
23.91999999999958,8.76306680042589,-50.0,189.63507348208068,33.47013007484216,90.0,111.179897693872,123.47013007484216,90.0,111.179897693872
23.91999999999958,8.76306680042589,50.0,189.63507348208068,33.47013007484216,90.0,111.179897693872,56.52986992515784,90.0,248.820102306128
23.91999999999958,-6.799999999983157,50.0,180.0,42.63523244701493,90.0,103.0167775794008,47.36476755298507,90.0,256.9832224205992
23.93999999999958,-7.59999999998314,-50.0,180.0,42.87573249886688,90.0,103.04244008933594,132.87573249886688,90.0,118.04244008933594
23.93999999999958,9.297764858872764,-50.0,187.36249105374281,34.31773560496289,90.0,109.22084993503127,124.31773560496289,90.0,109.22084993503127
23.93999999999958,9.297764858872764,50.0,187.36249105374281,34.31773560496289,90.0,109.22084993503127,55.68226439503711,90.0,250.77915006496875
23.93999999999958,-7.59999999998314,50.0,180.0,42.87573249886688,90.0,103.04244008933594,47.12426750113312,90.0,256.95755991066403
23.959999999999578,-8.399999999983123,-50.0,180.0,43.11460928744908,90.0,103.07095711264492,133.11460928744907,90.0,118.07095711264492
23.959999999999578,9.685831611279719,-50.0,184.97379774334846,35.235583805977726,90.00000000000001,107.20551775931042,125.23558380597773,89.99999999999999,107.20551775931042
23.959999999999578,9.685831611279719,50.0,184.97379774334846,35.235583805977726,90.00000000000001,107.20551775931042,54.764416194022274,90.00000000000001,252.79448224068958
23.959999999999578,-8.399999999983123,50.0,180.0,43.11460928744908,90.0,103.07095711264492,46.88539071255092,90.0,256.9290428873551
23.979999999999578,-9.199999999983106,-50.0,180.0,43.351852457615564,90.0,103.10232964513479,133.35185245761556,90.0,118.10232964513479
23.979999999999578,9.921147013141452,-50.0,182.50666467133874,36.209987337631695,90.0,105.16698203827511,126.2099873376317,90.0,105.16698203827511
23.979999999999578,9.921147013141452,50.0,182.50666467133874,36.209987337631695,90.0,105.16698203827511,53.790012662368305,90.0,254.8330179617249
23.979999999999578,-9.199999999983106,50.0,180.0,43.351852457615564,90.0,103.10232964513479,46.648147542384436,90.0,256.8976703548652
23.999999999999577,-9.999999999983089,-50.0,180.0,43.587451634923035,90.0,103.1365587869441,133.58745163492304,90.0,118.1365587869441
23.999999999999577,10.0,-50.0,180.00000000005312,37.227791395177654,90.0,103.13655878698746,127.22779139517766,90.0,103.13655878698746
23.999999999999577,10.0,50.0,180.00000000005312,37.227791395177654,90.0,103.13655878698746,52.772208604822346,90.0,256.86344121301255
23.999999999999577,-9.999999999983089,50.0,180.0,43.587451634923035,90.0,103.1365587869441,46.412548365076965,90.0,256.8634412130559
24.019999999999577,-9.921147013148111,-50.0,182.50666467123332,42.433112601018564,90.0,105.16698203818889,132.43311260101856,90.0,120.16698203818889
24.019999999999577,9.200000000016928,-50.0,180.0,37.500042656938156,90.0,103.10232964513618,127.50004265693815,90.0,103.10232964513618
24.019999999999577,9.200000000016928,50.0,180.0,37.500042656938156,90.0,103.10232964513618,52.499957343061844,90.0,256.8976703548638
24.019999999999577,-9.921147013148111,50.0,182.50666467123332,42.433112601018564,90.0,105.16698203818889,47.566887398981436,90.0,254.8330179618111
24.039999999999576,-9.685831611292931,-50.0,184.97379774324554,41.230496571365926,90.0,107.20551775922453,131.23049657136593,90.0,122.20551775922453
24.039999999999576,8.400000000016945,-50.0,180.0,37.770880100903184,90.0,103.0709571126462,127.77088010090318,90.0,103.0709571126462
24.039999999999576,8.400000000016945,50.0,180.0,37.770880100903184,90.0,103.0709571126462,52.229119899096816,90.0,256.92904288735383
24.039999999999576,-9.685831611292931,50.0,184.97379774324554,41.230496571365926,90.0,107.20551775922453,48.769503428634074,90.0,252.79448224077547
24.059999999999576,-9.297764858892322,-50.0,187.36249105364402,39.99962033118185,90.00000000000001,109.22084993494704,129.99962033118186,89.99999999999999,124.22084993494704
24.059999999999576,7.600000000016962,-50.0,180.0,38.04029426860255,90.0,103.04244008933708,128.04029426860257,90.0,103.04244008933708
24.059999999999576,7.600000000016962,50.0,180.0,38.04029426860255,90.0,103.04244008933708,51.95970573139745,90.0,256.9575599106629
24.059999999999576,-9.297764858892322,50.0,187.36249105364402,39.99962033118185,90.00000000000001,109.22084993494704,50.00037966881815,90.00000000000001,250.77915006505296
24.079999999999576,-8.763066800451485,-50.0,189.63507348198755,38.76165984779881,90.0,111.1798976937908,128.7616598477988,90.0,126.1798976937908
24.079999999999576,6.800000000016979,-50.0,180.0,38.308275632722065,90.0,103.01677757940182,128.30827563272206,90.0,103.01677757940182
24.079999999999576,6.800000000016979,50.0,180.0,38.308275632722065,90.0,103.01677757940182,51.691724367277935,90.0,256.98322242059817
24.079999999999576,-8.763066800451485,50.0,189.63507348198755,38.76165984779881,90.0,111.1798976937908,51.23834015220119,90.0,248.8201023062092
24.099999999999575,-8.090169943765167,-50.0,191.75570504580625,37.53870254257006,90.00000000000001,113.04810487204311,127.53870254257006,89.99999999999999,128.0481048720431
24.099999999999575,6.000000000016996,-50.0,180.0,38.57481460013008,90.0,102.99396869012614,128.57481460013008,90.0,102.99396869012614
24.099999999999575,6.000000000016996,50.0,180.0,38.57481460013008,90.0,102.99396869012614,51.42518539986992,90.0,257.00603130987383
24.099999999999575,-8.090169943765167,50.0,191.75570504580625,37.53870254257006,90.00000000000001,113.04810487204311,52.46129745742994,90.00000000000001,246.9518951279569
24.119999999999575,-7.28968627423241,-50.0,193.69094211853482,36.35342105167046,90.0,114.78992473280289,126.35342105167047,90.0,129.7899247328029
24.119999999999575,5.200000000017013,-50.0,180.0,38.83990151483029,90.0,102.97401263077602,128.83990151483027,90.0,102.97401263077602
24.119999999999575,5.200000000017013,50.0,180.0,38.83990151483029,90.0,102.97401263077602,51.16009848516971,90.0,257.02598736922397
24.119999999999575,-7.28968627423241,50.0,193.69094211853482,36.35342105167046,90.0,114.78992473280289,53.64657894832954,90.0,245.2100752671971
24.139999999999574,-6.3742398975075085,-50.0,195.41026485548167,35.228637191509065,90.0,116.36955635571482,125.22863719150907,90.0,131.36955635571482
24.139999999999574,4.40000000001703,-50.0,180.0,39.10352666085597,90.0,102.95690871161075,129.10352666085598,90.0,102.95690871161075
24.139999999999574,4.40000000001703,50.0,180.0,39.10352666085597,90.0,102.95690871161075,50.89647333914403,90.0,257.04309128838923
24.139999999999574,-6.3742398975075085,50.0,195.41026485548167,35.228637191509065,90.0,116.36955635571482,54.771362808490935,90.0,243.63044364428518
24.159999999999574,-5.358267949812575,-50.0,196.8865585100116,34.186752410684846,90.00000000000001,117.75197322526392,124.18675241068485,89.99999999999999,132.75197322526392
24.159999999999574,3.6000000000170473,-50.0,180.0,39.36568026510478,90.0,102.94265634302077,129.36568026510477,90.0,102.94265634302077
24.159999999999574,3.6000000000170473,50.0,180.0,39.36568026510478,90.0,102.94265634302077,50.63431973489522,90.0,257.05734365697924
24.159999999999574,-5.358267949812575,50.0,196.8865585100116,34.186752410684846,90.00000000000001,117.75197322526392,55.813247589315154,90.00000000000001,242.24802677473608
24.179999999999573,-4.2577929156749805,-50.0,198.09654104929757,33.24903976510784,90.0,118.90424778545177,123.24903976510784,90.0,133.9042477854518
24.179999999999573,2.8000000000170644,-50.0,180.0,39.62635250011291,90.0,102.93125503478976,129.62635250011292,90.0,102.93125503478976
24.179999999999573,2.8000000000170644,50.0,180.0,39.62635250011291,90.0,102.93125503478976,50.37364749988709,90.0,257.06874496521027
24.179999999999573,-4.2577929156749805,50.0,198.09654104929757,33.24903976510784,90.0,118.90424778545177,56.75096023489216,90.0,241.0957522145482
24.199999999999573,-3.0901699437749937,-50.0,199.02113032588647,32.43482337718923,90.0,119.79711610918228,122.43482337718923,90.0,134.7971161091823
24.199999999999573,2.0000000000170814,-50.0,180.0,39.885533486767265,90.0,102.92270439548052,129.88553348676726,90.0,102.92270439548052
24.199999999999573,2.0000000000170814,50.0,180.0,39.885533486767265,90.0,102.92270439548052,50.114466513232735,90.0,257.07729560451946
24.199999999999573,-3.0901699437749937,50.0,199.02113032588647,32.43482337718923,90.0,119.79711610918228,57.56517662281077,90.0,240.2028838908177
24.219999999999573,-1.8738131458836302,-50.0,199.64574501456372,31.760610659479035,90.0,120.40665142718582,121.76061065947903,90.0,135.4066514271858
24.219999999999573,1.2000000000170985,-50.0,180.0,40.14321329695486,90.0,102.91700413194422,130.14321329695485,90.0,102.91700413194422
24.219999999999573,1.2000000000170985,50.0,180.0,40.14321329695486,90.0,102.91700413194422,49.85678670304514,90.0,257.0829958680558
24.219999999999573,-1.8738131458836302,50.0,199.64574501456372,31.760610659479035,90.0,120.40665142718582,58.239389340520965,90.0,239.5933485728142
24.239999999999572,-0.6279051953199672,-50.0,199.96053456856205,31.23928001343009,90.00000000000001,120.71584368328449,121.23928001343009,89.99999999999999,135.7158436832845
24.239999999999572,0.40000000001711555,-50.0,180.0,40.399381956147735,90.0,102.91415404895253,130.39938195614775,90.0,102.91415404895253
24.239999999999572,0.40000000001711555,50.0,180.0,40.399381956147735,90.0,102.91415404895253,49.600618043852265,90.0,257.0858459510475
24.239999999999572,-0.6279051953199672,50.0,199.96053456856205,31.23928001343009,90.00000000000001,120.71584368328449,58.76071998656991,90.00000000000001,239.2841563167155
24.25999999999957,0.6279051952662753,-50.0,199.96053456856882,30.879447014833886,90.0,120.71584368329118,120.87944701483389,90.0,135.71584368329118
24.25999999999957,-0.3999999999828674,-50.0,180.0,40.65402944592254,90.0,102.91415404895245,130.65402944592253,90.0,102.91415404895245
24.25999999999957,-0.3999999999828674,50.0,180.0,40.65402944592254,90.0,102.91415404895245,49.34597055407746,90.0,257.08584595104753
24.25999999999957,0.6279051952662753,50.0,199.96053456856882,30.879447014833886,90.0,120.71584368329118,59.120552985166114,90.0,239.28415631670882
24.27999999999957,1.8738131458307847,-50.0,199.64574501458387,30.685121347375656,90.00000000000001,120.4066514272056,120.68512134737566,89.99999999999999,135.4066514272056
24.27999999999957,-1.1999999999828503,-50.0,180.0,40.907145706413,90.0,102.91700413194404,130.907145706413,90.0,102.91700413194404
24.27999999999957,-1.1999999999828503,50.0,180.0,40.907145706413,90.0,102.91700413194404,49.092854293587,90.0,257.08299586805595
24.27999999999957,1.8738131458307847,50.0,199.64574501458387,30.685121347375656,90.00000000000001,120.4066514272056,59.314878652624344,90.00000000000001,239.5933485727944
24.29999999999957,3.0901699437238284,-50.0,199.02113032591973,30.65572113492735,90.0,119.79711610921457,120.65572113492735,90.0,134.79711610921458
24.29999999999957,-1.9999999999828333,-50.0,180.0,41.15872063869439,90.0,102.92270439548021,131.15872063869438,90.0,102.92270439548021
24.29999999999957,-1.9999999999828333,50.0,180.0,41.15872063869439,90.0,102.92270439548021,48.84127936130561,90.0,257.0772956045198
24.29999999999957,3.0901699437238284,50.0,199.02113032591973,30.65572113492735,90.0,119.79711610921457,59.34427886507265,90.0,240.20288389078542
24.31999999999957,4.2577929156263,-50.0,198.0965410493434,30.7864424205298,90.0,118.90424778549577,120.7864424205298,90.0,133.90424778549578
24.31999999999957,-2.7999999999828162,-50.0,180.0,41.4087441070981,90.0,102.93125503478932,131.4087441070981,90.0,102.93125503478932
24.31999999999957,-2.7999999999828162,50.0,180.0,41.4087441070981,90.0,102.93125503478932,48.5912558929019,90.0,257.06874496521067
24.31999999999957,4.2577929156263,50.0,198.0965410493434,30.7864424205298,90.0,118.90424778549577,59.213557579470205,90.0,241.09575221450422
24.33999999999957,5.358267949767153,-50.0,196.88655851006925,31.068912577731638,90.0,117.7519732253184,121.06891257773164,90.0,132.7519732253184
24.33999999999957,-3.599999999982799,-50.0,180.0,41.65720594145524,90.0,102.94265634302023,131.65720594145523,90.0,102.94265634302023
24.33999999999957,-3.599999999982799,50.0,180.0,41.65720594145524,90.0,102.94265634302023,48.34279405854476,90.0,257.05734365697975
24.33999999999957,5.358267949767153,50.0,196.88655851006925,31.068912577731638,90.0,117.7519732253184,58.93108742226836,90.0,242.2480267746816
24.35999999999957,6.374239897466058,-50.0,195.41026485555025,31.49201066133071,90.00000000000001,116.36955635577844,121.49201066133071,89.99999999999999,131.36955635577846
24.35999999999957,-4.399999999982782,-50.0,180.0,41.904095939267556,90.0,102.9569087116101,131.90409593926756,90.0,102.9569087116101
24.35999999999957,-4.399999999982782,50.0,180.0,41.904095939267556,90.0,102.9569087116101,48.095904060732444,90.0,257.0430912883899
24.35999999999957,6.374239897466058,50.0,195.41026485555025,31.49201066133071,90.00000000000001,116.36955635577844,58.50798933866929,90.00000000000001,243.63044364422154
24.37999999999957,7.2896862741955815,-50.0,193.69094211861324,32.042726712754266,90.0,114.78992473287427,122.04272671275427,90.0,129.78992473287428
24.37999999999957,-5.199999999982765,-50.0,180.0,42.1494038678043,90.0,102.97401263077522,132.1494038678043,90.0,102.97401263077522
24.37999999999957,-5.199999999982765,50.0,180.0,42.1494038678043,90.0,102.97401263077522,47.8505961321957,90.0,257.02598736922477
24.37999999999957,7.2896862741955815,50.0,193.69094211861324,32.042726712754266,90.0,114.78992473287427,57.957273287245734,90.0,245.21007526712572
24.39999999999957,8.090169943733546,-50.0,191.7557050458933,32.7069520811666,90.0,113.04810487212062,122.7069520811666,90.0,128.04810487212063
24.39999999999957,-5.999999999982748,-50.0,180.0,42.39311946612324,90.0,102.99396869012524,132.39311946612324,90.0,102.99396869012524
24.39999999999957,-5.999999999982748,50.0,180.0,42.39311946612324,90.0,102.99396869012524,47.60688053387676,90.0,257.00603130987474
24.39999999999957,8.090169943733546,50.0,191.7557050458933,32.7069520811666,90.0,113.04810487212062,57.2930479188334,90.0,246.95189512787937
24.41999999999957,8.763066800425566,-50.0,189.63507348208185,33.470130074841734,90.0,111.179897693873,123.47013007484173,90.0,126.179897693873
24.41999999999957,-6.799999999982731,-50.0,180.0,42.63523244701479,90.0,103.0167775794008,132.6352324470148,90.0,103.0167775794008
24.41999999999957,-6.799999999982731,50.0,180.0,42.63523244701479,90.0,103.0167775794008,47.36476755298521,90.0,256.9832224205992
24.41999999999957,8.763066800425566,50.0,189.63507348208185,33.470130074841734,90.0,111.179897693873,56.529869925158266,90.0,248.820102306127
24.439999999999568,9.297764858872519,-50.0,187.36249105374407,34.31773560496242,90.00000000000001,109.22084993503232,124.31773560496242,89.99999999999999,124.22084993503232
24.439999999999568,-7.599999999982714,-50.0,180.0,42.875732498866746,90.0,103.04244008933591,132.87573249886674,90.0,103.04244008933591
24.439999999999568,-7.599999999982714,50.0,180.0,42.875732498866746,90.0,103.04244008933591,47.124267501133254,90.0,256.9575599106641
24.439999999999568,9.297764858872519,50.0,187.36249105374407,34.31773560496242,90.00000000000001,109.22084993503232,55.68226439503758,90.00000000000001,250.77915006496767
24.459999999999567,9.68583161127955,-50.0,184.97379774334976,35.2355838059772,90.00000000000001,107.20551775931155,125.2355838059772,89.99999999999999,122.20551775931155
24.459999999999567,-8.399999999982697,-50.0,180.0,43.11460928744894,90.0,103.07095711264492,133.11460928744896,90.0,103.07095711264492
24.459999999999567,-8.399999999982697,50.0,180.0,43.11460928744894,90.0,103.07095711264492,46.88539071255106,90.0,256.9290428873551
24.459999999999567,9.68583161127955,50.0,184.97379774334976,35.2355838059772,90.00000000000001,107.20551775931155,54.7644161940228,90.00000000000001,252.79448224068847
24.479999999999567,9.921147013141368,-50.0,182.50666467134008,36.209987337631155,90.0,105.16698203827622,126.20998733763116,90.0,120.16698203827622
24.479999999999567,-9.19999999998268,-50.0,180.0,43.351852457615436,90.0,103.10232964513476,133.35185245761545,90.0,103.10232964513476
24.479999999999567,-9.19999999998268,50.0,180.0,43.351852457615436,90.0,103.10232964513476,46.648147542384564,90.0,256.8976703548652
24.479999999999567,9.921147013141368,50.0,182.50666467134008,36.209987337631155,90.0,105.16698203827622,53.790012662368845,90.0,254.83301796172378
24.499999999999567,10.0,-50.0,180.00000000005446,37.22779139517711,90.0,103.13655878698853,127.2277913951771,90.0,118.13655878698853
24.499999999999567,-9.999999999982663,-50.0,180.0,43.58745163492291,90.0,103.13655878694408,133.5874516349229,90.0,103.13655878694408
24.499999999999567,-9.999999999982663,50.0,180.0,43.58745163492291,90.0,103.13655878694408,46.41254836507709,90.0,256.8634412130559
24.499999999999567,10.0,50.0,180.00000000005446,37.22779139517711,90.0,103.13655878698853,52.77220860482289,90.0,256.86344121301147
24.519999999999566,9.200000000017354,-50.0,180.0,37.50004265693801,90.0,103.10232964513621,127.500042656938,90.0,118.10232964513621
24.519999999999566,-9.921147013148195,-50.0,182.506664671232,42.43311260101919,90.0,105.1669820381878,132.4331126010192,90.0,105.1669820381878
24.519999999999566,-9.921147013148195,50.0,182.506664671232,42.43311260101919,90.0,105.1669820381878,47.56688739898081,90.0,254.8330179618122
24.519999999999566,9.200000000017354,50.0,180.0,37.50004265693801,90.0,103.10232964513621,52.49995734306199,90.0,256.8976703548638
24.539999999999566,8.400000000017371,-50.0,180.0,37.77088010090304,90.0,103.07095711264623,127.77088010090304,90.0,118.07095711264623
24.539999999999566,-9.685831611293098,-50.0,184.97379774324423,41.23049657136657,90.0,107.20551775922344,131.2304965713666,90.0,107.20551775922344
24.539999999999566,-9.685831611293098,50.0,184.97379774324423,41.23049657136657,90.0,107.20551775922344,48.76950342863343,90.0,252.79448224077657
24.539999999999566,8.400000000017371,50.0,180.0,37.77088010090304,90.0,103.07095711264623,52.22911989909696,90.0,256.9290428873538
24.559999999999565,7.600000000017388,-50.0,180.0,38.040294268602395,90.0,103.0424400893371,128.0402942686024,90.0,118.0424400893371
24.559999999999565,-9.297764858892569,-50.0,187.36249105364277,39.999620331182534,90.0,109.22084993494595,129.99962033118254,90.0,109.22084993494595
24.559999999999565,-9.297764858892569,50.0,187.36249105364277,39.999620331182534,90.0,109.22084993494595,50.000379668817466,90.0,250.77915006505407
24.559999999999565,7.600000000017388,50.0,180.0,38.040294268602395,90.0,103.0424400893371,51.959705731397605,90.0,256.9575599106629
24.579999999999565,6.8000000000174055,-50.0,180.0,38.308275632721916,90.0,103.01677757940183,128.30827563272192,90.0,118.01677757940183
24.579999999999565,-8.763066800451808,-50.0,189.63507348198638,38.76165984779948,90.00000000000001,111.17989769378978,128.76165984779948,89.99999999999999,111.17989769378978
24.579999999999565,-8.763066800451808,50.0,189.63507348198638,38.76165984779948,90.00000000000001,111.17989769378978,51.23834015220052,90.00000000000001,248.82010230621023
24.579999999999565,6.8000000000174055,50.0,180.0,38.308275632721916,90.0,103.01677757940183,51.691724367278084,90.0,256.98322242059817
24.599999999999564,6.0000000000174225,-50.0,180.0,38.57481460012995,90.0,102.99396869012614,128.57481460012994,90.0,117.99396869012614
24.599999999999564,-8.090169943765561,-50.0,191.75570504580517,37.53870254257072,90.0,113.04810487204213,127.53870254257072,90.0,113.04810487204213
24.599999999999564,-8.090169943765561,50.0,191.75570504580517,37.53870254257072,90.0,113.04810487204213,52.46129745742928,90.0,246.95189512795787
24.599999999999564,6.0000000000174225,50.0,180.0,38.57481460012995,90.0,102.99396869012614,51.42518539987005,90.0,257.00603130987383
24.619999999999564,5.20000000001744,-50.0,180.0,38.839901514830146,90.0,102.97401263077604,128.83990151483016,90.0,117.97401263077604
24.619999999999564,-7.289686274232868,-50.0,193.69094211853383,36.353421051671084,90.0,114.789924732802,126.35342105167109,90.0,114.789924732802
24.619999999999564,-7.289686274232868,50.0,193.69094211853383,36.353421051671084,90.0,114.789924732802,53.646578948328916,90.0,245.210075267198
24.619999999999564,5.20000000001744,50.0,180.0,38.839901514830146,90.0,102.97401263077604,51.160098485169854,90.0,257.02598736922397
24.639999999999564,4.400000000017457,-50.0,180.0,39.10352666085582,90.0,102.95690871161078,129.10352666085583,90.0,117.95690871161078
24.639999999999564,-6.374239897508026,-50.0,195.41026485548082,35.22863719150966,90.0,116.36955635571401,125.22863719150966,90.0,116.36955635571401
24.639999999999564,-6.374239897508026,50.0,195.41026485548082,35.22863719150966,90.0,116.36955635571401,54.77136280849034,90.0,243.630443644286
24.639999999999564,4.400000000017457,50.0,180.0,39.10352666085582,90.0,102.95690871161078,50.89647333914418,90.0,257.04309128838923
24.659999999999563,3.6000000000174737,-50.0,180.0,39.36568026510464,90.0,102.94265634302077,129.36568026510463,90.0,117.94265634302077
24.659999999999563,-5.358267949813142,-50.0,196.8865585100109,34.18675241068537,90.00000000000001,117.75197322526324,124.18675241068537,89.99999999999999,117.75197322526324
24.659999999999563,-5.358267949813142,50.0,196.8865585100109,34.18675241068537,90.00000000000001,117.75197322526324,55.81324758931463,90.00000000000001,242.24802677473676
24.659999999999563,3.6000000000174737,50.0,180.0,39.36568026510464,90.0,102.94265634302077,50.63431973489536,90.0,257.05734365697924
24.679999999999563,2.8000000000174907,-50.0,180.0,39.62635250011277,90.0,102.93125503478976,129.62635250011277,90.0,117.93125503478976
24.679999999999563,-4.257792915675587,-50.0,198.096541049297,33.24903976510829,90.0,118.90424778545128,123.2490397651083,90.0,118.90424778545128
24.679999999999563,-4.257792915675587,50.0,198.096541049297,33.24903976510829,90.0,118.90424778545128,56.75096023489171,90.0,241.09575221454872
24.679999999999563,2.8000000000174907,50.0,180.0,39.62635250011277,90.0,102.93125503478976,50.37364749988723,90.0,257.06874496521027
24.699999999999562,2.0000000000175078,-50.0,180.0,39.88553348676714,90.0,102.92270439548052,129.88553348676714,90.0,117.92270439548052
24.699999999999562,-3.090169943775629,-50.0,199.02113032588608,32.43482337718963,90.0,119.79711610918187,122.43482337718963,90.0,119.79711610918187
24.699999999999562,-3.090169943775629,50.0,199.02113032588608,32.43482337718963,90.0,119.79711610918187,57.56517662281037,90.0,240.20288389081813
24.699999999999562,2.0000000000175078,50.0,180.0,39.88553348676714,90.0,102.92270439548052,50.11446651323286,90.0,257.07729560451946
24.719999999999562,1.2000000000175248,-50.0,180.0,40.143213296954734,90.0,102.91700413194422,130.14321329695474,90.0,117.91700413194422
24.719999999999562,-1.8738131458842866,-50.0,199.64574501456346,31.760610659479365,90.0,120.40665142718557,121.76061065947937,90.0,120.40665142718557
24.719999999999562,-1.8738131458842866,50.0,199.64574501456346,31.760610659479365,90.0,120.40665142718557,58.23938934052063,90.0,239.59334857281442
24.719999999999562,1.2000000000175248,50.0,180.0,40.143213296954734,90.0,102.91700413194422,49.856786703045266,90.0,257.0829958680558
24.73999999999956,0.4000000000175419,-50.0,180.0,40.3993819561476,90.0,102.91415404895253,130.3993819561476,90.0,117.91415404895253
24.73999999999956,-0.6279051953206344,-50.0,199.96053456856197,31.239280013430317,90.0,120.71584368328442,121.23928001343032,90.0,120.71584368328442
24.73999999999956,-0.6279051953206344,50.0,199.96053456856197,31.239280013430317,90.0,120.71584368328442,58.76071998656968,90.0,239.28415631671558
24.73999999999956,0.4000000000175419,50.0,180.0,40.3993819561476,90.0,102.91415404895253,49.6006180438524,90.0,257.0858459510475
24.75999999999956,-0.39999999998244107,-50.0,180.0,40.6540294459224,90.0,102.91415404895245,130.6540294459224,90.0,117.91415404895245
24.75999999999956,0.6279051952656061,-50.0,199.9605345685689,30.87944701483402,90.0,120.71584368329128,120.87944701483403,90.0,120.71584368329128
24.75999999999956,0.6279051952656061,50.0,199.9605345685689,30.87944701483402,90.0,120.71584368329128,59.12055298516598,90.0,239.28415631670873
24.75999999999956,-0.39999999998244107,50.0,180.0,40.6540294459224,90.0,102.91415404895245,49.3459705540776,90.0,257.08584595104753
24.77999999999956,-1.199999999982424,-50.0,180.0,40.90714570641286,90.0,102.91700413194404,130.90714570641285,90.0,117.91700413194404
24.77999999999956,1.873813145830126,-50.0,199.64574501458412,30.68512134737569,90.0,120.40665142720587,120.68512134737568,90.0,120.40665142720587
24.77999999999956,1.873813145830126,50.0,199.64574501458412,30.68512134737569,90.0,120.40665142720587,59.31487865262431,90.0,239.59334857279413
24.77999999999956,-1.199999999982424,50.0,180.0,40.90714570641286,90.0,102.91700413194404,49.09285429358714,90.0,257.08299586805595
24.79999999999956,-1.999999999982407,-50.0,180.0,41.158720638694255,90.0,102.92270439548021,131.15872063869426,90.0,117.92270439548021
24.79999999999956,3.0901699437231906,-50.0,199.02113032592015,30.655721134927305,90.00000000000001,119.79711610921501,120.6557211349273,89.99999999999999,119.79711610921501
24.79999999999956,3.0901699437231906,50.0,199.02113032592015,30.655721134927305,90.00000000000001,119.79711610921501,59.344278865072695,90.00000000000001,240.202883890785
24.79999999999956,-1.999999999982407,50.0,180.0,41.158720638694255,90.0,102.92270439548021,48.841279361305745,90.0,257.0772956045198
24.81999999999956,-2.79999999998239,-50.0,180.0,41.40874410709797,90.0,102.93125503478932,131.40874410709796,90.0,117.93125503478932
24.81999999999956,4.257792915625698,-50.0,198.09654104934395,30.7864424205297,90.00000000000001,118.90424778549631,120.7864424205297,89.99999999999999,118.90424778549631
24.81999999999956,4.257792915625698,50.0,198.09654104934395,30.7864424205297,90.00000000000001,118.90424778549631,59.213557579470304,90.00000000000001,241.0957522145037
24.81999999999956,-2.79999999998239,50.0,180.0,41.40874410709797,90.0,102.93125503478932,48.59125589290203,90.0,257.06874496521067
24.83999999999956,-3.599999999982373,-50.0,180.0,41.657205941455125,90.0,102.9426563430202,131.65720594145512,90.0,117.9426563430202
24.83999999999956,5.358267949766587,-50.0,196.88655851006996,31.068912577731446,90.0,117.75197322531906,121.06891257773145,90.0,117.75197322531906
24.83999999999956,5.358267949766587,50.0,196.88655851006996,31.068912577731446,90.0,117.75197322531906,58.931087422268554,90.0,242.24802677468094
24.83999999999956,-3.599999999982373,50.0,180.0,41.657205941455125,90.0,102.9426563430202,48.342794058544875,90.0,257.0573436569798
24.85999999999956,-4.399999999982356,-50.0,180.0,41.90409593926743,90.0,102.95690871161007,131.90409593926742,90.0,117.95690871161007
24.85999999999956,6.374239897465542,-50.0,195.4102648555511,31.49201066133046,90.0,116.3695563557792,121.49201066133045,90.0,116.3695563557792
24.85999999999956,6.374239897465542,50.0,195.4102648555511,31.49201066133046,90.0,116.3695563557792,58.50798933866954,90.0,243.6304436442208
24.85999999999956,-4.399999999982356,50.0,180.0,41.90409593926743,90.0,102.95690871161007,48.09590406073257,90.0,257.0430912883899
24.87999999999956,-5.199999999982339,-50.0,180.0,42.14940386780416,90.0,102.97401263077522,132.14940386780415,90.0,117.97401263077522
24.87999999999956,7.289686274195123,-50.0,193.69094211861423,32.04272671275392,90.0,114.78992473287518,122.04272671275392,90.0,114.78992473287518
24.87999999999956,7.289686274195123,50.0,193.69094211861423,32.04272671275392,90.0,114.78992473287518,57.95727328724608,90.0,245.2100752671248
24.87999999999956,-5.199999999982339,50.0,180.0,42.14940386780416,90.0,102.97401263077522,47.85059613219584,90.0,257.02598736922477
24.899999999999558,-5.999999999982322,-50.0,180.0,42.39311946612312,90.0,102.99396869012521,132.39311946612312,90.0,117.99396869012521
24.899999999999558,8.090169943733152,-50.0,191.7557050458944,32.70695208116622,90.0,113.04810487212156,122.70695208116622,90.0,113.04810487212156
24.899999999999558,8.090169943733152,50.0,191.7557050458944,32.70695208116622,90.0,113.04810487212156,57.29304791883378,90.0,246.95189512787846
24.899999999999558,-5.999999999982322,50.0,180.0,42.39311946612312,90.0,102.99396869012521,47.60688053387688,90.0,257.0060313098748
24.919999999999558,-6.799999999982305,-50.0,180.0,42.63523244701466,90.0,103.01677757940077,132.63523244701466,90.0,118.01677757940077
24.919999999999558,8.763066800425246,-50.0,189.63507348208302,33.47013007484131,90.0,111.17989769387403,123.47013007484131,90.0,111.17989769387403
24.919999999999558,8.763066800425246,50.0,189.63507348208302,33.47013007484131,90.0,111.17989769387403,56.52986992515869,90.0,248.820102306126
24.919999999999558,-6.799999999982305,50.0,180.0,42.63523244701466,90.0,103.01677757940077,47.36476755298534,90.0,256.98322242059925
24.939999999999557,-7.599999999982288,-50.0,180.0,42.87573249886662,90.0,103.04244008933591,132.87573249886663,90.0,118.04244008933591
24.939999999999557,9.297764858872272,-50.0,187.3624910537453,34.31773560496195,90.0,109.22084993503337,124.31773560496195,90.0,109.22084993503337
24.939999999999557,9.297764858872272,50.0,187.3624910537453,34.31773560496195,90.0,109.22084993503337,55.68226439503805,90.0,250.77915006496664
24.939999999999557,-7.599999999982288,50.0,180.0,42.87573249886662,90.0,103.04244008933591,47.12426750113338,90.0,256.9575599106641
24.959999999999557,-8.39999999998227,-50.0,180.0,43.114609287448815,90.0,103.07095711264489,133.11460928744881,90.0,118.07095711264489
24.959999999999557,9.685831611279385,-50.0,184.97379774335104,35.23558380597671,90.0,107.20551775931261,125.23558380597672,90.0,107.20551775931261
24.959999999999557,9.685831611279385,50.0,184.97379774335104,35.23558380597671,90.0,107.20551775931261,54.76441619402329,90.0,252.7944822406874
24.959999999999557,-8.39999999998227,50.0,180.0,43.114609287448815,90.0,103.07095711264489,46.885390712551185,90.0,256.9290428873551
24.979999999999556,-9.199999999982253,-50.0,180.0,43.351852457615315,90.0,103.10232964513474,133.3518524576153,90.0,118.10232964513474
24.979999999999556,9.921147013141283,-50.0,182.5066646713414,36.209987337630636,90.0,105.16698203827728,126.20998733763064,90.0,105.16698203827728
24.979999999999556,9.921147013141283,50.0,182.5066646713414,36.209987337630636,90.0,105.16698203827728,53.790012662369364,90.0,254.8330179617227
24.979999999999556,-9.199999999982253,50.0,180.0,43.351852457615315,90.0,103.10232964513474,46.648147542384685,90.0,256.8976703548652
24.999999999999556,-9.999999999982236,-50.0,180.0,43.58745163492279,90.0,103.13655878694406,133.5874516349228,90.0,118.13655878694406
24.999999999999556,10.0,-50.0,180.00000000005582,37.22779139517654,90.0,103.13655878698962,127.22779139517654,90.0,103.13655878698962
24.999999999999556,10.0,50.0,180.00000000005582,37.22779139517654,90.0,103.13655878698962,52.77220860482346,90.0,256.8634412130104
24.999999999999556,-9.999999999982236,50.0,180.0,43.58745163492279,90.0,103.13655878694406,46.41254836507721,90.0,256.8634412130559
25.019999999999555,-9.921147013148278,-50.0,182.50666467123065,42.433112601019815,90.00000000000001,105.16698203818672,132.43311260101981,89.99999999999999,120.16698203818672
25.019999999999555,9.20000000001778,-50.0,180.0,37.500042656937865,90.0,103.10232964513621,127.50004265693786,90.0,103.10232964513621
25.019999999999555,9.20000000001778,50.0,180.0,37.500042656937865,90.0,103.10232964513621,52.499957343062135,90.0,256.8976703548638
25.019999999999555,-9.921147013148278,50.0,182.50666467123065,42.433112601019815,90.00000000000001,105.16698203818672,47.566887398980185,90.00000000000001,254.83301796181328
25.039999999999555,-9.685831611293263,-50.0,184.97379774324293,41.230496571367226,90.0,107.20551775922235,131.2304965713672,90.0,122.20551775922235
25.039999999999555,8.400000000017798,-50.0,180.0,37.77088010090291,90.0,103.07095711264623,127.7708801009029,90.0,103.07095711264623
25.039999999999555,8.400000000017798,50.0,180.0,37.77088010090291,90.0,103.07095711264623,52.22911989909709,90.0,256.9290428873538
25.039999999999555,-9.685831611293263,50.0,184.97379774324293,41.230496571367226,90.0,107.20551775922235,48.769503428632774,90.0,252.79448224077765
25.059999999999555,-9.297764858892815,-50.0,187.36249105364152,39.99962033118319,90.00000000000001,109.22084993494488,129.9996203311832,89.99999999999999,124.22084993494488
25.059999999999555,7.600000000017815,-50.0,180.0,38.04029426860226,90.0,103.0424400893371,128.04029426860225,90.0,103.0424400893371
25.059999999999555,7.600000000017815,50.0,180.0,38.04029426860226,90.0,103.0424400893371,51.95970573139774,90.0,256.9575599106629
25.059999999999555,-9.297764858892815,50.0,187.36249105364152,39.99962033118319,90.00000000000001,109.22084993494488,50.00037966881681,90.00000000000001,250.77915006505512
25.079999999999554,-8.76306680045213,-50.0,189.63507348198522,38.761659847800125,90.0,111.17989769378877,128.76165984780013,90.0,126.17989769378877
25.079999999999554,6.800000000017832,-50.0,180.0,38.308275632721774,90.0,103.01677757940183,128.30827563272177,90.0,103.01677757940183
25.079999999999554,6.800000000017832,50.0,180.0,38.308275632721774,90.0,103.01677757940183,51.691724367278226,90.0,256.98322242059817
25.079999999999554,-8.76306680045213,50.0,189.63507348198522,38.761659847800125,90.0,111.17989769378877,51.238340152199875,90.0,248.82010230621123
25.099999999999554,-8.090169943765954,-50.0,191.7557050458041,37.53870254257137,90.0,113.04810487204115,127.53870254257137,90.0,128.04810487204116
25.099999999999554,6.000000000017849,-50.0,180.0,38.574814600129805,90.0,102.99396869012617,128.5748146001298,90.0,102.99396869012617
25.099999999999554,6.000000000017849,50.0,180.0,38.574814600129805,90.0,102.99396869012617,51.425185399870195,90.0,257.00603130987383
25.099999999999554,-8.090169943765954,50.0,191.7557050458041,37.53870254257137,90.0,113.04810487204115,52.46129745742863,90.0,246.95189512795884
25.119999999999553,-7.2896862742333255,-50.0,193.69094211853286,36.353421051671695,90.0,114.78992473280111,126.35342105167169,90.0,129.78992473280113
25.119999999999553,5.200000000017866,-50.0,180.0,38.839901514830004,90.0,102.97401263077604,128.83990151483,90.0,102.97401263077604
25.119999999999553,5.200000000017866,50.0,180.0,38.839901514830004,90.0,102.97401263077604,51.160098485169996,90.0,257.02598736922397
25.119999999999553,-7.2896862742333255,50.0,193.69094211853286,36.353421051671695,90.0,114.78992473280111,53.646578948328305,90.0,245.21007526719887
25.139999999999553,-6.3742398975085415,-50.0,195.41026485547997,35.228637191510245,90.0,116.3695563557132,125.22863719151024,90.0,131.3695563557132
25.139999999999553,4.400000000017883,-50.0,180.0,39.103526660855685,90.0,102.95690871161078,129.1035266608557,90.0,102.95690871161078
25.139999999999553,4.400000000017883,50.0,180.0,39.103526660855685,90.0,102.95690871161078,50.896473339144315,90.0,257.04309128838923
25.139999999999553,-6.3742398975085415,50.0,195.41026485547997,35.228637191510245,90.0,116.3695563557132,54.771362808489755,90.0,243.6304436442868
25.159999999999553,-5.3582679498137065,-50.0,196.88655851001016,34.18675241068591,90.00000000000001,117.75197322526255,124.18675241068591,89.99999999999999,132.75197322526253
25.159999999999553,3.6000000000179,-50.0,180.0,39.3656802651045,90.0,102.94265634302079,129.36568026510452,90.0,102.94265634302079
25.159999999999553,3.6000000000179,50.0,180.0,39.3656802651045,90.0,102.94265634302079,50.6343197348955,90.0,257.05734365697924
25.159999999999553,-5.3582679498137065,50.0,196.88655851001016,34.18675241068591,90.00000000000001,117.75197322526255,55.81324758931409,90.00000000000001,242.24802677473747
25.179999999999552,-4.257792915676192,-50.0,198.09654104929643,33.249039765108755,90.0,118.9042477854507,123.24903976510876,90.0,133.9042477854507
25.179999999999552,2.800000000017917,-50.0,180.0,39.62635250011264,90.0,102.93125503478976,129.62635250011263,90.0,102.93125503478976
25.179999999999552,2.800000000017917,50.0,180.0,39.62635250011264,90.0,102.93125503478976,50.37364749988736,90.0,257.06874496521027
25.179999999999552,-4.257792915676192,50.0,198.09654104929643,33.249039765108755,90.0,118.9042477854507,56.750960234891245,90.0,241.0957522145493
25.19999999999955,-3.090169943776267,-50.0,199.02113032588565,32.43482337719003,90.0,119.79711610918147,122.43482337719003,90.0,134.79711610918147
25.19999999999955,2.000000000017934,-50.0,180.0,39.885533486767,90.0,102.92270439548052,129.885533486767,90.0,102.92270439548052
25.19999999999955,2.000000000017934,50.0,180.0,39.885533486767,90.0,102.92270439548052,50.114466513233,90.0,257.07729560451946
25.19999999999955,-3.090169943776267,50.0,199.02113032588565,32.43482337719003,90.0,119.79711610918147,57.56517662280997,90.0,240.20288389081853
25.21999999999955,-1.8738131458849452,-50.0,199.6457450145632,31.76061065947966,90.0,120.40665142718537,121.76061065947965,90.0,135.40665142718535
25.21999999999955,1.2000000000179512,-50.0,180.0,40.1432132969546,90.0,102.91700413194422,130.1432132969546,90.0,102.91700413194422
25.21999999999955,1.2000000000179512,50.0,180.0,40.1432132969546,90.0,102.91700413194422,49.8567867030454,90.0,257.0829958680558
25.21999999999955,-1.8738131458849452,50.0,199.6457450145632,31.76061065947966,90.0,120.40665142718537,58.23938934052034,90.0,239.59334857281465
25.23999999999955,-0.6279051953213035,-50.0,199.96053456856188,31.239280013430548,90.0,120.71584368328433,121.23928001343054,90.0,135.71584368328433
25.23999999999955,0.4000000000179682,-50.0,180.0,40.399381956147465,90.0,102.91415404895253,130.39938195614747,90.0,102.91415404895253
25.23999999999955,0.4000000000179682,50.0,180.0,40.399381956147465,90.0,102.91415404895253,49.600618043852535,90.0,257.0858459510475
25.23999999999955,-0.6279051953213035,50.0,199.96053456856188,31.239280013430548,90.0,120.71584368328433,58.760719986569455,90.0,239.28415631671567
25.25999999999955,0.6279051952649368,-50.0,199.960534568569,30.879447014834174,90.0,120.71584368329135,120.87944701483417,90.0,135.71584368329135
25.25999999999955,-0.39999999998201474,-50.0,180.0,40.65402944592226,90.0,102.91415404895245,130.65402944592228,90.0,102.91415404895245
25.25999999999955,-0.39999999998201474,50.0,180.0,40.65402944592226,90.0,102.91415404895245,49.34597055407774,90.0,257.08584595104753
25.25999999999955,0.6279051952649368,50.0,199.960534568569,30.879447014834174,90.0,120.71584368329135,59.12055298516583,90.0,239.28415631670865
25.27999999999955,1.8738131458294696,-50.0,199.64574501458438,30.685121347375762,90.0,120.40665142720613,120.68512134737577,90.0,135.40665142720613
25.27999999999955,-1.1999999999819977,-50.0,180.0,40.90714570641272,90.0,102.91700413194404,130.90714570641273,90.0,102.91700413194404
25.27999999999955,-1.1999999999819977,50.0,180.0,40.90714570641272,90.0,102.91700413194404,49.09285429358728,90.0,257.08299586805595
25.27999999999955,1.8738131458294696,50.0,199.64574501458438,30.685121347375762,90.0,120.40665142720613,59.31487865262424,90.0,239.59334857279387
25.29999999999955,3.0901699437225547,-50.0,199.02113032592058,30.65572113492728,90.0,119.79711610921541,120.65572113492728,90.0,134.7971161092154
25.29999999999955,-1.9999999999819806,-50.0,180.0,41.15872063869413,90.0,102.92270439548021,131.15872063869412,90.0,102.92270439548021
25.29999999999955,-1.9999999999819806,50.0,180.0,41.15872063869413,90.0,102.92270439548021,48.84127936130587,90.0,257.0772956045198
25.29999999999955,3.0901699437225547,50.0,199.02113032592058,30.65572113492728,90.0,119.79711610921541,59.344278865072724,90.0,240.2028838907846
25.31999999999955,4.257792915625091,-50.0,198.09654104934452,30.78644242052958,90.00000000000001,118.90424778549686,120.78644242052958,89.99999999999999,133.90424778549686
25.31999999999955,-2.7999999999819636,-50.0,180.0,41.40874410709784,90.0,102.9312550347893,131.40874410709785,90.0,102.9312550347893
25.31999999999955,-2.7999999999819636,50.0,180.0,41.40874410709784,90.0,102.9312550347893,48.59125589290216,90.0,257.0687449652107
25.31999999999955,4.257792915625091,50.0,198.09654104934452,30.78644242052958,90.00000000000001,118.90424778549686,59.21355757947042,90.00000000000001,241.09575221450314
25.33999999999955,5.35826794976602,-50.0,196.8865585100707,31.06891257773125,90.0,117.75197322531977,121.06891257773125,90.0,132.75197322531977
25.33999999999955,-3.5999999999819465,-50.0,180.0,41.65720594145498,90.0,102.9426563430202,131.65720594145498,90.0,102.9426563430202
25.33999999999955,-3.5999999999819465,50.0,180.0,41.65720594145498,90.0,102.9426563430202,48.34279405854502,90.0,257.0573436569798
25.33999999999955,5.35826794976602,50.0,196.8865585100707,31.06891257773125,90.0,117.75197322531977,58.931087422268746,90.0,242.24802677468023
25.35999999999955,6.374239897465025,-50.0,195.410264855552,31.492010661330163,90.0,116.36955635578006,121.49201066133017,90.0,131.36955635578005
25.35999999999955,-4.3999999999819295,-50.0,180.0,41.90409593926729,90.0,102.95690871161007,131.90409593926728,90.0,102.95690871161007
25.35999999999955,-4.3999999999819295,50.0,180.0,41.90409593926729,90.0,102.95690871161007,48.09590406073271,90.0,257.0430912883899
25.35999999999955,6.374239897465025,50.0,195.410264855552,31.492010661330163,90.0,116.36955635578006,58.50798933866984,90.0,243.63044364421995
25.379999999999548,7.289686274194667,-50.0,193.6909421186152,32.042726712753606,90.0,114.78992473287605,122.0427267127536,90.0,129.78992473287605
25.379999999999548,-5.199999999981912,-50.0,180.0,42.14940386780403,90.0,102.9740126307752,132.14940386780404,90.0,102.9740126307752
25.379999999999548,-5.199999999981912,50.0,180.0,42.14940386780403,90.0,102.9740126307752,47.85059613219597,90.0,257.0259873692248
25.379999999999548,7.289686274194667,50.0,193.6909421186152,32.042726712753606,90.0,114.78992473287605,57.957273287246394,90.0,245.21007526712395
25.399999999999547,8.090169943732757,-50.0,191.75570504589547,32.70695208116583,90.0,113.04810487212254,122.70695208116584,90.0,128.04810487212254
25.399999999999547,-5.999999999981895,-50.0,180.0,42.39311946612299,90.0,102.99396869012521,132.39311946612298,90.0,102.99396869012521
25.399999999999547,-5.999999999981895,50.0,180.0,42.39311946612299,90.0,102.99396869012521,47.60688053387701,90.0,257.0060313098748
25.399999999999547,8.090169943732757,50.0,191.75570504589547,32.70695208116583,90.0,113.04810487212254,57.29304791883417,90.0,246.95189512787746
25.419999999999547,8.763066800424923,-50.0,189.63507348208418,33.47013007484088,90.0,111.17989769387503,123.47013007484088,90.0,126.17989769387503
25.419999999999547,-6.799999999981878,-50.0,180.0,42.63523244701452,90.0,103.01677757940077,132.63523244701452,90.0,103.01677757940077
25.419999999999547,-6.799999999981878,50.0,180.0,42.63523244701452,90.0,103.01677757940077,47.36476755298548,90.0,256.98322242059925
25.419999999999547,8.763066800424923,50.0,189.63507348208418,33.47013007484088,90.0,111.17989769387503,56.52986992515912,90.0,248.82010230612497
25.439999999999547,9.297764858872025,-50.0,187.36249105374654,34.31773560496147,90.0,109.22084993503445,124.31773560496147,90.0,124.22084993503445
25.439999999999547,-7.599999999981861,-50.0,180.0,42.87573249886649,90.0,103.04244008933588,132.87573249886648,90.0,103.04244008933588
25.439999999999547,-7.599999999981861,50.0,180.0,42.87573249886649,90.0,103.04244008933588,47.12426750113351,90.0,256.95755991066414
25.439999999999547,9.297764858872025,50.0,187.36249105374654,34.31773560496147,90.0,109.22084993503445,55.68226439503853,90.0,250.77915006496556
25.459999999999546,9.68583161127922,-50.0,184.97379774335235,35.23558380597619,90.0,107.20551775931372,125.23558380597619,90.0,122.20551775931372
25.459999999999546,-8.399999999981844,-50.0,180.0,43.11460928744869,90.0,103.07095711264488,133.11460928744867,90.0,103.07095711264488
25.459999999999546,-8.399999999981844,50.0,180.0,43.11460928744869,90.0,103.07095711264488,46.88539071255131,90.0,256.92904288735514
25.459999999999546,9.68583161127922,50.0,184.97379774335235,35.23558380597619,90.0,107.20551775931372,54.76441619402381,90.0,252.79448224068628
25.479999999999546,9.921147013141201,-50.0,182.50666467134272,36.2099873376301,90.0,105.16698203827836,126.20998733763011,90.0,120.16698203827836
25.479999999999546,-9.199999999981827,-50.0,180.0,43.35185245761517,90.0,103.10232964513474,133.35185245761517,90.0,103.10232964513474
25.479999999999546,-9.199999999981827,50.0,180.0,43.35185245761517,90.0,103.10232964513474,46.64814754238483,90.0,256.8976703548652
25.479999999999546,9.921147013141201,50.0,182.50666467134272,36.2099873376301,90.0,105.16698203827836,53.7900126623699,90.0,254.83301796172162
25.499999999999545,10.0,-50.0,180.00000000005716,37.227791395175984,90.0,103.13655878699072,127.22779139517598,90.0,118.13655878699072
25.499999999999545,-9.99999999998181,-50.0,180.0,43.58745163492265,90.0,103.13655878694406,133.58745163492264,90.0,103.13655878694406
25.499999999999545,-9.99999999998181,50.0,180.0,43.58745163492265,90.0,103.13655878694406,46.41254836507735,90.0,256.8634412130559
25.499999999999545,10.0,50.0,180.00000000005716,37.227791395175984,90.0,103.13655878699072,52.772208604824016,90.0,256.8634412130093
25.519999999999545,9.200000000018207,-50.0,180.0,37.50004265693772,90.0,103.10232964513622,127.50004265693772,90.0,118.10232964513622
25.519999999999545,-9.921147013148362,-50.0,182.50666467122934,42.433112601020454,90.0,105.16698203818564,132.43311260102047,90.0,105.16698203818564
25.519999999999545,-9.921147013148362,50.0,182.50666467122934,42.433112601020454,90.0,105.16698203818564,47.566887398979546,90.0,254.83301796181436
25.519999999999545,9.200000000018207,50.0,180.0,37.50004265693772,90.0,103.10232964513622,52.49995734306228,90.0,256.89767035486375
25.539999999999544,8.400000000018224,-50.0,180.0,37.77088010090275,90.0,103.07095711264624,127.77088010090276,90.0,118.07095711264624
25.539999999999544,-9.68583161129343,-50.0,184.97379774324165,41.23049657136785,90.00000000000001,107.20551775922131,131.23049657136784,89.99999999999999,107.20551775922131
25.539999999999544,-9.68583161129343,50.0,184.97379774324165,41.23049657136785,90.00000000000001,107.20551775922131,48.76950342863215,90.00000000000001,252.79448224077868
25.539999999999544,8.400000000018224,50.0,180.0,37.77088010090275,90.0,103.07095711264624,52.22911989909725,90.0,256.9290428873538
25.559999999999544,7.600000000018241,-50.0,180.0,38.04029426860212,90.0,103.04244008933712,128.0402942686021,90.0,118.04244008933712
25.559999999999544,-9.297764858893062,-50.0,187.36249105364027,39.999620331183834,90.0,109.22084993494383,129.99962033118385,90.0,109.22084993494383
25.559999999999544,-9.297764858893062,50.0,187.36249105364027,39.999620331183834,90.0,109.22084993494383,50.000379668816166,90.0,250.77915006505617
25.559999999999544,7.600000000018241,50.0,180.0,38.04029426860212,90.0,103.04244008933712,51.95970573139788,90.0,256.9575599106629
25.579999999999544,6.800000000018258,-50.0,180.0,38.30827563272163,90.0,103.01677757940186,128.30827563272163,90.0,118.01677757940186
25.579999999999544,-8.763066800452453,-50.0,189.63507348198405,38.76165984780077,90.0,111.17989769378778,128.7616598478008,90.0,111.17989769378778
25.579999999999544,-8.763066800452453,50.0,189.63507348198405,38.76165984780077,90.0,111.17989769378778,51.23834015219923,90.0,248.82010230621222
25.579999999999544,6.800000000018258,50.0,180.0,38.30827563272163,90.0,103.01677757940186,51.69172436727837,90.0,256.98322242059817
25.599999999999543,6.000000000018275,-50.0,180.0,38.57481460012967,90.0,102.99396869012617,128.57481460012968,90.0,117.99396869012617
25.599999999999543,-8.090169943766348,-50.0,191.755705045803,37.538702542572004,90.0,113.0481048720402,127.538702542572,90.0,113.0481048720402
25.599999999999543,-8.090169943766348,50.0,191.755705045803,37.538702542572004,90.0,113.0481048720402,52.461297457427996,90.0,246.9518951279598
25.599999999999543,6.000000000018275,50.0,180.0,38.57481460012967,90.0,102.99396869012617,51.42518539987033,90.0,257.00603130987383
25.619999999999543,5.200000000018292,-50.0,180.0,38.83990151482987,90.0,102.97401263077604,128.83990151482988,90.0,117.97401263077604
25.619999999999543,-7.289686274233784,-50.0,193.6909421185319,36.353421051672306,90.0,114.78992473280022,126.35342105167231,90.0,114.78992473280022
25.619999999999543,-7.289686274233784,50.0,193.6909421185319,36.353421051672306,90.0,114.78992473280022,53.646578948327694,90.0,245.21007526719978
25.619999999999543,5.200000000018292,50.0,180.0,38.83990151482987,90.0,102.97401263077604,51.16009848517013,90.0,257.02598736922397
25.639999999999542,4.400000000018309,-50.0,180.0,39.10352666085554,90.0,102.95690871161078,129.10352666085555,90.0,117.95690871161078
25.639999999999542,-6.3742398975090575,-50.0,195.4102648554791,35.22863719151082,90.0,116.36955635571243,125.22863719151081,90.0,116.36955635571243
25.639999999999542,-6.3742398975090575,50.0,195.4102648554791,35.22863719151082,90.0,116.36955635571243,54.77136280848918,90.0,243.63044364428757
25.639999999999542,4.400000000018309,50.0,180.0,39.10352666085554,90.0,102.95690871161078,50.89647333914446,90.0,257.04309128838923
25.659999999999542,3.6000000000183263,-50.0,180.0,39.36568026510437,90.0,102.94265634302079,129.36568026510437,90.0,117.94265634302079
25.659999999999542,-5.358267949814273,-50.0,196.88655851000945,34.18675241068645,90.0,117.75197322526186,124.18675241068645,90.0,117.75197322526186
25.659999999999542,-5.358267949814273,50.0,196.88655851000945,34.18675241068645,90.0,117.75197322526186,55.81324758931355,90.0,242.24802677473815
25.659999999999542,3.6000000000183263,50.0,180.0,39.36568026510437,90.0,102.94265634302079,50.63431973489563,90.0,257.05734365697924
25.67999999999954,2.8000000000183434,-50.0,180.0,39.6263525001125,90.0,102.93125503478976,129.6263525001125,90.0,117.93125503478976
25.67999999999954,-4.257792915676799,-50.0,198.09654104929587,33.249039765109224,90.0,118.90424778545018,123.24903976510922,90.0,118.90424778545018
25.67999999999954,-4.257792915676799,50.0,198.09654104929587,33.249039765109224,90.0,118.90424778545018,56.750960234890776,90.0,241.0957522145498
25.67999999999954,2.8000000000183434,50.0,180.0,39.6263525001125,90.0,102.93125503478976,50.3736474998875,90.0,257.06874496521027
25.69999999999954,2.0000000000183604,-50.0,180.0,39.88553348676686,90.0,102.92270439548052,129.88553348676686,90.0,117.92270439548052
25.69999999999954,-3.090169943776904,-50.0,199.02113032588525,32.434823377190426,90.0,119.79711610918106,122.43482337719043,90.0,119.79711610918106
25.69999999999954,-3.090169943776904,50.0,199.02113032588525,32.434823377190426,90.0,119.79711610918106,57.565176622809574,90.0,240.20288389081895
25.69999999999954,2.0000000000183604,50.0,180.0,39.88553348676686,90.0,102.92270439548052,50.11446651323314,90.0,257.07729560451946
25.71999999999954,1.2000000000183775,-50.0,180.0,40.14321329695446,90.0,102.91700413194422,130.14321329695446,90.0,117.91700413194422
25.71999999999954,-1.8738131458856015,-50.0,199.64574501456295,31.760610659479976,90.0,120.40665142718511,121.76061065947998,90.0,120.40665142718511
25.71999999999954,-1.8738131458856015,50.0,199.64574501456295,31.760610659479976,90.0,120.40665142718511,58.23938934052002,90.0,239.59334857281488
25.71999999999954,1.2000000000183775,50.0,180.0,40.14321329695446,90.0,102.91700413194422,49.85678670304554,90.0,257.0829958680558
25.73999999999954,0.40000000001839453,-50.0,180.0,40.39938195614732,90.0,102.91415404895253,130.39938195614732,90.0,117.91415404895253
25.73999999999954,-0.6279051953219706,-50.0,199.9605345685618,31.23928001343077,90.0,120.71584368328429,121.23928001343077,90.0,120.71584368328429
25.73999999999954,-0.6279051953219706,50.0,199.9605345685618,31.23928001343077,90.0,120.71584368328429,58.76071998656923,90.0,239.28415631671572
25.73999999999954,0.40000000001839453,50.0,180.0,40.39938195614732,90.0,102.91415404895253,49.60061804385268,90.0,257.0858459510475
25.75999999999954,-0.3999999999815884,-50.0,180.0,40.65402944592213,90.0,102.91415404895245,130.65402944592213,90.0,117.91415404895245
25.75999999999954,0.6279051952642698,-50.0,199.96053456856907,30.879447014834327,90.0,120.71584368329144,120.87944701483433,90.0,120.71584368329144
25.75999999999954,0.6279051952642698,50.0,199.96053456856907,30.879447014834327,90.0,120.71584368329144,59.12055298516567,90.0,239.28415631670856
25.75999999999954,-0.3999999999815884,50.0,180.0,40.65402944592213,90.0,102.91415404895245,49.34597055407787,90.0,257.08584595104753
25.77999999999954,-1.1999999999815714,-50.0,180.0,40.90714570641259,90.0,102.91700413194404,130.9071457064126,90.0,117.91700413194404
25.77999999999954,1.873813145828811,-50.0,199.64574501458463,30.685121347375837,90.00000000000001,120.40665142720634,120.68512134737584,89.99999999999999,120.40665142720634
25.77999999999954,1.873813145828811,50.0,199.64574501458463,30.685121347375837,90.00000000000001,120.40665142720634,59.31487865262416,90.00000000000001,239.59334857279367
25.77999999999954,-1.1999999999815714,50.0,180.0,40.90714570641259,90.0,102.91700413194404,49.09285429358741,90.0,257.08299586805595
25.79999999999954,-1.9999999999815543,-50.0,180.0,41.158720638693985,90.0,102.92270439548021,131.15872063869398,90.0,117.92270439548021
25.79999999999954,3.090169943721917,-50.0,199.02113032592098,30.655721134927262,90.0,119.79711610921579,120.65572113492726,90.0,119.79711610921579
25.79999999999954,3.090169943721917,50.0,199.02113032592098,30.655721134927262,90.0,119.79711610921579,59.34427886507274,90.0,240.20288389078422
25.79999999999954,-1.9999999999815543,50.0,180.0,41.158720638693985,90.0,102.92270439548021,48.841279361306015,90.0,257.0772956045198
25.81999999999954,-2.7999999999815373,-50.0,180.0,41.408744107097704,90.0,102.9312550347893,131.4087441070977,90.0,117.9312550347893
25.81999999999954,4.257792915624484,-50.0,198.0965410493451,30.78644242052949,90.00000000000001,118.90424778549738,120.78644242052948,89.99999999999999,118.90424778549738
25.81999999999954,4.257792915624484,50.0,198.0965410493451,30.78644242052949,90.00000000000001,118.90424778549738,59.21355757947051,90.00000000000001,241.09575221450262
25.81999999999954,-2.7999999999815373,50.0,180.0,41.408744107097704,90.0,102.9312550347893,48.591255892902296,90.0,257.0687449652107
25.839999999999538,-3.59999999998152,-50.0,180.0,41.65720594145485,90.0,102.9426563430202,131.65720594145483,90.0,117.9426563430202
25.839999999999538,5.358267949765457,-50.0,196.8865585100714,31.06891257773108,90.0,117.75197322532044,121.06891257773108,90.0,117.75197322532044
25.839999999999538,5.358267949765457,50.0,196.8865585100714,31.06891257773108,90.0,117.75197322532044,58.93108742226892,90.0,242.24802677467954
25.839999999999538,-3.59999999998152,50.0,180.0,41.65720594145485,90.0,102.9426563430202,48.34279405854515,90.0,257.0573436569798
25.859999999999538,-4.399999999981503,-50.0,180.0,41.90409593926716,90.0,102.95690871161007,131.90409593926717,90.0,117.95690871161007
25.859999999999538,6.374239897464509,-50.0,195.41026485555284,31.492010661329914,90.0,116.36955635578083,121.49201066132991,90.0,116.36955635578083
25.859999999999538,6.374239897464509,50.0,195.41026485555284,31.492010661329914,90.0,116.36955635578083,58.507989338670086,90.0,243.63044364421916
25.859999999999538,-4.399999999981503,50.0,180.0,41.90409593926716,90.0,102.95690871161007,48.09590406073284,90.0,257.0430912883899
25.879999999999537,-5.199999999981486,-50.0,180.0,42.1494038678039,90.0,102.9740126307752,132.1494038678039,90.0,117.9740126307752
25.879999999999537,7.289686274194207,-50.0,193.69094211861616,32.042726712753286,90.0,114.78992473287691,122.04272671275328,90.0,114.78992473287691
25.879999999999537,7.289686274194207,50.0,193.69094211861616,32.042726712753286,90.0,114.78992473287691,57.957273287246714,90.0,245.2100752671231
25.879999999999537,-5.199999999981486,50.0,180.0,42.1494038678039,90.0,102.9740126307752,47.8505961321961,90.0,257.0259873692248
25.899999999999537,-5.999999999981469,-50.0,180.0,42.39311946612287,90.0,102.99396869012519,132.39311946612287,90.0,117.99396869012519
25.899999999999537,8.090169943732363,-50.0,191.75570504589658,32.70695208116543,90.00000000000001,113.04810487212355,122.70695208116544,89.99999999999999,113.04810487212355
25.899999999999537,8.090169943732363,50.0,191.75570504589658,32.70695208116543,90.00000000000001,113.04810487212355,57.29304791883457,90.00000000000001,246.95189512787647
25.899999999999537,-5.999999999981469,50.0,180.0,42.39311946612287,90.0,102.99396869012519,47.60688053387713,90.0,257.0060313098748
25.919999999999536,-6.799999999981452,-50.0,180.0,42.6352324470144,90.0,103.01677757940075,132.6352324470144,90.0,118.01677757940075
25.919999999999536,8.7630668004246,-50.0,189.63507348208537,33.470130074840434,90.0,111.17989769387607,123.47013007484043,90.0,111.17989769387607
25.919999999999536,8.7630668004246,50.0,189.63507348208537,33.470130074840434,90.0,111.17989769387607,56.529869925159566,90.0,248.82010230612394
25.919999999999536,-6.799999999981452,50.0,180.0,42.6352324470144,90.0,103.01677757940075,47.3647675529856,90.0,256.98322242059925
25.939999999999536,-7.599999999981435,-50.0,180.0,42.87573249886637,90.0,103.04244008933587,132.87573249886637,90.0,118.04244008933587
25.939999999999536,9.297764858871778,-50.0,187.3624910537478,34.31773560496099,90.0,109.22084993503553,124.31773560496099,90.0,109.22084993503553
25.939999999999536,9.297764858871778,50.0,187.3624910537478,34.31773560496099,90.0,109.22084993503553,55.68226439503901,90.0,250.77915006496448
25.939999999999536,-7.599999999981435,50.0,180.0,42.87573249886637,90.0,103.04244008933587,47.12426750113363,90.0,256.95755991066414
25.959999999999535,-8.399999999981418,-50.0,180.0,43.11460928744855,90.0,103.07095711264488,133.11460928744856,90.0,118.07095711264488
25.959999999999535,9.685831611279053,-50.0,184.97379774335363,35.2355838059757,90.0,107.20551775931477,125.2355838059757,90.0,107.20551775931477
25.959999999999535,9.685831611279053,50.0,184.97379774335363,35.2355838059757,90.0,107.20551775931477,54.7644161940243,90.0,252.79448224068523
25.959999999999535,-8.399999999981418,50.0,180.0,43.11460928744855,90.0,103.07095711264488,46.88539071255145,90.0,256.92904288735514
25.979999999999535,-9.1999999999814,-50.0,180.0,43.351852457615045,90.0,103.10232964513472,133.35185245761505,90.0,118.10232964513472
25.979999999999535,9.921147013141116,-50.0,182.50666467134405,36.20998733762957,90.0,105.16698203827946,126.20998733762957,90.0,105.16698203827946
25.979999999999535,9.921147013141116,50.0,182.50666467134405,36.20998733762957,90.0,105.16698203827946,53.79001266237043,90.0,254.83301796172054
25.979999999999535,-9.1999999999814,50.0,180.0,43.351852457615045,90.0,103.10232964513472,46.648147542384955,90.0,256.8976703548653
25.999999999999535,-9.999999999981384,-50.0,180.0,43.58745163492253,90.0,103.13655878694404,133.58745163492253,90.0,118.13655878694404
25.999999999999535,10.0,-50.0,180.0000000000585,37.22779139517542,90.0,103.13655878699178,127.22779139517542,90.0,103.13655878699178
25.999999999999535,10.0,50.0,180.0000000000585,37.22779139517542,90.0,103.13655878699178,52.77220860482458,90.0,256.86344121300823
25.999999999999535,-9.999999999981384,50.0,180.0,43.58745163492253,90.0,103.13655878694404,46.41254836507747,90.0,256.863441213056
26.019999999999534,-9.921147013148447,-50.0,182.506664671228,42.43311260102107,90.0,105.16698203818454,132.43311260102107,90.0,120.16698203818454
26.019999999999534,9.200000000018633,-50.0,180.0,37.50004265693757,90.0,103.10232964513624,127.50004265693758,90.0,103.10232964513624
26.019999999999534,9.200000000018633,50.0,180.0,37.50004265693757,90.0,103.10232964513624,52.49995734306243,90.0,256.89767035486375
26.019999999999534,-9.921147013148447,50.0,182.506664671228,42.43311260102107,90.0,105.16698203818454,47.56688739897893,90.0,254.83301796181547
26.039999999999534,-9.685831611293597,-50.0,184.97379774324034,41.230496571368526,90.00000000000001,107.20551775922019,131.23049657136852,89.99999999999999,122.20551775922019
26.039999999999534,8.40000000001865,-50.0,180.0,37.77088010090261,90.0,103.07095711264627,127.77088010090262,90.0,103.07095711264627
26.039999999999534,8.40000000001865,50.0,180.0,37.77088010090261,90.0,103.07095711264627,52.22911989909739,90.0,256.9290428873537
26.039999999999534,-9.685831611293597,50.0,184.97379774324034,41.230496571368526,90.00000000000001,107.20551775922019,48.769503428631474,90.00000000000001,252.79448224077981
26.059999999999533,-9.297764858893308,-50.0,187.36249105363902,39.9996203311845,90.00000000000001,109.22084993494278,129.9996203311845,89.99999999999999,124.22084993494278
26.059999999999533,7.600000000018667,-50.0,180.0,38.04029426860197,90.0,103.04244008933715,128.04029426860197,90.0,103.04244008933715
26.059999999999533,7.600000000018667,50.0,180.0,38.04029426860197,90.0,103.04244008933715,51.95970573139803,90.0,256.95755991066284
26.059999999999533,-9.297764858893308,50.0,187.36249105363902,39.9996203311845,90.00000000000001,109.22084993494278,50.0003796688155,90.00000000000001,250.77915006505722
26.079999999999533,-8.763066800452776,-50.0,189.63507348198286,38.76165984780145,90.0,111.17989769378671,128.76165984780144,90.0,126.17989769378671
26.079999999999533,6.800000000018684,-50.0,180.0,38.3082756327215,90.0,103.01677757940186,128.3082756327215,90.0,103.01677757940186
26.079999999999533,6.800000000018684,50.0,180.0,38.3082756327215,90.0,103.01677757940186,51.6917243672785,90.0,256.98322242059817
26.079999999999533,-8.763066800452776,50.0,189.63507348198286,38.76165984780145,90.0,111.17989769378671,51.23834015219855,90.0,248.8201023062133
26.099999999999532,-8.090169943766742,-50.0,191.75570504580193,37.53870254257264,90.0,113.04810487203926,127.53870254257265,90.0,128.04810487203926
26.099999999999532,6.0000000000187015,-50.0,180.0,38.574814600129514,90.0,102.9939686901262,128.5748146001295,90.0,102.9939686901262
26.099999999999532,6.0000000000187015,50.0,180.0,38.574814600129514,90.0,102.9939686901262,51.425185399870486,90.0,257.00603130987383
26.099999999999532,-8.090169943766742,50.0,191.75570504580193,37.53870254257264,90.0,113.04810487203926,52.46129745742736,90.0,246.95189512796074
26.119999999999532,-7.289686274234243,-50.0,193.6909421185309,36.353421051672925,90.0,114.78992473279935,126.35342105167292,90.0,129.78992473279936
26.119999999999532,5.2000000000187185,-50.0,180.0,38.83990151482973,90.0,102.97401263077607,128.83990151482973,90.0,102.97401263077607
26.119999999999532,5.2000000000187185,50.0,180.0,38.83990151482973,90.0,102.97401263077607,51.16009848517027,90.0,257.0259873692239
26.119999999999532,-7.289686274234243,50.0,193.6909421185309,36.353421051672925,90.0,114.78992473279935,53.646578948327075,90.0,245.21007526720064
26.13999999999953,-6.3742398975095735,-50.0,195.41026485547826,35.2286371915114,90.0,116.36955635571162,125.22863719151141,90.0,131.3695563557116
26.13999999999953,4.400000000018736,-50.0,180.0,39.10352666085541,90.0,102.9569087116108,129.1035266608554,90.0,102.9569087116108
26.13999999999953,4.400000000018736,50.0,180.0,39.10352666085541,90.0,102.9569087116108,50.89647333914459,90.0,257.0430912883892
26.13999999999953,-6.3742398975095735,50.0,195.41026485547826,35.2286371915114,90.0,116.36955635571162,54.7713628084886,90.0,243.6304436442884
26.15999999999953,-5.358267949814836,-50.0,196.88655851000874,34.186752410686964,90.0,117.75197322526122,124.18675241068696,90.0,132.75197322526122
26.15999999999953,3.6000000000187526,-50.0,180.0,39.36568026510424,90.0,102.94265634302079,129.36568026510423,90.0,102.94265634302079
26.15999999999953,3.6000000000187526,50.0,180.0,39.36568026510424,90.0,102.94265634302079,50.63431973489576,90.0,257.05734365697924
26.15999999999953,-5.358267949814836,50.0,196.88655851000874,34.186752410686964,90.0,117.75197322526122,55.813247589313036,90.0,242.24802677473878
26.17999999999953,-4.2577929156774035,-50.0,198.0965410492953,33.2490397651097,90.0,118.90424778544961,123.2490397651097,90.0,133.90424778544963
26.17999999999953,2.8000000000187697,-50.0,180.0,39.62635250011236,90.0,102.93125503478979,129.62635250011238,90.0,102.93125503478979
26.17999999999953,2.8000000000187697,50.0,180.0,39.62635250011236,90.0,102.93125503478979,50.37364749988764,90.0,257.0687449652102
26.17999999999953,-4.2577929156774035,50.0,198.0965410492953,33.2490397651097,90.0,118.90424778544961,56.7509602348903,90.0,241.09575221455037
26.19999999999953,-3.0901699437775405,-50.0,199.02113032588483,32.43482337719082,90.00000000000001,119.79711610918068,122.43482337719081,89.99999999999999,134.79711610918068
26.19999999999953,2.0000000000187867,-50.0,180.0,39.88553348676672,90.0,102.92270439548055,129.88553348676672,90.0,102.92270439548055
26.19999999999953,2.0000000000187867,50.0,180.0,39.88553348676672,90.0,102.92270439548055,50.11446651323328,90.0,257.07729560451946
26.19999999999953,-3.0901699437775405,50.0,199.02113032588483,32.43482337719082,90.00000000000001,119.79711610918068,57.56517662280918,90.00000000000001,240.20288389081932
26.21999999999953,-1.8738131458862606,-50.0,199.6457450145627,31.76061065948032,90.0,120.40665142718484,121.76061065948032,90.0,135.40665142718484
26.21999999999953,1.2000000000188038,-50.0,180.0,40.143213296954315,90.0,102.91700413194425,130.14321329695431,90.0,102.91700413194425
26.21999999999953,1.2000000000188038,50.0,180.0,40.143213296954315,90.0,102.91700413194425,49.856786703045685,90.0,257.0829958680557
26.21999999999953,-1.8738131458862606,50.0,199.6457450145627,31.76061065948032,90.0,120.40665142718484,58.23938934051968,90.0,239.59334857281516
26.23999999999953,-0.6279051953226399,-50.0,199.9605345685617,31.239280013431017,90.0,120.71584368328418,121.23928001343101,90.0,135.71584368328416
26.23999999999953,0.40000000001882086,-50.0,180.0,40.39938195614719,90.0,102.91415404895253,130.39938195614718,90.0,102.91415404895253
26.23999999999953,0.40000000001882086,50.0,180.0,40.39938195614719,90.0,102.91415404895253,49.60061804385281,90.0,257.0858459510475
26.23999999999953,-0.6279051953226399,50.0,199.9605345685617,31.239280013431017,90.0,120.71584368328418,58.760719986568986,90.0,239.28415631671584
26.25999999999953,0.6279051952636006,-50.0,199.96053456856916,30.879447014834465,90.0,120.71584368329154,120.87944701483447,90.0,135.71584368329155
26.25999999999953,-0.3999999999811621,-50.0,180.0,40.65402944592199,90.0,102.91415404895245,130.654029445922,90.0,102.91415404895245
26.25999999999953,-0.3999999999811621,50.0,180.0,40.65402944592199,90.0,102.91415404895245,49.34597055407801,90.0,257.08584595104753
26.25999999999953,0.6279051952636006,50.0,199.96053456856916,30.879447014834465,90.0,120.71584368329154,59.12055298516553,90.0,239.28415631670845
26.27999999999953,1.873813145828152,-50.0,199.64574501458486,30.68512134737589,90.0,120.40665142720658,120.68512134737588,90.0,135.40665142720658
26.27999999999953,-1.199999999981145,-50.0,180.0,40.90714570641246,90.0,102.91700413194404,130.90714570641245,90.0,102.91700413194404
26.27999999999953,-1.199999999981145,50.0,180.0,40.90714570641246,90.0,102.91700413194404,49.09285429358754,90.0,257.08299586805595
26.27999999999953,1.873813145828152,50.0,199.64574501458486,30.68512134737589,90.0,120.40665142720658,59.31487865262411,90.0,239.59334857279342
26.299999999999528,3.0901699437212793,-50.0,199.0211303259214,30.655721134927223,90.0,119.79711610921623,120.65572113492722,90.0,134.79711610921623
26.299999999999528,-1.999999999981128,-50.0,180.0,41.15872063869385,90.0,102.92270439548021,131.15872063869386,90.0,102.92270439548021
26.299999999999528,-1.999999999981128,50.0,180.0,41.15872063869385,90.0,102.92270439548021,48.84127936130615,90.0,257.0772956045198
26.299999999999528,3.0901699437212793,50.0,199.0211303259214,30.655721134927223,90.0,119.79711610921623,59.34427886507278,90.0,240.20288389078377
26.319999999999528,4.257792915623877,-50.0,198.09654104934566,30.786442420529365,90.0,118.90424778549793,120.78644242052937,90.0,133.90424778549794
26.319999999999528,-2.799999999981111,-50.0,180.0,41.408744107097576,90.0,102.9312550347893,131.40874410709756,90.0,102.9312550347893
26.319999999999528,-2.799999999981111,50.0,180.0,41.408744107097576,90.0,102.9312550347893,48.591255892902424,90.0,257.0687449652107
26.319999999999528,4.257792915623877,50.0,198.09654104934566,30.786442420529365,90.0,118.90424778549793,59.21355757947063,90.0,241.09575221450206
26.339999999999527,5.358267949764891,-50.0,196.88655851007212,31.068912577730895,90.0,117.7519732253211,121.0689125777309,90.0,132.75197322532108
26.339999999999527,-3.599999999981094,-50.0,180.0,41.65720594145471,90.0,102.9426563430202,131.65720594145472,90.0,102.9426563430202
26.339999999999527,-3.599999999981094,50.0,180.0,41.65720594145471,90.0,102.9426563430202,48.34279405854529,90.0,257.0573436569798
26.339999999999527,5.358267949764891,50.0,196.88655851007212,31.068912577730895,90.0,117.7519732253211,58.9310874222691,90.0,242.24802677467892
26.359999999999527,6.374239897463991,-50.0,195.4102648555537,31.492010661329672,90.00000000000001,116.3695563557816,121.49201066132967,89.99999999999999,131.36955635578158
26.359999999999527,-4.399999999981077,-50.0,180.0,41.904095939267044,90.0,102.95690871161005,131.90409593926705,90.0,102.95690871161005
26.359999999999527,-4.399999999981077,50.0,180.0,41.904095939267044,90.0,102.95690871161005,48.095904060732956,90.0,257.04309128839
26.359999999999527,6.374239897463991,50.0,195.4102648555537,31.492010661329672,90.00000000000001,116.3695563557816,58.50798933867033,90.00000000000001,243.63044364421842
26.379999999999526,7.289686274193748,-50.0,193.69094211861716,32.042726712752945,90.0,114.78992473287785,122.04272671275294,90.0,129.78992473287786
26.379999999999526,-5.19999999998106,-50.0,180.0,42.149403867803755,90.0,102.9740126307752,132.14940386780376,90.0,102.9740126307752
26.379999999999526,-5.19999999998106,50.0,180.0,42.149403867803755,90.0,102.9740126307752,47.850596132196245,90.0,257.0259873692248
26.379999999999526,7.289686274193748,50.0,193.69094211861716,32.042726712752945,90.0,114.78992473287785,57.957273287247055,90.0,245.21007526712214
26.399999999999526,8.090169943731972,-50.0,191.75570504589763,32.70695208116508,90.00000000000001,113.04810487212447,122.70695208116507,89.99999999999999,128.04810487212447
26.399999999999526,-5.999999999981043,-50.0,180.0,42.39311946612273,90.0,102.99396869012519,132.39311946612273,90.0,102.99396869012519
26.399999999999526,-5.999999999981043,50.0,180.0,42.39311946612273,90.0,102.99396869012519,47.60688053387727,90.0,257.0060313098748
26.399999999999526,8.090169943731972,50.0,191.75570504589763,32.70695208116508,90.00000000000001,113.04810487212447,57.29304791883492,90.00000000000001,246.95189512787553
26.419999999999526,8.763066800424276,-50.0,189.63507348208654,33.470130074840014,90.0,111.1798976938771,123.47013007484001,90.0,126.1798976938771
26.419999999999526,-6.799999999981026,-50.0,180.0,42.63523244701427,90.0,103.01677757940075,132.63523244701426,90.0,103.01677757940075
26.419999999999526,-6.799999999981026,50.0,180.0,42.63523244701427,90.0,103.01677757940075,47.36476755298573,90.0,256.98322242059925
26.419999999999526,8.763066800424276,50.0,189.63507348208654,33.470130074840014,90.0,111.1798976938771,56.529869925159986,90.0,248.82010230612292
26.439999999999525,9.297764858871533,-50.0,187.36249105374904,34.31773560496054,90.0,109.22084993503655,124.31773560496055,90.0,124.22084993503655
26.439999999999525,-7.599999999981009,-50.0,180.0,42.875732498866235,90.0,103.04244008933587,132.87573249886623,90.0,103.04244008933587
26.439999999999525,-7.599999999981009,50.0,180.0,42.875732498866235,90.0,103.04244008933587,47.124267501133765,90.0,256.95755991066414
26.439999999999525,9.297764858871533,50.0,187.36249105374904,34.31773560496054,90.0,109.22084993503655,55.68226439503946,90.0,250.77915006496346
26.459999999999525,9.685831611278886,-50.0,184.97379774335494,35.23558380597519,90.0,107.20551775931587,125.23558380597518,90.0,122.20551775931587
26.459999999999525,-8.399999999980992,-50.0,180.0,43.11460928744843,90.0,103.07095711264485,133.11460928744845,90.0,103.07095711264485
26.459999999999525,-8.399999999980992,50.0,180.0,43.11460928744843,90.0,103.07095711264485,46.88539071255157,90.0,256.92904288735514
26.459999999999525,9.685831611278886,50.0,184.97379774335494,35.23558380597519,90.0,107.20551775931587,54.76441619402481,90.0,252.79448224068415
26.479999999999524,9.921147013141033,-50.0,182.5066646713454,36.20998733762903,90.0,105.16698203828055,126.20998733762903,90.0,120.16698203828055
26.479999999999524,-9.199999999980975,-50.0,180.0,43.351852457614925,90.0,103.10232964513469,133.35185245761494,90.0,103.10232964513469
26.479999999999524,-9.199999999980975,50.0,180.0,43.351852457614925,90.0,103.10232964513469,46.648147542385075,90.0,256.89767035486534
26.479999999999524,9.921147013141033,50.0,182.5066646713454,36.20998733762903,90.0,105.16698203828055,53.79001266237097,90.0,254.83301796171946
26.499999999999524,10.0,-50.0,180.00000000005983,37.22779139517488,90.0,103.13655878699286,127.22779139517488,90.0,118.13655878699286
26.499999999999524,-9.999999999980957,-50.0,180.0,43.58745163492241,90.0,103.13655878694401,133.58745163492242,90.0,103.13655878694401
26.499999999999524,-9.999999999980957,50.0,180.0,43.58745163492241,90.0,103.13655878694401,46.41254836507759,90.0,256.863441213056
26.499999999999524,10.0,50.0,180.00000000005983,37.22779139517488,90.0,103.13655878699286,52.77220860482512,90.0,256.86344121300715
26.519999999999524,9.20000000001906,-50.0,180.0,37.500042656937424,90.0,103.10232964513627,127.50004265693742,90.0,118.10232964513627
26.519999999999524,-9.92114701314853,-50.0,182.50666467122667,42.43311260102171,90.00000000000001,105.16698203818345,132.43311260102172,89.99999999999999,105.16698203818345
26.519999999999524,-9.92114701314853,50.0,182.50666467122667,42.43311260102171,90.00000000000001,105.16698203818345,47.56688739897829,90.00000000000001,254.83301796181655
26.519999999999524,9.20000000001906,50.0,180.0,37.500042656937424,90.0,103.10232964513627,52.499957343062576,90.0,256.89767035486375
26.539999999999523,8.400000000019077,-50.0,180.0,37.77088010090248,90.0,103.07095711264627,127.77088010090247,90.0,118.07095711264627
26.539999999999523,-9.685831611293764,-50.0,184.97379774323906,41.23049657136918,90.0,107.20551775921909,131.23049657136917,90.0,107.20551775921909
26.539999999999523,-9.685831611293764,50.0,184.97379774323906,41.23049657136918,90.0,107.20551775921909,48.76950342863082,90.0,252.7944822407809
26.539999999999523,8.400000000019077,50.0,180.0,37.77088010090248,90.0,103.07095711264627,52.22911989909752,90.0,256.9290428873537
26.559999999999523,7.600000000019094,-50.0,180.0,38.04029426860183,90.0,103.04244008933715,128.04029426860183,90.0,118.04244008933715
26.559999999999523,-9.297764858893554,-50.0,187.3624910536378,39.99962033118515,90.0,109.22084993494171,129.99962033118516,90.0,109.22084993494171
26.559999999999523,-9.297764858893554,50.0,187.3624910536378,39.99962033118515,90.0,109.22084993494171,50.00037966881485,90.0,250.77915006505827
26.559999999999523,7.600000000019094,50.0,180.0,38.04029426860183,90.0,103.04244008933715,51.95970573139817,90.0,256.95755991066284
26.579999999999522,6.800000000019111,-50.0,180.0,38.30827563272135,90.0,103.01677757940189,128.30827563272135,90.0,118.01677757940189
26.579999999999522,-8.763066800453098,-50.0,189.6350734819817,38.76165984780209,90.0,111.1798976937857,128.7616598478021,90.0,111.1798976937857
26.579999999999522,-8.763066800453098,50.0,189.6350734819817,38.76165984780209,90.0,111.1798976937857,51.23834015219791,90.0,248.8201023062143
26.579999999999522,6.800000000019111,50.0,180.0,38.30827563272135,90.0,103.01677757940189,51.69172436727865,90.0,256.9832224205981
26.599999999999522,6.000000000019128,-50.0,180.0,38.57481460012938,90.0,102.9939686901262,128.57481460012937,90.0,117.9939686901262
26.599999999999522,-8.090169943767135,-50.0,191.75570504580085,37.538702542573276,90.00000000000001,113.04810487203828,127.53870254257328,89.99999999999999,113.04810487203828
26.599999999999522,-8.090169943767135,50.0,191.75570504580085,37.538702542573276,90.00000000000001,113.04810487203828,52.461297457426724,90.00000000000001,246.95189512796173
26.599999999999522,6.000000000019128,50.0,180.0,38.57481460012938,90.0,102.9939686901262,51.42518539987062,90.0,257.00603130987383
26.61999999999952,5.200000000019145,-50.0,180.0,38.839901514829585,90.0,102.97401263077607,128.8399015148296,90.0,117.97401263077607
26.61999999999952,-7.289686274234702,-50.0,193.69094211852993,36.353421051673536,90.0,114.78992473279847,126.35342105167354,90.0,114.78992473279847
26.61999999999952,-7.289686274234702,50.0,193.69094211852993,36.353421051673536,90.0,114.78992473279847,53.646578948326464,90.0,245.21007526720155
26.61999999999952,5.200000000019145,50.0,180.0,38.839901514829585,90.0,102.97401263077607,51.160098485170415,90.0,257.0259873692239
26.63999999999952,4.400000000019162,-50.0,180.0,39.10352666085527,90.0,102.9569087116108,129.10352666085527,90.0,117.9569087116108
26.63999999999952,-6.374239897510089,-50.0,195.4102648554774,35.22863719151198,90.0,116.36955635571083,125.22863719151198,90.0,116.36955635571083
26.63999999999952,-6.374239897510089,50.0,195.4102648554774,35.22863719151198,90.0,116.36955635571083,54.77136280848802,90.0,243.6304436442892
26.63999999999952,4.400000000019162,50.0,180.0,39.10352666085527,90.0,102.9569087116108,50.89647333914473,90.0,257.0430912883892
26.65999999999952,3.600000000019179,-50.0,180.0,39.365680265104096,90.0,102.94265634302079,129.3656802651041,90.0,117.94265634302079
26.65999999999952,-5.358267949815403,-50.0,196.886558510008,34.1867524106875,90.0,117.75197322526051,124.18675241068749,90.0,117.75197322526051
26.65999999999952,-5.358267949815403,50.0,196.886558510008,34.1867524106875,90.0,117.75197322526051,55.8132475893125,90.0,242.2480267747395
26.65999999999952,3.600000000019179,50.0,180.0,39.365680265104096,90.0,102.94265634302079,50.634319734895904,90.0,257.05734365697924
26.67999999999952,2.800000000019196,-50.0,180.0,39.626352500112226,90.0,102.93125503478979,129.62635250011223,90.0,117.93125503478979
26.67999999999952,-4.25779291567801,-50.0,198.0965410492947,33.249039765110176,90.0,118.90424778544906,123.24903976511018,90.0,118.90424778544906
26.67999999999952,-4.25779291567801,50.0,198.0965410492947,33.249039765110176,90.0,118.90424778544906,56.750960234889824,90.0,241.09575221455094
26.67999999999952,2.800000000019196,50.0,180.0,39.626352500112226,90.0,102.93125503478979,50.373647499887774,90.0,257.0687449652102
26.69999999999952,2.000000000019213,-50.0,180.0,39.88553348676659,90.0,102.92270439548055,129.88553348676658,90.0,117.92270439548055
26.69999999999952,-3.0901699437781778,-50.0,199.02113032588443,32.434823377191215,90.00000000000001,119.7971161091803,122.43482337719121,89.99999999999999,119.7971161091803
26.69999999999952,-3.0901699437781778,50.0,199.02113032588443,32.434823377191215,90.00000000000001,119.7971161091803,57.565176622808785,90.00000000000001,240.2028838908197
26.69999999999952,2.000000000019213,50.0,180.0,39.88553348676659,90.0,102.92270439548055,50.11446651323341,90.0,257.07729560451946
26.71999999999952,1.2000000000192301,-50.0,180.0,40.14321329695418,90.0,102.91700413194425,130.14321329695417,90.0,117.91700413194425
26.71999999999952,-1.8738131458869192,-50.0,199.64574501456246,31.760610659480612,90.0,120.40665142718466,121.76061065948062,90.0,120.40665142718466
26.71999999999952,-1.8738131458869192,50.0,199.64574501456246,31.760610659480612,90.0,120.40665142718466,58.23938934051939,90.0,239.59334857281533
26.71999999999952,1.2000000000192301,50.0,180.0,40.14321329695418,90.0,102.91700413194425,49.85678670304582,90.0,257.0829958680557
26.73999999999952,0.4000000000192472,-50.0,180.0,40.39938195614706,90.0,102.91415404895253,130.39938195614707,90.0,117.91415404895253
26.73999999999952,-0.6279051953233092,-50.0,199.96053456856163,31.239280013431266,90.0,120.71584368328408,121.23928001343127,90.0,120.71584368328408
26.73999999999952,-0.6279051953233092,50.0,199.96053456856163,31.239280013431266,90.0,120.71584368328408,58.76071998656873,90.0,239.28415631671592
26.73999999999952,0.4000000000192472,50.0,180.0,40.39938195614706,90.0,102.91415404895253,49.60061804385294,90.0,257.0858459510475
26.75999999999952,-0.39999999998073577,-50.0,180.0,40.65402944592186,90.0,102.91415404895245,130.65402944592185,90.0,117.91415404895245
26.75999999999952,0.6279051952629334,-50.0,199.96053456856924,30.879447014834632,90.0,120.71584368329158,120.87944701483462,90.0,120.71584368329158
26.75999999999952,0.6279051952629334,50.0,199.96053456856924,30.879447014834632,90.0,120.71584368329158,59.12055298516537,90.0,239.28415631670842
26.75999999999952,-0.39999999998073577,50.0,180.0,40.65402944592186,90.0,102.91415404895245,49.34597055407814,90.0,257.08584595104753
26.779999999999518,-1.1999999999807187,-50.0,180.0,40.907145706412315,90.0,102.91700413194404,130.9071457064123,90.0,117.91700413194404
26.779999999999518,1.8738131458274956,-50.0,199.64574501458512,30.68512134737594,90.0,120.40665142720684,120.68512134737594,90.0,120.40665142720684
26.779999999999518,1.8738131458274956,50.0,199.64574501458512,30.68512134737594,90.0,120.40665142720684,59.31487865262406,90.0,239.59334857279316
26.779999999999518,-1.1999999999807187,50.0,180.0,40.907145706412315,90.0,102.91700413194404,49.092854293587685,90.0,257.08299586805595
26.799999999999518,-1.9999999999807017,-50.0,180.0,41.158720638693715,90.0,102.92270439548021,131.15872063869372,90.0,117.92270439548021
26.799999999999518,3.090169943720644,-50.0,199.0211303259218,30.655721134927216,90.0,119.79711610921659,120.65572113492722,90.0,119.79711610921659
26.799999999999518,3.090169943720644,50.0,199.0211303259218,30.655721134927216,90.0,119.79711610921659,59.34427886507278,90.0,240.20288389078343
26.799999999999518,-1.9999999999807017,50.0,180.0,41.158720638693715,90.0,102.92270439548021,48.841279361306285,90.0,257.0772956045198
26.819999999999517,-2.7999999999806846,-50.0,180.0,41.408744107097434,90.0,102.9312550347893,131.40874410709745,90.0,117.9312550347893
26.819999999999517,4.257792915623274,-50.0,198.09654104934623,30.78644242052925,90.0,118.9042477854985,120.78644242052926,90.0,118.9042477854985
26.819999999999517,4.257792915623274,50.0,198.09654104934623,30.78644242052925,90.0,118.9042477854985,59.213557579470745,90.0,241.0957522145015
26.819999999999517,-2.7999999999806846,50.0,180.0,41.408744107097434,90.0,102.9312550347893,48.591255892902566,90.0,257.0687449652107
26.839999999999517,-3.5999999999806676,-50.0,180.0,41.657205941454585,90.0,102.94265634302018,131.65720594145458,90.0,117.94265634302018
26.839999999999517,5.358267949764325,-50.0,196.88655851007286,31.06891257773068,90.0,117.7519732253218,121.06891257773069,90.0,117.7519732253218
26.839999999999517,5.358267949764325,50.0,196.88655851007286,31.06891257773068,90.0,117.7519732253218,58.93108742226932,90.0,242.24802677467818
26.839999999999517,-3.5999999999806676,50.0,180.0,41.657205941454585,90.0,102.94265634302018,48.342794058545415,90.0,257.0573436569798
26.859999999999516,-4.3999999999806505,-50.0,180.0,41.9040959392669,90.0,102.95690871161005,131.9040959392669,90.0,117.95690871161005
26.859999999999516,6.374239897463479,-50.0,195.41026485555454,31.4920106613294,90.0,116.36955635578241,121.4920106613294,90.0,116.36955635578241
26.859999999999516,6.374239897463479,50.0,195.41026485555454,31.4920106613294,90.0,116.36955635578241,58.5079893386706,90.0,243.6304436442176
26.859999999999516,-4.3999999999806505,50.0,180.0,41.9040959392669,90.0,102.95690871161005,48.0959040607331,90.0,257.04309128839
26.879999999999516,-5.1999999999806334,-50.0,180.0,42.149403867803635,90.0,102.97401263077518,132.14940386780364,90.0,117.97401263077518
26.879999999999516,7.289686274193289,-50.0,193.69094211861812,32.04272671275263,90.0,114.78992473287872,122.04272671275262,90.0,114.78992473287872
26.879999999999516,7.289686274193289,50.0,193.69094211861812,32.04272671275263,90.0,114.78992473287872,57.95727328724737,90.0,245.21007526712128
26.879999999999516,-5.1999999999806334,50.0,180.0,42.149403867803635,90.0,102.97401263077518,47.850596132196365,90.0,257.0259873692248
26.899999999999515,-5.999999999980616,-50.0,180.0,42.393119466122606,90.0,102.99396869012516,132.3931194661226,90.0,117.99396869012516
26.899999999999515,8.090169943731578,-50.0,191.75570504589874,32.70695208116467,90.0,113.04810487212546,122.70695208116467,90.0,113.04810487212546
26.899999999999515,8.090169943731578,50.0,191.75570504589874,32.70695208116467,90.0,113.04810487212546,57.29304791883533,90.0,246.95189512787454
26.899999999999515,-5.999999999980616,50.0,180.0,42.393119466122606,90.0,102.99396869012516,47.606880533877394,90.0,257.00603130987486
26.919999999999515,-6.799999999980599,-50.0,180.0,42.63523244701415,90.0,103.01677757940072,132.63523244701415,90.0,118.01677757940072
26.919999999999515,8.763066800423953,-50.0,189.63507348208773,33.47013007483958,90.0,111.1798976938781,123.47013007483957,90.0,111.1798976938781
26.919999999999515,8.763066800423953,50.0,189.63507348208773,33.47013007483958,90.0,111.1798976938781,56.52986992516042,90.0,248.8201023061219
26.919999999999515,-6.799999999980599,50.0,180.0,42.63523244701415,90.0,103.01677757940072,47.36476755298585,90.0,256.9832224205993
26.939999999999515,-7.599999999980582,-50.0,180.0,42.87573249886612,90.0,103.04244008933584,132.8757324988661,90.0,118.04244008933584
26.939999999999515,9.297764858871286,-50.0,187.3624910537503,34.317735604960056,90.0,109.22084993503765,124.31773560496006,90.0,109.22084993503765
26.939999999999515,9.297764858871286,50.0,187.3624910537503,34.317735604960056,90.0,109.22084993503765,55.682264395039944,90.0,250.77915006496235
26.939999999999515,-7.599999999980582,50.0,180.0,42.87573249886612,90.0,103.04244008933584,47.12426750113388,90.0,256.95755991066414
26.959999999999514,-8.399999999980565,-50.0,180.0,43.1146092874483,90.0,103.07095711264483,133.1146092874483,90.0,118.07095711264483
26.959999999999514,9.685831611278719,-50.0,184.97379774335624,35.23558380597469,90.0,107.20551775931695,125.2355838059747,90.0,107.20551775931695
26.959999999999514,9.685831611278719,50.0,184.97379774335624,35.23558380597469,90.0,107.20551775931695,54.76441619402531,90.0,252.79448224068307
26.959999999999514,-8.399999999980565,50.0,180.0,43.1146092874483,90.0,103.07095711264483,46.8853907125517,90.0,256.9290428873552
26.979999999999514,-9.199999999980548,-50.0,180.0,43.351852457614804,90.0,103.10232964513467,133.3518524576148,90.0,118.10232964513467
26.979999999999514,9.92114701314095,-50.0,182.50666467134673,36.20998733762849,90.0,105.16698203828166,126.20998733762849,90.0,105.16698203828166
26.979999999999514,9.92114701314095,50.0,182.50666467134673,36.20998733762849,90.0,105.16698203828166,53.79001266237151,90.0,254.83301796171833
26.979999999999514,-9.199999999980548,50.0,180.0,43.351852457614804,90.0,103.10232964513467,46.648147542385196,90.0,256.89767035486534
26.999999999999513,-9.999999999980531,-50.0,180.0,43.58745163492228,90.0,103.13655878694398,133.58745163492227,90.0,118.13655878694398
26.999999999999513,10.0,-50.0,180.00000000006116,37.227791395174336,90.00000000000001,103.13655878699393,127.22779139517434,89.99999999999999,103.13655878699393
26.999999999999513,10.0,50.0,180.00000000006116,37.227791395174336,90.00000000000001,103.13655878699393,52.772208604825664,90.00000000000001,256.86344121300607
26.999999999999513,-9.999999999980531,50.0,180.0,43.58745163492228,90.0,103.13655878694398,46.41254836507772,90.0,256.86344121305603
27.019999999999513,-9.921147013148614,-50.0,182.50666467122534,42.433112601022344,90.0,105.16698203818235,132.43311260102234,90.0,120.16698203818235
27.019999999999513,9.200000000019486,-50.0,180.0,37.500042656937296,90.0,103.10232964513627,127.5000426569373,90.0,103.10232964513627
27.019999999999513,9.200000000019486,50.0,180.0,37.500042656937296,90.0,103.10232964513627,52.499957343062704,90.0,256.89767035486375
27.019999999999513,-9.921147013148614,50.0,182.50666467122534,42.433112601022344,90.0,105.16698203818235,47.566887398977656,90.0,254.83301796181763
27.039999999999512,-9.68583161129393,-50.0,184.97379774323775,41.23049657136982,90.0,107.20551775921803,131.23049657136983,90.0,122.20551775921803
27.039999999999512,8.400000000019503,-50.0,180.0,37.770880100902325,90.0,103.07095711264628,127.77088010090233,90.0,103.07095711264628
27.039999999999512,8.400000000019503,50.0,180.0,37.770880100902325,90.0,103.07095711264628,52.229119899097675,90.0,256.9290428873537
27.039999999999512,-9.68583161129393,50.0,184.97379774323775,41.23049657136982,90.0,107.20551775921803,48.76950342863018,90.0,252.79448224078197
27.059999999999512,-9.297764858893801,-50.0,187.36249105363655,39.99962033118582,90.0,109.22084993494066,129.9996203311858,90.0,124.22084993494066
27.059999999999512,7.60000000001952,-50.0,180.0,38.040294268601684,90.0,103.04244008933718,128.04029426860168,90.0,103.04244008933718
27.059999999999512,7.60000000001952,50.0,180.0,38.040294268601684,90.0,103.04244008933718,51.959705731398316,90.0,256.95755991066284
27.059999999999512,-9.297764858893801,50.0,187.36249105363655,39.99962033118582,90.0,109.22084993494066,50.00037966881418,90.0,250.77915006505935
27.07999999999951,-8.763066800453421,-50.0,189.63507348198053,38.761659847802754,90.0,111.17989769378468,128.76165984780275,90.0,126.17989769378468
27.07999999999951,6.800000000019537,-50.0,180.0,38.3082756327212,90.0,103.0167775794019,128.3082756327212,90.0,103.0167775794019
27.07999999999951,6.800000000019537,50.0,180.0,38.3082756327212,90.0,103.0167775794019,51.6917243672788,90.0,256.9832224205981
27.07999999999951,-8.763066800453421,50.0,189.63507348198053,38.761659847802754,90.0,111.17989769378468,51.238340152197246,90.0,248.82010230621532
27.09999999999951,-8.09016994376753,-50.0,191.75570504579977,37.53870254257392,90.0,113.04810487203731,127.53870254257393,90.0,128.0481048720373
27.09999999999951,6.000000000019554,-50.0,180.0,38.57481460012923,90.0,102.99396869012621,128.57481460012923,90.0,102.99396869012621
27.09999999999951,6.000000000019554,50.0,180.0,38.57481460012923,90.0,102.99396869012621,51.42518539987077,90.0,257.0060313098738
27.09999999999951,-8.09016994376753,50.0,191.75570504579977,37.53870254257392,90.0,113.04810487203731,52.46129745742608,90.0,246.9518951279627
27.11999999999951,-7.28968627423516,-50.0,193.69094211852894,36.353421051674154,90.0,114.7899247327976,126.35342105167416,90.0,129.7899247327976
27.11999999999951,5.200000000019571,-50.0,180.0,38.83990151482944,90.0,102.97401263077609,128.83990151482945,90.0,102.97401263077609
27.11999999999951,5.200000000019571,50.0,180.0,38.83990151482944,90.0,102.97401263077609,51.16009848517056,90.0,257.0259873692239
27.11999999999951,-7.28968627423516,50.0,193.69094211852894,36.353421051674154,90.0,114.7899247327976,53.646578948325846,90.0,245.2100752672024
27.13999999999951,-6.3742398975106065,-50.0,195.41026485547656,35.228637191512554,90.00000000000001,116.36955635571005,125.22863719151255,89.99999999999999,131.36955635571005
27.13999999999951,4.400000000019588,-50.0,180.0,39.10352666085513,90.0,102.9569087116108,129.10352666085512,90.0,102.9569087116108
27.13999999999951,4.400000000019588,50.0,180.0,39.10352666085513,90.0,102.9569087116108,50.89647333914487,90.0,257.0430912883892
27.13999999999951,-6.3742398975106065,50.0,195.41026485547656,35.228637191512554,90.00000000000001,116.36955635571005,54.771362808487446,90.00000000000001,243.63044364428995
27.15999999999951,-5.3582679498159695,-50.0,196.8865585100073,34.186752410688015,90.0,117.75197322525985,124.18675241068802,90.0,132.75197322525986
27.15999999999951,3.6000000000196053,-50.0,180.0,39.36568026510395,90.0,102.94265634302081,129.36568026510395,90.0,102.94265634302081
27.15999999999951,3.6000000000196053,50.0,180.0,39.36568026510395,90.0,102.94265634302081,50.63431973489605,90.0,257.0573436569792
27.15999999999951,-5.3582679498159695,50.0,196.8865585100073,34.186752410688015,90.0,117.75197322525985,55.813247589311985,90.0,242.24802677474014
27.17999999999951,-4.257792915678617,-50.0,198.09654104929413,33.249039765110645,90.0,118.90424778544849,123.24903976511064,90.0,133.9042477854485
27.17999999999951,2.8000000000196223,-50.0,180.0,39.62635250011209,90.0,102.93125503478979,129.6263525001121,90.0,102.93125503478979
27.17999999999951,2.8000000000196223,50.0,180.0,39.62635250011209,90.0,102.93125503478979,50.37364749988791,90.0,257.0687449652102
27.17999999999951,-4.257792915678617,50.0,198.09654104929413,33.249039765110645,90.0,118.90424778544849,56.750960234889355,90.0,241.0957522145515
27.19999999999951,-3.0901699437788133,-50.0,199.021130325884,32.43482337719162,90.0,119.79711610917987,122.43482337719162,90.0,134.79711610917985
27.19999999999951,2.0000000000196394,-50.0,180.0,39.88553348676645,90.0,102.92270439548055,129.88553348676646,90.0,102.92270439548055
27.19999999999951,2.0000000000196394,50.0,180.0,39.88553348676645,90.0,102.92270439548055,50.11446651323355,90.0,257.07729560451946
27.19999999999951,-3.0901699437788133,50.0,199.021130325884,32.43482337719162,90.0,119.79711610917987,57.56517662280838,90.0,240.20288389082015
27.21999999999951,-1.8738131458875755,-50.0,199.6457450145622,31.760610659480943,90.0,120.40665142718437,121.76061065948095,90.0,135.40665142718439
27.21999999999951,1.2000000000196565,-50.0,180.0,40.14321329695404,90.0,102.91700413194425,130.14321329695403,90.0,102.91700413194425
27.21999999999951,1.2000000000196565,50.0,180.0,40.14321329695404,90.0,102.91700413194425,49.85678670304596,90.0,257.0829958680557
27.21999999999951,-1.8738131458875755,50.0,199.6457450145622,31.760610659480943,90.0,120.40665142718437,58.239389340519054,90.0,239.59334857281561
27.239999999999508,-0.6279051953239762,-50.0,199.96053456856154,31.239280013431497,90.0,120.715843683284,121.2392800134315,90.0,135.715843683284
27.239999999999508,0.4000000000196735,-50.0,180.0,40.39938195614692,90.0,102.91415404895253,130.39938195614693,90.0,102.91415404895253
27.239999999999508,0.4000000000196735,50.0,180.0,40.39938195614692,90.0,102.91415404895253,49.60061804385308,90.0,257.0858459510475
27.239999999999508,-0.6279051953239762,50.0,199.96053456856154,31.239280013431497,90.0,120.715843683284,58.7607199865685,90.0,239.284156316716
27.259999999999508,0.6279051952622643,-50.0,199.9605345685693,30.879447014834795,90.0,120.71584368329164,120.8794470148348,90.0,135.71584368329164
27.259999999999508,-0.39999999998030944,-50.0,180.0,40.65402944592172,90.0,102.91415404895245,130.6540294459217,90.0,102.91415404895245
27.259999999999508,-0.39999999998030944,50.0,180.0,40.65402944592172,90.0,102.91415404895245,49.34597055407828,90.0,257.08584595104753
27.259999999999508,0.6279051952622643,50.0,199.9605345685693,30.879447014834795,90.0,120.71584368329164,59.120552985165205,90.0,239.28415631670836
27.279999999999507,1.873813145826837,-50.0,199.64574501458537,30.685121347376004,90.00000000000001,120.4066514272071,120.685121347376,89.99999999999999,135.4066514272071
27.279999999999507,-1.1999999999802924,-50.0,180.0,40.9071457064122,90.0,102.91700413194403,130.9071457064122,90.0,102.91700413194403
27.279999999999507,-1.1999999999802924,50.0,180.0,40.9071457064122,90.0,102.91700413194403,49.0928542935878,90.0,257.08299586805595
27.279999999999507,1.873813145826837,50.0,199.64574501458537,30.685121347376004,90.00000000000001,120.4066514272071,59.314878652623996,90.00000000000001,239.5933485727929
27.299999999999507,3.0901699437200056,-50.0,199.02113032592223,30.655721134927173,90.00000000000001,119.79711610921701,120.65572113492718,89.99999999999999,134.79711610921703
27.299999999999507,-1.9999999999802753,-50.0,180.0,41.15872063869359,90.0,102.92270439548018,131.15872063869358,90.0,102.92270439548018
27.299999999999507,-1.9999999999802753,50.0,180.0,41.15872063869359,90.0,102.92270439548018,48.84127936130641,90.0,257.0772956045198
27.299999999999507,3.0901699437200056,50.0,199.02113032592223,30.655721134927173,90.00000000000001,119.79711610921701,59.34427886507282,90.00000000000001,240.20288389078297
27.319999999999506,4.257792915622668,-50.0,198.0965410493468,30.786442420529145,90.0,118.90424778549902,120.78644242052914,90.0,133.90424778549902
27.319999999999506,-2.7999999999802583,-50.0,180.0,41.4087441070973,90.0,102.9312550347893,131.4087441070973,90.0,102.9312550347893
27.319999999999506,-2.7999999999802583,50.0,180.0,41.4087441070973,90.0,102.9312550347893,48.5912558929027,90.0,257.0687449652107
27.319999999999506,4.257792915622668,50.0,198.0965410493468,30.786442420529145,90.0,118.90424778549902,59.21355757947086,90.0,241.09575221450098
27.339999999999506,5.358267949763759,-50.0,196.88655851007357,31.068912577730487,90.00000000000001,117.7519732253225,121.06891257773049,89.99999999999999,132.7519732253225
27.339999999999506,-3.5999999999802412,-50.0,180.0,41.65720594145445,90.0,102.94265634302018,131.65720594145444,90.0,102.94265634302018
27.339999999999506,-3.5999999999802412,50.0,180.0,41.65720594145445,90.0,102.94265634302018,48.34279405854555,90.0,257.0573436569798
27.339999999999506,5.358267949763759,50.0,196.88655851007357,31.068912577730487,90.00000000000001,117.7519732253225,58.93108742226951,90.00000000000001,242.2480267746775
27.359999999999506,6.374239897462962,-50.0,195.4102648555554,31.492010661329132,90.0,116.36955635578322,121.49201066132913,90.0,131.36955635578323
27.359999999999506,-4.399999999980224,-50.0,180.0,41.90409593926677,90.0,102.95690871161005,131.90409593926677,90.0,102.95690871161005
27.359999999999506,-4.399999999980224,50.0,180.0,41.90409593926677,90.0,102.95690871161005,48.09590406073323,90.0,257.04309128839
27.359999999999506,6.374239897462962,50.0,195.4102648555554,31.492010661329132,90.0,116.36955635578322,58.50798933867087,90.0,243.63044364421677
27.379999999999505,7.28968627419283,-50.0,193.6909421186191,32.04272671275231,90.0,114.78992473287958,122.04272671275231,90.0,129.78992473287957
27.379999999999505,-5.199999999980207,-50.0,180.0,42.14940386780351,90.0,102.97401263077518,132.1494038678035,90.0,102.97401263077518
27.379999999999505,-5.199999999980207,50.0,180.0,42.14940386780351,90.0,102.97401263077518,47.85059613219649,90.0,257.0259873692248
27.379999999999505,7.28968627419283,50.0,193.6909421186191,32.04272671275231,90.0,114.78992473287958,57.95727328724769,90.0,245.21007526712043
27.399999999999505,8.090169943731183,-50.0,191.75570504589982,32.70695208116429,90.0,113.04810487212643,122.70695208116429,90.0,128.04810487212643
27.399999999999505,-5.99999999998019,-50.0,180.0,42.39311946612247,90.0,102.99396869012516,132.39311946612247,90.0,102.99396869012516
27.399999999999505,-5.99999999998019,50.0,180.0,42.39311946612247,90.0,102.99396869012516,47.60688053387753,90.0,257.00603130987486
27.399999999999505,8.090169943731183,50.0,191.75570504589982,32.70695208116429,90.0,113.04810487212643,57.29304791883571,90.0,246.95189512787357
27.419999999999504,8.763066800423632,-50.0,189.6350734820889,33.47013007483915,90.0,111.17989769387914,123.47013007483915,90.0,126.17989769387914
27.419999999999504,-6.799999999980173,-50.0,180.0,42.635232447014026,90.0,103.0167775794007,132.63523244701403,90.0,103.0167775794007
27.419999999999504,-6.799999999980173,50.0,180.0,42.635232447014026,90.0,103.0167775794007,47.364767552985974,90.0,256.9832224205993
27.419999999999504,8.763066800423632,50.0,189.6350734820889,33.47013007483915,90.0,111.17989769387914,56.52986992516085,90.0,248.82010230612087
27.439999999999504,9.297764858871037,-50.0,187.3624910537515,34.317735604959594,90.0,109.2208499350387,124.3177356049596,90.0,124.2208499350387
27.439999999999504,-7.599999999980156,-50.0,180.0,42.87573249886598,90.0,103.04244008933584,132.87573249886597,90.0,103.04244008933584
27.439999999999504,-7.599999999980156,50.0,180.0,42.87573249886598,90.0,103.04244008933584,47.12426750113402,90.0,256.95755991066414
27.439999999999504,9.297764858871037,50.0,187.3624910537515,34.317735604959594,90.0,109.2208499350387,55.682264395040406,90.0,250.7791500649613
27.459999999999503,9.685831611278552,-50.0,184.97379774335752,35.23558380597419,90.0,107.20551775931801,125.23558380597419,90.0,122.20551775931801
27.459999999999503,-8.399999999980139,-50.0,180.0,43.114609287448175,90.0,103.0709571126448,133.11460928744816,90.0,103.0709571126448
27.459999999999503,-8.399999999980139,50.0,180.0,43.114609287448175,90.0,103.0709571126448,46.885390712551825,90.0,256.9290428873552
27.459999999999503,9.685831611278552,50.0,184.97379774335752,35.23558380597419,90.0,107.20551775931801,54.76441619402581,90.0,252.794482240682
27.479999999999503,9.921147013140864,-50.0,182.50666467134803,36.209987337627986,90.0,105.16698203828271,126.20998733762798,90.0,120.16698203828271
27.479999999999503,-9.199999999980122,-50.0,180.0,43.351852457614676,90.0,103.10232964513467,133.35185245761468,90.0,103.10232964513467
27.479999999999503,-9.199999999980122,50.0,180.0,43.351852457614676,90.0,103.10232964513467,46.648147542385324,90.0,256.89767035486534
27.479999999999503,9.921147013140864,50.0,182.50666467134803,36.209987337627986,90.0,105.16698203828271,53.790012662372014,90.0,254.8330179617173
27.499999999999503,10.0,-50.0,180.0000000000625,37.22779139517378,90.0,103.136558786995,127.22779139517378,90.0,118.136558786995
27.499999999999503,-9.999999999980105,-50.0,180.0,43.58745163492216,90.0,103.13655878694397,133.58745163492216,90.0,103.13655878694397
27.499999999999503,-9.999999999980105,50.0,180.0,43.58745163492216,90.0,103.13655878694397,46.41254836507784,90.0,256.86344121305603
27.499999999999503,10.0,50.0,180.0000000000625,37.22779139517378,90.0,103.136558786995,52.77220860482622,90.0,256.863441213005
27.519999999999502,9.200000000019912,-50.0,180.0,37.50004265693714,90.0,103.1023296451363,127.50004265693714,90.0,118.1023296451363
27.519999999999502,-9.9211470131487,-50.0,182.50666467122403,42.433112601022955,90.0,105.1669820381813,132.43311260102297,90.0,105.1669820381813
27.519999999999502,-9.9211470131487,50.0,182.50666467122403,42.433112601022955,90.0,105.1669820381813,47.566887398977045,90.0,254.8330179618187
27.519999999999502,9.200000000019912,50.0,180.0,37.50004265693714,90.0,103.1023296451363,52.49995734306286,90.0,256.8976703548637
27.5399999999995,8.40000000001993,-50.0,180.0,37.77088010090218,90.0,103.07095711264631,127.77088010090219,90.0,118.07095711264631
27.5399999999995,-9.685831611294097,-50.0,184.97379774323645,41.23049657137049,90.00000000000001,107.20551775921693,131.23049657137048,89.99999999999999,107.20551775921693
27.5399999999995,-9.685831611294097,50.0,184.97379774323645,41.23049657137049,90.00000000000001,107.20551775921693,48.76950342862951,90.00000000000001,252.79448224078305
27.5399999999995,8.40000000001993,50.0,180.0,37.77088010090218,90.0,103.07095711264631,52.22911989909782,90.0,256.9290428873537
27.5599999999995,7.600000000019946,-50.0,180.0,38.04029426860153,90.0,103.04244008933719,128.04029426860154,90.0,118.04244008933719
27.5599999999995,-9.297764858894048,-50.0,187.3624910536353,39.999620331186485,90.0,109.22084993493955,129.9996203311865,90.0,109.22084993493955
27.5599999999995,-9.297764858894048,50.0,187.3624910536353,39.999620331186485,90.0,109.22084993493955,50.000379668813515,90.0,250.77915006506043
27.5599999999995,7.600000000019946,50.0,180.0,38.04029426860153,90.0,103.04244008933719,51.95970573139847,90.0,256.9575599106628
27.5799999999995,6.800000000019963,-50.0,180.0,38.30827563272106,90.0,103.0167775794019,128.30827563272106,90.0,118.0167775794019
27.5799999999995,-8.763066800453744,-50.0,189.63507348197933,38.76165984780341,90.0,111.17989769378364,128.7616598478034,90.0,111.17989769378364
27.5799999999995,-8.763066800453744,50.0,189.63507348197933,38.76165984780341,90.0,111.17989769378364,51.23834015219659,90.0,248.82010230621637
27.5799999999995,6.800000000019963,50.0,180.0,38.30827563272106,90.0,103.0167775794019,51.69172436727894,90.0,256.9832224205981
27.5999999999995,6.0000000000199805,-50.0,180.0,38.57481460012909,90.0,102.99396869012621,128.5748146001291,90.0,117.99396869012621
27.5999999999995,-8.090169943767922,-50.0,191.7557050457987,37.538702542574576,90.0,113.04810487203633,127.53870254257458,90.0,113.04810487203633
27.5999999999995,-8.090169943767922,50.0,191.7557050457987,37.538702542574576,90.0,113.04810487203633,52.461297457425424,90.0,246.95189512796367
27.5999999999995,6.0000000000199805,50.0,180.0,38.57481460012909,90.0,102.99396869012621,51.42518539987091,90.0,257.0060313098738
27.6199999999995,5.2000000000199975,-50.0,180.0,38.83990151482931,90.0,102.97401263077609,128.8399015148293,90.0,117.97401263077609
27.6199999999995,-7.289686274235619,-50.0,193.69094211852797,36.35342105167477,90.0,114.78992473279668,126.35342105167477,90.0,114.78992473279668
27.6199999999995,-7.289686274235619,50.0,193.69094211852797,36.35342105167477,90.0,114.78992473279668,53.64657894832523,90.0,245.2100752672033
27.6199999999995,5.2000000000199975,50.0,180.0,38.83990151482931,90.0,102.97401263077609,51.16009848517069,90.0,257.0259873692239
27.6399999999995,4.400000000020015,-50.0,180.0,39.103526660854996,90.0,102.95690871161082,129.10352666085498,90.0,117.95690871161082
27.6399999999995,-6.374239897511122,-50.0,195.4102648554757,35.22863719151314,90.0,116.36955635570924,125.22863719151314,90.0,116.36955635570924
27.6399999999995,-6.374239897511122,50.0,195.4102648554757,35.22863719151314,90.0,116.36955635570924,54.77136280848686,90.0,243.63044364429078
27.6399999999995,4.400000000020015,50.0,180.0,39.103526660854996,90.0,102.95690871161082,50.896473339145004,90.0,257.0430912883892
27.6599999999995,3.6000000000200316,-50.0,180.0,39.36568026510381,90.0,102.94265634302081,129.3656802651038,90.0,117.94265634302081
27.6599999999995,-5.358267949816533,-50.0,196.88655851000658,34.18675241068854,90.0,117.75197322525919,124.18675241068854,90.0,117.75197322525919
27.6599999999995,-5.358267949816533,50.0,196.88655851000658,34.18675241068854,90.0,117.75197322525919,55.81324758931146,90.0,242.24802677474082
27.6599999999995,3.6000000000200316,50.0,180.0,39.36568026510381,90.0,102.94265634302081,50.63431973489619,90.0,257.0573436569792
27.6799999999995,2.8000000000200487,-50.0,180.0,39.62635250011195,90.0,102.93125503478979,129.62635250011195,90.0,117.93125503478979
27.6799999999995,-4.257792915679222,-50.0,198.09654104929356,33.24903976511113,90.0,118.90424778544794,123.24903976511112,90.0,118.90424778544794
27.6799999999995,-4.257792915679222,50.0,198.09654104929356,33.24903976511113,90.0,118.90424778544794,56.75096023488887,90.0,241.09575221455208
27.6799999999995,2.8000000000200487,50.0,180.0,39.62635250011195,90.0,102.93125503478979,50.37364749988805,90.0,257.0687449652102
27.6999999999995,2.0000000000200657,-50.0,180.0,39.88553348676631,90.0,102.92270439548055,129.88553348676632,90.0,117.92270439548055
27.6999999999995,-3.090169943779451,-50.0,199.02113032588358,32.43482337719202,90.0,119.79711610917948,122.43482337719202,90.0,119.79711610917948
27.6999999999995,-3.090169943779451,50.0,199.02113032588358,32.43482337719202,90.0,119.79711610917948,57.56517662280798,90.0,240.20288389082052
27.6999999999995,2.0000000000200657,50.0,180.0,39.88553348676631,90.0,102.92270439548055,50.11446651323369,90.0,257.07729560451946
27.719999999999498,1.2000000000200828,-50.0,180.0,40.1432132969539,90.0,102.91700413194425,130.1432132969539,90.0,117.91700413194425
27.719999999999498,-1.8738131458882343,-50.0,199.64574501456195,31.76061065948127,90.0,120.40665142718412,121.76061065948127,90.0,120.40665142718412
27.719999999999498,-1.8738131458882343,50.0,199.64574501456195,31.76061065948127,90.0,120.40665142718412,58.23938934051873,90.0,239.5933485728159
27.719999999999498,1.2000000000200828,50.0,180.0,40.1432132969539,90.0,102.91700413194425,49.8567867030461,90.0,257.0829958680557
27.739999999999498,0.40000000002009983,-50.0,180.0,40.39938195614678,90.0,102.91415404895253,130.39938195614678,90.0,117.91415404895253
27.739999999999498,-0.6279051953246455,-50.0,199.96053456856146,31.23928001343173,90.0,120.71584368328392,121.23928001343174,90.0,120.71584368328392
27.739999999999498,-0.6279051953246455,50.0,199.96053456856146,31.23928001343173,90.0,120.71584368328392,58.76071998656827,90.0,239.28415631671606
27.739999999999498,0.40000000002009983,50.0,180.0,40.39938195614678,90.0,102.91415404895253,49.60061804385322,90.0,257.0858459510475
27.759999999999497,-0.3999999999798831,-50.0,180.0,40.65402944592158,90.0,102.91415404895245,130.6540294459216,90.0,117.91415404895245
27.759999999999497,0.6279051952615949,-50.0,199.96053456856941,30.879447014834916,90.00000000000001,120.71584368329177,120.87944701483491,89.99999999999999,120.71584368329177
27.759999999999497,0.6279051952615949,50.0,199.96053456856941,30.879447014834916,90.00000000000001,120.71584368329177,59.120552985165084,90.00000000000001,239.28415631670822
27.759999999999497,-0.3999999999798831,50.0,180.0,40.65402944592158,90.0,102.91415404895245,49.34597055407842,90.0,257.08584595104753
27.779999999999497,-1.199999999979866,-50.0,180.0,40.90714570641207,90.0,102.91700413194403,130.90714570641205,90.0,117.91700413194403
27.779999999999497,1.8738131458261802,-50.0,199.64574501458563,30.68512134737608,90.0,120.40665142720731,120.68512134737608,90.0,120.40665142720731
27.779999999999497,1.8738131458261802,50.0,199.64574501458563,30.68512134737608,90.0,120.40665142720731,59.31487865262392,90.0,239.5933485727927
27.779999999999497,-1.199999999979866,50.0,180.0,40.90714570641207,90.0,102.91700413194403,49.09285429358793,90.0,257.08299586805595
27.799999999999496,-1.999999999979849,-50.0,180.0,41.15872063869346,90.0,102.92270439548018,131.15872063869347,90.0,117.92270439548018
27.799999999999496,3.09016994371937,-50.0,199.02113032592263,30.65572113492714,90.0,119.79711610921743,120.65572113492715,90.0,119.79711610921743
27.799999999999496,3.09016994371937,50.0,199.02113032592263,30.65572113492714,90.0,119.79711610921743,59.34427886507286,90.0,240.20288389078257
27.799999999999496,-1.999999999979849,50.0,180.0,41.15872063869346,90.0,102.92270439548018,48.84127936130654,90.0,257.0772956045198
27.819999999999496,-2.799999999979832,-50.0,180.0,41.40874410709718,90.0,102.93125503478927,131.40874410709716,90.0,117.93125503478927
27.819999999999496,4.257792915622061,-50.0,198.09654104934737,30.78644242052903,90.0,118.90424778549959,120.78644242052903,90.0,118.90424778549959
27.819999999999496,4.257792915622061,50.0,198.09654104934737,30.78644242052903,90.0,118.90424778549959,59.21355757947097,90.0,241.0957522145004
27.819999999999496,-2.799999999979832,50.0,180.0,41.40874410709718,90.0,102.93125503478927,48.59125589290282,90.0,257.0687449652107
27.839999999999495,-3.599999999979815,-50.0,180.0,41.657205941454315,90.0,102.94265634302018,131.65720594145432,90.0,117.94265634302018
27.839999999999495,5.358267949763192,-50.0,196.88655851007428,31.06891257773031,90.00000000000001,117.75197322532316,121.06891257773032,89.99999999999999,117.75197322532316
27.839999999999495,5.358267949763192,50.0,196.88655851007428,31.06891257773031,90.00000000000001,117.75197322532316,58.93108742226969,90.00000000000001,242.24802677467684
27.839999999999495,-3.599999999979815,50.0,180.0,41.657205941454315,90.0,102.94265634302018,48.342794058545685,90.0,257.0573436569798
27.859999999999495,-4.399999999979798,-50.0,180.0,41.90409593926664,90.0,102.95690871161003,131.90409593926665,90.0,117.95690871161003
27.859999999999495,6.374239897462445,-50.0,195.41026485555625,31.49201066132885,90.0,116.36955635578404,121.49201066132885,90.0,116.36955635578404
27.859999999999495,6.374239897462445,50.0,195.41026485555625,31.49201066132885,90.0,116.36955635578404,58.50798933867115,90.0,243.63044364421597
27.859999999999495,-4.399999999979798,50.0,180.0,41.90409593926664,90.0,102.95690871161003,48.09590406073336,90.0,257.04309128839
27.879999999999495,-5.199999999979781,-50.0,180.0,42.14940386780338,90.0,102.97401263077515,132.1494038678034,90.0,117.97401263077515
27.879999999999495,7.289686274192374,-50.0,193.6909421186201,32.042726712751985,90.0,114.78992473288048,122.04272671275199,90.0,114.78992473288048
27.879999999999495,7.289686274192374,50.0,193.6909421186201,32.042726712751985,90.0,114.78992473288048,57.957273287248015,90.0,245.21007526711952
27.879999999999495,-5.199999999979781,50.0,180.0,42.14940386780338,90.0,102.97401263077515,47.85059613219662,90.0,257.0259873692248
27.899999999999494,-5.999999999979764,-50.0,180.0,42.39311946612234,90.0,102.99396869012513,132.39311946612236,90.0,117.99396869012513
27.899999999999494,8.090169943730789,-50.0,191.7557050459009,32.70695208116393,90.0,113.04810487212737,122.70695208116393,90.0,113.04810487212737
27.899999999999494,8.090169943730789,50.0,191.7557050459009,32.70695208116393,90.0,113.04810487212737,57.29304791883607,90.0,246.95189512787263
27.899999999999494,-5.999999999979764,50.0,180.0,42.39311946612234,90.0,102.99396869012513,47.60688053387766,90.0,257.00603130987486
27.919999999999494,-6.799999999979747,-50.0,180.0,42.63523244701389,90.0,103.0167775794007,132.6352324470139,90.0,118.0167775794007
27.919999999999494,8.76306680042331,-50.0,189.63507348209006,33.470130074838714,90.00000000000001,111.17989769388016,123.47013007483872,89.99999999999999,111.17989769388016
27.919999999999494,8.76306680042331,50.0,189.63507348209006,33.470130074838714,90.00000000000001,111.17989769388016,56.529869925161286,90.00000000000001,248.82010230611985
27.919999999999494,-6.799999999979747,50.0,180.0,42.63523244701389,90.0,103.0167775794007,47.36476755298611,90.0,256.9832224205993
27.939999999999493,-7.59999999997973,-50.0,180.0,42.87573249886585,90.0,103.04244008933583,132.87573249886586,90.0,118.04244008933583
27.939999999999493,9.297764858870792,-50.0,187.36249105375276,34.31773560495911,90.0,109.22084993503974,124.31773560495911,90.0,109.22084993503974
27.939999999999493,9.297764858870792,50.0,187.36249105375276,34.31773560495911,90.0,109.22084993503974,55.68226439504089,90.0,250.77915006496028
27.939999999999493,-7.59999999997973,50.0,180.0,42.87573249886585,90.0,103.04244008933583,47.12426750113415,90.0,256.95755991066414
27.959999999999493,-8.399999999979713,-50.0,180.0,43.11460928744805,90.0,103.0709571126448,133.11460928744805,90.0,118.0709571126448
27.959999999999493,9.685831611278386,-50.0,184.97379774335883,35.23558380597369,90.0,107.2055177593191,125.23558380597369,90.0,107.2055177593191
27.959999999999493,9.685831611278386,50.0,184.97379774335883,35.23558380597369,90.0,107.2055177593191,54.76441619402631,90.0,252.7944822406809
27.959999999999493,-8.399999999979713,50.0,180.0,43.11460928744805,90.0,103.0709571126448,46.88539071255195,90.0,256.9290428873552
27.979999999999492,-9.199999999979696,-50.0,180.0,43.35185245761455,90.0,103.10232964513465,133.35185245761454,90.0,118.10232964513465
27.979999999999492,9.92114701314078,-50.0,182.50666467134937,36.209987337627446,90.0,105.1669820382838,126.20998733762744,90.0,105.1669820382838
27.979999999999492,9.92114701314078,50.0,182.50666467134937,36.209987337627446,90.0,105.1669820382838,53.790012662372554,90.0,254.8330179617162
27.979999999999492,-9.199999999979696,50.0,180.0,43.35185245761455,90.0,103.10232964513465,46.64814754238545,90.0,256.89767035486534
27.999999999999492,-9.999999999979678,-50.0,180.0,43.58745163492203,90.0,103.13655878694395,133.58745163492205,90.0,118.13655878694395
27.999999999999492,10.0,-50.0,180.00000000006384,37.22779139517323,90.0,103.13655878699608,127.22779139517323,90.0,103.13655878699608
27.999999999999492,10.0,50.0,180.00000000006384,37.22779139517323,90.0,103.13655878699608,52.77220860482677,90.0,256.8634412130039
27.999999999999492,-9.999999999979678,50.0,180.0,43.58745163492203,90.0,103.13655878694395,46.41254836507797,90.0,256.86344121305603
28.01999999999949,-9.921147013148783,-50.0,182.5066646712227,42.433112601023595,90.00000000000001,105.16698203818021,132.4331126010236,89.99999999999999,120.16698203818021
28.01999999999949,9.200000000020339,-50.0,180.0,37.500042656937,90.0,103.10232964513632,127.500042656937,90.0,103.10232964513632
28.01999999999949,9.200000000020339,50.0,180.0,37.500042656937,90.0,103.10232964513632,52.499957343063,90.0,256.8976703548637
28.01999999999949,-9.921147013148783,50.0,182.5066646712227,42.433112601023595,90.00000000000001,105.16698203818021,47.566887398976405,90.00000000000001,254.8330179618198
28.03999999999949,-9.685831611294264,-50.0,184.97379774323517,41.23049657137111,90.0,107.20551775921588,131.2304965713711,90.0,122.20551775921588
28.03999999999949,8.400000000020356,-50.0,180.0,37.770880100902055,90.0,103.07095711264631,127.77088010090205,90.0,103.07095711264631
28.03999999999949,8.400000000020356,50.0,180.0,37.770880100902055,90.0,103.07095711264631,52.229119899097945,90.0,256.9290428873537
28.03999999999949,-9.685831611294264,50.0,184.97379774323517,41.23049657137111,90.0,107.20551775921588,48.76950342862889,90.0,252.79448224078413
28.05999999999949,-9.297764858894293,-50.0,187.36249105363405,39.999620331187145,90.0,109.22084993493851,129.99962033118715,90.0,124.22084993493851
28.05999999999949,7.600000000020373,-50.0,180.0,38.0402942686014,90.0,103.04244008933719,128.0402942686014,90.0,103.04244008933719
28.05999999999949,7.600000000020373,50.0,180.0,38.0402942686014,90.0,103.04244008933719,51.9597057313986,90.0,256.9575599106628
28.05999999999949,-9.297764858894293,50.0,187.36249105363405,39.999620331187145,90.0,109.22084993493851,50.000379668812855,90.0,250.7791500650615
28.07999999999949,-8.763066800454066,-50.0,189.63507348197817,38.76165984780406,90.0,111.17989769378264,128.76165984780405,90.0,126.17989769378264
28.07999999999949,6.80000000002039,-50.0,180.0,38.30827563272092,90.0,103.01677757940193,128.30827563272092,90.0,103.01677757940193
28.07999999999949,6.80000000002039,50.0,180.0,38.30827563272092,90.0,103.01677757940193,51.69172436727908,90.0,256.98322242059805
28.07999999999949,-8.763066800454066,50.0,189.63507348197817,38.76165984780406,90.0,111.17989769378264,51.23834015219594,90.0,248.82010230621736
28.09999999999949,-8.090169943768315,-50.0,191.75570504579758,37.53870254257523,90.0,113.04810487203535,127.53870254257524,90.0,128.04810487203537
28.09999999999949,6.000000000020407,-50.0,180.0,38.574814600128946,90.0,102.99396869012624,128.57481460012895,90.0,102.99396869012624
28.09999999999949,6.000000000020407,50.0,180.0,38.574814600128946,90.0,102.99396869012624,51.425185399871054,90.0,257.0060313098738
28.09999999999949,-8.090169943768315,50.0,191.75570504579758,37.53870254257523,90.0,113.04810487203535,52.46129745742477,90.0,246.95189512796463
28.11999999999949,-7.289686274236077,-50.0,193.690942118527,36.35342105167538,90.0,114.78992473279582,126.35342105167538,90.0,129.78992473279584
28.11999999999949,5.200000000020424,-50.0,180.0,38.839901514829165,90.0,102.97401263077612,128.83990151482917,90.0,102.97401263077612
28.11999999999949,5.200000000020424,50.0,180.0,38.839901514829165,90.0,102.97401263077612,51.160098485170835,90.0,257.0259873692239
28.11999999999949,-7.289686274236077,50.0,193.690942118527,36.35342105167538,90.0,114.78992473279582,53.64657894832462,90.0,245.21007526720416
28.13999999999949,-6.374239897511638,-50.0,195.41026485547485,35.22863719151371,90.0,116.36955635570847,125.22863719151371,90.0,131.36955635570848
28.13999999999949,4.400000000020441,-50.0,180.0,39.10352666085486,90.0,102.95690871161082,129.10352666085487,90.0,102.95690871161082
28.13999999999949,4.400000000020441,50.0,180.0,39.10352666085486,90.0,102.95690871161082,50.89647333914514,90.0,257.0430912883892
28.13999999999949,-6.374239897511638,50.0,195.41026485547485,35.22863719151371,90.0,116.36955635570847,54.77136280848629,90.0,243.63044364429152
28.15999999999949,-5.358267949817099,-50.0,196.88655851000587,34.18675241068907,90.0,117.75197322525852,124.18675241068907,90.0,132.75197322525852
28.15999999999949,3.600000000020458,-50.0,180.0,39.36568026510367,90.0,102.94265634302081,129.36568026510366,90.0,102.94265634302081
28.15999999999949,3.600000000020458,50.0,180.0,39.36568026510367,90.0,102.94265634302081,50.63431973489633,90.0,257.0573436569792
28.15999999999949,-5.358267949817099,50.0,196.88655851000587,34.18675241068907,90.0,117.75197322525852,55.81324758931093,90.0,242.24802677474148
28.179999999999488,-4.257792915679828,-50.0,198.096541049293,33.249039765111576,90.00000000000001,118.9042477854474,123.24903976511158,89.99999999999999,133.9042477854474
28.179999999999488,2.800000000020475,-50.0,180.0,39.626352500111814,90.0,102.93125503478979,129.6263525001118,90.0,102.93125503478979
28.179999999999488,2.800000000020475,50.0,180.0,39.626352500111814,90.0,102.93125503478979,50.373647499888186,90.0,257.0687449652102
28.179999999999488,-4.257792915679828,50.0,198.096541049293,33.249039765111576,90.00000000000001,118.9042477854474,56.750960234888424,90.00000000000001,241.0957522145526
28.199999999999488,-3.090169943780089,-50.0,199.02113032588318,32.43482337719244,90.0,119.79711610917903,122.43482337719243,90.0,134.79711610917903
28.199999999999488,2.000000000020492,-50.0,180.0,39.88553348676618,90.0,102.92270439548055,129.88553348676618,90.0,102.92270439548055
28.199999999999488,2.000000000020492,50.0,180.0,39.88553348676618,90.0,102.92270439548055,50.11446651323382,90.0,257.07729560451946
28.199999999999488,-3.090169943780089,50.0,199.02113032588318,32.43482337719244,90.0,119.79711610917903,57.56517662280756,90.0,240.20288389082097
28.219999999999487,-1.873813145888891,-50.0,199.6457450145617,31.760610659481593,90.00000000000001,120.40665142718386,121.76061065948159,89.99999999999999,135.40665142718387
28.219999999999487,1.200000000020509,-50.0,180.0,40.14321329695377,90.0,102.91700413194425,130.14321329695377,90.0,102.91700413194425
28.219999999999487,1.200000000020509,50.0,180.0,40.14321329695377,90.0,102.91700413194425,49.85678670304623,90.0,257.0829958680557
28.219999999999487,-1.873813145888891,50.0,199.6457450145617,31.760610659481593,90.00000000000001,120.40665142718386,58.23938934051841,90.00000000000001,239.59334857281613
28.239999999999487,-0.6279051953253124,-50.0,199.96053456856137,31.239280013431973,90.0,120.71584368328382,121.23928001343197,90.0,135.71584368328382
28.239999999999487,0.40000000002052616,-50.0,180.0,40.39938195614665,90.0,102.91415404895253,130.39938195614664,90.0,102.91415404895253
28.239999999999487,0.40000000002052616,50.0,180.0,40.39938195614665,90.0,102.91415404895253,49.60061804385335,90.0,257.0858459510475
28.239999999999487,-0.6279051953253124,50.0,199.96053456856137,31.239280013431973,90.0,120.71584368328382,58.76071998656803,90.0,239.28415631671618
28.259999999999486,0.627905195260928,-50.0,199.96053456856947,30.879447014835083,90.0,120.71584368329182,120.87944701483508,90.0,135.71584368329184
28.259999999999486,-0.3999999999794568,-50.0,180.0,40.65402944592145,90.0,102.91415404895245,130.65402944592145,90.0,102.91415404895245
28.259999999999486,-0.3999999999794568,50.0,180.0,40.65402944592145,90.0,102.91415404895245,49.34597055407855,90.0,257.08584595104753
28.259999999999486,0.627905195260928,50.0,199.96053456856947,30.879447014835083,90.0,120.71584368329182,59.12055298516492,90.0,239.28415631670816
28.279999999999486,1.8738131458255216,-50.0,199.64574501458588,30.685121347376132,90.0,120.40665142720755,120.68512134737614,90.0,135.40665142720755
28.279999999999486,-1.1999999999794397,-50.0,180.0,40.90714570641193,90.0,102.91700413194403,130.90714570641194,90.0,102.91700413194403
28.279999999999486,-1.1999999999794397,50.0,180.0,40.90714570641193,90.0,102.91700413194403,49.09285429358807,90.0,257.08299586805595
28.279999999999486,1.8738131458255216,50.0,199.64574501458588,30.685121347376132,90.0,120.40665142720755,59.31487865262387,90.0,239.59334857279245
28.299999999999486,3.0901699437187324,-50.0,199.02113032592305,30.655721134927123,90.0,119.79711610921781,120.65572113492712,90.0,134.79711610921782
28.299999999999486,-1.9999999999794227,-50.0,180.0,41.158720638693325,90.0,102.92270439548018,131.15872063869332,90.0,102.92270439548018
28.299999999999486,-1.9999999999794227,50.0,180.0,41.158720638693325,90.0,102.92270439548018,48.841279361306675,90.0,257.0772956045198
28.299999999999486,3.0901699437187324,50.0,199.02113032592305,30.655721134927123,90.0,119.79711610921781,59.34427886507288,90.0,240.20288389078218
28.319999999999485,4.2577929156214545,-50.0,198.09654104934793,30.786442420528928,90.0,118.90424778550012,120.78644242052893,90.0,133.9042477855001
28.319999999999485,-2.7999999999794056,-50.0,180.0,41.408744107097036,90.0,102.93125503478927,131.40874410709705,90.0,102.93125503478927
28.319999999999485,-2.7999999999794056,50.0,180.0,41.408744107097036,90.0,102.93125503478927,48.591255892902964,90.0,257.0687449652107
28.319999999999485,4.2577929156214545,50.0,198.09654104934793,30.786442420528928,90.0,118.90424778550012,59.21355757947107,90.0,241.0957522144999
28.339999999999485,5.358267949762631,-50.0,196.886558510075,31.068912577730124,90.0,117.75197322532382,121.06891257773012,90.0,132.7519732253238
28.339999999999485,-3.5999999999793886,-50.0,180.0,41.65720594145418,90.0,102.94265634302015,131.65720594145418,90.0,102.94265634302015
28.339999999999485,-3.5999999999793886,50.0,180.0,41.65720594145418,90.0,102.94265634302015,48.34279405854582,90.0,257.05734365697987
28.339999999999485,5.358267949762631,50.0,196.886558510075,31.068912577730124,90.0,117.75197322532382,58.931087422269876,90.0,242.2480267746762
28.359999999999484,6.374239897461928,-50.0,195.4102648555571,31.49201066132862,90.0,116.36955635578477,121.49201066132862,90.0,131.36955635578477
28.359999999999484,-4.3999999999793715,-50.0,180.0,41.904095939266504,90.0,102.95690871161003,131.9040959392665,90.0,102.95690871161003
28.359999999999484,-4.3999999999793715,50.0,180.0,41.904095939266504,90.0,102.95690871161003,48.095904060733496,90.0,257.04309128839
28.359999999999484,6.374239897461928,50.0,195.4102648555571,31.49201066132862,90.0,116.36955635578477,58.50798933867138,90.0,243.63044364421523
28.379999999999484,7.289686274191915,-50.0,193.69094211862105,32.042726712751666,90.0,114.78992473288136,122.04272671275166,90.0,129.78992473288136
28.379999999999484,-5.1999999999793545,-50.0,180.0,42.149403867803244,90.0,102.97401263077515,132.14940386780324,90.0,102.97401263077515
28.379999999999484,-5.1999999999793545,50.0,180.0,42.149403867803244,90.0,102.97401263077515,47.850596132196756,90.0,257.0259873692248
28.379999999999484,7.289686274191915,50.0,193.69094211862105,32.042726712751666,90.0,114.78992473288136,57.957273287248334,90.0,245.21007526711864
28.399999999999483,8.090169943730395,-50.0,191.75570504590198,32.706952081163536,90.0,113.04810487212833,122.70695208116354,90.0,128.04810487212833
28.399999999999483,-5.999999999979337,-50.0,180.0,42.39311946612221,90.0,102.99396869012513,132.39311946612222,90.0,102.99396869012513
28.399999999999483,-5.999999999979337,50.0,180.0,42.39311946612221,90.0,102.99396869012513,47.60688053387779,90.0,257.00603130987486
28.399999999999483,8.090169943730395,50.0,191.75570504590198,32.706952081163536,90.0,113.04810487212833,57.293047918836464,90.0,246.95189512787167
28.419999999999483,8.763066800422987,-50.0,189.63507348209123,33.470130074838295,90.0,111.17989769388117,123.4701300748383,90.0,126.17989769388117
28.419999999999483,-6.79999999997932,-50.0,180.0,42.63523244701376,90.0,103.01677757940068,132.63523244701378,90.0,103.01677757940068
28.419999999999483,-6.79999999997932,50.0,180.0,42.63523244701376,90.0,103.01677757940068,47.36476755298624,90.0,256.9832224205993
28.419999999999483,8.763066800422987,50.0,189.63507348209123,33.470130074838295,90.0,111.17989769388117,56.529869925161705,90.0,248.82010230611883
28.439999999999483,9.297764858870547,-50.0,187.362491053754,34.31773560495864,90.0,109.22084993504082,124.31773560495864,90.0,124.22084993504082
28.439999999999483,-7.599999999979303,-50.0,180.0,42.87573249886574,90.0,103.0424400893358,132.87573249886574,90.0,103.0424400893358
28.439999999999483,-7.599999999979303,50.0,180.0,42.87573249886574,90.0,103.0424400893358,47.12426750113426,90.0,256.9575599106642
28.439999999999483,9.297764858870547,50.0,187.362491053754,34.31773560495864,90.0,109.22084993504082,55.68226439504136,90.0,250.7791500649592
28.459999999999482,9.68583161127822,-50.0,184.97379774336014,35.235583805973164,90.0,107.2055177593202,125.23558380597316,90.0,122.2055177593202
28.459999999999482,-8.399999999979286,-50.0,180.0,43.11460928744792,90.0,103.07095711264478,133.11460928744793,90.0,103.07095711264478
28.459999999999482,-8.399999999979286,50.0,180.0,43.11460928744792,90.0,103.07095711264478,46.88539071255208,90.0,256.9290428873552
28.459999999999482,9.68583161127822,50.0,184.97379774336014,35.235583805973164,90.0,107.2055177593202,54.764416194026836,90.0,252.7944822406798
28.47999999999948,9.921147013140697,-50.0,182.5066646713507,36.2099873376269,90.00000000000001,105.16698203828491,126.2099873376269,89.99999999999999,120.16698203828491
28.47999999999948,-9.19999999997927,-50.0,180.0,43.351852457614434,90.0,103.10232964513463,133.35185245761443,90.0,103.10232964513463
28.47999999999948,-9.19999999997927,50.0,180.0,43.351852457614434,90.0,103.10232964513463,46.648147542385566,90.0,256.89767035486534
28.47999999999948,9.921147013140697,50.0,182.5066646713507,36.2099873376269,90.00000000000001,105.16698203828491,53.7900126623731,90.00000000000001,254.8330179617151
28.49999999999948,10.0,-50.0,180.0000000000652,37.227791395172666,90.0,103.13655878699717,127.22779139517266,90.0,118.13655878699717
28.49999999999948,-9.999999999979252,-50.0,180.0,43.5874516349219,90.0,103.13655878694395,133.5874516349219,90.0,103.13655878694395
28.49999999999948,-9.999999999979252,50.0,180.0,43.5874516349219,90.0,103.13655878694395,46.4125483650781,90.0,256.86344121305603
28.49999999999948,10.0,50.0,180.0000000000652,37.227791395172666,90.0,103.13655878699717,52.772208604827334,90.0,256.86344121300283
28.51999999999948,9.200000000020765,-50.0,180.0,37.50004265693685,90.0,103.10232964513634,127.50004265693684,90.0,118.10232964513634
28.51999999999948,-9.921147013148866,-50.0,182.50666467122136,42.433112601024234,90.0,105.1669820381791,132.43311260102422,90.0,105.1669820381791
28.51999999999948,-9.921147013148866,50.0,182.50666467122136,42.433112601024234,90.0,105.1669820381791,47.566887398975766,90.0,254.8330179618209
28.51999999999948,9.200000000020765,50.0,180.0,37.50004265693685,90.0,103.10232964513634,52.49995734306315,90.0,256.89767035486364
28.53999999999948,8.400000000020782,-50.0,180.0,37.7708801009019,90.0,103.07095711264634,127.7708801009019,90.0,118.07095711264634
28.53999999999948,-9.68583161129443,-50.0,184.97379774323386,41.23049657137177,90.0,107.20551775921479,131.23049657137176,90.0,107.20551775921479
28.53999999999948,-9.68583161129443,50.0,184.97379774323386,41.23049657137177,90.0,107.20551775921479,48.76950342862823,90.0,252.79448224078521
28.53999999999948,8.400000000020782,50.0,180.0,37.7708801009019,90.0,103.07095711264634,52.2291198990981,90.0,256.92904288735366
28.55999999999948,7.600000000020799,-50.0,180.0,38.04029426860126,90.0,103.04244008933722,128.04029426860126,90.0,118.04244008933722
28.55999999999948,-9.29776485889454,-50.0,187.3624910536328,39.9996203311878,90.0,109.22084993493746,129.9996203311878,90.0,109.22084993493746
28.55999999999948,-9.29776485889454,50.0,187.3624910536328,39.9996203311878,90.0,109.22084993493746,50.0003796688122,90.0,250.77915006506254
28.55999999999948,7.600000000020799,50.0,180.0,38.04029426860126,90.0,103.04244008933722,51.95970573139874,90.0,256.9575599106628
28.57999999999948,6.800000000020816,-50.0,180.0,38.308275632720786,90.0,103.01677757940193,128.30827563272078,90.0,118.01677757940193
28.57999999999948,-8.76306680045439,-50.0,189.635073481977,38.76165984780473,90.00000000000001,111.17989769378161,128.76165984780474,89.99999999999999,111.17989769378161
28.57999999999948,-8.76306680045439,50.0,189.635073481977,38.76165984780473,90.00000000000001,111.17989769378161,51.23834015219527,90.00000000000001,248.8201023062184
28.57999999999948,6.800000000020816,50.0,180.0,38.308275632720786,90.0,103.01677757940193,51.691724367279214,90.0,256.98322242059805
28.59999999999948,6.000000000020833,-50.0,180.0,38.57481460012881,90.0,102.99396869012625,128.5748146001288,90.0,117.99396869012625
28.59999999999948,-8.090169943768709,-50.0,191.7557050457965,37.53870254257586,90.0,113.0481048720344,127.53870254257586,90.0,113.0481048720344
28.59999999999948,-8.090169943768709,50.0,191.7557050457965,37.53870254257586,90.0,113.0481048720344,52.46129745742414,90.0,246.9518951279656
28.59999999999948,6.000000000020833,50.0,180.0,38.57481460012881,90.0,102.99396869012625,51.42518539987119,90.0,257.0060313098737
28.61999999999948,5.20000000002085,-50.0,180.0,38.83990151482903,90.0,102.97401263077612,128.83990151482902,90.0,117.97401263077612
28.61999999999948,-7.289686274236535,-50.0,193.69094211852604,36.35342105167601,90.00000000000001,114.78992473279493,126.35342105167601,89.99999999999999,114.78992473279493
28.61999999999948,-7.289686274236535,50.0,193.69094211852604,36.35342105167601,90.00000000000001,114.78992473279493,53.64657894832399,90.00000000000001,245.21007526720507
28.61999999999948,5.20000000002085,50.0,180.0,38.83990151482903,90.0,102.97401263077612,51.16009848517097,90.0,257.0259873692239
28.63999999999948,4.400000000020867,-50.0,180.0,39.10352666085472,90.0,102.95690871161082,129.10352666085473,90.0,117.95690871161082
28.63999999999948,-6.374239897512153,-50.0,195.410264855474,35.228637191514295,90.0,116.36955635570766,125.2286371915143,90.0,116.36955635570766
28.63999999999948,-6.374239897512153,50.0,195.410264855474,35.228637191514295,90.0,116.36955635570766,54.771362808485705,90.0,243.63044364429234
28.63999999999948,4.400000000020867,50.0,180.0,39.10352666085472,90.0,102.95690871161082,50.89647333914528,90.0,257.0430912883892
28.659999999999478,3.6000000000208843,-50.0,180.0,39.36568026510353,90.0,102.94265634302084,129.36568026510352,90.0,117.94265634302084
28.659999999999478,-5.358267949817663,-50.0,196.88655851000516,34.18675241068961,90.0,117.75197322525781,124.1867524106896,90.0,117.75197322525781
28.659999999999478,-5.358267949817663,50.0,196.88655851000516,34.18675241068961,90.0,117.75197322525781,55.81324758931039,90.0,242.2480267747422
28.659999999999478,3.6000000000208843,50.0,180.0,39.36568026510353,90.0,102.94265634302084,50.63431973489647,90.0,257.0573436569791
28.679999999999477,2.8000000000209013,-50.0,180.0,39.626352500111665,90.0,102.93125503478981,129.62635250011166,90.0,117.93125503478981
28.679999999999477,-4.257792915680433,-50.0,198.09654104929243,33.24903976511206,90.00000000000001,118.90424778544684,123.24903976511206,89.99999999999999,118.90424778544684
28.679999999999477,-4.257792915680433,50.0,198.09654104929243,33.24903976511206,90.00000000000001,118.90424778544684,56.75096023488794,90.00000000000001,241.09575221455316
28.679999999999477,2.8000000000209013,50.0,180.0,39.626352500111665,90.0,102.93125503478981,50.373647499888335,90.0,257.06874496521016
28.699999999999477,2.0000000000209184,-50.0,180.0,39.88553348676604,90.0,102.92270439548055,129.88553348676604,90.0,117.92270439548055
28.699999999999477,-3.0901699437807246,-50.0,199.02113032588278,32.434823377192785,90.00000000000001,119.79711610917872,122.43482337719279,89.99999999999999,119.79711610917872
28.699999999999477,-3.0901699437807246,50.0,199.02113032588278,32.434823377192785,90.00000000000001,119.79711610917872,57.565176622807215,90.00000000000001,240.20288389082128
28.699999999999477,2.0000000000209184,50.0,180.0,39.88553348676604,90.0,102.92270439548055,50.11446651323396,90.0,257.07729560451946
28.719999999999477,1.2000000000209354,-50.0,180.0,40.14321329695363,90.0,102.91700413194425,130.14321329695363,90.0,117.91700413194425
28.719999999999477,-1.8738131458895495,-50.0,199.64574501456144,31.760610659481916,90.0,120.40665142718362,121.76061065948191,90.0,120.40665142718362
28.719999999999477,-1.8738131458895495,50.0,199.64574501456144,31.760610659481916,90.0,120.40665142718362,58.23938934051809,90.0,239.59334857281638
28.719999999999477,1.2000000000209354,50.0,180.0,40.14321329695363,90.0,102.91700413194425,49.85678670304637,90.0,257.0829958680557
28.739999999999476,0.4000000000209525,-50.0,180.0,40.39938195614651,90.0,102.91415404895253,130.3993819561465,90.0,117.91415404895253
28.739999999999476,-0.6279051953259818,-50.0,199.9605345685613,31.2392800134322,90.00000000000001,120.71584368328375,121.2392800134322,89.99999999999999,120.71584368328375
28.739999999999476,-0.6279051953259818,50.0,199.9605345685613,31.2392800134322,90.00000000000001,120.71584368328375,58.7607199865678,90.00000000000001,239.28415631671623
28.739999999999476,0.4000000000209525,50.0,180.0,40.39938195614651,90.0,102.91415404895253,49.60061804385349,90.0,257.0858459510475
28.759999999999476,-0.39999999997903046,-50.0,180.0,40.65402944592132,90.0,102.91415404895245,130.6540294459213,90.0,117.91415404895245
28.759999999999476,0.6279051952602587,-50.0,199.96053456856956,30.87944701483523,90.0,120.7158436832919,120.87944701483522,90.0,120.7158436832919
28.759999999999476,0.6279051952602587,50.0,199.96053456856956,30.87944701483523,90.0,120.7158436832919,59.12055298516477,90.0,239.2841563167081
28.759999999999476,-0.39999999997903046,50.0,180.0,40.65402944592132,90.0,102.91415404895245,49.34597055407868,90.0,257.08584595104753
28.779999999999475,-1.1999999999790134,-50.0,180.0,40.9071457064118,90.0,102.91700413194403,130.9071457064118,90.0,117.91700413194403
28.779999999999475,1.873813145824863,-50.0,199.64574501458614,30.685121347376175,90.00000000000001,120.40665142720783,120.68512134737617,89.99999999999999,120.40665142720783
28.779999999999475,1.873813145824863,50.0,199.64574501458614,30.685121347376175,90.00000000000001,120.40665142720783,59.314878652623825,90.00000000000001,239.59334857279217
28.779999999999475,-1.1999999999790134,50.0,180.0,40.9071457064118,90.0,102.91700413194403,49.0928542935882,90.0,257.08299586805595
28.799999999999475,-1.9999999999789964,-50.0,180.0,41.15872063869318,90.0,102.92270439548018,131.15872063869318,90.0,117.92270439548018
28.799999999999475,3.090169943718097,-50.0,199.02113032592345,30.655721134927102,90.0,119.79711610921818,120.6557211349271,90.0,119.79711610921818
28.799999999999475,3.090169943718097,50.0,199.02113032592345,30.655721134927102,90.0,119.79711610921818,59.344278865072894,90.0,240.20288389078183
28.799999999999475,-1.9999999999789964,50.0,180.0,41.15872063869318,90.0,102.92270439548018,48.84127936130682,90.0,257.0772956045198
28.819999999999474,-2.7999999999789793,-50.0,180.0,41.40874410709691,90.0,102.93125503478927,131.4087441070969,90.0,117.93125503478927
28.819999999999474,4.257792915620848,-50.0,198.0965410493485,30.786442420528815,90.0,118.90424778550069,120.78644242052881,90.0,118.90424778550069
28.819999999999474,4.257792915620848,50.0,198.0965410493485,30.786442420528815,90.0,118.90424778550069,59.213557579471185,90.0,241.09575221449933
28.819999999999474,-2.7999999999789793,50.0,180.0,41.40874410709691,90.0,102.93125503478927,48.59125589290309,90.0,257.0687449652107
28.839999999999474,-3.5999999999789623,-50.0,180.0,41.657205941454045,90.0,102.94265634302015,131.65720594145404,90.0,117.94265634302015
28.839999999999474,5.358267949762064,-50.0,196.8865585100757,31.068912577729947,90.0,117.75197322532448,121.06891257772995,90.0,117.75197322532448
28.839999999999474,5.358267949762064,50.0,196.8865585100757,31.068912577729947,90.0,117.75197322532448,58.93108742227005,90.0,242.2480267746755
28.839999999999474,-3.5999999999789623,50.0,180.0,41.657205941454045,90.0,102.94265634302015,48.342794058545955,90.0,257.05734365697987
28.859999999999474,-4.399999999978945,-50.0,180.0,41.90409593926637,90.0,102.95690871161003,131.90409593926637,90.0,117.95690871161003
28.859999999999474,6.374239897461412,-50.0,195.41026485555795,31.492010661328354,90.0,116.36955635578559,121.49201066132835,90.0,116.36955635578559
28.859999999999474,6.374239897461412,50.0,195.41026485555795,31.492010661328354,90.0,116.36955635578559,58.50798933867165,90.0,243.6304436442144
28.859999999999474,-4.399999999978945,50.0,180.0,41.90409593926637,90.0,102.95690871161003,48.09590406073363,90.0,257.04309128839
28.879999999999473,-5.199999999978928,-50.0,180.0,42.14940386780311,90.0,102.97401263077515,132.1494038678031,90.0,117.97401263077515
28.879999999999473,7.289686274191456,-50.0,193.69094211862202,32.04272671275135,90.0,114.78992473288223,122.04272671275135,90.0,114.78992473288223
28.879999999999473,7.289686274191456,50.0,193.69094211862202,32.04272671275135,90.0,114.78992473288223,57.95727328724865,90.0,245.21007526711776
28.879999999999473,-5.199999999978928,50.0,180.0,42.14940386780311,90.0,102.97401263077515,47.85059613219689,90.0,257.0259873692248
28.899999999999473,-5.999999999978911,-50.0,180.0,42.39311946612209,90.0,102.99396869012512,132.39311946612207,90.0,117.99396869012512
28.899999999999473,8.090169943730004,-50.0,191.75570504590306,32.70695208116315,90.0,113.0481048721293,122.70695208116315,90.0,113.0481048721293
28.899999999999473,8.090169943730004,50.0,191.75570504590306,32.70695208116315,90.0,113.0481048721293,57.29304791883685,90.0,246.9518951278707
28.899999999999473,-5.999999999978911,50.0,180.0,42.39311946612209,90.0,102.99396869012512,47.60688053387791,90.0,257.00603130987486
28.919999999999472,-6.799999999978894,-50.0,180.0,42.63523244701363,90.0,103.01677757940068,132.63523244701364,90.0,118.01677757940068
28.919999999999472,8.763066800422664,-50.0,189.63507348209242,33.47013007483785,90.0,111.17989769388224,123.47013007483784,90.0,111.17989769388224
28.919999999999472,8.763066800422664,50.0,189.63507348209242,33.47013007483785,90.0,111.17989769388224,56.52986992516215,90.0,248.82010230611775
28.919999999999472,-6.799999999978894,50.0,180.0,42.63523244701363,90.0,103.01677757940068,47.36476755298637,90.0,256.9832224205993
28.939999999999472,-7.599999999978877,-50.0,180.0,42.875732498865595,90.0,103.0424400893358,132.8757324988656,90.0,118.0424400893358
28.939999999999472,9.2977648588703,-50.0,187.36249105375526,34.31773560495817,90.0,109.22084993504187,124.31773560495817,90.0,109.22084993504187
28.939999999999472,9.2977648588703,50.0,187.36249105375526,34.31773560495817,90.0,109.22084993504187,55.68226439504183,90.0,250.77915006495812
28.939999999999472,-7.599999999978877,50.0,180.0,42.875732498865595,90.0,103.0424400893358,47.124267501134405,90.0,256.9575599106642
28.95999999999947,-8.39999999997886,-50.0,180.0,43.114609287447806,90.0,103.07095711264476,133.11460928744782,90.0,118.07095711264476
28.95999999999947,9.685831611278052,-50.0,184.97379774336142,35.23558380597267,90.0,107.20551775932127,125.23558380597267,90.0,107.20551775932127
28.95999999999947,9.685831611278052,50.0,184.97379774336142,35.23558380597267,90.0,107.20551775932127,54.76441619402733,90.0,252.79448224067875
28.95999999999947,-8.39999999997886,50.0,180.0,43.114609287447806,90.0,103.07095711264476,46.885390712552194,90.0,256.92904288735525
28.97999999999947,-9.199999999978843,-50.0,180.0,43.3518524576143,90.0,103.1023296451346,133.3518524576143,90.0,118.1023296451346
28.97999999999947,9.921147013140613,-50.0,182.50666467135204,36.209987337626366,90.0,105.16698203828601,126.20998733762636,90.0,105.16698203828601
28.97999999999947,9.921147013140613,50.0,182.50666467135204,36.209987337626366,90.0,105.16698203828601,53.790012662373634,90.0,254.833017961714
28.97999999999947,-9.199999999978843,50.0,180.0,43.3518524576143,90.0,103.1023296451346,46.6481475423857,90.0,256.8976703548654
28.99999999999947,-9.999999999978826,-50.0,180.0,43.58745163492178,90.0,103.13655878694392,133.58745163492176,90.0,118.13655878694392
28.99999999999947,10.0,-50.0,180.00000000006654,37.22779139517212,90.0,103.13655878699825,127.22779139517212,90.0,103.13655878699825
28.99999999999947,10.0,50.0,180.00000000006654,37.22779139517212,90.0,103.13655878699825,52.77220860482788,90.0,256.86344121300175
28.99999999999947,-9.999999999978826,50.0,180.0,43.58745163492178,90.0,103.13655878694392,46.41254836507822,90.0,256.8634412130561
29.01999999999947,-9.92114701314895,-50.0,182.50666467122002,42.43311260102487,90.0,105.166982038178,132.43311260102487,90.0,120.166982038178
29.01999999999947,9.200000000021191,-50.0,180.0,37.500042656936714,90.0,103.10232964513634,127.50004265693671,90.0,103.10232964513634
29.01999999999947,9.200000000021191,50.0,180.0,37.500042656936714,90.0,103.10232964513634,52.499957343063286,90.0,256.89767035486364
29.01999999999947,-9.92114701314895,50.0,182.50666467122002,42.43311260102487,90.0,105.166982038178,47.56688739897513,90.0,254.833017961822
29.03999999999947,-9.685831611294596,-50.0,184.97379774323255,41.230496571372434,90.0,107.20551775921369,131.23049657137244,90.0,122.20551775921369
29.03999999999947,8.400000000021208,-50.0,180.0,37.77088010090175,90.0,103.07095711264635,127.77088010090175,90.0,103.07095711264635
29.03999999999947,8.400000000021208,50.0,180.0,37.77088010090175,90.0,103.07095711264635,52.22911989909825,90.0,256.92904288735366
29.03999999999947,-9.685831611294596,50.0,184.97379774323255,41.230496571372434,90.0,107.20551775921369,48.769503428627566,90.0,252.7944822407863
29.05999999999947,-9.297764858894787,-50.0,187.36249105363157,39.99962033118847,90.0,109.22084993493637,129.99962033118845,90.0,124.22084993493637
29.05999999999947,7.600000000021225,-50.0,180.0,38.040294268601116,90.0,103.04244008933722,128.04029426860112,90.0,103.04244008933722
29.05999999999947,7.600000000021225,50.0,180.0,38.040294268601116,90.0,103.04244008933722,51.959705731398884,90.0,256.9575599106628
29.05999999999947,-9.297764858894787,50.0,187.36249105363157,39.99962033118847,90.0,109.22084993493637,50.00037966881153,90.0,250.77915006506362
29.07999999999947,-8.76306680045471,-50.0,189.63507348197584,38.76165984780539,90.0,111.17989769378059,128.7616598478054,90.0,126.17989769378059
29.07999999999947,6.800000000021242,-50.0,180.0,38.308275632720644,90.0,103.01677757940195,128.30827563272064,90.0,103.01677757940195
29.07999999999947,6.800000000021242,50.0,180.0,38.308275632720644,90.0,103.01677757940195,51.691724367279356,90.0,256.98322242059805
29.07999999999947,-8.76306680045471,50.0,189.63507348197584,38.76165984780539,90.0,111.17989769378059,51.23834015219461,90.0,248.8201023062194
29.09999999999947,-8.090169943769103,-50.0,191.75570504579542,37.53870254257651,90.0,113.04810487203342,127.53870254257652,90.0,128.04810487203343
29.09999999999947,6.000000000021259,-50.0,180.0,38.57481460012868,90.0,102.99396869012625,128.5748146001287,90.0,102.99396869012625
29.09999999999947,6.000000000021259,50.0,180.0,38.57481460012868,90.0,102.99396869012625,51.42518539987132,90.0,257.0060313098737
29.09999999999947,-8.090169943769103,50.0,191.75570504579542,37.53870254257651,90.0,113.04810487203342,52.46129745742349,90.0,246.95189512796657
29.119999999999468,-7.289686274236994,-50.0,193.69094211852504,36.353421051676634,90.0,114.789924732794,126.35342105167663,90.0,129.78992473279402
29.119999999999468,5.2000000000212765,-50.0,180.0,38.83990151482888,90.0,102.97401263077613,128.83990151482888,90.0,102.97401263077613
29.119999999999468,5.2000000000212765,50.0,180.0,38.83990151482888,90.0,102.97401263077613,51.16009848517112,90.0,257.02598736922386
29.119999999999468,-7.289686274236994,50.0,193.69094211852504,36.353421051676634,90.0,114.789924732794,53.646578948323366,90.0,245.21007526720598
29.139999999999468,-6.374239897512669,-50.0,195.41026485547314,35.22863719151485,90.0,116.36955635570692,125.22863719151485,90.0,131.36955635570692
29.139999999999468,4.4000000000212935,-50.0,180.0,39.10352666085457,90.0,102.95690871161084,129.10352666085458,90.0,102.95690871161084
29.139999999999468,4.4000000000212935,50.0,180.0,39.10352666085457,90.0,102.95690871161084,50.89647333914543,90.0,257.0430912883892
29.139999999999468,-6.374239897512669,50.0,195.41026485547314,35.22863719151485,90.0,116.36955635570692,54.77136280848515,90.0,243.63044364429308
29.159999999999467,-5.358267949818229,-50.0,196.88655851000442,34.18675241069016,90.0,117.7519732252571,124.18675241069016,90.0,132.7519732252571
29.159999999999467,3.6000000000213106,-50.0,180.0,39.36568026510339,90.0,102.94265634302084,129.36568026510338,90.0,102.94265634302084
29.159999999999467,3.6000000000213106,50.0,180.0,39.36568026510339,90.0,102.94265634302084,50.63431973489661,90.0,257.0573436569791
29.159999999999467,-5.358267949818229,50.0,196.88655851000442,34.18675241069016,90.0,117.7519732252571,55.81324758930984,90.0,242.2480267747429
29.179999999999467,-4.257792915681041,-50.0,198.09654104929186,33.24903976511252,90.00000000000001,118.9042477854463,123.24903976511251,89.99999999999999,133.9042477854463
29.179999999999467,2.8000000000213277,-50.0,180.0,39.62635250011152,90.0,102.93125503478981,129.62635250011152,90.0,102.93125503478981
29.179999999999467,2.8000000000213277,50.0,180.0,39.62635250011152,90.0,102.93125503478981,50.37364749988848,90.0,257.06874496521016
29.179999999999467,-4.257792915681041,50.0,198.09654104929186,33.24903976511252,90.00000000000001,118.9042477854463,56.75096023488748,90.00000000000001,241.0957522145537
29.199999999999466,-3.0901699437813623,-50.0,199.02113032588235,32.43482337719321,90.0,119.79711610917826,122.43482337719321,90.0,134.79711610917826
29.199999999999466,2.0000000000213447,-50.0,180.0,39.88553348676591,90.0,102.92270439548055,129.8855334867659,90.0,102.92270439548055
29.199999999999466,2.0000000000213447,50.0,180.0,39.88553348676591,90.0,102.92270439548055,50.11446651323409,90.0,257.07729560451946
29.199999999999466,-3.0901699437813623,50.0,199.02113032588235,32.43482337719321,90.0,119.79711610917826,57.56517662280679,90.0,240.20288389082174
29.219999999999466,-1.8738131458902083,-50.0,199.6457450145612,31.760610659482243,90.0,120.40665142718336,121.76061065948224,90.0,135.40665142718336
29.219999999999466,1.2000000000213618,-50.0,180.0,40.1432132969535,90.0,102.91700413194425,130.1432132969535,90.0,102.91700413194425
29.219999999999466,1.2000000000213618,50.0,180.0,40.1432132969535,90.0,102.91700413194425,49.8567867030465,90.0,257.0829958680557
29.219999999999466,-1.8738131458902083,50.0,199.6457450145612,31.760610659482243,90.0,120.40665142718336,58.23938934051776,90.0,239.59334857281664
29.239999999999466,-0.6279051953266488,-50.0,199.96053456856123,31.239280013432417,90.0,120.7158436832837,121.23928001343242,90.0,135.7158436832837
29.239999999999466,0.4000000000213788,-50.0,180.0,40.39938195614638,90.0,102.91415404895253,130.39938195614639,90.0,102.91415404895253
29.239999999999466,0.4000000000213788,50.0,180.0,40.39938195614638,90.0,102.91415404895253,49.60061804385362,90.0,257.0858459510475
29.239999999999466,-0.6279051953266488,50.0,199.96053456856123,31.239280013432417,90.0,120.7158436832837,58.76071998656758,90.0,239.2841563167163
29.259999999999465,0.6279051952595917,-50.0,199.96053456856964,30.87944701483536,90.0,120.715843683292,120.87944701483536,90.0,135.715843683292
29.259999999999465,-0.39999999997860414,-50.0,180.0,40.654029445921175,90.0,102.91415404895245,130.65402944592117,90.0,102.91415404895245
29.259999999999465,-0.39999999997860414,50.0,180.0,40.654029445921175,90.0,102.91415404895245,49.345970554078825,90.0,257.08584595104753
29.259999999999465,0.6279051952595917,50.0,199.96053456856964,30.87944701483536,90.0,120.715843683292,59.120552985164636,90.0,239.284156316708
29.279999999999465,1.8738131458242067,-50.0,199.6457450145864,30.68512134737624,90.0,120.40665142720806,120.68512134737624,90.0,135.40665142720806
29.279999999999465,-1.199999999978587,-50.0,180.0,40.90714570641166,90.0,102.91700413194403,130.90714570641165,90.0,102.91700413194403
29.279999999999465,-1.199999999978587,50.0,180.0,40.90714570641166,90.0,102.91700413194403,49.09285429358834,90.0,257.08299586805595
29.279999999999465,1.8738131458242067,50.0,199.6457450145864,30.68512134737624,90.0,120.40665142720806,59.31487865262376,90.0,239.59334857279194
29.299999999999464,3.0901699437174592,-50.0,199.02113032592388,30.65572113492707,90.0,119.79711610921859,120.65572113492706,90.0,134.7971161092186
29.299999999999464,-1.99999999997857,-50.0,180.0,41.15872063869305,90.0,102.92270439548018,131.15872063869304,90.0,102.92270439548018
29.299999999999464,-1.99999999997857,50.0,180.0,41.15872063869305,90.0,102.92270439548018,48.84127936130695,90.0,257.0772956045198
29.299999999999464,3.0901699437174592,50.0,199.02113032592388,30.65572113492707,90.0,119.79711610921859,59.34427886507293,90.0,240.2028838907814
29.319999999999464,4.257792915620245,-50.0,198.09654104934907,30.786442420528704,90.0,118.90424778550121,120.7864424205287,90.0,133.9042477855012
29.319999999999464,-2.799999999978553,-50.0,180.0,41.40874410709677,90.0,102.93125503478927,131.40874410709677,90.0,102.93125503478927
29.319999999999464,-2.799999999978553,50.0,180.0,41.40874410709677,90.0,102.93125503478927,48.59125589290323,90.0,257.0687449652107
29.319999999999464,4.257792915620245,50.0,198.09654104934907,30.786442420528704,90.0,118.90424778550121,59.2135575794713,90.0,241.0957522144988
29.339999999999463,5.3582679497614984,-50.0,196.88655851007644,31.068912577729737,90.0,117.75197322532519,121.06891257772973,90.0,132.75197322532517
29.339999999999463,-3.599999999978536,-50.0,180.0,41.65720594145392,90.0,102.94265634302015,131.65720594145392,90.0,102.94265634302015
29.339999999999463,-3.599999999978536,50.0,180.0,41.65720594145392,90.0,102.94265634302015,48.34279405854608,90.0,257.05734365697987
29.339999999999463,5.3582679497614984,50.0,196.88655851007644,31.068912577729737,90.0,117.75197322532519,58.93108742227027,90.0,242.24802677467483
29.359999999999463,6.374239897460898,-50.0,195.4102648555588,31.492010661328088,90.0,116.36955635578637,121.4920106613281,90.0,131.36955635578636
29.359999999999463,-4.399999999978519,-50.0,180.0,41.904095939266256,90.0,102.95690871161,131.90409593926626,90.0,102.95690871161
29.359999999999463,-4.399999999978519,50.0,180.0,41.904095939266256,90.0,102.95690871161,48.095904060733744,90.0,257.04309128839
29.359999999999463,6.374239897460898,50.0,195.4102648555588,31.492010661328088,90.0,116.36955635578637,58.50798933867191,90.0,243.63044364421364
29.379999999999463,7.289686274190998,-50.0,193.690942118623,32.04272671275102,90.0,114.78992473288312,122.04272671275102,90.0,129.78992473288312
29.379999999999463,-5.199999999978502,-50.0,180.0,42.149403867802974,90.0,102.97401263077514,132.14940386780296,90.0,102.97401263077514
29.379999999999463,-5.199999999978502,50.0,180.0,42.149403867802974,90.0,102.97401263077514,47.850596132197026,90.0,257.0259873692249
29.379999999999463,7.289686274190998,50.0,193.690942118623,32.04272671275102,90.0,114.78992473288312,57.95727328724898,90.0,245.21007526711688
29.399999999999462,8.09016994372961,-50.0,191.75570504590414,32.70695208116277,90.0,113.04810487213028,122.70695208116277,90.0,128.0481048721303
29.399999999999462,-5.999999999978485,-50.0,180.0,42.39311946612195,90.0,102.99396869012512,132.39311946612196,90.0,102.99396869012512
29.399999999999462,-5.999999999978485,50.0,180.0,42.39311946612195,90.0,102.99396869012512,47.60688053387805,90.0,257.00603130987486
29.399999999999462,8.09016994372961,50.0,191.75570504590414,32.70695208116277,90.0,113.04810487213028,57.29304791883723,90.0,246.9518951278697
29.41999999999946,8.76306680042234,-50.0,189.6350734820936,33.47013007483743,90.0,111.17989769388322,123.47013007483743,90.0,126.17989769388322
29.41999999999946,-6.799999999978468,-50.0,180.0,42.635232447013514,90.0,103.01677757940065,132.63523244701352,90.0,103.01677757940065
29.41999999999946,-6.799999999978468,50.0,180.0,42.635232447013514,90.0,103.01677757940065,47.364767552986486,90.0,256.98322242059936
29.41999999999946,8.76306680042234,50.0,189.6350734820936,33.47013007483743,90.0,111.17989769388322,56.52986992516257,90.0,248.82010230611678
29.43999999999946,9.297764858870053,-50.0,187.36249105375651,34.317735604957704,90.0,109.22084993504292,124.3177356049577,90.0,124.22084993504292
29.43999999999946,-7.599999999978451,-50.0,180.0,42.875732498865474,90.0,103.04244008933578,132.8757324988655,90.0,103.04244008933578
29.43999999999946,-7.599999999978451,50.0,180.0,42.875732498865474,90.0,103.04244008933578,47.124267501134526,90.0,256.9575599106642
29.43999999999946,9.297764858870053,50.0,187.36249105375651,34.317735604957704,90.0,109.22084993504292,55.682264395042296,90.0,250.7791500649571
29.45999999999946,9.685831611277887,-50.0,184.97379774336272,35.235583805972155,90.0,107.20551775932239,125.23558380597215,90.0,122.20551775932239
29.45999999999946,-8.399999999978434,-50.0,180.0,43.11460928744767,90.0,103.07095711264476,133.11460928744768,90.0,103.07095711264476
29.45999999999946,-8.399999999978434,50.0,180.0,43.11460928744767,90.0,103.07095711264476,46.88539071255233,90.0,256.92904288735525
29.45999999999946,9.685831611277887,50.0,184.97379774336272,35.235583805972155,90.0,107.20551775932239,54.764416194027845,90.0,252.7944822406776
29.47999999999946,9.921147013140528,-50.0,182.50666467135335,36.209987337625854,90.0,105.16698203828706,126.20998733762585,90.0,120.16698203828706
29.47999999999946,-9.199999999978417,-50.0,180.0,43.351852457614164,90.0,103.1023296451346,133.35185245761417,90.0,103.1023296451346
29.47999999999946,-9.199999999978417,50.0,180.0,43.351852457614164,90.0,103.1023296451346,46.648147542385836,90.0,256.8976703548654
29.47999999999946,9.921147013140528,50.0,182.50666467135335,36.209987337625854,90.0,105.16698203828706,53.790012662374146,90.0,254.83301796171293
29.49999999999946,10.0,-50.0,180.00000000006787,37.22779139517158,90.0,103.1365587869993,127.22779139517158,90.0,118.1365587869993
29.49999999999946,-9.9999999999784,-50.0,180.0,43.587451634921656,90.0,103.1365587869439,133.58745163492165,90.0,103.1365587869439
29.49999999999946,-9.9999999999784,50.0,180.0,43.587451634921656,90.0,103.1365587869439,46.412548365078344,90.0,256.8634412130561
29.49999999999946,10.0,50.0,180.00000000006787,37.22779139517158,90.0,103.1365587869993,52.77220860482842,90.0,256.86344121300067
29.51999999999946,9.200000000021618,-50.0,180.0,37.50004265693657,90.0,103.10232964513635,127.50004265693657,90.0,118.10232964513635
29.51999999999946,-9.921147013149035,-50.0,182.50666467121872,42.43311260102548,90.0,105.16698203817694,132.43311260102547,90.0,105.16698203817694
29.51999999999946,-9.921147013149035,50.0,182.50666467121872,42.43311260102548,90.0,105.16698203817694,47.56688739897452,90.0,254.83301796182306
29.51999999999946,9.200000000021618,50.0,180.0,37.50004265693657,90.0,103.10232964513635,52.49995734306343,90.0,256.89767035486364
29.53999999999946,8.400000000021635,-50.0,180.0,37.7708801009016,90.0,103.07095711264637,127.77088010090159,90.0,118.07095711264637
29.53999999999946,-9.685831611294763,-50.0,184.97379774323127,41.23049657137307,90.0,107.20551775921263,131.23049657137307,90.0,107.20551775921263
29.53999999999946,-9.685831611294763,50.0,184.97379774323127,41.23049657137307,90.0,107.20551775921263,48.76950342862693,90.0,252.79448224078737
29.53999999999946,8.400000000021635,50.0,180.0,37.7708801009016,90.0,103.07095711264637,52.2291198990984,90.0,256.9290428873536
29.55999999999946,7.600000000021652,-50.0,180.0,38.04029426860098,90.0,103.04244008933725,128.04029426860097,90.0,118.04244008933725
29.55999999999946,-9.297764858895034,-50.0,187.36249105363032,39.99962033118912,90.00000000000001,109.22084993493533,129.99962033118913,89.99999999999999,109.22084993493533
29.55999999999946,-9.297764858895034,50.0,187.36249105363032,39.99962033118912,90.00000000000001,109.22084993493533,50.00037966881088,90.00000000000001,250.77915006506467
29.55999999999946,7.600000000021652,50.0,180.0,38.04029426860098,90.0,103.04244008933725,51.95970573139902,90.0,256.9575599106628
29.57999999999946,6.800000000021669,-50.0,180.0,38.308275632720495,90.0,103.01677757940197,128.3082756327205,90.0,118.01677757940197
29.57999999999946,-8.763066800455034,-50.0,189.63507348197464,38.76165984780605,90.0,111.17989769377957,128.76165984780604,90.0,111.17989769377957
29.57999999999946,-8.763066800455034,50.0,189.63507348197464,38.76165984780605,90.0,111.17989769377957,51.23834015219395,90.0,248.82010230622043
29.57999999999946,6.800000000021669,50.0,180.0,38.308275632720495,90.0,103.01677757940197,51.691724367279505,90.0,256.98322242059805
29.599999999999458,6.000000000021686,-50.0,180.0,38.57481460012852,90.0,102.99396869012628,128.57481460012852,90.0,117.99396869012628
29.599999999999458,-8.090169943769496,-50.0,191.75570504579434,37.538702542577155,90.0,113.04810487203247,127.53870254257716,90.0,113.04810487203247
29.599999999999458,-8.090169943769496,50.0,191.75570504579434,37.538702542577155,90.0,113.04810487203247,52.461297457422845,90.0,246.95189512796753
29.599999999999458,6.000000000021686,50.0,180.0,38.57481460012852,90.0,102.99396869012628,51.42518539987148,90.0,257.0060313098737
29.619999999999457,5.200000000021703,-50.0,180.0,38.839901514828746,90.0,102.97401263077613,128.83990151482874,90.0,117.97401263077613
29.619999999999457,-7.289686274237452,-50.0,193.69094211852408,36.353421051677245,90.00000000000001,114.78992473279315,126.35342105167724,89.99999999999999,114.78992473279315
29.619999999999457,-7.289686274237452,50.0,193.69094211852408,36.353421051677245,90.00000000000001,114.78992473279315,53.646578948322755,90.00000000000001,245.21007526720683
29.619999999999457,5.200000000021703,50.0,180.0,38.839901514828746,90.0,102.97401263077613,51.160098485171254,90.0,257.02598736922386
29.639999999999457,4.40000000002172,-50.0,180.0,39.103526660854435,90.0,102.95690871161084,129.10352666085444,90.0,117.95690871161084
29.639999999999457,-6.374239897513185,-50.0,195.4102648554723,35.22863719151543,90.0,116.3695563557061,125.22863719151543,90.0,116.3695563557061
29.639999999999457,-6.374239897513185,50.0,195.4102648554723,35.22863719151543,90.0,116.3695563557061,54.77136280848457,90.0,243.6304436442939
29.639999999999457,4.40000000002172,50.0,180.0,39.103526660854435,90.0,102.95690871161084,50.896473339145565,90.0,257.0430912883892
29.659999999999457,3.600000000021737,-50.0,180.0,39.36568026510325,90.0,102.94265634302084,129.36568026510326,90.0,117.94265634302084
29.659999999999457,-5.358267949818796,-50.0,196.8865585100037,34.18675241069067,90.0,117.75197322525645,124.18675241069067,90.0,117.75197322525645
29.659999999999457,-5.358267949818796,50.0,196.8865585100037,34.18675241069067,90.0,117.75197322525645,55.81324758930933,90.0,242.24802677474355
29.659999999999457,3.600000000021737,50.0,180.0,39.36568026510325,90.0,102.94265634302084,50.63431973489675,90.0,257.0573436569791
29.679999999999456,2.800000000021754,-50.0,180.0,39.62635250011139,90.0,102.93125503478981,129.62635250011138,90.0,117.93125503478981
29.679999999999456,-4.2577929156816445,-50.0,198.0965410492913,33.24903976511297,90.0,118.9042477854458,123.24903976511297,90.0,118.9042477854458
29.679999999999456,-4.2577929156816445,50.0,198.0965410492913,33.24903976511297,90.0,118.9042477854458,56.75096023488703,90.0,241.09575221455418
29.679999999999456,2.800000000021754,50.0,180.0,39.62635250011139,90.0,102.93125503478981,50.37364749988861,90.0,257.06874496521016
29.699999999999456,2.000000000021771,-50.0,180.0,39.88553348676576,90.0,102.92270439548057,129.88553348676575,90.0,117.92270439548057
29.699999999999456,-3.090169943781998,-50.0,199.02113032588193,32.43482337719361,90.0,119.79711610917785,122.43482337719361,90.0,119.79711610917785
29.699999999999456,-3.090169943781998,50.0,199.02113032588193,32.43482337719361,90.0,119.79711610917785,57.56517662280639,90.0,240.20288389082214
29.699999999999456,2.000000000021771,50.0,180.0,39.88553348676576,90.0,102.92270439548057,50.11446651323424,90.0,257.07729560451946
29.719999999999455,1.200000000021788,-50.0,180.0,40.14321329695336,90.0,102.91700413194425,130.14321329695338,90.0,117.91700413194425
29.719999999999455,-1.8738131458908647,-50.0,199.64574501456096,31.76061065948254,90.0,120.40665142718315,121.76061065948254,90.0,120.40665142718315
29.719999999999455,-1.8738131458908647,50.0,199.64574501456096,31.76061065948254,90.0,120.40665142718315,58.23938934051746,90.0,239.59334857281686
29.719999999999455,1.200000000021788,50.0,180.0,40.14321329695336,90.0,102.91700413194425,49.85678670304664,90.0,257.0829958680557
29.739999999999455,0.40000000002180514,-50.0,180.0,40.39938195614624,90.0,102.91415404895253,130.39938195614624,90.0,117.91415404895253
29.739999999999455,-0.627905195327318,-50.0,199.96053456856112,31.23928001343265,90.00000000000001,120.71584368328362,121.23928001343265,89.99999999999999,120.71584368328362
29.739999999999455,-0.627905195327318,50.0,199.96053456856112,31.23928001343265,90.00000000000001,120.71584368328362,58.76071998656735,90.00000000000001,239.28415631671638
29.739999999999455,0.40000000002180514,50.0,180.0,40.39938195614624,90.0,102.91415404895253,49.60061804385376,90.0,257.0858459510475
29.759999999999454,-0.3999999999781778,-50.0,180.0,40.65402944592104,90.0,102.91415404895245,130.65402944592103,90.0,117.91415404895245
29.759999999999454,0.6279051952589223,-50.0,199.96053456856973,30.879447014835527,90.0,120.71584368329206,120.87944701483553,90.0,120.71584368329206
29.759999999999454,0.6279051952589223,50.0,199.96053456856973,30.879447014835527,90.0,120.71584368329206,59.12055298516447,90.0,239.28415631670794
29.759999999999454,-0.3999999999781778,50.0,180.0,40.65402944592104,90.0,102.91415404895245,49.34597055407896,90.0,257.08584595104753
29.779999999999454,-1.1999999999781608,-50.0,180.0,40.90714570641152,90.0,102.91700413194403,130.9071457064115,90.0,117.91700413194403
29.779999999999454,1.873813145823548,-50.0,199.64574501458662,30.68512134737631,90.0,120.40665142720829,120.68512134737631,90.0,120.40665142720829
29.779999999999454,1.873813145823548,50.0,199.64574501458662,30.68512134737631,90.0,120.40665142720829,59.31487865262369,90.0,239.5933485727917
29.779999999999454,-1.1999999999781608,50.0,180.0,40.90714570641152,90.0,102.91700413194403,49.09285429358848,90.0,257.08299586805595
29.799999999999454,-1.9999999999781437,-50.0,180.0,41.15872063869292,90.0,102.92270439548018,131.15872063869293,90.0,117.92270439548018
29.799999999999454,3.090169943716821,-50.0,199.02113032592428,30.655721134927052,90.00000000000001,119.797116109219,120.65572113492705,89.99999999999999,119.797116109219
29.799999999999454,3.090169943716821,50.0,199.02113032592428,30.655721134927052,90.00000000000001,119.797116109219,59.34427886507295,90.00000000000001,240.20288389078098
29.799999999999454,-1.9999999999781437,50.0,180.0,41.15872063869292,90.0,102.92270439548018,48.84127936130708,90.0,257.0772956045198
29.819999999999453,-2.7999999999781267,-50.0,180.0,41.40874410709664,90.0,102.93125503478925,131.40874410709665,90.0,117.93125503478925
29.819999999999453,4.257792915619638,-50.0,198.09654104934964,30.786442420528584,90.0,118.90424778550178,120.78644242052859,90.0,118.90424778550178
29.819999999999453,4.257792915619638,50.0,198.09654104934964,30.786442420528584,90.0,118.90424778550178,59.21355757947141,90.0,241.09575221449822
29.819999999999453,-2.7999999999781267,50.0,180.0,41.40874410709664,90.0,102.93125503478925,48.59125589290336,90.0,257.0687449652107
29.839999999999453,-3.5999999999781096,-50.0,180.0,41.657205941453796,90.0,102.94265634302015,131.6572059414538,90.0,117.94265634302015
29.839999999999453,5.358267949760932,-50.0,196.88655851007715,31.06891257772956,90.0,117.75197322532586,121.06891257772956,90.0,117.75197322532586
29.839999999999453,5.358267949760932,50.0,196.88655851007715,31.06891257772956,90.0,117.75197322532586,58.93108742227044,90.0,242.24802677467414
29.839999999999453,-3.5999999999781096,50.0,180.0,41.657205941453796,90.0,102.94265634302015,48.342794058546204,90.0,257.05734365697987
29.859999999999452,-4.3999999999780925,-50.0,180.0,41.904095939266114,90.0,102.95690871161,131.9040959392661,90.0,117.95690871161
29.859999999999452,6.374239897460382,-50.0,195.41026485555966,31.492010661327832,90.00000000000001,116.36955635578717,121.49201066132784,89.99999999999999,116.36955635578717
29.859999999999452,6.374239897460382,50.0,195.41026485555966,31.492010661327832,90.00000000000001,116.36955635578717,58.50798933867217,90.00000000000001,243.63044364421285
29.859999999999452,-4.3999999999780925,50.0,180.0,41.904095939266114,90.0,102.95690871161,48.095904060733886,90.0,257.04309128839
29.879999999999452,-5.1999999999780755,-50.0,180.0,42.14940386780284,90.0,102.97401263077514,132.14940386780285,90.0,117.97401263077514
29.879999999999452,7.2896862741905375,-50.0,193.69094211862398,32.04272671275069,90.0,114.789924732884,122.04272671275069,90.0,114.789924732884
29.879999999999452,7.2896862741905375,50.0,193.69094211862398,32.04272671275069,90.0,114.789924732884,57.95727328724931,90.0,245.210075267116
29.879999999999452,-5.1999999999780755,50.0,180.0,42.14940386780284,90.0,102.97401263077514,47.85059613219716,90.0,257.0259873692249
29.89999999999945,-5.999999999978058,-50.0,180.0,42.39311946612183,90.0,102.9939686901251,132.39311946612185,90.0,117.9939686901251
29.89999999999945,8.090169943729215,-50.0,191.75570504590524,32.706952081162385,90.0,113.04810487213126,122.70695208116238,90.0,113.04810487213126
29.89999999999945,8.090169943729215,50.0,191.75570504590524,32.706952081162385,90.0,113.04810487213126,57.293047918837615,90.0,246.95189512786874
29.89999999999945,-5.999999999978058,50.0,180.0,42.39311946612183,90.0,102.9939686901251,47.60688053387817,90.0,257.0060313098749
29.91999999999945,-6.799999999978041,-50.0,180.0,42.63523244701338,90.0,103.01677757940064,132.63523244701338,90.0,118.01677757940064
29.91999999999945,8.763066800422019,-50.0,189.63507348209475,33.470130074837,90.0,111.17989769388424,123.470130074837,90.0,111.17989769388424
29.91999999999945,8.763066800422019,50.0,189.63507348209475,33.470130074837,90.0,111.17989769388424,56.529869925163,90.0,248.82010230611576
29.91999999999945,-6.799999999978041,50.0,180.0,42.63523244701338,90.0,103.01677757940064,47.36476755298662,90.0,256.98322242059936
29.93999999999945,-7.599999999978024,-50.0,180.0,42.87573249886534,90.0,103.04244008933578,132.87573249886535,90.0,118.04244008933578
29.93999999999945,9.297764858869806,-50.0,187.36249105375776,34.31773560495723,90.0,109.22084993504401,124.31773560495722,90.0,109.22084993504401
29.93999999999945,9.297764858869806,50.0,187.36249105375776,34.31773560495723,90.0,109.22084993504401,55.68226439504277,90.0,250.77915006495599
29.93999999999945,-7.599999999978024,50.0,180.0,42.87573249886534,90.0,103.04244008933578,47.12426750113466,90.0,256.9575599106642
29.95999999999945,-8.399999999978007,-50.0,180.0,43.11460928744754,90.0,103.07095711264473,133.11460928744754,90.0,118.07095711264473
29.95999999999945,9.68583161127772,-50.0,184.973797743364,35.23558380597165,90.0,107.20551775932346,125.23558380597166,90.0,107.20551775932346
29.95999999999945,9.68583161127772,50.0,184.973797743364,35.23558380597165,90.0,107.20551775932346,54.76441619402835,90.0,252.79448224067653
29.95999999999945,-8.399999999978007,50.0,180.0,43.11460928744754,90.0,103.07095711264473,46.88539071255246,90.0,256.92904288735525
29.97999999999945,-9.19999999997799,-50.0,180.0,43.351852457614044,90.0,103.10232964513457,133.35185245761403,90.0,118.10232964513457
29.97999999999945,9.921147013140445,-50.0,182.50666467135468,36.209987337625314,90.00000000000001,105.16698203828815,126.20998733762531,89.99999999999999,105.16698203828815
29.97999999999945,9.921147013140445,50.0,182.50666467135468,36.209987337625314,90.00000000000001,105.16698203828815,53.790012662374686,90.00000000000001,254.83301796171185
29.97999999999945,-9.19999999997799,50.0,180.0,43.351852457614044,90.0,103.10232964513457,46.648147542385956,90.0,256.89767035486545
