time (s),target_x (mm),target_y (mm),target_z (mm),joint_hip (deg),joint_shoulder (deg),joint_knee (deg),servo_hip (deg),servo_shoulder (deg),servo_knee (deg)
0.0,-2.5,-50.0,180.0,41.315167763465,90.0,102.92771450016991,131.315167763465,90.0,117.92771450016991
0.0,2.5,-50.0,180.0,39.72372065798645,90.0,102.92771450016991,129.72372065798646,90.0,102.92771450016991
0.0,2.5,50.0,180.0,39.72372065798645,90.0,102.92771450016991,50.27627934201355,90.0,257.07228549983006
0.0,-2.5,50.0,180.0,41.315167763465,90.0,102.92771450016991,48.684832236535,90.0,257.07228549983006
0.02,-2.4802867532861947,-50.0,182.50666467128607,40.2110052230766,90.0,104.9595866824604,130.2110052230766,90.0,119.9595866824604
0.02,2.3,-50.0,180.0,39.78851600160707,90.0,102.92557684320502,129.78851600160706,90.0,102.92557684320502
0.02,2.3,50.0,180.0,39.78851600160707,90.0,102.92557684320502,50.21148399839293,90.0,257.074423156795
0.02,-2.4802867532861947,50.0,182.50666467128607,40.2110052230766,90.0,104.9595866824604,49.7889947769234,90.0,255.04041331753962
0.04,-2.4214579028215777,-50.0,184.9737977432971,39.08960679846061,90.00000000000001,107.00580152046787,129.0896067984606,89.99999999999999,122.00580152046787
0.04,2.0999999999999996,-50.0,180.0,39.85321775496852,90.0,102.92361734039967,129.8532177549685,90.0,102.92361734039967
0.04,2.0999999999999996,50.0,180.0,39.85321775496852,90.0,102.92361734039967,50.14678224503148,90.0,257.0763826596003
0.04,-2.4214579028215777,50.0,184.9737977432971,39.08960679846061,90.00000000000001,107.00580152046787,50.91039320153939,90.00000000000001,252.99419847953214
0.06,-2.3244412147206286,-50.0,187.36249105369356,37.968636021973126,90.0,109.03467899428695,127.96863602197313,90.0,124.03467899428695
0.06,1.8999999999999995,-50.0,180.0,39.91782576275425,90.0,102.92183598755705,129.91782576275426,90.0,102.92183598755705
0.06,1.8999999999999995,50.0,180.0,39.91782576275425,90.0,102.92183598755705,50.08217423724575,90.0,257.0781640124429
0.06,-2.3244412147206286,50.0,187.36249105369356,37.968636021973126,90.0,109.03467899428695,52.031363978026874,90.0,250.96532100571307
0.08,-2.190766700109659,-50.0,189.6350734820343,36.86686047711942,90.0,111.01242995841531,126.86686047711942,90.0,126.01242995841531
0.08,1.7000000000000004,-50.0,180.0,39.982339869465214,90.0,102.92023278086282,129.98233986946522,90.0,102.92023278086282
0.08,1.7000000000000004,50.0,180.0,39.982339869465214,90.0,102.92023278086282,50.017660130534786,90.0,257.0797672191372
0.08,-2.190766700109659,50.0,189.6350734820343,36.86686047711942,90.0,111.01242995841531,53.13313952288058,90.0,248.9875700415847
0.1,-2.0225424859373686,-50.0,191.75570504584945,35.80397358149666,90.0,112.90346053638606,125.80397358149666,90.0,127.90346053638606
0.1,1.5000000000000002,-50.0,180.0,40.04675991942235,90.0,102.91880771688503,130.04675991942236,90.0,102.91880771688503
0.1,1.5000000000000002,50.0,180.0,40.04675991942235,90.0,102.91880771688503,49.95324008057765,90.0,257.081192283115
0.1,-2.0225424859373686,50.0,191.75570504584945,35.80397358149666,90.0,112.90346053638606,54.19602641850334,90.0,247.09653946361394
0.12000000000000001,-1.822421568553529,-50.0,193.6909421185738,34.800314168288516,90.0,114.67088691011652,124.80031416828851,90.0,129.6708869101165
0.12000000000000001,1.3,-50.0,180.0,40.11108575676906,90.0,102.91756079257364,130.11108575676906,90.0,102.91756079257364
0.12000000000000001,1.3,50.0,180.0,40.11108575676906,90.0,102.91756079257364,49.88891424323094,90.0,257.0824392074264
0.12000000000000001,-1.822421568553529,50.0,193.6909421185738,34.800314168288516,90.0,114.67088691011652,55.199685831711484,90.0,245.3291130898835
0.14,-1.5935599743717241,-50.0,195.41026485551578,33.8764506821414,90.0,116.27732237113095,123.87645068214141,90.0,131.27732237113094
0.14,1.0999999999999999,-50.0,180.0,40.17531722547362,90.0,102.91649200526047,130.17531722547363,90.0,102.91649200526047
0.14,1.0999999999999999,50.0,180.0,40.17531722547362,90.0,102.91649200526047,49.82468277452638,90.0,257.08350799473953
0.14,-1.5935599743717241,50.0,195.41026485551578,33.8764506821414,90.0,116.27732237113095,56.1235493178586,90.0,243.72267762886906
0.16,-1.3395669874474914,-50.0,196.8865585100403,33.05260456924838,90.0,117.68598324106475,123.05260456924839,90.0,132.68598324106475
0.16,0.8999999999999997,-50.0,180.0,40.2394541693317,90.0,102.91560135265883,130.2394541693317,90.0,102.91560135265883
0.16,0.8999999999999997,50.0,180.0,40.2394541693317,90.0,102.91560135265883,49.7605458306683,90.0,257.0843986473412
0.16,-1.3395669874474914,50.0,196.8865585100403,33.05260456924838,90.0,117.68598324106475,56.94739543075162,90.0,242.31401675893525
0.18,-1.0644482289126818,-50.0,198.0965410493204,32.34790739763176,90.0,118.86212179041135,122.34790739763176,90.0,133.86212179041135
0.18,0.7000000000000006,-50.0,180.0,40.30349643196877,90.0,102.91488883286344,130.30349643196877,90.0,102.91488883286344
0.18,0.7000000000000006,50.0,180.0,40.30349643196877,90.0,102.91488883286344,49.69650356803123,90.0,257.0851111671366
0.18,-1.0644482289126818,50.0,198.0965410493204,32.34790739763176,90.0,118.86212179041135,57.65209260236824,90.0,241.13787820958865
0.19999999999999998,-0.7725424859373686,-50.0,199.02113032590307,31.779520052870733,90.0,119.7747293481371,121.77952005287074,90.0,134.7747293481371
0.19999999999999998,0.5000000000000004,-50.0,180.0,40.36744385684241,90.0,102.91435444435028,130.3674438568424,90.0,102.91435444435028
0.19999999999999998,0.5000000000000004,50.0,180.0,40.36744385684241,90.0,102.91435444435028,49.63255614315759,90.0,257.0856455556497
0.19999999999999998,-0.7725424859373686,50.0,199.02113032590307,31.779520052870733,90.0,119.7747293481371,58.22047994712926,90.0,240.2252706518629
0.21999999999999997,-0.46845328646431234,-50.0,199.64574501457378,31.36168633968255,90.0,120.39836842605678,121.36168633968255,90.0,135.39836842605678
0.21999999999999997,0.30000000000000027,-50.0,180.0,40.43129628724494,90.0,102.91399818597642,130.43129628724495,90.0,102.91399818597642
0.21999999999999997,0.30000000000000027,50.0,180.0,40.43129628724494,90.0,102.91399818597642,49.56870371275506,90.0,257.0860018140236
0.21999999999999997,-0.46845328646431234,50.0,199.64574501457378,31.36168633968255,90.0,120.39836842605678,58.63831366031745,90.0,239.60163157394322
0.23999999999999996,-0.15697629882328437,-50.0,199.96053456856544,31.10483615931638,90.00000000000001,120.7149105933217,121.10483615931638,89.99999999999999,135.7149105933217
0.23999999999999996,0.10000000000000009,-50.0,180.0,40.4950535663055,90.0,102.91382005697997,130.4950535663055,90.0,102.91382005697997
0.23999999999999996,0.10000000000000009,50.0,180.0,40.4950535663055,90.0,102.91382005697997,49.5049464336945,90.0,257.08617994302006
0.23999999999999996,-0.15697629882328437,50.0,199.96053456856544,31.10483615931638,90.00000000000001,120.7149105933217,58.89516384068362,90.00000000000001,239.2850894066783
0.25999999999999995,0.1569762988232824,-50.0,199.96053456856544,31.014877632470725,90.00000000000001,120.7149105933217,121.01487763247073,89.99999999999999,135.7149105933217
0.25999999999999995,-0.10000000000000009,-50.0,180.0,40.55871553699268,90.0,102.91382005697997,130.55871553699268,90.0,102.91382005697997
0.25999999999999995,-0.10000000000000009,50.0,180.0,40.55871553699268,90.0,102.91382005697997,49.44128446300732,90.0,257.08617994302006
0.25999999999999995,0.1569762988232824,50.0,199.96053456856544,31.014877632470725,90.00000000000001,120.7149105933217,58.98512236752927,90.00000000000001,239.2850894066783
0.27999999999999997,0.46845328646431095,-50.0,199.64574501457378,31.092806610207113,90.0,120.39836842605678,121.0928066102071,90.0,135.39836842605678
0.27999999999999997,-0.30000000000000027,-50.0,180.0,40.62228204211669,90.0,102.91399818597642,130.6222820421167,90.0,102.91399818597642
0.27999999999999997,-0.30000000000000027,50.0,180.0,40.62228204211669,90.0,102.91399818597642,49.37771795788331,90.0,257.0860018140236
0.27999999999999997,0.46845328646431095,50.0,199.64574501457378,31.092806610207113,90.0,120.39836842605678,58.90719338979289,90.0,239.60163157394322
0.3,0.7725424859373684,-50.0,199.02113032590307,31.334710986088826,90.0,119.7747293481371,121.33471098608882,90.0,134.7747293481371
0.3,-0.5000000000000004,-50.0,180.0,40.68575292433173,90.0,102.91435444435028,130.68575292433172,90.0,102.91435444435028
0.3,-0.5000000000000004,50.0,180.0,40.68575292433173,90.0,102.91435444435028,49.31424707566827,90.0,257.0856455556497
0.3,0.7725424859373684,50.0,199.02113032590307,31.334710986088826,90.0,119.7747293481371,58.66528901391118,90.0,240.2252706518629
0.32,1.0644482289126818,-50.0,198.0965410493204,31.732169195068526,90.0,118.86212179041135,121.73216919506852,90.0,133.86212179041135
0.32,-0.7000000000000006,-50.0,180.0,40.749128026138415,90.0,102.91488883286344,130.7491280261384,90.0,102.91488883286344
0.32,-0.7000000000000006,50.0,180.0,40.749128026138415,90.0,102.91488883286344,49.250871973861585,90.0,257.0851111671366
0.32,1.0644482289126818,50.0,198.0965410493204,31.732169195068526,90.0,118.86212179041135,58.26783080493148,90.0,241.13787820958865
0.34,1.3395669874474923,-50.0,196.8865585100403,32.27296424166823,90.0,117.68598324106475,122.27296424166823,90.0,132.68598324106475
0.34,-0.9000000000000008,-50.0,180.0,40.812407189885846,90.0,102.91560135265883,130.81240718988585,90.0,102.91560135265883
0.34,-0.9000000000000008,50.0,180.0,40.812407189885846,90.0,102.91560135265883,49.187592810114154,90.0,257.0843986473412
0.34,1.3395669874474923,50.0,196.8865585100403,32.27296424166823,90.0,117.68598324106475,57.72703575833177,90.0,242.31401675893525
0.36000000000000004,1.5935599743717244,-50.0,195.41026485551578,32.941983528387794,90.0,116.27732237113095,122.9419835283878,90.0,131.27732237113094
0.36000000000000004,-1.100000000000001,-50.0,180.0,40.87559025777414,90.0,102.91649200526047,130.87559025777415,90.0,102.91649200526047
0.36000000000000004,-1.100000000000001,50.0,180.0,40.87559025777414,90.0,102.91649200526047,49.12440974222586,90.0,257.08350799473953
0.36000000000000004,1.5935599743717244,50.0,195.41026485551578,32.941983528387794,90.0,116.27732237113095,57.058016471612206,90.0,243.72267762886906
0.38000000000000006,1.8224215685535292,-50.0,193.69094211857376,33.72216376923956,90.0,114.6708869101165,123.72216376923956,90.0,129.6708869101165
0.38000000000000006,-1.3000000000000012,-50.0,180.0,40.938677071856496,90.0,102.91756079257364,130.9386770718565,90.0,102.91756079257364
0.38000000000000006,-1.3000000000000012,50.0,180.0,40.938677071856496,90.0,102.91756079257364,49.061322928143504,90.0,257.0824392074264
0.38000000000000006,1.8224215685535292,50.0,193.69094211857376,33.72216376923956,90.0,114.6708869101165,56.27783623076044,90.0,245.3291130898835
0.4000000000000001,2.022542485937369,-50.0,191.75570504584945,34.5953644163229,90.0,112.90346053638606,124.5953644163229,90.0,127.90346053638606
0.4000000000000001,-1.5000000000000018,-50.0,180.0,41.0016674740415,90.0,102.91880771688503,131.00166747404148,90.0,102.91880771688503
0.4000000000000001,-1.5000000000000018,50.0,180.0,41.0016674740415,90.0,102.91880771688503,48.9983325259585,90.0,257.081192283115
0.4000000000000001,2.022542485937369,50.0,191.75570504584945,34.5953644163229,90.0,112.90346053638606,55.4046355836771,90.0,247.09653946361394
0.4200000000000001,2.1907667001096596,-50.0,189.6350734820343,35.54309583942786,90.0,111.01242995841531,125.54309583942786,90.0,126.01242995841531
0.4200000000000001,-1.700000000000001,-50.0,180.0,41.064561306095435,90.0,102.92023278086282,131.06456130609544,90.0,102.92023278086282
0.4200000000000001,-1.700000000000001,50.0,180.0,41.064561306095435,90.0,102.92023278086282,48.935438693904565,90.0,257.0797672191372
0.4200000000000001,2.1907667001096596,50.0,189.6350734820343,35.54309583942786,90.0,111.01242995841531,54.45690416057214,90.0,248.9875700415847
0.4400000000000001,2.324441214720629,-50.0,187.36249105369353,36.547072522034654,90.0,109.03467899428695,126.54707252203465,90.0,124.03467899428695
0.4400000000000001,-1.9000000000000021,-50.0,180.0,41.12735840964434,90.0,102.92183598755705,131.12735840964433,90.0,102.92183598755705
0.4400000000000001,-1.9000000000000021,50.0,180.0,41.12735840964434,90.0,102.92183598755705,48.87264159035566,90.0,257.0781640124429
0.4400000000000001,2.324441214720629,50.0,187.36249105369353,36.547072522034654,90.0,109.03467899428695,53.452927477965346,90.0,250.96532100571307
0.46000000000000013,2.421457902821578,-50.0,184.97379774329707,37.58959549545001,90.0,107.00580152046784,127.58959549545001,90.0,122.00580152046784
0.46000000000000013,-2.1000000000000014,-50.0,180.0,41.1900586261763,90.0,102.92361734039967,131.1900586261763,90.0,102.92361734039967
0.46000000000000013,-2.1000000000000014,50.0,180.0,41.1900586261763,90.0,102.92361734039967,48.8099413738237,90.0,257.0763826596003
0.46000000000000013,2.421457902821578,50.0,184.97379774329707,37.58959549545001,90.0,107.00580152046784,52.41040450454999,90.0,252.99419847953214
0.48000000000000015,2.4802867532861947,-50.0,182.50666467128607,38.65378850062562,90.0,104.9595866824604,128.65378850062564,90.0,119.9595866824604
0.48000000000000015,-2.3000000000000025,-50.0,180.0,41.25266179704365,90.0,102.92557684320502,131.25266179704366,90.0,102.92557684320502
0.48000000000000015,-2.3000000000000025,50.0,180.0,41.25266179704365,90.0,102.92557684320502,48.74733820295635,90.0,257.074423156795
0.48000000000000015,2.4802867532861947,50.0,182.50666467128607,38.65378850062562,90.0,104.9595866824604,51.34621149937438,90.0,255.04041331753962
0.5000000000000001,2.499999999999999,-50.0,180.0,39.72372065798645,90.0,102.92771450016991,129.72372065798646,90.0,117.92771450016991
0.5000000000000001,-2.5,-50.0,180.0,41.315167763465,90.0,102.92771450016991,131.315167763465,90.0,102.92771450016991
0.5000000000000001,-2.5,50.0,180.0,41.315167763465,90.0,102.92771450016991,48.684832236535,90.0,257.07228549983006
0.5000000000000001,2.499999999999999,50.0,180.0,39.72372065798645,90.0,102.92771450016991,50.27627934201355,90.0,257.07228549983006
0.5200000000000001,2.299999999999999,-50.0,180.0,39.78851600160708,90.0,102.92557684320502,129.7885160016071,90.0,117.92557684320502
0.5200000000000001,-2.4802867532861943,-50.0,182.50666467128607,40.21100522307659,90.0,104.9595866824604,130.2110052230766,90.0,104.9595866824604
0.5200000000000001,-2.4802867532861943,50.0,182.50666467128607,40.21100522307659,90.0,104.9595866824604,49.78899477692341,90.0,255.04041331753962
0.5200000000000001,2.299999999999999,50.0,180.0,39.78851600160708,90.0,102.92557684320502,50.21148399839292,90.0,257.074423156795
0.5400000000000001,2.0999999999999988,-50.0,180.0,39.85321775496852,90.0,102.92361734039967,129.8532177549685,90.0,117.92361734039967
0.5400000000000001,-2.4214579028215777,-50.0,184.9737977432971,39.08960679846061,90.00000000000001,107.00580152046787,129.0896067984606,89.99999999999999,107.00580152046787
0.5400000000000001,-2.4214579028215777,50.0,184.9737977432971,39.08960679846061,90.00000000000001,107.00580152046787,50.91039320153939,90.00000000000001,252.99419847953214
0.5400000000000001,2.0999999999999988,50.0,180.0,39.85321775496852,90.0,102.92361734039967,50.14678224503148,90.0,257.0763826596003
0.5600000000000002,1.8999999999999984,-50.0,180.0,39.91782576275425,90.0,102.92183598755705,129.91782576275426,90.0,117.92183598755705
0.5600000000000002,-2.324441214720628,-50.0,187.36249105369356,37.968636021973126,90.0,109.03467899428695,127.96863602197313,90.0,109.03467899428695
0.5600000000000002,-2.324441214720628,50.0,187.36249105369356,37.968636021973126,90.0,109.03467899428695,52.031363978026874,90.0,250.96532100571307
0.5600000000000002,1.8999999999999984,50.0,180.0,39.91782576275425,90.0,102.92183598755705,50.08217423724575,90.0,257.0781640124429
0.5800000000000002,1.6999999999999982,-50.0,180.0,39.982339869465214,90.0,102.92023278086282,129.98233986946522,90.0,117.92023278086282
0.5800000000000002,-2.1907667001096582,-50.0,189.63507348203433,36.86686047711942,90.0,111.01242995841531,126.86686047711942,90.0,111.01242995841531
0.5800000000000002,-2.1907667001096582,50.0,189.63507348203433,36.86686047711942,90.0,111.01242995841531,53.13313952288058,90.0,248.9875700415847
0.5800000000000002,1.6999999999999982,50.0,180.0,39.982339869465214,90.0,102.92023278086282,50.017660130534786,90.0,257.0797672191372
0.6000000000000002,1.499999999999998,-50.0,180.0,40.04675991942235,90.0,102.91880771688503,130.04675991942236,90.0,117.91880771688503
0.6000000000000002,-2.0225424859373677,-50.0,191.75570504584948,35.80397358149665,90.0,112.90346053638609,125.80397358149665,90.0,112.90346053638609
0.6000000000000002,-2.0225424859373677,50.0,191.75570504584948,35.80397358149665,90.0,112.90346053638609,54.19602641850335,90.0,247.0965394636139
0.6000000000000002,1.499999999999998,50.0,180.0,40.04675991942235,90.0,102.91880771688503,49.95324008057765,90.0,257.081192283115
0.6200000000000002,1.2999999999999978,-50.0,180.0,40.111085756769064,90.0,102.91756079257364,130.11108575676906,90.0,117.91756079257364
0.6200000000000002,-1.8224215685535277,-50.0,193.6909421185738,34.800314168288516,90.0,114.67088691011652,124.80031416828851,90.0,114.67088691011652
0.6200000000000002,-1.8224215685535277,50.0,193.6909421185738,34.800314168288516,90.0,114.67088691011652,55.199685831711484,90.0,245.3291130898835
0.6200000000000002,1.2999999999999978,50.0,180.0,40.111085756769064,90.0,102.91756079257364,49.888914243230936,90.0,257.0824392074264
0.6400000000000002,1.0999999999999976,-50.0,180.0,40.17531722547362,90.0,102.91649200526047,130.17531722547363,90.0,117.91649200526047
0.6400000000000002,-1.5935599743717228,-50.0,195.4102648555158,33.876450682141396,90.0,116.27732237113098,123.8764506821414,90.0,116.27732237113098
0.6400000000000002,-1.5935599743717228,50.0,195.4102648555158,33.876450682141396,90.0,116.27732237113098,56.123549317858604,90.0,243.722677628869
0.6400000000000002,1.0999999999999976,50.0,180.0,40.17531722547362,90.0,102.91649200526047,49.82468277452638,90.0,257.08350799473953
0.6600000000000003,0.8999999999999975,-50.0,180.0,40.2394541693317,90.0,102.91560135265883,130.2394541693317,90.0,117.91560135265883
0.6600000000000003,-1.3395669874474896,-50.0,196.88655851004032,33.05260456924837,90.0,117.68598324106478,123.05260456924837,90.0,117.68598324106478
0.6600000000000003,-1.3395669874474896,50.0,196.88655851004032,33.05260456924837,90.0,117.68598324106478,56.94739543075163,90.0,242.31401675893522
0.6600000000000003,0.8999999999999975,50.0,180.0,40.2394541693317,90.0,102.91560135265883,49.7605458306683,90.0,257.0843986473412
0.6800000000000003,0.6999999999999973,-50.0,180.0,40.30349643196877,90.0,102.91488883286344,130.30349643196877,90.0,117.91488883286344
0.6800000000000003,-1.0644482289126795,-50.0,198.0965410493204,32.34790739763176,90.0,118.86212179041135,122.34790739763176,90.0,118.86212179041135
0.6800000000000003,-1.0644482289126795,50.0,198.0965410493204,32.34790739763176,90.0,118.86212179041135,57.65209260236824,90.0,241.13787820958865
0.6800000000000003,0.6999999999999973,50.0,180.0,40.30349643196877,90.0,102.91488883286344,49.69650356803123,90.0,257.0851111671366
0.7000000000000003,0.49999999999999734,-50.0,180.0,40.367443856842414,90.0,102.91435444435028,130.3674438568424,90.0,117.91435444435028
0.7000000000000003,-0.772542485937366,-50.0,199.02113032590307,31.779520052870733,90.0,119.7747293481371,121.77952005287074,90.0,119.7747293481371
0.7000000000000003,-0.772542485937366,50.0,199.02113032590307,31.779520052870733,90.0,119.7747293481371,58.22047994712926,90.0,240.2252706518629
0.7000000000000003,0.49999999999999734,50.0,180.0,40.367443856842414,90.0,102.91435444435028,49.632556143157586,90.0,257.0856455556497
0.7200000000000003,0.29999999999999716,-50.0,180.0,40.43129628724494,90.0,102.91399818597642,130.43129628724495,90.0,117.91399818597642
0.7200000000000003,-0.4684532864643085,-50.0,199.64574501457378,31.36168633968255,90.0,120.39836842605678,121.36168633968255,90.0,120.39836842605678
0.7200000000000003,-0.4684532864643085,50.0,199.64574501457378,31.36168633968255,90.0,120.39836842605678,58.63831366031745,90.0,239.60163157394322
0.7200000000000003,0.29999999999999716,50.0,180.0,40.43129628724494,90.0,102.91399818597642,49.56870371275506,90.0,257.0860018140236
0.7400000000000003,0.09999999999999698,-50.0,180.0,40.49505356630551,90.0,102.91382005697997,130.4950535663055,90.0,117.91382005697997
0.7400000000000003,-0.15697629882328049,-50.0,199.96053456856544,31.10483615931638,90.00000000000001,120.7149105933217,121.10483615931638,89.99999999999999,120.7149105933217
0.7400000000000003,-0.15697629882328049,50.0,199.96053456856544,31.10483615931638,90.00000000000001,120.7149105933217,58.89516384068362,90.00000000000001,239.2850894066783
0.7400000000000003,0.09999999999999698,50.0,180.0,40.49505356630551,90.0,102.91382005697997,49.50494643369449,90.0,257.08617994302006
0.7600000000000003,-0.1000000000000032,-50.0,180.0,40.55871553699268,90.0,102.91382005697997,130.55871553699268,90.0,117.91382005697997
0.7600000000000003,0.15697629882328684,-50.0,199.96053456856544,31.014877632470725,90.00000000000001,120.7149105933217,121.01487763247073,89.99999999999999,120.7149105933217
0.7600000000000003,0.15697629882328684,50.0,199.96053456856544,31.014877632470725,90.00000000000001,120.7149105933217,58.98512236752927,90.00000000000001,239.2850894066783
0.7600000000000003,-0.1000000000000032,50.0,180.0,40.55871553699268,90.0,102.91382005697997,49.44128446300732,90.0,257.08617994302006
0.7800000000000004,-0.3000000000000034,-50.0,180.0,40.62228204211669,90.0,102.91399818597642,130.6222820421167,90.0,117.91399818597642
0.7800000000000004,0.46845328646431533,-50.0,199.64574501457378,31.092806610207113,90.0,120.39836842605678,121.0928066102071,90.0,120.39836842605678
0.7800000000000004,0.46845328646431533,50.0,199.64574501457378,31.092806610207113,90.0,120.39836842605678,58.90719338979289,90.0,239.60163157394322
0.7800000000000004,-0.3000000000000034,50.0,180.0,40.62228204211669,90.0,102.91399818597642,49.37771795788331,90.0,257.0860018140236
0.8000000000000004,-0.5000000000000036,-50.0,180.0,40.68575292433173,90.0,102.91435444435028,130.68575292433172,90.0,117.91435444435028
0.8000000000000004,0.7725424859373726,-50.0,199.02113032590307,31.33471098608882,90.0,119.7747293481371,121.33471098608882,90.0,119.7747293481371
0.8000000000000004,0.7725424859373726,50.0,199.02113032590307,31.33471098608882,90.0,119.7747293481371,58.66528901391118,90.0,240.2252706518629
0.8000000000000004,-0.5000000000000036,50.0,180.0,40.68575292433173,90.0,102.91435444435028,49.31424707566827,90.0,257.0856455556497
0.8200000000000004,-0.7000000000000037,-50.0,180.0,40.749128026138415,90.0,102.91488883286344,130.7491280261384,90.0,117.91488883286344
0.8200000000000004,1.0644482289126858,-50.0,198.09654104932036,31.732169195068547,90.0,118.8621217904113,121.73216919506855,90.0,118.8621217904113
0.8200000000000004,1.0644482289126858,50.0,198.09654104932036,31.732169195068547,90.0,118.8621217904113,58.26783080493145,90.0,241.1378782095887
0.8200000000000004,-0.7000000000000037,50.0,180.0,40.749128026138415,90.0,102.91488883286344,49.250871973861585,90.0,257.0851111671366
0.8400000000000004,-0.9000000000000039,-50.0,180.0,40.81240718988585,90.0,102.91560135265883,130.81240718988585,90.0,117.91560135265883
0.8400000000000004,1.339566987447495,-50.0,196.8865585100403,32.27296424166823,90.0,117.68598324106475,122.27296424166823,90.0,117.68598324106475
0.8400000000000004,1.339566987447495,50.0,196.8865585100403,32.27296424166823,90.0,117.68598324106475,57.72703575833177,90.0,242.31401675893525
0.8400000000000004,-0.9000000000000039,50.0,180.0,40.81240718988585,90.0,102.91560135265883,49.18759281011415,90.0,257.0843986473412
0.8600000000000004,-1.100000000000004,-50.0,180.0,40.87559025777414,90.0,102.91649200526047,130.87559025777415,90.0,117.91649200526047
0.8600000000000004,1.5935599743717277,-50.0,195.41026485551578,32.94198352838779,90.0,116.27732237113095,122.9419835283878,90.0,116.27732237113095
0.8600000000000004,1.5935599743717277,50.0,195.41026485551578,32.94198352838779,90.0,116.27732237113095,57.05801647161221,90.0,243.72267762886906
0.8600000000000004,-1.100000000000004,50.0,180.0,40.87559025777414,90.0,102.91649200526047,49.12440974222586,90.0,257.08350799473953
0.8800000000000004,-1.3000000000000043,-50.0,180.0,40.938677071856496,90.0,102.91756079257364,130.9386770718565,90.0,117.91756079257364
0.8800000000000004,1.822421568553532,-50.0,193.69094211857376,33.72216376923956,90.0,114.6708869101165,123.72216376923956,90.0,114.6708869101165
0.8800000000000004,1.822421568553532,50.0,193.69094211857376,33.72216376923956,90.0,114.6708869101165,56.27783623076044,90.0,245.3291130898835
0.8800000000000004,-1.3000000000000043,50.0,180.0,40.938677071856496,90.0,102.91756079257364,49.061322928143504,90.0,257.0824392074264
0.9000000000000005,-1.5000000000000044,-50.0,180.0,41.0016674740415,90.0,102.91880771688503,131.00166747404148,90.0,117.91880771688503
0.9000000000000005,2.0225424859373717,-50.0,191.75570504584942,34.59536441632292,90.0,112.90346053638604,124.59536441632292,90.0,112.90346053638604
0.9000000000000005,2.0225424859373717,50.0,191.75570504584942,34.59536441632292,90.0,112.90346053638604,55.40463558367708,90.0,247.09653946361396
0.9000000000000005,-1.5000000000000044,50.0,180.0,41.0016674740415,90.0,102.91880771688503,48.9983325259585,90.0,257.081192283115
0.9200000000000005,-1.7000000000000046,-50.0,180.0,41.064561306095435,90.0,102.92023278086282,131.06456130609544,90.0,117.92023278086282
0.9200000000000005,2.190766700109662,-50.0,189.63507348203427,35.54309583942789,90.0,111.01242995841525,125.54309583942789,90.0,111.01242995841525
0.9200000000000005,2.190766700109662,50.0,189.63507348203427,35.54309583942789,90.0,111.01242995841525,54.45690416057211,90.0,248.98757004158475
0.9200000000000005,-1.7000000000000046,50.0,180.0,41.064561306095435,90.0,102.92023278086282,48.935438693904565,90.0,257.0797672191372
0.9400000000000005,-1.9000000000000048,-50.0,180.0,41.12735840964434,90.0,102.92183598755705,131.12735840964433,90.0,117.92183598755705
0.9400000000000005,2.324441214720631,-50.0,187.3624910536935,36.54707252203468,90.0,109.03467899428689,126.54707252203468,90.0,109.03467899428689
0.9400000000000005,2.324441214720631,50.0,187.3624910536935,36.54707252203468,90.0,109.03467899428689,53.45292747796532,90.0,250.96532100571312
0.9400000000000005,-1.9000000000000048,50.0,180.0,41.12735840964434,90.0,102.92183598755705,48.87264159035566,90.0,257.0781640124429
0.9600000000000005,-2.100000000000005,-50.0,180.0,41.19005862617631,90.0,102.92361734039967,131.19005862617632,90.0,117.92361734039967
0.9600000000000005,2.4214579028215795,-50.0,184.97379774329704,37.589595495450034,90.0,107.00580152046783,127.58959549545003,90.0,107.00580152046783
0.9600000000000005,2.4214579028215795,50.0,184.97379774329704,37.589595495450034,90.0,107.00580152046783,52.410404504549966,90.0,252.99419847953217
0.9600000000000005,-2.100000000000005,50.0,180.0,41.19005862617631,90.0,102.92361734039967,48.80994137382369,90.0,257.0763826596003
0.9800000000000005,-2.300000000000005,-50.0,180.0,41.25266179704365,90.0,102.92557684320502,131.25266179704366,90.0,117.92557684320502
0.9800000000000005,2.480286753286195,-50.0,182.50666467128605,38.65378850062564,90.0,104.95958668246035,128.65378850062564,90.0,104.95958668246035
0.9800000000000005,2.480286753286195,50.0,182.50666467128605,38.65378850062564,90.0,104.95958668246035,51.34621149937436,90.0,255.04041331753965
0.9800000000000005,-2.300000000000005,50.0,180.0,41.25266179704365,90.0,102.92557684320502,48.74733820295635,90.0,257.074423156795
1.0000000000000004,-2.5,-50.0,180.00000000000006,41.31516776346498,90.0,102.92771450016996,131.31516776346498,90.0,117.92771450016996
1.0000000000000004,2.4999999999999956,-50.0,180.0,39.723720657986455,90.0,102.92771450016991,129.72372065798646,90.0,102.92771450016991
1.0000000000000004,2.4999999999999956,50.0,180.0,39.723720657986455,90.0,102.92771450016991,50.276279342013545,90.0,257.07228549983006
1.0000000000000004,-2.5,50.0,180.00000000000006,41.31516776346498,90.0,102.92771450016996,48.68483223653502,90.0,257.07228549983006
1.0200000000000005,-2.4802867532861934,-50.0,182.50666467128613,40.21100522307657,90.0,104.95958668246043,130.21100522307657,90.0,119.95958668246043
1.0200000000000005,2.2999999999999954,-50.0,180.0,39.78851600160708,90.0,102.92557684320502,129.7885160016071,90.0,102.92557684320502
1.0200000000000005,2.2999999999999954,50.0,180.0,39.78851600160708,90.0,102.92557684320502,50.21148399839292,90.0,257.074423156795
1.0200000000000005,-2.4802867532861934,50.0,182.50666467128613,40.21100522307657,90.0,104.95958668246043,49.78899477692343,90.0,255.04041331753956
1.0400000000000005,-2.421457902821576,-50.0,184.97379774329715,39.089606798460586,90.0,107.00580152046791,129.08960679846058,90.0,122.00580152046791
1.0400000000000005,2.099999999999995,-50.0,180.0,39.85321775496852,90.0,102.92361734039967,129.8532177549685,90.0,102.92361734039967
1.0400000000000005,2.099999999999995,50.0,180.0,39.85321775496852,90.0,102.92361734039967,50.14678224503148,90.0,257.0763826596003
1.0400000000000005,-2.421457902821576,50.0,184.97379774329715,39.089606798460586,90.0,107.00580152046791,50.910393201539414,90.0,252.9941984795321
1.0600000000000005,-2.3244412147206255,-50.0,187.36249105369362,37.96863602197309,90.00000000000001,109.03467899428703,127.96863602197308,89.99999999999999,124.03467899428703
1.0600000000000005,1.899999999999995,-50.0,180.0,39.91782576275425,90.0,102.92183598755705,129.91782576275426,90.0,102.92183598755705
1.0600000000000005,1.899999999999995,50.0,180.0,39.91782576275425,90.0,102.92183598755705,50.08217423724575,90.0,257.0781640124429
1.0600000000000005,-2.3244412147206255,50.0,187.36249105369362,37.96863602197309,90.00000000000001,109.03467899428703,52.03136397802691,90.00000000000001,250.96532100571295
1.0800000000000005,-2.190766700109655,-50.0,189.63507348203436,36.86686047711938,90.0,111.01242995841534,126.86686047711939,90.0,126.01242995841534
1.0800000000000005,1.6999999999999948,-50.0,180.0,39.98233986946522,90.0,102.92023278086282,129.98233986946522,90.0,102.92023278086282
1.0800000000000005,1.6999999999999948,50.0,180.0,39.98233986946522,90.0,102.92023278086282,50.01766013053478,90.0,257.0797672191372
1.0800000000000005,-2.190766700109655,50.0,189.63507348203436,36.86686047711938,90.0,111.01242995841534,53.13313952288062,90.0,248.98757004158466
1.1000000000000005,-2.0225424859373637,-50.0,191.7557050458495,35.80397358149663,90.00000000000001,112.90346053638612,125.80397358149662,89.99999999999999,127.90346053638612
1.1000000000000005,1.4999999999999947,-50.0,180.0,40.04675991942235,90.0,102.91880771688503,130.04675991942236,90.0,102.91880771688503
1.1000000000000005,1.4999999999999947,50.0,180.0,40.04675991942235,90.0,102.91880771688503,49.95324008057765,90.0,257.081192283115
1.1000000000000005,-2.0225424859373637,50.0,191.7557050458495,35.80397358149663,90.00000000000001,112.90346053638612,54.19602641850337,90.00000000000001,247.09653946361388
1.1200000000000006,-1.8224215685535228,-50.0,193.69094211857382,34.800314168288494,90.0,114.67088691011655,124.8003141682885,90.0,129.67088691011656
1.1200000000000006,1.2999999999999945,-50.0,180.0,40.111085756769064,90.0,102.91756079257364,130.11108575676906,90.0,102.91756079257364
1.1200000000000006,1.2999999999999945,50.0,180.0,40.111085756769064,90.0,102.91756079257364,49.888914243230936,90.0,257.0824392074264
1.1200000000000006,-1.8224215685535228,50.0,193.69094211857382,34.800314168288494,90.0,114.67088691011655,55.199685831711506,90.0,245.32911308988344
1.1400000000000006,-1.5935599743717175,-50.0,195.41026485551583,33.87645068214137,90.0,116.277322371131,123.87645068214137,90.0,131.277322371131
1.1400000000000006,1.0999999999999943,-50.0,180.0,40.17531722547362,90.0,102.91649200526047,130.17531722547363,90.0,102.91649200526047
1.1400000000000006,1.0999999999999943,50.0,180.0,40.17531722547362,90.0,102.91649200526047,49.82468277452638,90.0,257.08350799473953
1.1400000000000006,-1.5935599743717175,50.0,195.41026485551583,33.87645068214137,90.0,116.277322371131,56.12354931785863,90.0,243.722677628869
1.1600000000000006,-1.3395669874474838,-50.0,196.88655851004035,33.05260456924835,90.0,117.6859832410648,123.05260456924836,90.0,132.6859832410648
1.1600000000000006,0.8999999999999941,-50.0,180.0,40.2394541693317,90.0,102.91560135265883,130.2394541693317,90.0,102.91560135265883
1.1600000000000006,0.8999999999999941,50.0,180.0,40.2394541693317,90.0,102.91560135265883,49.7605458306683,90.0,257.0843986473412
1.1600000000000006,-1.3395669874474838,50.0,196.88655851004035,33.05260456924835,90.0,117.6859832410648,56.94739543075165,90.0,242.3140167589352
1.1800000000000006,-1.064448228912673,-50.0,198.09654104932042,32.34790739763176,90.00000000000001,118.86212179041135,122.34790739763176,89.99999999999999,133.86212179041135
1.1800000000000006,0.699999999999994,-50.0,180.0,40.30349643196877,90.0,102.91488883286344,130.30349643196877,90.0,102.91488883286344
1.1800000000000006,0.699999999999994,50.0,180.0,40.30349643196877,90.0,102.91488883286344,49.69650356803123,90.0,257.0851111671366
1.1800000000000006,-1.064448228912673,50.0,198.09654104932042,32.34790739763176,90.00000000000001,118.86212179041135,57.65209260236824,90.00000000000001,241.13787820958865
1.2000000000000006,-0.7725424859373592,-50.0,199.0211303259031,31.779520052870723,90.0,119.77472934813713,121.77952005287072,90.0,134.77472934813713
1.2000000000000006,0.4999999999999938,-50.0,180.0,40.367443856842414,90.0,102.91435444435028,130.3674438568424,90.0,102.91435444435028
1.2000000000000006,0.4999999999999938,50.0,180.0,40.367443856842414,90.0,102.91435444435028,49.632556143157586,90.0,257.0856455556497
1.2000000000000006,-0.7725424859373592,50.0,199.0211303259031,31.779520052870723,90.0,119.77472934813713,58.22047994712928,90.0,240.22527065186287
1.2200000000000006,-0.468453286464302,-50.0,199.64574501457378,31.361686339682542,90.0,120.39836842605678,121.36168633968254,90.0,135.39836842605678
1.2200000000000006,0.2999999999999936,-50.0,180.0,40.43129628724494,90.0,102.91399818597642,130.43129628724495,90.0,102.91399818597642
1.2200000000000006,0.2999999999999936,50.0,180.0,40.43129628724494,90.0,102.91399818597642,49.56870371275506,90.0,257.0860018140236
1.2200000000000006,-0.468453286464302,50.0,199.64574501457378,31.361686339682542,90.0,120.39836842605678,58.63831366031746,90.0,239.60163157394322
1.2400000000000007,-0.15697629882327327,-50.0,199.96053456856544,31.104836159316374,90.00000000000001,120.7149105933217,121.10483615931638,89.99999999999999,135.7149105933217
1.2400000000000007,0.09999999999999343,-50.0,180.0,40.49505356630551,90.0,102.91382005697997,130.4950535663055,90.0,102.91382005697997
1.2400000000000007,0.09999999999999343,50.0,180.0,40.49505356630551,90.0,102.91382005697997,49.50494643369449,90.0,257.08617994302006
1.2400000000000007,-0.15697629882327327,50.0,199.96053456856544,31.104836159316374,90.00000000000001,120.7149105933217,58.89516384068362,90.00000000000001,239.2850894066783
1.2600000000000007,0.156976298823294,-50.0,199.96053456856544,31.014877632470725,90.00000000000001,120.7149105933217,121.01487763247073,89.99999999999999,135.7149105933217
1.2600000000000007,-0.10000000000000675,-50.0,180.0,40.55871553699268,90.0,102.91382005697997,130.55871553699268,90.0,102.91382005697997
1.2600000000000007,-0.10000000000000675,50.0,180.0,40.55871553699268,90.0,102.91382005697997,49.44128446300732,90.0,257.08617994302006
1.2600000000000007,0.156976298823294,50.0,199.96053456856544,31.014877632470725,90.00000000000001,120.7149105933217,58.98512236752927,90.00000000000001,239.2850894066783
1.2800000000000007,0.46845328646432194,-50.0,199.64574501457375,31.092806610207113,90.0,120.39836842605678,121.0928066102071,90.0,135.39836842605678
1.2800000000000007,-0.30000000000000693,-50.0,180.0,40.62228204211669,90.0,102.91399818597642,130.6222820421167,90.0,102.91399818597642
1.2800000000000007,-0.30000000000000693,50.0,180.0,40.62228204211669,90.0,102.91399818597642,49.37771795788331,90.0,257.0860018140236
1.2800000000000007,0.46845328646432194,50.0,199.64574501457375,31.092806610207113,90.0,120.39836842605678,58.90719338979289,90.0,239.60163157394322
1.3000000000000007,0.7725424859373788,-50.0,199.02113032590304,31.334710986088833,90.0,119.77472934813709,121.33471098608884,90.0,134.7747293481371
1.3000000000000007,-0.5000000000000071,-50.0,180.0,40.68575292433173,90.0,102.91435444435028,130.68575292433172,90.0,102.91435444435028
1.3000000000000007,-0.5000000000000071,50.0,180.0,40.68575292433173,90.0,102.91435444435028,49.31424707566827,90.0,257.0856455556497
1.3000000000000007,0.7725424859373788,50.0,199.02113032590304,31.334710986088833,90.0,119.77472934813709,58.66528901391116,90.0,240.2252706518629
1.3200000000000007,1.064448228912692,-50.0,198.09654104932036,31.732169195068547,90.0,118.8621217904113,121.73216919506855,90.0,133.8621217904113
1.3200000000000007,-0.7000000000000073,-50.0,180.0,40.749128026138415,90.0,102.91488883286344,130.7491280261384,90.0,102.91488883286344
1.3200000000000007,-0.7000000000000073,50.0,180.0,40.749128026138415,90.0,102.91488883286344,49.250871973861585,90.0,257.0851111671366
1.3200000000000007,1.064448228912692,50.0,198.09654104932036,31.732169195068547,90.0,118.8621217904113,58.26783080493145,90.0,241.1378782095887
1.3400000000000007,1.3395669874475014,-50.0,196.88655851004026,32.272964241668255,90.0,117.6859832410647,122.27296424166826,90.0,132.68598324106472
1.3400000000000007,-0.9000000000000075,-50.0,180.0,40.81240718988585,90.0,102.91560135265883,130.81240718988585,90.0,102.91560135265883
1.3400000000000007,-0.9000000000000075,50.0,180.0,40.81240718988585,90.0,102.91560135265883,49.18759281011415,90.0,257.0843986473412
1.3400000000000007,1.3395669874475014,50.0,196.88655851004026,32.272964241668255,90.0,117.6859832410647,57.727035758331745,90.0,242.31401675893528
1.3600000000000008,1.593559974371734,-50.0,195.41026485551572,32.941983528387816,90.0,116.27732237113091,122.94198352838782,90.0,131.2773223711309
1.3600000000000008,-1.1000000000000076,-50.0,180.0,40.87559025777415,90.0,102.91649200526047,130.87559025777415,90.0,102.91649200526047
1.3600000000000008,-1.1000000000000076,50.0,180.0,40.87559025777415,90.0,102.91649200526047,49.12440974222585,90.0,257.08350799473953
1.3600000000000008,1.593559974371734,50.0,195.41026485551572,32.941983528387816,90.0,116.27732237113091,57.058016471612184,90.0,243.7226776288691
1.3800000000000008,1.8224215685535365,-50.0,193.6909421185737,33.722163769239586,90.0,114.67088691011644,123.72216376923959,90.0,129.67088691011645
1.3800000000000008,-1.3000000000000078,-50.0,180.0,40.938677071856496,90.0,102.91756079257364,130.9386770718565,90.0,102.91756079257364
1.3800000000000008,-1.3000000000000078,50.0,180.0,40.938677071856496,90.0,102.91756079257364,49.061322928143504,90.0,257.0824392074264
1.3800000000000008,1.8224215685535365,50.0,193.6909421185737,33.722163769239586,90.0,114.67088691011644,56.277836230760414,90.0,245.32911308988355
1.4000000000000008,2.0225424859373757,-50.0,191.7557050458494,34.59536441632292,90.0,112.90346053638602,124.59536441632292,90.0,127.90346053638602
1.4000000000000008,-1.500000000000008,-50.0,180.0,41.001667474041504,90.0,102.91880771688503,131.0016674740415,90.0,102.91880771688503
1.4000000000000008,-1.500000000000008,50.0,180.0,41.001667474041504,90.0,102.91880771688503,48.998332525958496,90.0,257.081192283115
1.4000000000000008,2.0225424859373757,50.0,191.7557050458494,34.59536441632292,90.0,112.90346053638602,55.40463558367708,90.0,247.09653946361396
1.4200000000000008,2.190766700109665,-50.0,189.63507348203422,35.543095839427906,90.00000000000001,111.01242995841521,125.5430958394279,89.99999999999999,126.01242995841521
1.4200000000000008,-1.7000000000000082,-50.0,180.0,41.064561306095435,90.0,102.92023278086282,131.06456130609544,90.0,102.92023278086282
1.4200000000000008,-1.7000000000000082,50.0,180.0,41.064561306095435,90.0,102.92023278086282,48.935438693904565,90.0,257.0797672191372
1.4200000000000008,2.190766700109665,50.0,189.63507348203422,35.543095839427906,90.00000000000001,111.01242995841521,54.456904160572094,90.00000000000001,248.98757004158477
1.4400000000000008,2.3244412147206335,-50.0,187.36249105369347,36.54707252203468,90.0,109.03467899428689,126.54707252203468,90.0,124.03467899428689
1.4400000000000008,-1.9000000000000083,-50.0,180.0,41.12735840964434,90.0,102.92183598755705,131.12735840964433,90.0,102.92183598755705
1.4400000000000008,-1.9000000000000083,50.0,180.0,41.12735840964434,90.0,102.92183598755705,48.87264159035566,90.0,257.0781640124429
1.4400000000000008,2.3244412147206335,50.0,187.36249105369347,36.54707252203468,90.0,109.03467899428689,53.45292747796532,90.0,250.96532100571312
1.4600000000000009,2.4214579028215812,-50.0,184.97379774329698,37.58959549545006,90.0,107.00580152046774,127.58959549545006,90.0,122.00580152046774
1.4600000000000009,-2.1000000000000085,-50.0,180.0,41.19005862617631,90.0,102.92361734039967,131.19005862617632,90.0,102.92361734039967
1.4600000000000009,-2.1000000000000085,50.0,180.0,41.19005862617631,90.0,102.92361734039967,48.80994137382369,90.0,257.0763826596003
1.4600000000000009,2.4214579028215812,50.0,184.97379774329698,37.58959549545006,90.0,107.00580152046774,52.41040450454994,90.0,252.99419847953226
1.4800000000000009,2.4802867532861965,-50.0,182.506664671286,38.65378850062565,90.00000000000001,104.95958668246033,128.65378850062564,89.99999999999999,119.95958668246033
1.4800000000000009,-2.3000000000000087,-50.0,180.0,41.25266179704365,90.0,102.92557684320502,131.25266179704366,90.0,102.92557684320502
1.4800000000000009,-2.3000000000000087,50.0,180.0,41.25266179704365,90.0,102.92557684320502,48.74733820295635,90.0,257.074423156795
1.4800000000000009,2.4802867532861965,50.0,182.506664671286,38.65378850062565,90.00000000000001,104.95958668246033,51.34621149937435,90.00000000000001,255.04041331753967
1.5000000000000009,2.499999999999991,-50.0,180.0,39.723720657986455,90.0,102.92771450016991,129.72372065798646,90.0,117.92771450016991
1.5000000000000009,-2.5,-50.0,180.0000000000001,41.31516776346495,90.0,102.92771450017,131.31516776346496,90.0,102.92771450017
1.5000000000000009,-2.5,50.0,180.0000000000001,41.31516776346495,90.0,102.92771450017,48.68483223653505,90.0,257.07228549983
1.5000000000000009,2.499999999999991,50.0,180.0,39.723720657986455,90.0,102.92771450016991,50.276279342013545,90.0,257.07228549983006
1.520000000000001,2.299999999999991,-50.0,180.0,39.78851600160708,90.0,102.92557684320502,129.7885160016071,90.0,117.92557684320502
1.520000000000001,-2.480286753286193,-50.0,182.5066646712862,40.21100522307655,90.0,104.95958668246047,130.21100522307654,90.0,104.95958668246047
1.520000000000001,-2.480286753286193,50.0,182.5066646712862,40.21100522307655,90.0,104.95958668246047,49.78899477692345,90.0,255.04041331753953
1.520000000000001,2.299999999999991,50.0,180.0,39.78851600160708,90.0,102.92557684320502,50.21148399839292,90.0,257.074423156795
1.540000000000001,2.0999999999999908,-50.0,180.0,39.85321775496852,90.0,102.92361734039967,129.8532177549685,90.0,117.92361734039967
1.540000000000001,-2.421457902821574,-50.0,184.9737977432972,39.08960679846056,90.0,107.00580152046797,129.08960679846055,90.0,107.00580152046797
1.540000000000001,-2.421457902821574,50.0,184.9737977432972,39.08960679846056,90.0,107.00580152046797,50.91039320153944,90.0,252.99419847953203
1.540000000000001,2.0999999999999908,50.0,180.0,39.85321775496852,90.0,102.92361734039967,50.14678224503148,90.0,257.0763826596003
1.560000000000001,1.8999999999999906,-50.0,180.0,39.91782576275425,90.0,102.92183598755705,129.91782576275426,90.0,117.92183598755705
1.560000000000001,-2.3244412147206233,-50.0,187.36249105369367,37.96863602197306,90.0,109.03467899428709,127.96863602197305,90.0,109.03467899428709
1.560000000000001,-2.3244412147206233,50.0,187.36249105369367,37.96863602197306,90.0,109.03467899428709,52.03136397802694,90.0,250.9653210057129
1.560000000000001,1.8999999999999906,50.0,180.0,39.91782576275425,90.0,102.92183598755705,50.08217423724575,90.0,257.0781640124429
1.580000000000001,1.6999999999999904,-50.0,180.0,39.98233986946522,90.0,102.92023278086282,129.98233986946522,90.0,117.92023278086282
1.580000000000001,-2.1907667001096516,-50.0,189.63507348203441,36.86686047711936,90.0,111.01242995841538,126.86686047711936,90.0,111.01242995841538
1.580000000000001,-2.1907667001096516,50.0,189.63507348203441,36.86686047711936,90.0,111.01242995841538,53.13313952288064,90.0,248.9875700415846
1.580000000000001,1.6999999999999904,50.0,180.0,39.98233986946522,90.0,102.92023278086282,50.01766013053478,90.0,257.0797672191372
1.600000000000001,1.4999999999999902,-50.0,180.0,40.04675991942235,90.0,102.91880771688503,130.04675991942236,90.0,117.91880771688503
1.600000000000001,-2.0225424859373597,-50.0,191.75570504584957,35.8039735814966,90.0,112.90346053638618,125.80397358149659,90.0,112.90346053638618
1.600000000000001,-2.0225424859373597,50.0,191.75570504584957,35.8039735814966,90.0,112.90346053638618,54.1960264185034,90.0,247.09653946361382
1.600000000000001,1.4999999999999902,50.0,180.0,40.04675991942235,90.0,102.91880771688503,49.95324008057765,90.0,257.081192283115
1.620000000000001,1.29999999999999,-50.0,180.0,40.111085756769064,90.0,102.91756079257364,130.11108575676906,90.0,117.91756079257364
1.620000000000001,-1.8224215685535181,-50.0,193.69094211857387,34.80031416828848,90.0,114.6708869101166,124.80031416828848,90.0,114.6708869101166
1.620000000000001,-1.8224215685535181,50.0,193.69094211857387,34.80031416828848,90.0,114.6708869101166,55.19968583171152,90.0,245.3291130898834
1.620000000000001,1.29999999999999,50.0,180.0,40.111085756769064,90.0,102.91756079257364,49.888914243230936,90.0,257.0824392074264
1.640000000000001,1.0999999999999899,-50.0,180.0,40.17531722547362,90.0,102.91649200526047,130.17531722547363,90.0,117.91649200526047
1.640000000000001,-1.5935599743717122,-50.0,195.41026485551586,33.87645068214135,90.0,116.27732237113102,123.87645068214135,90.0,116.27732237113102
1.640000000000001,-1.5935599743717122,50.0,195.41026485551586,33.87645068214135,90.0,116.27732237113102,56.12354931785865,90.0,243.72267762886898
1.640000000000001,1.0999999999999899,50.0,180.0,40.17531722547362,90.0,102.91649200526047,49.82468277452638,90.0,257.08350799473953
1.660000000000001,0.8999999999999897,-50.0,180.0,40.2394541693317,90.0,102.91560135265883,130.2394541693317,90.0,117.91560135265883
1.660000000000001,-1.3395669874474778,-50.0,196.88655851004037,33.05260456924833,90.00000000000001,117.68598324106483,123.05260456924833,89.99999999999999,117.68598324106483
1.660000000000001,-1.3395669874474778,50.0,196.88655851004037,33.05260456924833,90.00000000000001,117.68598324106483,56.94739543075167,90.00000000000001,242.31401675893517
1.660000000000001,0.8999999999999897,50.0,180.0,40.2394541693317,90.0,102.91560135265883,49.7605458306683,90.0,257.0843986473412
1.680000000000001,0.6999999999999895,-50.0,180.0,40.30349643196877,90.0,102.91488883286344,130.30349643196877,90.0,117.91488883286344
1.680000000000001,-1.064448228912667,-50.0,198.09654104932045,32.34790739763174,90.0,118.8621217904114,122.34790739763173,90.0,118.8621217904114
1.680000000000001,-1.064448228912667,50.0,198.09654104932045,32.34790739763174,90.0,118.8621217904114,57.65209260236826,90.0,241.13787820958862
1.680000000000001,0.6999999999999895,50.0,180.0,40.30349643196877,90.0,102.91488883286344,49.69650356803123,90.0,257.0851111671366
1.700000000000001,0.49999999999998934,-50.0,180.0,40.367443856842414,90.0,102.91435444435028,130.3674438568424,90.0,117.91435444435028
1.700000000000001,-0.7725424859373529,-50.0,199.0211303259031,31.779520052870723,90.0,119.77472934813713,121.77952005287072,90.0,119.77472934813713
1.700000000000001,-0.7725424859373529,50.0,199.0211303259031,31.779520052870723,90.0,119.77472934813713,58.22047994712928,90.0,240.22527065186287
1.700000000000001,0.49999999999998934,50.0,180.0,40.367443856842414,90.0,102.91435444435028,49.632556143157586,90.0,257.0856455556497
1.720000000000001,0.29999999999998916,-50.0,180.0,40.43129628724495,90.0,102.91399818597642,130.43129628724495,90.0,117.91399818597642
1.720000000000001,-0.4684532864642949,-50.0,199.6457450145738,31.361686339682517,90.0,120.39836842605683,121.36168633968252,90.0,120.39836842605683
1.720000000000001,-0.4684532864642949,50.0,199.6457450145738,31.361686339682517,90.0,120.39836842605683,58.63831366031748,90.0,239.60163157394317
1.720000000000001,0.29999999999998916,50.0,180.0,40.43129628724495,90.0,102.91399818597642,49.56870371275505,90.0,257.0860018140236
1.740000000000001,0.09999999999998899,-50.0,180.0,40.49505356630551,90.0,102.91382005697997,130.4950535663055,90.0,117.91382005697997
1.740000000000001,-0.15697629882326608,-50.0,199.96053456856544,31.104836159316374,90.00000000000001,120.7149105933217,121.10483615931638,89.99999999999999,120.7149105933217
1.740000000000001,-0.15697629882326608,50.0,199.96053456856544,31.104836159316374,90.00000000000001,120.7149105933217,58.89516384068362,90.00000000000001,239.2850894066783
1.740000000000001,0.09999999999998899,50.0,180.0,40.49505356630551,90.0,102.91382005697997,49.50494643369449,90.0,257.08617994302006
1.7600000000000011,-0.10000000000001119,-50.0,180.0,40.55871553699268,90.0,102.91382005697997,130.55871553699268,90.0,117.91382005697997
1.7600000000000011,0.15697629882330066,-50.0,199.96053456856544,31.014877632470718,90.00000000000001,120.7149105933217,121.01487763247071,89.99999999999999,120.7149105933217
1.7600000000000011,0.15697629882330066,50.0,199.96053456856544,31.014877632470718,90.00000000000001,120.7149105933217,58.985122367529286,90.00000000000001,239.2850894066783
1.7600000000000011,-0.10000000000001119,50.0,180.0,40.55871553699268,90.0,102.91382005697997,49.44128446300732,90.0,257.08617994302006
1.7800000000000011,-0.30000000000001137,-50.0,180.0,40.62228204211669,90.0,102.91399818597642,130.6222820421167,90.0,117.91399818597642
1.7800000000000011,0.468453286464329,-50.0,199.64574501457375,31.092806610207106,90.0,120.39836842605678,121.0928066102071,90.0,120.39836842605678
1.7800000000000011,0.468453286464329,50.0,199.64574501457375,31.092806610207106,90.0,120.39836842605678,58.907193389792894,90.0,239.60163157394322
1.7800000000000011,-0.30000000000001137,50.0,180.0,40.62228204211669,90.0,102.91399818597642,49.37771795788331,90.0,257.0860018140236
1.8000000000000012,-0.5000000000000115,-50.0,180.0,40.68575292433173,90.0,102.91435444435028,130.68575292433172,90.0,117.91435444435028
1.8000000000000012,0.7725424859373858,-50.0,199.02113032590302,31.334710986088844,90.0,119.77472934813706,121.33471098608885,90.0,119.77472934813706
1.8000000000000012,0.7725424859373858,50.0,199.02113032590302,31.334710986088844,90.0,119.77472934813706,58.665289013911156,90.0,240.22527065186296
1.8000000000000012,-0.5000000000000115,50.0,180.0,40.68575292433173,90.0,102.91435444435028,49.31424707566827,90.0,257.0856455556497
1.8200000000000012,-0.7000000000000117,-50.0,180.0,40.74912802613842,90.0,102.91488883286344,130.7491280261384,90.0,117.91488883286344
1.8200000000000012,1.064448228912698,-50.0,198.09654104932034,31.732169195068558,90.0,118.86212179041128,121.73216919506856,90.0,118.86212179041128
1.8200000000000012,1.064448228912698,50.0,198.09654104932034,31.732169195068558,90.0,118.86212179041128,58.26783080493144,90.0,241.13787820958873
1.8200000000000012,-0.7000000000000117,50.0,180.0,40.74912802613842,90.0,102.91488883286344,49.25087197386158,90.0,257.0851111671366
1.8400000000000012,-0.9000000000000119,-50.0,180.0,40.81240718988585,90.0,102.91560135265883,130.81240718988585,90.0,117.91560135265883
1.8400000000000012,1.3395669874475071,-50.0,196.88655851004023,32.27296424166825,90.0,117.6859832410647,122.27296424166825,90.0,117.6859832410647
1.8400000000000012,1.3395669874475071,50.0,196.88655851004023,32.27296424166825,90.0,117.6859832410647,57.72703575833175,90.0,242.31401675893528
1.8400000000000012,-0.9000000000000119,50.0,180.0,40.81240718988585,90.0,102.91560135265883,49.18759281011415,90.0,257.0843986473412
1.8600000000000012,-1.100000000000012,-50.0,180.0,40.87559025777415,90.0,102.91649200526047,130.87559025777415,90.0,117.91649200526047
1.8600000000000012,1.5935599743717388,-50.0,195.4102648555157,32.94198352838783,90.0,116.27732237113088,122.94198352838782,90.0,116.27732237113088
1.8600000000000012,1.5935599743717388,50.0,195.4102648555157,32.94198352838783,90.0,116.27732237113088,57.05801647161217,90.0,243.72267762886912
1.8600000000000012,-1.100000000000012,50.0,180.0,40.87559025777415,90.0,102.91649200526047,49.12440974222585,90.0,257.08350799473953
1.8800000000000012,-1.3000000000000123,-50.0,180.0,40.938677071856496,90.0,102.91756079257364,130.9386770718565,90.0,117.91756079257364
1.8800000000000012,1.8224215685535419,-50.0,193.69094211857367,33.7221637692396,90.00000000000001,114.67088691011642,123.7221637692396,89.99999999999999,114.67088691011642
1.8800000000000012,1.8224215685535419,50.0,193.69094211857367,33.7221637692396,90.00000000000001,114.67088691011642,56.2778362307604,90.00000000000001,245.32911308988358
1.8800000000000012,-1.3000000000000123,50.0,180.0,40.938677071856496,90.0,102.91756079257364,49.061322928143504,90.0,257.0824392074264
1.9000000000000012,-1.5000000000000124,-50.0,180.0,41.001667474041504,90.0,102.91880771688503,131.0016674740415,90.0,117.91880771688503
1.9000000000000012,2.02254248593738,-50.0,191.75570504584934,34.59536441632295,90.0,112.90346053638598,124.59536441632295,90.0,112.90346053638598
1.9000000000000012,2.02254248593738,50.0,191.75570504584934,34.59536441632295,90.0,112.90346053638598,55.40463558367705,90.0,247.09653946361402
1.9000000000000012,-1.5000000000000124,50.0,180.0,41.001667474041504,90.0,102.91880771688503,48.998332525958496,90.0,257.081192283115
1.9200000000000013,-1.7000000000000126,-50.0,180.0,41.064561306095435,90.0,102.92023278086282,131.06456130609544,90.0,117.92023278086282
1.9200000000000013,2.190766700109668,-50.0,189.63507348203416,35.54309583942793,90.0,111.01242995841517,125.54309583942793,90.0,111.01242995841517
1.9200000000000013,2.190766700109668,50.0,189.63507348203416,35.54309583942793,90.0,111.01242995841517,54.45690416057207,90.0,248.98757004158483
1.9200000000000013,-1.7000000000000126,50.0,180.0,41.064561306095435,90.0,102.92023278086282,48.935438693904565,90.0,257.0797672191372
1.9400000000000013,-1.9000000000000128,-50.0,180.0,41.12735840964434,90.0,102.92183598755705,131.12735840964433,90.0,117.92183598755705
1.9400000000000013,2.3244412147206357,-50.0,187.36249105369342,36.54707252203471,90.0,109.03467899428685,126.54707252203471,90.0,109.03467899428685
1.9400000000000013,2.3244412147206357,50.0,187.36249105369342,36.54707252203471,90.0,109.03467899428685,53.45292747796529,90.0,250.96532100571315
1.9400000000000013,-1.9000000000000128,50.0,180.0,41.12735840964434,90.0,102.92183598755705,48.87264159035566,90.0,257.0781640124429
1.9600000000000013,-2.100000000000013,-50.0,180.0,41.19005862617631,90.0,102.92361734039967,131.19005862617632,90.0,117.92361734039967
1.9600000000000013,2.4214579028215826,-50.0,184.97379774329693,37.589595495450084,90.00000000000001,107.0058015204677,127.58959549545008,89.99999999999999,107.0058015204677
1.9600000000000013,2.4214579028215826,50.0,184.97379774329693,37.589595495450084,90.00000000000001,107.0058015204677,52.410404504549916,90.00000000000001,252.99419847953232
1.9600000000000013,-2.100000000000013,50.0,180.0,41.19005862617631,90.0,102.92361734039967,48.80994137382369,90.0,257.0763826596003
1.9800000000000013,-2.300000000000013,-50.0,180.0,41.25266179704365,90.0,102.92557684320502,131.25266179704366,90.0,117.92557684320502
1.9800000000000013,2.4802867532861974,-50.0,182.50666467128593,38.65378850062568,90.0,104.95958668246027,128.6537885006257,90.0,104.95958668246027
1.9800000000000013,2.4802867532861974,50.0,182.50666467128593,38.65378850062568,90.0,104.95958668246027,51.34621149937432,90.0,255.04041331753973
1.9800000000000013,-2.300000000000013,50.0,180.0,41.25266179704365,90.0,102.92557684320502,48.74733820295635,90.0,257.074423156795
2.0000000000000013,-2.5,-50.0,180.00000000000017,41.31516776346493,90.0,102.92771450017004,131.31516776346493,90.0,117.92771450017004
2.0000000000000013,2.4999999999999867,-50.0,180.0,39.723720657986455,90.0,102.92771450016991,129.72372065798646,90.0,102.92771450016991
2.0000000000000013,2.4999999999999867,50.0,180.0,39.723720657986455,90.0,102.92771450016991,50.276279342013545,90.0,257.07228549983006
2.0000000000000013,-2.5,50.0,180.00000000000017,41.31516776346493,90.0,102.92771450017004,48.68483223653507,90.0,257.07228549982995
2.0200000000000014,-2.480286753286192,-50.0,182.50666467128625,40.21100522307651,90.0,104.95958668246053,130.2110052230765,90.0,119.95958668246053
2.0200000000000014,2.2999999999999865,-50.0,180.0,39.78851600160708,90.0,102.92557684320502,129.7885160016071,90.0,102.92557684320502
2.0200000000000014,2.2999999999999865,50.0,180.0,39.78851600160708,90.0,102.92557684320502,50.21148399839292,90.0,257.074423156795
2.0200000000000014,-2.480286753286192,50.0,182.50666467128625,40.21100522307651,90.0,104.95958668246053,49.78899477692349,90.0,255.04041331753947
2.0400000000000014,-2.4214579028215724,-50.0,184.97379774329727,39.08960679846053,90.0,107.00580152046801,129.08960679846052,90.0,122.00580152046801
2.0400000000000014,2.0999999999999863,-50.0,180.0,39.85321775496852,90.0,102.92361734039967,129.8532177549685,90.0,102.92361734039967
2.0400000000000014,2.0999999999999863,50.0,180.0,39.85321775496852,90.0,102.92361734039967,50.14678224503148,90.0,257.0763826596003
2.0400000000000014,-2.4214579028215724,50.0,184.97379774329727,39.08960679846053,90.0,107.00580152046801,50.91039320153947,90.0,252.99419847953197
2.0600000000000014,-2.3244412147206206,-50.0,187.36249105369373,37.96863602197304,90.0,109.03467899428713,127.96863602197304,90.0,124.03467899428713
2.0600000000000014,1.8999999999999861,-50.0,180.0,39.91782576275425,90.0,102.92183598755705,129.91782576275426,90.0,102.92183598755705
2.0600000000000014,1.8999999999999861,50.0,180.0,39.91782576275425,90.0,102.92183598755705,50.08217423724575,90.0,257.0781640124429
2.0600000000000014,-2.3244412147206206,50.0,187.36249105369373,37.96863602197304,90.0,109.03467899428713,52.03136397802696,90.0,250.96532100571287
2.0800000000000014,-2.1907667001096485,-50.0,189.63507348203447,36.86686047711933,90.0,111.01242995841544,126.86686047711933,90.0,126.01242995841544
2.0800000000000014,1.699999999999986,-50.0,180.0,39.98233986946522,90.0,102.92023278086282,129.98233986946522,90.0,102.92023278086282
2.0800000000000014,1.699999999999986,50.0,180.0,39.98233986946522,90.0,102.92023278086282,50.01766013053478,90.0,257.0797672191372
2.0800000000000014,-2.1907667001096485,50.0,189.63507348203447,36.86686047711933,90.0,111.01242995841544,53.13313952288067,90.0,248.98757004158455
2.1000000000000014,-2.0225424859373557,-50.0,191.7557050458496,35.803973581496585,90.0,112.90346053638619,125.80397358149659,90.0,127.90346053638619
2.1000000000000014,1.4999999999999858,-50.0,180.0,40.04675991942235,90.0,102.91880771688503,130.04675991942236,90.0,102.91880771688503
2.1000000000000014,1.4999999999999858,50.0,180.0,40.04675991942235,90.0,102.91880771688503,49.95324008057765,90.0,257.081192283115
2.1000000000000014,-2.0225424859373557,50.0,191.7557050458496,35.803973581496585,90.0,112.90346053638619,54.196026418503415,90.0,247.0965394636138
2.1200000000000014,-1.8224215685535134,-50.0,193.6909421185739,34.80031416828844,90.0,114.67088691011665,124.80031416828844,90.0,129.67088691011665
2.1200000000000014,1.2999999999999856,-50.0,180.0,40.111085756769064,90.0,102.91756079257364,130.11108575676906,90.0,102.91756079257364
2.1200000000000014,1.2999999999999856,50.0,180.0,40.111085756769064,90.0,102.91756079257364,49.888914243230936,90.0,257.0824392074264
2.1200000000000014,-1.8224215685535134,50.0,193.6909421185739,34.80031416828844,90.0,114.67088691011665,55.19968583171156,90.0,245.32911308988335
2.1400000000000015,-1.5935599743717068,-50.0,195.4102648555159,33.87645068214134,90.0,116.27732237113108,123.87645068214134,90.0,131.27732237113108
2.1400000000000015,1.0999999999999854,-50.0,180.0,40.17531722547363,90.0,102.91649200526047,130.17531722547363,90.0,102.91649200526047
2.1400000000000015,1.0999999999999854,50.0,180.0,40.17531722547363,90.0,102.91649200526047,49.82468277452637,90.0,257.08350799473953
2.1400000000000015,-1.5935599743717068,50.0,195.4102648555159,33.87645068214134,90.0,116.27732237113108,56.12354931785866,90.0,243.72267762886892
2.1600000000000015,-1.3395669874474723,-50.0,196.8865585100404,33.05260456924832,90.00000000000001,117.68598324106487,123.05260456924832,89.99999999999999,132.6859832410649
2.1600000000000015,0.8999999999999853,-50.0,180.0,40.2394541693317,90.0,102.91560135265883,130.2394541693317,90.0,102.91560135265883
2.1600000000000015,0.8999999999999853,50.0,180.0,40.2394541693317,90.0,102.91560135265883,49.7605458306683,90.0,257.0843986473412
2.1600000000000015,-1.3395669874474723,50.0,196.8865585100404,33.05260456924832,90.00000000000001,117.68598324106487,56.94739543075168,90.00000000000001,242.3140167589351
2.1800000000000015,-1.0644482289126604,-50.0,198.09654104932048,32.34790739763171,90.0,118.86212179041142,122.3479073976317,90.0,133.86212179041144
2.1800000000000015,0.6999999999999851,-50.0,180.0,40.30349643196877,90.0,102.91488883286344,130.30349643196877,90.0,102.91488883286344
2.1800000000000015,0.6999999999999851,50.0,180.0,40.30349643196877,90.0,102.91488883286344,49.69650356803123,90.0,257.0851111671366
2.1800000000000015,-1.0644482289126604,50.0,198.09654104932048,32.34790739763171,90.0,118.86212179041142,57.65209260236829,90.0,241.13787820958856
2.2000000000000015,-0.772542485937346,-50.0,199.02113032590313,31.779520052870705,90.00000000000001,119.77472934813716,121.77952005287071,89.99999999999999,134.77472934813716
2.2000000000000015,0.4999999999999849,-50.0,180.0,40.367443856842414,90.0,102.91435444435028,130.3674438568424,90.0,102.91435444435028
2.2000000000000015,0.4999999999999849,50.0,180.0,40.367443856842414,90.0,102.91435444435028,49.632556143157586,90.0,257.0856455556497
2.2000000000000015,-0.772542485937346,50.0,199.02113032590313,31.779520052870705,90.00000000000001,119.77472934813716,58.22047994712929,90.00000000000001,240.22527065186284
2.2200000000000015,-0.4684532864642884,-50.0,199.6457450145738,31.361686339682517,90.0,120.39836842605683,121.36168633968252,90.0,135.39836842605683
2.2200000000000015,0.2999999999999847,-50.0,180.0,40.43129628724495,90.0,102.91399818597642,130.43129628724495,90.0,102.91399818597642
2.2200000000000015,0.2999999999999847,50.0,180.0,40.43129628724495,90.0,102.91399818597642,49.56870371275505,90.0,257.0860018140236
2.2200000000000015,-0.4684532864642884,50.0,199.6457450145738,31.361686339682517,90.0,120.39836842605683,58.63831366031748,90.0,239.60163157394317
2.2400000000000015,-0.15697629882325942,-50.0,199.96053456856544,31.104836159316374,90.00000000000001,120.7149105933217,121.10483615931638,89.99999999999999,135.7149105933217
2.2400000000000015,0.09999999999998455,-50.0,180.0,40.49505356630551,90.0,102.91382005697997,130.4950535663055,90.0,102.91382005697997
2.2400000000000015,0.09999999999998455,50.0,180.0,40.49505356630551,90.0,102.91382005697997,49.50494643369449,90.0,257.08617994302006
2.2400000000000015,-0.15697629882325942,50.0,199.96053456856544,31.104836159316374,90.00000000000001,120.7149105933217,58.89516384068362,90.00000000000001,239.2850894066783
2.2600000000000016,0.15697629882330788,-50.0,199.9605345685654,31.014877632470725,90.0,120.7149105933217,121.01487763247073,90.0,135.7149105933217
2.2600000000000016,-0.10000000000001563,-50.0,180.0,40.55871553699268,90.0,102.91382005697997,130.55871553699268,90.0,102.91382005697997
2.2600000000000016,-0.10000000000001563,50.0,180.0,40.55871553699268,90.0,102.91382005697997,49.44128446300732,90.0,257.08617994302006
2.2600000000000016,0.15697629882330788,50.0,199.9605345685654,31.014877632470725,90.0,120.7149105933217,58.98512236752927,90.0,239.2850894066783
2.2800000000000016,0.46845328646433604,-50.0,199.64574501457375,31.092806610207106,90.0,120.39836842605678,121.0928066102071,90.0,135.39836842605678
2.2800000000000016,-0.3000000000000158,-50.0,180.0,40.62228204211669,90.0,102.91399818597642,130.6222820421167,90.0,102.91399818597642
2.2800000000000016,-0.3000000000000158,50.0,180.0,40.62228204211669,90.0,102.91399818597642,49.37771795788331,90.0,257.0860018140236
2.2800000000000016,0.46845328646433604,50.0,199.64574501457375,31.092806610207106,90.0,120.39836842605678,58.907193389792894,90.0,239.60163157394322
2.3000000000000016,0.772542485937392,-50.0,199.02113032590302,31.33471098608884,90.0,119.77472934813706,121.33471098608884,90.0,134.77472934813704
2.3000000000000016,-0.500000000000016,-50.0,180.0,40.68575292433173,90.0,102.91435444435028,130.68575292433172,90.0,102.91435444435028
2.3000000000000016,-0.500000000000016,50.0,180.0,40.68575292433173,90.0,102.91435444435028,49.31424707566827,90.0,257.0856455556497
2.3000000000000016,0.772542485937392,50.0,199.02113032590302,31.33471098608884,90.0,119.77472934813706,58.66528901391116,90.0,240.22527065186296
2.3200000000000016,1.064448228912704,-50.0,198.0965410493203,31.73216919506858,90.0,118.86212179041125,121.73216919506858,90.0,133.86212179041127
2.3200000000000016,-0.7000000000000162,-50.0,180.0,40.74912802613842,90.0,102.91488883286344,130.7491280261384,90.0,102.91488883286344
2.3200000000000016,-0.7000000000000162,50.0,180.0,40.74912802613842,90.0,102.91488883286344,49.25087197386158,90.0,257.0851111671366
2.3200000000000016,1.064448228912704,50.0,198.0965410493203,31.73216919506858,90.0,118.86212179041125,58.26783080493142,90.0,241.13787820958873
2.3400000000000016,1.3395669874475127,-50.0,196.8865585100402,32.27296424166827,90.00000000000001,117.68598324106465,122.27296424166826,89.99999999999999,132.68598324106466
2.3400000000000016,-0.9000000000000163,-50.0,180.0,40.81240718988585,90.0,102.91560135265883,130.81240718988585,90.0,102.91560135265883
2.3400000000000016,-0.9000000000000163,50.0,180.0,40.81240718988585,90.0,102.91560135265883,49.18759281011415,90.0,257.0843986473412
2.3400000000000016,1.3395669874475127,50.0,196.8865585100402,32.27296424166827,90.00000000000001,117.68598324106465,57.72703575833173,90.00000000000001,242.31401675893534
2.3600000000000017,1.5935599743717441,-50.0,195.41026485551566,32.941983528387844,90.0,116.27732237113082,122.94198352838785,90.0,131.27732237113082
2.3600000000000017,-1.1000000000000165,-50.0,180.0,40.87559025777415,90.0,102.91649200526047,130.87559025777415,90.0,102.91649200526047
2.3600000000000017,-1.1000000000000165,50.0,180.0,40.87559025777415,90.0,102.91649200526047,49.12440974222585,90.0,257.08350799473953
2.3600000000000017,1.5935599743717441,50.0,195.41026485551566,32.941983528387844,90.0,116.27732237113082,57.058016471612156,90.0,243.72267762886918
2.3800000000000017,1.8224215685535468,-50.0,193.69094211857362,33.72216376923963,90.0,114.67088691011637,123.72216376923963,90.0,129.67088691011637
2.3800000000000017,-1.3000000000000167,-50.0,180.0,40.938677071856496,90.0,102.91756079257364,130.9386770718565,90.0,102.91756079257364
2.3800000000000017,-1.3000000000000167,50.0,180.0,40.938677071856496,90.0,102.91756079257364,49.061322928143504,90.0,257.0824392074264
2.3800000000000017,1.8224215685535468,50.0,193.69094211857362,33.72216376923963,90.0,114.67088691011637,56.27783623076037,90.0,245.32911308988363
2.4000000000000017,2.022542485937384,-50.0,191.75570504584928,34.595364416322965,90.0,112.90346053638592,124.59536441632297,90.0,127.90346053638592
2.4000000000000017,-1.5000000000000169,-50.0,180.0,41.001667474041504,90.0,102.91880771688503,131.0016674740415,90.0,102.91880771688503
2.4000000000000017,-1.5000000000000169,50.0,180.0,41.001667474041504,90.0,102.91880771688503,48.998332525958496,90.0,257.081192283115
2.4000000000000017,2.022542485937384,50.0,191.75570504584928,34.595364416322965,90.0,112.90346053638592,55.404635583677035,90.0,247.09653946361408
2.4200000000000017,2.190766700109672,-50.0,189.63507348203413,35.54309583942794,90.0,111.01242995841515,125.54309583942793,90.0,126.01242995841515
2.4200000000000017,-1.700000000000017,-50.0,180.0,41.06456130609544,90.0,102.92023278086282,131.06456130609544,90.0,102.92023278086282
2.4200000000000017,-1.700000000000017,50.0,180.0,41.06456130609544,90.0,102.92023278086282,48.93543869390456,90.0,257.0797672191372
2.4200000000000017,2.190766700109672,50.0,189.63507348203413,35.54309583942794,90.0,111.01242995841515,54.45690416057206,90.0,248.98757004158483
2.4400000000000017,2.324441214720639,-50.0,187.36249105369336,36.547072522034725,90.0,109.03467899428679,126.54707252203472,90.0,124.03467899428679
2.4400000000000017,-1.9000000000000172,-50.0,180.0,41.12735840964434,90.0,102.92183598755705,131.12735840964433,90.0,102.92183598755705
2.4400000000000017,-1.9000000000000172,50.0,180.0,41.12735840964434,90.0,102.92183598755705,48.87264159035566,90.0,257.0781640124429
2.4400000000000017,2.324441214720639,50.0,187.36249105369336,36.547072522034725,90.0,109.03467899428679,53.452927477965275,90.0,250.9653210057132
2.4600000000000017,2.4214579028215844,-50.0,184.9737977432969,37.589595495450084,90.0,107.0058015204677,127.58959549545008,90.0,122.0058015204677
2.4600000000000017,-2.1000000000000174,-50.0,180.0,41.19005862617631,90.0,102.92361734039967,131.19005862617632,90.0,102.92361734039967
2.4600000000000017,-2.1000000000000174,50.0,180.0,41.19005862617631,90.0,102.92361734039967,48.80994137382369,90.0,257.0763826596003
2.4600000000000017,2.4214579028215844,50.0,184.9737977432969,37.589595495450084,90.0,107.0058015204677,52.410404504549916,90.0,252.99419847953232
2.4800000000000018,2.480286753286198,-50.0,182.50666467128588,38.65378850062571,90.0,104.95958668246023,128.6537885006257,90.0,119.95958668246023
2.4800000000000018,-2.3000000000000176,-50.0,180.0,41.25266179704365,90.0,102.92557684320502,131.25266179704366,90.0,102.92557684320502
2.4800000000000018,-2.3000000000000176,50.0,180.0,41.25266179704365,90.0,102.92557684320502,48.74733820295635,90.0,257.074423156795
2.4800000000000018,2.480286753286198,50.0,182.50666467128588,38.65378850062571,90.0,104.95958668246023,51.34621149937429,90.0,255.0404133175398
2.5000000000000018,2.4999999999999822,-50.0,180.0,39.723720657986455,90.0,102.92771450016991,129.72372065798646,90.0,117.92771450016991
2.5000000000000018,-2.5,-50.0,180.00000000000023,41.315167763464885,90.00000000000001,102.92771450017011,131.3151677634649,89.99999999999999,102.92771450017011
2.5000000000000018,-2.5,50.0,180.00000000000023,41.315167763464885,90.00000000000001,102.92771450017011,48.684832236535115,90.00000000000001,257.0722854998299
2.5000000000000018,2.4999999999999822,50.0,180.0,39.723720657986455,90.0,102.92771450016991,50.276279342013545,90.0,257.07228549983006
2.520000000000002,2.299999999999982,-50.0,180.0,39.78851600160708,90.0,102.92557684320502,129.7885160016071,90.0,117.92557684320502
2.520000000000002,-2.480286753286191,-50.0,182.5066646712863,40.21100522307649,90.00000000000001,104.95958668246058,130.21100522307648,89.99999999999999,104.95958668246058
2.520000000000002,-2.480286753286191,50.0,182.5066646712863,40.21100522307649,90.00000000000001,104.95958668246058,49.78899477692351,90.00000000000001,255.04041331753942
2.520000000000002,2.299999999999982,50.0,180.0,39.78851600160708,90.0,102.92557684320502,50.21148399839292,90.0,257.074423156795
2.540000000000002,2.099999999999982,-50.0,180.0,39.853217754968526,90.0,102.92361734039967,129.8532177549685,90.0,117.92361734039967
2.540000000000002,-2.4214579028215706,-50.0,184.97379774329733,39.0896067984605,90.0,107.00580152046805,129.0896067984605,90.0,107.00580152046805
2.540000000000002,-2.4214579028215706,50.0,184.97379774329733,39.0896067984605,90.0,107.00580152046805,50.9103932015395,90.0,252.99419847953195
2.540000000000002,2.099999999999982,50.0,180.0,39.853217754968526,90.0,102.92361734039967,50.146782245031474,90.0,257.0763826596003
2.560000000000002,1.8999999999999817,-50.0,180.0,39.917825762754255,90.0,102.92183598755705,129.91782576275426,90.0,117.92183598755705
2.560000000000002,-2.324441214720618,-50.0,187.36249105369376,37.96863602197303,90.0,109.03467899428713,127.96863602197303,90.0,109.03467899428713
2.560000000000002,-2.324441214720618,50.0,187.36249105369376,37.96863602197303,90.0,109.03467899428713,52.03136397802697,90.0,250.96532100571287
2.560000000000002,1.8999999999999817,50.0,180.0,39.917825762754255,90.0,102.92183598755705,50.082174237245745,90.0,257.0781640124429
2.580000000000002,1.6999999999999815,-50.0,180.0,39.98233986946522,90.0,102.92023278086282,129.98233986946522,90.0,117.92023278086282
2.580000000000002,-2.190766700109645,-50.0,189.6350734820345,36.86686047711933,90.0,111.01242995841544,126.86686047711933,90.0,111.01242995841544
2.580000000000002,-2.190766700109645,50.0,189.6350734820345,36.86686047711933,90.0,111.01242995841544,53.13313952288067,90.0,248.98757004158455
2.580000000000002,1.6999999999999815,50.0,180.0,39.98233986946522,90.0,102.92023278086282,50.01766013053478,90.0,257.0797672191372
2.600000000000002,1.4999999999999813,-50.0,180.0,40.04675991942236,90.0,102.91880771688503,130.04675991942236,90.0,117.91880771688503
2.600000000000002,-2.0225424859373513,-50.0,191.75570504584965,35.80397358149656,90.0,112.90346053638623,125.80397358149656,90.0,112.90346053638623
2.600000000000002,-2.0225424859373513,50.0,191.75570504584965,35.80397358149656,90.0,112.90346053638623,54.19602641850344,90.0,247.09653946361377
2.600000000000002,1.4999999999999813,50.0,180.0,40.04675991942236,90.0,102.91880771688503,49.95324008057764,90.0,257.081192283115
2.620000000000002,1.2999999999999812,-50.0,180.0,40.111085756769064,90.0,102.91756079257364,130.11108575676906,90.0,117.91756079257364
2.620000000000002,-1.8224215685535086,-50.0,193.69094211857396,34.800314168288416,90.0,114.67088691011669,124.80031416828842,90.0,114.67088691011669
2.620000000000002,-1.8224215685535086,50.0,193.69094211857396,34.800314168288416,90.0,114.67088691011669,55.199685831711584,90.0,245.32911308988332
2.620000000000002,1.2999999999999812,50.0,180.0,40.111085756769064,90.0,102.91756079257364,49.888914243230936,90.0,257.0824392074264
2.640000000000002,1.099999999999981,-50.0,180.0,40.17531722547363,90.0,102.91649200526047,130.17531722547363,90.0,117.91649200526047
2.640000000000002,-1.5935599743717013,-50.0,195.41026485551595,33.8764506821413,90.00000000000001,116.27732237113113,123.8764506821413,89.99999999999999,116.27732237113113
2.640000000000002,-1.5935599743717013,50.0,195.41026485551595,33.8764506821413,90.00000000000001,116.27732237113113,56.1235493178587,90.00000000000001,243.72267762886887
2.640000000000002,1.099999999999981,50.0,180.0,40.17531722547363,90.0,102.91649200526047,49.82468277452637,90.0,257.08350799473953
2.660000000000002,0.8999999999999808,-50.0,180.0,40.23945416933171,90.0,102.91560135265883,130.2394541693317,90.0,117.91560135265883
2.660000000000002,-1.339566987447466,-50.0,196.88655851004043,33.05260456924832,90.0,117.68598324106487,123.05260456924832,90.0,117.68598324106487
2.660000000000002,-1.339566987447466,50.0,196.88655851004043,33.05260456924832,90.0,117.68598324106487,56.94739543075168,90.0,242.3140167589351
2.660000000000002,0.8999999999999808,50.0,180.0,40.23945416933171,90.0,102.91560135265883,49.76054583066829,90.0,257.0843986473412
2.680000000000002,0.6999999999999806,-50.0,180.0,40.30349643196877,90.0,102.91488883286344,130.30349643196877,90.0,117.91488883286344
2.680000000000002,-1.064448228912654,-50.0,198.09654104932048,32.34790739763171,90.0,118.86212179041142,122.3479073976317,90.0,118.86212179041142
2.680000000000002,-1.064448228912654,50.0,198.09654104932048,32.34790739763171,90.0,118.86212179041142,57.65209260236829,90.0,241.13787820958856
2.680000000000002,0.6999999999999806,50.0,180.0,40.30349643196877,90.0,102.91488883286344,49.69650356803123,90.0,257.0851111671366
2.700000000000002,0.49999999999998046,-50.0,180.0,40.367443856842414,90.0,102.91435444435028,130.3674438568424,90.0,117.91435444435028
2.700000000000002,-0.7725424859373397,-50.0,199.02113032590316,31.779520052870684,90.00000000000001,119.77472934813719,121.77952005287068,89.99999999999999,119.77472934813719
2.700000000000002,-0.7725424859373397,50.0,199.02113032590316,31.779520052870684,90.00000000000001,119.77472934813719,58.22047994712932,90.00000000000001,240.22527065186281
2.700000000000002,0.49999999999998046,50.0,180.0,40.367443856842414,90.0,102.91435444435028,49.632556143157586,90.0,257.0856455556497
2.720000000000002,0.2999999999999803,-50.0,180.0,40.43129628724495,90.0,102.91399818597642,130.43129628724495,90.0,117.91399818597642
2.720000000000002,-0.46845328646428125,-50.0,199.64574501457383,31.36168633968251,90.0,120.39836842605683,121.3616863396825,90.0,120.39836842605683
2.720000000000002,-0.46845328646428125,50.0,199.64574501457383,31.36168633968251,90.0,120.39836842605683,58.63831366031749,90.0,239.60163157394317
2.720000000000002,0.2999999999999803,50.0,180.0,40.43129628724495,90.0,102.91399818597642,49.56870371275505,90.0,257.0860018140236
2.740000000000002,0.0999999999999801,-50.0,180.0,40.49505356630551,90.0,102.91382005697997,130.4950535663055,90.0,117.91382005697997
2.740000000000002,-0.15697629882325226,-50.0,199.96053456856544,31.10483615931637,90.00000000000001,120.7149105933217,121.10483615931636,89.99999999999999,120.7149105933217
2.740000000000002,-0.15697629882325226,50.0,199.96053456856544,31.10483615931637,90.00000000000001,120.7149105933217,58.89516384068363,90.00000000000001,239.2850894066783
2.740000000000002,0.0999999999999801,50.0,180.0,40.49505356630551,90.0,102.91382005697997,49.50494643369449,90.0,257.08617994302006
2.760000000000002,-0.10000000000002007,-50.0,180.0,40.558715536992686,90.0,102.91382005697997,130.55871553699268,90.0,117.91382005697997
2.760000000000002,0.15697629882331451,-50.0,199.9605345685654,31.014877632470725,90.0,120.7149105933217,121.01487763247073,90.0,120.7149105933217
2.760000000000002,0.15697629882331451,50.0,199.9605345685654,31.014877632470725,90.0,120.7149105933217,58.98512236752927,90.0,239.2850894066783
2.760000000000002,-0.10000000000002007,50.0,180.0,40.558715536992686,90.0,102.91382005697997,49.441284463007314,90.0,257.08617994302006
2.780000000000002,-0.30000000000002025,-50.0,180.0,40.62228204211669,90.0,102.91399818597642,130.6222820421167,90.0,117.91399818597642
2.780000000000002,0.4684532864643426,-50.0,199.64574501457372,31.092806610207134,90.00000000000001,120.39836842605672,121.09280661020713,89.99999999999999,120.39836842605672
2.780000000000002,0.4684532864643426,50.0,199.64574501457372,31.092806610207134,90.00000000000001,120.39836842605672,58.907193389792866,90.00000000000001,239.60163157394328
2.780000000000002,-0.30000000000002025,50.0,180.0,40.62228204211669,90.0,102.91399818597642,49.37771795788331,90.0,257.0860018140236
2.800000000000002,-0.5000000000000204,-50.0,180.0,40.68575292433174,90.0,102.91435444435028,130.68575292433172,90.0,117.91435444435028
2.800000000000002,0.772542485937399,-50.0,199.021130325903,31.33471098608885,90.0,119.77472934813703,121.33471098608885,90.0,119.77472934813703
2.800000000000002,0.772542485937399,50.0,199.021130325903,31.33471098608885,90.0,119.77472934813703,58.66528901391115,90.0,240.22527065186296
2.800000000000002,-0.5000000000000204,50.0,180.0,40.68575292433174,90.0,102.91435444435028,49.31424707566826,90.0,257.0856455556497
2.820000000000002,-0.7000000000000206,-50.0,180.0,40.74912802613842,90.0,102.91488883286344,130.7491280261384,90.0,117.91488883286344
2.820000000000002,1.0644482289127108,-50.0,198.09654104932028,31.732169195068582,90.0,118.86212179041122,121.73216919506858,90.0,118.86212179041122
2.820000000000002,1.0644482289127108,50.0,198.09654104932028,31.732169195068582,90.0,118.86212179041122,58.26783080493142,90.0,241.1378782095888
2.820000000000002,-0.7000000000000206,50.0,180.0,40.74912802613842,90.0,102.91488883286344,49.25087197386158,90.0,257.0851111671366
2.840000000000002,-0.9000000000000208,-50.0,180.0,40.81240718988585,90.0,102.91560135265883,130.81240718988585,90.0,117.91560135265883
2.840000000000002,1.3395669874475193,-50.0,196.88655851004017,32.27296424166829,90.0,117.68598324106462,122.27296424166829,90.0,117.68598324106462
2.840000000000002,1.3395669874475193,50.0,196.88655851004017,32.27296424166829,90.0,117.68598324106462,57.72703575833171,90.0,242.3140167589354
2.840000000000002,-0.9000000000000208,50.0,180.0,40.81240718988585,90.0,102.91560135265883,49.18759281011415,90.0,257.0843986473412
2.860000000000002,-1.100000000000021,-50.0,180.0,40.87559025777415,90.0,102.91649200526047,130.87559025777415,90.0,117.91649200526047
2.860000000000002,1.593559974371749,-50.0,195.4102648555156,32.941983528387865,90.0,116.27732237113078,122.94198352838787,90.0,116.27732237113078
2.860000000000002,1.593559974371749,50.0,195.4102648555156,32.941983528387865,90.0,116.27732237113078,57.058016471612135,90.0,243.72267762886923
2.860000000000002,-1.100000000000021,50.0,180.0,40.87559025777415,90.0,102.91649200526047,49.12440974222585,90.0,257.08350799473953
2.880000000000002,-1.3000000000000211,-50.0,180.0,40.9386770718565,90.0,102.91756079257364,130.9386770718565,90.0,117.91756079257364
2.880000000000002,1.8224215685535512,-50.0,193.6909421185736,33.72216376923963,90.0,114.67088691011634,123.72216376923963,90.0,114.67088691011634
2.880000000000002,1.8224215685535512,50.0,193.6909421185736,33.72216376923963,90.0,114.67088691011634,56.27783623076037,90.0,245.32911308988366
2.880000000000002,-1.3000000000000211,50.0,180.0,40.9386770718565,90.0,102.91756079257364,49.0613229281435,90.0,257.0824392074264
2.900000000000002,-1.5000000000000213,-50.0,180.0,41.001667474041504,90.0,102.91880771688503,131.0016674740415,90.0,117.91880771688503
2.900000000000002,2.022542485937388,-50.0,191.75570504584925,34.595364416322994,90.0,112.90346053638588,124.595364416323,90.0,112.90346053638588
2.900000000000002,2.022542485937388,50.0,191.75570504584925,34.595364416322994,90.0,112.90346053638588,55.404635583677006,90.0,247.09653946361414
2.900000000000002,-1.5000000000000213,50.0,180.0,41.001667474041504,90.0,102.91880771688503,48.998332525958496,90.0,257.081192283115
2.920000000000002,-1.7000000000000215,-50.0,180.0,41.06456130609544,90.0,102.92023278086282,131.06456130609544,90.0,117.92023278086282
2.920000000000002,2.190766700109675,-50.0,189.63507348203407,35.54309583942796,90.0,111.01242995841511,125.54309583942796,90.0,111.01242995841511
2.920000000000002,2.190766700109675,50.0,189.63507348203407,35.54309583942796,90.0,111.01242995841511,54.45690416057204,90.0,248.9875700415849
2.920000000000002,-1.7000000000000215,50.0,180.0,41.06456130609544,90.0,102.92023278086282,48.93543869390456,90.0,257.0797672191372
2.940000000000002,-1.9000000000000217,-50.0,180.0,41.12735840964434,90.0,102.92183598755705,131.12735840964433,90.0,117.92183598755705
2.940000000000002,2.324441214720641,-50.0,187.3624910536933,36.547072522034746,90.0,109.03467899428676,126.54707252203474,90.0,109.03467899428676
2.940000000000002,2.324441214720641,50.0,187.3624910536933,36.547072522034746,90.0,109.03467899428676,53.452927477965254,90.0,250.96532100571324
2.940000000000002,-1.9000000000000217,50.0,180.0,41.12735840964434,90.0,102.92183598755705,48.87264159035566,90.0,257.0781640124429
2.960000000000002,-2.100000000000022,-50.0,180.0,41.19005862617631,90.0,102.92361734039967,131.19005862617632,90.0,117.92361734039967
2.960000000000002,2.421457902821586,-50.0,184.97379774329684,37.589595495450105,90.0,107.00580152046766,127.58959549545011,90.0,107.00580152046766
2.960000000000002,2.421457902821586,50.0,184.97379774329684,37.589595495450105,90.0,107.00580152046766,52.410404504549895,90.0,252.99419847953234
2.960000000000002,-2.100000000000022,50.0,180.0,41.19005862617631,90.0,102.92361734039967,48.80994137382369,90.0,257.0763826596003
2.980000000000002,-2.300000000000022,-50.0,180.0,41.25266179704366,90.0,102.92557684320502,131.25266179704366,90.0,117.92557684320502
2.980000000000002,2.4802867532861987,-50.0,182.50666467128582,38.65378850062574,90.0,104.95958668246018,128.65378850062575,90.0,104.95958668246018
2.980000000000002,2.4802867532861987,50.0,182.50666467128582,38.65378850062574,90.0,104.95958668246018,51.34621149937426,90.0,255.04041331753982
2.980000000000002,-2.300000000000022,50.0,180.0,41.25266179704366,90.0,102.92557684320502,48.74733820295634,90.0,257.074423156795
3.000000000000002,-2.5,-50.0,180.00000000000028,41.31516776346488,90.0,102.92771450017013,131.31516776346487,90.0,117.92771450017013
3.000000000000002,2.499999999999978,-50.0,180.0,39.72372065798646,90.0,102.92771450016991,129.72372065798646,90.0,102.92771450016991
3.000000000000002,2.499999999999978,50.0,180.0,39.72372065798646,90.0,102.92771450016991,50.27627934201354,90.0,257.07228549983006
3.000000000000002,-2.5,50.0,180.00000000000028,41.31516776346488,90.0,102.92771450017013,48.68483223653512,90.0,257.0722854998299
3.0200000000000022,-2.4802867532861903,-50.0,182.50666467128636,40.21100522307646,90.0,104.95958668246062,130.21100522307646,90.0,119.95958668246062
3.0200000000000022,2.2999999999999776,-50.0,180.0,39.788516001607086,90.0,102.92557684320502,129.7885160016071,90.0,102.92557684320502
3.0200000000000022,2.2999999999999776,50.0,180.0,39.788516001607086,90.0,102.92557684320502,50.211483998392914,90.0,257.074423156795
3.0200000000000022,-2.4802867532861903,50.0,182.50666467128636,40.21100522307646,90.0,104.95958668246062,49.78899477692354,90.0,255.0404133175394
3.0400000000000023,-2.4214579028215693,-50.0,184.97379774329738,39.08960679846047,90.0,107.0058015204681,129.08960679846047,90.0,122.0058015204681
3.0400000000000023,2.0999999999999774,-50.0,180.0,39.853217754968526,90.0,102.92361734039967,129.8532177549685,90.0,102.92361734039967
3.0400000000000023,2.0999999999999774,50.0,180.0,39.853217754968526,90.0,102.92361734039967,50.146782245031474,90.0,257.0763826596003
3.0400000000000023,-2.4214579028215693,50.0,184.97379774329738,39.08960679846047,90.0,107.0058015204681,50.91039320153953,90.0,252.99419847953192
3.0600000000000023,-2.3244412147206153,-50.0,187.36249105369382,37.968636021973005,90.0,109.03467899428716,127.968636021973,90.0,124.03467899428716
3.0600000000000023,1.8999999999999773,-50.0,180.0,39.917825762754255,90.0,102.92183598755705,129.91782576275426,90.0,102.92183598755705
3.0600000000000023,1.8999999999999773,50.0,180.0,39.917825762754255,90.0,102.92183598755705,50.082174237245745,90.0,257.0781640124429
3.0600000000000023,-2.3244412147206153,50.0,187.36249105369382,37.968636021973005,90.0,109.03467899428716,52.031363978026995,90.0,250.96532100571284
3.0800000000000023,-2.190766700109642,-50.0,189.63507348203456,36.8668604771193,90.00000000000001,111.01242995841548,126.8668604771193,89.99999999999999,126.01242995841548
3.0800000000000023,1.699999999999977,-50.0,180.0,39.98233986946522,90.0,102.92023278086282,129.98233986946522,90.0,102.92023278086282
3.0800000000000023,1.699999999999977,50.0,180.0,39.98233986946522,90.0,102.92023278086282,50.01766013053478,90.0,257.0797672191372
3.0800000000000023,-2.190766700109642,50.0,189.63507348203456,36.8668604771193,90.00000000000001,111.01242995841548,53.1331395228807,90.00000000000001,248.98757004158452
3.1000000000000023,-2.0225424859373473,-50.0,191.7557050458497,35.803973581496535,90.0,112.90346053638629,125.80397358149654,90.0,127.90346053638629
3.1000000000000023,1.499999999999977,-50.0,180.0,40.04675991942236,90.0,102.91880771688503,130.04675991942236,90.0,102.91880771688503
3.1000000000000023,1.499999999999977,50.0,180.0,40.04675991942236,90.0,102.91880771688503,49.95324008057764,90.0,257.081192283115
3.1000000000000023,-2.0225424859373473,50.0,191.7557050458497,35.803973581496535,90.0,112.90346053638629,54.196026418503465,90.0,247.0965394636137
3.1200000000000023,-1.822421568553504,-50.0,193.690942118574,34.80031416828841,90.0,114.67088691011669,124.80031416828841,90.0,129.67088691011668
3.1200000000000023,1.2999999999999767,-50.0,180.0,40.11108575676907,90.0,102.91756079257364,130.11108575676906,90.0,102.91756079257364
3.1200000000000023,1.2999999999999767,50.0,180.0,40.11108575676907,90.0,102.91756079257364,49.88891424323093,90.0,257.0824392074264
3.1200000000000023,-1.822421568553504,50.0,193.690942118574,34.80031416828841,90.0,114.67088691011669,55.19968583171159,90.0,245.32911308988332
3.1400000000000023,-1.5935599743716957,-50.0,195.41026485551598,33.8764506821413,90.0,116.27732237113113,123.8764506821413,90.0,131.27732237113113
3.1400000000000023,1.0999999999999766,-50.0,180.0,40.17531722547363,90.0,102.91649200526047,130.17531722547363,90.0,102.91649200526047
3.1400000000000023,1.0999999999999766,50.0,180.0,40.17531722547363,90.0,102.91649200526047,49.82468277452637,90.0,257.08350799473953
3.1400000000000023,-1.5935599743716957,50.0,195.41026485551598,33.8764506821413,90.0,116.27732237113113,56.1235493178587,90.0,243.72267762886887
3.1600000000000024,-1.3395669874474605,-50.0,196.88655851004046,33.052604569248274,90.0,117.68598324106493,123.05260456924827,90.0,132.68598324106495
3.1600000000000024,0.8999999999999764,-50.0,180.0,40.23945416933171,90.0,102.91560135265883,130.2394541693317,90.0,102.91560135265883
3.1600000000000024,0.8999999999999764,50.0,180.0,40.23945416933171,90.0,102.91560135265883,49.76054583066829,90.0,257.0843986473412
3.1600000000000024,-1.3395669874474605,50.0,196.88655851004046,33.052604569248274,90.0,117.68598324106493,56.947395430751726,90.0,242.31401675893505
3.1800000000000024,-1.064448228912648,-50.0,198.0965410493205,32.3479073976317,90.0,118.86212179041145,122.3479073976317,90.0,133.86212179041144
3.1800000000000024,0.6999999999999762,-50.0,180.0,40.30349643196877,90.0,102.91488883286344,130.30349643196877,90.0,102.91488883286344
3.1800000000000024,0.6999999999999762,50.0,180.0,40.30349643196877,90.0,102.91488883286344,49.69650356803123,90.0,257.0851111671366
3.1800000000000024,-1.064448228912648,50.0,198.0965410493205,32.3479073976317,90.0,118.86212179041145,57.6520926023683,90.0,241.13787820958856
3.2000000000000024,-0.7725424859373329,-50.0,199.02113032590316,31.779520052870684,90.00000000000001,119.77472934813719,121.77952005287068,89.99999999999999,134.77472934813719
3.2000000000000024,0.499999999999976,-50.0,180.0,40.36744385684242,90.0,102.91435444435028,130.3674438568424,90.0,102.91435444435028
3.2000000000000024,0.499999999999976,50.0,180.0,40.36744385684242,90.0,102.91435444435028,49.63255614315758,90.0,257.0856455556497
3.2000000000000024,-0.7725424859373329,50.0,199.02113032590316,31.779520052870684,90.00000000000001,119.77472934813719,58.22047994712932,90.00000000000001,240.22527065186281
3.2200000000000024,-0.4684532864642742,-50.0,199.64574501457383,31.36168633968251,90.0,120.39836842605683,121.3616863396825,90.0,135.39836842605683
3.2200000000000024,0.29999999999997584,-50.0,180.0,40.43129628724495,90.0,102.91399818597642,130.43129628724495,90.0,102.91399818597642
3.2200000000000024,0.29999999999997584,50.0,180.0,40.43129628724495,90.0,102.91399818597642,49.56870371275505,90.0,257.0860018140236
3.2200000000000024,-0.4684532864642742,50.0,199.64574501457383,31.36168633968251,90.0,120.39836842605683,58.63831366031749,90.0,239.60163157394317
3.2400000000000024,-0.1569762988232456,-50.0,199.96053456856544,31.10483615931637,90.00000000000001,120.7149105933217,121.10483615931636,89.99999999999999,135.7149105933217
3.2400000000000024,0.09999999999997566,-50.0,180.0,40.495053566305515,90.0,102.91382005697997,130.4950535663055,90.0,102.91382005697997
3.2400000000000024,0.09999999999997566,50.0,180.0,40.495053566305515,90.0,102.91382005697997,49.504946433694485,90.0,257.08617994302006
3.2400000000000024,-0.1569762988232456,50.0,199.96053456856544,31.10483615931637,90.00000000000001,120.7149105933217,58.89516384068363,90.00000000000001,239.2850894066783
3.2600000000000025,0.15697629882332173,-50.0,199.9605345685654,31.014877632470718,90.0,120.7149105933217,121.01487763247071,90.0,135.7149105933217
3.2600000000000025,-0.10000000000002451,-50.0,180.0,40.558715536992686,90.0,102.91382005697997,130.55871553699268,90.0,102.91382005697997
3.2600000000000025,-0.10000000000002451,50.0,180.0,40.558715536992686,90.0,102.91382005697997,49.441284463007314,90.0,257.08617994302006
3.2600000000000025,0.15697629882332173,50.0,199.9605345685654,31.014877632470718,90.0,120.7149105933217,58.985122367529286,90.0,239.2850894066783
3.2800000000000025,0.4684532864643497,-50.0,199.64574501457372,31.092806610207127,90.00000000000001,120.39836842605672,121.09280661020713,89.99999999999999,135.39836842605672
3.2800000000000025,-0.3000000000000247,-50.0,180.0,40.62228204211669,90.0,102.91399818597642,130.6222820421167,90.0,102.91399818597642
3.2800000000000025,-0.3000000000000247,50.0,180.0,40.62228204211669,90.0,102.91399818597642,49.37771795788331,90.0,257.0860018140236
3.2800000000000025,0.4684532864643497,50.0,199.64574501457372,31.092806610207127,90.00000000000001,120.39836842605672,58.90719338979287,90.00000000000001,239.60163157394328
3.3000000000000025,0.7725424859374054,-50.0,199.02113032590296,31.334710986088872,90.00000000000001,119.774729348137,121.33471098608888,89.99999999999999,134.774729348137
3.3000000000000025,-0.5000000000000249,-50.0,180.0,40.68575292433174,90.0,102.91435444435028,130.68575292433172,90.0,102.91435444435028
3.3000000000000025,-0.5000000000000249,50.0,180.0,40.68575292433174,90.0,102.91435444435028,49.31424707566826,90.0,257.0856455556497
3.3000000000000025,0.7725424859374054,50.0,199.02113032590296,31.334710986088872,90.00000000000001,119.774729348137,58.66528901391113,90.00000000000001,240.225270651863
3.3200000000000025,1.064448228912717,-50.0,198.09654104932025,31.73216919506859,90.00000000000001,118.8621217904112,121.7321691950686,89.99999999999999,133.8621217904112
3.3200000000000025,-0.700000000000025,-50.0,180.0,40.74912802613842,90.0,102.91488883286344,130.7491280261384,90.0,102.91488883286344
3.3200000000000025,-0.700000000000025,50.0,180.0,40.74912802613842,90.0,102.91488883286344,49.25087197386158,90.0,257.0851111671366
3.3200000000000025,1.064448228912717,50.0,198.09654104932025,31.73216919506859,90.00000000000001,118.8621217904112,58.26783080493141,90.00000000000001,241.1378782095888
3.3400000000000025,1.339566987447525,-50.0,196.88655851004012,32.27296424166832,90.0,117.68598324106458,122.27296424166832,90.0,132.68598324106458
3.3400000000000025,-0.9000000000000252,-50.0,180.0,40.81240718988586,90.0,102.91560135265883,130.81240718988585,90.0,102.91560135265883
3.3400000000000025,-0.9000000000000252,50.0,180.0,40.81240718988586,90.0,102.91560135265883,49.18759281011414,90.0,257.0843986473412
3.3400000000000025,1.339566987447525,50.0,196.88655851004012,32.27296424166832,90.0,117.68598324106458,57.72703575833168,90.0,242.31401675893542
3.3600000000000025,1.5935599743717552,-50.0,195.41026485551558,32.94198352838787,90.00000000000001,116.27732237113078,122.94198352838788,89.99999999999999,131.27732237113077
3.3600000000000025,-1.1000000000000254,-50.0,180.0,40.87559025777415,90.0,102.91649200526047,130.87559025777415,90.0,102.91649200526047
3.3600000000000025,-1.1000000000000254,50.0,180.0,40.87559025777415,90.0,102.91649200526047,49.12440974222585,90.0,257.08350799473953
3.3600000000000025,1.5935599743717552,50.0,195.41026485551558,32.94198352838787,90.00000000000001,116.27732237113078,57.05801647161213,90.00000000000001,243.72267762886923
3.3800000000000026,1.8224215685535563,-50.0,193.69094211857353,33.72216376923966,90.0,114.6708869101163,123.72216376923966,90.0,129.67088691011628
3.3800000000000026,-1.3000000000000256,-50.0,180.0,40.9386770718565,90.0,102.91756079257364,130.9386770718565,90.0,102.91756079257364
3.3800000000000026,-1.3000000000000256,50.0,180.0,40.9386770718565,90.0,102.91756079257364,49.0613229281435,90.0,257.0824392074264
3.3800000000000026,1.8224215685535563,50.0,193.69094211857353,33.72216376923966,90.0,114.6708869101163,56.27783623076034,90.0,245.32911308988372
3.4000000000000026,2.022542485937392,-50.0,191.7557050458492,34.595364416323015,90.0,112.90346053638584,124.59536441632301,90.0,127.90346053638584
3.4000000000000026,-1.5000000000000258,-50.0,180.0,41.00166747404151,90.0,102.91880771688503,131.0016674740415,90.0,102.91880771688503
3.4000000000000026,-1.5000000000000258,50.0,180.0,41.00166747404151,90.0,102.91880771688503,48.99833252595849,90.0,257.081192283115
3.4000000000000026,2.022542485937392,50.0,191.7557050458492,34.595364416323015,90.0,112.90346053638584,55.404635583676985,90.0,247.09653946361416
3.4200000000000026,2.1907667001096782,-50.0,189.63507348203402,35.54309583942799,90.0,111.01242995841505,125.54309583942799,90.0,126.01242995841505
3.4200000000000026,-1.700000000000026,-50.0,180.0,41.06456130609544,90.0,102.92023278086282,131.06456130609544,90.0,102.92023278086282
3.4200000000000026,-1.700000000000026,50.0,180.0,41.06456130609544,90.0,102.92023278086282,48.93543869390456,90.0,257.0797672191372
3.4200000000000026,2.1907667001096782,50.0,189.63507348203402,35.54309583942799,90.0,111.01242995841505,54.45690416057201,90.0,248.98757004158495
3.4400000000000026,2.3244412147206432,-50.0,187.36249105369325,36.547072522034775,90.0,109.03467899428672,126.54707252203477,90.0,124.03467899428672
3.4400000000000026,-1.9000000000000261,-50.0,180.0,41.127358409644344,90.0,102.92183598755705,131.12735840964433,90.0,102.92183598755705
3.4400000000000026,-1.9000000000000261,50.0,180.0,41.127358409644344,90.0,102.92183598755705,48.872641590355656,90.0,257.0781640124429
3.4400000000000026,2.3244412147206432,50.0,187.36249105369325,36.547072522034775,90.0,109.03467899428672,53.452927477965225,90.0,250.9653210057133
3.4600000000000026,2.421457902821588,-50.0,184.97379774329679,37.58959549545014,90.0,107.0058015204676,127.58959549545014,90.0,122.0058015204676
3.4600000000000026,-2.1000000000000263,-50.0,180.0,41.19005862617632,90.0,102.92361734039967,131.19005862617632,90.0,102.92361734039967
3.4600000000000026,-2.1000000000000263,50.0,180.0,41.19005862617632,90.0,102.92361734039967,48.80994137382368,90.0,257.0763826596003
3.4600000000000026,2.421457902821588,50.0,184.97379774329679,37.58959549545014,90.0,107.0058015204676,52.41040450454986,90.0,252.9941984795324
3.4800000000000026,2.4802867532861996,-50.0,182.50666467128576,38.65378850062576,90.0,104.95958668246013,128.65378850062575,90.0,119.95958668246013
3.4800000000000026,-2.3000000000000265,-50.0,180.0,41.25266179704366,90.0,102.92557684320502,131.25266179704366,90.0,102.92557684320502
3.4800000000000026,-2.3000000000000265,50.0,180.0,41.25266179704366,90.0,102.92557684320502,48.74733820295634,90.0,257.074423156795
3.4800000000000026,2.4802867532861996,50.0,182.50666467128576,38.65378850062576,90.0,104.95958668246013,51.34621149937424,90.0,255.04041331753987
3.5000000000000027,2.4999999999999734,-50.0,180.0,39.72372065798646,90.0,102.92771450016991,129.72372065798646,90.0,117.92771450016991
3.5000000000000027,-2.5,-50.0,180.00000000000034,41.31516776346485,90.0,102.92771450017018,131.31516776346484,90.0,102.92771450017018
3.5000000000000027,-2.5,50.0,180.00000000000034,41.31516776346485,90.0,102.92771450017018,48.68483223653515,90.0,257.07228549982983
3.5000000000000027,2.4999999999999734,50.0,180.0,39.72372065798646,90.0,102.92771450016991,50.27627934201354,90.0,257.07228549983006
3.5200000000000027,2.299999999999973,-50.0,180.0,39.788516001607086,90.0,102.92557684320502,129.7885160016071,90.0,117.92557684320502
3.5200000000000027,-2.4802867532861885,-50.0,182.50666467128647,40.21100522307642,90.00000000000001,104.95958668246072,130.21100522307643,89.99999999999999,104.95958668246072
3.5200000000000027,-2.4802867532861885,50.0,182.50666467128647,40.21100522307642,90.00000000000001,104.95958668246072,49.78899477692358,90.00000000000001,255.04041331753928
3.5200000000000027,2.299999999999973,50.0,180.0,39.788516001607086,90.0,102.92557684320502,50.211483998392914,90.0,257.074423156795
3.5400000000000027,2.099999999999973,-50.0,180.0,39.853217754968526,90.0,102.92361734039967,129.8532177549685,90.0,117.92361734039967
3.5400000000000027,-2.421457902821567,-50.0,184.9737977432974,39.08960679846046,90.00000000000001,107.00580152046813,129.08960679846047,89.99999999999999,107.00580152046813
3.5400000000000027,-2.421457902821567,50.0,184.9737977432974,39.08960679846046,90.00000000000001,107.00580152046813,50.91039320153954,90.00000000000001,252.99419847953186
3.5400000000000027,2.099999999999973,50.0,180.0,39.853217754968526,90.0,102.92361734039967,50.146782245031474,90.0,257.0763826596003
3.5600000000000027,1.8999999999999728,-50.0,180.0,39.917825762754255,90.0,102.92183598755705,129.91782576275426,90.0,117.92183598755705
3.5600000000000027,-2.3244412147206153,-50.0,187.36249105369382,37.968636021973005,90.0,109.03467899428716,127.968636021973,90.0,109.03467899428716
3.5600000000000027,-2.3244412147206153,50.0,187.36249105369382,37.968636021973005,90.0,109.03467899428716,52.031363978026995,90.0,250.96532100571284
3.5600000000000027,1.8999999999999728,50.0,180.0,39.917825762754255,90.0,102.92183598755705,50.082174237245745,90.0,257.0781640124429
3.5800000000000027,1.6999999999999726,-50.0,180.0,39.98233986946522,90.0,102.92023278086282,129.98233986946522,90.0,117.92023278086282
3.5800000000000027,-2.1907667001096383,-50.0,189.6350734820346,36.86686047711928,90.0,111.01242995841554,126.86686047711927,90.0,111.01242995841554
3.5800000000000027,-2.1907667001096383,50.0,189.6350734820346,36.86686047711928,90.0,111.01242995841554,53.13313952288072,90.0,248.98757004158446
3.5800000000000027,1.6999999999999726,50.0,180.0,39.98233986946522,90.0,102.92023278086282,50.01766013053478,90.0,257.0797672191372
3.6000000000000028,1.4999999999999725,-50.0,180.0,40.04675991942236,90.0,102.91880771688503,130.04675991942236,90.0,117.91880771688503
3.6000000000000028,-2.022542485937339,-50.0,191.7557050458498,35.80397358149649,90.0,112.90346053638636,125.80397358149649,90.0,112.90346053638636
3.6000000000000028,-2.022542485937339,50.0,191.7557050458498,35.80397358149649,90.0,112.90346053638636,54.19602641850351,90.0,247.09653946361362
3.6000000000000028,1.4999999999999725,50.0,180.0,40.04675991942236,90.0,102.91880771688503,49.95324008057764,90.0,257.081192283115
3.6200000000000028,1.2999999999999723,-50.0,180.0,40.11108575676907,90.0,102.91756079257364,130.11108575676906,90.0,117.91756079257364
3.6200000000000028,-1.8224215685534992,-50.0,193.69094211857401,34.80031416828838,90.00000000000001,114.67088691011675,124.80031416828838,89.99999999999999,114.67088691011675
3.6200000000000028,-1.8224215685534992,50.0,193.69094211857401,34.80031416828838,90.00000000000001,114.67088691011675,55.19968583171162,90.00000000000001,245.32911308988326
3.6200000000000028,1.2999999999999723,50.0,180.0,40.11108575676907,90.0,102.91756079257364,49.88891424323093,90.0,257.0824392074264
3.640000000000003,1.0999999999999721,-50.0,180.0,40.17531722547363,90.0,102.91649200526047,130.17531722547363,90.0,117.91649200526047
3.640000000000003,-1.5935599743716957,-50.0,195.41026485551598,33.8764506821413,90.0,116.27732237113113,123.8764506821413,90.0,116.27732237113113
3.640000000000003,-1.5935599743716957,50.0,195.41026485551598,33.8764506821413,90.0,116.27732237113113,56.1235493178587,90.0,243.72267762886887
3.640000000000003,1.0999999999999721,50.0,180.0,40.17531722547363,90.0,102.91649200526047,49.82468277452637,90.0,257.08350799473953
3.660000000000003,0.8999999999999719,-50.0,180.0,40.23945416933171,90.0,102.91560135265883,130.2394541693317,90.0,117.91560135265883
3.660000000000003,-1.3395669874474545,-50.0,196.8865585100405,33.052604569248274,90.0,117.68598324106493,123.05260456924827,90.0,117.68598324106493
3.660000000000003,-1.3395669874474545,50.0,196.8865585100405,33.052604569248274,90.0,117.68598324106493,56.947395430751726,90.0,242.31401675893505
3.660000000000003,0.8999999999999719,50.0,180.0,40.23945416933171,90.0,102.91560135265883,49.76054583066829,90.0,257.0843986473412
3.680000000000003,0.6999999999999718,-50.0,180.0,40.30349643196877,90.0,102.91488883286344,130.30349643196877,90.0,117.91488883286344
3.680000000000003,-1.0644482289126354,-50.0,198.09654104932056,32.347907397631666,90.0,118.8621217904115,122.34790739763167,90.0,118.8621217904115
3.680000000000003,-1.0644482289126354,50.0,198.09654104932056,32.347907397631666,90.0,118.8621217904115,57.652092602368334,90.0,241.1378782095885
3.680000000000003,0.6999999999999718,50.0,180.0,40.30349643196877,90.0,102.91488883286344,49.69650356803123,90.0,257.0851111671366
3.700000000000003,0.4999999999999716,-50.0,180.0,40.36744385684242,90.0,102.91435444435028,130.3674438568424,90.0,117.91435444435028
3.700000000000003,-0.7725424859373264,-50.0,199.0211303259032,31.779520052870673,90.0,119.77472934813721,121.77952005287068,90.0,119.77472934813721
3.700000000000003,-0.7725424859373264,50.0,199.0211303259032,31.779520052870673,90.0,119.77472934813721,58.22047994712933,90.0,240.2252706518628
3.700000000000003,0.4999999999999716,50.0,180.0,40.36744385684242,90.0,102.91435444435028,49.63255614315758,90.0,257.0856455556497
3.720000000000003,0.2999999999999714,-50.0,180.0,40.43129628724495,90.0,102.91399818597642,130.43129628724495,90.0,117.91399818597642
3.720000000000003,-0.4684532864642742,-50.0,199.64574501457383,31.36168633968251,90.0,120.39836842605683,121.3616863396825,90.0,120.39836842605683
3.720000000000003,-0.4684532864642742,50.0,199.64574501457383,31.36168633968251,90.0,120.39836842605683,58.63831366031749,90.0,239.60163157394317
3.720000000000003,0.2999999999999714,50.0,180.0,40.43129628724495,90.0,102.91399818597642,49.56870371275505,90.0,257.0860018140236
3.740000000000003,0.09999999999997122,-50.0,180.0,40.495053566305515,90.0,102.91382005697997,130.4950535663055,90.0,117.91382005697997
3.740000000000003,-0.15697629882323838,-50.0,199.96053456856546,31.104836159316356,90.0,120.71491059332176,121.10483615931636,90.0,120.71491059332176
3.740000000000003,-0.15697629882323838,50.0,199.96053456856546,31.104836159316356,90.0,120.71491059332176,58.895163840683644,90.0,239.28508940667825
3.740000000000003,0.09999999999997122,50.0,180.0,40.495053566305515,90.0,102.91382005697997,49.504946433694485,90.0,257.08617994302006
3.760000000000003,-0.10000000000002895,-50.0,180.0,40.558715536992686,90.0,102.91382005697997,130.55871553699268,90.0,117.91382005697997
3.760000000000003,0.15697629882333558,-50.0,199.9605345685654,31.014877632470718,90.0,120.7149105933217,121.01487763247071,90.0,120.7149105933217
3.760000000000003,0.15697629882333558,50.0,199.9605345685654,31.014877632470718,90.0,120.7149105933217,58.985122367529286,90.0,239.2850894066783
3.760000000000003,-0.10000000000002895,50.0,180.0,40.558715536992686,90.0,102.91382005697997,49.441284463007314,90.0,257.08617994302006
3.780000000000003,-0.30000000000002913,-50.0,180.0,40.62228204211669,90.0,102.91399818597642,130.6222820421167,90.0,117.91399818597642
3.780000000000003,0.46845328646435624,-50.0,199.64574501457372,31.092806610207127,90.00000000000001,120.39836842605672,121.09280661020713,89.99999999999999,120.39836842605672
3.780000000000003,0.46845328646435624,50.0,199.64574501457372,31.092806610207127,90.00000000000001,120.39836842605672,58.90719338979287,90.00000000000001,239.60163157394328
3.780000000000003,-0.30000000000002913,50.0,180.0,40.62228204211669,90.0,102.91399818597642,49.37771795788331,90.0,257.0860018140236
3.800000000000003,-0.5000000000000293,-50.0,180.0,40.68575292433174,90.0,102.91435444435028,130.68575292433172,90.0,117.91435444435028
3.800000000000003,0.7725424859374054,-50.0,199.02113032590296,31.334710986088872,90.00000000000001,119.774729348137,121.33471098608888,89.99999999999999,119.774729348137
3.800000000000003,0.7725424859374054,50.0,199.02113032590296,31.334710986088872,90.00000000000001,119.774729348137,58.66528901391113,90.00000000000001,240.225270651863
3.800000000000003,-0.5000000000000293,50.0,180.0,40.68575292433174,90.0,102.91435444435028,49.31424707566826,90.0,257.0856455556497
3.820000000000003,-0.7000000000000295,-50.0,180.0,40.74912802613842,90.0,102.91488883286344,130.7491280261384,90.0,117.91488883286344
3.820000000000003,1.064448228912723,-50.0,198.09654104932022,31.732169195068607,90.00000000000001,118.86212179041117,121.73216919506861,89.99999999999999,118.86212179041117
3.820000000000003,1.064448228912723,50.0,198.09654104932022,31.732169195068607,90.00000000000001,118.86212179041117,58.26783080493139,90.00000000000001,241.13787820958885
3.820000000000003,-0.7000000000000295,50.0,180.0,40.74912802613842,90.0,102.91488883286344,49.25087197386158,90.0,257.0851111671366
3.840000000000003,-0.9000000000000297,-50.0,180.0,40.81240718988586,90.0,102.91560135265883,130.81240718988585,90.0,117.91560135265883
3.840000000000003,1.339566987447536,-50.0,196.88655851004006,32.27296424166833,90.0,117.68598324106452,122.27296424166833,90.0,117.68598324106452
3.840000000000003,1.339566987447536,50.0,196.88655851004006,32.27296424166833,90.0,117.68598324106452,57.72703575833167,90.0,242.31401675893548
3.840000000000003,-0.9000000000000297,50.0,180.0,40.81240718988586,90.0,102.91560135265883,49.18759281011414,90.0,257.0843986473412
3.860000000000003,-1.1000000000000298,-50.0,180.0,40.87559025777416,90.0,102.91649200526047,130.87559025777415,90.0,117.91649200526047
3.860000000000003,1.5935599743717601,-50.0,195.41026485551555,32.941983528387894,90.0,116.27732237113072,122.9419835283879,90.0,116.27732237113072
3.860000000000003,1.5935599743717601,50.0,195.41026485551555,32.941983528387894,90.0,116.27732237113072,57.058016471612106,90.0,243.7226776288693
3.860000000000003,-1.1000000000000298,50.0,180.0,40.87559025777416,90.0,102.91649200526047,49.12440974222584,90.0,257.08350799473953
3.880000000000003,-1.30000000000003,-50.0,180.0,40.9386770718565,90.0,102.91756079257364,130.9386770718565,90.0,117.91756079257364
3.880000000000003,1.8224215685535563,-50.0,193.69094211857353,33.72216376923966,90.0,114.6708869101163,123.72216376923966,90.0,114.6708869101163
3.880000000000003,1.8224215685535563,50.0,193.69094211857353,33.72216376923966,90.0,114.6708869101163,56.27783623076034,90.0,245.32911308988372
3.880000000000003,-1.30000000000003,50.0,180.0,40.9386770718565,90.0,102.91756079257364,49.0613229281435,90.0,257.0824392074264
3.900000000000003,-1.5000000000000302,-50.0,180.0,41.00166747404151,90.0,102.91880771688503,131.0016674740415,90.0,117.91880771688503
3.900000000000003,2.0225424859373966,-50.0,191.75570504584914,34.59536441632305,90.00000000000001,112.90346053638578,124.59536441632305,89.99999999999999,112.90346053638578
3.900000000000003,2.0225424859373966,50.0,191.75570504584914,34.59536441632305,90.00000000000001,112.90346053638578,55.40463558367695,90.00000000000001,247.09653946361422
3.900000000000003,-1.5000000000000302,50.0,180.0,41.00166747404151,90.0,102.91880771688503,48.99833252595849,90.0,257.081192283115
3.920000000000003,-1.7000000000000304,-50.0,180.0,41.06456130609544,90.0,102.92023278086282,131.06456130609544,90.0,117.92023278086282
3.920000000000003,2.1907667001096853,-50.0,189.63507348203393,35.54309583942804,90.0,111.01242995841497,125.54309583942805,90.0,111.01242995841497
3.920000000000003,2.1907667001096853,50.0,189.63507348203393,35.54309583942804,90.0,111.01242995841497,54.45690416057196,90.0,248.98757004158503
3.920000000000003,-1.7000000000000304,50.0,180.0,41.06456130609544,90.0,102.92023278086282,48.93543869390456,90.0,257.0797672191372
3.940000000000003,-1.9000000000000306,-50.0,180.0,41.127358409644344,90.0,102.92183598755705,131.12735840964433,90.0,117.92183598755705
3.940000000000003,2.324441214720646,-50.0,187.36249105369322,36.547072522034775,90.0,109.03467899428672,126.54707252203477,90.0,109.03467899428672
3.940000000000003,2.324441214720646,50.0,187.36249105369322,36.547072522034775,90.0,109.03467899428672,53.452927477965225,90.0,250.9653210057133
3.940000000000003,-1.9000000000000306,50.0,180.0,41.127358409644344,90.0,102.92183598755705,48.872641590355656,90.0,257.0781640124429
3.960000000000003,-2.1000000000000307,-50.0,180.0,41.19005862617632,90.0,102.92361734039967,131.19005862617632,90.0,117.92361734039967
3.960000000000003,2.421457902821588,-50.0,184.97379774329679,37.58959549545014,90.0,107.0058015204676,127.58959549545014,90.0,107.0058015204676
3.960000000000003,2.421457902821588,50.0,184.97379774329679,37.58959549545014,90.0,107.0058015204676,52.41040450454986,90.0,252.9941984795324
3.960000000000003,-2.1000000000000307,50.0,180.0,41.19005862617632,90.0,102.92361734039967,48.80994137382368,90.0,257.0763826596003
3.980000000000003,-2.300000000000031,-50.0,180.0,41.25266179704366,90.0,102.92557684320502,131.25266179704366,90.0,117.92557684320502
3.980000000000003,2.4802867532862005,-50.0,182.5066646712857,38.65378850062579,90.0,104.95958668246008,128.65378850062578,90.0,104.95958668246008
3.980000000000003,2.4802867532862005,50.0,182.5066646712857,38.65378850062579,90.0,104.95958668246008,51.34621149937421,90.0,255.0404133175399
3.980000000000003,-2.300000000000031,50.0,180.0,41.25266179704366,90.0,102.92557684320502,48.74733820295634,90.0,257.074423156795
4.000000000000003,-2.5,-50.0,180.00000000000034,41.31516776346485,90.0,102.92771450017018,131.31516776346484,90.0,117.92771450017018
4.000000000000003,2.4999999999999734,-50.0,180.0,39.72372065798646,90.0,102.92771450016991,129.72372065798646,90.0,102.92771450016991
4.000000000000003,2.4999999999999734,50.0,180.0,39.72372065798646,90.0,102.92771450016991,50.27627934201354,90.0,257.07228549983006
4.000000000000003,-2.5,50.0,180.00000000000034,41.31516776346485,90.0,102.92771450017018,48.68483223653515,90.0,257.07228549982983
4.020000000000002,-2.4802867532861903,-50.0,182.50666467128636,40.21100522307646,90.0,104.95958668246062,130.21100522307646,90.0,119.95958668246062
4.020000000000002,2.2999999999999776,-50.0,180.0,39.788516001607086,90.0,102.92557684320502,129.7885160016071,90.0,102.92557684320502
4.020000000000002,2.2999999999999776,50.0,180.0,39.788516001607086,90.0,102.92557684320502,50.211483998392914,90.0,257.074423156795
4.020000000000002,-2.4802867532861903,50.0,182.50666467128636,40.21100522307646,90.0,104.95958668246062,49.78899477692354,90.0,255.0404133175394
4.040000000000002,-2.4214579028215706,-50.0,184.97379774329733,39.0896067984605,90.0,107.00580152046805,129.0896067984605,90.0,122.00580152046805
4.040000000000002,2.099999999999982,-50.0,180.0,39.853217754968526,90.0,102.92361734039967,129.8532177549685,90.0,102.92361734039967
4.040000000000002,2.099999999999982,50.0,180.0,39.853217754968526,90.0,102.92361734039967,50.146782245031474,90.0,257.0763826596003
4.040000000000002,-2.4214579028215706,50.0,184.97379774329733,39.0896067984605,90.0,107.00580152046805,50.9103932015395,90.0,252.99419847953195
4.060000000000001,-2.3244412147206206,-50.0,187.36249105369373,37.96863602197304,90.0,109.03467899428713,127.96863602197304,90.0,124.03467899428713
4.060000000000001,1.8999999999999861,-50.0,180.0,39.91782576275425,90.0,102.92183598755705,129.91782576275426,90.0,102.92183598755705
4.060000000000001,1.8999999999999861,50.0,180.0,39.91782576275425,90.0,102.92183598755705,50.08217423724575,90.0,257.0781640124429
4.060000000000001,-2.3244412147206206,50.0,187.36249105369373,37.96863602197304,90.0,109.03467899428713,52.03136397802696,90.0,250.96532100571287
4.080000000000001,-2.1907667001096516,-50.0,189.63507348203441,36.86686047711936,90.0,111.01242995841538,126.86686047711936,90.0,126.01242995841538
4.080000000000001,1.6999999999999904,-50.0,180.0,39.98233986946522,90.0,102.92023278086282,129.98233986946522,90.0,102.92023278086282
4.080000000000001,1.6999999999999904,50.0,180.0,39.98233986946522,90.0,102.92023278086282,50.01766013053478,90.0,257.0797672191372
4.080000000000001,-2.1907667001096516,50.0,189.63507348203441,36.86686047711936,90.0,111.01242995841538,53.13313952288064,90.0,248.9875700415846
4.1000000000000005,-2.0225424859373637,-50.0,191.7557050458495,35.80397358149663,90.00000000000001,112.90346053638612,125.80397358149662,89.99999999999999,127.90346053638612
4.1000000000000005,1.4999999999999947,-50.0,180.0,40.04675991942235,90.0,102.91880771688503,130.04675991942236,90.0,102.91880771688503
4.1000000000000005,1.4999999999999947,50.0,180.0,40.04675991942235,90.0,102.91880771688503,49.95324008057765,90.0,257.081192283115
4.1000000000000005,-2.0225424859373637,50.0,191.7557050458495,35.80397358149663,90.00000000000001,112.90346053638612,54.19602641850337,90.00000000000001,247.09653946361388
4.12,-1.8224215685535277,-50.0,193.6909421185738,34.800314168288516,90.0,114.67088691011652,124.80031416828851,90.0,129.6708869101165
4.12,1.299999999999999,-50.0,180.0,40.11108575676906,90.0,102.91756079257364,130.11108575676906,90.0,102.91756079257364
4.12,1.299999999999999,50.0,180.0,40.11108575676906,90.0,102.91756079257364,49.88891424323094,90.0,257.0824392074264
4.12,-1.8224215685535277,50.0,193.6909421185738,34.800314168288516,90.0,114.67088691011652,55.199685831711484,90.0,245.3291130898835
4.14,-1.5935599743717281,-50.0,195.41026485551575,33.87645068214142,90.00000000000001,116.27732237113092,123.87645068214141,89.99999999999999,131.27732237113094
4.14,1.1000000000000032,-50.0,180.0,40.17531722547362,90.0,102.91649200526047,130.17531722547363,90.0,102.91649200526047
4.14,1.1000000000000032,50.0,180.0,40.17531722547362,90.0,102.91649200526047,49.82468277452638,90.0,257.08350799473953
4.14,-1.5935599743717281,50.0,195.41026485551575,33.87645068214142,90.00000000000001,116.27732237113092,56.12354931785858,90.00000000000001,243.72267762886906
4.159999999999999,-1.3395669874475016,-50.0,196.88655851004026,33.05260456924841,90.0,117.6859832410647,123.05260456924842,90.0,132.68598324106472
4.159999999999999,0.9000000000000075,-50.0,180.0,40.239454169331694,90.0,102.91560135265883,130.23945416933168,90.0,102.91560135265883
4.159999999999999,0.9000000000000075,50.0,180.0,40.239454169331694,90.0,102.91560135265883,49.760545830668306,90.0,257.0843986473412
4.159999999999999,-1.3395669874475016,50.0,196.88655851004026,33.05260456924841,90.0,117.6859832410647,56.94739543075159,90.0,242.31401675893528
4.179999999999999,-1.0644482289126982,-50.0,198.09654104932034,32.34790739763181,90.0,118.86212179041128,122.34790739763181,90.0,133.86212179041127
4.179999999999999,0.7000000000000117,-50.0,180.0,40.30349643196876,90.0,102.91488883286344,130.30349643196877,90.0,102.91488883286344
4.179999999999999,0.7000000000000117,50.0,180.0,40.30349643196876,90.0,102.91488883286344,49.69650356803124,90.0,257.0851111671366
4.179999999999999,-1.0644482289126982,50.0,198.09654104932034,32.34790739763181,90.0,118.86212179041128,57.65209260236819,90.0,241.13787820958873
4.199999999999998,-0.7725424859373925,-50.0,199.02113032590302,31.779520052870772,90.0,119.77472934813706,121.77952005287077,90.0,134.77472934813704
4.199999999999998,0.500000000000016,-50.0,180.0,40.36744385684241,90.0,102.91435444435028,130.3674438568424,90.0,102.91435444435028
4.199999999999998,0.500000000000016,50.0,180.0,40.36744385684241,90.0,102.91435444435028,49.63255614315759,90.0,257.0856455556497
4.199999999999998,-0.7725424859373925,50.0,199.02113032590302,31.779520052870772,90.0,119.77472934813706,58.22047994712923,90.0,240.22527065186296
4.219999999999998,-0.46845328646434287,-50.0,199.64574501457372,31.36168633968258,90.00000000000001,120.39836842605672,121.36168633968258,89.99999999999999,135.39836842605672
4.219999999999998,0.30000000000002025,-50.0,180.0,40.43129628724493,90.0,102.91399818597642,130.43129628724495,90.0,102.91399818597642
4.219999999999998,0.30000000000002025,50.0,180.0,40.43129628724493,90.0,102.91399818597642,49.56870371275507,90.0,257.0860018140236
4.219999999999998,-0.46845328646434287,50.0,199.64574501457372,31.36168633968258,90.00000000000001,120.39836842605672,58.63831366031742,90.00000000000001,239.60163157394328
4.2399999999999975,-0.15697629882332204,-50.0,199.9605345685654,31.1048361593164,90.0,120.7149105933217,121.10483615931639,90.0,135.7149105933217
4.2399999999999975,0.10000000000002451,-50.0,180.0,40.495053566305494,90.0,102.91382005697997,130.4950535663055,90.0,102.91382005697997
4.2399999999999975,0.10000000000002451,50.0,180.0,40.495053566305494,90.0,102.91382005697997,49.504946433694506,90.0,257.08617994302006
4.2399999999999975,-0.15697629882332204,50.0,199.9605345685654,31.1048361593164,90.0,120.7149105933217,58.8951638406836,90.0,239.2850894066783
4.259999999999997,0.1569762988232381,-50.0,199.96053456856546,31.014877632470725,90.0,120.71491059332176,121.01487763247073,90.0,135.71491059332175
4.259999999999997,-0.09999999999997122,-50.0,180.0,40.55871553699267,90.0,102.91382005697997,130.55871553699268,90.0,102.91382005697997
4.259999999999997,-0.09999999999997122,50.0,180.0,40.55871553699267,90.0,102.91382005697997,49.44128446300733,90.0,257.08617994302006
4.259999999999997,0.1569762988232381,50.0,199.96053456856546,31.014877632470725,90.0,120.71491059332176,58.98512236752927,90.0,239.28508940667825
4.279999999999997,0.4684532864642603,-50.0,199.64574501457386,31.092806610207063,90.0,120.3983684260569,121.09280661020706,90.0,135.3983684260569
4.279999999999997,-0.29999999999996696,-50.0,180.0,40.62228204211667,90.0,102.91399818597642,130.62228204211667,90.0,102.91399818597642
4.279999999999997,-0.29999999999996696,50.0,180.0,40.62228204211667,90.0,102.91399818597642,49.37771795788333,90.0,257.0860018140236
4.279999999999997,0.4684532864642603,50.0,199.64574501457386,31.092806610207063,90.0,120.3983684260569,58.90719338979294,90.0,239.6016315739431
4.299999999999996,0.7725424859373125,-50.0,199.02113032590321,31.334710986088762,90.0,119.77472934813726,121.33471098608877,90.0,134.77472934813727
4.299999999999996,-0.4999999999999627,-50.0,180.0,40.685752924331716,90.0,102.91435444435028,130.68575292433172,90.0,102.91435444435028
4.299999999999996,-0.4999999999999627,50.0,180.0,40.685752924331716,90.0,102.91435444435028,49.314247075668284,90.0,257.0856455556497
4.299999999999996,0.7725424859373125,50.0,199.02113032590321,31.334710986088762,90.0,119.77472934813726,58.665289013911234,90.0,240.22527065186273
4.319999999999996,1.0644482289126225,-50.0,198.09654104932062,31.73216919506843,90.00000000000001,118.86212179041155,121.73216919506842,89.99999999999999,133.86212179041155
4.319999999999996,-0.6999999999999584,-50.0,180.0,40.7491280261384,90.0,102.91488883286344,130.7491280261384,90.0,102.91488883286344
4.319999999999996,-0.6999999999999584,50.0,180.0,40.7491280261384,90.0,102.91488883286344,49.2508719738616,90.0,257.0851111671366
4.319999999999996,1.0644482289126225,50.0,198.09654104932062,31.73216919506843,90.00000000000001,118.86212179041155,58.26783080493157,90.00000000000001,241.13787820958845
4.339999999999995,1.3395669874474303,-50.0,196.8865585100406,32.27296424166809,90.0,117.68598324106506,122.27296424166809,90.0,132.68598324106506
4.339999999999995,-0.8999999999999542,-50.0,180.0,40.81240718988583,90.0,102.91560135265883,130.81240718988585,90.0,102.91560135265883
4.339999999999995,-0.8999999999999542,50.0,180.0,40.81240718988583,90.0,102.91560135265883,49.18759281011417,90.0,257.0843986473412
4.339999999999995,1.3395669874474303,50.0,196.8865585100406,32.27296424166809,90.0,117.68598324106506,57.72703575833191,90.0,242.31401675893494
4.359999999999995,1.5935599743716635,-50.0,195.41026485551617,32.94198352838761,90.0,116.27732237113133,122.94198352838761,90.0,131.27732237113133
4.359999999999995,-1.09999999999995,-50.0,180.0,40.87559025777413,90.0,102.91649200526047,130.87559025777412,90.0,102.91649200526047
4.359999999999995,-1.09999999999995,50.0,180.0,40.87559025777413,90.0,102.91649200526047,49.12440974222587,90.0,257.08350799473953
4.359999999999995,1.5935599743716635,50.0,195.41026485551617,32.94198352838761,90.0,116.27732237113133,57.05801647161239,90.0,243.72267762886867
4.379999999999995,1.8224215685534697,-50.0,193.69094211857427,33.72216376923932,90.0,114.67088691011698,123.72216376923933,90.0,129.67088691011696
4.379999999999995,-1.2999999999999456,-50.0,180.0,40.93867707185648,90.0,102.91756079257364,130.9386770718565,90.0,102.91756079257364
4.379999999999995,-1.2999999999999456,50.0,180.0,40.93867707185648,90.0,102.91756079257364,49.06132292814352,90.0,257.0824392074264
4.379999999999995,1.8224215685534697,50.0,193.69094211857427,33.72216376923932,90.0,114.67088691011698,56.27783623076068,90.0,245.32911308988304
4.399999999999994,2.022542485937314,-50.0,191.75570504585005,34.59536441632264,90.0,112.90346053638659,124.59536441632264,90.0,127.90346053638659
4.399999999999994,-1.4999999999999414,-50.0,180.0,41.00166747404148,90.0,102.91880771688503,131.00166747404148,90.0,102.91880771688503
4.399999999999994,-1.4999999999999414,50.0,180.0,41.00166747404148,90.0,102.91880771688503,48.99833252595852,90.0,257.081192283115
4.399999999999994,2.022542485937314,50.0,191.75570504585005,34.59536441632264,90.0,112.90346053638659,55.40463558367736,90.0,247.0965394636134
4.419999999999994,2.1907667001096116,-50.0,189.635073482035,35.54309583942755,90.0,111.01242995841594,125.54309583942755,90.0,126.01242995841594
4.419999999999994,-1.6999999999999371,-50.0,180.0,41.06456130609541,90.0,102.92023278086282,131.0645613060954,90.0,102.92023278086282
4.419999999999994,-1.6999999999999371,50.0,180.0,41.06456130609541,90.0,102.92023278086282,48.93543869390459,90.0,257.0797672191372
4.419999999999994,2.1907667001096116,50.0,189.635073482035,35.54309583942755,90.0,111.01242995841594,54.45690416057245,90.0,248.98757004158406
4.439999999999993,2.3244412147205895,-50.0,187.36249105369436,36.54707252203429,90.0,109.03467899428767,126.54707252203428,90.0,124.03467899428767
4.439999999999993,-1.8999999999999329,-50.0,180.0,41.127358409644316,90.0,102.92183598755705,131.12735840964433,90.0,102.92183598755705
4.439999999999993,-1.8999999999999329,50.0,180.0,41.127358409644316,90.0,102.92183598755705,48.872641590355684,90.0,257.0781640124429
4.439999999999993,2.3244412147205895,50.0,187.36249105369436,36.54707252203429,90.0,109.03467899428767,53.45292747796571,90.0,250.96532100571233
4.459999999999993,2.42145790282155,-50.0,184.97379774329795,37.58959549544963,90.0,107.00580152046858,127.58959549544963,90.0,122.00580152046858
4.459999999999993,-2.0999999999999286,-50.0,180.0,41.19005862617629,90.0,102.92361734039967,131.1900586261763,90.0,102.92361734039967
4.459999999999993,-2.0999999999999286,50.0,180.0,41.19005862617629,90.0,102.92361734039967,48.80994137382371,90.0,257.0763826596003
4.459999999999993,2.42145790282155,50.0,184.97379774329795,37.58959549544963,90.0,107.00580152046858,52.41040450455037,90.0,252.9941984795314
4.479999999999992,2.4802867532861796,-50.0,182.50666467128704,38.65378850062521,90.0,104.9595866824612,128.6537885006252,90.0,119.9595866824612
4.479999999999992,-2.2999999999999243,-50.0,180.0,41.25266179704362,90.0,102.92557684320502,131.25266179704363,90.0,102.92557684320502
4.479999999999992,-2.2999999999999243,50.0,180.0,41.25266179704362,90.0,102.92557684320502,48.74733820295638,90.0,257.074423156795
4.479999999999992,2.4802867532861796,50.0,182.50666467128704,38.65378850062521,90.0,104.9595866824612,51.34621149937479,90.0,255.04041331753882
4.499999999999992,2.5,-50.0,180.000000000001,39.72372065798602,90.0,102.92771450017071,129.723720657986,90.0,117.92771450017071
4.499999999999992,-2.49999999999992,-50.0,180.0,41.31516776346498,90.0,102.92771450016991,131.31516776346498,90.0,102.92771450016991
4.499999999999992,-2.49999999999992,50.0,180.0,41.31516776346498,90.0,102.92771450016991,48.68483223653502,90.0,257.07228549983006
4.499999999999992,2.5,50.0,180.000000000001,39.72372065798602,90.0,102.92771450017071,50.27627934201398,90.0,257.07228549982926
4.519999999999992,2.300000000000084,-50.0,180.0,39.78851600160705,90.0,102.92557684320502,129.78851600160704,90.0,117.92557684320502
4.519999999999992,-2.480286753286211,-50.0,182.50666467128502,40.21100522307706,90.0,104.95958668245953,130.21100522307705,90.0,104.95958668245953
4.519999999999992,-2.480286753286211,50.0,182.50666467128502,40.21100522307706,90.0,104.95958668245953,49.78899477692294,90.0,255.04041331754047
4.519999999999992,2.300000000000084,50.0,180.0,39.78851600160705,90.0,102.92557684320502,50.21148399839295,90.0,257.074423156795
4.539999999999991,2.1000000000000885,-50.0,180.0,39.85321775496849,90.0,102.92361734039967,129.85321775496848,90.0,117.92361734039967
4.539999999999991,-2.4214579028216123,-50.0,184.97379774329602,39.08960679846111,90.0,107.00580152046697,129.08960679846112,90.0,107.00580152046697
4.539999999999991,-2.4214579028216123,50.0,184.97379774329602,39.08960679846111,90.0,107.00580152046697,50.91039320153889,90.0,252.99419847953303
4.539999999999991,2.1000000000000885,50.0,180.0,39.85321775496849,90.0,102.92361734039967,50.14678224503151,90.0,257.0763826596003
4.559999999999991,1.9000000000000927,-50.0,180.0,39.91782576275422,90.0,102.92183598755705,129.9178257627542,90.0,117.92183598755705
4.559999999999991,-2.3244412147206823,-50.0,187.36249105369248,37.968636021973616,90.0,109.03467899428608,127.96863602197362,90.0,109.03467899428608
4.559999999999991,-2.3244412147206823,50.0,187.36249105369248,37.968636021973616,90.0,109.03467899428608,52.031363978026384,90.0,250.96532100571392
4.559999999999991,1.9000000000000927,50.0,180.0,39.91782576275422,90.0,102.92183598755705,50.08217423724578,90.0,257.0781640124429
4.57999999999999,1.700000000000097,-50.0,180.0,39.98233986946518,90.0,102.92023278086282,129.9823398694652,90.0,117.92023278086282
4.57999999999999,-2.1907667001097324,-50.0,189.63507348203325,36.86686047711993,90.0,111.01242995841439,126.86686047711993,90.0,111.01242995841439
4.57999999999999,-2.1907667001097324,50.0,189.63507348203325,36.86686047711993,90.0,111.01242995841439,53.13313952288007,90.0,248.98757004158563
4.57999999999999,1.700000000000097,50.0,180.0,39.98233986946518,90.0,102.92023278086282,50.01766013053482,90.0,257.0797672191372
4.59999999999999,1.5000000000001013,-50.0,180.0,40.046759919422314,90.0,102.91880771688503,130.0467599194223,90.0,117.91880771688503
4.59999999999999,-2.0225424859374623,-50.0,191.75570504584843,35.80397358149718,90.0,112.90346053638514,125.80397358149719,90.0,112.90346053638514
4.59999999999999,-2.0225424859374623,50.0,191.75570504584843,35.80397358149718,90.0,112.90346053638514,54.19602641850282,90.0,247.09653946361487
4.59999999999999,1.5000000000001013,50.0,180.0,40.046759919422314,90.0,102.91880771688503,49.953240080577686,90.0,257.081192283115
4.6199999999999894,1.3000000000001055,-50.0,180.0,40.11108575676903,90.0,102.91756079257364,130.11108575676903,90.0,117.91756079257364
4.6199999999999894,-1.8224215685536425,-50.0,193.69094211857282,34.80031416828902,90.0,114.67088691011563,124.80031416828902,90.0,114.67088691011563
4.6199999999999894,-1.8224215685536425,50.0,193.69094211857282,34.80031416828902,90.0,114.67088691011563,55.19968583171098,90.0,245.32911308988437
4.6199999999999894,1.3000000000001055,50.0,180.0,40.11108575676903,90.0,102.91756079257364,49.88891424323097,90.0,257.0824392074264
4.639999999999989,1.1000000000001098,-50.0,180.0,40.175317225473584,90.0,102.91649200526047,130.17531722547358,90.0,117.91649200526047
4.639999999999989,-1.593559974371857,-50.0,195.4102648555149,33.876450682141886,90.0,116.27732237113011,123.8764506821419,90.0,116.27732237113011
4.639999999999989,-1.593559974371857,50.0,195.4102648555149,33.876450682141886,90.0,116.27732237113011,56.123549317858114,90.0,243.7226776288699
4.639999999999989,1.1000000000001098,50.0,180.0,40.175317225473584,90.0,102.91649200526047,49.824682774526416,90.0,257.08350799473953
4.659999999999989,0.900000000000114,-50.0,180.0,40.239454169331665,90.0,102.91560135265883,130.23945416933168,90.0,117.91560135265883
4.659999999999989,-1.3395669874476428,-50.0,196.88655851003955,33.05260456924881,90.0,117.68598324106404,123.05260456924881,90.0,117.68598324106404
4.659999999999989,-1.3395669874476428,50.0,196.88655851003955,33.05260456924881,90.0,117.68598324106404,56.94739543075119,90.0,242.31401675893596
4.659999999999989,0.900000000000114,50.0,180.0,40.239454169331665,90.0,102.91560135265883,49.760545830668335,90.0,257.0843986473412
4.679999999999988,0.7000000000001183,-50.0,180.0,40.303496431968725,90.0,102.91488883286344,130.3034964319687,90.0,117.91488883286344
4.679999999999988,-1.0644482289128498,-50.0,198.09654104931977,32.34790739763214,90.0,118.86212179041071,122.34790739763214,90.0,118.86212179041071
4.679999999999988,-1.0644482289128498,50.0,198.09654104931977,32.34790739763214,90.0,118.86212179041071,57.65209260236786,90.0,241.1378782095893
4.679999999999988,0.7000000000001183,50.0,180.0,40.303496431968725,90.0,102.91488883286344,49.696503568031275,90.0,257.0851111671366
4.699999999999988,0.5000000000001226,-50.0,180.0,40.36744385684237,90.0,102.91435444435028,130.36744385684239,90.0,117.91435444435028
4.699999999999988,-0.7725424859375518,-50.0,199.0211303259026,31.77952005287104,90.00000000000001,119.77472934813662,121.77952005287104,89.99999999999999,119.77472934813662
4.699999999999988,-0.7725424859375518,50.0,199.0211303259026,31.77952005287104,90.00000000000001,119.77472934813662,58.220479947128965,90.00000000000001,240.22527065186338
4.699999999999988,0.5000000000001226,50.0,180.0,40.36744385684237,90.0,102.91435444435028,49.63255614315763,90.0,257.0856455556497
4.719999999999987,0.30000000000012683,-50.0,180.0,40.431296287244905,90.0,102.91399818597642,130.4312962872449,90.0,117.91399818597642
4.719999999999987,-0.46845328646450757,-50.0,199.64574501457346,31.361686339682784,90.0,120.39836842605645,121.36168633968279,90.0,120.39836842605645
4.719999999999987,-0.46845328646450757,50.0,199.64574501457346,31.361686339682784,90.0,120.39836842605645,58.638313660317216,90.0,239.60163157394356
4.719999999999987,0.30000000000012683,50.0,180.0,40.431296287244905,90.0,102.91399818597642,49.568703712755095,90.0,257.0860018140236
4.739999999999987,0.1000000000001311,-50.0,180.0,40.495053566305465,90.0,102.91382005697997,130.49505356630547,90.0,117.91382005697997
4.739999999999987,-0.15697629882348935,-50.0,199.96053456856532,31.10483615931651,90.0,120.7149105933216,121.1048361593165,90.0,120.7149105933216
4.739999999999987,-0.15697629882348935,50.0,199.96053456856532,31.10483615931651,90.0,120.7149105933216,58.895163840683495,90.0,239.2850894066784
4.739999999999987,0.1000000000001311,50.0,180.0,40.495053566305465,90.0,102.91382005697997,49.504946433694535,90.0,257.08617994302006
4.7599999999999865,-0.09999999999986464,-50.0,180.0,40.558715536992636,90.0,102.91382005697997,130.55871553699262,90.0,117.91382005697997
4.7599999999999865,0.15697629882307132,-50.0,199.96053456856555,31.01487763247073,90.0,120.71491059332183,121.01487763247073,90.0,120.71491059332183
4.7599999999999865,0.15697629882307132,50.0,199.96053456856555,31.01487763247073,90.0,120.71491059332183,58.98512236752927,90.0,239.28508940667817
4.7599999999999865,-0.09999999999986464,50.0,180.0,40.558715536992636,90.0,102.91382005697997,49.441284463007364,90.0,257.08617994302006
4.779999999999986,-0.2999999999998604,-50.0,180.0,40.62228204211664,90.0,102.91399818597642,130.62228204211664,90.0,117.91399818597642
4.779999999999986,0.4684532864640961,-50.0,199.64574501457412,31.09280661020698,90.0,120.39836842605716,121.09280661020698,90.0,120.39836842605716
4.779999999999986,0.4684532864640961,50.0,199.64574501457412,31.09280661020698,90.0,120.39836842605716,58.90719338979302,90.0,239.60163157394283
4.779999999999986,-0.2999999999998604,50.0,180.0,40.62228204211664,90.0,102.91399818597642,49.37771795788336,90.0,257.0860018140236
4.799999999999986,-0.4999999999998561,-50.0,180.0,40.68575292433168,90.0,102.91435444435028,130.68575292433167,90.0,117.91435444435028
4.799999999999986,0.7725424859371535,-50.0,199.02113032590364,31.33471098608859,90.0,119.77472934813767,121.3347109860886,90.0,119.77472934813767
4.799999999999986,0.7725424859371535,50.0,199.02113032590364,31.33471098608859,90.0,119.77472934813767,58.665289013911405,90.0,240.22527065186233
4.799999999999986,-0.4999999999998561,50.0,180.0,40.68575292433168,90.0,102.91435444435028,49.31424707566832,90.0,257.0856455556497
4.819999999999985,-0.6999999999998519,-50.0,180.0,40.749128026138365,90.0,102.91488883286344,130.74912802613835,90.0,117.91488883286344
4.819999999999985,1.0644482289124708,-50.0,198.0965410493212,31.732169195068185,90.0,118.86212179041212,121.73216919506818,90.0,118.86212179041212
4.819999999999985,1.0644482289124708,50.0,198.0965410493212,31.732169195068185,90.0,118.86212179041212,58.26783080493182,90.0,241.13787820958788
4.819999999999985,-0.6999999999998519,50.0,180.0,40.749128026138365,90.0,102.91488883286344,49.250871973861635,90.0,257.0851111671366
4.839999999999985,-0.8999999999998476,-50.0,180.0,40.8124071898858,90.0,102.91560135265883,130.8124071898858,90.0,117.91560135265883
4.839999999999985,1.3395669874472895,-50.0,196.8865585100413,32.27296424166777,90.00000000000001,117.68598324106571,122.27296424166778,89.99999999999999,117.68598324106571
4.839999999999985,1.3395669874472895,50.0,196.8865585100413,32.27296424166777,90.00000000000001,117.68598324106571,57.72703575833223,90.00000000000001,242.3140167589343
4.839999999999985,-0.8999999999998476,50.0,180.0,40.8124071898858,90.0,102.91560135265883,49.1875928101142,90.0,257.0843986473412
4.859999999999984,-1.0999999999998433,-50.0,180.0,40.87559025777409,90.0,102.91649200526047,130.8755902577741,90.0,117.91649200526047
4.859999999999984,1.5935599743715343,-50.0,195.41026485551703,32.94198352838721,90.00000000000001,116.27732237113214,122.94198352838721,89.99999999999999,116.27732237113214
4.859999999999984,1.5935599743715343,50.0,195.41026485551703,32.94198352838721,90.00000000000001,116.27732237113214,57.05801647161279,90.00000000000001,243.72267762886787
4.859999999999984,-1.0999999999998433,50.0,180.0,40.87559025777409,90.0,102.91649200526047,49.12440974222591,90.0,257.08350799473953
4.879999999999984,-1.299999999999839,-50.0,180.0,40.938677071856446,90.0,102.91756079257364,130.93867707185643,90.0,117.91756079257364
4.879999999999984,1.8224215685533558,-50.0,193.69094211857524,33.72216376923889,90.0,114.67088691011787,123.72216376923889,90.0,114.67088691011787
4.879999999999984,1.8224215685533558,50.0,193.69094211857524,33.72216376923889,90.0,114.67088691011787,56.27783623076111,90.0,245.32911308988213
4.879999999999984,-1.299999999999839,50.0,180.0,40.938677071856446,90.0,102.91756079257364,49.061322928143554,90.0,257.0824392074264
4.8999999999999835,-1.4999999999998348,-50.0,180.0,41.00166747404145,90.0,102.91880771688503,131.00166747404145,90.0,117.91880771688503
4.8999999999999835,2.022542485937216,-50.0,191.75570504585116,34.59536441632214,90.0,112.90346053638758,124.59536441632214,90.0,112.90346053638758
4.8999999999999835,2.022542485937216,50.0,191.75570504585116,34.59536441632214,90.0,112.90346053638758,55.40463558367786,90.0,247.09653946361243
4.8999999999999835,-1.4999999999998348,50.0,180.0,41.00166747404145,90.0,102.91880771688503,48.99833252595855,90.0,257.081192283115
4.919999999999983,-1.6999999999998305,-50.0,180.0,41.06456130609538,90.0,102.92023278086282,131.06456130609538,90.0,117.92023278086282
4.919999999999983,2.190766700109531,-50.0,189.63507348203618,35.543095839427046,90.0,111.01242995841693,125.54309583942705,90.0,111.01242995841693
4.919999999999983,2.190766700109531,50.0,189.63507348203618,35.543095839427046,90.0,111.01242995841693,54.456904160572954,90.0,248.98757004158307
4.919999999999983,-1.6999999999998305,50.0,180.0,41.06456130609538,90.0,102.92023278086282,48.93543869390462,90.0,257.0797672191372
4.939999999999983,-1.8999999999998263,-50.0,180.0,41.12735840964428,90.0,102.92183598755705,131.12735840964427,90.0,117.92183598755705
4.939999999999983,2.324441214720528,-50.0,187.3624910536956,36.54707252203374,90.0,109.03467899428874,126.54707252203374,90.0,109.03467899428874
4.939999999999983,2.324441214720528,50.0,187.3624910536956,36.54707252203374,90.0,109.03467899428874,53.45292747796626,90.0,250.96532100571125
4.939999999999983,-1.8999999999998263,50.0,180.0,41.12735840964428,90.0,102.92183598755705,48.87264159035572,90.0,257.0781640124429
4.959999999999982,-2.099999999999822,-50.0,180.0,41.190058626176246,90.0,102.92361734039967,131.19005862617624,90.0,117.92361734039967
4.959999999999982,2.4214579028215084,-50.0,184.97379774329926,37.58959549544907,90.0,107.00580152046967,127.58959549544906,90.0,107.00580152046967
4.959999999999982,2.4214579028215084,50.0,184.97379774329926,37.58959549544907,90.0,107.00580152046967,52.41040450455093,90.0,252.99419847953033
4.959999999999982,-2.099999999999822,50.0,180.0,41.190058626176246,90.0,102.92361734039967,48.809941373823754,90.0,257.0763826596003
4.979999999999982,-2.2999999999998177,-50.0,180.0,41.25266179704359,90.0,102.92557684320502,131.25266179704357,90.0,117.92557684320502
4.979999999999982,2.4802867532861588,-50.0,182.50666467128835,38.65378850062465,90.0,104.95958668246226,128.65378850062464,90.0,104.95958668246226
4.979999999999982,2.4802867532861588,50.0,182.50666467128835,38.65378850062465,90.0,104.95958668246226,51.34621149937535,90.0,255.04041331753774
4.979999999999982,-2.2999999999998177,50.0,180.0,41.25266179704359,90.0,102.92557684320502,48.74733820295641,90.0,257.074423156795
4.999999999999981,-2.4999999999998135,-50.0,180.0,41.315167763464935,90.0,102.92771450016991,131.31516776346493,90.0,117.92771450016991
4.999999999999981,2.5,-50.0,180.00000000000236,39.72372065798547,90.0,102.92771450017177,129.72372065798547,90.0,102.92771450017177
4.999999999999981,2.5,50.0,180.00000000000236,39.72372065798547,90.0,102.92771450017177,50.27627934201453,90.0,257.07228549982824
4.999999999999981,-2.4999999999998135,50.0,180.0,41.315167763464935,90.0,102.92771450016991,48.684832236535065,90.0,257.07228549983006
5.019999999999981,-2.480286753286232,-50.0,182.50666467128372,40.21100522307765,90.0,104.95958668245845,130.21100522307765,90.0,119.95958668245845
5.019999999999981,2.300000000000191,-50.0,180.0,39.788516001607015,90.0,102.92557684320502,129.788516001607,90.0,102.92557684320502
5.019999999999981,2.300000000000191,50.0,180.0,39.788516001607015,90.0,102.92557684320502,50.211483998392985,90.0,257.074423156795
5.019999999999981,-2.480286753286232,50.0,182.50666467128372,40.21100522307765,90.0,104.95958668245845,49.78899477692235,90.0,255.04041331754155
5.0399999999999805,-2.421457902821654,-50.0,184.9737977432947,39.0896067984617,90.0,107.0058015204659,129.08960679846172,90.0,122.0058015204659
5.0399999999999805,2.100000000000195,-50.0,180.0,39.853217754968455,90.0,102.92361734039967,129.85321775496845,90.0,102.92361734039967
5.0399999999999805,2.100000000000195,50.0,180.0,39.853217754968455,90.0,102.92361734039967,50.146782245031545,90.0,257.0763826596003
5.0399999999999805,-2.421457902821654,50.0,184.9737977432947,39.0896067984617,90.0,107.0058015204659,50.9103932015383,90.0,252.9941984795341
5.05999999999998,-2.3244412147207436,-50.0,187.36249105369123,37.96863602197423,90.0,109.03467899428497,127.96863602197422,90.0,124.03467899428497
5.05999999999998,1.9000000000001993,-50.0,180.0,39.917825762754184,90.0,102.92183598755705,129.91782576275418,90.0,102.92183598755705
5.05999999999998,1.9000000000001993,50.0,180.0,39.917825762754184,90.0,102.92183598755705,50.082174237245816,90.0,257.0781640124429
5.05999999999998,-2.3244412147207436,50.0,187.36249105369123,37.96863602197423,90.0,109.03467899428497,52.03136397802577,90.0,250.96532100571503
5.07999999999998,-2.190766700109813,-50.0,189.63507348203206,36.86686047712052,90.0,111.0124299584133,126.86686047712053,90.0,126.0124299584133
5.07999999999998,1.7000000000002036,-50.0,180.0,39.98233986946515,90.0,102.92023278086282,129.98233986946514,90.0,102.92023278086282
5.07999999999998,1.7000000000002036,50.0,180.0,39.98233986946515,90.0,102.92023278086282,50.01766013053485,90.0,257.0797672191372
5.07999999999998,-2.190766700109813,50.0,189.63507348203206,36.86686047712052,90.0,111.0124299584133,53.13313952287948,90.0,248.9875700415867
5.099999999999979,-2.0225424859375605,-50.0,191.75570504584735,35.80397358149773,90.0,112.90346053638416,125.80397358149773,90.0,127.90346053638416
5.099999999999979,1.5000000000002078,-50.0,180.0,40.04675991942228,90.0,102.91880771688503,130.04675991942227,90.0,102.91880771688503
5.099999999999979,1.5000000000002078,50.0,180.0,40.04675991942228,90.0,102.91880771688503,49.95324008057772,90.0,257.081192283115
5.099999999999979,-2.0225424859375605,50.0,191.75570504584735,35.80397358149773,90.0,112.90346053638416,54.19602641850227,90.0,247.09653946361584
5.119999999999979,-1.822421568553757,-50.0,193.69094211857183,34.800314168289546,90.0,114.67088691011472,124.80031416828955,90.0,129.67088691011472
5.119999999999979,1.300000000000212,-50.0,180.0,40.11108575676897,90.0,102.91756079257367,130.11108575676897,90.0,102.91756079257367
5.119999999999979,1.300000000000212,50.0,180.0,40.11108575676897,90.0,102.91756079257367,49.88891424323103,90.0,257.0824392074263
5.119999999999979,-1.822421568553757,50.0,193.69094211857183,34.800314168289546,90.0,114.67088691011472,55.199685831710454,90.0,245.32911308988528
5.139999999999978,-1.5935599743719864,-50.0,195.41026485551404,33.87645068214236,90.0,116.2773223711293,123.87645068214236,90.0,131.2773223711293
5.139999999999978,1.1000000000002164,-50.0,180.0,40.17531722547355,90.0,102.91649200526047,130.17531722547355,90.0,102.91649200526047
5.139999999999978,1.1000000000002164,50.0,180.0,40.17531722547355,90.0,102.91649200526047,49.82468277452645,90.0,257.08350799473953
5.139999999999978,-1.5935599743719864,50.0,195.41026485551404,33.87645068214236,90.0,116.2773223711293,56.12354931785764,90.0,243.7226776288707
5.159999999999978,-1.3395669874477845,-50.0,196.8865585100388,33.05260456924922,90.0,117.68598324106335,123.05260456924921,90.0,132.68598324106335
5.159999999999978,0.9000000000002206,-50.0,180.0,40.23945416933163,90.0,102.91560135265883,130.23945416933162,90.0,102.91560135265883
5.159999999999978,0.9000000000002206,50.0,180.0,40.23945416933163,90.0,102.91560135265883,49.76054583066837,90.0,257.0843986473412
5.159999999999978,-1.3395669874477845,50.0,196.8865585100388,33.05260456924922,90.0,117.68598324106335,56.94739543075078,90.0,242.31401675893665
5.1799999999999775,-1.0644482289130015,-50.0,198.09654104931917,32.3479073976325,90.0,118.86212179041013,122.3479073976325,90.0,133.86212179041013
5.1799999999999775,0.7000000000002249,-50.0,180.0,40.303496431968696,90.0,102.91488883286344,130.3034964319687,90.0,102.91488883286344
5.1799999999999775,0.7000000000002249,50.0,180.0,40.303496431968696,90.0,102.91488883286344,49.696503568031304,90.0,257.0851111671366
5.1799999999999775,-1.0644482289130015,50.0,198.09654104931917,32.3479073976325,90.0,118.86212179041013,57.6520926023675,90.0,241.13787820958987
5.199999999999977,-0.7725424859377107,-50.0,199.0211303259022,31.779520052871295,90.00000000000001,119.77472934813623,121.77952005287129,89.99999999999999,134.77472934813625
5.199999999999977,0.5000000000002292,-50.0,180.0,40.36744385684234,90.0,102.91435444435028,130.36744385684233,90.0,102.91435444435028
5.199999999999977,0.5000000000002292,50.0,180.0,40.36744385684234,90.0,102.91435444435028,49.63255614315766,90.0,257.0856455556497
5.199999999999977,-0.7725424859377107,50.0,199.0211303259022,31.779520052871295,90.00000000000001,119.77472934813623,58.22047994712871,90.00000000000001,240.22527065186375
5.219999999999977,-0.4684532864646717,-50.0,199.6457450145732,31.36168633968296,90.0,120.3983684260562,121.36168633968296,90.0,135.3983684260562
5.219999999999977,0.3000000000002334,-50.0,180.0,40.43129628724486,90.0,102.91399818597642,130.43129628724486,90.0,102.91399818597642
5.219999999999977,0.3000000000002334,50.0,180.0,40.43129628724486,90.0,102.91399818597642,49.56870371275514,90.0,257.0860018140236
5.219999999999977,-0.4684532864646717,50.0,199.6457450145732,31.36168633968296,90.0,120.3983684260562,58.63831366031704,90.0,239.6016315739438
5.239999999999976,-0.15697629882365613,-50.0,199.96053456856524,31.104836159316605,90.00000000000001,120.7149105933215,121.1048361593166,89.99999999999999,135.71491059332152
5.239999999999976,0.10000000000023768,-50.0,180.0,40.49505356630543,90.0,102.91382005697997,130.49505356630544,90.0,102.91382005697997
5.239999999999976,0.10000000000023768,50.0,180.0,40.49505356630543,90.0,102.91382005697997,49.50494643369457,90.0,257.08617994302006
5.239999999999976,-0.15697629882365613,50.0,199.96053456856524,31.104836159316605,90.00000000000001,120.7149105933215,58.895163840683395,90.00000000000001,239.28508940667848
5.259999999999976,0.156976298822904,-50.0,199.9605345685656,31.014877632470743,90.0,120.71491059332189,121.01487763247074,90.0,135.7149105933219
5.259999999999976,-0.09999999999975806,-50.0,180.0,40.5587155369926,90.0,102.91382005697997,130.5587155369926,90.0,102.91382005697997
5.259999999999976,-0.09999999999975806,50.0,180.0,40.5587155369926,90.0,102.91382005697997,49.4412844630074,90.0,257.08617994302006
5.259999999999976,0.156976298822904,50.0,199.9605345685656,31.014877632470743,90.0,120.71491059332189,58.98512236752926,90.0,239.2850894066781
5.279999999999975,0.4684532864639315,-50.0,199.64574501457435,31.092806610206917,90.0,120.39836842605736,121.09280661020692,90.0,135.39836842605735
5.279999999999975,-0.2999999999997538,-50.0,180.0,40.62228204211661,90.0,102.91399818597642,130.6222820421166,90.0,102.91399818597642
5.279999999999975,-0.2999999999997538,50.0,180.0,40.62228204211661,90.0,102.91399818597642,49.37771795788339,90.0,257.0860018140236
5.279999999999975,0.4684532864639315,50.0,199.64574501457435,31.092806610206917,90.0,120.39836842605736,58.90719338979308,90.0,239.60163157394265
5.299999999999975,0.772542485936994,-50.0,199.02113032590404,31.334710986088425,90.0,119.77472934813807,121.33471098608842,90.0,134.77472934813807
5.299999999999975,-0.49999999999974953,-50.0,180.0,40.685752924331645,90.0,102.91435444435028,130.68575292433164,90.0,102.91435444435028
5.299999999999975,-0.49999999999974953,50.0,180.0,40.685752924331645,90.0,102.91435444435028,49.314247075668355,90.0,257.0856455556497
5.299999999999975,0.772542485936994,50.0,199.02113032590404,31.334710986088425,90.0,119.77472934813807,58.665289013911575,90.0,240.22527065186193
5.3199999999999745,1.0644482289123192,-50.0,198.09654104932176,31.73216919506793,90.0,118.86212179041267,121.73216919506793,90.0,133.8621217904127
5.3199999999999745,-0.6999999999997453,-50.0,180.0,40.74912802613833,90.0,102.91488883286344,130.74912802613832,90.0,102.91488883286344
5.3199999999999745,-0.6999999999997453,50.0,180.0,40.74912802613833,90.0,102.91488883286344,49.25087197386167,90.0,257.0851111671366
5.3199999999999745,1.0644482289123192,50.0,198.09654104932176,31.73216919506793,90.0,118.86212179041267,58.267830804932075,90.0,241.1378782095873
5.339999999999974,1.339566987447148,-50.0,196.88655851004205,32.27296424166744,90.00000000000001,117.68598324106642,122.27296424166744,89.99999999999999,132.68598324106642
5.339999999999974,-0.899999999999741,-50.0,180.0,40.81240718988576,90.0,102.91560135265883,130.81240718988576,90.0,102.91560135265883
5.339999999999974,-0.899999999999741,50.0,180.0,40.81240718988576,90.0,102.91560135265883,49.18759281011424,90.0,257.0843986473412
5.339999999999974,1.339566987447148,50.0,196.88655851004205,32.27296424166744,90.00000000000001,117.68598324106642,57.72703575833256,90.00000000000001,242.31401675893358
5.359999999999974,1.5935599743714053,-50.0,195.4102648555179,32.94198352838682,90.0,116.27732237113297,122.94198352838683,90.0,131.27732237113298
5.359999999999974,-1.0999999999997367,-50.0,180.0,40.87559025777406,90.0,102.91649200526047,130.87559025777406,90.0,102.91649200526047
5.359999999999974,-1.0999999999997367,50.0,180.0,40.87559025777406,90.0,102.91649200526047,49.12440974222594,90.0,257.08350799473953
5.359999999999974,1.5935599743714053,50.0,195.4102648555179,32.94198352838682,90.0,116.27732237113297,57.05801647161318,90.0,243.72267762886702
5.379999999999973,1.822421568553241,-50.0,193.69094211857623,33.722163769238435,90.0,114.67088691011878,123.72216376923843,90.0,129.67088691011878
5.379999999999973,-1.2999999999997325,-50.0,180.0,40.93867707185641,90.0,102.91756079257364,130.9386770718564,90.0,102.91756079257364
5.379999999999973,-1.2999999999997325,50.0,180.0,40.93867707185641,90.0,102.91756079257364,49.06132292814359,90.0,257.0824392074264
5.379999999999973,1.822421568553241,50.0,193.69094211857623,33.722163769238435,90.0,114.67088691011878,56.277836230761565,90.0,245.32911308988122
5.399999999999973,2.0225424859371173,-50.0,191.75570504585224,34.59536441632165,90.0,112.90346053638856,124.59536441632164,90.0,127.90346053638856
5.399999999999973,-1.4999999999997282,-50.0,180.0,41.00166747404142,90.0,102.91880771688503,131.00166747404143,90.0,102.91880771688503
5.399999999999973,-1.4999999999997282,50.0,180.0,41.00166747404142,90.0,102.91880771688503,48.99833252595858,90.0,257.081192283115
5.399999999999973,2.0225424859371173,50.0,191.75570504585224,34.59536441632165,90.0,112.90346053638856,55.40463558367835,90.0,247.09653946361144
5.419999999999972,2.19076670010945,-50.0,189.63507348203734,35.54309583942653,90.0,111.01242995841795,125.54309583942653,90.0,126.01242995841795
5.419999999999972,-1.699999999999724,-50.0,180.0,41.06456130609534,90.0,102.92023278086282,131.06456130609536,90.0,102.92023278086282
5.419999999999972,-1.699999999999724,50.0,180.0,41.06456130609534,90.0,102.92023278086282,48.93543869390466,90.0,257.0797672191372
5.419999999999972,2.19076670010945,50.0,189.63507348203734,35.54309583942653,90.0,111.01242995841795,54.45690416057347,90.0,248.98757004158205
5.439999999999972,2.3244412147204665,-50.0,187.36249105369683,36.54707252203322,90.0,109.03467899428978,126.54707252203322,90.0,124.03467899428978
5.439999999999972,-1.8999999999997197,-50.0,180.0,41.127358409644245,90.0,102.92183598755705,131.12735840964424,90.0,102.92183598755705
5.439999999999972,-1.8999999999997197,50.0,180.0,41.127358409644245,90.0,102.92183598755705,48.872641590355755,90.0,257.0781640124429
5.439999999999972,2.3244412147204665,50.0,187.36249105369683,36.54707252203322,90.0,109.03467899428978,53.45292747796678,90.0,250.96532100571022
5.4599999999999715,2.4214579028214662,-50.0,184.97379774330057,37.589595495448506,90.0,107.00580152047075,127.5895954954485,90.0,122.00580152047075
5.4599999999999715,-2.0999999999997154,-50.0,180.0,41.19005862617622,90.0,102.92361734039967,131.1900586261762,90.0,102.92361734039967
5.4599999999999715,-2.0999999999997154,50.0,180.0,41.19005862617622,90.0,102.92361734039967,48.80994137382378,90.0,257.0763826596003
5.4599999999999715,2.4214579028214662,50.0,184.97379774330057,37.589595495448506,90.0,107.00580152047075,52.410404504551494,90.0,252.99419847952925
5.479999999999971,2.480286753286138,-50.0,182.50666467128968,38.653788500624074,90.0,104.95958668246335,128.65378850062407,90.0,119.95958668246335
5.479999999999971,-2.299999999999711,-50.0,180.0,41.25266179704357,90.0,102.925576843205,131.25266179704357,90.0,102.925576843205
5.479999999999971,-2.299999999999711,50.0,180.0,41.25266179704357,90.0,102.925576843205,48.74733820295643,90.0,257.074423156795
5.479999999999971,2.480286753286138,50.0,182.50666467128968,38.653788500624074,90.0,104.95958668246335,51.346211499375926,90.0,255.04041331753666
5.499999999999971,2.5,-50.0,180.0000000000037,39.72372065798488,90.0,102.92771450017287,129.72372065798487,90.0,117.92771450017287
5.499999999999971,-2.499999999999707,-50.0,180.0,41.315167763464906,90.0,102.92771450016991,131.3151677634649,90.0,102.92771450016991
5.499999999999971,-2.499999999999707,50.0,180.0,41.315167763464906,90.0,102.92771450016991,48.684832236535094,90.0,257.07228549983006
5.499999999999971,2.5,50.0,180.0000000000037,39.72372065798488,90.0,102.92771450017287,50.27627934201512,90.0,257.0722854998271
5.51999999999997,2.3000000000002974,-50.0,180.0,39.788516001606986,90.0,102.92557684320502,129.78851600160698,90.0,117.92557684320502
5.51999999999997,-2.4802867532862534,-50.0,182.50666467128238,40.21100522307825,90.0,104.95958668245736,130.21100522307825,90.0,104.95958668245736
5.51999999999997,-2.4802867532862534,50.0,182.50666467128238,40.21100522307825,90.0,104.95958668245736,49.78899477692175,90.0,255.04041331754263
5.51999999999997,2.3000000000002974,50.0,180.0,39.788516001606986,90.0,102.92557684320502,50.211483998393014,90.0,257.074423156795
5.53999999999997,2.1000000000003016,-50.0,180.0,39.853217754968426,90.0,102.92361734039967,129.85321775496843,90.0,117.92361734039967
5.53999999999997,-2.421457902821696,-50.0,184.97379774329343,39.089606798462285,90.0,107.00580152046481,129.08960679846228,90.0,107.00580152046481
5.53999999999997,-2.421457902821696,50.0,184.97379774329343,39.089606798462285,90.0,107.00580152046481,50.910393201537715,90.0,252.99419847953519
5.53999999999997,2.1000000000003016,50.0,180.0,39.853217754968426,90.0,102.92361734039967,50.146782245031574,90.0,257.0763826596003
5.559999999999969,1.9000000000003059,-50.0,180.0,39.91782576275415,90.0,102.92183598755705,129.91782576275415,90.0,117.92183598755705
5.559999999999969,-2.3244412147208053,-50.0,187.36249105368998,37.968636021974824,90.0,109.0346789942839,127.96863602197482,90.0,109.0346789942839
5.559999999999969,-2.3244412147208053,50.0,187.36249105368998,37.968636021974824,90.0,109.0346789942839,52.031363978025176,90.0,250.9653210057161
5.559999999999969,1.9000000000003059,50.0,180.0,39.91782576275415,90.0,102.92183598755705,50.08217423724585,90.0,257.0781640124429
5.579999999999969,1.7000000000003102,-50.0,180.0,39.982339869465115,90.0,102.92023278086282,129.9823398694651,90.0,117.92023278086282
5.579999999999969,-2.1907667001098936,-50.0,189.6350734820309,36.8668604771211,90.0,111.0124299584123,126.8668604771211,90.0,111.0124299584123
5.579999999999969,-2.1907667001098936,50.0,189.6350734820309,36.8668604771211,90.0,111.0124299584123,53.1331395228789,90.0,248.9875700415877
5.579999999999969,1.7000000000003102,50.0,180.0,39.982339869465115,90.0,102.92023278086282,50.017660130534885,90.0,257.0797672191372
5.599999999999969,1.5000000000003144,-50.0,180.0,40.04675991942224,90.0,102.91880771688503,130.04675991942224,90.0,117.91880771688503
5.599999999999969,-2.022542485937659,-50.0,191.75570504584627,35.80397358149828,90.0,112.90346053638318,125.80397358149828,90.0,112.90346053638318
5.599999999999969,-2.022542485937659,50.0,191.75570504584627,35.80397358149828,90.0,112.90346053638318,54.19602641850172,90.0,247.0965394636168
5.599999999999969,1.5000000000003144,50.0,180.0,40.04675991942224,90.0,102.91880771688503,49.95324008057776,90.0,257.081192283115
5.619999999999968,1.3000000000003187,-50.0,180.0,40.11108575676894,90.0,102.91756079257367,130.11108575676894,90.0,117.91756079257367
5.619999999999968,-1.8224215685538714,-50.0,193.69094211857086,34.80031416829006,90.0,114.67088691011382,124.80031416829006,90.0,114.67088691011382
5.619999999999968,-1.8224215685538714,50.0,193.69094211857086,34.80031416829006,90.0,114.67088691011382,55.19968583170994,90.0,245.32911308988616
5.619999999999968,1.3000000000003187,50.0,180.0,40.11108575676894,90.0,102.91756079257367,49.88891424323106,90.0,257.0824392074263
5.639999999999968,1.100000000000323,-50.0,180.0,40.17531722547352,90.0,102.91649200526047,130.17531722547352,90.0,117.91649200526047
5.639999999999968,-1.5935599743721152,-50.0,195.4102648555132,33.87645068214281,90.0,116.2773223711285,123.8764506821428,90.0,116.2773223711285
5.639999999999968,-1.5935599743721152,50.0,195.4102648555132,33.87645068214281,90.0,116.2773223711285,56.12354931785719,90.0,243.7226776288715
5.639999999999968,1.100000000000323,50.0,180.0,40.17531722547352,90.0,102.91649200526047,49.82468277452648,90.0,257.08350799473953
5.659999999999967,0.9000000000003272,-50.0,180.0,40.239454169331594,90.0,102.91560135265883,130.2394541693316,90.0,117.91560135265883
5.659999999999967,-1.3395669874479255,-50.0,196.8865585100381,33.05260456924962,90.0,117.68598324106266,123.05260456924961,90.0,117.68598324106266
5.659999999999967,-1.3395669874479255,50.0,196.8865585100381,33.05260456924962,90.0,117.68598324106266,56.94739543075038,90.0,242.31401675893733
5.659999999999967,0.9000000000003272,50.0,180.0,40.239454169331594,90.0,102.91560135265883,49.760545830668406,90.0,257.0843986473412
5.679999999999967,0.7000000000003315,-50.0,180.0,40.303496431968654,90.0,102.91488883286344,130.30349643196865,90.0,117.91488883286344
5.679999999999967,-1.0644482289131527,-50.0,198.0965410493186,32.347907397632845,90.0,118.86212179040957,122.34790739763284,90.0,118.86212179040957
5.679999999999967,-1.0644482289131527,50.0,198.0965410493186,32.347907397632845,90.0,118.86212179040957,57.652092602367155,90.0,241.13787820959044
5.679999999999967,0.7000000000003315,50.0,180.0,40.303496431968654,90.0,102.91488883286344,49.696503568031346,90.0,257.0851111671366
5.699999999999966,0.5000000000003357,-50.0,180.0,40.36744385684231,90.0,102.91435444435028,130.3674438568423,90.0,117.91435444435028
5.699999999999966,-0.7725424859378702,-50.0,199.02113032590177,31.77952005287157,90.0,119.7747293481358,121.77952005287156,90.0,119.7747293481358
5.699999999999966,-0.7725424859378702,50.0,199.02113032590177,31.77952005287157,90.0,119.7747293481358,58.22047994712843,90.0,240.2252706518642
5.699999999999966,0.5000000000003357,50.0,180.0,40.36744385684231,90.0,102.91435444435028,49.63255614315769,90.0,257.0856455556497
5.719999999999966,0.30000000000034,-50.0,180.0,40.431296287244834,90.0,102.91399818597642,130.43129628724483,90.0,117.91399818597642
5.719999999999966,-0.46845328646483636,-50.0,199.64574501457298,31.361686339683114,90.00000000000001,120.39836842605598,121.36168633968312,89.99999999999999,120.39836842605598
5.719999999999966,-0.46845328646483636,50.0,199.64574501457298,31.361686339683114,90.00000000000001,120.39836842605598,58.63831366031688,90.00000000000001,239.60163157394402
5.719999999999966,0.30000000000034,50.0,180.0,40.431296287244834,90.0,102.91399818597642,49.568703712755166,90.0,257.0860018140236
5.739999999999966,0.10000000000034426,-50.0,180.0,40.495053566305394,90.0,102.91382005697997,130.4950535663054,90.0,117.91382005697997
5.739999999999966,-0.1569762988238234,-50.0,199.96053456856515,31.104836159316694,90.0,120.71491059332143,121.10483615931669,90.0,120.71491059332143
5.739999999999966,-0.1569762988238234,50.0,199.96053456856515,31.104836159316694,90.0,120.71491059332143,58.89516384068331,90.0,239.28508940667857
5.739999999999966,0.10000000000034426,50.0,180.0,40.495053566305394,90.0,102.91382005697997,49.504946433694606,90.0,257.08617994302006
5.759999999999965,-0.09999999999965148,-50.0,180.0,40.558715536992565,90.0,102.91382005697997,130.55871553699257,90.0,117.91382005697997
5.759999999999965,0.15697629882273667,-50.0,199.96053456856572,31.014877632470736,90.0,120.71491059332202,121.01487763247073,90.0,120.71491059332202
5.759999999999965,0.15697629882273667,50.0,199.96053456856572,31.014877632470736,90.0,120.71491059332202,58.985122367529264,90.0,239.28508940667797
5.759999999999965,-0.09999999999965148,50.0,180.0,40.558715536992565,90.0,102.91382005697997,49.441284463007435,90.0,257.08617994302006
5.779999999999965,-0.2999999999996472,-50.0,180.0,40.62228204211657,90.0,102.91399818597642,130.62228204211658,90.0,117.91399818597642
5.779999999999965,0.4684532864637674,-50.0,199.6457450145746,31.09280661020683,90.0,120.39836842605762,121.09280661020682,90.0,120.39836842605762
5.779999999999965,0.4684532864637674,50.0,199.6457450145746,31.09280661020683,90.0,120.39836842605762,58.90719338979317,90.0,239.60163157394237
5.779999999999965,-0.2999999999996472,50.0,180.0,40.62228204211657,90.0,102.91399818597642,49.37771795788343,90.0,257.0860018140236
5.799999999999964,-0.49999999999964295,-50.0,180.0,40.68575292433162,90.0,102.91435444435028,130.6857529243316,90.0,117.91435444435028
5.799999999999964,0.7725424859368352,-50.0,199.02113032590447,31.334710986088247,90.00000000000001,119.77472934813848,121.33471098608825,89.99999999999999,119.77472934813848
5.799999999999964,0.7725424859368352,50.0,199.02113032590447,31.334710986088247,90.00000000000001,119.77472934813848,58.66528901391175,90.00000000000001,240.22527065186154
5.799999999999964,-0.49999999999964295,50.0,180.0,40.68575292433162,90.0,102.91435444435028,49.31424707566838,90.0,257.0856455556497
5.819999999999964,-0.6999999999996387,-50.0,180.0,40.7491280261383,90.0,102.91488883286344,130.7491280261383,90.0,117.91488883286344
5.819999999999964,1.0644482289121675,-50.0,198.09654104932233,31.732169195067687,90.0,118.86212179041323,121.73216919506768,90.0,118.86212179041323
5.819999999999964,1.0644482289121675,50.0,198.09654104932233,31.732169195067687,90.0,118.86212179041323,58.267830804932316,90.0,241.13787820958677
5.819999999999964,-0.6999999999996387,50.0,180.0,40.7491280261383,90.0,102.91488883286344,49.2508719738617,90.0,257.0851111671366
5.839999999999963,-0.8999999999996344,-50.0,180.0,40.81240718988573,90.0,102.91560135265883,130.81240718988573,90.0,117.91560135265883
5.839999999999963,1.3395669874470064,-50.0,196.88655851004276,32.27296424166711,90.00000000000001,117.68598324106713,122.27296424166711,89.99999999999999,117.68598324106713
5.839999999999963,1.3395669874470064,50.0,196.88655851004276,32.27296424166711,90.00000000000001,117.68598324106713,57.72703575833289,90.00000000000001,242.31401675893287
5.839999999999963,-0.8999999999996344,50.0,180.0,40.81240718988573,90.0,102.91560135265883,49.18759281011427,90.0,257.0843986473412
5.859999999999963,-1.0999999999996302,-50.0,180.0,40.87559025777403,90.0,102.91649200526047,130.87559025777404,90.0,117.91649200526047
5.859999999999963,1.593559974371277,-50.0,195.41026485551873,32.941983528386444,90.0,116.27732237113375,122.94198352838644,90.0,116.27732237113375
5.859999999999963,1.593559974371277,50.0,195.41026485551873,32.941983528386444,90.0,116.27732237113375,57.058016471613556,90.0,243.72267762886625
5.859999999999963,-1.0999999999996302,50.0,180.0,40.87559025777403,90.0,102.91649200526047,49.12440974222597,90.0,257.08350799473953
5.879999999999963,-1.299999999999626,-50.0,180.0,40.938677071856375,90.0,102.91756079257364,130.93867707185638,90.0,117.91756079257364
5.879999999999963,1.8224215685531264,-50.0,193.6909421185772,33.722163769238,90.0,114.67088691011968,123.722163769238,90.0,114.67088691011968
5.879999999999963,1.8224215685531264,50.0,193.6909421185772,33.722163769238,90.0,114.67088691011968,56.277836230762,90.0,245.3291130898803
5.879999999999963,-1.299999999999626,50.0,180.0,40.938677071856375,90.0,102.91756079257364,49.061322928143625,90.0,257.0824392074264
5.899999999999962,-1.4999999999996216,-50.0,180.0,41.001667474041376,90.0,102.91880771688503,131.00166747404137,90.0,117.91880771688503
5.899999999999962,2.022542485937019,-50.0,191.75570504585332,34.59536441632117,90.0,112.90346053638955,124.59536441632116,90.0,112.90346053638955
5.899999999999962,2.022542485937019,50.0,191.75570504585332,34.59536441632117,90.0,112.90346053638955,55.40463558367883,90.0,247.09653946361044
5.899999999999962,-1.4999999999996216,50.0,180.0,41.001667474041376,90.0,102.91880771688503,48.998332525958624,90.0,257.081192283115
5.919999999999962,-1.6999999999996174,-50.0,180.0,41.064561306095314,90.0,102.92023278086282,131.0645613060953,90.0,117.92023278086282
5.919999999999962,2.190766700109369,-50.0,189.63507348203854,35.543095839425995,90.0,111.012429958419,125.543095839426,90.0,111.012429958419
5.919999999999962,2.190766700109369,50.0,189.63507348203854,35.543095839425995,90.0,111.012429958419,54.456904160574005,90.0,248.987570041581
5.919999999999962,-1.6999999999996174,50.0,180.0,41.064561306095314,90.0,102.92023278086282,48.935438693904686,90.0,257.0797672191372
5.939999999999961,-1.899999999999613,-50.0,180.0,41.127358409644216,90.0,102.92183598755705,131.12735840964422,90.0,117.92183598755705
5.939999999999961,2.3244412147204048,-50.0,187.36249105369808,36.54707252203266,90.0,109.03467899429087,126.54707252203266,90.0,109.03467899429087
5.939999999999961,2.3244412147204048,50.0,187.36249105369808,36.54707252203266,90.0,109.03467899429087,53.45292747796734,90.0,250.96532100570914
5.939999999999961,-1.899999999999613,50.0,180.0,41.127358409644216,90.0,102.92183598755705,48.872641590355784,90.0,257.0781640124429
5.959999999999961,-2.099999999999609,-50.0,180.0,41.19005862617618,90.0,102.92361734039967,131.19005862617618,90.0,117.92361734039967
5.959999999999961,2.421457902821425,-50.0,184.97379774330187,37.589595495447924,90.0,107.00580152047186,127.58959549544792,90.0,107.00580152047186
5.959999999999961,2.421457902821425,50.0,184.97379774330187,37.589595495447924,90.0,107.00580152047186,52.410404504552076,90.0,252.99419847952814
5.959999999999961,-2.099999999999609,50.0,180.0,41.19005862617618,90.0,102.92361734039967,48.80994137382382,90.0,257.0763826596003
5.9799999999999605,-2.2999999999996046,-50.0,180.0,41.252661797043544,90.0,102.925576843205,131.25266179704354,90.0,117.925576843205
5.9799999999999605,2.4802867532861166,-50.0,182.50666467129102,38.653788500623506,90.0,104.95958668246446,128.6537885006235,90.0,104.95958668246446
5.9799999999999605,2.4802867532861166,50.0,182.50666467129102,38.653788500623506,90.0,104.95958668246446,51.346211499376494,90.0,255.04041331753552
5.9799999999999605,-2.2999999999996046,50.0,180.0,41.252661797043544,90.0,102.925576843205,48.747338202956456,90.0,257.074423156795
5.99999999999996,-2.4999999999996003,-50.0,180.0,41.31516776346487,90.0,102.92771450016991,131.31516776346487,90.0,117.92771450016991
5.99999999999996,2.5,-50.0,180.00000000000503,39.723720657984316,90.0,102.92771450017395,129.7237206579843,90.0,102.92771450017395
5.99999999999996,2.5,50.0,180.00000000000503,39.723720657984316,90.0,102.92771450017395,50.276279342015684,90.0,257.0722854998261
5.99999999999996,-2.4999999999996003,50.0,180.0,41.31516776346487,90.0,102.92771450016991,48.68483223653513,90.0,257.07228549983006
6.01999999999996,-2.4802867532862742,-50.0,182.50666467128104,40.21100522307885,90.0,104.95958668245626,130.21100522307884,90.0,119.95958668245626
6.01999999999996,2.300000000000404,-50.0,180.0,39.78851600160694,90.0,102.92557684320502,129.78851600160695,90.0,102.92557684320502
6.01999999999996,2.300000000000404,50.0,180.0,39.78851600160694,90.0,102.92557684320502,50.21148399839306,90.0,257.074423156795
6.01999999999996,-2.4802867532862742,50.0,182.50666467128104,40.21100522307885,90.0,104.95958668245626,49.78899477692115,90.0,255.04041331754374
6.039999999999959,-2.421457902821737,-50.0,184.97379774329212,39.0896067984629,90.0,107.0058015204637,129.0896067984629,90.0,122.0058015204637
6.039999999999959,2.100000000000408,-50.0,180.0,39.853217754968384,90.0,102.92361734039967,129.8532177549684,90.0,102.92361734039967
6.039999999999959,2.100000000000408,50.0,180.0,39.853217754968384,90.0,102.92361734039967,50.146782245031616,90.0,257.0763826596003
6.039999999999959,-2.421457902821737,50.0,184.97379774329212,39.0896067984629,90.0,107.0058015204637,50.9103932015371,90.0,252.9941984795363
6.059999999999959,-2.324441214720867,-50.0,187.36249105368873,37.96863602197543,90.0,109.03467899428283,127.96863602197543,90.0,124.03467899428283
6.059999999999959,1.9000000000004125,-50.0,180.0,39.91782576275411,90.0,102.92183598755705,129.91782576275412,90.0,102.92183598755705
6.059999999999959,1.9000000000004125,50.0,180.0,39.91782576275411,90.0,102.92183598755705,50.08217423724589,90.0,257.0781640124429
6.059999999999959,-2.324441214720867,50.0,187.36249105368873,37.96863602197543,90.0,109.03467899428283,52.03136397802457,90.0,250.96532100571716
6.079999999999958,-2.1907667001099744,-50.0,189.63507348202972,36.86686047712168,90.0,111.01242995841123,126.86686047712169,90.0,126.01242995841123
6.079999999999958,1.7000000000004167,-50.0,180.0,39.982339869465065,90.0,102.92023278086283,129.98233986946508,90.0,102.92023278086283
6.079999999999958,1.7000000000004167,50.0,180.0,39.982339869465065,90.0,102.92023278086283,50.017660130534935,90.0,257.0797672191372
6.079999999999958,-2.1907667001099744,50.0,189.63507348202972,36.86686047712168,90.0,111.01242995841123,53.13313952287832,90.0,248.98757004158875
6.099999999999958,-2.0225424859377577,-50.0,191.7557050458452,35.80397358149883,90.0,112.90346053638221,125.80397358149884,90.0,127.90346053638221
6.099999999999958,1.500000000000421,-50.0,180.0,40.046759919422215,90.0,102.91880771688503,130.04675991942221,90.0,102.91880771688503
6.099999999999958,1.500000000000421,50.0,180.0,40.046759919422215,90.0,102.91880771688503,49.953240080577785,90.0,257.081192283115
6.099999999999958,-2.0225424859377577,50.0,191.7557050458452,35.80397358149883,90.0,112.90346053638221,54.19602641850117,90.0,247.09653946361777
6.1199999999999575,-1.822421568553986,-50.0,193.69094211856986,34.800314168290576,90.0,114.67088691011291,124.80031416829058,90.0,129.67088691011293
6.1199999999999575,1.3000000000004253,-50.0,180.0,40.11108575676891,90.0,102.91756079257367,130.11108575676892,90.0,102.91756079257367
6.1199999999999575,1.3000000000004253,50.0,180.0,40.11108575676891,90.0,102.91756079257367,49.88891424323109,90.0,257.0824392074263
6.1199999999999575,-1.822421568553986,50.0,193.69094211856986,34.800314168290576,90.0,114.67088691011291,55.199685831709424,90.0,245.32911308988707
6.139999999999957,-1.5935599743722442,-50.0,195.41026485551234,33.87645068214328,90.0,116.27732237112772,123.87645068214329,90.0,131.27732237112772
6.139999999999957,1.1000000000004295,-50.0,180.0,40.17531722547348,90.0,102.91649200526047,130.17531722547346,90.0,102.91649200526047
6.139999999999957,1.1000000000004295,50.0,180.0,40.17531722547348,90.0,102.91649200526047,49.82468277452652,90.0,257.08350799473953
6.139999999999957,-1.5935599743722442,50.0,195.41026485551234,33.87645068214328,90.0,116.27732237112772,56.12354931785672,90.0,243.72267762887228
6.159999999999957,-1.339566987448067,-50.0,196.8865585100374,33.05260456925002,90.0,117.68598324106198,123.05260456925002,90.0,132.685983241062
6.159999999999957,0.9000000000004338,-50.0,180.0,40.23945416933156,90.0,102.91560135265883,130.23945416933157,90.0,102.91560135265883
6.159999999999957,0.9000000000004338,50.0,180.0,40.23945416933156,90.0,102.91560135265883,49.76054583066844,90.0,257.0843986473412
6.159999999999957,-1.339566987448067,50.0,196.8865585100374,33.05260456925002,90.0,117.68598324106198,56.94739543074998,90.0,242.314016758938
6.179999999999956,-1.0644482289133044,-50.0,198.09654104931803,32.34790739763316,90.0,118.86212179040906,122.34790739763315,90.0,133.86212179040905
6.179999999999956,0.700000000000438,-50.0,180.0,40.303496431968625,90.0,102.91488883286344,130.30349643196863,90.0,102.91488883286344
6.179999999999956,0.700000000000438,50.0,180.0,40.303496431968625,90.0,102.91488883286344,49.696503568031375,90.0,257.0851111671366
6.179999999999956,-1.0644482289133044,50.0,198.09654104931803,32.34790739763316,90.0,118.86212179040906,57.65209260236684,90.0,241.13787820959095
6.199999999999956,-0.7725424859380297,-50.0,199.02113032590137,31.779520052871824,90.0,119.77472934813542,121.77952005287182,90.0,134.77472934813542
6.199999999999956,0.5000000000004423,-50.0,180.0,40.36744385684227,90.0,102.91435444435028,130.36744385684227,90.0,102.91435444435028
6.199999999999956,0.5000000000004423,50.0,180.0,40.36744385684227,90.0,102.91435444435028,49.63255614315773,90.0,257.0856455556497
6.199999999999956,-0.7725424859380297,50.0,199.02113032590137,31.779520052871824,90.0,119.77472934813542,58.220479947128176,90.0,240.22527065186458
6.219999999999955,-0.4684532864650005,-50.0,199.64574501457273,31.361686339683292,90.0,120.39836842605574,121.36168633968329,90.0,135.39836842605575
6.219999999999955,0.3000000000004466,-50.0,180.0,40.4312962872448,90.0,102.91399818597642,130.4312962872448,90.0,102.91399818597642
6.219999999999955,0.3000000000004466,50.0,180.0,40.4312962872448,90.0,102.91399818597642,49.5687037127552,90.0,257.0860018140236
6.219999999999955,-0.4684532864650005,50.0,199.64574501457273,31.361686339683292,90.0,120.39836842605574,58.63831366031671,90.0,239.60163157394425
6.239999999999955,-0.1569762988239902,-50.0,199.96053456856507,31.10483615931679,90.00000000000001,120.71491059332135,121.10483615931679,89.99999999999999,135.71491059332135
6.239999999999955,0.10000000000045084,-50.0,180.0,40.495053566305366,90.0,102.91382005697997,130.49505356630536,90.0,102.91382005697997
6.239999999999955,0.10000000000045084,50.0,180.0,40.495053566305366,90.0,102.91382005697997,49.504946433694634,90.0,257.08617994302006
6.239999999999955,-0.1569762988239902,50.0,199.96053456856507,31.10483615931679,90.00000000000001,120.71491059332135,58.89516384068321,90.00000000000001,239.28508940667865
6.2599999999999545,0.15697629882256994,-50.0,199.96053456856578,31.01487763247075,90.0,120.71491059332207,121.01487763247076,90.0,135.7149105933221
6.2599999999999545,-0.0999999999995449,-50.0,180.0,40.55871553699254,90.0,102.91382005697997,130.55871553699254,90.0,102.91382005697997
6.2599999999999545,-0.0999999999995449,50.0,180.0,40.55871553699254,90.0,102.91382005697997,49.44128446300746,90.0,257.08617994302006
6.2599999999999545,0.15697629882256994,50.0,199.96053456856578,31.01487763247075,90.0,120.71491059332207,58.98512236752925,90.0,239.2850894066779
6.279999999999954,0.4684532864636026,-50.0,199.64574501457486,31.092806610206726,90.00000000000001,120.3983684260579,121.09280661020672,89.99999999999999,135.3983684260579
6.279999999999954,-0.29999999999954063,-50.0,180.0,40.62228204211654,90.0,102.91399818597642,130.62228204211652,90.0,102.91399818597642
6.279999999999954,-0.29999999999954063,50.0,180.0,40.62228204211654,90.0,102.91399818597642,49.37771795788346,90.0,257.0860018140236
6.279999999999954,0.4684532864636026,50.0,199.64574501457486,31.092806610206726,90.00000000000001,120.3983684260579,58.90719338979328,90.00000000000001,239.6016315739421
6.299999999999954,0.7725424859366757,-50.0,199.02113032590486,31.334710986088087,90.0,119.77472934813889,121.33471098608808,90.0,134.7747293481389
6.299999999999954,-0.49999999999953637,-50.0,180.0,40.68575292433158,90.0,102.91435444435028,130.68575292433158,90.0,102.91435444435028
6.299999999999954,-0.49999999999953637,50.0,180.0,40.68575292433158,90.0,102.91435444435028,49.31424707566842,90.0,257.0856455556497
6.299999999999954,0.7725424859366757,50.0,199.02113032590486,31.334710986088087,90.0,119.77472934813889,58.66528901391192,90.0,240.2252706518611
6.319999999999953,1.0644482289120167,-50.0,198.0965410493229,31.732169195067424,90.0,118.8621217904138,121.73216919506743,90.0,133.8621217904138
6.319999999999953,-0.6999999999995321,-50.0,180.0,40.749128026138266,90.0,102.91488883286344,130.74912802613827,90.0,102.91488883286344
6.319999999999953,-0.6999999999995321,50.0,180.0,40.749128026138266,90.0,102.91488883286344,49.250871973861734,90.0,257.0851111671366
6.319999999999953,1.0644482289120167,50.0,198.0965410493229,31.732169195067424,90.0,118.8621217904138,58.26783080493257,90.0,241.1378782095862
6.339999999999953,1.339566987446865,-50.0,196.88655851004347,32.2729642416668,90.0,117.6859832410678,122.2729642416668,90.0,132.6859832410678
6.339999999999953,-0.8999999999995278,-50.0,180.0,40.8124071898857,90.0,102.91560135265883,130.8124071898857,90.0,102.91560135265883
6.339999999999953,-0.8999999999995278,50.0,180.0,40.8124071898857,90.0,102.91560135265883,49.1875928101143,90.0,257.0843986473412
6.339999999999953,1.339566987446865,50.0,196.88655851004347,32.2729642416668,90.0,117.6859832410678,57.7270357583332,90.0,242.3140167589322
6.359999999999952,1.5935599743711477,-50.0,195.41026485551959,32.941983528386054,90.0,116.27732237113456,122.94198352838606,90.0,131.27732237113457
6.359999999999952,-1.0999999999995236,-50.0,180.0,40.875590257773986,90.0,102.91649200526047,130.87559025777398,90.0,102.91649200526047
6.359999999999952,-1.0999999999995236,50.0,180.0,40.875590257773986,90.0,102.91649200526047,49.124409742226014,90.0,257.08350799473953
6.359999999999952,1.5935599743711477,50.0,195.41026485551959,32.941983528386054,90.0,116.27732237113456,57.058016471613946,90.0,243.72267762886543
6.379999999999952,1.8224215685530116,-50.0,193.6909421185782,33.72216376923756,90.0,114.67088691012059,123.72216376923757,90.0,129.6708869101206
6.379999999999952,-1.2999999999995193,-50.0,180.0,40.93867707185635,90.0,102.91756079257364,130.93867707185635,90.0,102.91756079257364
6.379999999999952,-1.2999999999995193,50.0,180.0,40.93867707185635,90.0,102.91756079257364,49.06132292814365,90.0,257.0824392074264
6.379999999999952,1.8224215685530116,50.0,193.6909421185782,33.72216376923756,90.0,114.67088691012059,56.27783623076244,90.0,245.3291130898794
6.3999999999999515,2.0225424859369205,-50.0,191.7557050458544,34.59536441632067,90.0,112.90346053639057,124.59536441632068,90.0,127.90346053639057
6.3999999999999515,-1.499999999999515,-50.0,180.0,41.00166747404135,90.0,102.91880771688503,131.00166747404134,90.0,102.91880771688503
6.3999999999999515,-1.499999999999515,50.0,180.0,41.00166747404135,90.0,102.91880771688503,48.99833252595865,90.0,257.081192283115
6.3999999999999515,2.0225424859369205,50.0,191.7557050458544,34.59536441632067,90.0,112.90346053639057,55.40463558367933,90.0,247.09653946360942
6.419999999999951,2.1907667001092883,-50.0,189.6350734820397,35.543095839425476,90.0,111.01242995842004,125.54309583942548,90.0,126.01242995842004
6.419999999999951,-1.6999999999995108,-50.0,180.0,41.06456130609528,90.0,102.92023278086282,131.06456130609527,90.0,102.92023278086282
6.419999999999951,-1.6999999999995108,50.0,180.0,41.06456130609528,90.0,102.92023278086282,48.93543869390472,90.0,257.0797672191372
6.419999999999951,2.1907667001092883,50.0,189.6350734820397,35.543095839425476,90.0,111.01242995842004,54.456904160574524,90.0,248.98757004157994
6.439999999999951,2.324441214720343,-50.0,187.36249105369933,36.547072522032124,90.0,109.03467899429191,126.54707252203212,90.0,124.03467899429191
6.439999999999951,-1.8999999999995065,-50.0,180.0,41.12735840964418,90.0,102.92183598755705,131.1273584096442,90.0,102.92183598755705
6.439999999999951,-1.8999999999995065,50.0,180.0,41.12735840964418,90.0,102.92183598755705,48.87264159035582,90.0,257.0781640124429
6.439999999999951,2.324441214720343,50.0,187.36249105369933,36.547072522032124,90.0,109.03467899429191,53.452927477967876,90.0,250.9653210057081
6.45999999999995,2.421457902821383,-50.0,184.97379774330315,37.58959549544738,90.0,107.00580152047294,127.58959549544738,90.0,122.00580152047294
6.45999999999995,-2.0999999999995023,-50.0,180.0,41.19005862617616,90.0,102.92361734039966,131.19005862617615,90.0,102.92361734039966
6.45999999999995,-2.0999999999995023,50.0,180.0,41.19005862617616,90.0,102.92361734039966,48.80994137382384,90.0,257.0763826596003
6.45999999999995,2.421457902821383,50.0,184.97379774330315,37.58959549544738,90.0,107.00580152047294,52.41040450455262,90.0,252.99419847952706
6.47999999999995,2.4802867532860957,-50.0,182.50666467129236,38.65378850062292,90.00000000000001,104.95958668246556,128.6537885006229,89.99999999999999,119.95958668246556
6.47999999999995,-2.299999999999498,-50.0,180.0,41.2526617970435,90.0,102.925576843205,131.25266179704352,90.0,102.925576843205
6.47999999999995,-2.299999999999498,50.0,180.0,41.2526617970435,90.0,102.925576843205,48.7473382029565,90.0,257.074423156795
6.47999999999995,2.4802867532860957,50.0,182.50666467129236,38.65378850062292,90.00000000000001,104.95958668246556,51.34621149937708,90.00000000000001,255.04041331753444
6.499999999999949,2.5,-50.0,180.00000000000637,39.723720657983755,90.0,102.92771450017501,129.72372065798376,90.0,117.92771450017501
6.499999999999949,-2.4999999999994937,-50.0,180.0,41.315167763464835,90.0,102.92771450016991,131.31516776346484,90.0,102.92771450016991
6.499999999999949,-2.4999999999994937,50.0,180.0,41.315167763464835,90.0,102.92771450016991,48.684832236535165,90.0,257.07228549983006
6.499999999999949,2.5,50.0,180.00000000000637,39.723720657983755,90.0,102.92771450017501,50.276279342016245,90.0,257.072285499825
6.519999999999949,2.3000000000005105,-50.0,180.0,39.788516001606915,90.0,102.92557684320502,129.78851600160692,90.0,117.92557684320502
6.519999999999949,-2.480286753286295,-50.0,182.5066646712797,40.21100522307945,90.0,104.95958668245517,130.21100522307944,90.0,104.95958668245517
6.519999999999949,-2.480286753286295,50.0,182.5066646712797,40.21100522307945,90.0,104.95958668245517,49.78899477692055,90.0,255.04041331754485
6.519999999999949,2.3000000000005105,50.0,180.0,39.788516001606915,90.0,102.92557684320502,50.211483998393085,90.0,257.074423156795
6.5399999999999485,2.100000000000515,-50.0,180.0,39.853217754968355,90.0,102.92361734039967,129.85321775496834,90.0,117.92361734039967
6.5399999999999485,-2.421457902821779,-50.0,184.97379774329082,39.0896067984635,90.0,107.00580152046263,129.0896067984635,90.0,107.00580152046263
6.5399999999999485,-2.421457902821779,50.0,184.97379774329082,39.0896067984635,90.0,107.00580152046263,50.9103932015365,90.0,252.99419847953737
6.5399999999999485,2.100000000000515,50.0,180.0,39.853217754968355,90.0,102.92361734039967,50.146782245031645,90.0,257.0763826596003
6.559999999999948,1.900000000000519,-50.0,180.0,39.917825762754084,90.0,102.92183598755705,129.9178257627541,90.0,117.92183598755705
6.559999999999948,-2.324441214720929,-50.0,187.3624910536875,37.96863602197601,90.0,109.03467899428178,127.96863602197601,90.0,109.03467899428178
6.559999999999948,-2.324441214720929,50.0,187.3624910536875,37.96863602197601,90.0,109.03467899428178,52.03136397802399,90.0,250.96532100571824
6.559999999999948,1.900000000000519,50.0,180.0,39.917825762754084,90.0,102.92183598755705,50.082174237245916,90.0,257.0781640124429
6.579999999999948,1.7000000000005233,-50.0,180.0,39.98233986946504,90.0,102.92023278086283,129.98233986946502,90.0,117.92023278086283
6.579999999999948,-2.1907667001100553,-50.0,189.63507348202853,36.86686047712227,90.0,111.01242995841018,126.86686047712227,90.0,111.01242995841018
6.579999999999948,-2.1907667001100553,50.0,189.63507348202853,36.86686047712227,90.0,111.01242995841018,53.13313952287773,90.0,248.98757004158983
6.579999999999948,1.7000000000005233,50.0,180.0,39.98233986946504,90.0,102.92023278086283,50.01766013053496,90.0,257.0797672191372
6.599999999999947,1.5000000000005276,-50.0,180.0,40.04675991942218,90.0,102.91880771688503,130.0467599194222,90.0,117.91880771688503
6.599999999999947,-2.022542485937856,-50.0,191.7557050458441,35.80397358149938,90.0,112.90346053638125,125.80397358149938,90.0,112.90346053638125
6.599999999999947,-2.022542485937856,50.0,191.7557050458441,35.80397358149938,90.0,112.90346053638125,54.19602641850062,90.0,247.09653946361874
6.599999999999947,1.5000000000005276,50.0,180.0,40.04675991942218,90.0,102.91880771688503,49.95324008057782,90.0,257.081192283115
6.619999999999947,1.3000000000005318,-50.0,180.0,40.11108575676887,90.0,102.91756079257367,130.1110857567689,90.0,117.91756079257367
6.619999999999947,-1.8224215685541005,-50.0,193.6909421185689,34.8003141682911,90.0,114.67088691011199,124.8003141682911,90.0,114.67088691011199
6.619999999999947,-1.8224215685541005,50.0,193.6909421185689,34.8003141682911,90.0,114.67088691011199,55.1996858317089,90.0,245.329113089888
6.619999999999947,1.3000000000005318,50.0,180.0,40.11108575676887,90.0,102.91756079257367,49.88891424323113,90.0,257.0824392074263
6.639999999999946,1.100000000000536,-50.0,180.0,40.17531722547345,90.0,102.91649200526047,130.17531722547346,90.0,117.91649200526047
6.639999999999946,-1.5935599743723734,-50.0,195.41026485551149,33.876450682143734,90.0,116.27732237112693,123.87645068214374,90.0,116.27732237112693
6.639999999999946,-1.5935599743723734,50.0,195.41026485551149,33.876450682143734,90.0,116.27732237112693,56.123549317856266,90.0,243.72267762887307
6.639999999999946,1.100000000000536,50.0,180.0,40.17531722547345,90.0,102.91649200526047,49.82468277452655,90.0,257.08350799473953
6.659999999999946,0.9000000000005404,-50.0,180.0,40.23945416933153,90.0,102.91560135265883,130.23945416933154,90.0,117.91560135265883
6.659999999999946,-1.3395669874482081,-50.0,196.88655851003665,33.05260456925045,90.0,117.68598324106127,123.05260456925045,90.0,117.68598324106127
6.659999999999946,-1.3395669874482081,50.0,196.88655851003665,33.05260456925045,90.0,117.68598324106127,56.94739543074955,90.0,242.31401675893875
6.659999999999946,0.9000000000005404,50.0,180.0,40.23945416933153,90.0,102.91560135265883,49.76054583066847,90.0,257.0843986473412
6.6799999999999455,0.7000000000005446,-50.0,180.0,40.30349643196859,90.0,102.91488883286344,130.3034964319686,90.0,117.91488883286344
6.6799999999999455,-1.0644482289134556,-50.0,198.09654104931747,32.347907397633506,90.00000000000001,118.8621217904085,122.3479073976335,89.99999999999999,118.8621217904085
6.6799999999999455,-1.0644482289134556,50.0,198.09654104931747,32.347907397633506,90.00000000000001,118.8621217904085,57.652092602366494,90.00000000000001,241.13787820959152
6.6799999999999455,0.7000000000005446,50.0,180.0,40.30349643196859,90.0,102.91488883286344,49.69650356803141,90.0,257.0851111671366
6.699999999999945,0.5000000000005489,-50.0,180.0,40.367443856842236,90.0,102.91435444435028,130.36744385684224,90.0,117.91435444435028
6.699999999999945,-0.7725424859381885,-50.0,199.02113032590094,31.77952005287211,90.0,119.77472934813497,121.7795200528721,90.0,119.77472934813497
6.699999999999945,-0.7725424859381885,50.0,199.02113032590094,31.77952005287211,90.0,119.77472934813497,58.22047994712789,90.0,240.22527065186503
6.699999999999945,0.5000000000005489,50.0,180.0,40.367443856842236,90.0,102.91435444435028,49.632556143157764,90.0,257.0856455556497
6.719999999999945,0.30000000000055316,-50.0,180.0,40.43129628724476,90.0,102.91399818597642,130.43129628724478,90.0,117.91399818597642
6.719999999999945,-0.4684532864651652,-50.0,199.64574501457247,31.361686339683477,90.0,120.39836842605548,121.36168633968347,90.0,120.39836842605548
6.719999999999945,-0.4684532864651652,50.0,199.64574501457247,31.361686339683477,90.0,120.39836842605548,58.63831366031653,90.0,239.60163157394453
6.719999999999945,0.30000000000055316,50.0,180.0,40.43129628724476,90.0,102.91399818597642,49.56870371275524,90.0,257.0860018140236
6.739999999999944,0.10000000000055742,-50.0,180.0,40.49505356630533,90.0,102.91382005697997,130.49505356630533,90.0,117.91382005697997
6.739999999999944,-0.15697629882415748,-50.0,199.96053456856498,31.10483615931688,90.0,120.71491059332125,121.10483615931687,90.0,120.71491059332125
6.739999999999944,-0.15697629882415748,50.0,199.96053456856498,31.10483615931688,90.0,120.71491059332125,58.895163840683125,90.0,239.28508940667876
6.739999999999944,0.10000000000055742,50.0,180.0,40.49505356630533,90.0,102.91382005697997,49.50494643369467,90.0,257.08617994302006
6.759999999999944,-0.09999999999943832,-50.0,180.0,40.558715536992494,90.0,102.91382005697997,130.5587155369925,90.0,117.91382005697997
6.759999999999944,0.1569762988224026,-50.0,199.9605345685659,31.01487763247075,90.0,120.71491059332217,121.01487763247076,90.0,120.71491059332217
6.759999999999944,0.1569762988224026,50.0,199.9605345685659,31.01487763247075,90.0,120.71491059332217,58.98512236752925,90.0,239.28508940667783
6.759999999999944,-0.09999999999943832,50.0,180.0,40.558715536992494,90.0,102.91382005697997,49.441284463007506,90.0,257.08617994302006
6.779999999999943,-0.29999999999943405,-50.0,180.0,40.6222820421165,90.0,102.91399818597642,130.6222820421165,90.0,117.91399818597642
6.779999999999943,0.468453286463438,-50.0,199.6457450145751,31.092806610206654,90.0,120.39836842605813,121.09280661020665,90.0,120.39836842605813
6.779999999999943,0.468453286463438,50.0,199.6457450145751,31.092806610206654,90.0,120.39836842605813,58.90719338979335,90.0,239.60163157394186
6.779999999999943,-0.29999999999943405,50.0,180.0,40.6222820421165,90.0,102.91399818597642,49.3777179578835,90.0,257.0860018140236
6.799999999999943,-0.4999999999994298,-50.0,180.0,40.685752924331545,90.0,102.91435444435028,130.68575292433155,90.0,117.91435444435028
6.799999999999943,0.7725424859365162,-50.0,199.0211303259053,31.334710986087902,90.0,119.77472934813932,121.3347109860879,90.0,119.77472934813932
6.799999999999943,0.7725424859365162,50.0,199.0211303259053,31.334710986087902,90.0,119.77472934813932,58.6652890139121,90.0,240.22527065186068
6.799999999999943,-0.4999999999994298,50.0,180.0,40.685752924331545,90.0,102.91435444435028,49.314247075668455,90.0,257.0856455556497
6.8199999999999426,-0.6999999999994255,-50.0,180.0,40.74912802613823,90.0,102.91488883286344,130.74912802613824,90.0,117.91488883286344
6.8199999999999426,1.064448228911865,-50.0,198.09654104932346,31.73216919506718,90.0,118.86212179041435,121.73216919506717,90.0,118.86212179041435
6.8199999999999426,1.064448228911865,50.0,198.09654104932346,31.73216919506718,90.0,118.86212179041435,58.26783080493282,90.0,241.13787820958566
6.8199999999999426,-0.6999999999994255,50.0,180.0,40.74912802613823,90.0,102.91488883286344,49.25087197386177,90.0,257.0851111671366
6.839999999999942,-0.8999999999994213,-50.0,180.0,40.81240718988566,90.0,102.91560135265883,130.81240718988568,90.0,117.91560135265883
6.839999999999942,1.3395669874467233,-50.0,196.8865585100442,32.27296424166647,90.0,117.68598324106851,122.27296424166647,90.0,117.68598324106851
6.839999999999942,1.3395669874467233,50.0,196.8865585100442,32.27296424166647,90.0,117.68598324106851,57.72703575833353,90.0,242.31401675893147
6.839999999999942,-0.8999999999994213,50.0,180.0,40.81240718988566,90.0,102.91560135265883,49.18759281011434,90.0,257.0843986473412
6.859999999999942,-1.099999999999417,-50.0,180.0,40.87559025777396,90.0,102.91649200526047,130.87559025777395,90.0,117.91649200526047
6.859999999999942,1.5935599743710185,-50.0,195.41026485552047,32.94198352838564,90.0,116.2773223711354,122.94198352838563,90.0,116.2773223711354
6.859999999999942,1.5935599743710185,50.0,195.41026485552047,32.94198352838564,90.0,116.2773223711354,57.05801647161436,90.0,243.7226776288646
6.859999999999942,-1.099999999999417,50.0,180.0,40.87559025777396,90.0,102.91649200526047,49.12440974222604,90.0,257.08350799473953
6.879999999999941,-1.2999999999994127,-50.0,180.0,40.93867707185631,90.0,102.91756079257364,130.93867707185632,90.0,117.91756079257364
6.879999999999941,1.8224215685528975,-50.0,193.69094211857916,33.72216376923713,90.0,114.67088691012145,123.72216376923713,90.0,114.67088691012145
6.879999999999941,1.8224215685528975,50.0,193.69094211857916,33.72216376923713,90.0,114.67088691012145,56.27783623076287,90.0,245.32911308987855
6.879999999999941,-1.2999999999994127,50.0,180.0,40.93867707185631,90.0,102.91756079257364,49.06132292814369,90.0,257.0824392074264
6.899999999999941,-1.4999999999994085,-50.0,180.0,41.00166747404131,90.0,102.91880771688503,131.0016674740413,90.0,117.91880771688503
6.899999999999941,2.022542485936822,-50.0,191.75570504585548,34.59536441632019,90.0,112.90346053639153,124.5953644163202,90.0,112.90346053639153
6.899999999999941,2.022542485936822,50.0,191.75570504585548,34.59536441632019,90.0,112.90346053639153,55.40463558367981,90.0,247.09653946360845
6.899999999999941,-1.4999999999994085,50.0,180.0,41.00166747404131,90.0,102.91880771688503,48.99833252595869,90.0,257.081192283115
6.91999999999994,-1.6999999999994042,-50.0,180.0,41.06456130609524,90.0,102.92023278086282,131.06456130609524,90.0,117.92023278086282
6.91999999999994,2.1907667001092084,-50.0,189.63507348204087,35.54309583942496,90.00000000000001,111.01242995842107,125.54309583942495,89.99999999999999,111.01242995842107
6.91999999999994,2.1907667001092084,50.0,189.63507348204087,35.54309583942496,90.00000000000001,111.01242995842107,54.45690416057504,90.00000000000001,248.98757004157892
6.91999999999994,-1.6999999999994042,50.0,180.0,41.06456130609524,90.0,102.92023278086282,48.93543869390476,90.0,257.0797672191372
6.93999999999994,-1.8999999999994,-50.0,180.0,41.127358409644145,90.0,102.92183598755705,131.12735840964416,90.0,117.92183598755705
6.93999999999994,2.3244412147202813,-50.0,187.36249105370058,36.547072522031556,90.0,109.03467899429302,126.54707252203156,90.0,109.03467899429302
6.93999999999994,2.3244412147202813,50.0,187.36249105370058,36.547072522031556,90.0,109.03467899429302,53.452927477968444,90.0,250.96532100570698
6.93999999999994,-1.8999999999994,50.0,180.0,41.127358409644145,90.0,102.92183598755705,48.872641590355855,90.0,257.0781640124429
6.95999999999994,-2.0999999999993957,-50.0,180.0,41.190058626176125,90.0,102.92361734039966,131.19005862617612,90.0,117.92361734039966
6.95999999999994,2.421457902821342,-50.0,184.97379774330446,37.589595495446815,90.0,107.00580152047402,127.58959549544682,90.0,107.00580152047402
6.95999999999994,2.421457902821342,50.0,184.97379774330446,37.589595495446815,90.0,107.00580152047402,52.410404504553185,90.0,252.99419847952598
6.95999999999994,-2.0999999999993957,50.0,180.0,41.190058626176125,90.0,102.92361734039966,48.809941373823875,90.0,257.0763826596003
6.979999999999939,-2.2999999999993914,-50.0,180.0,41.25266179704347,90.0,102.925576843205,131.25266179704346,90.0,117.925576843205
6.979999999999939,2.480286753286075,-50.0,182.50666467129366,38.65378850062236,90.0,104.95958668246661,128.65378850062237,90.0,104.95958668246661
6.979999999999939,2.480286753286075,50.0,182.50666467129366,38.65378850062236,90.0,104.95958668246661,51.34621149937764,90.0,255.0404133175334
6.979999999999939,-2.2999999999993914,50.0,180.0,41.25266179704347,90.0,102.925576843205,48.74733820295653,90.0,257.074423156795
6.999999999999939,-2.499999999999387,-50.0,180.0,41.31516776346481,90.0,102.92771450016991,131.3151677634648,90.0,117.92771450016991
6.999999999999939,2.5,-50.0,180.0000000000077,39.723720657983186,90.0,102.92771450017608,129.7237206579832,90.0,102.92771450017608
6.999999999999939,2.5,50.0,180.0000000000077,39.723720657983186,90.0,102.92771450017608,50.276279342016814,90.0,257.0722854998239
6.999999999999939,-2.499999999999387,50.0,180.0,41.31516776346481,90.0,102.92771450016991,48.68483223653519,90.0,257.07228549983006
7.019999999999938,-2.480286753286316,-50.0,182.5066646712784,40.21100522308002,90.0,104.9595866824541,130.21100522308,90.0,119.9595866824541
7.019999999999938,2.300000000000617,-50.0,180.0,39.78851600160688,90.0,102.92557684320502,129.78851600160687,90.0,102.92557684320502
7.019999999999938,2.300000000000617,50.0,180.0,39.78851600160688,90.0,102.92557684320502,50.21148399839312,90.0,257.074423156795
7.019999999999938,-2.480286753286316,50.0,182.5066646712784,40.21100522308002,90.0,104.9595866824541,49.78899477691998,90.0,255.0404133175459
7.039999999999938,-2.4214579028218206,-50.0,184.97379774328954,39.08960679846408,90.0,107.00580152046155,129.08960679846408,90.0,122.00580152046155
7.039999999999938,2.1000000000006214,-50.0,180.0,39.85321775496832,90.0,102.92361734039967,129.8532177549683,90.0,102.92361734039967
7.039999999999938,2.1000000000006214,50.0,180.0,39.85321775496832,90.0,102.92361734039967,50.14678224503168,90.0,257.0763826596003
7.039999999999938,-2.4214579028218206,50.0,184.97379774328954,39.08960679846408,90.0,107.00580152046155,50.91039320153592,90.0,252.99419847953845
7.059999999999937,-2.3244412147209905,-50.0,187.36249105368626,37.96863602197661,90.0,109.0346789942807,127.96863602197661,90.0,124.0346789942807
7.059999999999937,1.9000000000006256,-50.0,180.0,39.91782576275404,90.0,102.92183598755705,129.91782576275403,90.0,102.92183598755705
7.059999999999937,1.9000000000006256,50.0,180.0,39.91782576275404,90.0,102.92183598755705,50.08217423724596,90.0,257.0781640124429
7.059999999999937,-2.3244412147209905,50.0,187.36249105368626,37.96863602197661,90.0,109.0346789942807,52.03136397802339,90.0,250.96532100571932
7.079999999999937,-2.1907667001101356,-50.0,189.63507348202737,36.86686047712284,90.0,111.01242995840917,126.86686047712284,90.0,126.01242995840917
7.079999999999937,1.70000000000063,-50.0,180.0,39.982339869465,90.0,102.92023278086283,129.982339869465,90.0,102.92023278086283
7.079999999999937,1.70000000000063,50.0,180.0,39.982339869465,90.0,102.92023278086283,50.017660130535,90.0,257.0797672191372
7.079999999999937,-2.1907667001101356,50.0,189.63507348202737,36.86686047712284,90.0,111.01242995840917,53.13313952287716,90.0,248.98757004159083
7.099999999999937,-2.022542485937954,-50.0,191.755705045843,35.80397358149995,90.0,112.90346053638022,125.80397358149995,90.0,127.90346053638022
7.099999999999937,1.5000000000006342,-50.0,180.0,40.04675991942214,90.0,102.91880771688503,130.04675991942213,90.0,102.91880771688503
7.099999999999937,1.5000000000006342,50.0,180.0,40.04675991942214,90.0,102.91880771688503,49.95324008057786,90.0,257.081192283115
7.099999999999937,-2.022542485937954,50.0,191.755705045843,35.80397358149995,90.0,112.90346053638022,54.19602641850005,90.0,247.09653946361976
7.119999999999936,-1.8224215685542153,-50.0,193.69094211856793,34.80031416829161,90.0,114.6708869101111,124.8003141682916,90.0,129.6708869101111
7.119999999999936,1.3000000000006384,-50.0,180.0,40.11108575676884,90.0,102.91756079257367,130.11108575676883,90.0,102.91756079257367
7.119999999999936,1.3000000000006384,50.0,180.0,40.11108575676884,90.0,102.91756079257367,49.88891424323116,90.0,257.0824392074263
7.119999999999936,-1.8224215685542153,50.0,193.69094211856793,34.80031416829161,90.0,114.6708869101111,55.19968583170839,90.0,245.3291130898889
7.139999999999936,-1.5935599743725022,-50.0,195.41026485551063,33.876450682144224,90.0,116.27732237112609,123.87645068214422,90.0,131.2773223711261
7.139999999999936,1.1000000000006427,-50.0,180.0,40.175317225473414,90.0,102.91649200526047,130.1753172254734,90.0,102.91649200526047
7.139999999999936,1.1000000000006427,50.0,180.0,40.175317225473414,90.0,102.91649200526047,49.824682774526586,90.0,257.08350799473953
7.139999999999936,-1.5935599743725022,50.0,195.41026485551063,33.876450682144224,90.0,116.27732237112609,56.123549317855776,90.0,243.7226776288739
7.159999999999935,-1.3395669874483496,-50.0,196.88655851003594,33.052604569250846,90.0,117.68598324106058,123.05260456925085,90.0,132.68598324106057
7.159999999999935,0.900000000000647,-50.0,180.0,40.239454169331495,90.0,102.91560135265883,130.2394541693315,90.0,102.91560135265883
7.159999999999935,0.900000000000647,50.0,180.0,40.239454169331495,90.0,102.91560135265883,49.760545830668505,90.0,257.0843986473412
7.159999999999935,-1.3395669874483496,50.0,196.88655851003594,33.052604569250846,90.0,117.68598324106058,56.947395430749154,90.0,242.31401675893943
7.179999999999935,-1.0644482289136072,-50.0,198.0965410493169,32.34790739763384,90.00000000000001,118.86212179040794,122.34790739763383,89.99999999999999,133.86212179040794
7.179999999999935,0.7000000000006512,-50.0,180.0,40.303496431968554,90.0,102.91488883286344,130.30349643196854,90.0,102.91488883286344
7.179999999999935,0.7000000000006512,50.0,180.0,40.303496431968554,90.0,102.91488883286344,49.696503568031446,90.0,257.0851111671366
7.179999999999935,-1.0644482289136072,50.0,198.0965410493169,32.34790739763384,90.00000000000001,118.86212179040794,57.65209260236616,90.00000000000001,241.13787820959206
7.1999999999999345,-0.772542485938348,-50.0,199.02113032590051,31.77952005287237,90.00000000000001,119.77472934813456,121.77952005287237,89.99999999999999,134.77472934813454
7.1999999999999345,0.5000000000006555,-50.0,180.0,40.36744385684221,90.0,102.91435444435028,130.36744385684221,90.0,102.91435444435028
7.1999999999999345,0.5000000000006555,50.0,180.0,40.36744385684221,90.0,102.91435444435028,49.63255614315779,90.0,257.0856455556497
7.1999999999999345,-0.772542485938348,50.0,199.02113032590051,31.77952005287237,90.00000000000001,119.77472934813456,58.22047994712763,90.00000000000001,240.22527065186546
7.219999999999934,-0.46845328646532985,-50.0,199.6457450145722,31.361686339683683,90.00000000000001,120.3983684260552,121.36168633968369,89.99999999999999,135.39836842605519
7.219999999999934,0.30000000000065974,-50.0,180.0,40.43129628724473,90.0,102.91399818597642,130.43129628724472,90.0,102.91399818597642
7.219999999999934,0.30000000000065974,50.0,180.0,40.43129628724473,90.0,102.91399818597642,49.56870371275527,90.0,257.0860018140236
7.219999999999934,-0.46845328646532985,50.0,199.6457450145722,31.361686339683683,90.00000000000001,120.3983684260552,58.638313660316314,90.00000000000001,239.60163157394481
7.239999999999934,-0.1569762988243248,-50.0,199.9605345685649,31.104836159316974,90.00000000000001,120.71491059332118,121.10483615931697,89.99999999999999,135.71491059332118
7.239999999999934,0.100000000000664,-50.0,180.0,40.495053566305295,90.0,102.91382005697997,130.4950535663053,90.0,102.91382005697997
7.239999999999934,0.100000000000664,50.0,180.0,40.495053566305295,90.0,102.91382005697997,49.504946433694705,90.0,257.08617994302006
7.239999999999934,-0.1569762988243248,50.0,199.9605345685649,31.104836159316974,90.00000000000001,120.71491059332118,58.895163840683026,90.00000000000001,239.28508940667882
7.259999999999933,0.15697629882223588,-50.0,199.96053456856595,31.014877632470753,90.0,120.71491059332224,121.01487763247076,90.0,135.71491059332226
7.259999999999933,-0.09999999999933173,-50.0,180.0,40.558715536992466,90.0,102.91382005697997,130.55871553699245,90.0,102.91382005697997
7.259999999999933,-0.09999999999933173,50.0,180.0,40.558715536992466,90.0,102.91382005697997,49.441284463007534,90.0,257.08617994302006
7.259999999999933,0.15697629882223588,50.0,199.96053456856595,31.014877632470753,90.0,120.71491059332224,58.98512236752924,90.0,239.28508940667774
7.279999999999933,0.4684532864632739,-50.0,199.64574501457537,31.092806610206555,90.0,120.39836842605841,121.09280661020655,90.0,135.39836842605843
7.279999999999933,-0.29999999999932747,-50.0,180.0,40.62228204211647,90.0,102.91399818597642,130.62228204211647,90.0,102.91399818597642
7.279999999999933,-0.29999999999932747,50.0,180.0,40.62228204211647,90.0,102.91399818597642,49.37771795788353,90.0,257.0860018140236
7.279999999999933,0.4684532864632739,50.0,199.64574501457537,31.092806610206555,90.0,120.39836842605841,58.90719338979345,90.0,239.60163157394157
7.299999999999932,0.7725424859363573,-50.0,199.0211303259057,31.33471098608774,90.0,119.7747293481397,121.33471098608774,90.0,134.77472934813972
7.299999999999932,-0.4999999999993232,-50.0,180.0,40.68575292433152,90.0,102.91435444435028,130.68575292433152,90.0,102.91435444435028
7.299999999999932,-0.4999999999993232,50.0,180.0,40.68575292433152,90.0,102.91435444435028,49.31424707566848,90.0,257.0856455556497
7.299999999999932,0.7725424859363573,50.0,199.0211303259057,31.33471098608774,90.0,119.7747293481397,58.66528901391226,90.0,240.22527065186028
7.319999999999932,1.0644482289117134,-50.0,198.09654104932403,31.732169195066923,90.0,118.86212179041492,121.73216919506692,90.0,133.8621217904149
7.319999999999932,-0.699999999999319,-50.0,180.0,40.749128026138195,90.0,102.91488883286344,130.74912802613818,90.0,102.91488883286344
7.319999999999932,-0.699999999999319,50.0,180.0,40.749128026138195,90.0,102.91488883286344,49.250871973861805,90.0,257.0851111671366
7.319999999999932,1.0644482289117134,50.0,198.09654104932403,31.732169195066923,90.0,118.86212179041492,58.26783080493308,90.0,241.1378782095851
7.3399999999999315,1.339566987446583,-50.0,196.88655851004492,32.27296424166613,90.0,117.68598324106922,122.27296424166613,90.0,132.6859832410692
7.3399999999999315,-0.8999999999993147,-50.0,180.0,40.812407189885626,90.0,102.91560135265883,130.81240718988562,90.0,102.91560135265883
7.3399999999999315,-0.8999999999993147,50.0,180.0,40.812407189885626,90.0,102.91560135265883,49.187592810114374,90.0,257.0843986473412
7.3399999999999315,1.339566987446583,50.0,196.88655851004492,32.27296424166613,90.0,117.68598324106922,57.72703575833387,90.0,242.3140167589308
7.359999999999931,1.5935599743708895,-50.0,195.41026485552132,32.94198352838527,90.0,116.2773223711362,122.94198352838526,90.0,131.2773223711362
7.359999999999931,-1.0999999999993104,-50.0,180.0,40.87559025777393,90.0,102.91649200526047,130.87559025777392,90.0,102.91649200526047
7.359999999999931,-1.0999999999993104,50.0,180.0,40.87559025777393,90.0,102.91649200526047,49.12440974222607,90.0,257.08350799473953
7.359999999999931,1.5935599743708895,50.0,195.41026485552132,32.94198352838527,90.0,116.2773223711362,57.05801647161473,90.0,243.7226776288638
7.379999999999931,1.822421568552783,-50.0,193.69094211858012,33.72216376923668,90.0,114.67088691012238,123.72216376923669,90.0,129.67088691012236
7.379999999999931,-1.2999999999993062,-50.0,180.0,40.938677071856276,90.0,102.91756079257364,130.93867707185626,90.0,102.91756079257364
7.379999999999931,-1.2999999999993062,50.0,180.0,40.938677071856276,90.0,102.91756079257364,49.061322928143724,90.0,257.0824392074264
7.379999999999931,1.822421568552783,50.0,193.69094211858012,33.72216376923668,90.0,114.67088691012238,56.27783623076332,90.0,245.32911308987764
7.39999999999993,2.0225424859367234,-50.0,191.75570504585656,34.59536441631971,90.0,112.90346053639247,124.59536441631971,90.0,127.90346053639247
7.39999999999993,-1.499999999999302,-50.0,180.0,41.00166747404128,90.0,102.91880771688503,131.00166747404128,90.0,102.91880771688503
7.39999999999993,-1.499999999999302,50.0,180.0,41.00166747404128,90.0,102.91880771688503,48.99833252595872,90.0,257.081192283115
7.39999999999993,2.0225424859367234,50.0,191.75570504585656,34.59536441631971,90.0,112.90346053639247,55.40463558368029,90.0,247.09653946360754
7.41999999999993,2.1907667001091276,-50.0,189.63507348204203,35.543095839424446,90.0,111.01242995842209,125.54309583942444,90.0,126.01242995842209
7.41999999999993,-1.6999999999992976,-50.0,180.0,41.064561306095214,90.0,102.92023278086282,131.06456130609521,90.0,102.92023278086282
7.41999999999993,-1.6999999999992976,50.0,180.0,41.064561306095214,90.0,102.92023278086282,48.935438693904786,90.0,257.0797672191372
7.41999999999993,2.1907667001091276,50.0,189.63507348204203,35.543095839424446,90.0,111.01242995842209,54.456904160575554,90.0,248.9875700415779
7.439999999999929,2.3244412147202196,-50.0,187.36249105370183,36.54707252203102,90.0,109.03467899429407,126.54707252203102,90.0,124.03467899429407
7.439999999999929,-1.8999999999992934,-50.0,180.0,41.12735840964411,90.0,102.92183598755705,131.1273584096441,90.0,102.92183598755705
7.439999999999929,-1.8999999999992934,50.0,180.0,41.12735840964411,90.0,102.92183598755705,48.87264159035589,90.0,257.0781640124429
7.439999999999929,2.3244412147202196,50.0,187.36249105370183,36.54707252203102,90.0,109.03467899429407,53.45292747796898,90.0,250.96532100570593
7.459999999999929,2.4214579028213,-50.0,184.97379774330574,37.58959549544627,90.00000000000001,107.00580152047509,127.58959549544628,89.99999999999999,122.00580152047509
7.459999999999929,-2.099999999999289,-50.0,180.0,41.190058626176096,90.0,102.92361734039966,131.1900586261761,90.0,102.92361734039966
7.459999999999929,-2.099999999999289,50.0,180.0,41.190058626176096,90.0,102.92361734039966,48.809941373823904,90.0,257.0763826596003
7.459999999999929,2.4214579028213,50.0,184.97379774330574,37.58959549544627,90.00000000000001,107.00580152047509,52.41040450455373,90.00000000000001,252.99419847952493
7.4799999999999285,2.4802867532860535,-50.0,182.506664671295,38.6537885006218,90.0,104.9595866824677,128.6537885006218,90.0,119.9595866824677
7.4799999999999285,-2.299999999999285,-50.0,180.0,41.25266179704344,90.0,102.925576843205,131.25266179704343,90.0,102.925576843205
7.4799999999999285,-2.299999999999285,50.0,180.0,41.25266179704344,90.0,102.925576843205,48.74733820295656,90.0,257.074423156795
7.4799999999999285,2.4802867532860535,50.0,182.506664671295,38.6537885006218,90.0,104.9595866824677,51.3462114993782,90.0,255.04041331753228
7.499999999999928,2.5,-50.0,180.00000000000904,39.72372065798261,90.0,102.92771450017715,129.7237206579826,90.0,117.92771450017715
7.499999999999928,-2.4999999999992806,-50.0,180.0,41.31516776346477,90.0,102.92771450016991,131.31516776346479,90.0,102.92771450016991
7.499999999999928,-2.4999999999992806,50.0,180.0,41.31516776346477,90.0,102.92771450016991,48.68483223653523,90.0,257.07228549983006
7.499999999999928,2.5,50.0,180.00000000000904,39.72372065798261,90.0,102.92771450017715,50.27627934201739,90.0,257.07228549982284
7.519999999999928,2.3000000000007237,-50.0,180.0,39.788516001606844,90.0,102.92557684320502,129.78851600160684,90.0,117.92557684320502
7.519999999999928,-2.4802867532863355,-50.0,182.50666467127718,40.21100522308056,90.0,104.9595866824531,130.21100522308058,90.0,104.9595866824531
7.519999999999928,-2.4802867532863355,50.0,182.50666467127718,40.21100522308056,90.0,104.9595866824531,49.78899477691944,90.0,255.0404133175469
7.519999999999928,2.3000000000007237,50.0,180.0,39.788516001606844,90.0,102.92557684320502,50.211483998393156,90.0,257.074423156795
7.539999999999927,2.100000000000728,-50.0,180.0,39.853217754968284,90.0,102.92361734039967,129.85321775496828,90.0,117.92361734039967
7.539999999999927,-2.4214579028218584,-50.0,184.97379774328834,39.08960679846465,90.0,107.00580152046051,129.08960679846464,90.0,107.00580152046051
7.539999999999927,-2.4214579028218584,50.0,184.97379774328834,39.08960679846465,90.0,107.00580152046051,50.91039320153535,90.0,252.99419847953948
7.539999999999927,2.100000000000728,50.0,180.0,39.853217754968284,90.0,102.92361734039967,50.146782245031716,90.0,257.0763826596003
7.559999999999927,1.9000000000007322,-50.0,180.0,39.91782576275401,90.0,102.92183598755705,129.917825762754,90.0,117.92183598755705
7.559999999999927,-2.324441214721047,-50.0,187.36249105368512,37.96863602197715,90.0,109.03467899427973,127.96863602197715,90.0,109.03467899427973
7.559999999999927,-2.324441214721047,50.0,187.36249105368512,37.96863602197715,90.0,109.03467899427973,52.03136397802285,90.0,250.96532100572028
7.559999999999927,1.9000000000007322,50.0,180.0,39.91782576275401,90.0,102.92183598755705,50.08217423724599,90.0,257.0781640124429
7.579999999999926,1.7000000000007365,-50.0,180.0,39.982339869464965,90.0,102.92023278086283,129.98233986946497,90.0,117.92023278086283
7.579999999999926,-2.19076670011021,-50.0,189.63507348202629,36.86686047712337,90.0,111.01242995840823,126.86686047712337,90.0,111.01242995840823
7.579999999999926,-2.19076670011021,50.0,189.63507348202629,36.86686047712337,90.0,111.01242995840823,53.13313952287663,90.0,248.98757004159177
7.579999999999926,1.7000000000007365,50.0,180.0,39.982339869464965,90.0,102.92023278086283,50.017660130535035,90.0,257.0797672191372
7.599999999999926,1.5000000000007407,-50.0,180.0,40.046759919422115,90.0,102.91880771688503,130.04675991942213,90.0,117.91880771688503
7.599999999999926,-2.022542485938044,-50.0,191.75570504584203,35.80397358150044,90.0,112.90346053637934,125.80397358150044,90.0,112.90346053637934
7.599999999999926,-2.022542485938044,50.0,191.75570504584203,35.80397358150044,90.0,112.90346053637934,54.19602641849956,90.0,247.09653946362067
7.599999999999926,1.5000000000007407,50.0,180.0,40.046759919422115,90.0,102.91880771688503,49.953240080577885,90.0,257.081192283115
7.6199999999999255,1.300000000000745,-50.0,180.0,40.1110857567688,90.0,102.91756079257367,130.1110857567688,90.0,117.91756079257367
7.6199999999999255,-1.8224215685543204,-50.0,193.69094211856702,34.80031416829208,90.0,114.67088691011026,124.80031416829209,90.0,114.67088691011026
7.6199999999999255,-1.8224215685543204,50.0,193.69094211856702,34.80031416829208,90.0,114.67088691011026,55.19968583170792,90.0,245.32911308988974
7.6199999999999255,1.300000000000745,50.0,180.0,40.1110857567688,90.0,102.91756079257367,49.8889142432312,90.0,257.0824392074263
7.639999999999925,1.1000000000007493,-50.0,180.0,40.17531722547338,90.0,102.91649200526047,130.17531722547338,90.0,117.91649200526047
7.639999999999925,-1.5935599743726203,-50.0,195.41026485550987,33.87645068214462,90.0,116.27732237112541,123.87645068214462,90.0,116.27732237112541
7.639999999999925,-1.5935599743726203,50.0,195.41026485550987,33.87645068214462,90.0,116.27732237112541,56.12354931785538,90.0,243.72267762887458
7.639999999999925,1.1000000000007493,50.0,180.0,40.17531722547338,90.0,102.91649200526047,49.82468277452662,90.0,257.08350799473953
7.659999999999925,0.9000000000007535,-50.0,180.0,40.23945416933146,90.0,102.91560135265883,130.23945416933145,90.0,117.91560135265883
7.659999999999925,-1.3395669874484795,-50.0,196.8865585100353,33.05260456925123,90.0,117.68598324105994,123.05260456925123,90.0,117.68598324105994
7.659999999999925,-1.3395669874484795,50.0,196.8865585100353,33.05260456925123,90.0,117.68598324105994,56.94739543074877,90.0,242.31401675894006
7.659999999999925,0.9000000000007535,50.0,180.0,40.23945416933146,90.0,102.91560135265883,49.76054583066854,90.0,257.0843986473412
7.679999999999924,0.7000000000007578,-50.0,180.0,40.303496431968526,90.0,102.91488883286344,130.30349643196854,90.0,117.91488883286344
7.679999999999924,-1.064448228913746,-50.0,198.0965410493164,32.34790739763418,90.0,118.86212179040739,122.34790739763417,90.0,118.86212179040739
7.679999999999924,-1.064448228913746,50.0,198.0965410493164,32.34790739763418,90.0,118.86212179040739,57.65209260236582,90.0,241.1378782095926
7.679999999999924,0.7000000000007578,50.0,180.0,40.303496431968526,90.0,102.91488883286344,49.696503568031474,90.0,257.0851111671366
7.699999999999924,0.5000000000007621,-50.0,180.0,40.367443856842165,90.0,102.91435444435028,130.36744385684216,90.0,117.91435444435028
7.699999999999924,-0.7725424859384937,-50.0,199.02113032590015,31.7795200528726,90.00000000000001,119.7747293481342,121.7795200528726,89.99999999999999,119.7747293481342
7.699999999999924,-0.7725424859384937,50.0,199.02113032590015,31.7795200528726,90.00000000000001,119.7747293481342,58.2204799471274,90.00000000000001,240.2252706518658
7.699999999999924,0.5000000000007621,50.0,180.0,40.367443856842165,90.0,102.91435444435028,49.632556143157835,90.0,257.0856455556497
7.719999999999923,0.3000000000007663,-50.0,180.0,40.4312962872447,90.0,102.91399818597642,130.4312962872447,90.0,117.91399818597642
7.719999999999923,-0.46845328646548035,-50.0,199.645745014572,31.361686339683814,90.0,120.39836842605501,121.36168633968381,90.0,120.39836842605501
7.719999999999923,-0.46845328646548035,50.0,199.645745014572,31.361686339683814,90.0,120.39836842605501,58.638313660316186,90.0,239.60163157394499
7.719999999999923,0.3000000000007663,50.0,180.0,40.4312962872447,90.0,102.91399818597642,49.5687037127553,90.0,257.0860018140236
7.739999999999923,0.10000000000077058,-50.0,180.0,40.49505356630526,90.0,102.91382005697997,130.49505356630527,90.0,117.91382005697997
7.739999999999923,-0.15697629882447772,-50.0,199.96053456856484,31.10483615931705,90.0,120.7149105933211,121.10483615931705,90.0,120.7149105933211
7.739999999999923,-0.15697629882447772,50.0,199.96053456856484,31.10483615931705,90.0,120.7149105933211,58.895163840682955,90.0,239.2850894066789
7.739999999999923,0.10000000000077058,50.0,180.0,40.49505356630526,90.0,102.91382005697997,49.50494643369474,90.0,257.08617994302006
7.7599999999999225,-0.09999999999922515,-50.0,180.0,40.55871553699243,90.0,102.91382005697997,130.55871553699242,90.0,117.91382005697997
7.7599999999999225,0.1569762988220824,-50.0,199.96053456856603,31.01487763247075,90.0,120.71491059332232,121.01487763247076,90.0,120.71491059332232
7.7599999999999225,0.1569762988220824,50.0,199.96053456856603,31.01487763247075,90.0,120.71491059332232,58.98512236752925,90.0,239.28508940667768
7.7599999999999225,-0.09999999999922515,50.0,180.0,40.55871553699243,90.0,102.91382005697997,49.44128446300757,90.0,257.08617994302006
7.779999999999922,-0.2999999999992209,-50.0,180.0,40.62228204211644,90.0,102.91399818597642,130.62228204211644,90.0,117.91399818597642
7.779999999999922,0.4684532864631228,-50.0,199.6457450145756,31.092806610206495,90.00000000000001,120.39836842605861,121.0928066102065,89.99999999999999,120.39836842605861
7.779999999999922,0.4684532864631228,50.0,199.6457450145756,31.092806610206495,90.00000000000001,120.39836842605861,58.907193389793505,90.00000000000001,239.6016315739414
7.779999999999922,-0.2999999999992209,50.0,180.0,40.62228204211644,90.0,102.91399818597642,49.37771795788356,90.0,257.0860018140236
7.799999999999922,-0.4999999999992166,-50.0,180.0,40.685752924331474,90.0,102.91435444435028,130.68575292433147,90.0,117.91435444435028
7.799999999999922,0.7725424859362111,-50.0,199.02113032590609,31.334710986087572,90.0,119.77472934814011,121.33471098608757,90.0,119.77472934814011
7.799999999999922,0.7725424859362111,50.0,199.02113032590609,31.334710986087572,90.0,119.77472934814011,58.66528901391243,90.0,240.2252706518599
7.799999999999922,-0.4999999999992166,50.0,180.0,40.685752924331474,90.0,102.91435444435028,49.314247075668526,90.0,257.0856455556497
7.819999999999921,-0.6999999999992124,-50.0,180.0,40.749128026138166,90.0,102.91488883286344,130.74912802613818,90.0,117.91488883286344
7.819999999999921,1.0644482289115746,-50.0,198.09654104932457,31.73216919506669,90.0,118.86212179041544,121.73216919506669,90.0,118.86212179041544
7.819999999999921,1.0644482289115746,50.0,198.09654104932457,31.73216919506669,90.0,118.86212179041544,58.26783080493331,90.0,241.13787820958456
7.819999999999921,-0.6999999999992124,50.0,180.0,40.749128026138166,90.0,102.91488883286344,49.250871973861834,90.0,257.0851111671366
7.839999999999921,-0.8999999999992081,-50.0,180.0,40.8124071898856,90.0,102.91560135265883,130.8124071898856,90.0,117.91560135265883
7.839999999999921,1.3395669874464524,-50.0,196.88655851004557,32.272964241665846,90.0,117.68598324106983,122.27296424166585,90.0,117.68598324106983
7.839999999999921,1.3395669874464524,50.0,196.88655851004557,32.272964241665846,90.0,117.68598324106983,57.727035758334154,90.0,242.31401675893017
7.839999999999921,-0.8999999999992081,50.0,180.0,40.8124071898856,90.0,102.91560135265883,49.1875928101144,90.0,257.0843986473412
7.85999999999992,-1.0999999999992038,-50.0,180.0,40.87559025777389,90.0,102.91649200526047,130.8755902577739,90.0,117.91649200526047
7.85999999999992,1.5935599743707711,-50.0,195.4102648555221,32.94198352838491,90.00000000000001,116.27732237113693,122.94198352838491,89.99999999999999,116.27732237113693
7.85999999999992,1.5935599743707711,50.0,195.4102648555221,32.94198352838491,90.00000000000001,116.27732237113693,57.05801647161509,90.00000000000001,243.72267762886307
7.85999999999992,-1.0999999999992038,50.0,180.0,40.87559025777389,90.0,102.91649200526047,49.12440974222611,90.0,257.08350799473953
7.87999999999992,-1.2999999999991996,-50.0,180.0,40.93867707185625,90.0,102.91756079257364,130.93867707185626,90.0,117.91756079257364
7.87999999999992,1.822421568552677,-50.0,193.69094211858103,33.722163769236275,90.0,114.67088691012322,123.72216376923627,90.0,114.67088691012322
7.87999999999992,1.822421568552677,50.0,193.69094211858103,33.722163769236275,90.0,114.67088691012322,56.277836230763725,90.0,245.32911308987678
7.87999999999992,-1.2999999999991996,50.0,180.0,40.93867707185625,90.0,102.91756079257364,49.06132292814375,90.0,257.0824392074264
7.8999999999999195,-1.4999999999991953,-50.0,180.0,41.00166747404125,90.0,102.91880771688503,131.00166747404126,90.0,117.91880771688503
7.8999999999999195,2.0225424859366337,-50.0,191.75570504585755,34.59536441631927,90.0,112.90346053639337,124.59536441631927,90.0,112.90346053639337
7.8999999999999195,2.0225424859366337,50.0,191.75570504585755,34.59536441631927,90.0,112.90346053639337,55.40463558368073,90.0,247.09653946360663
7.8999999999999195,-1.4999999999991953,50.0,180.0,41.00166747404125,90.0,102.91880771688503,48.99833252595875,90.0,257.081192283115
7.919999999999919,-1.699999999999191,-50.0,180.0,41.06456130609517,90.0,102.92023278086282,131.0645613060952,90.0,117.92023278086282
7.919999999999919,2.1907667001090534,-50.0,189.6350734820431,35.54309583942396,90.0,111.01242995842303,125.54309583942396,90.0,111.01242995842303
7.919999999999919,2.1907667001090534,50.0,189.6350734820431,35.54309583942396,90.0,111.01242995842303,54.45690416057604,90.0,248.987570041577
7.919999999999919,-1.699999999999191,50.0,180.0,41.06456130609517,90.0,102.92023278086282,48.93543869390483,90.0,257.0797672191372
7.939999999999919,-1.8999999999991868,-50.0,180.0,41.12735840964408,90.0,102.92183598755705,131.12735840964407,90.0,117.92183598755705
7.939999999999919,2.324441214720163,-50.0,187.36249105370297,36.547072522030504,90.00000000000001,109.03467899429506,126.5470725220305,89.99999999999999,109.03467899429506
7.939999999999919,2.324441214720163,50.0,187.36249105370297,36.547072522030504,90.00000000000001,109.03467899429506,53.452927477969496,90.00000000000001,250.96532100570494
7.939999999999919,-1.8999999999991868,50.0,180.0,41.12735840964408,90.0,102.92183598755705,48.87264159035592,90.0,257.0781640124429
7.959999999999918,-2.0999999999991825,-50.0,180.0,41.190058626176054,90.0,102.92361734039966,131.19005862617604,90.0,117.92361734039966
7.959999999999918,2.421457902821262,-50.0,184.97379774330693,37.58959549544573,90.0,107.00580152047613,127.58959549544574,90.0,107.00580152047613
7.959999999999918,2.421457902821262,50.0,184.97379774330693,37.58959549544573,90.0,107.00580152047613,52.41040450455427,90.0,252.99419847952387
7.959999999999918,-2.0999999999991825,50.0,180.0,41.190058626176054,90.0,102.92361734039966,48.809941373823946,90.0,257.0763826596003
7.979999999999918,-2.2999999999991783,-50.0,180.0,41.2526617970434,90.0,102.925576843205,131.2526617970434,90.0,117.925576843205
7.979999999999918,2.4802867532860344,-50.0,182.50666467129622,38.65378850062127,90.0,104.95958668246872,128.65378850062126,90.0,104.95958668246872
7.979999999999918,2.4802867532860344,50.0,182.50666467129622,38.65378850062127,90.0,104.95958668246872,51.34621149937873,90.0,255.04041331753126
7.979999999999918,-2.2999999999991783,50.0,180.0,41.2526617970434,90.0,102.925576843205,48.7473382029566,90.0,257.074423156795
7.999999999999917,-2.499999999999174,-50.0,180.0,41.315167763464736,90.0,102.92771450016991,131.31516776346473,90.0,117.92771450016991
7.999999999999917,2.5,-50.0,180.00000000001026,39.7237206579821,90.0,102.92771450017814,129.72372065798208,90.0,102.92771450017814
7.999999999999917,2.5,50.0,180.00000000001026,39.7237206579821,90.0,102.92771450017814,50.2762793420179,90.0,257.0722854998219
7.999999999999917,-2.499999999999174,50.0,180.0,41.315167763464736,90.0,102.92771450016991,48.684832236535264,90.0,257.07228549983006
8.019999999999918,-2.4802867532863564,-50.0,182.50666467127584,40.21100522308117,90.0,104.959586682452,130.21100522308117,90.0,119.959586682452
8.019999999999918,2.3000000000008214,-50.0,180.0,39.788516001606816,90.0,102.92557684320502,129.7885160016068,90.0,102.92557684320502
8.019999999999918,2.3000000000008214,50.0,180.0,39.788516001606816,90.0,102.92557684320502,50.211483998393184,90.0,257.074423156795
8.019999999999918,-2.4802867532863564,50.0,182.50666467127584,40.21100522308117,90.0,104.959586682452,49.78899477691883,90.0,255.040413317548
8.039999999999917,-2.4214579028219,-50.0,184.97379774328704,39.08960679846524,90.0,107.00580152045944,129.08960679846524,90.0,122.00580152045944
8.039999999999917,2.1000000000008257,-50.0,180.0,39.85321775496825,90.0,102.92361734039967,129.85321775496826,90.0,102.92361734039967
8.039999999999917,2.1000000000008257,50.0,180.0,39.85321775496825,90.0,102.92361734039967,50.14678224503175,90.0,257.0763826596003
8.039999999999917,-2.4214579028219,50.0,184.97379774328704,39.08960679846524,90.0,107.00580152045944,50.91039320153476,90.0,252.99419847954056
8.059999999999917,-2.3244412147211087,-50.0,187.36249105368387,37.96863602197774,90.0,109.03467899427865,127.96863602197774,90.0,124.03467899427865
8.059999999999917,1.90000000000083,-50.0,180.0,39.91782576275398,90.0,102.92183598755705,129.91782576275398,90.0,102.92183598755705
8.059999999999917,1.90000000000083,50.0,180.0,39.91782576275398,90.0,102.92183598755705,50.08217423724602,90.0,257.0781640124429
8.059999999999917,-2.3244412147211087,50.0,187.36249105368387,37.96863602197774,90.0,109.03467899427865,52.03136397802226,90.0,250.96532100572136
8.079999999999917,-2.19076670011029,-50.0,189.63507348202512,36.86686047712396,90.0,111.01242995840717,126.86686047712396,90.0,126.01242995840717
8.079999999999917,1.7000000000008342,-50.0,180.0,39.98233986946494,90.0,102.92023278086283,129.98233986946494,90.0,102.92023278086283
8.079999999999917,1.7000000000008342,50.0,180.0,39.98233986946494,90.0,102.92023278086283,50.01766013053506,90.0,257.0797672191372
8.079999999999917,-2.19076670011029,50.0,189.63507348202512,36.86686047712396,90.0,111.01242995840717,53.13313952287604,90.0,248.98757004159285
8.099999999999916,-2.0225424859381427,-50.0,191.75570504584093,35.803973581501005,90.0,112.90346053637835,125.803973581501,90.0,127.90346053637835
8.099999999999916,1.5000000000008384,-50.0,180.0,40.04675991942208,90.0,102.91880771688503,130.04675991942207,90.0,102.91880771688503
8.099999999999916,1.5000000000008384,50.0,180.0,40.04675991942208,90.0,102.91880771688503,49.95324008057792,90.0,257.081192283115
8.099999999999916,-2.0225424859381427,50.0,191.75570504584093,35.803973581501005,90.0,112.90346053637835,54.196026418498995,90.0,247.09653946362164
8.119999999999916,-1.8224215685544352,-50.0,193.69094211856606,34.8003141682926,90.0,114.67088691010937,124.8003141682926,90.0,129.67088691010937
8.119999999999916,1.3000000000008427,-50.0,180.0,40.11108575676877,90.0,102.91756079257367,130.11108575676877,90.0,102.91756079257367
8.119999999999916,1.3000000000008427,50.0,180.0,40.11108575676877,90.0,102.91756079257367,49.88891424323123,90.0,257.0824392074263
8.119999999999916,-1.8224215685544352,50.0,193.69094211856606,34.8003141682926,90.0,114.67088691010937,55.1996858317074,90.0,245.32911308989063
8.139999999999915,-1.5935599743727495,-50.0,195.410264855509,33.87645068214511,90.0,116.27732237112454,123.8764506821451,90.0,131.27732237112454
8.139999999999915,1.100000000000847,-50.0,180.0,40.17531722547334,90.0,102.91649200526047,130.17531722547335,90.0,102.91649200526047
8.139999999999915,1.100000000000847,50.0,180.0,40.17531722547334,90.0,102.91649200526047,49.82468277452666,90.0,257.08350799473953
8.139999999999915,-1.5935599743727495,50.0,195.410264855509,33.87645068214511,90.0,116.27732237112454,56.12354931785489,90.0,243.72267762887546
8.159999999999915,-1.3395669874486205,-50.0,196.88655851003458,33.05260456925162,90.0,117.68598324105925,123.05260456925163,90.0,132.68598324105926
8.159999999999915,0.9000000000008512,-50.0,180.0,40.23945416933143,90.0,102.91560135265883,130.23945416933142,90.0,102.91560135265883
8.159999999999915,0.9000000000008512,50.0,180.0,40.23945416933143,90.0,102.91560135265883,49.76054583066857,90.0,257.0843986473412
8.159999999999915,-1.3395669874486205,50.0,196.88655851003458,33.05260456925162,90.0,117.68598324105925,56.94739543074838,90.0,242.31401675894074
8.179999999999914,-1.0644482289138977,-50.0,198.09654104931582,32.34790739763452,90.0,118.86212179040682,122.34790739763451,90.0,133.86212179040683
8.179999999999914,0.7000000000008555,-50.0,180.0,40.30349643196849,90.0,102.91488883286344,130.30349643196848,90.0,102.91488883286344
8.179999999999914,0.7000000000008555,50.0,180.0,40.30349643196849,90.0,102.91488883286344,49.69650356803151,90.0,257.0851111671366
8.179999999999914,-1.0644482289138977,50.0,198.09654104931582,32.34790739763452,90.0,118.86212179040682,57.65209260236548,90.0,241.13787820959317
8.199999999999914,-0.7725424859386532,-50.0,199.02113032589972,31.779520052872872,90.0,119.77472934813377,121.77952005287287,90.0,134.77472934813377
8.199999999999914,0.5000000000008598,-50.0,180.0,40.36744385684214,90.0,102.91435444435028,130.36744385684213,90.0,102.91435444435028
8.199999999999914,0.5000000000008598,50.0,180.0,40.36744385684214,90.0,102.91435444435028,49.63255614315786,90.0,257.0856455556497
8.199999999999914,-0.7725424859386532,50.0,199.02113032589972,31.779520052872872,90.0,119.77472934813377,58.22047994712713,90.0,240.22527065186623
8.219999999999914,-0.468453286465645,-50.0,199.64574501457173,31.361686339684006,90.0,120.39836842605474,121.36168633968401,90.0,135.39836842605473
8.219999999999914,0.300000000000864,-50.0,180.0,40.43129628724466,90.0,102.91399818597642,130.43129628724466,90.0,102.91399818597642
8.219999999999914,0.300000000000864,50.0,180.0,40.43129628724466,90.0,102.91399818597642,49.56870371275534,90.0,257.0860018140236
8.219999999999914,-0.468453286465645,50.0,199.64574501457173,31.361686339684006,90.0,120.39836842605474,58.638313660315994,90.0,239.60163157394527
8.239999999999913,-0.15697629882464503,-50.0,199.96053456856475,31.104836159317138,90.0,120.71491059332102,121.10483615931713,90.0,135.714910593321
8.239999999999913,0.10000000000086828,-50.0,180.0,40.49505356630523,90.0,102.91382005697997,130.49505356630522,90.0,102.91382005697997
8.239999999999913,0.10000000000086828,50.0,180.0,40.49505356630523,90.0,102.91382005697997,49.50494643369477,90.0,257.08617994302006
8.239999999999913,-0.15697629882464503,50.0,199.96053456856475,31.104836159317138,90.0,120.71491059332102,58.89516384068286,90.0,239.285089406679
8.259999999999913,0.15697629882191563,-50.0,199.96053456856612,31.014877632470753,90.0,120.71491059332243,121.01487763247076,90.0,135.71491059332243
8.259999999999913,-0.09999999999912745,-50.0,180.0,40.5587155369924,90.0,102.91382005697997,130.5587155369924,90.0,102.91382005697997
8.259999999999913,-0.09999999999912745,50.0,180.0,40.5587155369924,90.0,102.91382005697997,49.4412844630076,90.0,257.08617994302006
8.259999999999913,0.15697629882191563,50.0,199.96053456856612,31.014877632470753,90.0,120.71491059332243,58.98512236752924,90.0,239.28508940667757
8.279999999999912,0.4684532864629587,-50.0,199.64574501457582,31.092806610206402,90.0,120.39836842605887,121.0928066102064,90.0,135.39836842605888
8.279999999999912,-0.2999999999991232,-50.0,180.0,40.6222820421164,90.0,102.91399818597642,130.6222820421164,90.0,102.91399818597642
8.279999999999912,-0.2999999999991232,50.0,180.0,40.6222820421164,90.0,102.91399818597642,49.3777179578836,90.0,257.0860018140236
8.279999999999912,0.4684532864629587,50.0,199.64574501457582,31.092806610206402,90.0,120.39836842605887,58.9071933897936,90.0,239.60163157394112
8.299999999999912,0.7725424859360521,-50.0,199.02113032590648,31.334710986087416,90.0,119.7747293481405,121.33471098608742,90.0,134.7747293481405
8.299999999999912,-0.4999999999991189,-50.0,180.0,40.685752924331446,90.0,102.91435444435028,130.68575292433144,90.0,102.91435444435028
8.299999999999912,-0.4999999999991189,50.0,180.0,40.685752924331446,90.0,102.91435444435028,49.314247075668554,90.0,257.0856455556497
8.299999999999912,0.7725424859360521,50.0,199.02113032590648,31.334710986087416,90.0,119.7747293481405,58.665289013912584,90.0,240.2252706518595
8.319999999999911,1.064448228911423,-50.0,198.09654104932514,31.732169195066426,90.0,118.86212179041601,121.73216919506643,90.0,133.862121790416
8.319999999999911,-0.6999999999991147,-50.0,180.0,40.74912802613813,90.0,102.91488883286344,130.74912802613812,90.0,102.91488883286344
8.319999999999911,-0.6999999999991147,50.0,180.0,40.74912802613813,90.0,102.91488883286344,49.25087197386187,90.0,257.0851111671366
8.319999999999911,1.064448228911423,50.0,198.09654104932514,31.732169195066426,90.0,118.86212179041601,58.267830804933574,90.0,241.137878209584
8.339999999999911,1.339566987446312,-50.0,196.88655851004629,32.27296424166553,90.0,117.68598324107053,122.27296424166553,90.0,132.68598324107052
8.339999999999911,-0.8999999999991104,-50.0,180.0,40.81240718988556,90.0,102.91560135265883,130.81240718988556,90.0,102.91560135265883
8.339999999999911,-0.8999999999991104,50.0,180.0,40.81240718988556,90.0,102.91560135265883,49.18759281011444,90.0,257.0843986473412
8.339999999999911,1.339566987446312,50.0,196.88655851004629,32.27296424166553,90.0,117.68598324107053,57.72703575833447,90.0,242.31401675892948
8.35999999999991,1.5935599743706421,-50.0,195.41026485552294,32.94198352838453,90.0,116.27732237113771,122.94198352838453,90.0,131.2773223711377
8.35999999999991,-1.0999999999991061,-50.0,180.0,40.87559025777386,90.0,102.91649200526047,130.87559025777387,90.0,102.91649200526047
8.35999999999991,-1.0999999999991061,50.0,180.0,40.87559025777386,90.0,102.91649200526047,49.12440974222614,90.0,257.08350799473953
8.35999999999991,1.5935599743706421,50.0,195.41026485552294,32.94198352838453,90.0,116.27732237113771,57.05801647161547,90.0,243.7226776288623
8.37999999999991,1.8224215685525633,-50.0,193.690942118582,33.722163769235834,90.0,114.6708869101241,123.72216376923583,90.0,129.6708869101241
8.37999999999991,-1.2999999999991019,-50.0,180.0,40.93867707185621,90.0,102.91756079257364,130.9386770718562,90.0,102.91756079257364
8.37999999999991,-1.2999999999991019,50.0,180.0,40.93867707185621,90.0,102.91756079257364,49.06132292814379,90.0,257.0824392074264
8.37999999999991,1.8224215685525633,50.0,193.690942118582,33.722163769235834,90.0,114.6708869101241,56.277836230764166,90.0,245.3291130898759
8.39999999999991,2.022542485936535,-50.0,191.75570504585863,34.59536441631878,90.0,112.90346053639435,124.59536441631877,90.0,127.90346053639435
8.39999999999991,-1.4999999999990976,-50.0,180.0,41.00166747404121,90.0,102.91880771688503,131.0016674740412,90.0,102.91880771688503
8.39999999999991,-1.4999999999990976,50.0,180.0,41.00166747404121,90.0,102.91880771688503,48.99833252595879,90.0,257.081192283115
8.39999999999991,2.022542485936535,50.0,191.75570504585863,34.59536441631878,90.0,112.90346053639435,55.40463558368122,90.0,247.09653946360567
8.41999999999991,2.190766700108973,-50.0,189.63507348204428,35.54309583942345,90.0,111.01242995842406,125.54309583942344,90.0,126.01242995842406
8.41999999999991,-1.6999999999990933,-50.0,180.0,41.06456130609514,90.0,102.92023278086282,131.06456130609513,90.0,102.92023278086282
8.41999999999991,-1.6999999999990933,50.0,180.0,41.06456130609514,90.0,102.92023278086282,48.93543869390486,90.0,257.0797672191372
8.41999999999991,2.190766700108973,50.0,189.63507348204428,35.54309583942345,90.0,111.01242995842406,54.45690416057655,90.0,248.98757004157594
8.439999999999909,2.3244412147201015,-50.0,187.36249105370422,36.54707252202996,90.0,109.03467899429616,126.54707252202996,90.0,124.03467899429616
8.439999999999909,-1.899999999999089,-50.0,180.0,41.127358409644046,90.0,102.92183598755705,131.12735840964405,90.0,102.92183598755705
8.439999999999909,-1.899999999999089,50.0,180.0,41.127358409644046,90.0,102.92183598755705,48.872641590355954,90.0,257.0781640124429
8.439999999999909,2.3244412147201015,50.0,187.36249105370422,36.54707252202996,90.0,109.03467899429616,53.45292747797004,90.0,250.96532100570386
8.459999999999908,2.42145790282122,-50.0,184.97379774330824,37.58959549544517,90.0,107.00580152047722,127.58959549544517,90.0,122.00580152047722
8.459999999999908,-2.099999999999085,-50.0,180.0,41.19005862617603,90.0,102.92361734039966,131.19005862617604,90.0,102.92361734039966
8.459999999999908,-2.099999999999085,50.0,180.0,41.19005862617603,90.0,102.92361734039966,48.80994137382397,90.0,257.0763826596003
8.459999999999908,2.42145790282122,50.0,184.97379774330824,37.58959549544517,90.0,107.00580152047722,52.41040450455483,90.0,252.99419847952277
8.479999999999908,2.4802867532860136,-50.0,182.50666467129756,38.6537885006207,90.0,104.95958668246982,128.6537885006207,90.0,119.95958668246982
8.479999999999908,-2.2999999999990806,-50.0,180.0,41.25266179704337,90.0,102.925576843205,131.25266179704337,90.0,102.925576843205
8.479999999999908,-2.2999999999990806,50.0,180.0,41.25266179704337,90.0,102.925576843205,48.74733820295663,90.0,257.074423156795
8.479999999999908,2.4802867532860136,50.0,182.50666467129756,38.6537885006207,90.0,104.95958668246982,51.3462114993793,90.0,255.04041331753018
8.499999999999908,2.5,-50.0,180.00000000001162,39.72372065798152,90.0,102.92771450017922,129.72372065798152,90.0,117.92771450017922
8.499999999999908,-2.4999999999990763,-50.0,180.0,41.3151677634647,90.0,102.92771450016991,131.3151677634647,90.0,102.92771450016991
8.499999999999908,-2.4999999999990763,50.0,180.0,41.3151677634647,90.0,102.92771450016991,48.6848322365353,90.0,257.07228549983006
8.499999999999908,2.5,50.0,180.00000000001162,39.72372065798152,90.0,102.92771450017922,50.27627934201848,90.0,257.0722854998208
8.519999999999907,2.300000000000928,-50.0,180.0,39.78851600160678,90.0,102.92557684320502,129.78851600160678,90.0,117.92557684320502
8.519999999999907,-2.4802867532863773,-50.0,182.5066646712745,40.211005223081756,90.0,104.95958668245093,130.21100522308177,90.0,104.95958668245093
8.519999999999907,-2.4802867532863773,50.0,182.5066646712745,40.211005223081756,90.0,104.95958668245093,49.788994776918244,90.0,255.04041331754905
8.519999999999907,2.300000000000928,50.0,180.0,39.78851600160678,90.0,102.92557684320502,50.21148399839322,90.0,257.074423156795
8.539999999999907,2.1000000000009322,-50.0,180.0,39.85321775496822,90.0,102.92361734039967,129.85321775496823,90.0,117.92361734039967
8.539999999999907,-2.421457902821942,-50.0,184.97379774328576,39.08960679846584,90.0,107.00580152045836,129.08960679846584,90.0,107.00580152045836
8.539999999999907,-2.421457902821942,50.0,184.97379774328576,39.08960679846584,90.0,107.00580152045836,50.91039320153416,90.0,252.99419847954164
8.539999999999907,2.1000000000009322,50.0,180.0,39.85321775496822,90.0,102.92361734039967,50.14678224503178,90.0,257.0763826596003
8.559999999999906,1.9000000000009365,-50.0,180.0,39.91782576275395,90.0,102.92183598755705,129.91782576275395,90.0,117.92183598755705
8.559999999999906,-2.32444121472117,-50.0,187.36249105368262,37.968636021978334,90.0,109.0346789942776,127.96863602197834,90.0,109.0346789942776
8.559999999999906,-2.32444121472117,50.0,187.36249105368262,37.968636021978334,90.0,109.0346789942776,52.031363978021666,90.0,250.9653210057224
8.559999999999906,1.9000000000009365,50.0,180.0,39.91782576275395,90.0,102.92183598755705,50.08217423724605,90.0,257.0781640124429
8.579999999999906,1.7000000000009408,-50.0,180.0,39.9823398694649,90.0,102.92023278086283,129.9823398694649,90.0,117.92023278086283
8.579999999999906,-2.190766700110371,-50.0,189.63507348202396,36.86686047712452,90.00000000000001,111.01242995840617,126.86686047712452,89.99999999999999,111.01242995840617
8.579999999999906,-2.190766700110371,50.0,189.63507348202396,36.86686047712452,90.00000000000001,111.01242995840617,53.13313952287548,90.00000000000001,248.9875700415938
8.579999999999906,1.7000000000009408,50.0,180.0,39.9823398694649,90.0,102.92023278086283,50.0176601305351,90.0,257.0797672191372
8.599999999999905,1.500000000000945,-50.0,180.0,40.046759919422044,90.0,102.91880771688503,130.04675991942204,90.0,117.91880771688503
8.599999999999905,-2.022542485938241,-50.0,191.75570504583985,35.80397358150156,90.0,112.90346053637741,125.80397358150157,90.0,112.90346053637741
8.599999999999905,-2.022542485938241,50.0,191.75570504583985,35.80397358150156,90.0,112.90346053637741,54.19602641849844,90.0,247.0965394636226
8.599999999999905,1.500000000000945,50.0,180.0,40.046759919422044,90.0,102.91880771688503,49.953240080577956,90.0,257.081192283115
8.619999999999905,1.3000000000009493,-50.0,180.0,40.11108575676874,90.0,102.91756079257367,130.11108575676874,90.0,117.91756079257367
8.619999999999905,-1.8224215685545497,-50.0,193.6909421185651,34.800314168293106,90.0,114.67088691010848,124.80031416829311,90.0,114.67088691010848
8.619999999999905,-1.8224215685545497,50.0,193.6909421185651,34.800314168293106,90.0,114.67088691010848,55.199685831706894,90.0,245.3291130898915
8.619999999999905,1.3000000000009493,50.0,180.0,40.11108575676874,90.0,102.91756079257367,49.88891424323126,90.0,257.0824392074263
8.639999999999905,1.1000000000009535,-50.0,180.0,40.175317225473314,90.0,102.91649200526047,130.17531722547332,90.0,117.91649200526047
8.639999999999905,-1.5935599743728783,-50.0,195.41026485550816,33.87645068214559,90.00000000000001,116.27732237112373,123.87645068214559,89.99999999999999,116.27732237112373
8.639999999999905,-1.5935599743728783,50.0,195.41026485550816,33.87645068214559,90.00000000000001,116.27732237112373,56.12354931785441,90.00000000000001,243.72267762887628
8.639999999999905,1.1000000000009535,50.0,180.0,40.175317225473314,90.0,102.91649200526047,49.824682774526686,90.0,257.08350799473953
8.659999999999904,0.9000000000009578,-50.0,180.0,40.239454169331395,90.0,102.91560135265883,130.2394541693314,90.0,117.91560135265883
8.659999999999904,-1.339566987448762,-50.0,196.88655851003386,33.05260456925204,90.0,117.68598324105857,123.05260456925204,90.0,117.68598324105857
8.659999999999904,-1.339566987448762,50.0,196.88655851003386,33.05260456925204,90.0,117.68598324105857,56.94739543074796,90.0,242.31401675894142
8.659999999999904,0.9000000000009578,50.0,180.0,40.239454169331395,90.0,102.91560135265883,49.760545830668605,90.0,257.0843986473412
8.679999999999904,0.7000000000009621,-50.0,180.0,40.30349643196846,90.0,102.91488883286344,130.30349643196845,90.0,117.91488883286344
8.679999999999904,-1.0644482289140493,-50.0,198.09654104931525,32.347907397634856,90.00000000000001,118.86212179040629,122.34790739763486,89.99999999999999,118.86212179040629
8.679999999999904,-1.0644482289140493,50.0,198.09654104931525,32.347907397634856,90.00000000000001,118.86212179040629,57.652092602365144,90.00000000000001,241.1378782095937
8.679999999999904,0.7000000000009621,50.0,180.0,40.30349643196846,90.0,102.91488883286344,49.69650356803154,90.0,257.0851111671366
8.699999999999903,0.5000000000009663,-50.0,180.0,40.3674438568421,90.0,102.91435444435028,130.3674438568421,90.0,117.91435444435028
8.699999999999903,-0.772542485938812,-50.0,199.02113032589932,31.77952005287312,90.0,119.77472934813339,121.77952005287312,90.0,119.77472934813339
8.699999999999903,-0.772542485938812,50.0,199.02113032589932,31.77952005287312,90.0,119.77472934813339,58.220479947126876,90.0,240.2252706518666
8.699999999999903,0.5000000000009663,50.0,180.0,40.3674438568421,90.0,102.91435444435028,49.6325561431579,90.0,257.0856455556497
8.719999999999903,0.3000000000009706,-50.0,180.0,40.43129628724463,90.0,102.91399818597642,130.43129628724463,90.0,117.91399818597642
8.719999999999903,-0.46845328646580914,-50.0,199.6457450145715,31.36168633968419,90.0,120.39836842605449,121.36168633968418,90.0,120.39836842605449
8.719999999999903,-0.46845328646580914,50.0,199.6457450145715,31.36168633968419,90.0,120.39836842605449,58.63831366031581,90.0,239.6016315739455
8.719999999999903,0.3000000000009706,50.0,180.0,40.43129628724463,90.0,102.91399818597642,49.56870371275537,90.0,257.0860018140236
8.739999999999903,0.10000000000097486,-50.0,180.0,40.495053566305195,90.0,102.91382005697997,130.4950535663052,90.0,117.91382005697997
8.739999999999903,-0.1569762988248118,-50.0,199.96053456856467,31.104836159317227,90.00000000000001,120.71491059332095,121.10483615931723,89.99999999999999,120.71491059332095
8.739999999999903,-0.1569762988248118,50.0,199.96053456856467,31.104836159317227,90.00000000000001,120.71491059332095,58.89516384068277,90.00000000000001,239.28508940667905
8.739999999999903,0.10000000000097486,50.0,180.0,40.495053566305195,90.0,102.91382005697997,49.504946433694805,90.0,257.08617994302006
8.759999999999902,-0.09999999999902087,-50.0,180.0,40.558715536992366,90.0,102.91382005697997,130.55871553699237,90.0,117.91382005697997
8.759999999999902,0.1569762988217483,-50.0,199.9605345685662,31.01487763247076,90.00000000000001,120.71491059332247,121.01487763247076,89.99999999999999,120.71491059332247
8.759999999999902,0.1569762988217483,50.0,199.9605345685662,31.01487763247076,90.00000000000001,120.71491059332247,58.98512236752924,90.00000000000001,239.2850894066775
8.759999999999902,-0.09999999999902087,50.0,180.0,40.558715536992366,90.0,102.91382005697997,49.441284463007634,90.0,257.08617994302006
8.779999999999902,-0.2999999999990166,-50.0,180.0,40.622282042116375,90.0,102.91399818597642,130.62228204211638,90.0,117.91399818597642
8.779999999999902,0.46845328646279405,-50.0,199.64574501457608,31.092806610206317,90.0,120.39836842605912,121.09280661020631,90.0,120.39836842605912
8.779999999999902,0.46845328646279405,50.0,199.64574501457608,31.092806610206317,90.0,120.39836842605912,58.90719338979368,90.0,239.6016315739409
8.779999999999902,-0.2999999999990166,50.0,180.0,40.622282042116375,90.0,102.91399818597642,49.377717957883625,90.0,257.0860018140236
8.799999999999901,-0.49999999999901235,-50.0,180.0,40.68575292433141,90.0,102.91435444435028,130.6857529243314,90.0,117.91435444435028
8.799999999999901,0.7725424859358927,-50.0,199.0211303259069,31.33471098608723,90.0,119.77472934814092,121.33471098608723,90.0,119.77472934814092
8.799999999999901,0.7725424859358927,50.0,199.0211303259069,31.33471098608723,90.0,119.77472934814092,58.66528901391277,90.0,240.2252706518591
8.799999999999901,-0.49999999999901235,50.0,180.0,40.68575292433141,90.0,102.91435444435028,49.31424707566859,90.0,257.0856455556497
8.8199999999999,-0.6999999999990081,-50.0,180.0,40.749128026138095,90.0,102.91488883286344,130.7491280261381,90.0,117.91488883286344
8.8199999999999,1.0644482289112713,-50.0,198.0965410493257,31.7321691950662,90.0,118.86212179041654,121.7321691950662,90.0,118.86212179041654
8.8199999999999,1.0644482289112713,50.0,198.0965410493257,31.7321691950662,90.0,118.86212179041654,58.2678308049338,90.0,241.13787820958345
8.8199999999999,-0.6999999999990081,50.0,180.0,40.749128026138095,90.0,102.91488883286344,49.250871973861905,90.0,257.0851111671366
8.8399999999999,-0.8999999999990038,-50.0,180.0,40.81240718988553,90.0,102.91560135265883,130.81240718988553,90.0,117.91560135265883
8.8399999999999,1.3395669874461704,-50.0,196.886558510047,32.27296424166521,90.00000000000001,117.68598324107121,122.2729642416652,89.99999999999999,117.68598324107121
8.8399999999999,1.3395669874461704,50.0,196.886558510047,32.27296424166521,90.00000000000001,117.68598324107121,57.72703575833479,90.00000000000001,242.3140167589288
8.8399999999999,-0.8999999999990038,50.0,180.0,40.81240718988553,90.0,102.91560135265883,49.18759281011447,90.0,257.0843986473412
8.8599999999999,-1.0999999999989996,-50.0,180.0,40.87559025777382,90.0,102.91649200526047,130.8755902577738,90.0,117.91649200526047
8.8599999999999,1.593559974370513,-50.0,195.4102648555238,32.94198352838414,90.0,116.27732237113854,122.94198352838414,90.0,116.27732237113854
8.8599999999999,1.593559974370513,50.0,195.4102648555238,32.94198352838414,90.0,116.27732237113854,57.05801647161586,90.0,243.72267762886145
8.8599999999999,-1.0999999999989996,50.0,180.0,40.87559025777382,90.0,102.91649200526047,49.12440974222618,90.0,257.08350799473953
8.8799999999999,-1.2999999999989953,-50.0,180.0,40.938677071856176,90.0,102.91756079257364,130.93867707185618,90.0,117.91756079257364
8.8799999999999,1.8224215685524483,-50.0,193.69094211858297,33.7221637692354,90.0,114.67088691012499,123.72216376923541,90.0,114.67088691012499
8.8799999999999,1.8224215685524483,50.0,193.69094211858297,33.7221637692354,90.0,114.67088691012499,56.2778362307646,90.0,245.32911308987502
8.8799999999999,-1.2999999999989953,50.0,180.0,40.938677071856176,90.0,102.91756079257364,49.061322928143824,90.0,257.0824392074264
8.899999999999899,-1.499999999998991,-50.0,180.0,41.001667474041184,90.0,102.91880771688503,131.0016674740412,90.0,117.91880771688503
8.899999999999899,2.0225424859364365,-50.0,191.7557050458597,34.59536441631829,90.0,112.90346053639533,124.59536441631829,90.0,112.90346053639533
8.899999999999899,2.0225424859364365,50.0,191.7557050458597,34.59536441631829,90.0,112.90346053639533,55.40463558368171,90.0,247.09653946360467
8.899999999999899,-1.499999999998991,50.0,180.0,41.001667474041184,90.0,102.91880771688503,48.998332525958816,90.0,257.081192283115
8.919999999999899,-1.6999999999989868,-50.0,180.0,41.06456130609511,90.0,102.92023278086282,131.0645613060951,90.0,117.92023278086282
8.919999999999899,2.190766700108892,-50.0,189.63507348204547,35.54309583942291,90.0,111.01242995842512,125.5430958394229,90.0,111.01242995842512
8.919999999999899,2.190766700108892,50.0,189.63507348204547,35.54309583942291,90.0,111.01242995842512,54.45690416057709,90.0,248.98757004157488
8.919999999999899,-1.6999999999989868,50.0,180.0,41.06456130609511,90.0,102.92023278086282,48.93543869390489,90.0,257.0797672191372
8.939999999999898,-1.8999999999989825,-50.0,180.0,41.12735840964401,90.0,102.92183598755705,131.12735840964402,90.0,117.92183598755705
8.939999999999898,2.32444121472004,-50.0,187.36249105370544,36.547072522029424,90.0,109.03467899429721,126.54707252202942,90.0,109.03467899429721
8.939999999999898,2.32444121472004,50.0,187.36249105370544,36.547072522029424,90.0,109.03467899429721,53.452927477970576,90.0,250.96532100570278
8.939999999999898,-1.8999999999989825,50.0,180.0,41.12735840964401,90.0,102.92183598755705,48.87264159035599,90.0,257.0781640124429
8.959999999999898,-2.0999999999989782,-50.0,180.0,41.19005862617599,90.0,102.92361734039966,131.19005862617598,90.0,117.92361734039966
8.959999999999898,2.4214579028211785,-50.0,184.97379774330955,37.58959549544459,90.0,107.00580152047833,127.5895954954446,90.0,107.00580152047833
8.959999999999898,2.4214579028211785,50.0,184.97379774330955,37.58959549544459,90.0,107.00580152047833,52.41040450455541,90.0,252.99419847952169
8.959999999999898,-2.0999999999989782,50.0,180.0,41.19005862617599,90.0,102.92361734039966,48.80994137382401,90.0,257.0763826596003
8.979999999999897,-2.299999999998974,-50.0,180.0,41.25266179704334,90.0,102.925576843205,131.25266179704334,90.0,117.925576843205
8.979999999999897,2.4802867532859927,-50.0,182.50666467129886,38.65378850062014,90.00000000000001,104.95958668247087,128.65378850062012,89.99999999999999,104.95958668247087
8.979999999999897,2.4802867532859927,50.0,182.50666467129886,38.65378850062014,90.00000000000001,104.95958668247087,51.34621149937986,90.00000000000001,255.04041331752913
8.979999999999897,-2.299999999998974,50.0,180.0,41.25266179704334,90.0,102.925576843205,48.74733820295666,90.0,257.074423156795
8.999999999999897,-2.4999999999989697,-50.0,180.0,41.31516776346467,90.0,102.92771450016991,131.31516776346467,90.0,117.92771450016991
8.999999999999897,2.5,-50.0,180.00000000001296,39.72372065798093,90.00000000000001,102.92771450018033,129.72372065798092,89.99999999999999,102.92771450018033
8.999999999999897,2.5,50.0,180.00000000001296,39.72372065798093,90.00000000000001,102.92771450018033,50.27627934201907,90.00000000000001,257.07228549981966
8.999999999999897,-2.4999999999989697,50.0,180.0,41.31516776346467,90.0,102.92771450016991,48.68483223653533,90.0,257.07228549983006
9.019999999999897,-2.480286753286398,-50.0,182.5066646712732,40.21100522308236,90.0,104.95958668244984,130.21100522308237,90.0,119.95958668244984
9.019999999999897,2.3000000000010346,-50.0,180.0,39.78851600160675,90.0,102.92557684320502,129.78851600160675,90.0,102.92557684320502
9.019999999999897,2.3000000000010346,50.0,180.0,39.78851600160675,90.0,102.92557684320502,50.21148399839325,90.0,257.074423156795
9.019999999999897,-2.480286753286398,50.0,182.5066646712732,40.21100522308236,90.0,104.95958668244984,49.78899477691764,90.0,255.04041331755016
9.039999999999896,-2.4214579028219836,-50.0,184.97379774328445,39.089606798466455,90.0,107.00580152045724,129.08960679846646,90.0,122.00580152045724
9.039999999999896,2.100000000001039,-50.0,180.0,39.85321775496819,90.0,102.92361734039967,129.8532177549682,90.0,102.92361734039967
9.039999999999896,2.100000000001039,50.0,180.0,39.85321775496819,90.0,102.92361734039967,50.14678224503181,90.0,257.0763826596003
9.039999999999896,-2.4214579028219836,50.0,184.97379774328445,39.089606798466455,90.0,107.00580152045724,50.910393201533545,90.0,252.99419847954277
9.059999999999896,-2.3244412147212317,-50.0,187.36249105368137,37.96863602197894,90.0,109.03467899427649,127.96863602197894,90.0,124.03467899427649
9.059999999999896,1.900000000001043,-50.0,180.0,39.917825762753914,90.0,102.92183598755705,129.91782576275392,90.0,102.92183598755705
9.059999999999896,1.900000000001043,50.0,180.0,39.917825762753914,90.0,102.92183598755705,50.082174237246086,90.0,257.0781640124429
9.059999999999896,-2.3244412147212317,50.0,187.36249105368137,37.96863602197894,90.0,109.03467899427649,52.03136397802106,90.0,250.96532100572352
9.079999999999895,-2.190766700110452,-50.0,189.63507348202276,36.86686047712513,90.00000000000001,111.01242995840511,126.86686047712513,89.99999999999999,126.01242995840511
9.079999999999895,1.7000000000010473,-50.0,180.0,39.982339869464866,90.0,102.92023278086283,129.98233986946485,90.0,102.92023278086283
9.079999999999895,1.7000000000010473,50.0,180.0,39.982339869464866,90.0,102.92023278086283,50.017660130535134,90.0,257.0797672191372
9.079999999999895,-2.190766700110452,50.0,189.63507348202276,36.86686047712513,90.00000000000001,111.01242995840511,53.13313952287487,90.00000000000001,248.9875700415949
9.099999999999895,-2.0225424859383394,-50.0,191.75570504583877,35.8039735815021,90.0,112.90346053637643,125.8039735815021,90.0,127.90346053637643
9.099999999999895,1.5000000000010516,-50.0,180.0,40.04675991942201,90.0,102.91880771688503,130.04675991942202,90.0,102.91880771688503
9.099999999999895,1.5000000000010516,50.0,180.0,40.04675991942201,90.0,102.91880771688503,49.95324008057799,90.0,257.081192283115
9.099999999999895,-2.0225424859383394,50.0,191.75570504583877,35.8039735815021,90.0,112.90346053637643,54.1960264184979,90.0,247.09653946362357
9.119999999999894,-1.822421568554664,-50.0,193.6909421185641,34.800314168293625,90.0,114.67088691010757,124.80031416829362,90.0,129.67088691010758
9.119999999999894,1.3000000000010559,-50.0,180.0,40.11108575676871,90.0,102.91756079257367,130.11108575676872,90.0,102.91756079257367
9.119999999999894,1.3000000000010559,50.0,180.0,40.11108575676871,90.0,102.91756079257367,49.88891424323129,90.0,257.0824392074263
9.119999999999894,-1.822421568554664,50.0,193.6909421185641,34.800314168293625,90.0,114.67088691010757,55.199685831706375,90.0,245.32911308989242
9.139999999999894,-1.5935599743730076,-50.0,195.41026485550728,33.87645068214604,90.0,116.27732237112293,123.87645068214604,90.0,131.27732237112292
9.139999999999894,1.1000000000010601,-50.0,180.0,40.17531722547328,90.0,102.91649200526047,130.1753172254733,90.0,102.91649200526047
9.139999999999894,1.1000000000010601,50.0,180.0,40.17531722547328,90.0,102.91649200526047,49.82468277452672,90.0,257.08350799473953
9.139999999999894,-1.5935599743730076,50.0,195.41026485550728,33.87645068214604,90.0,116.27732237112293,56.12354931785396,90.0,243.72267762887708
9.159999999999894,-1.3395669874489033,-50.0,196.88655851003313,33.05260456925246,90.0,117.68598324105785,123.05260456925245,90.0,132.68598324105784
9.159999999999894,0.9000000000010644,-50.0,180.0,40.23945416933136,90.0,102.91560135265883,130.23945416933137,90.0,102.91560135265883
9.159999999999894,0.9000000000010644,50.0,180.0,40.23945416933136,90.0,102.91560135265883,49.76054583066864,90.0,257.0843986473412
9.159999999999894,-1.3395669874489033,50.0,196.88655851003313,33.05260456925246,90.0,117.68598324105785,56.94739543074754,90.0,242.31401675894216
9.179999999999893,-1.0644482289142005,-50.0,198.09654104931468,32.34790739763519,90.00000000000001,118.86212179040572,122.3479073976352,89.99999999999999,133.86212179040572
9.179999999999893,0.7000000000010687,-50.0,180.0,40.303496431968426,90.0,102.91488883286344,130.30349643196843,90.0,102.91488883286344
9.179999999999893,0.7000000000010687,50.0,180.0,40.303496431968426,90.0,102.91488883286344,49.696503568031574,90.0,257.0851111671366
9.179999999999893,-1.0644482289142005,50.0,198.09654104931468,32.34790739763519,90.00000000000001,118.86212179040572,57.65209260236481,90.00000000000001,241.13787820959428
9.199999999999893,-0.7725424859389716,-50.0,199.0211303258989,31.779520052873412,90.0,119.77472934813294,121.77952005287341,90.0,134.77472934813295
9.199999999999893,0.5000000000010729,-50.0,180.0,40.36744385684207,90.0,102.91435444435028,130.36744385684207,90.0,102.91435444435028
9.199999999999893,0.5000000000010729,50.0,180.0,40.36744385684207,90.0,102.91435444435028,49.63255614315793,90.0,257.0856455556497
9.199999999999893,-0.7725424859389716,50.0,199.0211303258989,31.779520052873412,90.0,119.77472934813294,58.22047994712659,90.0,240.22527065186705
9.219999999999892,-0.46845328646597384,-50.0,199.64574501457125,31.361686339684383,90.0,120.39836842605423,121.36168633968438,90.0,135.39836842605422
9.219999999999892,0.3000000000010772,-50.0,180.0,40.4312962872446,90.0,102.91399818597642,130.4312962872446,90.0,102.91399818597642
9.219999999999892,0.3000000000010772,50.0,180.0,40.4312962872446,90.0,102.91399818597642,49.5687037127554,90.0,257.0860018140236
9.219999999999892,-0.46845328646597384,50.0,199.64574501457125,31.361686339684383,90.0,120.39836842605423,58.63831366031562,90.0,239.60163157394578
9.239999999999892,-0.1569762988249791,-50.0,199.96053456856458,31.104836159317337,90.0,120.71491059332085,121.10483615931733,90.0,135.71491059332084
9.239999999999892,0.10000000000108145,-50.0,180.0,40.49505356630516,90.0,102.91382005697997,130.49505356630516,90.0,102.91382005697997
9.239999999999892,0.10000000000108145,50.0,180.0,40.49505356630516,90.0,102.91382005697997,49.50494643369484,90.0,257.08617994302006
9.239999999999892,-0.1569762988249791,50.0,199.96053456856458,31.104836159317337,90.0,120.71491059332085,58.89516384068266,90.0,239.28508940667916
9.259999999999891,0.156976298821581,-50.0,199.9605345685663,31.014877632470768,90.0,120.71491059332257,121.01487763247077,90.0,135.71491059332257
9.259999999999891,-0.09999999999891429,-50.0,180.0,40.55871553699233,90.0,102.91382005697997,130.55871553699234,90.0,102.91382005697997
9.259999999999891,-0.09999999999891429,50.0,180.0,40.55871553699233,90.0,102.91382005697997,49.44128446300767,90.0,257.08617994302006
9.259999999999891,0.156976298821581,50.0,199.9605345685663,31.014877632470768,90.0,120.71491059332257,58.98512236752923,90.0,239.28508940667743
9.279999999999891,0.46845328646262985,-50.0,199.64574501457633,31.092806610206228,90.00000000000001,120.39836842605938,121.09280661020622,89.99999999999999,135.3983684260594
9.279999999999891,-0.29999999999891,-50.0,180.0,40.62228204211633,90.0,102.91399818597642,130.62228204211632,90.0,102.91399818597642
9.279999999999891,-0.29999999999891,50.0,180.0,40.62228204211633,90.0,102.91399818597642,49.37771795788367,90.0,257.0860018140236
9.279999999999891,0.46845328646262985,50.0,199.64574501457633,31.092806610206228,90.00000000000001,120.39836842605938,58.907193389793775,90.00000000000001,239.6016315739406
9.29999999999989,0.7725424859357338,-50.0,199.02113032590734,31.33471098608705,90.0,119.77472934814135,121.33471098608705,90.0,134.77472934814136
9.29999999999989,-0.49999999999890576,-50.0,180.0,40.68575292433138,90.0,102.91435444435028,130.68575292433138,90.0,102.91435444435028
9.29999999999989,-0.49999999999890576,50.0,180.0,40.68575292433138,90.0,102.91435444435028,49.31424707566862,90.0,257.0856455556497
9.29999999999989,0.7725424859357338,50.0,199.02113032590734,31.33471098608705,90.0,119.77472934814135,58.665289013912954,90.0,240.22527065185864
9.31999999999989,1.0644482289111197,-50.0,198.09654104932628,31.732169195065932,90.0,118.8621217904171,121.73216919506594,90.0,133.86212179041712
9.31999999999989,-0.6999999999989015,-50.0,180.0,40.74912802613806,90.0,102.91488883286344,130.74912802613807,90.0,102.91488883286344
9.31999999999989,-0.6999999999989015,50.0,180.0,40.74912802613806,90.0,102.91488883286344,49.25087197386194,90.0,257.0851111671366
9.31999999999989,1.0644482289111197,50.0,198.09654104932628,31.732169195065932,90.0,118.8621217904171,58.267830804934064,90.0,241.13787820958288
9.33999999999989,1.339566987446029,-50.0,196.88655851004773,32.272964241664866,90.00000000000001,117.68598324107192,122.27296424166487,89.99999999999999,132.68598324107194
9.33999999999989,-0.8999999999988972,-50.0,180.0,40.8124071898855,90.0,102.91560135265883,130.8124071898855,90.0,102.91560135265883
9.33999999999989,-0.8999999999988972,50.0,180.0,40.8124071898855,90.0,102.91560135265883,49.1875928101145,90.0,257.0843986473412
9.33999999999989,1.339566987446029,50.0,196.88655851004773,32.272964241664866,90.00000000000001,117.68598324107192,57.727035758335134,90.00000000000001,242.31401675892806
9.35999999999989,1.5935599743703845,-50.0,195.41026485552464,32.94198352838375,90.0,116.27732237113935,122.94198352838376,90.0,131.27732237113935
9.35999999999989,-1.099999999998893,-50.0,180.0,40.875590257773794,90.0,102.91649200526047,130.8755902577738,90.0,102.91649200526047
9.35999999999989,-1.099999999998893,50.0,180.0,40.875590257773794,90.0,102.91649200526047,49.124409742226206,90.0,257.08350799473953
9.35999999999989,1.5935599743703845,50.0,195.41026485552464,32.94198352838375,90.0,116.27732237113935,57.05801647161625,90.0,243.72267762886065
9.379999999999889,1.8224215685523337,-50.0,193.69094211858396,33.72216376923495,90.00000000000001,114.67088691012592,123.72216376923495,89.99999999999999,129.67088691012592
9.379999999999889,-1.2999999999988887,-50.0,180.0,40.93867707185614,90.0,102.91756079257364,130.93867707185615,90.0,102.91756079257364
9.379999999999889,-1.2999999999988887,50.0,180.0,40.93867707185614,90.0,102.91756079257364,49.06132292814386,90.0,257.0824392074264
9.379999999999889,1.8224215685523337,50.0,193.69094211858396,33.72216376923495,90.00000000000001,114.67088691012592,56.27783623076505,90.00000000000001,245.32911308987408
9.399999999999888,2.022542485936339,-50.0,191.7557050458608,34.59536441631781,90.0,112.9034605363963,124.5953644163178,90.0,127.9034605363963
9.399999999999888,-1.4999999999988844,-50.0,180.0,41.00166747404114,90.0,102.91880771688503,131.00166747404114,90.0,102.91880771688503
9.399999999999888,-1.4999999999988844,50.0,180.0,41.00166747404114,90.0,102.91880771688503,48.99833252595886,90.0,257.081192283115
9.399999999999888,2.022542485936339,50.0,191.7557050458608,34.59536441631781,90.0,112.9034605363963,55.40463558368219,90.0,247.0965394636037
9.419999999999888,2.1907667001088114,-50.0,189.63507348204664,35.54309583942239,90.0,111.01242995842615,125.54309583942239,90.0,126.01242995842615
9.419999999999888,-1.6999999999988802,-50.0,180.0,41.06456130609508,90.0,102.92023278086282,131.06456130609507,90.0,102.92023278086282
9.419999999999888,-1.6999999999988802,50.0,180.0,41.06456130609508,90.0,102.92023278086282,48.93543869390492,90.0,257.0797672191372
9.419999999999888,2.1907667001088114,50.0,189.63507348204664,35.54309583942239,90.0,111.01242995842615,54.45690416057761,90.0,248.98757004157386
9.439999999999888,2.3244412147199784,-50.0,187.3624910537067,36.547072522028884,90.0,109.03467899429826,126.54707252202888,90.0,124.03467899429826
9.439999999999888,-1.899999999998876,-50.0,180.0,41.127358409643975,90.0,102.92183598755705,131.127358409644,90.0,102.92183598755705
9.439999999999888,-1.899999999998876,50.0,180.0,41.127358409643975,90.0,102.92183598755705,48.872641590356025,90.0,257.0781640124429
9.439999999999888,2.3244412147199784,50.0,187.3624910537067,36.547072522028884,90.0,109.03467899429826,53.452927477971116,90.0,250.96532100570175
9.459999999999887,2.421457902821137,-50.0,184.97379774331083,37.58959549544404,90.0,107.0058015204794,127.58959549544403,90.0,122.0058015204794
9.459999999999887,-2.0999999999988717,-50.0,180.0,41.19005862617596,90.0,102.92361734039966,131.19005862617595,90.0,102.92361734039966
9.459999999999887,-2.0999999999988717,50.0,180.0,41.19005862617596,90.0,102.92361734039966,48.80994137382404,90.0,257.0763826596003
9.459999999999887,2.421457902821137,50.0,184.97379774331083,37.58959549544404,90.0,107.0058015204794,52.41040450455596,90.0,252.9941984795206
9.479999999999887,2.4802867532859714,-50.0,182.5066646713002,38.65378850061956,90.0,104.95958668247198,128.65378850061956,90.0,119.95958668247198
9.479999999999887,-2.2999999999988674,-50.0,180.0,41.2526617970433,90.0,102.925576843205,131.2526617970433,90.0,102.925576843205
9.479999999999887,-2.2999999999988674,50.0,180.0,41.2526617970433,90.0,102.925576843205,48.7473382029567,90.0,257.074423156795
9.479999999999887,2.4802867532859714,50.0,182.5066646713002,38.65378850061956,90.0,104.95958668247198,51.34621149938044,90.0,255.04041331752802
9.499999999999886,2.5,-50.0,180.0000000000143,39.72372065798037,90.0,102.92771450018137,129.72372065798038,90.0,117.92771450018137
9.499999999999886,-2.499999999998863,-50.0,180.0,41.315167763464636,90.0,102.92771450016991,131.31516776346464,90.0,102.92771450016991
9.499999999999886,-2.499999999998863,50.0,180.0,41.315167763464636,90.0,102.92771450016991,48.684832236535364,90.0,257.07228549983006
9.499999999999886,2.5,50.0,180.0000000000143,39.72372065798037,90.0,102.92771450018137,50.27627934201963,90.0,257.07228549981863
9.519999999999886,2.300000000001141,-50.0,180.0,39.78851600160671,90.0,102.92557684320502,129.7885160016067,90.0,117.92557684320502
9.519999999999886,-2.4802867532864195,-50.0,182.50666467127186,40.21100522308295,90.0,104.95958668244874,130.21100522308296,90.0,104.95958668244874
9.519999999999886,-2.4802867532864195,50.0,182.50666467127186,40.21100522308295,90.0,104.95958668244874,49.78899477691705,90.0,255.04041331755127
9.519999999999886,2.300000000001141,50.0,180.0,39.78851600160671,90.0,102.92557684320502,50.21148399839329,90.0,257.074423156795
9.539999999999885,2.1000000000011454,-50.0,180.0,39.85321775496815,90.0,102.92361734039967,129.85321775496814,90.0,117.92361734039967
9.539999999999885,-2.4214579028220253,-50.0,184.97379774328314,39.08960679846704,90.0,107.00580152045617,129.08960679846703,90.0,107.00580152045617
9.539999999999885,-2.4214579028220253,50.0,184.97379774328314,39.08960679846704,90.0,107.00580152045617,50.91039320153296,90.0,252.99419847954383
9.539999999999885,2.1000000000011454,50.0,180.0,39.85321775496815,90.0,102.92361734039967,50.14678224503185,90.0,257.0763826596003
9.559999999999885,1.9000000000011497,-50.0,180.0,39.91782576275388,90.0,102.92183598755705,129.91782576275386,90.0,117.92183598755705
9.559999999999885,-2.3244412147212934,-50.0,187.36249105368012,37.968636021979535,90.0,109.03467899427541,127.96863602197953,90.0,109.03467899427541
9.559999999999885,-2.3244412147212934,50.0,187.36249105368012,37.968636021979535,90.0,109.03467899427541,52.031363978020465,90.0,250.9653210057246
9.559999999999885,1.9000000000011497,50.0,180.0,39.91782576275388,90.0,102.92183598755705,50.08217423724612,90.0,257.0781640124429
9.579999999999885,1.700000000001154,-50.0,180.0,39.98233986946484,90.0,102.92023278086283,129.98233986946485,90.0,117.92023278086283
9.579999999999885,-2.190766700110532,-50.0,189.6350734820216,36.86686047712568,90.0,111.01242995840408,126.86686047712567,90.0,111.01242995840408
9.579999999999885,-2.190766700110532,50.0,189.6350734820216,36.86686047712568,90.0,111.01242995840408,53.13313952287432,90.0,248.98757004159592
9.579999999999885,1.700000000001154,50.0,180.0,39.98233986946484,90.0,102.92023278086283,50.01766013053516,90.0,257.0797672191372
9.599999999999884,1.5000000000011582,-50.0,180.0,40.04675991942198,90.0,102.91880771688503,130.046759919422,90.0,117.91880771688503
9.599999999999884,-2.022542485938438,-50.0,191.7557050458377,35.80397358150267,90.0,112.90346053637542,125.80397358150267,90.0,112.90346053637542
9.599999999999884,-2.022542485938438,50.0,191.7557050458377,35.80397358150267,90.0,112.90346053637542,54.19602641849733,90.0,247.0965394636246
9.599999999999884,1.5000000000011582,50.0,180.0,40.04675991942198,90.0,102.91880771688503,49.95324008057802,90.0,257.081192283115
9.619999999999884,1.3000000000011624,-50.0,180.0,40.11108575676867,90.0,102.91756079257367,130.11108575676866,90.0,117.91756079257367
9.619999999999884,-1.8224215685547787,-50.0,193.69094211856313,34.800314168294136,90.0,114.67088691010667,124.80031416829414,90.0,114.67088691010667
9.619999999999884,-1.8224215685547787,50.0,193.69094211856313,34.800314168294136,90.0,114.67088691010667,55.199685831705864,90.0,245.32911308989333
9.619999999999884,1.3000000000011624,50.0,180.0,40.11108575676867,90.0,102.91756079257367,49.88891424323133,90.0,257.0824392074263
9.639999999999883,1.1000000000011667,-50.0,180.0,40.17531722547324,90.0,102.91649200526047,130.17531722547324,90.0,117.91649200526047
9.639999999999883,-1.5935599743731363,-50.0,195.41026485550643,33.87645068214653,90.0,116.2773223711221,123.87645068214653,90.0,116.2773223711221
9.639999999999883,-1.5935599743731363,50.0,195.41026485550643,33.87645068214653,90.0,116.2773223711221,56.12354931785347,90.0,243.7226776288779
9.639999999999883,1.1000000000011667,50.0,180.0,40.17531722547324,90.0,102.91649200526047,49.82468277452676,90.0,257.08350799473953
9.659999999999883,0.900000000001171,-50.0,180.0,40.239454169331324,90.0,102.91560135265883,130.23945416933134,90.0,117.91560135265883
9.659999999999883,-1.3395669874490446,-50.0,196.88655851003242,33.052604569252864,90.0,117.68598324105717,123.05260456925286,90.0,117.68598324105717
9.659999999999883,-1.3395669874490446,50.0,196.88655851003242,33.052604569252864,90.0,117.68598324105717,56.947395430747136,90.0,242.31401675894284
9.659999999999883,0.900000000001171,50.0,180.0,40.239454169331324,90.0,102.91560135265883,49.760545830668676,90.0,257.0843986473412
9.679999999999882,0.7000000000011752,-50.0,180.0,40.30349643196839,90.0,102.91488883286344,130.3034964319684,90.0,117.91488883286344
9.679999999999882,-1.0644482289143522,-50.0,198.0965410493141,32.34790739763553,90.00000000000001,118.86212179040517,122.34790739763554,89.99999999999999,118.86212179040517
9.679999999999882,-1.0644482289143522,50.0,198.0965410493141,32.34790739763553,90.00000000000001,118.86212179040517,57.65209260236447,90.00000000000001,241.13787820959482
9.679999999999882,0.7000000000011752,50.0,180.0,40.30349643196839,90.0,102.91488883286344,49.69650356803161,90.0,257.0851111671366
9.699999999999882,0.5000000000011795,-50.0,180.0,40.36744385684204,90.0,102.91435444435028,130.36744385684204,90.0,117.91435444435028
9.699999999999882,-0.772542485939131,-50.0,199.0211303258985,31.779520052873654,90.0,119.77472934813255,121.77952005287365,90.0,119.77472934813255
9.699999999999882,-0.772542485939131,50.0,199.0211303258985,31.779520052873654,90.0,119.77472934813255,58.22047994712635,90.0,240.22527065186745
9.699999999999882,0.5000000000011795,50.0,180.0,40.36744385684204,90.0,102.91435444435028,49.63255614315796,90.0,257.0856455556497
9.719999999999882,0.30000000000118376,-50.0,180.0,40.431296287244564,90.0,102.91399818597642,130.43129628724455,90.0,117.91399818597642
9.719999999999882,-0.46845328646613793,-50.0,199.645745014571,31.36168633968456,90.0,120.39836842605398,121.36168633968455,90.0,120.39836842605398
9.719999999999882,-0.46845328646613793,50.0,199.645745014571,31.36168633968456,90.0,120.39836842605398,58.63831366031544,90.0,239.601631573946
9.719999999999882,0.30000000000118376,50.0,180.0,40.431296287244564,90.0,102.91399818597642,49.568703712755436,90.0,257.0860018140236
9.739999999999881,0.10000000000118803,-50.0,180.0,40.495053566305124,90.0,102.91382005697997,130.49505356630513,90.0,117.91382005697997
9.739999999999881,-0.15697629882514585,-50.0,199.9605345685645,31.10483615931742,90.00000000000001,120.71491059332077,121.10483615931741,89.99999999999999,120.71491059332077
9.739999999999881,-0.15697629882514585,50.0,199.9605345685645,31.10483615931742,90.00000000000001,120.71491059332077,58.895163840682585,90.00000000000001,239.28508940667922
9.739999999999881,0.10000000000118803,50.0,180.0,40.495053566305124,90.0,102.91382005697997,49.504946433694876,90.0,257.08617994302006
9.75999999999988,-0.09999999999880771,-50.0,180.0,40.5587155369923,90.0,102.91382005697997,130.5587155369923,90.0,117.91382005697997
9.75999999999988,0.15697629882141423,-50.0,199.96053456856637,31.01487763247076,90.00000000000001,120.71491059332267,121.01487763247076,89.99999999999999,120.71491059332267
9.75999999999988,0.15697629882141423,50.0,199.96053456856637,31.01487763247076,90.00000000000001,120.71491059332267,58.98512236752924,90.00000000000001,239.28508940667734
9.75999999999988,-0.09999999999880771,50.0,180.0,40.5587155369923,90.0,102.91382005697997,49.4412844630077,90.0,257.08617994302006
9.77999999999988,-0.29999999999880345,-50.0,180.0,40.622282042116304,90.0,102.91399818597642,130.6222820421163,90.0,117.91399818597642
9.77999999999988,0.4684532864624652,-50.0,199.6457450145766,31.092806610206146,90.0,120.39836842605962,121.09280661020614,90.0,120.39836842605962
9.77999999999988,0.4684532864624652,50.0,199.6457450145766,31.092806610206146,90.0,120.39836842605962,58.907193389793854,90.0,239.60163157394038
9.77999999999988,-0.29999999999880345,50.0,180.0,40.622282042116304,90.0,102.91399818597642,49.377717957883696,90.0,257.0860018140236
9.79999999999988,-0.4999999999987992,-50.0,180.0,40.68575292433134,90.0,102.91435444435028,130.68575292433133,90.0,117.91435444435028
9.79999999999988,0.7725424859355744,-50.0,199.02113032590773,31.334710986086893,90.0,119.77472934814173,121.33471098608689,90.0,119.77472934814173
9.79999999999988,0.7725424859355744,50.0,199.02113032590773,31.334710986086893,90.0,119.77472934814173,58.66528901391311,90.0,240.22527065185827
9.79999999999988,-0.4999999999987992,50.0,180.0,40.68575292433134,90.0,102.91435444435028,49.31424707566866,90.0,257.0856455556497
9.81999999999988,-0.6999999999987949,-50.0,180.0,40.74912802613803,90.0,102.91488883286344,130.74912802613804,90.0,117.91488883286344
9.81999999999988,1.0644482289109691,-50.0,198.09654104932685,31.732169195065683,90.0,118.86212179041766,121.73216919506568,90.0,118.86212179041766
9.81999999999988,1.0644482289109691,50.0,198.09654104932685,31.732169195065683,90.0,118.86212179041766,58.26783080493432,90.0,241.13787820958234
9.81999999999988,-0.6999999999987949,50.0,180.0,40.74912802613803,90.0,102.91488883286344,49.25087197386197,90.0,257.0851111671366
9.839999999999879,-0.8999999999987907,-50.0,180.0,40.81240718988546,90.0,102.91560135265883,130.81240718988545,90.0,117.91560135265883
9.839999999999879,1.3395669874458873,-50.0,196.88655851004845,32.272964241664546,90.00000000000001,117.6859832410726,122.27296424166454,89.99999999999999,117.6859832410726
9.839999999999879,1.3395669874458873,50.0,196.88655851004845,32.272964241664546,90.00000000000001,117.6859832410726,57.727035758335454,90.00000000000001,242.31401675892738
9.839999999999879,-0.8999999999987907,50.0,180.0,40.81240718988546,90.0,102.91560135265883,49.18759281011454,90.0,257.0843986473412
9.859999999999879,-1.0999999999987864,-50.0,180.0,40.87559025777375,90.0,102.91649200526047,130.87559025777375,90.0,117.91649200526047
9.859999999999879,1.5935599743702555,-50.0,195.4102648555255,32.94198352838337,90.0,116.27732237114016,122.94198352838336,90.0,116.27732237114016
9.859999999999879,1.5935599743702555,50.0,195.4102648555255,32.94198352838337,90.0,116.27732237114016,57.05801647161663,90.0,243.72267762885986
9.859999999999879,-1.0999999999987864,50.0,180.0,40.87559025777375,90.0,102.91649200526047,49.12440974222625,90.0,257.08350799473953
9.879999999999878,-1.2999999999987821,-50.0,180.0,40.93867707185611,90.0,102.91756079257364,130.93867707185612,90.0,117.91756079257364
9.879999999999878,1.822421568552219,-50.0,193.69094211858493,33.722163769234506,90.0,114.6708869101268,123.7221637692345,90.0,114.6708869101268
9.879999999999878,1.822421568552219,50.0,193.69094211858493,33.722163769234506,90.0,114.6708869101268,56.277836230765494,90.0,245.3291130898732
9.879999999999878,-1.2999999999987821,50.0,180.0,40.93867707185611,90.0,102.91756079257364,49.06132292814389,90.0,257.0824392074264
9.899999999999878,-1.4999999999987779,-50.0,180.0,41.00166747404111,90.0,102.91880771688503,131.0016674740411,90.0,117.91880771688503
9.899999999999878,2.02254248593624,-50.0,191.75570504586187,34.59536441631732,90.00000000000001,112.90346053639728,124.59536441631732,89.99999999999999,112.90346053639728
9.899999999999878,2.02254248593624,50.0,191.75570504586187,34.59536441631732,90.00000000000001,112.90346053639728,55.40463558368268,90.00000000000001,247.0965394636027
9.899999999999878,-1.4999999999987779,50.0,180.0,41.00166747404111,90.0,102.91880771688503,48.99833252595889,90.0,257.081192283115
9.919999999999877,-1.6999999999987736,-50.0,180.0,41.064561306095044,90.0,102.92023278086282,131.06456130609504,90.0,117.92023278086282
9.919999999999877,2.1907667001087305,-50.0,189.6350734820478,35.54309583942188,90.0,111.01242995842718,125.54309583942188,90.0,111.01242995842718
9.919999999999877,2.1907667001087305,50.0,189.6350734820478,35.54309583942188,90.0,111.01242995842718,54.45690416057812,90.0,248.98757004157284
9.919999999999877,-1.6999999999987736,50.0,180.0,41.064561306095044,90.0,102.92023278086282,48.935438693904956,90.0,257.0797672191372
9.939999999999877,-1.8999999999987693,-50.0,180.0,41.127358409643946,90.0,102.92183598755705,131.12735840964393,90.0,117.92183598755705
9.939999999999877,2.3244412147199167,-50.0,187.36249105370794,36.54707252202832,90.0,109.03467899429936,126.54707252202832,90.0,109.03467899429936
9.939999999999877,2.3244412147199167,50.0,187.36249105370794,36.54707252202832,90.0,109.03467899429936,53.45292747797168,90.0,250.96532100570064
9.939999999999877,-1.8999999999987693,50.0,180.0,41.127358409643946,90.0,102.92183598755705,48.872641590356054,90.0,257.0781640124429
9.959999999999877,-2.099999999998765,-50.0,180.0,41.190058626175926,90.0,102.92361734039966,131.19005862617593,90.0,117.92361734039966
9.959999999999877,2.4214579028210954,-50.0,184.97379774331213,37.58959549544347,90.0,107.00580152048049,127.58959549544346,90.0,107.00580152048049
9.959999999999877,2.4214579028210954,50.0,184.97379774331213,37.58959549544347,90.0,107.00580152048049,52.41040450455653,90.0,252.99419847951953
9.959999999999877,-2.099999999998765,50.0,180.0,41.190058626175926,90.0,102.92361734039966,48.809941373824074,90.0,257.0763826596003
9.979999999999876,-2.299999999998761,-50.0,180.0,41.252661797043274,90.0,102.925576843205,131.2526617970433,90.0,117.925576843205
9.979999999999876,2.4802867532859505,-50.0,182.50666467130154,38.653788500619,90.0,104.95958668247307,128.653788500619,90.0,104.95958668247307
9.979999999999876,2.4802867532859505,50.0,182.50666467130154,38.653788500619,90.0,104.95958668247307,51.346211499381,90.0,255.04041331752694
9.979999999999876,-2.299999999998761,50.0,180.0,41.252661797043274,90.0,102.925576843205,48.747338202956726,90.0,257.074423156795
