time (s),target_x (mm),target_y (mm),target_z (mm),joint_hip (deg),joint_shoulder (deg),joint_knee (deg),servo_hip (deg),servo_shoulder (deg),servo_knee (deg)
0.0,-15.0,-50.0,180.0,45.022051052911294,90.0,103.41529499072698,135.0220510529113,90.0,118.41529499072698
0.0,15.0,-50.0,180.0,35.49476767145894,90.0,103.41529499072698,125.49476767145893,90.0,103.41529499072698
0.0,15.0,50.0,180.0,35.49476767145894,90.0,103.41529499072698,54.50523232854106,90.0,256.584705009273
0.0,-15.0,50.0,180.0,45.022051052911294,90.0,103.41529499072698,44.977948947088706,90.0,256.584705009273
0.02,-14.881720519717168,-50.0,182.50666467128607,43.835239618729204,90.0,105.44382662390113,133.8352396187292,90.0,120.44382662390113
0.02,13.799999999999999,-50.0,180.0,35.91557665900439,90.0,103.3381979468555,125.91557665900439,90.0,103.3381979468555
0.02,13.799999999999999,50.0,180.0,35.91557665900439,90.0,103.3381979468555,54.08442334099561,90.0,256.66180205314447
0.02,-14.881720519717168,50.0,182.50666467128607,43.835239618729204,90.0,105.44382662390113,46.164760381270796,90.0,254.55617337609885
0.04,-14.528747416929466,-50.0,184.9737977432971,42.58187673391705,90.00000000000001,107.47214231325432,132.58187673391706,89.99999999999999,122.47214231325432
0.04,12.599999999999998,-50.0,180.0,36.3333235458533,90.0,103.26754726109071,126.33332354585329,90.0,103.26754726109071
0.04,12.599999999999998,50.0,180.0,36.3333235458533,90.0,103.26754726109071,53.6666764541467,90.0,256.7324527389093
0.04,-14.528747416929466,50.0,184.9737977432971,42.58187673391705,90.00000000000001,107.47214231325432,47.41812326608295,90.00000000000001,252.52785768674568
0.06,-13.946647288323772,-50.0,187.36249105369356,41.28334782677386,90.0,109.46940676811899,131.28334782677388,90.0,124.46940676811899
0.06,11.399999999999997,-50.0,180.0,36.747977879004964,90.0,103.20333718862243,126.74797787900496,90.0,103.20333718862243
0.06,11.399999999999997,50.0,180.0,36.747977879004964,90.0,103.20333718862243,53.252022120995036,90.0,256.7966628113776
0.06,-13.946647288323772,50.0,187.36249105369356,41.28334782677386,90.0,109.46940676811899,48.71665217322614,90.0,250.53059323188103
0.08,-13.144600200657953,-50.0,189.6350734820343,39.96210508427647,90.0,111.4034837324719,129.96210508427646,90.0,126.4034837324719
0.08,10.200000000000003,-50.0,180.0,37.1595087723507,90.0,103.14556255656902,127.1595087723507,90.0,103.14556255656902
0.08,10.200000000000003,50.0,180.0,37.1595087723507,90.0,103.14556255656902,52.8404912276493,90.0,256.854437443431
0.08,-13.144600200657953,50.0,189.6350734820343,39.96210508427647,90.0,111.4034837324719,50.03789491572353,90.0,248.5965162675281
0.1,-12.135254915624213,-50.0,191.75570504584945,38.64138768641974,90.0,113.24120616831657,128.64138768641973,90.0,128.24120616831658
0.1,9.000000000000002,-50.0,180.0,37.567884931619204,90.0,103.09421874965885,127.5678849316192,90.0,103.09421874965885
0.1,9.000000000000002,50.0,180.0,37.567884931619204,90.0,103.09421874965885,52.432115068380796,90.0,256.90578125034114
0.1,-12.135254915624213,50.0,191.75570504584945,38.64138768641974,90.0,113.24120616831657,51.35861231358026,90.0,246.75879383168342
0.12000000000000001,-10.934529411321174,-50.0,193.6909421185738,37.34488387339197,90.0,114.94881982568478,127.34488387339198,90.0,129.94881982568478
0.12000000000000001,7.800000000000001,-50.0,180.0,37.97307467871055,90.0,103.0493016974072,127.97307467871056,90.0,103.0493016974072
0.12000000000000001,7.800000000000001,50.0,180.0,37.97307467871055,90.0,103.0493016974072,52.02692532128945,90.0,256.9506983025928
0.12000000000000001,-10.934529411321174,50.0,193.6909421185738,37.34488387339197,90.0,114.94881982568478,52.65511612660803,90.0,245.05118017431522
0.14,-9.561359846230344,-50.0,195.41026485551578,36.09630608749212,90.0,116.49264966425162,126.09630608749211,90.0,131.49264966425162
0.14,6.6,-50.0,180.0,38.37504597540692,90.0,103.01080786276842,128.37504597540692,90.0,103.01080786276842
0.14,6.6,50.0,180.0,38.37504597540692,90.0,103.01080786276842,51.62495402459308,90.0,256.9891921372316
0.14,-9.561359846230344,50.0,195.41026485551578,36.09630608749212,90.0,116.49264966425162,53.90369391250788,90.0,243.50735033574838
0.16,-8.037401924684948,-50.0,196.8865585100403,34.91885817292959,90.0,117.84002214421312,124.91885817292959,90.0,132.84002214421312
0.16,5.399999999999999,-50.0,180.0,38.77376644644612,90.0,102.97873423224524,128.77376644644613,90.0,102.97873423224524
0.16,5.399999999999999,50.0,180.0,38.77376644644612,90.0,102.97873423224524,51.22623355355388,90.0,257.02126576775476
0.16,-8.037401924684948,50.0,196.8865585100403,34.91885817292959,90.0,117.84002214421312,55.08114182707041,90.0,242.15997785578688
0.18,-6.38668937347609,-50.0,198.0965410493204,33.83459098774108,90.0,118.9604423984804,123.83459098774108,90.0,133.96044239848038
0.18,4.200000000000003,-50.0,180.0,39.16920340194269,90.0,102.95307830743904,129.1692034019427,90.0,102.95307830743904
0.18,4.200000000000003,50.0,180.0,39.16920340194269,90.0,102.95307830743904,50.83079659805731,90.0,257.04692169256094
0.18,-6.38668937347609,50.0,198.0965410493204,33.83459098774108,90.0,118.9604423984804,56.16540901225892,90.0,241.03955760151962
0.19999999999999998,-4.635254915624212,-50.0,199.02113032590307,32.863670042266854,90.0,119.82697291845253,122.86367004226685,90.0,134.82697291845253
0.19999999999999998,3.0000000000000036,-50.0,180.0,39.561323859139186,90.0,102.93383809802842,129.56132385913918,90.0,102.93383809802842
0.19999999999999998,3.0000000000000036,50.0,180.0,39.561323859139186,90.0,102.93383809802842,50.438676140860814,90.0,257.06616190197155
0.19999999999999998,-4.635254915624212,50.0,199.02113032590307,32.863670042266854,90.0,119.82697291845253,57.136329957733146,90.0,240.17302708154747
0.21999999999999997,-2.810719718785874,-50.0,199.64574501457378,32.02361220892346,90.0,120.41769652198667,122.02361220892345,90.0,135.41769652198667
0.21999999999999997,1.8000000000000007,-50.0,180.0,39.95009456346982,90.0,102.92101211616486,129.9500945634698,90.0,102.92101211616486
0.21999999999999997,1.8000000000000007,50.0,180.0,39.95009456346982,90.0,102.92101211616486,50.04990543653018,90.0,257.0789878838351
0.21999999999999997,-2.810719718785874,50.0,199.64574501457378,32.02361220892346,90.0,120.41769652198667,57.97638779107654,90.0,239.58230347801333
0.23999999999999996,-0.9418577929397063,-50.0,199.96053456856544,31.328579304894024,90.00000000000001,120.71708781728691,121.32857930489402,89.99999999999999,135.7170878172869
0.23999999999999996,0.6000000000000014,-50.0,180.0,40.3354820089164,90.0,102.91459937227695,130.33548200891641,90.0,102.91459937227695
0.23999999999999996,0.6000000000000014,50.0,180.0,40.3354820089164,90.0,102.91459937227695,49.6645179910836,90.0,257.08540062772306
0.23999999999999996,-0.9418577929397063,50.0,199.96053456856544,31.328579304894024,90.00000000000001,120.71708781728691,58.67142069510598,90.00000000000001,239.2829121827131
0.25999999999999995,0.9418577929396944,-50.0,199.96053456856544,30.788832024556218,90.00000000000001,120.71708781728691,120.78883202455621,89.99999999999999,135.7170878172869
0.25999999999999995,-0.6000000000000014,-50.0,180.0,40.71745245763578,90.0,102.91459937227695,130.71745245763577,90.0,102.91459937227695
0.25999999999999995,-0.6000000000000014,50.0,180.0,40.71745245763578,90.0,102.91459937227695,49.28254754236422,90.0,257.08540062772306
0.25999999999999995,0.9418577929396944,50.0,199.96053456856544,30.788832024556218,90.00000000000001,120.71708781728691,59.211167975443786,90.00000000000001,239.2829121827131
0.27999999999999997,2.8107197187858657,-50.0,199.64574501457378,30.410437445556617,90.0,120.41769652198667,120.41043744555662,90.0,135.41769652198667
0.27999999999999997,-1.8000000000000007,-50.0,180.0,41.095971958836785,90.0,102.92101211616486,131.0959719588368,90.0,102.92101211616486
0.27999999999999997,-1.8000000000000007,50.0,180.0,41.095971958836785,90.0,102.92101211616486,48.904028041163215,90.0,257.0789878838351
0.27999999999999997,2.8107197187858657,50.0,199.64574501457378,30.410437445556617,90.0,120.41769652198667,59.58956255444338,90.0,239.58230347801333
0.3,4.63525491562421,-50.0,199.02113032590307,30.195284643883934,90.0,119.82697291845253,120.19528464388394,90.0,134.82697291845253
0.3,-3.0000000000000036,-50.0,180.0,41.47100636688357,90.0,102.93383809802842,131.47100636688356,90.0,102.93383809802842
0.3,-3.0000000000000036,50.0,180.0,41.47100636688357,90.0,102.93383809802842,48.52899363311643,90.0,257.06616190197155
0.3,4.63525491562421,50.0,199.02113032590307,30.195284643883934,90.0,119.82697291845253,59.80471535611606,90.0,240.17302708154747
0.32,6.386689373476091,-50.0,198.0965410493204,30.141405471584587,90.0,118.9604423984804,120.14140547158459,90.0,133.96044239848038
0.32,-4.200000000000003,-50.0,180.0,41.84252135860092,90.0,102.95307830743904,131.84252135860092,90.0,102.95307830743904
0.32,-4.200000000000003,50.0,180.0,41.84252135860092,90.0,102.95307830743904,48.15747864139908,90.0,257.04692169256094
0.32,6.386689373476091,50.0,198.0965410493204,30.141405471584587,90.0,118.9604423984804,59.85859452841541,90.0,241.03955760151962
0.34,8.037401924684954,-50.0,196.8865585100403,30.243539977415953,90.0,117.84002214421312,120.24353997741595,90.0,132.84002214421312
0.34,-5.400000000000006,-50.0,180.0,42.21048244975703,90.0,102.97873423224524,132.21048244975702,90.0,102.97873423224524
0.34,-5.400000000000006,50.0,180.0,42.21048244975703,90.0,102.97873423224524,47.78951755024297,90.0,257.02126576775476
0.34,8.037401924684954,50.0,196.8865585100403,30.243539977415953,90.0,117.84002214421312,59.75646002258405,90.0,242.15997785578688
0.36000000000000004,9.561359846230346,-50.0,195.41026485551578,30.493846999076897,90.0,116.49264966425162,120.4938469990769,90.0,131.49264966425162
0.36000000000000004,-6.600000000000005,-50.0,180.0,42.57485501069726,90.0,103.01080786276842,132.57485501069726,90.0,103.01080786276842
0.36000000000000004,-6.600000000000005,50.0,180.0,42.57485501069726,90.0,103.01080786276842,47.42514498930274,90.0,256.9891921372316
0.36000000000000004,9.561359846230346,50.0,195.41026485551578,30.493846999076897,90.0,116.49264966425162,59.506153000923106,90.0,243.50735033574838
0.38000000000000006,10.934529411321176,-50.0,193.69094211857376,30.882649805534655,90.0,114.94881982568475,120.88264980553465,90.0,129.94881982568475
0.38000000000000006,-7.800000000000008,-50.0,180.0,42.9356042811022,90.0,103.0493016974072,132.9356042811022,90.0,103.0493016974072
0.38000000000000006,-7.800000000000008,50.0,180.0,42.9356042811022,90.0,103.0493016974072,47.0643957188978,90.0,256.9506983025928
0.38000000000000006,10.934529411321176,50.0,193.69094211857376,30.882649805534655,90.0,114.94881982568475,59.117350194465345,90.0,245.05118017431525
0.4000000000000001,12.135254915624214,-50.0,191.75570504584945,31.399121880305106,90.0,113.24120616831657,121.3991218803051,90.0,128.24120616831658
0.4000000000000001,-9.000000000000007,-50.0,180.0,43.292695383842705,90.0,103.09421874965885,133.2926953838427,90.0,103.09421874965885
0.4000000000000001,-9.000000000000007,50.0,180.0,43.292695383842705,90.0,103.09421874965885,46.707304616157295,90.0,256.90578125034114
0.4000000000000001,12.135254915624214,50.0,191.75570504584945,31.399121880305106,90.0,113.24120616831657,58.6008781196949,90.0,246.75879383168342
0.4200000000000001,13.144600200657957,-50.0,189.6350734820343,32.03184827323536,90.0,111.4034837324719,122.03184827323537,90.0,126.4034837324719
0.4200000000000001,-10.20000000000001,-50.0,180.0,43.6460933379031,90.0,103.14556255656902,133.6460933379031,90.0,103.14556255656902
0.4200000000000001,-10.20000000000001,50.0,180.0,43.6460933379031,90.0,103.14556255656902,46.3539066620969,90.0,256.854437443431
0.4200000000000001,13.144600200657957,50.0,189.6350734820343,32.03184827323536,90.0,111.4034837324719,57.96815172676464,90.0,248.5965162675281
0.4400000000000001,13.946647288323776,-50.0,187.36249105369353,32.769231160089994,90.0,109.46940676811899,122.76923116008999,90.0,124.46940676811899
0.4400000000000001,-11.40000000000001,-50.0,180.0,43.99576307034361,90.0,103.20333718862243,133.9957630703436,90.0,103.20333718862243
0.4400000000000001,-11.40000000000001,50.0,180.0,43.99576307034361,90.0,103.20333718862243,46.00423692965639,90.0,256.7966628113776
0.4400000000000001,13.946647288323776,50.0,187.36249105369353,32.769231160089994,90.0,109.46940676811899,57.230768839910006,90.0,250.53059323188103
0.46000000000000013,14.52874741692947,-50.0,184.97379774329707,33.59973571263802,90.0,107.4721423132543,123.59973571263802,90.0,122.4721423132543
0.46000000000000013,-12.600000000000012,-50.0,180.0,44.34166942727207,90.0,103.26754726109071,134.34166942727208,90.0,103.26754726109071
0.46000000000000013,-12.600000000000012,50.0,180.0,44.34166942727207,90.0,103.26754726109071,45.65833057272793,90.0,256.7324527389093
0.46000000000000013,14.52874741692947,50.0,184.97379774329707,33.59973571263802,90.0,107.4721423132543,56.40026428736198,90.0,252.5278576867457
0.48000000000000015,14.88172051971717,-50.0,182.50666467128607,34.51199066493402,90.0,105.44382662390113,124.51199066493402,90.0,120.44382662390113
0.48000000000000015,-13.800000000000011,-50.0,180.0,44.683777183794284,90.0,103.3381979468555,134.6837771837943,90.0,103.3381979468555
0.48000000000000015,-13.800000000000011,50.0,180.0,44.683777183794284,90.0,103.3381979468555,45.316222816205716,90.0,256.66180205314447
0.48000000000000015,14.88172051971717,50.0,182.50666467128607,34.51199066493402,90.0,105.44382662390113,55.48800933506598,90.0,254.55617337609885
0.5000000000000001,14.999999999999993,-50.0,180.0,35.49476767145894,90.0,103.41529499072698,125.49476767145893,90.0,118.41529499072698
0.5000000000000001,-15.0,-50.0,180.0,45.022051052911294,90.0,103.41529499072698,135.0220510529113,90.0,103.41529499072698
0.5000000000000001,-15.0,50.0,180.0,45.022051052911294,90.0,103.41529499072698,44.977948947088706,90.0,256.584705009273
0.5000000000000001,14.999999999999993,50.0,180.0,35.49476767145894,90.0,103.41529499072698,54.50523232854106,90.0,256.584705009273
0.5200000000000001,13.799999999999992,-50.0,180.0,35.91557665900439,90.0,103.3381979468555,125.91557665900439,90.0,118.3381979468555
0.5200000000000001,-14.881720519717167,-50.0,182.50666467128607,43.835239618729204,90.0,105.44382662390113,133.8352396187292,90.0,105.44382662390113
0.5200000000000001,-14.881720519717167,50.0,182.50666467128607,43.835239618729204,90.0,105.44382662390113,46.164760381270796,90.0,254.55617337609885
0.5200000000000001,13.799999999999992,50.0,180.0,35.91557665900439,90.0,103.3381979468555,54.08442334099561,90.0,256.66180205314447
0.5400000000000001,12.59999999999999,-50.0,180.0,36.333323545853304,90.0,103.26754726109071,126.3333235458533,90.0,118.26754726109071
0.5400000000000001,-14.528747416929466,-50.0,184.9737977432971,42.58187673391705,90.00000000000001,107.47214231325432,132.58187673391706,89.99999999999999,107.47214231325432
0.5400000000000001,-14.528747416929466,50.0,184.9737977432971,42.58187673391705,90.00000000000001,107.47214231325432,47.41812326608295,90.00000000000001,252.52785768674568
0.5400000000000001,12.59999999999999,50.0,180.0,36.333323545853304,90.0,103.26754726109071,53.666676454146696,90.0,256.7324527389093
0.5600000000000002,11.39999999999999,-50.0,180.0,36.747977879004964,90.0,103.20333718862243,126.74797787900496,90.0,118.20333718862243
0.5600000000000002,-13.94664728832377,-50.0,187.36249105369356,41.28334782677386,90.0,109.46940676811899,131.28334782677388,90.0,109.46940676811899
0.5600000000000002,-13.94664728832377,50.0,187.36249105369356,41.28334782677386,90.0,109.46940676811899,48.71665217322614,90.0,250.53059323188103
0.5600000000000002,11.39999999999999,50.0,180.0,36.747977879004964,90.0,103.20333718862243,53.252022120995036,90.0,256.7966628113776
0.5800000000000002,10.199999999999989,-50.0,180.0,37.159508772350705,90.0,103.14556255656902,127.1595087723507,90.0,118.14556255656902
0.5800000000000002,-13.144600200657951,-50.0,189.63507348203433,39.96210508427645,90.0,111.40348373247193,129.96210508427646,90.0,111.40348373247193
0.5800000000000002,-13.144600200657951,50.0,189.63507348203433,39.96210508427645,90.0,111.40348373247193,50.03789491572355,90.0,248.59651626752807
0.5800000000000002,10.199999999999989,50.0,180.0,37.159508772350705,90.0,103.14556255656902,52.840491227649295,90.0,256.854437443431
0.6000000000000002,8.999999999999988,-50.0,180.0,37.567884931619204,90.0,103.09421874965885,127.5678849316192,90.0,118.09421874965885
0.6000000000000002,-12.135254915624207,-50.0,191.75570504584948,38.641387686419726,90.0,113.2412061683166,128.64138768641973,90.0,113.2412061683166
0.6000000000000002,-12.135254915624207,50.0,191.75570504584948,38.641387686419726,90.0,113.2412061683166,51.358612313580274,90.0,246.75879383168342
0.6000000000000002,8.999999999999988,50.0,180.0,37.567884931619204,90.0,103.09421874965885,52.432115068380796,90.0,256.90578125034114
0.6200000000000002,7.7999999999999865,-50.0,180.0,37.97307467871056,90.0,103.0493016974072,127.97307467871056,90.0,118.0493016974072
0.6200000000000002,-10.934529411321167,-50.0,193.6909421185738,37.34488387339197,90.0,114.94881982568478,127.34488387339198,90.0,114.94881982568478
0.6200000000000002,-10.934529411321167,50.0,193.6909421185738,37.34488387339197,90.0,114.94881982568478,52.65511612660803,90.0,245.05118017431522
0.6200000000000002,7.7999999999999865,50.0,180.0,37.97307467871056,90.0,103.0493016974072,52.02692532128944,90.0,256.9506983025928
0.6400000000000002,6.599999999999985,-50.0,180.0,38.37504597540692,90.0,103.01080786276842,128.37504597540692,90.0,118.01080786276842
0.6400000000000002,-9.561359846230337,-50.0,195.4102648555158,36.096306087492096,90.0,116.49264966425167,126.0963060874921,90.0,116.49264966425167
0.6400000000000002,-9.561359846230337,50.0,195.4102648555158,36.096306087492096,90.0,116.49264966425167,53.903693912507904,90.0,243.50735033574833
0.6400000000000002,6.599999999999985,50.0,180.0,38.37504597540692,90.0,103.01080786276842,51.62495402459308,90.0,256.9891921372316
0.6600000000000003,5.399999999999984,-50.0,180.0,38.773766446446125,90.0,102.97873423224524,128.77376644644613,90.0,117.97873423224524
0.6600000000000003,-8.037401924684938,-50.0,196.88655851004032,34.91885817292956,90.0,117.84002214421315,124.91885817292956,90.0,117.84002214421315
0.6600000000000003,-8.037401924684938,50.0,196.88655851004032,34.91885817292956,90.0,117.84002214421315,55.08114182707044,90.0,242.15997785578685
0.6600000000000003,5.399999999999984,50.0,180.0,38.773766446446125,90.0,102.97873423224524,51.226233553553875,90.0,257.02126576775476
0.6800000000000003,4.199999999999983,-50.0,180.0,39.169203401942696,90.0,102.95307830743904,129.1692034019427,90.0,117.95307830743904
0.6800000000000003,-6.386689373476077,-50.0,198.0965410493204,33.83459098774108,90.0,118.9604423984804,123.83459098774108,90.0,118.9604423984804
0.6800000000000003,-6.386689373476077,50.0,198.0965410493204,33.83459098774108,90.0,118.9604423984804,56.16540901225892,90.0,241.03955760151962
0.6800000000000003,4.199999999999983,50.0,180.0,39.169203401942696,90.0,102.95307830743904,50.830796598057304,90.0,257.04692169256094
0.7000000000000003,2.9999999999999822,-50.0,180.0,39.56132385913919,90.0,102.93383809802842,129.56132385913918,90.0,117.93383809802842
0.7000000000000003,-4.635254915624196,-50.0,199.02113032590307,32.863670042266854,90.0,119.82697291845253,122.86367004226685,90.0,119.82697291845253
0.7000000000000003,-4.635254915624196,50.0,199.02113032590307,32.863670042266854,90.0,119.82697291845253,57.136329957733146,90.0,240.17302708154747
0.7000000000000003,2.9999999999999822,50.0,180.0,39.56132385913919,90.0,102.93383809802842,50.43867614086081,90.0,257.06616190197155
0.7200000000000003,1.7999999999999812,-50.0,180.0,39.95009456346982,90.0,102.92101211616486,129.9500945634698,90.0,117.92101211616486
0.7200000000000003,-2.810719718785851,-50.0,199.64574501457378,32.02361220892345,90.0,120.41769652198667,122.02361220892345,90.0,120.41769652198667
0.7200000000000003,-2.810719718785851,50.0,199.64574501457378,32.02361220892345,90.0,120.41769652198667,57.97638779107655,90.0,239.58230347801333
0.7200000000000003,1.7999999999999812,50.0,180.0,39.95009456346982,90.0,102.92101211616486,50.04990543653018,90.0,257.0789878838351
0.7400000000000003,0.5999999999999801,-50.0,180.0,40.33548200891641,90.0,102.91459937227695,130.33548200891641,90.0,117.91459937227695
0.7400000000000003,-0.941857792939683,-50.0,199.96053456856544,31.328579304894017,90.00000000000001,120.71708781728691,121.32857930489402,89.99999999999999,120.71708781728691
0.7400000000000003,-0.941857792939683,50.0,199.96053456856544,31.328579304894017,90.00000000000001,120.71708781728691,58.67142069510598,90.00000000000001,239.2829121827131
0.7400000000000003,0.5999999999999801,50.0,180.0,40.33548200891641,90.0,102.91459937227695,49.66451799108359,90.0,257.08540062772306
0.7600000000000003,-0.600000000000021,-50.0,180.0,40.71745245763579,90.0,102.91459937227695,130.71745245763577,90.0,117.91459937227695
0.7600000000000003,0.941857792939721,-50.0,199.96053456856544,30.78883202455621,90.00000000000001,120.71708781728691,120.78883202455621,89.99999999999999,120.71708781728691
0.7600000000000003,0.941857792939721,50.0,199.96053456856544,30.78883202455621,90.00000000000001,120.71708781728691,59.211167975443786,90.00000000000001,239.2829121827131
0.7600000000000003,-0.600000000000021,50.0,180.0,40.71745245763579,90.0,102.91459937227695,49.28254754236421,90.0,257.08540062772306
0.7800000000000004,-1.800000000000022,-50.0,180.0,41.0959719588368,90.0,102.92101211616486,131.0959719588368,90.0,117.92101211616486
0.7800000000000004,2.810719718785892,-50.0,199.64574501457378,30.41043744555661,90.0,120.41769652198667,120.41043744555661,90.0,120.41769652198667
0.7800000000000004,2.810719718785892,50.0,199.64574501457378,30.41043744555661,90.0,120.41769652198667,59.58956255444339,90.0,239.58230347801333
0.7800000000000004,-1.800000000000022,50.0,180.0,41.0959719588368,90.0,102.92101211616486,48.9040280411632,90.0,257.0789878838351
0.8000000000000004,-3.0000000000000213,-50.0,180.0,41.47100636688358,90.0,102.93383809802842,131.47100636688359,90.0,117.93383809802842
0.8000000000000004,4.635254915624236,-50.0,199.02113032590307,30.195284643883927,90.0,119.82697291845253,120.19528464388392,90.0,119.82697291845253
0.8000000000000004,4.635254915624236,50.0,199.02113032590307,30.195284643883927,90.0,119.82697291845253,59.80471535611608,90.0,240.17302708154747
0.8000000000000004,-3.0000000000000213,50.0,180.0,41.47100636688358,90.0,102.93383809802842,48.52899363311642,90.0,257.06616190197155
0.8200000000000004,-4.200000000000024,-50.0,180.0,41.842521358600926,90.0,102.95307830743904,131.84252135860092,90.0,117.95307830743904
0.8200000000000004,6.3866893734761145,-50.0,198.09654104932036,30.141405471584594,90.0,118.96044239848037,120.14140547158459,90.0,118.96044239848037
0.8200000000000004,6.3866893734761145,50.0,198.09654104932036,30.141405471584594,90.0,118.96044239848037,59.85859452841541,90.0,241.03955760151962
0.8200000000000004,-4.200000000000024,50.0,180.0,41.842521358600926,90.0,102.95307830743904,48.157478641399074,90.0,257.04692169256094
0.8400000000000004,-5.4000000000000234,-50.0,180.0,42.21048244975704,90.0,102.97873423224524,132.21048244975702,90.0,117.97873423224524
0.8400000000000004,8.03740192468497,-50.0,196.8865585100403,30.243539977415953,90.0,117.84002214421312,120.24353997741595,90.0,117.84002214421312
0.8400000000000004,8.03740192468497,50.0,196.8865585100403,30.243539977415953,90.0,117.84002214421312,59.75646002258405,90.0,242.15997785578688
0.8400000000000004,-5.4000000000000234,50.0,180.0,42.21048244975704,90.0,102.97873423224524,47.78951755024296,90.0,257.02126576775476
0.8600000000000004,-6.600000000000026,-50.0,180.0,42.57485501069727,90.0,103.01080786276842,132.57485501069726,90.0,118.01080786276842
0.8600000000000004,9.561359846230367,-50.0,195.41026485551578,30.49384699907689,90.0,116.49264966425162,120.4938469990769,90.0,116.49264966425162
0.8600000000000004,9.561359846230367,50.0,195.41026485551578,30.49384699907689,90.0,116.49264966425162,59.506153000923106,90.0,243.50735033574838
0.8600000000000004,-6.600000000000026,50.0,180.0,42.57485501069727,90.0,103.01080786276842,47.42514498930273,90.0,256.9891921372316
0.8800000000000004,-7.800000000000026,-50.0,180.0,42.9356042811022,90.0,103.0493016974072,132.9356042811022,90.0,118.0493016974072
0.8800000000000004,10.934529411321193,-50.0,193.69094211857376,30.882649805534648,90.0,114.94881982568475,120.88264980553464,90.0,114.94881982568475
0.8800000000000004,10.934529411321193,50.0,193.69094211857376,30.882649805534648,90.0,114.94881982568475,59.11735019446535,90.0,245.05118017431525
0.8800000000000004,-7.800000000000026,50.0,180.0,42.9356042811022,90.0,103.0493016974072,47.0643957188978,90.0,256.9506983025928
0.9000000000000005,-9.000000000000028,-50.0,180.0,43.29269538384271,90.0,103.09421874965885,133.29269538384273,90.0,118.09421874965885
0.9000000000000005,12.13525491562423,-50.0,191.75570504584942,31.399121880305113,90.0,113.24120616831655,121.39912188030512,90.0,113.24120616831655
0.9000000000000005,12.13525491562423,50.0,191.75570504584942,31.399121880305113,90.0,113.24120616831655,58.60087811969488,90.0,246.75879383168345
0.9000000000000005,-9.000000000000028,50.0,180.0,43.29269538384271,90.0,103.09421874965885,46.70730461615729,90.0,256.90578125034114
0.9200000000000005,-10.200000000000028,-50.0,180.0,43.6460933379031,90.0,103.14556255656902,133.6460933379031,90.0,118.14556255656902
0.9200000000000005,13.14460020065797,-50.0,189.63507348203427,32.03184827323537,90.0,111.40348373247188,122.03184827323537,90.0,111.40348373247188
0.9200000000000005,13.14460020065797,50.0,189.63507348203427,32.03184827323537,90.0,111.40348373247188,57.96815172676463,90.0,248.5965162675281
0.9200000000000005,-10.200000000000028,50.0,180.0,43.6460933379031,90.0,103.14556255656902,46.3539066620969,90.0,256.854437443431
0.9400000000000005,-11.40000000000003,-50.0,180.0,43.99576307034361,90.0,103.20333718862243,133.9957630703436,90.0,118.20333718862243
0.9400000000000005,13.946647288323785,-50.0,187.3624910536935,32.76923116009,90.0,109.46940676811893,122.76923116009,90.0,109.46940676811893
0.9400000000000005,13.946647288323785,50.0,187.3624910536935,32.76923116009,90.0,109.46940676811893,57.23076883991,90.0,250.53059323188108
0.9400000000000005,-11.40000000000003,50.0,180.0,43.99576307034361,90.0,103.20333718862243,46.00423692965639,90.0,256.7966628113776
0.9600000000000005,-12.60000000000003,-50.0,180.0,44.34166942727208,90.0,103.26754726109071,134.34166942727208,90.0,118.26754726109071
0.9600000000000005,14.528747416929477,-50.0,184.97379774329704,33.59973571263803,90.0,107.47214231325427,123.59973571263802,90.0,107.47214231325427
0.9600000000000005,14.528747416929477,50.0,184.97379774329704,33.59973571263803,90.0,107.47214231325427,56.40026428736197,90.0,252.52785768674573
0.9600000000000005,-12.60000000000003,50.0,180.0,44.34166942727208,90.0,103.26754726109071,45.65833057272792,90.0,256.7324527389093
0.9800000000000005,-13.800000000000033,-50.0,180.0,44.68377718379428,90.0,103.33819794685552,134.6837771837943,90.0,118.33819794685552
0.9800000000000005,14.881720519717172,-50.0,182.50666467128605,34.511990664934025,90.0,105.4438266239011,124.51199066493402,90.0,105.4438266239011
0.9800000000000005,14.881720519717172,50.0,182.50666467128605,34.511990664934025,90.0,105.4438266239011,55.488009335065975,90.0,254.5561733760989
0.9800000000000005,-13.800000000000033,50.0,180.0,44.68377718379428,90.0,103.33819794685552,45.31622281620572,90.0,256.66180205314447
1.0000000000000004,-15.0,-50.0,180.00000000000006,45.02205105291125,90.0,103.41529499072705,135.02205105291125,90.0,118.41529499072705
1.0000000000000004,14.999999999999973,-50.0,180.0,35.49476767145894,90.0,103.41529499072698,125.49476767145893,90.0,103.41529499072698
1.0000000000000004,14.999999999999973,50.0,180.0,35.49476767145894,90.0,103.41529499072698,54.50523232854106,90.0,256.584705009273
1.0000000000000004,-15.0,50.0,180.00000000000006,45.02205105291125,90.0,103.41529499072705,44.97794894708875,90.0,256.58470500927297
1.0200000000000005,-14.881720519717161,-50.0,182.50666467128613,43.835239618729176,90.0,105.44382662390117,133.8352396187292,90.0,120.44382662390117
1.0200000000000005,13.799999999999972,-50.0,180.0,35.915576659004394,90.0,103.3381979468555,125.91557665900439,90.0,103.3381979468555
1.0200000000000005,13.799999999999972,50.0,180.0,35.915576659004394,90.0,103.3381979468555,54.084423340995606,90.0,256.66180205314447
1.0200000000000005,-14.881720519717161,50.0,182.50666467128613,43.835239618729176,90.0,105.44382662390117,46.164760381270824,90.0,254.55617337609883
1.0400000000000005,-14.528747416929455,-50.0,184.97379774329715,42.58187673391702,90.0,107.47214231325437,132.58187673391703,90.0,122.47214231325437
1.0400000000000005,12.599999999999971,-50.0,180.0,36.33332354585331,90.0,103.26754726109071,126.33332354585332,90.0,103.26754726109071
1.0400000000000005,12.599999999999971,50.0,180.0,36.33332354585331,90.0,103.26754726109071,53.66667645414669,90.0,256.7324527389093
1.0400000000000005,-14.528747416929455,50.0,184.97379774329715,42.58187673391702,90.0,107.47214231325437,47.41812326608298,90.0,252.52785768674562
1.0600000000000005,-13.946647288323753,-50.0,187.36249105369362,41.283347826773834,90.00000000000001,109.46940676811903,131.28334782677382,89.99999999999999,124.46940676811903
1.0600000000000005,11.39999999999997,-50.0,180.0,36.74797787900497,90.0,103.20333718862243,126.74797787900496,90.0,103.20333718862243
1.0600000000000005,11.39999999999997,50.0,180.0,36.74797787900497,90.0,103.20333718862243,53.25202212099503,90.0,256.7966628113776
1.0600000000000005,-13.946647288323753,50.0,187.36249105369362,41.283347826773834,90.00000000000001,109.46940676811903,48.716652173226166,90.00000000000001,250.53059323188097
1.0800000000000005,-13.14460020065793,-50.0,189.63507348203436,39.96210508427644,90.0,111.40348373247194,129.96210508427643,90.0,126.40348373247194
1.0800000000000005,10.199999999999969,-50.0,180.0,37.15950877235071,90.0,103.14556255656902,127.1595087723507,90.0,103.14556255656902
1.0800000000000005,10.199999999999969,50.0,180.0,37.15950877235071,90.0,103.14556255656902,52.84049122764929,90.0,256.854437443431
1.0800000000000005,-13.14460020065793,50.0,189.63507348203436,39.96210508427644,90.0,111.40348373247194,50.03789491572356,90.0,248.59651626752805
1.1000000000000005,-12.135254915624182,-50.0,191.7557050458495,38.6413876864197,90.00000000000001,113.24120616831661,128.6413876864197,89.99999999999999,128.2412061683166
1.1000000000000005,8.999999999999968,-50.0,180.0,37.56788493161921,90.0,103.09421874965885,127.5678849316192,90.0,103.09421874965885
1.1000000000000005,8.999999999999968,50.0,180.0,37.56788493161921,90.0,103.09421874965885,52.43211506838079,90.0,256.90578125034114
1.1000000000000005,-12.135254915624182,50.0,191.7557050458495,38.6413876864197,90.00000000000001,113.24120616831661,51.3586123135803,90.00000000000001,246.7587938316834
1.1200000000000006,-10.934529411321137,-50.0,193.69094211857382,37.344883873391936,90.0,114.94881982568481,127.34488387339194,90.0,129.9488198256848
1.1200000000000006,7.799999999999967,-50.0,180.0,37.97307467871056,90.0,103.0493016974072,127.97307467871056,90.0,103.0493016974072
1.1200000000000006,7.799999999999967,50.0,180.0,37.97307467871056,90.0,103.0493016974072,52.02692532128944,90.0,256.9506983025928
1.1200000000000006,-10.934529411321137,50.0,193.69094211857382,37.344883873391936,90.0,114.94881982568481,52.655116126608064,90.0,245.0511801743152
1.1400000000000006,-9.561359846230305,-50.0,195.41026485551583,36.096306087492074,90.0,116.49264966425167,126.09630608749208,90.0,131.49264966425167
1.1400000000000006,6.599999999999966,-50.0,180.0,38.37504597540692,90.0,103.01080786276842,128.37504597540692,90.0,103.01080786276842
1.1400000000000006,6.599999999999966,50.0,180.0,38.37504597540692,90.0,103.01080786276842,51.62495402459308,90.0,256.9891921372316
1.1400000000000006,-9.561359846230305,50.0,195.41026485551583,36.096306087492074,90.0,116.49264966425167,53.903693912507926,90.0,243.50735033574833
1.1600000000000006,-8.037401924684904,-50.0,196.88655851004035,34.91885817292954,90.0,117.84002214421318,124.91885817292953,90.0,132.84002214421318
1.1600000000000006,5.399999999999965,-50.0,180.0,38.77376644644613,90.0,102.97873423224524,128.77376644644613,90.0,102.97873423224524
1.1600000000000006,5.399999999999965,50.0,180.0,38.77376644644613,90.0,102.97873423224524,51.22623355355387,90.0,257.02126576775476
1.1600000000000006,-8.037401924684904,50.0,196.88655851004035,34.91885817292954,90.0,117.84002214421318,55.08114182707046,90.0,242.15997785578682
1.1800000000000006,-6.386689373476038,-50.0,198.09654104932042,33.83459098774105,90.00000000000001,118.96044239848042,123.83459098774105,89.99999999999999,133.96044239848044
1.1800000000000006,4.199999999999964,-50.0,180.0,39.1692034019427,90.0,102.95307830743904,129.1692034019427,90.0,102.95307830743904
1.1800000000000006,4.199999999999964,50.0,180.0,39.1692034019427,90.0,102.95307830743904,50.8307965980573,90.0,257.04692169256094
1.1800000000000006,-6.386689373476038,50.0,198.09654104932042,33.83459098774105,90.00000000000001,118.96044239848042,56.16540901225895,90.00000000000001,241.03955760151956
1.2000000000000006,-4.635254915624155,-50.0,199.0211303259031,32.86367004226683,90.0,119.82697291845255,122.86367004226683,90.0,134.82697291845255
1.2000000000000006,2.9999999999999627,-50.0,180.0,39.5613238591392,90.0,102.93383809802842,129.5613238591392,90.0,102.93383809802842
1.2000000000000006,2.9999999999999627,50.0,180.0,39.5613238591392,90.0,102.93383809802842,50.4386761408608,90.0,257.06616190197155
1.2000000000000006,-4.635254915624155,50.0,199.0211303259031,32.86367004226683,90.0,119.82697291845255,57.13632995773317,90.0,240.17302708154745
1.2200000000000006,-2.810719718785812,-50.0,199.64574501457378,32.023612208923446,90.0,120.41769652198667,122.02361220892345,90.0,135.41769652198667
1.2200000000000006,1.7999999999999616,-50.0,180.0,39.950094563469825,90.0,102.92101211616486,129.95009456346983,90.0,102.92101211616486
1.2200000000000006,1.7999999999999616,50.0,180.0,39.950094563469825,90.0,102.92101211616486,50.049905436530175,90.0,257.0789878838351
1.2200000000000006,-2.810719718785812,50.0,199.64574501457378,32.023612208923446,90.0,120.41769652198667,57.976387791076554,90.0,239.58230347801333
1.2400000000000007,-0.9418577929396397,-50.0,199.96053456856544,31.328579304894003,90.00000000000001,120.71708781728691,121.328579304894,89.99999999999999,135.7170878172869
1.2400000000000007,0.5999999999999606,-50.0,180.0,40.335482008916415,90.0,102.91459937227695,130.33548200891641,90.0,102.91459937227695
1.2400000000000007,0.5999999999999606,50.0,180.0,40.335482008916415,90.0,102.91459937227695,49.664517991083585,90.0,257.08540062772306
1.2400000000000007,-0.9418577929396397,50.0,199.96053456856544,31.328579304894003,90.00000000000001,120.71708781728691,58.671420695105994,90.00000000000001,239.2829121827131
1.2600000000000007,0.9418577929397641,-50.0,199.96053456856544,30.788832024556196,90.00000000000001,120.71708781728691,120.7888320245562,89.99999999999999,135.7170878172869
1.2600000000000007,-0.6000000000000405,-50.0,180.0,40.71745245763579,90.0,102.91459937227695,130.71745245763577,90.0,102.91459937227695
1.2600000000000007,-0.6000000000000405,50.0,180.0,40.71745245763579,90.0,102.91459937227695,49.28254754236421,90.0,257.08540062772306
1.2600000000000007,0.9418577929397641,50.0,199.96053456856544,30.788832024556196,90.00000000000001,120.71708781728691,59.2111679754438,90.00000000000001,239.2829121827131
1.2800000000000007,2.8107197187859314,-50.0,199.64574501457375,30.41043744555661,90.0,120.41769652198664,120.41043744555661,90.0,135.41769652198664
1.2800000000000007,-1.8000000000000398,-50.0,180.0,41.0959719588368,90.0,102.92101211616486,131.0959719588368,90.0,102.92101211616486
1.2800000000000007,-1.8000000000000398,50.0,180.0,41.0959719588368,90.0,102.92101211616486,48.9040280411632,90.0,257.0789878838351
1.2800000000000007,2.8107197187859314,50.0,199.64574501457375,30.41043744555661,90.0,120.41769652198664,59.58956255444339,90.0,239.58230347801336
1.3000000000000007,4.635254915624273,-50.0,199.02113032590304,30.195284643883927,90.0,119.8269729184525,120.19528464388392,90.0,134.8269729184525
1.3000000000000007,-3.0000000000000426,-50.0,180.0,41.471006366883586,90.0,102.93383809802842,131.47100636688359,90.0,102.93383809802842
1.3000000000000007,-3.0000000000000426,50.0,180.0,41.471006366883586,90.0,102.93383809802842,48.528993633116414,90.0,257.06616190197155
1.3000000000000007,4.635254915624273,50.0,199.02113032590304,30.195284643883927,90.0,119.8269729184525,59.80471535611608,90.0,240.1730270815475
1.3200000000000007,6.386689373476152,-50.0,198.09654104932036,30.141405471584587,90.0,118.96044239848037,120.14140547158459,90.0,133.96044239848038
1.3200000000000007,-4.2000000000000455,-50.0,180.0,41.84252135860093,90.0,102.95307830743904,131.84252135860095,90.0,102.95307830743904
1.3200000000000007,-4.2000000000000455,50.0,180.0,41.84252135860093,90.0,102.95307830743904,48.15747864139907,90.0,257.04692169256094
1.3200000000000007,6.386689373476152,50.0,198.09654104932036,30.141405471584587,90.0,118.96044239848037,59.85859452841541,90.0,241.03955760151962
1.3400000000000007,8.037401924685009,-50.0,196.88655851004026,30.24353997741595,90.0,117.8400221442131,120.24353997741595,90.0,132.8400221442131
1.3400000000000007,-5.400000000000045,-50.0,180.0,42.210482449757045,90.0,102.97873423224524,132.21048244975705,90.0,102.97873423224524
1.3400000000000007,-5.400000000000045,50.0,180.0,42.210482449757045,90.0,102.97873423224524,47.789517550242955,90.0,257.02126576775476
1.3400000000000007,8.037401924685009,50.0,196.88655851004026,30.24353997741595,90.0,117.8400221442131,59.75646002258405,90.0,242.1599778557869
1.3600000000000008,9.561359846230403,-50.0,195.41026485551572,30.4938469990769,90.0,116.49264966425156,120.49384699907691,90.0,131.49264966425156
1.3600000000000008,-6.600000000000044,-50.0,180.0,42.57485501069728,90.0,103.01080786276842,132.57485501069726,90.0,103.01080786276842
1.3600000000000008,-6.600000000000044,50.0,180.0,42.57485501069728,90.0,103.01080786276842,47.42514498930272,90.0,256.9891921372316
1.3600000000000008,9.561359846230403,50.0,195.41026485551572,30.4938469990769,90.0,116.49264966425156,59.5061530009231,90.0,243.50735033574844
1.3800000000000008,10.93452941132122,-50.0,193.6909421185737,30.882649805534673,90.0,114.94881982568471,120.88264980553467,90.0,129.94881982568472
1.3800000000000008,-7.800000000000047,-50.0,180.0,42.93560428110221,90.0,103.0493016974072,132.9356042811022,90.0,103.0493016974072
1.3800000000000008,-7.800000000000047,50.0,180.0,42.93560428110221,90.0,103.0493016974072,47.06439571889779,90.0,256.9506983025928
1.3800000000000008,10.93452941132122,50.0,193.6909421185737,30.882649805534673,90.0,114.94881982568471,59.11735019446533,90.0,245.05118017431528
1.4000000000000008,12.135254915624254,-50.0,191.7557050458494,31.399121880305124,90.0,113.24120616831651,121.39912188030513,90.0,128.24120616831652
1.4000000000000008,-9.00000000000005,-50.0,180.0,43.29269538384271,90.0,103.09421874965885,133.29269538384273,90.0,103.09421874965885
1.4000000000000008,-9.00000000000005,50.0,180.0,43.29269538384271,90.0,103.09421874965885,46.70730461615729,90.0,256.90578125034114
1.4000000000000008,12.135254915624254,50.0,191.7557050458494,31.399121880305124,90.0,113.24120616831651,58.600878119694876,90.0,246.75879383168348
1.4200000000000008,13.14460020065799,-50.0,189.63507348203422,32.03184827323539,90.00000000000001,111.40348373247183,122.0318482732354,89.99999999999999,126.40348373247183
1.4200000000000008,-10.200000000000049,-50.0,180.0,43.64609333790311,90.0,103.14556255656902,133.6460933379031,90.0,103.14556255656902
1.4200000000000008,-10.200000000000049,50.0,180.0,43.64609333790311,90.0,103.14556255656902,46.35390666209689,90.0,256.854437443431
1.4200000000000008,13.14460020065799,50.0,189.63507348203422,32.03184827323539,90.00000000000001,111.40348373247183,57.96815172676461,90.00000000000001,248.59651626752816
1.4400000000000008,13.9466472883238,-50.0,187.36249105369347,32.76923116009,90.0,109.46940676811893,122.76923116009,90.0,124.46940676811893
1.4400000000000008,-11.400000000000048,-50.0,180.0,43.995763070343614,90.0,103.20333718862243,133.99576307034363,90.0,103.20333718862243
1.4400000000000008,-11.400000000000048,50.0,180.0,43.995763070343614,90.0,103.20333718862243,46.004236929656386,90.0,256.7966628113776
1.4400000000000008,13.9466472883238,50.0,187.36249105369347,32.76923116009,90.0,109.46940676811893,57.23076883991,90.0,250.53059323188108
1.4600000000000009,14.528747416929486,-50.0,184.97379774329698,33.599735712638065,90.0,107.4721423132542,123.59973571263806,90.0,122.4721423132542
1.4600000000000009,-12.600000000000051,-50.0,180.0,44.34166942727209,90.0,103.26754726109071,134.34166942727208,90.0,103.26754726109071
1.4600000000000009,-12.600000000000051,50.0,180.0,44.34166942727209,90.0,103.26754726109071,45.65833057272791,90.0,256.7324527389093
1.4600000000000009,14.528747416929486,50.0,184.97379774329698,33.599735712638065,90.0,107.4721423132542,56.400264287361935,90.0,252.5278576867458
1.4800000000000009,14.881720519717177,-50.0,182.506664671286,34.511990664934046,90.00000000000001,105.44382662390106,124.51199066493405,89.99999999999999,120.44382662390106
1.4800000000000009,-13.800000000000054,-50.0,180.0,44.68377718379428,90.0,103.33819794685552,134.6837771837943,90.0,103.33819794685552
1.4800000000000009,-13.800000000000054,50.0,180.0,44.68377718379428,90.0,103.33819794685552,45.31622281620572,90.0,256.66180205314447
1.4800000000000009,14.881720519717177,50.0,182.506664671286,34.511990664934046,90.00000000000001,105.44382662390106,55.488009335065954,90.00000000000001,254.55617337609894
1.5000000000000009,14.999999999999947,-50.0,180.0,35.49476767145895,90.0,103.41529499072698,125.49476767145896,90.0,118.41529499072698
1.5000000000000009,-15.0,-50.0,180.0000000000001,45.02205105291124,90.0,103.41529499072706,135.02205105291125,90.0,103.41529499072706
1.5000000000000009,-15.0,50.0,180.0000000000001,45.02205105291124,90.0,103.41529499072706,44.97794894708876,90.0,256.58470500927297
1.5000000000000009,14.999999999999947,50.0,180.0,35.49476767145895,90.0,103.41529499072698,54.50523232854105,90.0,256.584705009273
1.520000000000001,13.799999999999946,-50.0,180.0,35.91557665900441,90.0,103.3381979468555,125.91557665900442,90.0,118.3381979468555
1.520000000000001,-14.881720519717156,-50.0,182.5066646712862,43.83523961872914,90.0,105.44382662390123,133.83523961872913,90.0,105.44382662390123
1.520000000000001,-14.881720519717156,50.0,182.5066646712862,43.83523961872914,90.0,105.44382662390123,46.16476038127086,90.0,254.55617337609877
1.520000000000001,13.799999999999946,50.0,180.0,35.91557665900441,90.0,103.3381979468555,54.08442334099559,90.0,256.66180205314447
1.540000000000001,12.599999999999945,-50.0,180.0,36.33332354585332,90.0,103.26754726109071,126.33332354585332,90.0,118.26754726109071
1.540000000000001,-14.528747416929445,-50.0,184.9737977432972,42.581876733917,90.0,107.47214231325441,132.581876733917,90.0,107.47214231325441
1.540000000000001,-14.528747416929445,50.0,184.9737977432972,42.581876733917,90.0,107.47214231325441,47.418123266083,90.0,252.5278576867456
1.540000000000001,12.599999999999945,50.0,180.0,36.33332354585332,90.0,103.26754726109071,53.66667645414668,90.0,256.7324527389093
1.560000000000001,11.399999999999944,-50.0,180.0,36.74797787900498,90.0,103.20333718862243,126.74797787900498,90.0,118.20333718862243
1.560000000000001,-13.946647288323739,-50.0,187.36249105369367,41.28334782677378,90.0,109.46940676811913,131.28334782677376,90.0,109.46940676811913
1.560000000000001,-13.946647288323739,50.0,187.36249105369367,41.28334782677378,90.0,109.46940676811913,48.71665217322622,90.0,250.53059323188086
1.560000000000001,11.399999999999944,50.0,180.0,36.74797787900498,90.0,103.20333718862243,53.25202212099502,90.0,256.7966628113776
1.580000000000001,10.199999999999942,-50.0,180.0,37.159508772350726,90.0,103.14556255656902,127.15950877235073,90.0,118.14556255656902
1.580000000000001,-13.14460020065791,-50.0,189.63507348203441,39.96210508427639,90.0,111.40348373247201,129.9621050842764,90.0,111.40348373247201
1.580000000000001,-13.14460020065791,50.0,189.63507348203441,39.96210508427639,90.0,111.40348373247201,50.03789491572361,90.0,248.596516267528
1.580000000000001,10.199999999999942,50.0,180.0,37.159508772350726,90.0,103.14556255656902,52.840491227649274,90.0,256.854437443431
1.600000000000001,8.999999999999941,-50.0,180.0,37.56788493161922,90.0,103.09421874965885,127.56788493161922,90.0,118.09421874965885
1.600000000000001,-12.13525491562416,-50.0,191.75570504584957,38.64138768641968,90.0,113.24120616831667,128.64138768641968,90.0,113.24120616831667
1.600000000000001,-12.13525491562416,50.0,191.75570504584957,38.64138768641968,90.0,113.24120616831667,51.35861231358032,90.0,246.75879383168333
1.600000000000001,8.999999999999941,50.0,180.0,37.56788493161922,90.0,103.09421874965885,52.43211506838078,90.0,256.90578125034114
1.620000000000001,7.79999999999994,-50.0,180.0,37.97307467871057,90.0,103.0493016974072,127.97307467871056,90.0,118.0493016974072
1.620000000000001,-10.934529411321108,-50.0,193.69094211857387,37.3448838733919,90.0,114.94881982568485,127.3448838733919,90.0,114.94881982568485
1.620000000000001,-10.934529411321108,50.0,193.69094211857387,37.3448838733919,90.0,114.94881982568485,52.6551161266081,90.0,245.05118017431516
1.620000000000001,7.79999999999994,50.0,180.0,37.97307467871057,90.0,103.0493016974072,52.02692532128943,90.0,256.9506983025928
1.640000000000001,6.599999999999939,-50.0,180.0,38.375045975406934,90.0,103.01080786276842,128.37504597540692,90.0,118.01080786276842
1.640000000000001,-9.561359846230273,-50.0,195.41026485551586,36.09630608749207,90.0,116.49264966425167,126.09630608749207,90.0,116.49264966425167
1.640000000000001,-9.561359846230273,50.0,195.41026485551586,36.09630608749207,90.0,116.49264966425167,53.90369391250793,90.0,243.50735033574833
1.640000000000001,6.599999999999939,50.0,180.0,38.375045975406934,90.0,103.01080786276842,51.624954024593066,90.0,256.9891921372316
1.660000000000001,5.399999999999938,-50.0,180.0,38.77376644644614,90.0,102.97873423224524,128.77376644644613,90.0,117.97873423224524
1.660000000000001,-8.037401924684866,-50.0,196.88655851004037,34.91885817292952,90.00000000000001,117.84002214421321,124.91885817292952,89.99999999999999,117.84002214421321
1.660000000000001,-8.037401924684866,50.0,196.88655851004037,34.91885817292952,90.00000000000001,117.84002214421321,55.08114182707048,90.00000000000001,242.1599778557868
1.660000000000001,5.399999999999938,50.0,180.0,38.77376644644614,90.0,102.97873423224524,51.22623355355386,90.0,257.02126576775476
1.680000000000001,4.199999999999937,-50.0,180.0,39.16920340194271,90.0,102.95307830743904,129.1692034019427,90.0,117.95307830743904
1.680000000000001,-6.386689373476003,-50.0,198.09654104932045,33.83459098774104,90.0,118.96044239848045,123.83459098774104,90.0,118.96044239848045
1.680000000000001,-6.386689373476003,50.0,198.09654104932045,33.83459098774104,90.0,118.96044239848045,56.16540901225896,90.0,241.03955760151956
1.680000000000001,4.199999999999937,50.0,180.0,39.16920340194271,90.0,102.95307830743904,50.83079659805729,90.0,257.04692169256094
1.700000000000001,2.999999999999936,-50.0,180.0,39.561323859139215,90.0,102.93383809802842,129.5613238591392,90.0,117.93383809802842
1.700000000000001,-4.635254915624117,-50.0,199.0211303259031,32.86367004226682,90.0,119.82697291845255,122.86367004226682,90.0,119.82697291845255
1.700000000000001,-4.635254915624117,50.0,199.0211303259031,32.86367004226682,90.0,119.82697291845255,57.13632995773318,90.0,240.17302708154745
1.700000000000001,2.999999999999936,50.0,180.0,39.561323859139215,90.0,102.93383809802842,50.438676140860785,90.0,257.06616190197155
1.720000000000001,1.799999999999935,-50.0,180.0,39.950094563469854,90.0,102.92101211616483,129.95009456346986,90.0,117.92101211616483
1.720000000000001,-2.8107197187857693,-50.0,199.6457450145738,32.02361220892341,90.0,120.4176965219867,122.02361220892341,90.0,120.4176965219867
1.720000000000001,-2.8107197187857693,50.0,199.6457450145738,32.02361220892341,90.0,120.4176965219867,57.97638779107659,90.0,239.5823034780133
1.720000000000001,1.799999999999935,50.0,180.0,39.950094563469854,90.0,102.92101211616483,50.049905436530146,90.0,257.07898788383517
1.740000000000001,0.5999999999999339,-50.0,180.0,40.33548200891642,90.0,102.91459937227695,130.33548200891641,90.0,117.91459937227695
1.740000000000001,-0.9418577929395965,-50.0,199.96053456856544,31.328579304893992,90.00000000000001,120.71708781728691,121.32857930489399,89.99999999999999,120.71708781728691
1.740000000000001,-0.9418577929395965,50.0,199.96053456856544,31.328579304893992,90.00000000000001,120.71708781728691,58.67142069510601,90.00000000000001,239.2829121827131
1.740000000000001,0.5999999999999339,50.0,180.0,40.33548200891642,90.0,102.91459937227695,49.66451799108358,90.0,257.08540062772306
1.7600000000000011,-0.6000000000000671,-50.0,180.0,40.717452457635794,90.0,102.91459937227695,130.7174524576358,90.0,117.91459937227695
1.7600000000000011,0.9418577929398041,-50.0,199.96053456856544,30.788832024556186,90.00000000000001,120.71708781728691,120.78883202455619,89.99999999999999,120.71708781728691
1.7600000000000011,0.9418577929398041,50.0,199.96053456856544,30.788832024556186,90.00000000000001,120.71708781728691,59.211167975443814,90.00000000000001,239.2829121827131
1.7600000000000011,-0.6000000000000671,50.0,180.0,40.717452457635794,90.0,102.91459937227695,49.282547542364206,90.0,257.08540062772306
1.7800000000000011,-1.8000000000000682,-50.0,180.0,41.09597195883681,90.0,102.92101211616486,131.0959719588368,90.0,117.92101211616486
1.7800000000000011,2.810719718785974,-50.0,199.64574501457375,30.4104374455566,90.0,120.41769652198664,120.4104374455566,90.0,120.41769652198664
1.7800000000000011,2.810719718785974,50.0,199.64574501457375,30.4104374455566,90.0,120.41769652198664,59.589562554443404,90.0,239.58230347801336
1.7800000000000011,-1.8000000000000682,50.0,180.0,41.09597195883681,90.0,102.92101211616486,48.90402804116319,90.0,257.0789878838351
1.8000000000000012,-3.000000000000071,-50.0,180.0,41.47100636688359,90.0,102.93383809802842,131.47100636688359,90.0,117.93383809802842
1.8000000000000012,4.635254915624315,-50.0,199.02113032590302,30.195284643883934,90.0,119.82697291845248,120.19528464388394,90.0,119.82697291845248
1.8000000000000012,4.635254915624315,50.0,199.02113032590302,30.195284643883934,90.0,119.82697291845248,59.80471535611606,90.0,240.1730270815475
1.8000000000000012,-3.000000000000071,50.0,180.0,41.47100636688359,90.0,102.93383809802842,48.52899363311641,90.0,257.06616190197155
1.8200000000000012,-4.20000000000007,-50.0,180.0,41.84252135860093,90.0,102.95307830743904,131.84252135860095,90.0,117.95307830743904
1.8200000000000012,6.386689373476187,-50.0,198.09654104932034,30.141405471584587,90.0,118.96044239848034,120.14140547158459,90.0,118.96044239848034
1.8200000000000012,6.386689373476187,50.0,198.09654104932034,30.141405471584587,90.0,118.96044239848034,59.85859452841541,90.0,241.03955760151968
1.8200000000000012,-4.20000000000007,50.0,180.0,41.84252135860093,90.0,102.95307830743904,48.15747864139907,90.0,257.04692169256094
1.8400000000000012,-5.40000000000007,-50.0,180.0,42.21048244975706,90.0,102.97873423224524,132.21048244975705,90.0,117.97873423224524
1.8400000000000012,8.037401924685042,-50.0,196.88655851004023,30.24353997741595,90.0,117.84002214421308,120.24353997741595,90.0,117.84002214421308
1.8400000000000012,8.037401924685042,50.0,196.88655851004023,30.24353997741595,90.0,117.84002214421308,59.75646002258405,90.0,242.1599778557869
1.8400000000000012,-5.40000000000007,50.0,180.0,42.21048244975706,90.0,102.97873423224524,47.78951755024294,90.0,257.02126576775476
1.8600000000000012,-6.6000000000000725,-50.0,180.0,42.574855010697284,90.0,103.01080786276842,132.5748550106973,90.0,118.01080786276842
1.8600000000000012,9.561359846230433,-50.0,195.4102648555157,30.4938469990769,90.0,116.49264966425156,120.49384699907691,90.0,116.49264966425156
1.8600000000000012,9.561359846230433,50.0,195.4102648555157,30.4938469990769,90.0,116.49264966425156,59.5061530009231,90.0,243.50735033574844
1.8600000000000012,-6.6000000000000725,50.0,180.0,42.574855010697284,90.0,103.01080786276842,47.425144989302716,90.0,256.9891921372316
1.8800000000000012,-7.800000000000075,-50.0,180.0,42.93560428110222,90.0,103.0493016974072,132.93560428110223,90.0,118.0493016974072
1.8800000000000012,10.934529411321252,-50.0,193.69094211857367,30.882649805534673,90.00000000000001,114.94881982568468,120.88264980553467,89.99999999999999,114.94881982568468
1.8800000000000012,10.934529411321252,50.0,193.69094211857367,30.882649805534673,90.00000000000001,114.94881982568468,59.11735019446533,90.00000000000001,245.05118017431533
1.8800000000000012,-7.800000000000075,50.0,180.0,42.93560428110222,90.0,103.0493016974072,47.06439571889778,90.0,256.9506983025928
1.9000000000000012,-9.000000000000075,-50.0,180.0,43.29269538384272,90.0,103.09421874965885,133.29269538384273,90.0,118.09421874965885
1.9000000000000012,12.135254915624282,-50.0,191.75570504584934,31.39912188030515,90.0,113.24120616831645,121.39912188030515,90.0,113.24120616831645
1.9000000000000012,12.135254915624282,50.0,191.75570504584934,31.39912188030515,90.0,113.24120616831645,58.600878119694855,90.0,246.75879383168353
1.9000000000000012,-9.000000000000075,50.0,180.0,43.29269538384272,90.0,103.09421874965885,46.70730461615728,90.0,256.90578125034114
1.9200000000000013,-10.200000000000074,-50.0,180.0,43.64609333790312,90.0,103.14556255656902,133.64609333790312,90.0,118.14556255656902
1.9200000000000013,13.144600200658008,-50.0,189.63507348203416,32.0318482732354,90.0,111.4034837324718,122.0318482732354,90.0,111.4034837324718
1.9200000000000013,13.144600200658008,50.0,189.63507348203416,32.0318482732354,90.0,111.4034837324718,57.9681517267646,90.0,248.59651626752822
1.9200000000000013,-10.200000000000074,50.0,180.0,43.64609333790312,90.0,103.14556255656902,46.35390666209688,90.0,256.854437443431
1.9400000000000013,-11.400000000000077,-50.0,180.0,43.99576307034362,90.0,103.20333718862243,133.99576307034363,90.0,118.20333718862243
1.9400000000000013,13.946647288323813,-50.0,187.36249105369342,32.76923116009002,90.0,109.46940676811889,122.76923116009002,90.0,109.46940676811889
1.9400000000000013,13.946647288323813,50.0,187.36249105369342,32.76923116009002,90.0,109.46940676811889,57.23076883990998,90.0,250.5305932318811
1.9400000000000013,-11.400000000000077,50.0,180.0,43.99576307034362,90.0,103.20333718862243,46.00423692965638,90.0,256.7966628113776
1.9600000000000013,-12.60000000000008,-50.0,180.0,44.3416694272721,90.0,103.26754726109071,134.3416694272721,90.0,118.26754726109071
1.9600000000000013,14.528747416929496,-50.0,184.97379774329693,33.599735712638086,90.00000000000001,107.47214231325414,123.59973571263808,89.99999999999999,107.47214231325414
1.9600000000000013,14.528747416929496,50.0,184.97379774329693,33.599735712638086,90.00000000000001,107.47214231325414,56.400264287361914,90.00000000000001,252.52785768674585
1.9600000000000013,-12.60000000000008,50.0,180.0,44.3416694272721,90.0,103.26754726109071,45.6583305727279,90.0,256.7324527389093
1.9800000000000013,-13.800000000000079,-50.0,180.0,44.683777183794284,90.0,103.33819794685552,134.6837771837943,90.0,118.33819794685552
1.9800000000000013,14.881720519717183,-50.0,182.50666467128593,34.51199066493407,90.0,105.44382662390102,124.51199066493407,90.0,105.44382662390102
1.9800000000000013,14.881720519717183,50.0,182.50666467128593,34.51199066493407,90.0,105.44382662390102,55.48800933506593,90.0,254.55617337609897
1.9800000000000013,-13.800000000000079,50.0,180.0,44.683777183794284,90.0,103.33819794685552,45.316222816205716,90.0,256.66180205314447
2.0000000000000013,-15.0,-50.0,180.00000000000017,45.02205105291121,90.0,103.41529499072712,135.0220510529112,90.0,118.41529499072712
2.0000000000000013,14.99999999999992,-50.0,180.0,35.49476767145896,90.0,103.41529499072698,125.49476767145896,90.0,103.41529499072698
2.0000000000000013,14.99999999999992,50.0,180.0,35.49476767145896,90.0,103.41529499072698,54.50523232854104,90.0,256.584705009273
2.0000000000000013,-15.0,50.0,180.00000000000017,45.02205105291121,90.0,103.41529499072712,44.97794894708879,90.0,256.58470500927285
2.0200000000000014,-14.88172051971715,-50.0,182.50666467128625,43.83523961872911,90.0,105.44382662390126,133.8352396187291,90.0,120.44382662390126
2.0200000000000014,13.799999999999919,-50.0,180.0,35.915576659004415,90.0,103.3381979468555,125.91557665900442,90.0,103.3381979468555
2.0200000000000014,13.799999999999919,50.0,180.0,35.915576659004415,90.0,103.3381979468555,54.084423340995585,90.0,256.66180205314447
2.0200000000000014,-14.88172051971715,50.0,182.50666467128625,43.83523961872911,90.0,105.44382662390126,46.16476038127089,90.0,254.55617337609874
2.0400000000000014,-14.528747416929434,-50.0,184.97379774329727,42.581876733916964,90.0,107.47214231325445,132.58187673391697,90.0,122.47214231325445
2.0400000000000014,12.599999999999918,-50.0,180.0,36.333323545853325,90.0,103.26754726109071,126.33332354585332,90.0,103.26754726109071
2.0400000000000014,12.599999999999918,50.0,180.0,36.333323545853325,90.0,103.26754726109071,53.666676454146675,90.0,256.7324527389093
2.0400000000000014,-14.528747416929434,50.0,184.97379774329727,42.581876733916964,90.0,107.47214231325445,47.418123266083036,90.0,252.52785768674556
2.0600000000000014,-13.946647288323724,-50.0,187.36249105369373,41.28334782677375,90.0,109.46940676811917,131.28334782677376,90.0,124.46940676811917
2.0600000000000014,11.399999999999917,-50.0,180.0,36.747977879004985,90.0,103.20333718862243,126.74797787900499,90.0,103.20333718862243
2.0600000000000014,11.399999999999917,50.0,180.0,36.747977879004985,90.0,103.20333718862243,53.252022120995015,90.0,256.7966628113776
2.0600000000000014,-13.946647288323724,50.0,187.36249105369373,41.28334782677375,90.0,109.46940676811917,48.71665217322625,90.0,250.53059323188083
2.0800000000000014,-13.14460020065789,-50.0,189.63507348203447,39.962105084276345,90.0,111.40348373247208,129.96210508427635,90.0,126.40348373247208
2.0800000000000014,10.199999999999916,-50.0,180.0,37.15950877235073,90.0,103.14556255656902,127.15950877235073,90.0,103.14556255656902
2.0800000000000014,10.199999999999916,50.0,180.0,37.15950877235073,90.0,103.14556255656902,52.84049122764927,90.0,256.854437443431
2.0800000000000014,-13.14460020065789,50.0,189.63507348203447,39.962105084276345,90.0,111.40348373247208,50.037894915723655,90.0,248.59651626752793
2.1000000000000014,-12.135254915624133,-50.0,191.7557050458496,38.64138768641964,90.0,113.2412061683167,128.64138768641965,90.0,128.2412061683167
2.1000000000000014,8.999999999999915,-50.0,180.0,37.56788493161923,90.0,103.09421874965885,127.56788493161923,90.0,103.09421874965885
2.1000000000000014,8.999999999999915,50.0,180.0,37.56788493161923,90.0,103.09421874965885,52.43211506838077,90.0,256.90578125034114
2.1000000000000014,-12.135254915624133,50.0,191.7557050458496,38.64138768641964,90.0,113.2412061683167,51.35861231358036,90.0,246.7587938316833
2.1200000000000014,-10.93452941132108,-50.0,193.6909421185739,37.34488387339187,90.0,114.94881982568488,127.34488387339186,90.0,129.9488198256849
2.1200000000000014,7.799999999999914,-50.0,180.0,37.973074678710574,90.0,103.0493016974072,127.97307467871057,90.0,103.0493016974072
2.1200000000000014,7.799999999999914,50.0,180.0,37.973074678710574,90.0,103.0493016974072,52.026925321289426,90.0,256.9506983025928
2.1200000000000014,-10.93452941132108,50.0,193.6909421185739,37.34488387339187,90.0,114.94881982568488,52.65511612660813,90.0,245.0511801743151
2.1400000000000015,-9.561359846230241,-50.0,195.4102648555159,36.096306087492025,90.0,116.49264966425172,126.09630608749202,90.0,131.4926496642517
2.1400000000000015,6.599999999999913,-50.0,180.0,38.37504597540694,90.0,103.01080786276842,128.37504597540695,90.0,103.01080786276842
2.1400000000000015,6.599999999999913,50.0,180.0,38.37504597540694,90.0,103.01080786276842,51.62495402459306,90.0,256.9891921372316
2.1400000000000015,-9.561359846230241,50.0,195.4102648555159,36.096306087492025,90.0,116.49264966425172,53.903693912507975,90.0,243.5073503357483
2.1600000000000015,-8.037401924684833,-50.0,196.8865585100404,34.91885817292948,90.00000000000001,117.84002214421322,124.91885817292948,89.99999999999999,132.8400221442132
2.1600000000000015,5.3999999999999115,-50.0,180.0,38.773766446446146,90.0,102.97873423224524,128.77376644644613,90.0,102.97873423224524
2.1600000000000015,5.3999999999999115,50.0,180.0,38.773766446446146,90.0,102.97873423224524,51.226233553553854,90.0,257.02126576775476
2.1600000000000015,-8.037401924684833,50.0,196.8865585100404,34.91885817292948,90.00000000000001,117.84002214421322,55.08114182707052,90.00000000000001,242.1599778557868
2.1800000000000015,-6.3866893734759635,-50.0,198.09654104932048,33.834590987741,90.0,118.96044239848047,123.834590987741,90.0,133.96044239848047
2.1800000000000015,4.1999999999999105,-50.0,180.0,39.169203401942724,90.0,102.95307830743904,129.16920340194272,90.0,102.95307830743904
2.1800000000000015,4.1999999999999105,50.0,180.0,39.169203401942724,90.0,102.95307830743904,50.830796598057276,90.0,257.04692169256094
2.1800000000000015,-6.3866893734759635,50.0,198.09654104932048,33.834590987741,90.0,118.96044239848047,56.165409012259,90.0,241.03955760151953
2.2000000000000015,-4.635254915624076,-50.0,199.02113032590313,32.863670042266776,90.00000000000001,119.82697291845261,122.86367004226678,89.99999999999999,134.8269729184526
2.2000000000000015,2.9999999999999094,-50.0,180.0,39.56132385913922,90.0,102.93383809802842,129.56132385913924,90.0,102.93383809802842
2.2000000000000015,2.9999999999999094,50.0,180.0,39.56132385913922,90.0,102.93383809802842,50.43867614086078,90.0,257.06616190197155
2.2000000000000015,-4.635254915624076,50.0,199.02113032590313,32.863670042266776,90.00000000000001,119.82697291845261,57.136329957733224,90.00000000000001,240.1730270815474
2.2200000000000015,-2.8107197187857302,-50.0,199.6457450145738,32.0236122089234,90.0,120.4176965219867,122.0236122089234,90.0,135.4176965219867
2.2200000000000015,1.7999999999999083,-50.0,180.0,39.95009456346986,90.0,102.92101211616483,129.95009456346986,90.0,102.92101211616483
2.2200000000000015,1.7999999999999083,50.0,180.0,39.95009456346986,90.0,102.92101211616483,50.04990543653014,90.0,257.07898788383517
2.2200000000000015,-2.8107197187857302,50.0,199.6457450145738,32.0236122089234,90.0,120.4176965219867,57.9763877910766,90.0,239.5823034780133
2.2400000000000015,-0.9418577929395565,-50.0,199.96053456856544,31.328579304893978,90.00000000000001,120.71708781728691,121.32857930489398,89.99999999999999,135.7170878172869
2.2400000000000015,0.5999999999999073,-50.0,180.0,40.33548200891643,90.0,102.91459937227695,130.33548200891641,90.0,102.91459937227695
2.2400000000000015,0.5999999999999073,50.0,180.0,40.33548200891643,90.0,102.91459937227695,49.66451799108357,90.0,257.08540062772306
2.2400000000000015,-0.9418577929395565,50.0,199.96053456856544,31.328579304893978,90.00000000000001,120.71708781728691,58.67142069510602,90.00000000000001,239.2829121827131
2.2600000000000016,0.9418577929398474,-50.0,199.9605345685654,30.78883202455617,90.0,120.71708781728691,120.78883202455617,90.0,135.7170878172869
2.2600000000000016,-0.6000000000000938,-50.0,180.0,40.71745245763581,90.0,102.91459937227695,130.7174524576358,90.0,102.91459937227695
2.2600000000000016,-0.6000000000000938,50.0,180.0,40.71745245763581,90.0,102.91459937227695,49.28254754236419,90.0,257.08540062772306
2.2600000000000016,0.9418577929398474,50.0,199.9605345685654,30.78883202455617,90.0,120.71708781728691,59.21116797544383,90.0,239.2829121827131
2.2800000000000016,2.8107197187860162,-50.0,199.64574501457375,30.410437445556585,90.0,120.41769652198664,120.41043744555658,90.0,135.41769652198664
2.2800000000000016,-1.8000000000000966,-50.0,180.0,41.09597195883682,90.0,102.92101211616486,131.09597195883683,90.0,102.92101211616486
2.2800000000000016,-1.8000000000000966,50.0,180.0,41.09597195883682,90.0,102.92101211616486,48.90402804116318,90.0,257.0789878838351
2.2800000000000016,2.8107197187860162,50.0,199.64574501457375,30.410437445556585,90.0,120.41769652198664,59.58956255444342,90.0,239.58230347801336
2.3000000000000016,4.635254915624352,-50.0,199.02113032590302,30.19528464388392,90.0,119.82697291845248,120.19528464388392,90.0,134.8269729184525
2.3000000000000016,-3.000000000000096,-50.0,180.0,41.4710063668836,90.0,102.93383809802842,131.4710063668836,90.0,102.93383809802842
2.3000000000000016,-3.000000000000096,50.0,180.0,41.4710063668836,90.0,102.93383809802842,48.5289936331164,90.0,257.06616190197155
2.3000000000000016,4.635254915624352,50.0,199.02113032590302,30.19528464388392,90.0,119.82697291845248,59.80471535611608,90.0,240.1730270815475
2.3200000000000016,6.386689373476224,-50.0,198.0965410493203,30.141405471584587,90.0,118.96044239848032,120.14140547158459,90.0,133.96044239848032
2.3200000000000016,-4.200000000000095,-50.0,180.0,41.84252135860095,90.0,102.95307830743904,131.84252135860095,90.0,102.95307830743904
2.3200000000000016,-4.200000000000095,50.0,180.0,41.84252135860095,90.0,102.95307830743904,48.15747864139905,90.0,257.04692169256094
2.3200000000000016,6.386689373476224,50.0,198.0965410493203,30.141405471584587,90.0,118.96044239848032,59.85859452841541,90.0,241.03955760151968
2.3400000000000016,8.037401924685076,-50.0,196.8865585100402,30.243539977415935,90.00000000000001,117.84002214421308,120.24353997741594,89.99999999999999,132.8400221442131
2.3400000000000016,-5.400000000000098,-50.0,180.0,42.210482449757066,90.0,102.97873423224524,132.21048244975708,90.0,102.97873423224524
2.3400000000000016,-5.400000000000098,50.0,180.0,42.210482449757066,90.0,102.97873423224524,47.789517550242934,90.0,257.02126576775476
2.3400000000000016,8.037401924685076,50.0,196.8865585100402,30.243539977415935,90.00000000000001,117.84002214421308,59.756460022584065,90.00000000000001,242.1599778557869
2.3600000000000017,9.561359846230465,-50.0,195.41026485551566,30.493846999076926,90.0,116.49264966425149,120.49384699907692,90.0,131.49264966425147
2.3600000000000017,-6.600000000000101,-50.0,180.0,42.5748550106973,90.0,103.01080786276842,132.5748550106973,90.0,103.01080786276842
2.3600000000000017,-6.600000000000101,50.0,180.0,42.5748550106973,90.0,103.01080786276842,47.4251449893027,90.0,256.9891921372316
2.3600000000000017,9.561359846230465,50.0,195.41026485551566,30.493846999076926,90.0,116.49264966425149,59.50615300092308,90.0,243.50735033574853
2.3800000000000017,10.93452941132128,-50.0,193.69094211857362,30.882649805534697,90.0,114.94881982568461,120.8826498055347,90.0,129.9488198256846
2.3800000000000017,-7.8000000000001,-50.0,180.0,42.93560428110223,90.0,103.0493016974072,132.93560428110223,90.0,103.0493016974072
2.3800000000000017,-7.8000000000001,50.0,180.0,42.93560428110223,90.0,103.0493016974072,47.06439571889777,90.0,256.9506983025928
2.3800000000000017,10.93452941132128,50.0,193.69094211857362,30.882649805534697,90.0,114.94881982568461,59.1173501944653,90.0,245.0511801743154
2.4000000000000017,12.135254915624305,-50.0,191.75570504584928,31.399121880305163,90.0,113.24120616831641,121.39912188030516,90.0,128.2412061683164
2.4000000000000017,-9.0000000000001,-50.0,180.0,43.29269538384273,90.0,103.09421874965885,133.29269538384273,90.0,103.09421874965885
2.4000000000000017,-9.0000000000001,50.0,180.0,43.29269538384273,90.0,103.09421874965885,46.70730461615727,90.0,256.90578125034114
2.4000000000000017,12.135254915624305,50.0,191.75570504584928,31.399121880305163,90.0,113.24120616831641,58.60087811969484,90.0,246.7587938316836
2.4200000000000017,13.144600200658033,-50.0,189.63507348203413,32.03184827323541,90.0,111.40348373247174,122.03184827323541,90.0,126.40348373247174
2.4200000000000017,-10.200000000000102,-50.0,180.0,43.646093337903125,90.0,103.14556255656902,133.64609333790312,90.0,103.14556255656902
2.4200000000000017,-10.200000000000102,50.0,180.0,43.646093337903125,90.0,103.14556255656902,46.353906662096875,90.0,256.854437443431
2.4200000000000017,13.144600200658033,50.0,189.63507348203413,32.03184827323541,90.0,111.40348373247174,57.96815172676459,90.0,248.59651626752827
2.4400000000000017,13.946647288323831,-50.0,187.36249105369336,32.769231160090044,90.0,109.46940676811886,122.76923116009004,90.0,124.46940676811886
2.4400000000000017,-11.400000000000105,-50.0,180.0,43.995763070343635,90.0,103.20333718862243,133.99576307034363,90.0,103.20333718862243
2.4400000000000017,-11.400000000000105,50.0,180.0,43.995763070343635,90.0,103.20333718862243,46.004236929656365,90.0,256.7966628113776
2.4400000000000017,13.946647288323831,50.0,187.36249105369336,32.769231160090044,90.0,109.46940676811886,57.230768839909956,90.0,250.53059323188114
2.4600000000000017,14.528747416929505,-50.0,184.9737977432969,33.59973571263808,90.0,107.47214231325414,123.59973571263808,90.0,122.47214231325414
2.4600000000000017,-12.600000000000104,-50.0,180.0,44.34166942727211,90.0,103.26754726109071,134.3416694272721,90.0,103.26754726109071
2.4600000000000017,-12.600000000000104,50.0,180.0,44.34166942727211,90.0,103.26754726109071,45.65833057272789,90.0,256.7324527389093
2.4600000000000017,14.528747416929505,50.0,184.9737977432969,33.59973571263808,90.0,107.47214231325414,56.40026428736192,90.0,252.52785768674585
2.4800000000000018,14.881720519717188,-50.0,182.50666467128588,34.51199066493409,90.0,105.44382662390097,124.51199066493409,90.0,120.44382662390097
2.4800000000000018,-13.800000000000104,-50.0,180.0,44.68377718379429,90.0,103.33819794685552,134.6837771837943,90.0,103.33819794685552
2.4800000000000018,-13.800000000000104,50.0,180.0,44.68377718379429,90.0,103.33819794685552,45.31622281620571,90.0,256.66180205314447
2.4800000000000018,14.881720519717188,50.0,182.50666467128588,34.51199066493409,90.0,105.44382662390097,55.48800933506591,90.0,254.55617337609903
2.5000000000000018,14.999999999999893,-50.0,180.0,35.494767671458966,90.0,103.41529499072698,125.49476767145896,90.0,118.41529499072698
2.5000000000000018,-15.0,-50.0,180.00000000000023,45.02205105291118,90.00000000000001,103.41529499072718,135.0220510529112,89.99999999999999,103.41529499072718
2.5000000000000018,-15.0,50.0,180.00000000000023,45.02205105291118,90.00000000000001,103.41529499072718,44.97794894708882,90.00000000000001,256.58470500927285
2.5000000000000018,14.999999999999893,50.0,180.0,35.494767671458966,90.0,103.41529499072698,54.505232328541034,90.0,256.584705009273
2.520000000000002,13.799999999999892,-50.0,180.0,35.91557665900442,90.0,103.3381979468555,125.91557665900442,90.0,118.3381979468555
2.520000000000002,-14.881720519717147,-50.0,182.5066646712863,43.83523961872909,90.00000000000001,105.44382662390132,133.83523961872908,89.99999999999999,105.44382662390132
2.520000000000002,-14.881720519717147,50.0,182.5066646712863,43.83523961872909,90.00000000000001,105.44382662390132,46.16476038127091,90.00000000000001,254.55617337609868
2.520000000000002,13.799999999999892,50.0,180.0,35.91557665900442,90.0,103.3381979468555,54.08442334099558,90.0,256.66180205314447
2.540000000000002,12.599999999999891,-50.0,180.0,36.33332354585333,90.0,103.26754726109071,126.33332354585333,90.0,118.26754726109071
2.540000000000002,-14.528747416929425,-50.0,184.97379774329733,42.581876733916936,90.0,107.4721423132545,132.58187673391694,90.0,107.4721423132545
2.540000000000002,-14.528747416929425,50.0,184.97379774329733,42.581876733916936,90.0,107.4721423132545,47.418123266083064,90.0,252.5278576867455
2.540000000000002,12.599999999999891,50.0,180.0,36.33332354585333,90.0,103.26754726109071,53.66667645414667,90.0,256.7324527389093
2.560000000000002,11.39999999999989,-50.0,180.0,36.74797787900499,90.0,103.20333718862243,126.74797787900499,90.0,118.20333718862243
2.560000000000002,-13.946647288323708,-50.0,187.36249105369376,41.28334782677374,90.0,109.46940676811917,131.28334782677373,90.0,109.46940676811917
2.560000000000002,-13.946647288323708,50.0,187.36249105369376,41.28334782677374,90.0,109.46940676811917,48.71665217322626,90.0,250.53059323188083
2.560000000000002,11.39999999999989,50.0,180.0,36.74797787900499,90.0,103.20333718862243,53.25202212099501,90.0,256.7966628113776
2.580000000000002,10.19999999999989,-50.0,180.0,37.15950877235074,90.0,103.14556255656902,127.15950877235073,90.0,118.14556255656902
2.580000000000002,-13.144600200657871,-50.0,189.6350734820345,39.96210508427634,90.0,111.40348373247208,129.96210508427635,90.0,111.40348373247208
2.580000000000002,-13.144600200657871,50.0,189.6350734820345,39.96210508427634,90.0,111.40348373247208,50.03789491572366,90.0,248.59651626752793
2.580000000000002,10.19999999999989,50.0,180.0,37.15950877235074,90.0,103.14556255656902,52.84049122764926,90.0,256.854437443431
2.600000000000002,8.999999999999888,-50.0,180.0,37.56788493161924,90.0,103.09421874965885,127.56788493161923,90.0,118.09421874965885
2.600000000000002,-12.135254915624108,-50.0,191.75570504584965,38.641387686419606,90.0,113.24120616831675,128.6413876864196,90.0,113.24120616831675
2.600000000000002,-12.135254915624108,50.0,191.75570504584965,38.641387686419606,90.0,113.24120616831675,51.358612313580394,90.0,246.75879383168325
2.600000000000002,8.999999999999888,50.0,180.0,37.56788493161924,90.0,103.09421874965885,52.43211506838076,90.0,256.90578125034114
2.620000000000002,7.799999999999887,-50.0,180.0,37.973074678710596,90.0,103.04930169740717,127.97307467871059,90.0,118.04930169740717
2.620000000000002,-10.934529411321051,-50.0,193.69094211857396,37.344883873391844,90.0,114.94881982568494,127.34488387339184,90.0,114.94881982568494
2.620000000000002,-10.934529411321051,50.0,193.69094211857396,37.344883873391844,90.0,114.94881982568494,52.655116126608156,90.0,245.05118017431505
2.620000000000002,7.799999999999887,50.0,180.0,37.973074678710596,90.0,103.04930169740717,52.026925321289404,90.0,256.95069830259285
2.640000000000002,6.599999999999886,-50.0,180.0,38.37504597540695,90.0,103.01080786276842,128.37504597540695,90.0,118.01080786276842
2.640000000000002,-9.561359846230207,-50.0,195.41026485551595,36.09630608749199,90.00000000000001,116.4926496642518,126.096306087492,89.99999999999999,116.4926496642518
2.640000000000002,-9.561359846230207,50.0,195.41026485551595,36.09630608749199,90.00000000000001,116.4926496642518,53.90369391250801,90.00000000000001,243.50735033574819
2.640000000000002,6.599999999999886,50.0,180.0,38.37504597540695,90.0,103.01080786276842,51.62495402459305,90.0,256.9891921372316
2.660000000000002,5.399999999999885,-50.0,180.0,38.77376644644616,90.0,102.97873423224524,128.77376644644616,90.0,117.97873423224524
2.660000000000002,-8.037401924684797,-50.0,196.88655851004043,34.91885817292946,90.0,117.84002214421325,124.91885817292946,90.0,117.84002214421325
2.660000000000002,-8.037401924684797,50.0,196.88655851004043,34.91885817292946,90.0,117.84002214421325,55.08114182707054,90.0,242.15997785578674
2.660000000000002,5.399999999999885,50.0,180.0,38.77376644644616,90.0,102.97873423224524,51.22623355355384,90.0,257.02126576775476
2.680000000000002,4.199999999999884,-50.0,180.0,39.16920340194273,90.0,102.95307830743904,129.16920340194272,90.0,117.95307830743904
2.680000000000002,-6.3866893734759245,-50.0,198.09654104932048,33.83459098774102,90.0,118.96044239848045,123.83459098774102,90.0,118.96044239848045
2.680000000000002,-6.3866893734759245,50.0,198.09654104932048,33.83459098774102,90.0,118.96044239848045,56.16540901225898,90.0,241.03955760151956
2.680000000000002,4.199999999999884,50.0,180.0,39.16920340194273,90.0,102.95307830743904,50.83079659805727,90.0,257.04692169256094
2.700000000000002,2.9999999999998828,-50.0,180.0,39.56132385913923,90.0,102.93383809802842,129.56132385913924,90.0,117.93383809802842
2.700000000000002,-4.635254915624038,-50.0,199.02113032590316,32.863670042266754,90.00000000000001,119.82697291845263,122.86367004226676,89.99999999999999,119.82697291845263
2.700000000000002,-4.635254915624038,50.0,199.02113032590316,32.863670042266754,90.00000000000001,119.82697291845263,57.136329957733246,90.00000000000001,240.1730270815474
2.700000000000002,2.9999999999998828,50.0,180.0,39.56132385913923,90.0,102.93383809802842,50.43867614086077,90.0,257.06616190197155
2.720000000000002,1.7999999999998817,-50.0,180.0,39.95009456346987,90.0,102.92101211616483,129.95009456346986,90.0,117.92101211616483
2.720000000000002,-2.8107197187856876,-50.0,199.64574501457383,32.02361220892339,90.0,120.4176965219867,122.0236122089234,90.0,120.4176965219867
2.720000000000002,-2.8107197187856876,50.0,199.64574501457383,32.02361220892339,90.0,120.4176965219867,57.97638779107661,90.0,239.5823034780133
2.720000000000002,1.7999999999998817,50.0,180.0,39.95009456346987,90.0,102.92101211616483,50.04990543653013,90.0,257.07898788383517
2.740000000000002,0.5999999999998806,-50.0,180.0,40.335482008916436,90.0,102.91459937227695,130.33548200891644,90.0,117.91459937227695
2.740000000000002,-0.9418577929395134,-50.0,199.96053456856544,31.328579304893967,90.00000000000001,120.71708781728691,121.32857930489396,89.99999999999999,120.71708781728691
2.740000000000002,-0.9418577929395134,50.0,199.96053456856544,31.328579304893967,90.00000000000001,120.71708781728691,58.671420695106036,90.00000000000001,239.2829121827131
2.740000000000002,0.5999999999998806,50.0,180.0,40.335482008916436,90.0,102.91459937227695,49.664517991083564,90.0,257.08540062772306
2.760000000000002,-0.6000000000001204,-50.0,180.0,40.717452457635815,90.0,102.91459937227695,130.71745245763583,90.0,117.91459937227695
2.760000000000002,0.9418577929398871,-50.0,199.9605345685654,30.788832024556157,90.0,120.71708781728691,120.78883202455616,90.0,120.71708781728691
2.760000000000002,0.9418577929398871,50.0,199.9605345685654,30.788832024556157,90.0,120.71708781728691,59.21116797544384,90.0,239.2829121827131
2.760000000000002,-0.6000000000001204,50.0,180.0,40.717452457635815,90.0,102.91459937227695,49.282547542364185,90.0,257.08540062772306
2.780000000000002,-1.8000000000001215,-50.0,180.0,41.095971958836834,90.0,102.92101211616486,131.09597195883683,90.0,117.92101211616486
2.780000000000002,2.8107197187860553,-50.0,199.64574501457372,30.410437445556603,90.00000000000001,120.4176965219866,120.4104374455566,89.99999999999999,120.4176965219866
2.780000000000002,2.8107197187860553,50.0,199.64574501457372,30.410437445556603,90.00000000000001,120.4176965219866,59.5895625544434,90.00000000000001,239.5823034780134
2.780000000000002,-1.8000000000001215,50.0,180.0,41.095971958836834,90.0,102.92101211616486,48.904028041163166,90.0,257.0789878838351
2.800000000000002,-3.000000000000121,-50.0,180.0,41.47100636688361,90.0,102.93383809802842,131.4710063668836,90.0,117.93383809802842
2.800000000000002,4.635254915624394,-50.0,199.021130325903,30.195284643883916,90.0,119.82697291845246,120.19528464388392,90.0,119.82697291845246
2.800000000000002,4.635254915624394,50.0,199.021130325903,30.195284643883916,90.0,119.82697291845246,59.804715356116084,90.0,240.17302708154756
2.800000000000002,-3.000000000000121,50.0,180.0,41.47100636688361,90.0,102.93383809802842,48.52899363311639,90.0,257.06616190197155
2.820000000000002,-4.200000000000124,-50.0,180.0,41.842521358600955,90.0,102.95307830743904,131.84252135860095,90.0,117.95307830743904
2.820000000000002,6.3866893734762655,-50.0,198.09654104932028,30.141405471584598,90.0,118.96044239848027,120.14140547158459,90.0,118.96044239848027
2.820000000000002,6.3866893734762655,50.0,198.09654104932028,30.141405471584598,90.0,118.96044239848027,59.8585945284154,90.0,241.03955760151973
2.820000000000002,-4.200000000000124,50.0,180.0,41.842521358600955,90.0,102.95307830743904,48.157478641399045,90.0,257.04692169256094
2.840000000000002,-5.4000000000001265,-50.0,180.0,42.21048244975707,90.0,102.97873423224524,132.21048244975708,90.0,117.97873423224524
2.840000000000002,8.037401924685117,-50.0,196.88655851004017,30.243539977415942,90.0,117.84002214421305,120.24353997741594,90.0,117.84002214421305
2.840000000000002,8.037401924685117,50.0,196.88655851004017,30.243539977415942,90.0,117.84002214421305,59.75646002258406,90.0,242.15997785578696
2.840000000000002,-5.4000000000001265,50.0,180.0,42.21048244975707,90.0,102.97873423224524,47.78951755024293,90.0,257.02126576775476
2.860000000000002,-6.600000000000126,-50.0,180.0,42.574855010697306,90.0,103.01080786276842,132.57485501069732,90.0,118.01080786276842
2.860000000000002,9.561359846230495,-50.0,195.4102648555156,30.493846999076933,90.0,116.49264966425146,120.49384699907694,90.0,116.49264966425146
2.860000000000002,9.561359846230495,50.0,195.4102648555156,30.493846999076933,90.0,116.49264966425146,59.506153000923064,90.0,243.50735033574853
2.860000000000002,-6.600000000000126,50.0,180.0,42.574855010697306,90.0,103.01080786276842,47.425144989302694,90.0,256.9891921372316
2.880000000000002,-7.800000000000125,-50.0,180.0,42.935604281102236,90.0,103.0493016974072,132.93560428110223,90.0,118.0493016974072
2.880000000000002,10.934529411321307,-50.0,193.6909421185736,30.882649805534687,90.0,114.94881982568461,120.88264980553468,90.0,114.94881982568461
2.880000000000002,10.934529411321307,50.0,193.6909421185736,30.882649805534687,90.0,114.94881982568461,59.11735019446532,90.0,245.0511801743154
2.880000000000002,-7.800000000000125,50.0,180.0,42.935604281102236,90.0,103.0493016974072,47.064395718897764,90.0,256.9506983025928
2.900000000000002,-9.000000000000128,-50.0,180.0,43.29269538384273,90.0,103.09421874965888,133.29269538384273,90.0,118.09421874965888
2.900000000000002,12.135254915624328,-50.0,191.75570504584925,31.39912188030517,90.0,113.2412061683164,121.39912188030517,90.0,113.2412061683164
2.900000000000002,12.135254915624328,50.0,191.75570504584925,31.39912188030517,90.0,113.2412061683164,58.600878119694826,90.0,246.7587938316836
2.900000000000002,-9.000000000000128,50.0,180.0,43.29269538384273,90.0,103.09421874965888,46.70730461615727,90.0,256.90578125034114
2.920000000000002,-10.20000000000013,-50.0,180.0,43.64609333790314,90.0,103.14556255656902,133.64609333790315,90.0,118.14556255656902
2.920000000000002,13.14460020065805,-50.0,189.63507348203407,32.03184827323544,90.0,111.40348373247168,122.03184827323544,90.0,111.40348373247168
2.920000000000002,13.14460020065805,50.0,189.63507348203407,32.03184827323544,90.0,111.40348373247168,57.96815172676456,90.0,248.59651626752833
2.920000000000002,-10.20000000000013,50.0,180.0,43.64609333790314,90.0,103.14556255656902,46.35390666209686,90.0,256.854437443431
2.940000000000002,-11.40000000000013,-50.0,180.0,43.99576307034364,90.0,103.20333718862243,133.99576307034363,90.0,118.20333718862243
2.940000000000002,13.946647288323847,-50.0,187.3624910536933,32.769231160090065,90.0,109.4694067681188,122.76923116009007,90.0,109.4694067681188
2.940000000000002,13.946647288323847,50.0,187.3624910536933,32.769231160090065,90.0,109.4694067681188,57.230768839909935,90.0,250.5305932318812
2.940000000000002,-11.40000000000013,50.0,180.0,43.99576307034364,90.0,103.20333718862243,46.00423692965636,90.0,256.7966628113776
2.960000000000002,-12.60000000000013,-50.0,180.0,44.341669427272116,90.0,103.26754726109071,134.3416694272721,90.0,118.26754726109071
2.960000000000002,14.528747416929518,-50.0,184.97379774329684,33.5997357126381,90.0,107.47214231325411,123.59973571263811,90.0,107.47214231325411
2.960000000000002,14.528747416929518,50.0,184.97379774329684,33.5997357126381,90.0,107.47214231325411,56.4002642873619,90.0,252.5278576867459
2.960000000000002,-12.60000000000013,50.0,180.0,44.341669427272116,90.0,103.26754726109071,45.658330572727884,90.0,256.7324527389093
2.980000000000002,-13.800000000000132,-50.0,180.0,44.683777183794305,90.0,103.33819794685552,134.6837771837943,90.0,118.33819794685552
2.980000000000002,14.881720519717193,-50.0,182.50666467128582,34.511990664934096,90.0,105.44382662390093,124.5119906649341,90.0,105.44382662390093
2.980000000000002,14.881720519717193,50.0,182.50666467128582,34.511990664934096,90.0,105.44382662390093,55.488009335065904,90.0,254.55617337609908
2.980000000000002,-13.800000000000132,50.0,180.0,44.683777183794305,90.0,103.33819794685552,45.316222816205695,90.0,256.66180205314447
3.000000000000002,-15.0,-50.0,180.00000000000028,45.02205105291116,90.0,103.4152949907272,135.02205105291117,90.0,118.4152949907272
3.000000000000002,14.999999999999867,-50.0,180.0,35.49476767145898,90.0,103.41529499072698,125.49476767145899,90.0,103.41529499072698
3.000000000000002,14.999999999999867,50.0,180.0,35.49476767145898,90.0,103.41529499072698,54.50523232854102,90.0,256.584705009273
3.000000000000002,-15.0,50.0,180.00000000000028,45.02205105291116,90.0,103.4152949907272,44.97794894708884,90.0,256.5847050092728
3.0200000000000022,-14.881720519717142,-50.0,182.50666467128636,43.83523961872906,90.0,105.44382662390137,133.83523961872908,90.0,120.44382662390137
3.0200000000000022,13.799999999999866,-50.0,180.0,35.91557665900444,90.0,103.3381979468555,125.91557665900444,90.0,103.3381979468555
3.0200000000000022,13.799999999999866,50.0,180.0,35.91557665900444,90.0,103.3381979468555,54.08442334099556,90.0,256.66180205314447
3.0200000000000022,-14.881720519717142,50.0,182.50666467128636,43.83523961872906,90.0,105.44382662390137,46.16476038127094,90.0,254.55617337609863
3.0400000000000023,-14.528747416929415,-50.0,184.97379774329738,42.5818767339169,90.0,107.47214231325455,132.58187673391689,90.0,122.47214231325455
3.0400000000000023,12.599999999999865,-50.0,180.0,36.33332354585335,90.0,103.2675472610907,126.33332354585335,90.0,103.2675472610907
3.0400000000000023,12.599999999999865,50.0,180.0,36.33332354585335,90.0,103.2675472610907,53.66667645414665,90.0,256.7324527389093
3.0400000000000023,-14.528747416929415,50.0,184.97379774329738,42.5818767339169,90.0,107.47214231325455,47.4181232660831,90.0,252.52785768674545
3.0600000000000023,-13.946647288323692,-50.0,187.36249105369382,41.28334782677371,90.0,109.46940676811923,131.2833478267737,90.0,124.46940676811923
3.0600000000000023,11.399999999999864,-50.0,180.0,36.74797787900502,90.0,103.2033371886224,126.74797787900502,90.0,103.2033371886224
3.0600000000000023,11.399999999999864,50.0,180.0,36.74797787900502,90.0,103.2033371886224,53.25202212099498,90.0,256.7966628113776
3.0600000000000023,-13.946647288323692,50.0,187.36249105369382,41.28334782677371,90.0,109.46940676811923,48.71665217322629,90.0,250.53059323188077
3.0800000000000023,-13.14460020065785,-50.0,189.63507348203456,39.96210508427631,90.00000000000001,111.40348373247214,129.96210508427632,89.99999999999999,126.40348373247214
3.0800000000000023,10.199999999999863,-50.0,180.0,37.159508772350755,90.0,103.14556255656902,127.15950877235076,90.0,103.14556255656902
3.0800000000000023,10.199999999999863,50.0,180.0,37.159508772350755,90.0,103.14556255656902,52.840491227649245,90.0,256.854437443431
3.0800000000000023,-13.14460020065785,50.0,189.63507348203456,39.96210508427631,90.00000000000001,111.40348373247214,50.03789491572369,90.00000000000001,248.59651626752787
3.1000000000000023,-12.135254915624083,-50.0,191.7557050458497,38.64138768641958,90.0,113.24120616831681,128.6413876864196,90.0,128.2412061683168
3.1000000000000023,8.999999999999861,-50.0,180.0,37.56788493161925,90.0,103.09421874965885,127.56788493161925,90.0,103.09421874965885
3.1000000000000023,8.999999999999861,50.0,180.0,37.56788493161925,90.0,103.09421874965885,52.43211506838075,90.0,256.90578125034114
3.1000000000000023,-12.135254915624083,50.0,191.7557050458497,38.64138768641958,90.0,113.24120616831681,51.35861231358042,90.0,246.7587938316832
3.1200000000000023,-10.934529411321023,-50.0,193.690942118574,37.344883873391815,90.0,114.94881982568496,127.34488387339181,90.0,129.94881982568495
3.1200000000000023,7.79999999999986,-50.0,180.0,37.9730746787106,90.0,103.04930169740717,127.9730746787106,90.0,103.04930169740717
3.1200000000000023,7.79999999999986,50.0,180.0,37.9730746787106,90.0,103.04930169740717,52.0269253212894,90.0,256.95069830259285
3.1200000000000023,-10.934529411321023,50.0,193.690942118574,37.344883873391815,90.0,114.94881982568496,52.655116126608185,90.0,245.05118017431505
3.1400000000000023,-9.561359846230175,-50.0,195.41026485551598,36.096306087491975,90.0,116.4926496642518,126.09630608749197,90.0,131.49264966425181
3.1400000000000023,6.599999999999859,-50.0,180.0,38.37504597540696,90.0,103.01080786276842,128.37504597540698,90.0,103.01080786276842
3.1400000000000023,6.599999999999859,50.0,180.0,38.37504597540696,90.0,103.01080786276842,51.62495402459304,90.0,256.9891921372316
3.1400000000000023,-9.561359846230175,50.0,195.41026485551598,36.096306087491975,90.0,116.4926496642518,53.903693912508025,90.0,243.50735033574819
3.1600000000000024,-8.037401924684763,-50.0,196.88655851004046,34.91885817292944,90.0,117.84002214421328,124.91885817292945,90.0,132.84002214421326
3.1600000000000024,5.399999999999858,-50.0,180.0,38.77376644644617,90.0,102.97873423224524,128.77376644644616,90.0,102.97873423224524
3.1600000000000024,5.399999999999858,50.0,180.0,38.77376644644617,90.0,102.97873423224524,51.22623355355383,90.0,257.02126576775476
3.1600000000000024,-8.037401924684763,50.0,196.88655851004046,34.91885817292944,90.0,117.84002214421328,55.08114182707056,90.0,242.15997785578674
3.1800000000000024,-6.386689373475887,-50.0,198.0965410493205,33.83459098774097,90.0,118.96044239848052,123.83459098774097,90.0,133.96044239848052
3.1800000000000024,4.199999999999857,-50.0,180.0,39.16920340194274,90.0,102.95307830743904,129.16920340194275,90.0,102.95307830743904
3.1800000000000024,4.199999999999857,50.0,180.0,39.16920340194274,90.0,102.95307830743904,50.83079659805726,90.0,257.04692169256094
3.1800000000000024,-6.386689373475887,50.0,198.0965410493205,33.83459098774097,90.0,118.96044239848052,56.16540901225903,90.0,241.03955760151948
3.2000000000000024,-4.635254915623997,-50.0,199.02113032590316,32.86367004226675,90.00000000000001,119.82697291845263,122.86367004226675,89.99999999999999,134.8269729184526
3.2000000000000024,2.999999999999856,-50.0,180.0,39.561323859139236,90.0,102.93383809802842,129.56132385913924,90.0,102.93383809802842
3.2000000000000024,2.999999999999856,50.0,180.0,39.561323859139236,90.0,102.93383809802842,50.438676140860764,90.0,257.06616190197155
3.2000000000000024,-4.635254915623997,50.0,199.02113032590316,32.86367004226675,90.00000000000001,119.82697291845263,57.13632995773325,90.00000000000001,240.1730270815474
3.2200000000000024,-2.810719718785645,-50.0,199.64574501457383,32.02361220892338,90.0,120.4176965219867,122.02361220892338,90.0,135.4176965219867
3.2200000000000024,1.799999999999855,-50.0,180.0,39.950094563469875,90.0,102.92101211616483,129.95009456346986,90.0,102.92101211616483
3.2200000000000024,1.799999999999855,50.0,180.0,39.950094563469875,90.0,102.92101211616483,50.049905436530125,90.0,257.07898788383517
3.2200000000000024,-2.810719718785645,50.0,199.64574501457383,32.02361220892338,90.0,120.4176965219867,57.97638779107662,90.0,239.5823034780133
3.2400000000000024,-0.9418577929394735,-50.0,199.96053456856544,31.328579304893953,90.00000000000001,120.71708781728691,121.32857930489395,89.99999999999999,135.7170878172869
3.2400000000000024,0.599999999999854,-50.0,180.0,40.33548200891644,90.0,102.91459937227695,130.33548200891644,90.0,102.91459937227695
3.2400000000000024,0.599999999999854,50.0,180.0,40.33548200891644,90.0,102.91459937227695,49.66451799108356,90.0,257.08540062772306
3.2400000000000024,-0.9418577929394735,50.0,199.96053456856544,31.328579304893953,90.00000000000001,120.71708781728691,58.67142069510605,90.00000000000001,239.2829121827131
3.2600000000000025,0.9418577929399304,-50.0,199.9605345685654,30.788832024556147,90.0,120.71708781728691,120.78883202455614,90.0,135.7170878172869
3.2600000000000025,-0.6000000000001471,-50.0,180.0,40.71745245763582,90.0,102.91459937227695,130.71745245763583,90.0,102.91459937227695
3.2600000000000025,-0.6000000000001471,50.0,180.0,40.71745245763582,90.0,102.91459937227695,49.28254754236418,90.0,257.08540062772306
3.2600000000000025,0.9418577929399304,50.0,199.9605345685654,30.788832024556147,90.0,120.71708781728691,59.21116797544386,90.0,239.2829121827131
3.2800000000000025,2.810719718786098,-50.0,199.64574501457372,30.410437445556592,90.00000000000001,120.4176965219866,120.4104374455566,89.99999999999999,135.4176965219866
3.2800000000000025,-1.8000000000001464,-50.0,180.0,41.095971958836834,90.0,102.92101211616486,131.09597195883683,90.0,102.92101211616486
3.2800000000000025,-1.8000000000001464,50.0,180.0,41.095971958836834,90.0,102.92101211616486,48.904028041163166,90.0,257.0789878838351
3.2800000000000025,2.810719718786098,50.0,199.64574501457372,30.410437445556592,90.00000000000001,120.4176965219866,59.589562554443404,90.00000000000001,239.5823034780134
3.3000000000000025,4.635254915624432,-50.0,199.02113032590296,30.19528464388391,90.00000000000001,119.82697291845246,120.19528464388391,89.99999999999999,134.82697291845244
3.3000000000000025,-3.000000000000149,-50.0,180.0,41.471006366883614,90.0,102.93383809802842,131.4710063668836,90.0,102.93383809802842
3.3000000000000025,-3.000000000000149,50.0,180.0,41.471006366883614,90.0,102.93383809802842,48.528993633116386,90.0,257.06616190197155
3.3000000000000025,4.635254915624432,50.0,199.02113032590296,30.19528464388391,90.00000000000001,119.82697291845246,59.80471535611609,90.00000000000001,240.17302708154756
3.3200000000000025,6.386689373476302,-50.0,198.09654104932025,30.141405471584594,90.00000000000001,118.96044239848027,120.14140547158459,89.99999999999999,133.96044239848027
3.3200000000000025,-4.200000000000152,-50.0,180.0,41.84252135860097,90.0,102.95307830743904,131.84252135860098,90.0,102.95307830743904
3.3200000000000025,-4.200000000000152,50.0,180.0,41.84252135860097,90.0,102.95307830743904,48.15747864139903,90.0,257.04692169256094
3.3200000000000025,6.386689373476302,50.0,198.09654104932025,30.141405471584594,90.00000000000001,118.96044239848027,59.85859452841541,90.00000000000001,241.03955760151973
3.3400000000000025,8.037401924685149,-50.0,196.88655851004012,30.243539977415974,90.0,117.84002214421298,120.24353997741598,90.0,132.84002214421298
3.3400000000000025,-5.400000000000151,-50.0,180.0,42.21048244975709,90.0,102.97873423224524,132.21048244975708,90.0,102.97873423224524
3.3400000000000025,-5.400000000000151,50.0,180.0,42.21048244975709,90.0,102.97873423224524,47.78951755024291,90.0,257.02126576775476
3.3400000000000025,8.037401924685149,50.0,196.88655851004012,30.243539977415974,90.0,117.84002214421298,59.75646002258402,90.0,242.15997785578702
3.3600000000000025,9.56135984623053,-50.0,195.41026485551558,30.49384699907694,90.00000000000001,116.49264966425143,120.49384699907694,89.99999999999999,131.49264966425142
3.3600000000000025,-6.600000000000151,-50.0,180.0,42.57485501069731,90.0,103.01080786276842,132.57485501069732,90.0,103.01080786276842
3.3600000000000025,-6.600000000000151,50.0,180.0,42.57485501069731,90.0,103.01080786276842,47.42514498930269,90.0,256.9891921372316
3.3600000000000025,9.56135984623053,50.0,195.41026485551558,30.49384699907694,90.00000000000001,116.49264966425143,59.506153000923064,90.00000000000001,243.50735033574858
3.3800000000000026,10.934529411321337,-50.0,193.69094211857353,30.88264980553471,90.0,114.94881982568455,120.88264980553471,90.0,129.94881982568455
3.3800000000000026,-7.8000000000001535,-50.0,180.0,42.93560428110225,90.0,103.0493016974072,132.93560428110226,90.0,103.0493016974072
3.3800000000000026,-7.8000000000001535,50.0,180.0,42.93560428110225,90.0,103.0493016974072,47.06439571889775,90.0,256.9506983025928
3.3800000000000026,10.934529411321337,50.0,193.69094211857353,30.88264980553471,90.0,114.94881982568455,59.11735019446529,90.0,245.05118017431545
3.4000000000000026,12.135254915624351,-50.0,191.7557050458492,31.39912188030518,90.0,113.24120616831634,121.39912188030519,90.0,128.24120616831635
3.4000000000000026,-9.000000000000156,-50.0,180.0,43.292695383842734,90.0,103.09421874965888,133.29269538384273,90.0,103.09421874965888
3.4000000000000026,-9.000000000000156,50.0,180.0,43.292695383842734,90.0,103.09421874965888,46.707304616157266,90.0,256.90578125034114
3.4000000000000026,12.135254915624351,50.0,191.7557050458492,31.39912188030518,90.0,113.24120616831634,58.60087811969482,90.0,246.75879383168365
3.4200000000000026,13.14460020065807,-50.0,189.63507348203402,32.031848273235454,90.0,111.40348373247164,122.03184827323545,90.0,126.40348373247164
3.4200000000000026,-10.200000000000156,-50.0,180.0,43.646093337903125,90.0,103.14556255656905,133.64609333790312,90.0,103.14556255656905
3.4200000000000026,-10.200000000000156,50.0,180.0,43.646093337903125,90.0,103.14556255656905,46.353906662096875,90.0,256.8544374434309
3.4200000000000026,13.14460020065807,50.0,189.63507348203402,32.031848273235454,90.0,111.40348373247164,57.968151726764546,90.0,248.59651626752836
3.4400000000000026,13.94664728832386,-50.0,187.36249105369325,32.76923116009009,90.0,109.46940676811876,122.76923116009009,90.0,124.46940676811876
3.4400000000000026,-11.400000000000155,-50.0,180.0,43.99576307034365,90.0,103.20333718862243,133.99576307034366,90.0,103.20333718862243
3.4400000000000026,-11.400000000000155,50.0,180.0,43.99576307034365,90.0,103.20333718862243,46.00423692965635,90.0,256.7966628113776
3.4400000000000026,13.94664728832386,50.0,187.36249105369325,32.76923116009009,90.0,109.46940676811876,57.23076883990991,90.0,250.53059323188126
3.4600000000000026,14.528747416929528,-50.0,184.97379774329679,33.59973571263813,90.0,107.47214231325405,123.59973571263814,90.0,122.47214231325405
3.4600000000000026,-12.600000000000158,-50.0,180.0,44.34166942727213,90.0,103.26754726109071,134.34166942727214,90.0,103.26754726109071
3.4600000000000026,-12.600000000000158,50.0,180.0,44.34166942727213,90.0,103.26754726109071,45.65833057272787,90.0,256.7324527389093
3.4600000000000026,14.528747416929528,50.0,184.97379774329679,33.59973571263813,90.0,107.47214231325405,56.40026428736187,90.0,252.52785768674596
3.4800000000000026,14.881720519717199,-50.0,182.50666467128576,34.51199066493412,90.0,105.4438266239009,124.51199066493412,90.0,120.4438266239009
3.4800000000000026,-13.80000000000016,-50.0,180.0,44.68377718379431,90.0,103.33819794685552,134.68377718379432,90.0,103.33819794685552
3.4800000000000026,-13.80000000000016,50.0,180.0,44.68377718379431,90.0,103.33819794685552,45.31622281620569,90.0,256.66180205314447
3.4800000000000026,14.881720519717199,50.0,182.50666467128576,34.51199066493412,90.0,105.4438266239009,55.48800933506588,90.0,254.55617337609908
3.5000000000000027,14.99999999999984,-50.0,180.0,35.49476767145899,90.0,103.41529499072698,125.49476767145899,90.0,118.41529499072698
3.5000000000000027,-15.0,-50.0,180.00000000000034,45.022051052911124,90.0,103.41529499072728,135.02205105291114,90.0,103.41529499072728
3.5000000000000027,-15.0,50.0,180.00000000000034,45.022051052911124,90.0,103.41529499072728,44.977948947088876,90.0,256.58470500927274
3.5000000000000027,14.99999999999984,50.0,180.0,35.49476767145899,90.0,103.41529499072698,54.50523232854101,90.0,256.584705009273
3.5200000000000027,13.799999999999839,-50.0,180.0,35.915576659004444,90.0,103.3381979468555,125.91557665900444,90.0,118.3381979468555
3.5200000000000027,-14.88172051971713,-50.0,182.50666467128647,43.83523961872902,90.00000000000001,105.44382662390143,133.83523961872902,89.99999999999999,105.44382662390143
3.5200000000000027,-14.88172051971713,50.0,182.50666467128647,43.83523961872902,90.00000000000001,105.44382662390143,46.16476038127098,90.00000000000001,254.55617337609857
3.5200000000000027,13.799999999999839,50.0,180.0,35.915576659004444,90.0,103.3381979468555,54.084423340995556,90.0,256.66180205314447
3.5400000000000027,12.599999999999838,-50.0,180.0,36.333323545853354,90.0,103.2675472610907,126.33332354585335,90.0,118.2675472610907
3.5400000000000027,-14.528747416929402,-50.0,184.9737977432974,42.58187673391689,90.00000000000001,107.4721423132546,132.58187673391689,89.99999999999999,107.4721423132546
3.5400000000000027,-14.528747416929402,50.0,184.9737977432974,42.58187673391689,90.00000000000001,107.4721423132546,47.41812326608311,90.00000000000001,252.5278576867454
3.5400000000000027,12.599999999999838,50.0,180.0,36.333323545853354,90.0,103.2675472610907,53.666676454146646,90.0,256.7324527389093
3.5600000000000027,11.399999999999837,-50.0,180.0,36.74797787900503,90.0,103.2033371886224,126.74797787900502,90.0,118.2033371886224
3.5600000000000027,-13.946647288323692,-50.0,187.36249105369382,41.28334782677371,90.0,109.46940676811923,131.2833478267737,90.0,109.46940676811923
3.5600000000000027,-13.946647288323692,50.0,187.36249105369382,41.28334782677371,90.0,109.46940676811923,48.71665217322629,90.0,250.53059323188077
3.5600000000000027,11.399999999999837,50.0,180.0,36.74797787900503,90.0,103.2033371886224,53.25202212099497,90.0,256.7966628113776
3.5800000000000027,10.199999999999836,-50.0,180.0,37.159508772350755,90.0,103.14556255656902,127.15950877235076,90.0,118.14556255656902
3.5800000000000027,-13.14460020065783,-50.0,189.6350734820346,39.962105084276274,90.0,111.40348373247218,129.9621050842763,90.0,111.40348373247218
3.5800000000000027,-13.14460020065783,50.0,189.6350734820346,39.962105084276274,90.0,111.40348373247218,50.037894915723726,90.0,248.59651626752782
3.5800000000000027,10.199999999999836,50.0,180.0,37.159508772350755,90.0,103.14556255656902,52.840491227649245,90.0,256.854437443431
3.6000000000000028,8.999999999999835,-50.0,180.0,37.567884931619254,90.0,103.09421874965885,127.56788493161926,90.0,118.09421874965885
3.6000000000000028,-12.135254915624033,-50.0,191.7557050458498,38.641387686419506,90.0,113.24120616831688,128.6413876864195,90.0,113.24120616831688
3.6000000000000028,-12.135254915624033,50.0,191.7557050458498,38.641387686419506,90.0,113.24120616831688,51.358612313580494,90.0,246.75879383168314
3.6000000000000028,8.999999999999835,50.0,180.0,37.567884931619254,90.0,103.09421874965885,52.432115068380746,90.0,256.90578125034114
3.6200000000000028,7.799999999999834,-50.0,180.0,37.97307467871061,90.0,103.04930169740717,127.97307467871062,90.0,118.04930169740717
3.6200000000000028,-10.934529411320995,-50.0,193.69094211857401,37.3448838733918,90.00000000000001,114.94881982568498,127.34488387339181,89.99999999999999,114.94881982568498
3.6200000000000028,-10.934529411320995,50.0,193.69094211857401,37.3448838733918,90.00000000000001,114.94881982568498,52.6551161266082,90.00000000000001,245.05118017431502
3.6200000000000028,7.799999999999834,50.0,180.0,37.97307467871061,90.0,103.04930169740717,52.02692532128939,90.0,256.95069830259285
3.640000000000003,6.599999999999833,-50.0,180.0,38.37504597540697,90.0,103.01080786276842,128.37504597540698,90.0,118.01080786276842
3.640000000000003,-9.561359846230175,-50.0,195.41026485551598,36.096306087491975,90.0,116.4926496642518,126.09630608749197,90.0,116.4926496642518
3.640000000000003,-9.561359846230175,50.0,195.41026485551598,36.096306087491975,90.0,116.4926496642518,53.903693912508025,90.0,243.50735033574819
3.640000000000003,6.599999999999833,50.0,180.0,38.37504597540697,90.0,103.01080786276842,51.62495402459303,90.0,256.9891921372316
3.660000000000003,5.399999999999832,-50.0,180.0,38.77376644644617,90.0,102.97873423224524,128.77376644644616,90.0,117.97873423224524
3.660000000000003,-8.037401924684726,-50.0,196.8865585100405,34.91885817292941,90.0,117.84002214421331,124.91885817292942,90.0,117.84002214421331
3.660000000000003,-8.037401924684726,50.0,196.8865585100405,34.91885817292941,90.0,117.84002214421331,55.08114182707059,90.0,242.15997785578668
3.660000000000003,5.399999999999832,50.0,180.0,38.77376644644617,90.0,102.97873423224524,51.22623355355383,90.0,257.02126576775476
3.680000000000003,4.1999999999998305,-50.0,180.0,39.169203401942745,90.0,102.95307830743904,129.16920340194275,90.0,117.95307830743904
3.680000000000003,-6.386689373475813,-50.0,198.09654104932056,33.83459098774092,90.0,118.96044239848058,123.83459098774091,90.0,118.96044239848058
3.680000000000003,-6.386689373475813,50.0,198.09654104932056,33.83459098774092,90.0,118.96044239848058,56.16540901225908,90.0,241.03955760151942
3.680000000000003,4.1999999999998305,50.0,180.0,39.169203401942745,90.0,102.95307830743904,50.830796598057255,90.0,257.04692169256094
3.700000000000003,2.9999999999998295,-50.0,180.0,39.56132385913924,90.0,102.93383809802842,129.56132385913924,90.0,117.93383809802842
3.700000000000003,-4.635254915623959,-50.0,199.0211303259032,32.86367004226671,90.0,119.82697291845265,122.8636700422667,90.0,119.82697291845265
3.700000000000003,-4.635254915623959,50.0,199.0211303259032,32.86367004226671,90.0,119.82697291845265,57.13632995773329,90.0,240.17302708154733
3.700000000000003,2.9999999999998295,50.0,180.0,39.56132385913924,90.0,102.93383809802842,50.43867614086076,90.0,257.06616190197155
3.720000000000003,1.7999999999998284,-50.0,180.0,39.95009456346988,90.0,102.92101211616483,129.9500945634699,90.0,117.92101211616483
3.720000000000003,-2.810719718785645,-50.0,199.64574501457383,32.02361220892338,90.0,120.4176965219867,122.02361220892338,90.0,120.4176965219867
3.720000000000003,-2.810719718785645,50.0,199.64574501457383,32.02361220892338,90.0,120.4176965219867,57.97638779107662,90.0,239.5823034780133
3.720000000000003,1.7999999999998284,50.0,180.0,39.95009456346988,90.0,102.92101211616483,50.04990543653012,90.0,257.07898788383517
3.740000000000003,0.5999999999998273,-50.0,180.0,40.33548200891646,90.0,102.91459937227695,130.33548200891647,90.0,117.91459937227695
3.740000000000003,-0.9418577929394302,-50.0,199.96053456856546,31.328579304893903,90.0,120.717087817287,121.3285793048939,90.0,120.717087817287
3.740000000000003,-0.9418577929394302,50.0,199.96053456856546,31.328579304893903,90.0,120.717087817287,58.67142069510609,90.0,239.282912182713
3.740000000000003,0.5999999999998273,50.0,180.0,40.33548200891646,90.0,102.91459937227695,49.66451799108354,90.0,257.08540062772306
3.760000000000003,-0.6000000000001737,-50.0,180.0,40.71745245763584,90.0,102.91459937227695,130.71745245763583,90.0,117.91459937227695
3.760000000000003,0.9418577929400135,-50.0,199.9605345685654,30.788832024556125,90.0,120.71708781728691,120.78883202455613,90.0,120.71708781728691
3.760000000000003,0.9418577929400135,50.0,199.9605345685654,30.788832024556125,90.0,120.71708781728691,59.21116797544387,90.0,239.2829121827131
3.760000000000003,-0.6000000000001737,50.0,180.0,40.71745245763584,90.0,102.91459937227695,49.28254754236416,90.0,257.08540062772306
3.780000000000003,-1.8000000000001748,-50.0,180.0,41.09597195883684,90.0,102.92101211616486,131.09597195883686,90.0,117.92101211616486
3.780000000000003,2.8107197187861375,-50.0,199.64574501457372,30.41043744555658,90.00000000000001,120.4176965219866,120.41043744555658,89.99999999999999,120.4176965219866
3.780000000000003,2.8107197187861375,50.0,199.64574501457372,30.41043744555658,90.00000000000001,120.4176965219866,59.58956255444342,90.00000000000001,239.5823034780134
3.780000000000003,-1.8000000000001748,50.0,180.0,41.09597195883684,90.0,102.92101211616486,48.90402804116316,90.0,257.0789878838351
3.800000000000003,-3.0000000000001776,-50.0,180.0,41.47100636688362,90.0,102.93383809802842,131.4710063668836,90.0,117.93383809802842
3.800000000000003,4.635254915624432,-50.0,199.02113032590296,30.19528464388391,90.00000000000001,119.82697291845246,120.19528464388391,89.99999999999999,119.82697291845246
3.800000000000003,4.635254915624432,50.0,199.02113032590296,30.19528464388391,90.00000000000001,119.82697291845246,59.80471535611609,90.00000000000001,240.17302708154756
3.800000000000003,-3.0000000000001776,50.0,180.0,41.47100636688362,90.0,102.93383809802842,48.52899363311638,90.0,257.06616190197155
3.820000000000003,-4.200000000000177,-50.0,180.0,41.842521358600976,90.0,102.95307830743904,131.84252135860098,90.0,117.95307830743904
3.820000000000003,6.386689373476338,-50.0,198.09654104932022,30.141405471584612,90.00000000000001,118.96044239848021,120.14140547158462,89.99999999999999,118.96044239848021
3.820000000000003,6.386689373476338,50.0,198.09654104932022,30.141405471584612,90.00000000000001,118.96044239848021,59.85859452841539,90.00000000000001,241.0395576015198
3.820000000000003,-4.200000000000177,50.0,180.0,41.842521358600976,90.0,102.95307830743904,48.157478641399024,90.0,257.04692169256094
3.840000000000003,-5.400000000000176,-50.0,180.0,42.21048244975709,90.0,102.97873423224524,132.21048244975708,90.0,117.97873423224524
3.840000000000003,8.037401924685216,-50.0,196.88655851004006,30.24353997741598,90.0,117.84002214421292,120.24353997741598,90.0,117.84002214421292
3.840000000000003,8.037401924685216,50.0,196.88655851004006,30.24353997741598,90.0,117.84002214421292,59.75646002258402,90.0,242.15997785578708
3.840000000000003,-5.400000000000176,50.0,180.0,42.21048244975709,90.0,102.97873423224524,47.78951755024291,90.0,257.02126576775476
3.860000000000003,-6.600000000000179,-50.0,180.0,42.57485501069731,90.0,103.01080786276842,132.57485501069732,90.0,118.01080786276842
3.860000000000003,9.56135984623056,-50.0,195.41026485551555,30.493846999076933,90.0,116.49264966425142,120.49384699907694,90.0,116.49264966425142
3.860000000000003,9.56135984623056,50.0,195.41026485551555,30.493846999076933,90.0,116.49264966425142,59.506153000923064,90.0,243.50735033574858
3.860000000000003,-6.600000000000179,50.0,180.0,42.57485501069731,90.0,103.01080786276842,47.42514498930269,90.0,256.9891921372316
3.880000000000003,-7.800000000000182,-50.0,180.0,42.93560428110226,90.0,103.0493016974072,132.93560428110226,90.0,118.0493016974072
3.880000000000003,10.934529411321337,-50.0,193.69094211857353,30.88264980553471,90.0,114.94881982568455,120.88264980553471,90.0,114.94881982568455
3.880000000000003,10.934529411321337,50.0,193.69094211857353,30.88264980553471,90.0,114.94881982568455,59.11735019446529,90.0,245.05118017431545
3.880000000000003,-7.800000000000182,50.0,180.0,42.93560428110226,90.0,103.0493016974072,47.06439571889774,90.0,256.9506983025928
3.900000000000003,-9.000000000000181,-50.0,180.0,43.29269538384274,90.0,103.09421874965888,133.29269538384273,90.0,118.09421874965888
3.900000000000003,12.135254915624378,-50.0,191.75570504584914,31.399121880305195,90.00000000000001,113.24120616831631,121.39912188030519,89.99999999999999,113.24120616831631
3.900000000000003,12.135254915624378,50.0,191.75570504584914,31.399121880305195,90.00000000000001,113.24120616831631,58.600878119694805,90.00000000000001,246.7587938316837
3.900000000000003,-9.000000000000181,50.0,180.0,43.29269538384274,90.0,103.09421874965888,46.70730461615726,90.0,256.90578125034114
3.920000000000003,-10.20000000000018,-50.0,180.0,43.64609333790313,90.0,103.14556255656905,133.64609333790312,90.0,118.14556255656905
3.920000000000003,13.144600200658111,-50.0,189.63507348203393,32.03184827323547,90.0,111.40348373247161,122.03184827323547,90.0,111.40348373247161
3.920000000000003,13.144600200658111,50.0,189.63507348203393,32.03184827323547,90.0,111.40348373247161,57.96815172676453,90.0,248.5965162675284
3.920000000000003,-10.20000000000018,50.0,180.0,43.64609333790313,90.0,103.14556255656905,46.35390666209687,90.0,256.8544374434309
3.940000000000003,-11.400000000000183,-50.0,180.0,43.995763070343656,90.0,103.20333718862243,133.99576307034366,90.0,118.20333718862243
3.940000000000003,13.946647288323875,-50.0,187.36249105369322,32.769231160090094,90.0,109.46940676811872,122.7692311600901,90.0,109.46940676811872
3.940000000000003,13.946647288323875,50.0,187.36249105369322,32.769231160090094,90.0,109.46940676811872,57.230768839909906,90.0,250.53059323188128
3.940000000000003,-11.400000000000183,50.0,180.0,43.995763070343656,90.0,103.20333718862243,46.004236929656344,90.0,256.7966628113776
3.960000000000003,-12.600000000000186,-50.0,180.0,44.34166942727214,90.0,103.26754726109071,134.34166942727214,90.0,118.26754726109071
3.960000000000003,14.528747416929528,-50.0,184.97379774329679,33.59973571263813,90.0,107.47214231325405,123.59973571263814,90.0,107.47214231325405
3.960000000000003,14.528747416929528,50.0,184.97379774329679,33.59973571263813,90.0,107.47214231325405,56.40026428736187,90.0,252.52785768674596
3.960000000000003,-12.600000000000186,50.0,180.0,44.34166942727214,90.0,103.26754726109071,45.65833057272786,90.0,256.7324527389093
3.980000000000003,-13.800000000000185,-50.0,180.0,44.68377718379432,90.0,103.33819794685552,134.68377718379432,90.0,118.33819794685552
3.980000000000003,14.881720519717202,-50.0,182.5066646712857,34.51199066493413,90.0,105.44382662390086,124.51199066493413,90.0,105.44382662390086
3.980000000000003,14.881720519717202,50.0,182.5066646712857,34.51199066493413,90.0,105.44382662390086,55.48800933506587,90.0,254.55617337609914
3.980000000000003,-13.800000000000185,50.0,180.0,44.68377718379432,90.0,103.33819794685552,45.31622281620568,90.0,256.66180205314447
4.000000000000003,-15.0,-50.0,180.00000000000034,45.022051052911124,90.0,103.41529499072728,135.02205105291114,90.0,118.41529499072728
4.000000000000003,14.99999999999984,-50.0,180.0,35.49476767145899,90.0,103.41529499072698,125.49476767145899,90.0,103.41529499072698
4.000000000000003,14.99999999999984,50.0,180.0,35.49476767145899,90.0,103.41529499072698,54.50523232854101,90.0,256.584705009273
4.000000000000003,-15.0,50.0,180.00000000000034,45.022051052911124,90.0,103.41529499072728,44.977948947088876,90.0,256.58470500927274
4.020000000000002,-14.881720519717142,-50.0,182.50666467128636,43.83523961872906,90.0,105.44382662390137,133.83523961872908,90.0,120.44382662390137
4.020000000000002,13.799999999999866,-50.0,180.0,35.91557665900444,90.0,103.3381979468555,125.91557665900444,90.0,103.3381979468555
4.020000000000002,13.799999999999866,50.0,180.0,35.91557665900444,90.0,103.3381979468555,54.08442334099556,90.0,256.66180205314447
4.020000000000002,-14.881720519717142,50.0,182.50666467128636,43.83523961872906,90.0,105.44382662390137,46.16476038127094,90.0,254.55617337609863
4.040000000000002,-14.528747416929425,-50.0,184.97379774329733,42.581876733916936,90.0,107.4721423132545,132.58187673391694,90.0,122.4721423132545
4.040000000000002,12.599999999999891,-50.0,180.0,36.33332354585333,90.0,103.26754726109071,126.33332354585333,90.0,103.26754726109071
4.040000000000002,12.599999999999891,50.0,180.0,36.33332354585333,90.0,103.26754726109071,53.66667645414667,90.0,256.7324527389093
4.040000000000002,-14.528747416929425,50.0,184.97379774329733,42.581876733916936,90.0,107.4721423132545,47.418123266083064,90.0,252.5278576867455
4.060000000000001,-13.946647288323724,-50.0,187.36249105369373,41.28334782677375,90.0,109.46940676811917,131.28334782677376,90.0,124.46940676811917
4.060000000000001,11.399999999999917,-50.0,180.0,36.747977879004985,90.0,103.20333718862243,126.74797787900499,90.0,103.20333718862243
4.060000000000001,11.399999999999917,50.0,180.0,36.747977879004985,90.0,103.20333718862243,53.252022120995015,90.0,256.7966628113776
4.060000000000001,-13.946647288323724,50.0,187.36249105369373,41.28334782677375,90.0,109.46940676811917,48.71665217322625,90.0,250.53059323188083
4.080000000000001,-13.14460020065791,-50.0,189.63507348203441,39.96210508427639,90.0,111.40348373247201,129.9621050842764,90.0,126.40348373247201
4.080000000000001,10.199999999999942,-50.0,180.0,37.159508772350726,90.0,103.14556255656902,127.15950877235073,90.0,103.14556255656902
4.080000000000001,10.199999999999942,50.0,180.0,37.159508772350726,90.0,103.14556255656902,52.840491227649274,90.0,256.854437443431
4.080000000000001,-13.14460020065791,50.0,189.63507348203441,39.96210508427639,90.0,111.40348373247201,50.03789491572361,90.0,248.596516267528
4.1000000000000005,-12.135254915624182,-50.0,191.7557050458495,38.6413876864197,90.00000000000001,113.24120616831661,128.6413876864197,89.99999999999999,128.2412061683166
4.1000000000000005,8.999999999999968,-50.0,180.0,37.56788493161921,90.0,103.09421874965885,127.5678849316192,90.0,103.09421874965885
4.1000000000000005,8.999999999999968,50.0,180.0,37.56788493161921,90.0,103.09421874965885,52.43211506838079,90.0,256.90578125034114
4.1000000000000005,-12.135254915624182,50.0,191.7557050458495,38.6413876864197,90.00000000000001,113.24120616831661,51.3586123135803,90.00000000000001,246.7587938316834
4.12,-10.934529411321167,-50.0,193.6909421185738,37.34488387339197,90.0,114.94881982568478,127.34488387339198,90.0,129.94881982568478
4.12,7.799999999999994,-50.0,180.0,37.97307467871055,90.0,103.0493016974072,127.97307467871056,90.0,103.0493016974072
4.12,7.799999999999994,50.0,180.0,37.97307467871055,90.0,103.0493016974072,52.02692532128945,90.0,256.9506983025928
4.12,-10.934529411321167,50.0,193.6909421185738,37.34488387339197,90.0,114.94881982568478,52.65511612660803,90.0,245.05118017431522
4.14,-9.561359846230369,-50.0,195.41026485551575,36.096306087492124,90.00000000000001,116.49264966425162,126.09630608749212,89.99999999999999,131.49264966425162
4.14,6.600000000000019,-50.0,180.0,38.37504597540691,90.0,103.01080786276842,128.37504597540692,90.0,103.01080786276842
4.14,6.600000000000019,50.0,180.0,38.37504597540691,90.0,103.01080786276842,51.62495402459309,90.0,256.9891921372316
4.14,-9.561359846230369,50.0,195.41026485551575,36.096306087492124,90.00000000000001,116.49264966425162,53.903693912507876,90.00000000000001,243.50735033574838
4.159999999999999,-8.03740192468501,-50.0,196.88655851004026,34.9188581729296,90.0,117.8400221442131,124.9188581729296,90.0,132.8400221442131
4.159999999999999,5.400000000000045,-50.0,180.0,38.77376644644611,90.0,102.97873423224524,128.7737664464461,90.0,102.97873423224524
4.159999999999999,5.400000000000045,50.0,180.0,38.77376644644611,90.0,102.97873423224524,51.22623355355389,90.0,257.02126576775476
4.159999999999999,-8.03740192468501,50.0,196.88655851004026,34.9188581729296,90.0,117.8400221442131,55.0811418270704,90.0,242.1599778557869
4.179999999999999,-6.386689373476189,-50.0,198.09654104932034,33.834590987741144,90.0,118.96044239848034,123.83459098774114,90.0,133.96044239848032
4.179999999999999,4.20000000000007,-50.0,180.0,39.169203401942674,90.0,102.95307830743904,129.16920340194267,90.0,102.95307830743904
4.179999999999999,4.20000000000007,50.0,180.0,39.169203401942674,90.0,102.95307830743904,50.830796598057326,90.0,257.04692169256094
4.179999999999999,-6.386689373476189,50.0,198.09654104932034,33.834590987741144,90.0,118.96044239848034,56.165409012258856,90.0,241.03955760151968
4.199999999999998,-4.635254915624355,-50.0,199.02113032590302,32.86367004226693,90.0,119.82697291845248,122.86367004226693,90.0,134.8269729184525
4.199999999999998,3.000000000000096,-50.0,180.0,39.561323859139165,90.0,102.93383809802842,129.56132385913918,90.0,102.93383809802842
4.199999999999998,3.000000000000096,50.0,180.0,39.561323859139165,90.0,102.93383809802842,50.438676140860835,90.0,257.06616190197155
4.199999999999998,-4.635254915624355,50.0,199.02113032590302,32.86367004226693,90.0,119.82697291845248,57.13632995773307,90.0,240.1730270815475
4.219999999999998,-2.810719718786057,-50.0,199.64574501457372,32.02361220892355,90.00000000000001,120.4176965219866,122.02361220892355,89.99999999999999,135.4176965219866
4.219999999999998,1.8000000000001215,-50.0,180.0,39.950094563469776,90.0,102.92101211616486,129.95009456346978,90.0,102.92101211616486
4.219999999999998,1.8000000000001215,50.0,180.0,39.950094563469776,90.0,102.92101211616486,50.049905436530224,90.0,257.0789878838351
4.219999999999998,-2.810719718786057,50.0,199.64574501457372,32.02361220892355,90.00000000000001,120.4176965219866,57.97638779107645,90.00000000000001,239.5823034780134
4.2399999999999975,-0.9418577929399323,-50.0,199.9605345685654,31.328579304894088,90.0,120.71708781728691,121.32857930489409,90.0,135.7170878172869
4.2399999999999975,0.6000000000001471,-50.0,180.0,40.33548200891636,90.0,102.91459937227695,130.33548200891636,90.0,102.91459937227695
4.2399999999999975,0.6000000000001471,50.0,180.0,40.33548200891636,90.0,102.91459937227695,49.66451799108364,90.0,257.08540062772306
4.2399999999999975,-0.9418577929399323,50.0,199.9605345685654,31.328579304894088,90.0,120.71708781728691,58.67142069510591,90.0,239.2829121827131
4.259999999999997,0.9418577929394285,-50.0,199.96053456856546,30.788832024556253,90.0,120.717087817287,120.78883202455626,90.0,135.717087817287
4.259999999999997,-0.5999999999998273,-50.0,180.0,40.71745245763572,90.0,102.91459937227695,130.71745245763572,90.0,102.91459937227695
4.259999999999997,-0.5999999999998273,50.0,180.0,40.71745245763572,90.0,102.91459937227695,49.28254754236428,90.0,257.08540062772306
4.259999999999997,0.9418577929394285,50.0,199.96053456856546,30.788832024556253,90.0,120.717087817287,59.21116797544374,90.0,239.282912182713
4.279999999999997,2.810719718785562,-50.0,199.64574501457386,30.410437445556674,90.0,120.41769652198673,120.41043744555668,90.0,135.41769652198673
4.279999999999997,-1.7999999999998018,-50.0,180.0,41.09597195883674,90.0,102.92101211616483,131.09597195883674,90.0,102.92101211616483
4.279999999999997,-1.7999999999998018,50.0,180.0,41.09597195883674,90.0,102.92101211616483,48.90402804116326,90.0,257.07898788383517
4.279999999999997,2.810719718785562,50.0,199.64574501457386,30.410437445556674,90.0,120.41769652198673,59.589562554443326,90.0,239.58230347801327
4.299999999999996,4.635254915623874,-50.0,199.02113032590321,30.195284643883934,90.0,119.82697291845271,120.19528464388394,90.0,134.82697291845273
4.299999999999996,-2.999999999999776,-50.0,180.0,41.47100636688349,90.0,102.93383809802842,131.4710063668835,90.0,102.93383809802842
4.299999999999996,-2.999999999999776,50.0,180.0,41.47100636688349,90.0,102.93383809802842,48.52899363311651,90.0,257.06616190197155
4.299999999999996,4.635254915623874,50.0,199.02113032590321,30.195284643883934,90.0,119.82697291845271,59.80471535611606,90.0,240.17302708154727
4.319999999999996,6.386689373475735,-50.0,198.09654104932062,30.14140547158457,90.00000000000001,118.96044239848062,120.14140547158456,89.99999999999999,133.9604423984806
4.319999999999996,-4.199999999999751,-50.0,180.0,41.842521358600834,90.0,102.95307830743904,131.84252135860083,90.0,102.95307830743904
4.319999999999996,-4.199999999999751,50.0,180.0,41.842521358600834,90.0,102.95307830743904,48.157478641399166,90.0,257.04692169256094
4.319999999999996,6.386689373475735,50.0,198.09654104932062,30.14140547158457,90.00000000000001,118.96044239848062,59.85859452841543,90.00000000000001,241.0395576015194
4.339999999999995,8.037401924684582,-50.0,196.8865585100406,30.243539977415917,90.0,117.8400221442134,120.24353997741592,90.0,132.8400221442134
4.339999999999995,-5.399999999999725,-50.0,180.0,42.21048244975697,90.0,102.97873423224522,132.21048244975697,90.0,102.97873423224522
4.339999999999995,-5.399999999999725,50.0,180.0,42.21048244975697,90.0,102.97873423224522,47.78951755024303,90.0,257.0212657677548
4.339999999999995,8.037401924684582,50.0,196.8865585100406,30.243539977415917,90.0,117.8400221442134,59.75646002258408,90.0,242.1599778557866
4.359999999999995,9.561359846229982,-50.0,195.41026485551617,30.493846999076812,90.0,116.49264966425197,120.49384699907681,90.0,131.49264966425199
4.359999999999995,-6.599999999999699,-50.0,180.0,42.57485501069716,90.0,103.01080786276842,132.57485501069715,90.0,103.01080786276842
4.359999999999995,-6.599999999999699,50.0,180.0,42.57485501069716,90.0,103.01080786276842,47.42514498930284,90.0,256.9891921372316
4.359999999999995,9.561359846229982,50.0,195.41026485551617,30.493846999076812,90.0,116.49264966425197,59.50615300092319,90.0,243.50735033574801
4.379999999999995,10.934529411320819,-50.0,193.69094211857427,30.882649805534527,90.0,114.9488198256852,120.88264980553453,90.0,129.9488198256852
4.379999999999995,-7.799999999999674,-50.0,180.0,42.9356042811021,90.0,103.04930169740717,132.9356042811021,90.0,103.04930169740717
4.379999999999995,-7.799999999999674,50.0,180.0,42.9356042811021,90.0,103.04930169740717,47.0643957188979,90.0,256.95069830259285
4.379999999999995,10.934529411320819,50.0,193.69094211857427,30.882649805534527,90.0,114.9488198256852,59.11735019446547,90.0,245.0511801743148
4.399999999999994,12.135254915623886,-50.0,191.75570504585005,31.39912188030494,90.0,113.24120616831708,121.39912188030493,90.0,128.2412061683171
4.399999999999994,-8.999999999999648,-50.0,180.0,43.29269538384259,90.0,103.09421874965885,133.29269538384258,90.0,103.09421874965885
4.399999999999994,-8.999999999999648,50.0,180.0,43.29269538384259,90.0,103.09421874965885,46.70730461615741,90.0,256.90578125034114
4.399999999999994,12.135254915623886,50.0,191.75570504585005,31.39912188030494,90.0,113.24120616831708,58.60087811969506,90.0,246.7587938316829
4.419999999999994,13.144600200657669,-50.0,189.635073482035,32.03184827323513,90.0,111.40348373247252,122.03184827323513,90.0,126.40348373247252
4.419999999999994,-10.199999999999623,-50.0,180.0,43.646093337902975,90.0,103.14556255656902,133.64609333790298,90.0,103.14556255656902
4.419999999999994,-10.199999999999623,50.0,180.0,43.646093337902975,90.0,103.14556255656902,46.353906662097025,90.0,256.854437443431
4.419999999999994,13.144600200657669,50.0,189.635073482035,32.03184827323513,90.0,111.40348373247252,57.96815172676487,90.0,248.59651626752748
4.439999999999993,13.946647288323536,-50.0,187.36249105369436,32.76923116008971,90.0,109.46940676811967,122.7692311600897,90.0,124.46940676811967
4.439999999999993,-11.399999999999597,-50.0,180.0,43.99576307034348,90.0,103.2033371886224,133.9957630703435,90.0,103.2033371886224
4.439999999999993,-11.399999999999597,50.0,180.0,43.99576307034348,90.0,103.2033371886224,46.00423692965652,90.0,256.7966628113776
4.439999999999993,13.946647288323536,50.0,187.36249105369436,32.76923116008971,90.0,109.46940676811967,57.23076883991029,90.0,250.53059323188035
4.459999999999993,14.5287474169293,-50.0,184.97379774329795,33.59973571263772,90.0,107.47214231325502,123.59973571263771,90.0,122.47214231325502
4.459999999999993,-12.599999999999572,-50.0,180.0,44.341669427271945,90.0,103.2675472610907,134.34166942727194,90.0,103.2675472610907
4.459999999999993,-12.599999999999572,50.0,180.0,44.341669427271945,90.0,103.2675472610907,45.658330572728055,90.0,256.7324527389093
4.459999999999993,14.5287474169293,50.0,184.97379774329795,33.59973571263772,90.0,107.47214231325502,56.40026428736228,90.0,252.527857686745
4.479999999999992,14.881720519717078,-50.0,182.50666467128704,34.51199066493364,90.0,105.44382662390191,124.51199066493365,90.0,120.44382662390191
4.479999999999992,-13.799999999999546,-50.0,180.0,44.68377718379415,90.0,103.33819794685547,134.68377718379415,90.0,103.33819794685547
4.479999999999992,-13.799999999999546,50.0,180.0,44.68377718379415,90.0,103.33819794685547,45.31622281620585,90.0,256.6618020531445
4.479999999999992,14.881720519717078,50.0,182.50666467128704,34.51199066493364,90.0,105.44382662390191,55.48800933506636,90.0,254.5561733760981
4.499999999999992,15.0,-50.0,180.000000000001,35.494767671458526,90.0,103.41529499072777,125.49476767145853,90.0,118.41529499072777
4.499999999999992,-14.99999999999952,-50.0,180.0,45.02205105291116,90.0,103.41529499072695,135.02205105291117,90.0,103.41529499072695
4.499999999999992,-14.99999999999952,50.0,180.0,45.02205105291116,90.0,103.41529499072695,44.97794894708884,90.0,256.5847050092731
4.499999999999992,15.0,50.0,180.000000000001,35.494767671458526,90.0,103.41529499072777,54.505232328541474,90.0,256.5847050092722
4.519999999999992,13.800000000000505,-50.0,180.0,35.9155766590042,90.0,103.33819794685553,125.9155766590042,90.0,118.33819794685553
4.519999999999992,-14.881720519717266,-50.0,182.50666467128502,43.835239618729716,90.0,105.44382662390028,133.8352396187297,90.0,105.44382662390028
4.519999999999992,-14.881720519717266,50.0,182.50666467128502,43.835239618729716,90.0,105.44382662390028,46.164760381270284,90.0,254.5561733760997
4.519999999999992,13.800000000000505,50.0,180.0,35.9155766590042,90.0,103.33819794685553,54.0844233409958,90.0,256.66180205314447
4.539999999999991,12.60000000000053,-50.0,180.0,36.33332354585312,90.0,103.26754726109074,126.33332354585312,90.0,118.26754726109074
4.539999999999991,-14.528747416929674,-50.0,184.97379774329602,42.58187673391763,90.0,107.47214231325341,132.58187673391762,90.0,107.47214231325341
4.539999999999991,-14.528747416929674,50.0,184.97379774329602,42.58187673391763,90.0,107.47214231325341,47.41812326608237,90.0,252.5278576867466
4.539999999999991,12.60000000000053,50.0,180.0,36.33332354585312,90.0,103.26754726109074,53.66667645414688,90.0,256.7324527389093
4.559999999999991,11.400000000000556,-50.0,180.0,36.74797787900477,90.0,103.20333718862244,126.74797787900476,90.0,118.20333718862244
4.559999999999991,-13.946647288324094,-50.0,187.36249105369248,41.28334782677445,90.0,109.4694067681181,131.28334782677445,90.0,109.4694067681181
4.559999999999991,-13.946647288324094,50.0,187.36249105369248,41.28334782677445,90.0,109.4694067681181,48.71665217322555,90.0,250.53059323188188
4.559999999999991,11.400000000000556,50.0,180.0,36.74797787900477,90.0,103.20333718862244,53.25202212099523,90.0,256.7966628113776
4.57999999999999,10.200000000000582,-50.0,180.0,37.159508772350506,90.0,103.14556255656905,127.1595087723505,90.0,118.14556255656905
4.57999999999999,-13.144600200658394,-50.0,189.63507348203325,39.96210508427709,90.0,111.40348373247102,129.96210508427708,90.0,111.40348373247102
4.57999999999999,-13.144600200658394,50.0,189.63507348203325,39.96210508427709,90.0,111.40348373247102,50.03789491572291,90.0,248.59651626752898
4.57999999999999,10.200000000000582,50.0,180.0,37.159508772350506,90.0,103.14556255656905,52.840491227649494,90.0,256.8544374434309
4.59999999999999,9.000000000000608,-50.0,180.0,37.567884931619,90.0,103.09421874965888,127.567884931619,90.0,118.09421874965888
4.59999999999999,-12.135254915624772,-50.0,191.75570504584843,38.641387686420394,90.0,113.24120616831568,128.6413876864204,90.0,113.24120616831568
4.59999999999999,-12.135254915624772,50.0,191.75570504584843,38.641387686420394,90.0,113.24120616831568,51.358612313579606,90.0,246.75879383168433
4.59999999999999,9.000000000000608,50.0,180.0,37.567884931619,90.0,103.09421874965888,52.432115068381,90.0,256.90578125034114
4.6199999999999894,7.800000000000633,-50.0,180.0,37.97307467871033,90.0,103.0493016974072,127.97307467871033,90.0,118.0493016974072
4.6199999999999894,-10.934529411321854,-50.0,193.69094211857282,37.34488387339265,90.0,114.94881982568388,127.34488387339265,90.0,114.94881982568388
4.6199999999999894,-10.934529411321854,50.0,193.69094211857282,37.34488387339265,90.0,114.94881982568388,52.65511612660735,90.0,245.05118017431613
4.6199999999999894,7.800000000000633,50.0,180.0,37.97307467871033,90.0,103.0493016974072,52.02692532128967,90.0,256.9506983025928
4.639999999999989,6.600000000000659,-50.0,180.0,38.3750459754067,90.0,103.01080786276842,128.3750459754067,90.0,118.01080786276842
4.639999999999989,-9.561359846231142,-50.0,195.4102648555149,36.0963060874928,90.0,116.4926496642508,126.09630608749279,90.0,116.4926496642508
4.639999999999989,-9.561359846231142,50.0,195.4102648555149,36.0963060874928,90.0,116.4926496642508,53.9036939125072,90.0,243.5073503357492
4.639999999999989,6.600000000000659,50.0,180.0,38.3750459754067,90.0,103.01080786276842,51.6249540245933,90.0,256.9891921372316
4.659999999999989,5.400000000000684,-50.0,180.0,38.773766446445904,90.0,102.97873423224524,128.7737664464459,90.0,117.97873423224524
4.659999999999989,-8.037401924685858,-50.0,196.88655851003955,34.918858172930214,90.0,117.84002214421244,124.91885817293021,90.0,117.84002214421244
4.659999999999989,-8.037401924685858,50.0,196.88655851003955,34.918858172930214,90.0,117.84002214421244,55.081141827069786,90.0,242.15997785578756
4.659999999999989,5.400000000000684,50.0,180.0,38.773766446445904,90.0,102.97873423224524,51.226233553554096,90.0,257.02126576775476
4.679999999999988,4.20000000000071,-50.0,180.0,39.16920340194247,90.0,102.95307830743904,129.16920340194247,90.0,117.95307830743904
4.679999999999988,-6.386689373477099,-50.0,198.09654104931977,33.8345909877417,90.0,118.96044239847981,123.8345909877417,90.0,118.96044239847981
4.679999999999988,-6.386689373477099,50.0,198.09654104931977,33.8345909877417,90.0,118.96044239847981,56.1654090122583,90.0,241.0395576015202
4.679999999999988,4.20000000000071,50.0,180.0,39.16920340194247,90.0,102.95307830743904,50.83079659805753,90.0,257.04692169256094
4.699999999999988,3.0000000000007354,-50.0,180.0,39.56132385913896,90.0,102.93383809802842,129.56132385913895,90.0,117.93383809802842
4.699999999999988,-4.6352549156253104,-50.0,199.0211303259026,32.86367004226741,90.00000000000001,119.8269729184521,122.86367004226742,89.99999999999999,119.8269729184521
4.699999999999988,-4.6352549156253104,50.0,199.0211303259026,32.86367004226741,90.00000000000001,119.8269729184521,57.13632995773259,90.00000000000001,240.1730270815479
4.699999999999988,3.0000000000007354,50.0,180.0,39.56132385913896,90.0,102.93383809802842,50.43867614086104,90.0,257.06616190197155
4.719999999999987,1.800000000000761,-50.0,180.0,39.95009456346957,90.0,102.92101211616486,129.95009456346958,90.0,117.92101211616486
4.719999999999987,-2.8107197187870456,-50.0,199.64574501457346,32.02361220892398,90.0,120.41769652198634,122.02361220892398,90.0,120.41769652198634
4.719999999999987,-2.8107197187870456,50.0,199.64574501457346,32.02361220892398,90.0,120.41769652198634,57.97638779107602,90.0,239.58230347801367
4.719999999999987,1.800000000000761,50.0,180.0,39.95009456346957,90.0,102.92101211616486,50.04990543653043,90.0,257.0789878838351
4.739999999999987,0.6000000000007866,-50.0,180.0,40.33548200891615,90.0,102.91459937227695,130.33548200891616,90.0,117.91459937227695
4.739999999999987,-0.9418577929409361,-50.0,199.96053456856532,31.328579304894404,90.0,120.71708781728687,121.3285793048944,90.0,120.71708781728687
4.739999999999987,-0.9418577929409361,50.0,199.96053456856532,31.328579304894404,90.0,120.71708781728687,58.671420695105596,90.0,239.28291218271312
4.739999999999987,0.6000000000007866,50.0,180.0,40.33548200891615,90.0,102.91459937227695,49.66451799108385,90.0,257.08540062772306
4.7599999999999865,-0.5999999999991878,-50.0,180.0,40.71745245763552,90.0,102.91459937227695,130.71745245763552,90.0,117.91459937227695
4.7599999999999865,0.9418577929384279,-50.0,199.96053456856555,30.788832024556495,90.0,120.71708781728707,120.7888320245565,90.0,120.71708781728707
4.7599999999999865,0.9418577929384279,50.0,199.96053456856555,30.788832024556495,90.0,120.71708781728707,59.2111679754435,90.0,239.28291218271295
4.7599999999999865,-0.5999999999991878,50.0,180.0,40.71745245763552,90.0,102.91459937227695,49.28254754236448,90.0,257.08540062772306
4.779999999999986,-1.7999999999991623,-50.0,180.0,41.095971958836536,90.0,102.92101211616483,131.09597195883654,90.0,117.92101211616483
4.779999999999986,2.8107197187845765,-50.0,199.64574501457412,30.410437445556827,90.0,120.41769652198697,120.41043744555682,90.0,120.41769652198697
4.779999999999986,2.8107197187845765,50.0,199.64574501457412,30.410437445556827,90.0,120.41769652198697,59.58956255444318,90.0,239.58230347801305
4.779999999999986,-1.7999999999991623,50.0,180.0,41.095971958836536,90.0,102.92101211616483,48.904028041163464,90.0,257.07898788383517
4.799999999999986,-2.9999999999991367,-50.0,180.0,41.471006366883294,90.0,102.93383809802842,131.4710063668833,90.0,117.93383809802842
4.799999999999986,4.635254915622921,-50.0,199.02113032590364,30.195284643884023,90.0,119.82697291845307,120.19528464388402,90.0,119.82697291845307
4.799999999999986,4.635254915622921,50.0,199.02113032590364,30.195284643884023,90.0,119.82697291845307,59.80471535611598,90.0,240.17302708154693
4.799999999999986,-2.9999999999991367,50.0,180.0,41.471006366883294,90.0,102.93383809802842,48.528993633116706,90.0,257.06616190197155
4.819999999999985,-4.199999999999111,-50.0,180.0,41.84252135860064,90.0,102.95307830743903,131.84252135860064,90.0,117.95307830743903
4.819999999999985,6.386689373474825,-50.0,198.0965410493212,30.14140547158457,90.0,118.96044239848113,120.14140547158456,90.0,118.96044239848113
4.819999999999985,6.386689373474825,50.0,198.0965410493212,30.14140547158457,90.0,118.96044239848113,59.85859452841543,90.0,241.03955760151888
4.819999999999985,-4.199999999999111,50.0,180.0,41.84252135860064,90.0,102.95307830743903,48.15747864139936,90.0,257.046921692561
4.839999999999985,-5.3999999999990855,-50.0,180.0,42.21048244975676,90.0,102.97873423224522,132.21048244975677,90.0,117.97873423224522
4.839999999999985,8.037401924683737,-50.0,196.8865585100413,30.243539977415807,90.00000000000001,117.84002214421409,120.24353997741581,89.99999999999999,117.84002214421409
4.839999999999985,8.037401924683737,50.0,196.8865585100413,30.243539977415807,90.00000000000001,117.84002214421409,59.75646002258419,90.00000000000001,242.1599778557859
4.839999999999985,-5.3999999999990855,50.0,180.0,42.21048244975676,90.0,102.97873423224522,47.78951755024324,90.0,257.0212657677548
4.859999999999984,-6.59999999999906,-50.0,180.0,42.57485501069698,90.0,103.01080786276839,132.57485501069698,90.0,118.01080786276839
4.859999999999984,9.561359846229205,-50.0,195.41026485551703,30.49384699907664,90.00000000000001,116.49264966425277,120.49384699907664,89.99999999999999,116.49264966425277
4.859999999999984,9.561359846229205,50.0,195.41026485551703,30.49384699907664,90.00000000000001,116.49264966425277,59.50615300092336,90.00000000000001,243.50735033574722
4.859999999999984,-6.59999999999906,50.0,180.0,42.57485501069698,90.0,103.01080786276839,47.42514498930302,90.0,256.9891921372316
4.879999999999984,-7.799999999999034,-50.0,180.0,42.93560428110191,90.0,103.04930169740715,132.93560428110192,90.0,118.04930169740715
4.879999999999984,10.934529411320135,-50.0,193.69094211857524,30.882649805534285,90.0,114.94881982568607,120.88264980553429,90.0,114.94881982568607
4.879999999999984,10.934529411320135,50.0,193.69094211857524,30.882649805534285,90.0,114.94881982568607,59.117350194465715,90.0,245.0511801743139
4.879999999999984,-7.799999999999034,50.0,180.0,42.93560428110191,90.0,103.04930169740715,47.06439571889809,90.0,256.95069830259285
4.8999999999999835,-8.999999999999009,-50.0,180.0,43.2926953838424,90.0,103.09421874965882,133.29269538384239,90.0,118.09421874965882
4.8999999999999835,12.135254915623294,-50.0,191.75570504585116,31.399121880304616,90.0,113.24120616831806,121.39912188030462,90.0,113.24120616831806
4.8999999999999835,12.135254915623294,50.0,191.75570504585116,31.399121880304616,90.0,113.24120616831806,58.60087811969538,90.0,246.75879383168194
4.8999999999999835,-8.999999999999009,50.0,180.0,43.2926953838424,90.0,103.09421874965882,46.7073046161576,90.0,256.9057812503412
4.919999999999983,-10.199999999998983,-50.0,180.0,43.64609333790279,90.0,103.14556255656899,133.64609333790278,90.0,118.14556255656899
4.919999999999983,13.144600200657184,-50.0,189.63507348203618,32.03184827323477,90.0,111.4034837324735,122.03184827323477,90.0,111.4034837324735
4.919999999999983,13.144600200657184,50.0,189.63507348203618,32.03184827323477,90.0,111.4034837324735,57.96815172676523,90.0,248.5965162675265
4.919999999999983,-10.199999999998983,50.0,180.0,43.64609333790279,90.0,103.14556255656899,46.35390666209721,90.0,256.85443744343104
4.939999999999983,-11.399999999998958,-50.0,180.0,43.995763070343294,90.0,103.20333718862236,133.9957630703433,90.0,118.20333718862236
4.939999999999983,13.946647288323167,-50.0,187.3624910536956,32.769231160089284,90.0,109.46940676812075,122.76923116008928,90.0,109.46940676812075
4.939999999999983,13.946647288323167,50.0,187.3624910536956,32.769231160089284,90.0,109.46940676812075,57.230768839910716,90.0,250.53059323187927
4.939999999999983,-11.399999999998958,50.0,180.0,43.995763070343294,90.0,103.20333718862236,46.004236929656706,90.0,256.79666281137764
4.959999999999982,-12.599999999998932,-50.0,180.0,44.34166942727177,90.0,103.26754726109066,134.34166942727177,90.0,118.26754726109066
4.959999999999982,14.52874741692905,-50.0,184.97379774329926,33.59973571263725,90.0,107.47214231325609,123.59973571263725,90.0,107.47214231325609
4.959999999999982,14.52874741692905,50.0,184.97379774329926,33.59973571263725,90.0,107.47214231325609,56.40026428736275,90.0,252.5278576867439
4.959999999999982,-12.599999999998932,50.0,180.0,44.34166942727177,90.0,103.26754726109066,45.65833057272823,90.0,256.73245273890933
4.979999999999982,-13.799999999998906,-50.0,180.0,44.68377718379395,90.0,103.33819794685544,134.68377718379395,90.0,118.33819794685544
4.979999999999982,14.881720519716952,-50.0,182.50666467128835,34.511990664933144,90.0,105.44382662390298,124.51199066493314,90.0,105.44382662390298
4.979999999999982,14.881720519716952,50.0,182.50666467128835,34.511990664933144,90.0,105.44382662390298,55.488009335066856,90.0,254.55617337609704
4.979999999999982,-13.799999999998906,50.0,180.0,44.68377718379395,90.0,103.33819794685544,45.31622281620605,90.0,256.6618020531446
4.999999999999981,-14.999999999998881,-50.0,180.0,45.02205105291097,90.0,103.4152949907269,135.02205105291097,90.0,118.4152949907269
4.999999999999981,15.0,-50.0,180.00000000000236,35.494767671458,90.0,103.41529499072885,125.49476767145799,90.0,103.41529499072885
4.999999999999981,15.0,50.0,180.00000000000236,35.494767671458,90.0,103.41529499072885,54.505232328542,90.0,256.58470500927115
4.999999999999981,-14.999999999998881,50.0,180.0,45.02205105291097,90.0,103.4152949907269,44.97794894708903,90.0,256.5847050092731
5.019999999999981,-14.881720519717392,-50.0,182.50666467128372,43.83523961873036,90.0,105.44382662389921,133.83523961873036,90.0,120.44382662389921
5.019999999999981,13.800000000001145,-50.0,180.0,35.915576659003975,90.0,103.33819794685559,125.91557665900397,90.0,103.33819794685559
5.019999999999981,13.800000000001145,50.0,180.0,35.915576659003975,90.0,103.33819794685559,54.084423340996025,90.0,256.6618020531444
5.019999999999981,-14.881720519717392,50.0,182.50666467128372,43.83523961873036,90.0,105.44382662389921,46.16476038126964,90.0,254.5561733761008
5.0399999999999805,-14.528747416929924,-50.0,184.9737977432947,42.58187673391832,90.0,107.47214231325232,132.5818767339183,90.0,122.47214231325232
5.0399999999999805,12.60000000000117,-50.0,180.0,36.333323545852885,90.0,103.26754726109078,126.33332354585289,90.0,103.26754726109078
5.0399999999999805,12.60000000000117,50.0,180.0,36.333323545852885,90.0,103.26754726109078,53.666676454147115,90.0,256.7324527389092
5.0399999999999805,-14.528747416929924,50.0,184.9737977432947,42.58187673391832,90.0,107.47214231325232,47.41812326608168,90.0,252.52785768674767
5.05999999999998,-13.946647288324463,-50.0,187.36249105369123,41.283347826775156,90.0,109.46940676811705,131.28334782677516,90.0,124.46940676811705
5.05999999999998,11.400000000001196,-50.0,180.0,36.74797787900455,90.0,103.20333718862247,126.74797787900455,90.0,103.20333718862247
5.05999999999998,11.400000000001196,50.0,180.0,36.74797787900455,90.0,103.20333718862247,53.25202212099545,90.0,256.79666281137753
5.05999999999998,-13.946647288324463,50.0,187.36249105369123,41.283347826775156,90.0,109.46940676811705,48.716652173224844,90.0,250.53059323188296
5.07999999999998,-13.144600200658878,-50.0,189.63507348203206,39.96210508427781,90.0,111.40348373246998,129.96210508427782,90.0,126.40348373246998
5.07999999999998,10.200000000001221,-50.0,180.0,37.15950877235028,90.0,103.1455625565691,127.15950877235028,90.0,103.1455625565691
5.07999999999998,10.200000000001221,50.0,180.0,37.15950877235028,90.0,103.1455625565691,52.84049122764972,90.0,256.8544374434309
5.07999999999998,-13.144600200658878,50.0,189.63507348203206,39.96210508427781,90.0,111.40348373246998,50.03789491572219,90.0,248.59651626753003
5.099999999999979,-12.135254915625362,-50.0,191.75570504584735,38.6413876864211,90.0,113.24120616831473,128.6413876864211,90.0,128.24120616831473
5.099999999999979,9.000000000001247,-50.0,180.0,37.56788493161878,90.0,103.09421874965889,127.56788493161878,90.0,103.09421874965889
5.099999999999979,9.000000000001247,50.0,180.0,37.56788493161878,90.0,103.09421874965889,52.43211506838122,90.0,256.9057812503411
5.099999999999979,-12.135254915625362,50.0,191.75570504584735,38.6413876864211,90.0,113.24120616831473,51.3586123135789,90.0,246.75879383168527
5.119999999999979,-10.934529411322542,-50.0,193.69094211857183,37.34488387339333,90.0,114.94881982568303,127.34488387339333,90.0,129.94881982568302
5.119999999999979,7.800000000001273,-50.0,180.0,37.973074678710134,90.0,103.0493016974072,127.97307467871013,90.0,103.0493016974072
5.119999999999979,7.800000000001273,50.0,180.0,37.973074678710134,90.0,103.0493016974072,52.026925321289866,90.0,256.9506983025928
5.119999999999979,-10.934529411322542,50.0,193.69094211857183,37.34488387339333,90.0,114.94881982568303,52.65511612660667,90.0,245.05118017431698
5.139999999999978,-9.561359846231918,-50.0,195.41026485551404,36.09630608749344,90.0,116.49264966425004,126.09630608749345,90.0,131.49264966425005
5.139999999999978,6.600000000001298,-50.0,180.0,38.37504597540648,90.0,103.01080786276844,128.37504597540647,90.0,103.01080786276844
5.139999999999978,6.600000000001298,50.0,180.0,38.37504597540648,90.0,103.01080786276844,51.62495402459352,90.0,256.98919213723156
5.139999999999978,-9.561359846231918,50.0,195.41026485551404,36.09630608749344,90.0,116.49264966425004,53.90369391250656,90.0,243.50735033574995
5.159999999999978,-8.037401924686707,-50.0,196.8865585100388,34.91885817293082,90.0,117.84002214421177,124.91885817293081,90.0,132.8400221442118
5.159999999999978,5.400000000001324,-50.0,180.0,38.77376644644569,90.0,102.97873423224527,128.77376644644568,90.0,102.97873423224527
5.159999999999978,5.400000000001324,50.0,180.0,38.77376644644569,90.0,102.97873423224527,51.22623355355431,90.0,257.0212657677547
5.159999999999978,-8.037401924686707,50.0,196.8865585100388,34.91885817293082,90.0,117.84002214421177,55.08114182706918,90.0,242.1599778557882
5.1799999999999775,-6.386689373478009,-50.0,198.09654104931917,33.83459098774225,90.0,118.96044239847924,123.83459098774225,90.0,133.96044239847924
5.1799999999999775,4.200000000001349,-50.0,180.0,39.169203401942255,90.0,102.95307830743907,129.16920340194224,90.0,102.95307830743907
5.1799999999999775,4.200000000001349,50.0,180.0,39.169203401942255,90.0,102.95307830743907,50.830796598057745,90.0,257.04692169256094
5.1799999999999775,-6.386689373478009,50.0,198.09654104931917,33.83459098774225,90.0,118.96044239847924,56.16540901225775,90.0,241.03955760152076
5.199999999999977,-4.635254915626264,-50.0,199.0211303259022,32.863670042267884,90.00000000000001,119.82697291845172,122.86367004226788,89.99999999999999,134.8269729184517
5.199999999999977,3.000000000001375,-50.0,180.0,39.561323859138746,90.0,102.93383809802845,129.56132385913875,90.0,102.93383809802845
5.199999999999977,3.000000000001375,50.0,180.0,39.561323859138746,90.0,102.93383809802845,50.438676140861254,90.0,257.06616190197155
5.199999999999977,-4.635254915626264,50.0,199.0211303259022,32.863670042267884,90.00000000000001,119.82697291845172,57.136329957732116,90.00000000000001,240.1730270815483
5.219999999999977,-2.81071971878803,-50.0,199.6457450145732,32.02361220892436,90.0,120.41769652198613,122.02361220892436,90.0,135.41769652198613
5.219999999999977,1.8000000000014005,-50.0,180.0,39.95009456346937,90.0,102.92101211616486,129.95009456346938,90.0,102.92101211616486
5.219999999999977,1.8000000000014005,50.0,180.0,39.95009456346937,90.0,102.92101211616486,50.04990543653063,90.0,257.0789878838351
5.219999999999977,-2.81071971878803,50.0,199.6457450145732,32.02361220892436,90.0,120.41769652198613,57.97638779107564,90.0,239.58230347801387
5.239999999999976,-0.9418577929419367,-50.0,199.96053456856524,31.328579304894756,90.00000000000001,120.71708781728674,121.32857930489476,89.99999999999999,135.71708781728674
5.239999999999976,0.6000000000014261,-50.0,180.0,40.335482008915946,90.0,102.91459937227695,130.33548200891596,90.0,102.91459937227695
5.239999999999976,0.6000000000014261,50.0,180.0,40.335482008915946,90.0,102.91459937227695,49.664517991084054,90.0,257.08540062772306
5.239999999999976,-0.9418577929419367,50.0,199.96053456856524,31.328579304894756,90.00000000000001,120.71708781728674,58.67142069510524,90.00000000000001,239.28291218271326
5.259999999999976,0.9418577929374241,-50.0,199.9605345685656,30.788832024556765,90.0,120.71708781728712,120.78883202455677,90.0,135.7170878172871
5.259999999999976,-0.5999999999985484,-50.0,180.0,40.71745245763531,90.0,102.91459937227695,130.71745245763532,90.0,102.91459937227695
5.259999999999976,-0.5999999999985484,50.0,180.0,40.71745245763531,90.0,102.91459937227695,49.28254754236469,90.0,257.08540062772306
5.259999999999976,0.9418577929374241,50.0,199.9605345685656,30.788832024556765,90.0,120.71708781728712,59.21116797544323,90.0,239.2829121827129
5.279999999999975,2.810719718783589,-50.0,199.64574501457435,30.410437445556987,90.0,120.41769652198721,120.410437445557,90.0,135.4176965219872
5.279999999999975,-1.7999999999985228,-50.0,180.0,41.09597195883634,90.0,102.92101211616483,131.09597195883634,90.0,102.92101211616483
5.279999999999975,-1.7999999999985228,50.0,180.0,41.09597195883634,90.0,102.92101211616483,48.90402804116366,90.0,257.07898788383517
5.279999999999975,2.810719718783589,50.0,199.64574501457435,30.410437445556987,90.0,120.41769652198721,59.58956255444301,90.0,239.5823034780128
5.299999999999975,4.635254915621965,-50.0,199.02113032590404,30.195284643884087,90.0,119.82697291845346,120.1952846438841,90.0,134.82697291845346
5.299999999999975,-2.999999999998497,-50.0,180.0,41.47100636688311,90.0,102.93383809802839,131.4710063668831,90.0,102.93383809802839
5.299999999999975,-2.999999999998497,50.0,180.0,41.47100636688311,90.0,102.93383809802839,48.52899363311689,90.0,257.0661619019716
5.299999999999975,4.635254915621965,50.0,199.02113032590404,30.195284643884087,90.0,119.82697291845346,59.80471535611591,90.0,240.17302708154654
5.3199999999999745,6.386689373473915,-50.0,198.09654104932176,30.14140547158454,90.0,118.96044239848169,120.14140547158453,90.0,133.9604423984817
5.3199999999999745,-4.199999999998472,-50.0,180.0,41.84252135860044,90.0,102.95307830743903,131.84252135860044,90.0,102.95307830743903
5.3199999999999745,-4.199999999998472,50.0,180.0,41.84252135860044,90.0,102.95307830743903,48.15747864139956,90.0,257.046921692561
5.3199999999999745,6.386689373473915,50.0,198.09654104932176,30.14140547158454,90.0,118.96044239848169,59.85859452841546,90.0,241.0395576015183
5.339999999999974,8.037401924682888,-50.0,196.88655851004205,30.2435399774157,90.00000000000001,117.84002214421479,120.24353997741571,89.99999999999999,132.8400221442148
5.339999999999974,-5.399999999998446,-50.0,180.0,42.21048244975657,90.0,102.9787342322452,132.21048244975657,90.0,102.9787342322452
5.339999999999974,-5.399999999998446,50.0,180.0,42.21048244975657,90.0,102.9787342322452,47.78951755024343,90.0,257.0212657677548
5.339999999999974,8.037401924682888,50.0,196.88655851004205,30.2435399774157,90.00000000000001,117.84002214421479,59.7564600225843,90.00000000000001,242.1599778557852
5.359999999999974,9.56135984622843,-50.0,195.4102648555179,30.49384699907647,90.0,116.49264966425355,120.49384699907647,90.0,131.49264966425355
5.359999999999974,-6.5999999999984205,-50.0,180.0,42.57485501069677,90.0,103.01080786276836,132.57485501069678,90.0,103.01080786276836
5.359999999999974,-6.5999999999984205,50.0,180.0,42.57485501069677,90.0,103.01080786276836,47.42514498930323,90.0,256.9891921372316
5.359999999999974,9.56135984622843,50.0,195.4102648555179,30.49384699907647,90.0,116.49264966425355,59.50615300092353,90.0,243.50735033574645
5.379999999999973,10.934529411319446,-50.0,193.69094211857623,30.88264980553403,90.0,114.94881982568697,120.88264980553403,90.0,129.94881982568697
5.379999999999973,-7.799999999998395,-50.0,180.0,42.93560428110172,90.0,103.04930169740712,132.93560428110172,90.0,103.04930169740712
5.379999999999973,-7.799999999998395,50.0,180.0,42.93560428110172,90.0,103.04930169740712,47.06439571889828,90.0,256.95069830259285
5.379999999999973,10.934529411319446,50.0,193.69094211857623,30.88264980553403,90.0,114.94881982568697,59.11735019446597,90.0,245.05118017431303
5.399999999999973,12.135254915622703,-50.0,191.75570504585224,31.399121880304318,90.0,113.24120616831901,121.39912188030432,90.0,128.24120616831902
5.399999999999973,-8.99999999999837,-50.0,180.0,43.29269538384223,90.0,103.09421874965878,133.29269538384222,90.0,103.09421874965878
5.399999999999973,-8.99999999999837,50.0,180.0,43.29269538384223,90.0,103.09421874965878,46.70730461615777,90.0,256.9057812503412
5.399999999999973,12.135254915622703,50.0,191.75570504585224,31.399121880304318,90.0,113.24120616831901,58.60087811969568,90.0,246.75879383168098
5.419999999999972,13.1446002006567,-50.0,189.63507348203734,32.0318482732344,90.0,111.40348373247453,122.0318482732344,90.0,126.40348373247453
5.419999999999972,-10.199999999998344,-50.0,180.0,43.646093337902606,90.0,103.14556255656896,133.6460933379026,90.0,103.14556255656896
5.419999999999972,-10.199999999998344,50.0,180.0,43.646093337902606,90.0,103.14556255656896,46.353906662097394,90.0,256.85443744343104
5.419999999999972,13.1446002006567,50.0,189.63507348203734,32.0318482732344,90.0,111.40348373247453,57.9681517267656,90.0,248.5965162675255
5.439999999999972,13.946647288322799,-50.0,187.36249105369683,32.769231160088886,90.0,109.46940676812176,122.76923116008888,90.0,124.46940676812176
5.439999999999972,-11.399999999998318,-50.0,180.0,43.99576307034311,90.0,103.20333718862233,133.99576307034312,90.0,103.20333718862233
5.439999999999972,-11.399999999998318,50.0,180.0,43.99576307034311,90.0,103.20333718862233,46.00423692965689,90.0,256.7966628113777
5.439999999999972,13.946647288322799,50.0,187.36249105369683,32.769231160088886,90.0,109.46940676812176,57.230768839911114,90.0,250.53059323187824
5.4599999999999715,14.528747416928798,-50.0,184.97379774330057,33.59973571263677,90.0,107.47214231325717,123.59973571263677,90.0,122.47214231325717
5.4599999999999715,-12.599999999998293,-50.0,180.0,44.34166942727159,90.0,103.26754726109063,134.3416694272716,90.0,103.26754726109063
5.4599999999999715,-12.599999999998293,50.0,180.0,44.34166942727159,90.0,103.26754726109063,45.65833057272841,90.0,256.7324527389094
5.4599999999999715,14.528747416928798,50.0,184.97379774330057,33.59973571263677,90.0,107.47214231325717,56.40026428736323,90.0,252.52785768674283
5.479999999999971,14.881720519716827,-50.0,182.50666467128968,34.51199066493265,90.0,105.44382662390406,124.51199066493265,90.0,120.44382662390406
5.479999999999971,-13.799999999998267,-50.0,180.0,44.68377718379377,90.0,103.3381979468554,134.68377718379378,90.0,103.3381979468554
5.479999999999971,-13.799999999998267,50.0,180.0,44.68377718379377,90.0,103.3381979468554,45.31622281620623,90.0,256.6618020531446
5.479999999999971,14.881720519716827,50.0,182.50666467128968,34.51199066493265,90.0,105.44382662390406,55.48800933506735,90.0,254.55617337609596
5.499999999999971,15.0,-50.0,180.0000000000037,35.494767671457446,90.0,103.41529499072996,125.49476767145745,90.0,118.41529499072996
5.499999999999971,-14.999999999998241,-50.0,180.0,45.02205105291078,90.0,103.41529499072688,135.0220510529108,90.0,103.41529499072688
5.499999999999971,-14.999999999998241,50.0,180.0,45.02205105291078,90.0,103.41529499072688,44.97794894708922,90.0,256.58470500927314
5.499999999999971,15.0,50.0,180.0000000000037,35.494767671457446,90.0,103.41529499072996,54.505232328542554,90.0,256.58470500927
5.51999999999997,13.800000000001784,-50.0,180.0,35.915576659003754,90.0,103.33819794685562,125.91557665900376,90.0,118.33819794685562
5.51999999999997,-14.88172051971752,-50.0,182.50666467128238,43.83523961873101,90.0,105.44382662389813,133.835239618731,90.0,105.44382662389813
5.51999999999997,-14.88172051971752,50.0,182.50666467128238,43.83523961873101,90.0,105.44382662389813,46.16476038126899,90.0,254.55617337610187
5.51999999999997,13.800000000001784,50.0,180.0,35.915576659003754,90.0,103.33819794685562,54.084423340996246,90.0,256.66180205314436
5.53999999999997,12.60000000000181,-50.0,180.0,36.33332354585267,90.0,103.26754726109081,126.33332354585266,90.0,118.26754726109081
5.53999999999997,-14.528747416930173,-50.0,184.97379774329343,42.58187673391898,90.0,107.47214231325128,132.581876733919,90.0,107.47214231325128
5.53999999999997,-14.528747416930173,50.0,184.97379774329343,42.58187673391898,90.0,107.47214231325128,47.41812326608102,90.0,252.52785768674872
5.53999999999997,12.60000000000181,50.0,180.0,36.33332354585267,90.0,103.26754726109081,53.66667645414733,90.0,256.73245273890916
5.559999999999969,11.400000000001835,-50.0,180.0,36.74797787900432,90.0,103.20333718862251,126.74797787900431,90.0,118.20333718862251
5.559999999999969,-13.946647288324833,-50.0,187.36249105368998,41.28334782677586,90.0,109.46940676811599,131.28334782677587,90.0,109.46940676811599
5.559999999999969,-13.946647288324833,50.0,187.36249105368998,41.28334782677586,90.0,109.46940676811599,48.71665217322414,90.0,250.530593231884
5.559999999999969,11.400000000001835,50.0,180.0,36.74797787900432,90.0,103.20333718862251,53.25202212099568,90.0,256.7966628113775
5.579999999999969,10.200000000001861,-50.0,180.0,37.159508772350065,90.0,103.14556255656912,127.15950877235007,90.0,118.14556255656912
5.579999999999969,-13.144600200659363,-50.0,189.6350734820309,39.96210508427851,90.0,111.40348373246898,129.9621050842785,90.0,111.40348373246898
5.579999999999969,-13.144600200659363,50.0,189.6350734820309,39.96210508427851,90.0,111.40348373246898,50.03789491572149,90.0,248.596516267531
5.579999999999969,10.200000000001861,50.0,180.0,37.159508772350065,90.0,103.14556255656912,52.840491227649935,90.0,256.85443744343087
5.599999999999969,9.000000000001886,-50.0,180.0,37.56788493161856,90.0,103.09421874965894,127.56788493161855,90.0,118.09421874965894
5.599999999999969,-12.135254915625953,-50.0,191.75570504584627,38.64138768642178,90.0,113.24120616831381,128.64138768642178,90.0,113.24120616831381
5.599999999999969,-12.135254915625953,50.0,191.75570504584627,38.64138768642178,90.0,113.24120616831381,51.35861231357822,90.0,246.7587938316862
5.599999999999969,9.000000000001886,50.0,180.0,37.56788493161856,90.0,103.09421874965894,52.43211506838144,90.0,256.9057812503411
5.619999999999968,7.800000000001912,-50.0,180.0,37.9730746787099,90.0,103.04930169740726,127.9730746787099,90.0,118.04930169740726
5.619999999999968,-10.93452941132323,-50.0,193.69094211857086,37.34488387339399,90.0,114.94881982568218,127.344883873394,90.0,114.94881982568218
5.619999999999968,-10.93452941132323,50.0,193.69094211857086,37.34488387339399,90.0,114.94881982568218,52.65511612660601,90.0,245.05118017431784
5.619999999999968,7.800000000001912,50.0,180.0,37.9730746787099,90.0,103.04930169740726,52.0269253212901,90.0,256.95069830259274
5.639999999999968,6.600000000001938,-50.0,180.0,38.375045975406266,90.0,103.01080786276847,128.37504597540627,90.0,118.01080786276847
5.639999999999968,-9.56135984623269,-50.0,195.4102648555132,36.09630608749408,90.0,116.49264966424927,126.09630608749407,90.0,116.49264966424927
5.639999999999968,-9.56135984623269,50.0,195.4102648555132,36.09630608749408,90.0,116.49264966424927,53.90369391250592,90.0,243.50735033575074
5.639999999999968,6.600000000001938,50.0,180.0,38.375045975406266,90.0,103.01080786276847,51.624954024593734,90.0,256.9891921372315
5.659999999999967,5.400000000001963,-50.0,180.0,38.77376644644548,90.0,102.97873423224529,128.77376644644548,90.0,117.97873423224529
5.659999999999967,-8.037401924687552,-50.0,196.8865585100381,34.91885817293142,90.0,117.84002214421112,124.91885817293142,90.0,117.84002214421112
5.659999999999967,-8.037401924687552,50.0,196.8865585100381,34.91885817293142,90.0,117.84002214421112,55.08114182706858,90.0,242.1599778557889
5.659999999999967,5.400000000001963,50.0,180.0,38.77376644644548,90.0,102.97873423224529,51.22623355355452,90.0,257.0212657677547
5.679999999999967,4.200000000001989,-50.0,180.0,39.169203401942035,90.0,102.95307830743909,129.16920340194204,90.0,117.95307830743909
5.679999999999967,-6.386689373478917,-50.0,198.0965410493186,33.83459098774281,90.0,118.96044239847872,123.83459098774281,90.0,118.96044239847872
5.679999999999967,-6.386689373478917,50.0,198.0965410493186,33.83459098774281,90.0,118.96044239847872,56.16540901225719,90.0,241.03955760152127
5.679999999999967,4.200000000001989,50.0,180.0,39.169203401942035,90.0,102.95307830743909,50.830796598057965,90.0,257.0469216925609
5.699999999999966,3.0000000000020144,-50.0,180.0,39.56132385913854,90.0,102.93383809802845,129.56132385913855,90.0,117.93383809802845
5.699999999999966,-4.635254915627221,-50.0,199.02113032590177,32.863670042268375,90.0,119.82697291845133,122.86367004226838,90.0,119.82697291845133
5.699999999999966,-4.635254915627221,50.0,199.02113032590177,32.863670042268375,90.0,119.82697291845133,57.136329957731625,90.0,240.17302708154867
5.699999999999966,3.0000000000020144,50.0,180.0,39.56132385913854,90.0,102.93383809802845,50.43867614086146,90.0,257.06616190197155
5.719999999999966,1.80000000000204,-50.0,180.0,39.950094563469165,90.0,102.92101211616486,129.95009456346918,90.0,117.92101211616486
5.719999999999966,-2.8107197187890183,-50.0,199.64574501457298,32.02361220892476,90.00000000000001,120.41769652198593,122.02361220892476,89.99999999999999,120.41769652198593
5.719999999999966,-2.8107197187890183,50.0,199.64574501457298,32.02361220892476,90.00000000000001,120.41769652198593,57.97638779107524,90.00000000000001,239.58230347801407
5.719999999999966,1.80000000000204,50.0,180.0,39.950094563469165,90.0,102.92101211616486,50.049905436530835,90.0,257.0789878838351
5.739999999999966,0.6000000000020655,-50.0,180.0,40.33548200891575,90.0,102.91459937227695,130.33548200891573,90.0,117.91459937227695
5.739999999999966,-0.9418577929429405,-50.0,199.96053456856515,31.32857930489508,90.0,120.71708781728665,121.32857930489507,90.0,120.71708781728665
5.739999999999966,-0.9418577929429405,50.0,199.96053456856515,31.32857930489508,90.0,120.71708781728665,58.67142069510492,90.0,239.28291218271335
5.739999999999966,0.6000000000020655,50.0,180.0,40.33548200891575,90.0,102.91459937227695,49.66451799108425,90.0,257.08540062772306
5.759999999999965,-0.5999999999979089,-50.0,180.0,40.71745245763511,90.0,102.91459937227695,130.71745245763512,90.0,117.91459937227695
5.759999999999965,0.9418577929364201,-50.0,199.96053456856572,30.788832024557,90.0,120.71708781728722,120.788832024557,90.0,120.71708781728722
5.759999999999965,0.9418577929364201,50.0,199.96053456856572,30.788832024557,90.0,120.71708781728722,59.211167975443004,90.0,239.28291218271278
5.759999999999965,-0.5999999999979089,50.0,180.0,40.71745245763511,90.0,102.91459937227695,49.28254754236489,90.0,257.08540062772306
5.779999999999965,-1.7999999999978833,-50.0,180.0,41.09597195883613,90.0,102.92101211616483,131.09597195883612,90.0,117.92101211616483
5.779999999999965,2.8107197187826043,-50.0,199.6457450145746,30.410437445557157,90.0,120.41769652198744,120.41043744555716,90.0,120.41769652198744
5.779999999999965,2.8107197187826043,50.0,199.6457450145746,30.410437445557157,90.0,120.41769652198744,59.58956255444284,90.0,239.58230347801256
5.779999999999965,-1.7999999999978833,50.0,180.0,41.09597195883613,90.0,102.92101211616483,48.90402804116387,90.0,257.07898788383517
5.799999999999964,-2.9999999999978577,-50.0,180.0,41.47100636688291,90.0,102.93383809802837,131.4710063668829,90.0,117.93383809802837
5.799999999999964,4.635254915621011,-50.0,199.02113032590447,30.19528464388416,90.00000000000001,119.82697291845385,120.19528464388416,89.99999999999999,119.82697291845385
5.799999999999964,4.635254915621011,50.0,199.02113032590447,30.19528464388416,90.00000000000001,119.82697291845385,59.804715356115835,90.00000000000001,240.17302708154614
5.799999999999964,-2.9999999999978577,50.0,180.0,41.47100636688291,90.0,102.93383809802837,48.52899363311709,90.0,257.0661619019716
5.819999999999964,-4.199999999997832,-50.0,180.0,41.84252135860026,90.0,102.95307830743901,131.84252135860027,90.0,117.95307830743901
5.819999999999964,6.386689373473005,-50.0,198.09654104932233,30.141405471584555,90.0,118.96044239848217,120.14140547158456,90.0,118.96044239848217
5.819999999999964,6.386689373473005,50.0,198.09654104932233,30.141405471584555,90.0,118.96044239848217,59.858594528415445,90.0,241.03955760151783
5.819999999999964,-4.199999999997832,50.0,180.0,41.84252135860026,90.0,102.95307830743901,48.15747864139974,90.0,257.046921692561
5.839999999999963,-5.3999999999978066,-50.0,180.0,42.21048244975636,90.0,102.9787342322452,132.21048244975637,90.0,117.9787342322452
5.839999999999963,8.037401924682039,-50.0,196.88655851004276,30.243539977415622,90.00000000000001,117.8400221442154,120.24353997741562,89.99999999999999,117.8400221442154
5.839999999999963,8.037401924682039,50.0,196.88655851004276,30.243539977415622,90.00000000000001,117.8400221442154,59.75646002258438,90.00000000000001,242.1599778557846
5.839999999999963,-5.3999999999978066,50.0,180.0,42.21048244975636,90.0,102.9787342322452,47.78951755024364,90.0,257.0212657677548
5.859999999999963,-6.599999999997781,-50.0,180.0,42.574855010696574,90.0,103.01080786276836,132.57485501069658,90.0,118.01080786276836
5.859999999999963,9.561359846227662,-50.0,195.41026485551873,30.49384699907629,90.0,116.49264966425432,120.49384699907628,90.0,116.49264966425432
5.859999999999963,9.561359846227662,50.0,195.41026485551873,30.49384699907629,90.0,116.49264966425432,59.50615300092371,90.0,243.50735033574568
5.859999999999963,-6.599999999997781,50.0,180.0,42.574855010696574,90.0,103.01080786276836,47.425144989303426,90.0,256.9891921372316
5.879999999999963,-7.799999999997755,-50.0,180.0,42.935604281101526,90.0,103.0493016974071,132.93560428110152,90.0,118.0493016974071
5.879999999999963,10.934529411318758,-50.0,193.6909421185772,30.882649805533802,90.0,114.9488198256878,120.8826498055338,90.0,114.9488198256878
5.879999999999963,10.934529411318758,50.0,193.6909421185772,30.882649805533802,90.0,114.9488198256878,59.1173501944662,90.0,245.0511801743122
5.879999999999963,-7.799999999997755,50.0,180.0,42.935604281101526,90.0,103.0493016974071,47.064395718898474,90.0,256.9506983025929
5.899999999999962,-8.99999999999773,-50.0,180.0,43.29269538384203,90.0,103.09421874965876,133.29269538384204,90.0,118.09421874965876
5.899999999999962,12.135254915622115,-50.0,191.75570504585332,31.39912188030399,90.0,113.24120616831996,121.399121880304,90.0,113.24120616831996
5.899999999999962,12.135254915622115,50.0,191.75570504585332,31.39912188030399,90.0,113.24120616831996,58.600878119696006,90.0,246.75879383168004
5.899999999999962,-8.99999999999773,50.0,180.0,43.29269538384203,90.0,103.09421874965876,46.70730461615797,90.0,256.90578125034125
5.919999999999962,-10.199999999997704,-50.0,180.0,43.64609333790242,90.0,103.14556255656893,133.6460933379024,90.0,118.14556255656893
5.919999999999962,13.144600200656216,-50.0,189.63507348203854,32.03184827323403,90.0,111.40348373247556,122.03184827323403,90.0,111.40348373247556
5.919999999999962,13.144600200656216,50.0,189.63507348203854,32.03184827323403,90.0,111.40348373247556,57.96815172676597,90.0,248.59651626752444
5.919999999999962,-10.199999999997704,50.0,180.0,43.64609333790242,90.0,103.14556255656893,46.35390666209758,90.0,256.85443744343104
5.939999999999961,-11.399999999997679,-50.0,180.0,43.99576307034293,90.0,103.2033371886223,133.99576307034295,90.0,118.2033371886223
5.939999999999961,13.946647288322428,-50.0,187.36249105369808,32.76923116008847,90.0,109.46940676812282,122.76923116008847,90.0,109.46940676812282
5.939999999999961,13.946647288322428,50.0,187.36249105369808,32.76923116008847,90.0,109.46940676812282,57.23076883991153,90.0,250.53059323187716
5.939999999999961,-11.399999999997679,50.0,180.0,43.99576307034293,90.0,103.2033371886223,46.00423692965707,90.0,256.7966628113777
5.959999999999961,-12.599999999997653,-50.0,180.0,44.3416694272714,90.0,103.26754726109058,134.3416694272714,90.0,118.26754726109058
5.959999999999961,14.528747416928548,-50.0,184.97379774330187,33.59973571263632,90.0,107.47214231325825,123.59973571263632,90.0,107.47214231325825
5.959999999999961,14.528747416928548,50.0,184.97379774330187,33.59973571263632,90.0,107.47214231325825,56.40026428736368,90.0,252.52785768674175
5.959999999999961,-12.599999999997653,50.0,180.0,44.3416694272714,90.0,103.26754726109058,45.6583305727286,90.0,256.7324527389094
5.9799999999999605,-13.799999999997627,-50.0,180.0,44.683777183793595,90.0,103.33819794685536,134.6837771837936,90.0,118.33819794685536
5.9799999999999605,14.8817205197167,-50.0,182.50666467129102,34.51199066493213,90.0,105.44382662390515,124.51199066493213,90.0,105.44382662390515
5.9799999999999605,14.8817205197167,50.0,182.50666467129102,34.51199066493213,90.0,105.44382662390515,55.48800933506787,90.0,254.55617337609485
5.9799999999999605,-13.799999999997627,50.0,180.0,44.683777183793595,90.0,103.33819794685536,45.316222816206405,90.0,256.66180205314464
5.99999999999996,-14.999999999997602,-50.0,180.0,45.02205105291062,90.0,103.41529499072682,135.02205105291063,90.0,118.41529499072682
5.99999999999996,15.0,-50.0,180.00000000000503,35.4947676714569,90.0,103.41529499073103,125.4947676714569,90.0,103.41529499073103
5.99999999999996,15.0,50.0,180.00000000000503,35.4947676714569,90.0,103.41529499073103,54.5052323285431,90.0,256.584705009269
5.99999999999996,-14.999999999997602,50.0,180.0,45.02205105291062,90.0,103.41529499072682,44.97794894708938,90.0,256.5847050092732
6.01999999999996,-14.881720519717645,-50.0,182.50666467128104,43.83523961873167,90.0,105.44382662389701,133.83523961873166,90.0,120.44382662389701
6.01999999999996,13.800000000002424,-50.0,180.0,35.915576659003534,90.0,103.33819794685564,125.91557665900353,90.0,103.33819794685564
6.01999999999996,13.800000000002424,50.0,180.0,35.915576659003534,90.0,103.33819794685564,54.084423340996466,90.0,256.66180205314436
6.01999999999996,-14.881720519717645,50.0,182.50666467128104,43.83523961873167,90.0,105.44382662389701,46.16476038126833,90.0,254.556173376103
6.039999999999959,-14.528747416930424,-50.0,184.97379774329212,42.58187673391968,90.0,107.47214231325019,132.58187673391967,90.0,122.47214231325019
6.039999999999959,12.60000000000245,-50.0,180.0,36.333323545852444,90.0,103.26754726109085,126.33332354585244,90.0,103.26754726109085
6.039999999999959,12.60000000000245,50.0,180.0,36.333323545852444,90.0,103.26754726109085,53.666676454147556,90.0,256.73245273890916
6.039999999999959,-14.528747416930424,50.0,184.97379774329212,42.58187673391968,90.0,107.47214231325019,47.41812326608032,90.0,252.52785768674983
6.059999999999959,-13.946647288325202,-50.0,187.36249105368873,41.28334782677658,90.0,109.46940676811491,131.28334782677658,90.0,124.46940676811491
6.059999999999959,11.400000000002475,-50.0,180.0,36.74797787900411,90.0,103.20333718862254,126.74797787900411,90.0,103.20333718862254
6.059999999999959,11.400000000002475,50.0,180.0,36.74797787900411,90.0,103.20333718862254,53.25202212099589,90.0,256.7966628113775
6.059999999999959,-13.946647288325202,50.0,187.36249105368873,41.28334782677658,90.0,109.46940676811491,48.71665217322342,90.0,250.5305932318851
6.079999999999958,-13.144600200659845,-50.0,189.63507348202972,39.96210508427923,90.0,111.40348373246798,129.96210508427924,90.0,126.40348373246798
6.079999999999958,10.2000000000025,-50.0,180.0,37.15950877234985,90.0,103.14556255656913,127.15950877234985,90.0,103.14556255656913
6.079999999999958,10.2000000000025,50.0,180.0,37.15950877234985,90.0,103.14556255656913,52.84049122765015,90.0,256.85443744343087
6.079999999999958,-13.144600200659845,50.0,189.63507348202972,39.96210508427923,90.0,111.40348373246798,50.03789491572077,90.0,248.59651626753202
6.099999999999958,-12.135254915626545,-50.0,191.7557050458452,38.64138768642248,90.0,113.24120616831286,128.6413876864225,90.0,128.24120616831286
6.099999999999958,9.000000000002526,-50.0,180.0,37.567884931618345,90.0,103.09421874965896,127.56788493161835,90.0,103.09421874965896
6.099999999999958,9.000000000002526,50.0,180.0,37.567884931618345,90.0,103.09421874965896,52.432115068381655,90.0,256.905781250341
6.099999999999958,-12.135254915626545,50.0,191.7557050458452,38.64138768642248,90.0,113.24120616831286,51.35861231357752,90.0,246.75879383168714
6.1199999999999575,-10.934529411323917,-50.0,193.69094211856986,37.344883873394686,90.0,114.9488198256813,127.34488387339468,90.0,129.9488198256813
6.1199999999999575,7.800000000002552,-50.0,180.0,37.97307467870969,90.0,103.04930169740729,127.9730746787097,90.0,103.04930169740729
6.1199999999999575,7.800000000002552,50.0,180.0,37.97307467870969,90.0,103.04930169740729,52.02692532129031,90.0,256.95069830259274
6.1199999999999575,-10.934529411323917,50.0,193.69094211856986,37.344883873394686,90.0,114.9488198256813,52.655116126605314,90.0,245.0511801743187
6.139999999999957,-9.561359846233465,-50.0,195.41026485551234,36.09630608749474,90.0,116.49264966424852,126.09630608749474,90.0,131.49264966424852
6.139999999999957,6.600000000002577,-50.0,180.0,38.37504597540605,90.0,103.0108078627685,128.37504597540607,90.0,103.0108078627685
6.139999999999957,6.600000000002577,50.0,180.0,38.37504597540605,90.0,103.0108078627685,51.62495402459395,90.0,256.9891921372315
6.139999999999957,-9.561359846233465,50.0,195.41026485551234,36.09630608749474,90.0,116.49264966424852,53.90369391250526,90.0,243.50735033575148
6.159999999999957,-8.037401924688401,-50.0,196.8865585100374,34.918858172932026,90.0,117.84002214421045,124.91885817293203,90.0,132.84002214421045
6.159999999999957,5.400000000002603,-50.0,180.0,38.773766446445265,90.0,102.97873423224532,128.77376644644528,90.0,102.97873423224532
6.159999999999957,5.400000000002603,50.0,180.0,38.773766446445265,90.0,102.97873423224532,51.226233553554735,90.0,257.0212657677547
6.159999999999957,-8.037401924688401,50.0,196.8865585100374,34.918858172932026,90.0,117.84002214421045,55.081141827067974,90.0,242.15997785578955
6.179999999999956,-6.386689373479827,-50.0,198.09654104931803,33.834590987743354,90.0,118.96044239847818,123.83459098774335,90.0,133.96044239847816
6.179999999999956,4.200000000002628,-50.0,180.0,39.16920340194183,90.0,102.95307830743909,129.16920340194184,90.0,102.95307830743909
6.179999999999956,4.200000000002628,50.0,180.0,39.16920340194183,90.0,102.95307830743909,50.83079659805817,90.0,257.0469216925609
6.179999999999956,-6.386689373479827,50.0,198.09654104931803,33.834590987743354,90.0,118.96044239847818,56.165409012256646,90.0,241.03955760152184
6.199999999999956,-4.6352549156281775,-50.0,199.02113032590137,32.86367004226886,90.0,119.82697291845092,122.86367004226886,90.0,134.8269729184509
6.199999999999956,3.000000000002654,-50.0,180.0,39.561323859138334,90.0,102.93383809802845,129.56132385913833,90.0,102.93383809802845
6.199999999999956,3.000000000002654,50.0,180.0,39.561323859138334,90.0,102.93383809802845,50.438676140861666,90.0,257.06616190197155
6.199999999999956,-4.6352549156281775,50.0,199.02113032590137,32.86367004226886,90.0,119.82697291845092,57.13632995773114,90.0,240.1730270815491
6.219999999999955,-2.8107197187900033,-50.0,199.64574501457273,32.02361220892518,90.0,120.41769652198568,122.02361220892519,90.0,135.41769652198568
6.219999999999955,1.8000000000026795,-50.0,180.0,39.95009456346896,90.0,102.92101211616486,129.95009456346895,90.0,102.92101211616486
6.219999999999955,1.8000000000026795,50.0,180.0,39.95009456346896,90.0,102.92101211616486,50.04990543653104,90.0,257.0789878838351
6.219999999999955,-2.8107197187900033,50.0,199.64574501457273,32.02361220892518,90.0,120.41769652198568,57.97638779107482,90.0,239.58230347801432
6.239999999999955,-0.9418577929439411,-50.0,199.96053456856507,31.3285793048954,90.00000000000001,120.71708781728661,121.3285793048954,89.99999999999999,135.7170878172866
6.239999999999955,0.600000000002705,-50.0,180.0,40.33548200891554,90.0,102.91459937227695,130.33548200891553,90.0,102.91459937227695
6.239999999999955,0.600000000002705,50.0,180.0,40.33548200891554,90.0,102.91459937227695,49.66451799108446,90.0,257.08540062772306
6.239999999999955,-0.9418577929439411,50.0,199.96053456856507,31.3285793048954,90.00000000000001,120.71708781728661,58.6714206951046,90.00000000000001,239.2829121827134
6.2599999999999545,0.9418577929354197,-50.0,199.96053456856578,30.78883202455726,90.0,120.71708781728726,120.78883202455725,90.0,135.71708781728728
6.2599999999999545,-0.5999999999972694,-50.0,180.0,40.717452457634906,90.0,102.91459937227695,130.71745245763492,90.0,102.91459937227695
6.2599999999999545,-0.5999999999972694,50.0,180.0,40.717452457634906,90.0,102.91459937227695,49.282547542365094,90.0,257.08540062772306
6.2599999999999545,0.9418577929354197,50.0,199.96053456856578,30.78883202455726,90.0,120.71708781728726,59.21116797544274,90.0,239.28291218271272
6.279999999999954,2.8107197187816158,-50.0,199.64574501457486,30.41043744555731,90.00000000000001,120.4176965219877,120.4104374455573,89.99999999999999,135.4176965219877
6.279999999999954,-1.7999999999972438,-50.0,180.0,41.095971958835925,90.0,102.92101211616483,131.09597195883592,90.0,102.92101211616483
6.279999999999954,-1.7999999999972438,50.0,180.0,41.095971958835925,90.0,102.92101211616483,48.904028041164075,90.0,257.07898788383517
6.279999999999954,2.8107197187816158,50.0,199.64574501457486,30.41043744555731,90.00000000000001,120.4176965219877,59.58956255444269,90.00000000000001,239.5823034780123
6.299999999999954,4.635254915620054,-50.0,199.02113032590486,30.195284643884246,90.0,119.82697291845423,120.19528464388425,90.0,134.82697291845423
6.299999999999954,-2.9999999999972182,-50.0,180.0,41.471006366882705,90.0,102.93383809802837,131.4710063668827,90.0,102.93383809802837
6.299999999999954,-2.9999999999972182,50.0,180.0,41.471006366882705,90.0,102.93383809802837,48.528993633117295,90.0,257.0661619019716
6.299999999999954,4.635254915620054,50.0,199.02113032590486,30.195284643884246,90.0,119.82697291845423,59.80471535611575,90.0,240.17302708154577
6.319999999999953,6.386689373472101,-50.0,198.0965410493229,30.141405471584523,90.0,118.96044239848274,120.14140547158452,90.0,133.96044239848274
6.319999999999953,-4.199999999997193,-50.0,180.0,41.84252135860005,90.0,102.95307830743901,131.84252135860004,90.0,102.95307830743901
6.319999999999953,-4.199999999997193,50.0,180.0,41.84252135860005,90.0,102.95307830743901,48.15747864139995,90.0,257.046921692561
6.319999999999953,6.386689373472101,50.0,198.0965410493229,30.141405471584523,90.0,118.96044239848274,59.85859452841548,90.0,241.03955760151726
6.339999999999953,8.03740192468119,-50.0,196.88655851004347,30.24353997741553,90.0,117.84002214421605,120.24353997741554,90.0,132.84002214421605
6.339999999999953,-5.399999999997167,-50.0,180.0,42.21048244975618,90.0,102.97873423224517,132.21048244975617,90.0,102.97873423224517
6.339999999999953,-5.399999999997167,50.0,180.0,42.21048244975618,90.0,102.97873423224517,47.78951755024382,90.0,257.0212657677548
6.339999999999953,8.03740192468119,50.0,196.88655851004347,30.24353997741553,90.0,117.84002214421605,59.75646002258447,90.0,242.15997785578395
6.359999999999952,9.561359846226885,-50.0,195.41026485551959,30.493846999076137,90.0,116.49264966425505,120.49384699907614,90.0,131.49264966425505
6.359999999999952,-6.5999999999971415,-50.0,180.0,42.574855010696396,90.0,103.01080786276833,132.5748550106964,90.0,103.01080786276833
6.359999999999952,-6.5999999999971415,50.0,180.0,42.574855010696396,90.0,103.01080786276833,47.425144989303604,90.0,256.98919213723167
6.359999999999952,9.561359846226885,50.0,195.41026485551959,30.493846999076137,90.0,116.49264966425505,59.50615300092386,90.0,243.50735033574495
6.379999999999952,10.934529411318069,-50.0,193.6909421185782,30.882649805533543,90.0,114.9488198256887,120.88264980553355,90.0,129.9488198256887
6.379999999999952,-7.799999999997116,-50.0,180.0,42.93560428110133,90.0,103.04930169740709,132.93560428110132,90.0,103.04930169740709
6.379999999999952,-7.799999999997116,50.0,180.0,42.93560428110133,90.0,103.04930169740709,47.06439571889867,90.0,256.9506983025929
6.379999999999952,10.934529411318069,50.0,193.6909421185782,30.882649805533543,90.0,114.9488198256887,59.117350194466454,90.0,245.0511801743113
6.3999999999999515,12.135254915621523,-50.0,191.7557050458544,31.399121880303706,90.0,113.24120616832091,121.39912188030371,90.0,128.2412061683209
6.3999999999999515,-8.99999999999709,-50.0,180.0,43.29269538384184,90.0,103.09421874965874,133.29269538384185,90.0,103.09421874965874
6.3999999999999515,-8.99999999999709,50.0,180.0,43.29269538384184,90.0,103.09421874965874,46.70730461615816,90.0,256.90578125034125
6.3999999999999515,12.135254915621523,50.0,191.7557050458544,31.399121880303706,90.0,113.24120616832091,58.60087811969629,90.0,246.7587938316791
6.419999999999951,13.14460020065573,-50.0,189.6350734820397,32.03184827323368,90.0,111.40348373247654,122.03184827323368,90.0,126.40348373247654
6.419999999999951,-10.199999999997065,-50.0,180.0,43.64609333790224,90.0,103.14556255656888,133.64609333790224,90.0,103.14556255656888
6.419999999999951,-10.199999999997065,50.0,180.0,43.64609333790224,90.0,103.14556255656888,46.35390666209776,90.0,256.85443744343115
6.419999999999951,13.14460020065573,50.0,189.6350734820397,32.03184827323368,90.0,111.40348373247654,57.96815172676632,90.0,248.59651626752344
6.439999999999951,13.946647288322058,-50.0,187.36249105369933,32.76923116008805,90.0,109.46940676812387,122.76923116008805,90.0,124.46940676812387
6.439999999999951,-11.39999999999704,-50.0,180.0,43.995763070342754,90.0,103.20333718862226,133.99576307034275,90.0,103.20333718862226
6.439999999999951,-11.39999999999704,50.0,180.0,43.995763070342754,90.0,103.20333718862226,46.004236929657246,90.0,256.79666281137776
6.439999999999951,13.946647288322058,50.0,187.36249105369933,32.76923116008805,90.0,109.46940676812387,57.23076883991195,90.0,250.53059323187614
6.45999999999995,14.5287474169283,-50.0,184.97379774330315,33.59973571263584,90.0,107.47214231325934,123.59973571263583,90.0,122.47214231325934
6.45999999999995,-12.599999999997014,-50.0,180.0,44.34166942727121,90.0,103.26754726109056,134.3416694272712,90.0,103.26754726109056
6.45999999999995,-12.599999999997014,50.0,180.0,44.34166942727121,90.0,103.26754726109056,45.65833057272879,90.0,256.73245273890944
6.45999999999995,14.5287474169283,50.0,184.97379774330315,33.59973571263584,90.0,107.47214231325934,56.40026428736416,90.0,252.52785768674067
6.47999999999995,14.881720519716573,-50.0,182.50666467129236,34.51199066493163,90.00000000000001,105.44382662390623,124.51199066493163,89.99999999999999,120.44382662390623
6.47999999999995,-13.799999999996988,-50.0,180.0,44.6837771837934,90.0,103.33819794685533,134.6837771837934,90.0,103.33819794685533
6.47999999999995,-13.799999999996988,50.0,180.0,44.6837771837934,90.0,103.33819794685533,45.3162228162066,90.0,256.6618020531447
6.47999999999995,14.881720519716573,50.0,182.50666467129236,34.51199066493163,90.00000000000001,105.44382662390623,55.48800933506837,90.00000000000001,254.55617337609377
6.499999999999949,15.0,-50.0,180.00000000000637,35.49476767145635,90.0,103.41529499073211,125.49476767145634,90.0,118.41529499073211
6.499999999999949,-14.999999999996962,-50.0,180.0,45.022051052910435,90.0,103.41529499072679,135.02205105291043,90.0,103.41529499072679
6.499999999999949,-14.999999999996962,50.0,180.0,45.022051052910435,90.0,103.41529499072679,44.977948947089565,90.0,256.5847050092732
6.499999999999949,15.0,50.0,180.00000000000637,35.49476767145635,90.0,103.41529499073211,54.50523232854365,90.0,256.5847050092679
6.519999999999949,13.800000000003063,-50.0,180.0,35.9155766590033,90.0,103.3381979468557,125.9155766590033,90.0,118.3381979468557
6.519999999999949,-14.88172051971777,-50.0,182.5066646712797,43.83523961873231,90.0,105.44382662389596,133.83523961873232,90.0,105.44382662389596
6.519999999999949,-14.88172051971777,50.0,182.5066646712797,43.83523961873231,90.0,105.44382662389596,46.16476038126769,90.0,254.55617337610403
6.519999999999949,13.800000000003063,50.0,180.0,35.9155766590033,90.0,103.3381979468557,54.0844233409967,90.0,256.6618020531443
6.5399999999999485,12.600000000003089,-50.0,180.0,36.33332354585223,90.0,103.26754726109088,126.33332354585224,90.0,118.26754726109088
6.5399999999999485,-14.528747416930674,-50.0,184.97379774329082,42.58187673392036,90.0,107.47214231324911,132.58187673392035,90.0,107.47214231324911
6.5399999999999485,-14.528747416930674,50.0,184.97379774329082,42.58187673392036,90.0,107.47214231324911,47.41812326607964,90.0,252.5278576867509
6.5399999999999485,12.600000000003089,50.0,180.0,36.33332354585223,90.0,103.26754726109088,53.66667645414777,90.0,256.7324527389091
6.559999999999948,11.400000000003114,-50.0,180.0,36.747977879003884,90.0,103.20333718862257,126.74797787900388,90.0,118.20333718862257
6.559999999999948,-13.946647288325572,-50.0,187.3624910536875,41.28334782677725,90.0,109.46940676811391,131.28334782677726,90.0,109.46940676811391
6.559999999999948,-13.946647288325572,50.0,187.3624910536875,41.28334782677725,90.0,109.46940676811391,48.71665217322275,90.0,250.5305932318861
6.559999999999948,11.400000000003114,50.0,180.0,36.747977879003884,90.0,103.20333718862257,53.252022120996116,90.0,256.7966628113774
6.579999999999948,10.20000000000314,-50.0,180.0,37.15950877234963,90.0,103.14556255656916,127.15950877234962,90.0,118.14556255656916
6.579999999999948,-13.14460020066033,-50.0,189.63507348202853,39.96210508427993,90.0,111.40348373246695,129.96210508427993,90.0,111.40348373246695
6.579999999999948,-13.14460020066033,50.0,189.63507348202853,39.96210508427993,90.0,111.40348373246695,50.03789491572007,90.0,248.59651626753305
6.579999999999948,10.20000000000314,50.0,180.0,37.15950877234963,90.0,103.14556255656916,52.84049122765037,90.0,256.8544374434308
6.599999999999947,9.000000000003165,-50.0,180.0,37.56788493161813,90.0,103.09421874965899,127.56788493161812,90.0,118.09421874965899
6.599999999999947,-12.135254915627135,-50.0,191.7557050458441,38.641387686423194,90.0,113.2412061683119,128.6413876864232,90.0,113.2412061683119
6.599999999999947,-12.135254915627135,50.0,191.7557050458441,38.641387686423194,90.0,113.2412061683119,51.358612313576806,90.0,246.75879383168808
6.599999999999947,9.000000000003165,50.0,180.0,37.56788493161813,90.0,103.09421874965899,52.43211506838187,90.0,256.905781250341
6.619999999999947,7.800000000003191,-50.0,180.0,37.97307467870947,90.0,103.0493016974073,127.97307467870948,90.0,118.0493016974073
6.619999999999947,-10.934529411324604,-50.0,193.6909421185689,37.344883873395375,90.0,114.9488198256804,127.34488387339537,90.0,114.9488198256804
6.619999999999947,-10.934529411324604,50.0,193.6909421185689,37.344883873395375,90.0,114.9488198256804,52.655116126604625,90.0,245.0511801743196
6.619999999999947,7.800000000003191,50.0,180.0,37.97307467870947,90.0,103.0493016974073,52.02692532129053,90.0,256.9506983025927
6.639999999999946,6.600000000003217,-50.0,180.0,38.37504597540585,90.0,103.0108078627685,128.37504597540584,90.0,118.0108078627685
6.639999999999946,-9.56135984623424,-50.0,195.41026485551149,36.09630608749538,90.0,116.49264966424772,126.09630608749538,90.0,116.49264966424772
6.639999999999946,-9.56135984623424,50.0,195.41026485551149,36.09630608749538,90.0,116.49264966424772,53.90369391250462,90.0,243.50735033575228
6.639999999999946,6.600000000003217,50.0,180.0,38.37504597540585,90.0,103.0108078627685,51.62495402459415,90.0,256.9891921372315
6.659999999999946,5.400000000003242,-50.0,180.0,38.773766446445066,90.0,102.97873423224532,128.77376644644505,90.0,117.97873423224532
6.659999999999946,-8.037401924689249,-50.0,196.88655851003665,34.91885817293265,90.0,117.84002214420977,124.91885817293266,90.0,117.84002214420977
6.659999999999946,-8.037401924689249,50.0,196.88655851003665,34.91885817293265,90.0,117.84002214420977,55.08114182706735,90.0,242.15997785579023
6.659999999999946,5.400000000003242,50.0,180.0,38.773766446445066,90.0,102.97873423224532,51.226233553554934,90.0,257.0212657677547
6.6799999999999455,4.200000000003268,-50.0,180.0,39.16920340194162,90.0,102.95307830743911,129.16920340194162,90.0,117.95307830743911
6.6799999999999455,-6.386689373480734,-50.0,198.09654104931747,33.8345909877439,90.00000000000001,118.96044239847767,123.8345909877439,89.99999999999999,118.96044239847767
6.6799999999999455,-6.386689373480734,50.0,198.09654104931747,33.8345909877439,90.00000000000001,118.96044239847767,56.1654090122561,90.00000000000001,241.03955760152235
6.6799999999999455,4.200000000003268,50.0,180.0,39.16920340194162,90.0,102.95307830743911,50.83079659805838,90.0,257.0469216925609
6.699999999999945,3.0000000000032934,-50.0,180.0,39.56132385913812,90.0,102.93383809802847,129.56132385913813,90.0,117.93383809802847
6.699999999999945,-4.635254915629131,-50.0,199.02113032590094,32.863670042269355,90.0,119.82697291845052,122.86367004226935,90.0,119.82697291845052
6.699999999999945,-4.635254915629131,50.0,199.02113032590094,32.863670042269355,90.0,119.82697291845052,57.136329957730645,90.0,240.1730270815495
6.699999999999945,3.0000000000032934,50.0,180.0,39.56132385913812,90.0,102.93383809802847,50.43867614086188,90.0,257.06616190197155
6.719999999999945,1.800000000003319,-50.0,180.0,39.950094563468745,90.0,102.92101211616486,129.95009456346875,90.0,117.92101211616486
6.719999999999945,-2.8107197187909914,-50.0,199.64574501457247,32.02361220892559,90.0,120.41769652198542,122.02361220892558,90.0,120.41769652198542
6.719999999999945,-2.8107197187909914,50.0,199.64574501457247,32.02361220892559,90.0,120.41769652198542,57.97638779107441,90.0,239.58230347801458
6.719999999999945,1.800000000003319,50.0,180.0,39.950094563468745,90.0,102.92101211616486,50.049905436531255,90.0,257.0789878838351
6.739999999999944,0.6000000000033445,-50.0,180.0,40.335482008915335,90.0,102.91459937227695,130.33548200891533,90.0,117.91459937227695
6.739999999999944,-0.941857792944945,-50.0,199.96053456856498,31.32857930489574,90.0,120.71708781728651,121.32857930489574,90.0,120.71708781728651
6.739999999999944,-0.941857792944945,50.0,199.96053456856498,31.32857930489574,90.0,120.71708781728651,58.67142069510426,90.0,239.2829121827135
6.739999999999944,0.6000000000033445,50.0,180.0,40.335482008915335,90.0,102.91459937227695,49.664517991084665,90.0,257.08540062772306
6.759999999999944,-0.5999999999966299,-50.0,180.0,40.7174524576347,90.0,102.91459937227695,130.7174524576347,90.0,117.91459937227695
6.759999999999944,0.9418577929344156,-50.0,199.9605345685659,30.788832024557493,90.0,120.71708781728738,120.7888320245575,90.0,120.71708781728738
6.759999999999944,0.9418577929344156,50.0,199.9605345685659,30.788832024557493,90.0,120.71708781728738,59.21116797544251,90.0,239.2829121827126
6.759999999999944,-0.5999999999966299,50.0,180.0,40.7174524576347,90.0,102.91459937227695,49.2825475423653,90.0,257.08540062772306
6.779999999999943,-1.7999999999966043,-50.0,180.0,41.09597195883574,90.0,102.9210121161648,131.09597195883575,90.0,117.9210121161648
6.779999999999943,2.8107197187806277,-50.0,199.6457450145751,30.410437445557445,90.0,120.41769652198793,120.41043744555745,90.0,120.41769652198793
6.779999999999943,2.8107197187806277,50.0,199.6457450145751,30.410437445557445,90.0,120.41769652198793,59.58956255444255,90.0,239.58230347801208
6.779999999999943,-1.7999999999966043,50.0,180.0,41.09597195883574,90.0,102.9210121161648,48.90402804116426,90.0,257.0789878838352
6.799999999999943,-2.9999999999965787,-50.0,180.0,41.471006366882506,90.0,102.93383809802837,131.4710063668825,90.0,117.93383809802837
6.799999999999943,4.635254915619098,-50.0,199.0211303259053,30.19528464388431,90.0,119.82697291845462,120.1952846438843,90.0,119.82697291845462
6.799999999999943,4.635254915619098,50.0,199.0211303259053,30.19528464388431,90.0,119.82697291845462,59.80471535611569,90.0,240.1730270815454
6.799999999999943,-2.9999999999965787,50.0,180.0,41.471006366882506,90.0,102.93383809802837,48.528993633117494,90.0,257.0661619019716
6.8199999999999426,-4.199999999996553,-50.0,180.0,41.84252135859987,90.0,102.95307830743899,131.84252135859987,90.0,117.95307830743899
6.8199999999999426,6.3866893734711905,-50.0,198.09654104932346,30.141405471584523,90.0,118.96044239848325,120.14140547158452,90.0,118.96044239848325
6.8199999999999426,6.3866893734711905,50.0,198.09654104932346,30.141405471584523,90.0,118.96044239848325,59.85859452841548,90.0,241.03955760151675
6.8199999999999426,-4.199999999996553,50.0,180.0,41.84252135859987,90.0,102.95307830743899,48.15747864140013,90.0,257.046921692561
6.839999999999942,-5.399999999996528,-50.0,180.0,42.210482449755986,90.0,102.97873423224516,132.210482449756,90.0,117.97873423224516
6.839999999999942,8.03740192468034,-50.0,196.8865585100442,30.24353997741542,90.0,117.84002214421675,120.24353997741542,90.0,117.84002214421675
6.839999999999942,8.03740192468034,50.0,196.8865585100442,30.24353997741542,90.0,117.84002214421675,59.75646002258458,90.0,242.15997785578327
6.839999999999942,-5.399999999996528,50.0,180.0,42.210482449755986,90.0,102.97873423224516,47.789517550244014,90.0,257.0212657677548
6.859999999999942,-6.599999999996502,-50.0,180.0,42.574855010696204,90.0,103.0108078627683,132.5748550106962,90.0,118.0108078627683
6.859999999999942,9.561359846226111,-50.0,195.41026485552047,30.49384699907595,90.0,116.49264966425586,120.49384699907594,90.0,116.49264966425586
6.859999999999942,9.561359846226111,50.0,195.41026485552047,30.49384699907595,90.0,116.49264966425586,59.50615300092405,90.0,243.50735033574415
6.859999999999942,-6.599999999996502,50.0,180.0,42.574855010696204,90.0,103.0108078627683,47.425144989303796,90.0,256.9891921372317
6.879999999999941,-7.799999999996476,-50.0,180.0,42.93560428110114,90.0,103.04930169740706,132.93560428110115,90.0,118.04930169740706
6.879999999999941,10.934529411317385,-50.0,193.69094211857916,30.88264980553332,90.0,114.94881982568957,120.88264980553332,90.0,114.94881982568957
6.879999999999941,10.934529411317385,50.0,193.69094211857916,30.88264980553332,90.0,114.94881982568957,59.11735019446668,90.0,245.05118017431045
6.879999999999941,-7.799999999996476,50.0,180.0,42.93560428110114,90.0,103.04930169740706,47.06439571889886,90.0,256.95069830259297
6.899999999999941,-8.99999999999645,-50.0,180.0,43.29269538384165,90.0,103.09421874965871,133.29269538384165,90.0,118.09421874965871
6.899999999999941,12.135254915620934,-50.0,191.75570504585548,31.399121880303394,90.0,113.24120616832187,121.3991218803034,90.0,113.24120616832187
6.899999999999941,12.135254915620934,50.0,191.75570504585548,31.399121880303394,90.0,113.24120616832187,58.6008781196966,90.0,246.75879383167813
6.899999999999941,-8.99999999999645,50.0,180.0,43.29269538384165,90.0,103.09421874965871,46.70730461615835,90.0,256.9057812503413
6.91999999999994,-10.199999999996425,-50.0,180.0,43.646093337902045,90.0,103.14556255656886,133.64609333790204,90.0,118.14556255656886
6.91999999999994,13.14460020065525,-50.0,189.63507348204087,32.03184827323331,90.00000000000001,111.40348373247754,122.03184827323331,89.99999999999999,111.40348373247754
6.91999999999994,13.14460020065525,50.0,189.63507348204087,32.03184827323331,90.00000000000001,111.40348373247754,57.96815172676669,90.00000000000001,248.59651626752247
6.91999999999994,-10.199999999996425,50.0,180.0,43.646093337902045,90.0,103.14556255656886,46.353906662097955,90.0,256.85443744343115
6.93999999999994,-11.3999999999964,-50.0,180.0,43.995763070342555,90.0,103.20333718862224,133.99576307034255,90.0,118.20333718862224
6.93999999999994,13.946647288321689,-50.0,187.36249105370058,32.769231160087614,90.0,109.46940676812495,122.76923116008761,90.0,109.46940676812495
6.93999999999994,13.946647288321689,50.0,187.36249105370058,32.769231160087614,90.0,109.46940676812495,57.230768839912386,90.0,250.53059323187506
6.93999999999994,-11.3999999999964,50.0,180.0,43.995763070342555,90.0,103.20333718862224,46.004236929657445,90.0,256.79666281137776
6.95999999999994,-12.599999999996374,-50.0,180.0,44.341669427271036,90.0,103.26754726109053,134.34166942727103,90.0,118.26754726109053
6.95999999999994,14.52874741692805,-50.0,184.97379774330446,33.59973571263539,90.0,107.47214231326038,123.5997357126354,90.0,107.47214231326038
6.95999999999994,14.52874741692805,50.0,184.97379774330446,33.59973571263539,90.0,107.47214231326038,56.40026428736461,90.0,252.52785768673962
6.95999999999994,-12.599999999996374,50.0,180.0,44.341669427271036,90.0,103.26754726109053,45.658330572728964,90.0,256.7324527389095
6.979999999999939,-13.799999999996349,-50.0,180.0,44.68377718379323,90.0,103.33819794685527,134.68377718379324,90.0,118.33819794685527
6.979999999999939,14.881720519716449,-50.0,182.50666467129366,34.511990664931126,90.0,105.44382662390731,124.51199066493112,90.0,105.44382662390731
6.979999999999939,14.881720519716449,50.0,182.50666467129366,34.511990664931126,90.0,105.44382662390731,55.488009335068874,90.0,254.5561733760927
6.979999999999939,-13.799999999996349,50.0,180.0,44.68377718379323,90.0,103.33819794685527,45.31622281620677,90.0,256.6618020531447
6.999999999999939,-14.999999999996323,-50.0,180.0,45.02205105291026,90.0,103.41529499072674,135.02205105291026,90.0,118.41529499072674
6.999999999999939,15.0,-50.0,180.0000000000077,35.49476767145583,90.0,103.41529499073316,125.49476767145583,90.0,103.41529499073316
6.999999999999939,15.0,50.0,180.0000000000077,35.49476767145583,90.0,103.41529499073316,54.50523232854417,90.0,256.5847050092668
6.999999999999939,-14.999999999996323,50.0,180.0,45.02205105291026,90.0,103.41529499072674,44.97794894708974,90.0,256.58470500927325
7.019999999999938,-14.881720519717895,-50.0,182.5066646712784,43.83523961873297,90.0,105.44382662389488,133.83523961873297,90.0,120.44382662389488
7.019999999999938,13.800000000003703,-50.0,180.0,35.915576659003094,90.0,103.33819794685573,125.9155766590031,90.0,103.33819794685573
7.019999999999938,13.800000000003703,50.0,180.0,35.915576659003094,90.0,103.33819794685573,54.084423340996906,90.0,256.66180205314424
7.019999999999938,-14.881720519717895,50.0,182.5066646712784,43.83523961873297,90.0,105.44382662389488,46.16476038126703,90.0,254.5561733761051
7.039999999999938,-14.528747416930923,-50.0,184.97379774328954,42.58187673392103,90.0,107.47214231324806,132.58187673392104,90.0,122.47214231324806
7.039999999999938,12.600000000003728,-50.0,180.0,36.33332354585202,90.0,103.26754726109091,126.33332354585201,90.0,103.26754726109091
7.039999999999938,12.600000000003728,50.0,180.0,36.33332354585202,90.0,103.26754726109091,53.66667645414798,90.0,256.7324527389091
7.039999999999938,-14.528747416930923,50.0,184.97379774328954,42.58187673392103,90.0,107.47214231324806,47.41812326607897,90.0,252.52785768675193
7.059999999999937,-13.946647288325941,-50.0,187.36249105368626,41.283347826777955,90.0,109.46940676811283,131.28334782677797,90.0,124.46940676811283
7.059999999999937,11.400000000003754,-50.0,180.0,36.74797787900368,90.0,103.2033371886226,126.74797787900368,90.0,103.2033371886226
7.059999999999937,11.400000000003754,50.0,180.0,36.74797787900368,90.0,103.2033371886226,53.25202212099632,90.0,256.7966628113774
7.059999999999937,-13.946647288325941,50.0,187.36249105368626,41.283347826777955,90.0,109.46940676811283,48.716652173222045,90.0,250.53059323188717
7.079999999999937,-13.144600200660813,-50.0,189.63507348202737,39.962105084280644,90.0,111.40348373246593,129.96210508428064,90.0,126.40348373246593
7.079999999999937,10.20000000000378,-50.0,180.0,37.159508772349405,90.0,103.14556255656922,127.1595087723494,90.0,103.14556255656922
7.079999999999937,10.20000000000378,50.0,180.0,37.159508772349405,90.0,103.14556255656922,52.840491227650595,90.0,256.8544374434308
7.079999999999937,-13.144600200660813,50.0,189.63507348202737,39.962105084280644,90.0,111.40348373246593,50.037894915719356,90.0,248.59651626753407
7.099999999999937,-12.135254915627725,-50.0,191.755705045843,38.64138768642389,90.0,113.24120616831095,128.64138768642388,90.0,128.24120616831095
7.099999999999937,9.000000000003805,-50.0,180.0,37.56788493161792,90.0,103.09421874965902,127.56788493161793,90.0,103.09421874965902
7.099999999999937,9.000000000003805,50.0,180.0,37.56788493161792,90.0,103.09421874965902,52.43211506838208,90.0,256.90578125034097
7.099999999999937,-12.135254915627725,50.0,191.755705045843,38.64138768642389,90.0,113.24120616831095,51.35861231357611,90.0,246.75879383168905
7.119999999999936,-10.934529411325292,-50.0,193.69094211856793,37.34488387339603,90.0,114.94881982567959,127.34488387339603,90.0,129.9488198256796
7.119999999999936,7.8000000000038305,-50.0,180.0,37.973074678709274,90.0,103.0493016974073,127.97307467870928,90.0,103.0493016974073
7.119999999999936,7.8000000000038305,50.0,180.0,37.973074678709274,90.0,103.0493016974073,52.026925321290726,90.0,256.9506983025927
7.119999999999936,-10.934529411325292,50.0,193.69094211856793,37.34488387339603,90.0,114.94881982567959,52.65511612660397,90.0,245.0511801743204
7.139999999999936,-9.561359846235012,-50.0,195.41026485551063,36.09630608749603,90.0,116.49264966424694,126.09630608749603,90.0,131.49264966424693
7.139999999999936,6.600000000003856,-50.0,180.0,38.37504597540563,90.0,103.01080786276853,128.3750459754056,90.0,103.01080786276853
7.139999999999936,6.600000000003856,50.0,180.0,38.37504597540563,90.0,103.01080786276853,51.62495402459437,90.0,256.9891921372315
7.139999999999936,-9.561359846235012,50.0,195.41026485551063,36.09630608749603,90.0,116.49264966424694,53.90369391250397,90.0,243.50735033575307
7.159999999999935,-8.037401924690098,-50.0,196.88655851003594,34.91885817293324,90.0,117.84002214420913,124.91885817293324,90.0,132.84002214420912
7.159999999999935,5.400000000003882,-50.0,180.0,38.77376644644484,90.0,102.97873423224534,128.77376644644482,90.0,102.97873423224534
7.159999999999935,5.400000000003882,50.0,180.0,38.77376644644484,90.0,102.97873423224534,51.22623355355516,90.0,257.02126576775464
7.159999999999935,-8.037401924690098,50.0,196.88655851003594,34.91885817293324,90.0,117.84002214420913,55.08114182706676,90.0,242.15997785579088
7.179999999999935,-6.3866893734816435,-50.0,198.0965410493169,33.834590987744456,90.00000000000001,118.96044239847711,123.83459098774446,89.99999999999999,133.9604423984771
7.179999999999935,4.200000000003907,-50.0,180.0,39.16920340194142,90.0,102.95307830743911,129.16920340194142,90.0,102.95307830743911
7.179999999999935,4.200000000003907,50.0,180.0,39.16920340194142,90.0,102.95307830743911,50.83079659805858,90.0,257.0469216925609
7.179999999999935,-6.3866893734816435,50.0,198.0965410493169,33.834590987744456,90.00000000000001,118.96044239847711,56.165409012255544,90.00000000000001,241.0395576015229
7.1999999999999345,-4.635254915630088,-50.0,199.02113032590051,32.86367004226983,90.00000000000001,119.82697291845014,122.86367004226983,89.99999999999999,134.82697291845014
7.1999999999999345,3.000000000003933,-50.0,180.0,39.561323859137914,90.0,102.93383809802847,129.56132385913793,90.0,102.93383809802847
7.1999999999999345,3.000000000003933,50.0,180.0,39.561323859137914,90.0,102.93383809802847,50.438676140862086,90.0,257.06616190197155
7.1999999999999345,-4.635254915630088,50.0,199.02113032590051,32.86367004226983,90.00000000000001,119.82697291845014,57.13632995773017,90.00000000000001,240.17302708154986
7.219999999999934,-2.810719718791979,-50.0,199.6457450145722,32.023612208926025,90.00000000000001,120.41769652198515,122.02361220892602,89.99999999999999,135.41769652198514
7.219999999999934,1.8000000000039584,-50.0,180.0,39.95009456346854,90.0,102.92101211616486,129.95009456346855,90.0,102.92101211616486
7.219999999999934,1.8000000000039584,50.0,180.0,39.95009456346854,90.0,102.92101211616486,50.04990543653146,90.0,257.0789878838351
7.219999999999934,-2.810719718791979,50.0,199.6457450145722,32.023612208926025,90.00000000000001,120.41769652198515,57.976387791073975,90.00000000000001,239.58230347801486
7.239999999999934,-0.9418577929459487,-50.0,199.9605345685649,31.328579304896078,90.00000000000001,120.7170878172864,121.32857930489608,89.99999999999999,135.7170878172864
7.239999999999934,0.600000000003984,-50.0,180.0,40.335482008915136,90.0,102.91459937227695,130.33548200891514,90.0,102.91459937227695
7.239999999999934,0.600000000003984,50.0,180.0,40.335482008915136,90.0,102.91459937227695,49.664517991084864,90.0,257.08540062772306
7.239999999999934,-0.9418577929459487,50.0,199.9605345685649,31.328579304896078,90.00000000000001,120.7170878172864,58.67142069510392,90.00000000000001,239.2829121827136
7.259999999999933,0.9418577929334152,-50.0,199.96053456856595,30.78883202455775,90.0,120.71708781728742,120.78883202455775,90.0,135.71708781728742
7.259999999999933,-0.5999999999959904,-50.0,180.0,40.7174524576345,90.0,102.91459937227695,130.7174524576345,90.0,102.91459937227695
7.259999999999933,-0.5999999999959904,50.0,180.0,40.7174524576345,90.0,102.91459937227695,49.2825475423655,90.0,257.08540062772306
7.259999999999933,0.9418577929334152,50.0,199.96053456856595,30.78883202455775,90.0,120.71708781728742,59.21116797544225,90.0,239.28291218271258
7.279999999999933,2.810719718779643,-50.0,199.64574501457537,30.410437445557616,90.0,120.41769652198818,120.41043744555762,90.0,135.41769652198818
7.279999999999933,-1.7999999999959648,-50.0,180.0,41.095971958835534,90.0,102.9210121161648,131.09597195883555,90.0,102.9210121161648
7.279999999999933,-1.7999999999959648,50.0,180.0,41.095971958835534,90.0,102.9210121161648,48.904028041164466,90.0,257.0789878838352
7.279999999999933,2.810719718779643,50.0,199.64574501457537,30.410437445557616,90.0,120.41769652198818,59.58956255444238,90.0,239.58230347801182
7.299999999999932,4.635254915618144,-50.0,199.0211303259057,30.195284643884392,90.0,119.826972918455,120.19528464388439,90.0,134.826972918455
7.299999999999932,-2.9999999999959392,-50.0,180.0,41.47100636688231,90.0,102.93383809802836,131.4710063668823,90.0,102.93383809802836
7.299999999999932,-2.9999999999959392,50.0,180.0,41.47100636688231,90.0,102.93383809802836,48.52899363311769,90.0,257.06616190197167
7.299999999999932,4.635254915618144,50.0,199.0211303259057,30.195284643884392,90.0,119.826972918455,59.80471535611561,90.0,240.173027081545
7.319999999999932,6.38668937347028,-50.0,198.09654104932403,30.1414054715845,90.0,118.9604423984838,120.1414054715845,90.0,133.9604423984838
7.319999999999932,-4.199999999995914,-50.0,180.0,41.84252135859966,90.0,102.95307830743899,131.84252135859967,90.0,102.95307830743899
7.319999999999932,-4.199999999995914,50.0,180.0,41.84252135859966,90.0,102.95307830743899,48.15747864140034,90.0,257.046921692561
7.319999999999932,6.38668937347028,50.0,198.09654104932403,30.1414054715845,90.0,118.9604423984838,59.8585945284155,90.0,241.0395576015162
7.3399999999999315,8.037401924679498,-50.0,196.88655851004492,30.243539977415338,90.0,117.84002214421737,120.24353997741534,90.0,132.84002214421736
7.3399999999999315,-5.399999999995888,-50.0,180.0,42.210482449755794,90.0,102.97873423224513,132.2104824497558,90.0,102.97873423224513
7.3399999999999315,-5.399999999995888,50.0,180.0,42.210482449755794,90.0,102.97873423224513,47.789517550244206,90.0,257.02126576775487
7.3399999999999315,8.037401924679498,50.0,196.88655851004492,30.243539977415338,90.0,117.84002214421737,59.75646002258466,90.0,242.15997785578264
7.359999999999931,9.561359846225336,-50.0,195.41026485552132,30.493846999075764,90.0,116.49264966425666,120.49384699907577,90.0,131.49264966425665
7.359999999999931,-6.5999999999958625,-50.0,180.0,42.57485501069601,90.0,103.01080786276829,132.574855010696,90.0,103.01080786276829
7.359999999999931,-6.5999999999958625,50.0,180.0,42.57485501069601,90.0,103.01080786276829,47.42514498930399,90.0,256.9891921372317
7.359999999999931,9.561359846225336,50.0,195.41026485552132,30.493846999075764,90.0,116.49264966425666,59.506153000924236,90.0,243.50735033574335
7.379999999999931,10.934529411316698,-50.0,193.69094211858012,30.882649805533063,90.0,114.94881982569044,120.88264980553306,90.0,129.94881982569044
7.379999999999931,-7.799999999995837,-50.0,180.0,42.93560428110096,90.0,103.04930169740703,132.93560428110095,90.0,103.04930169740703
7.379999999999931,-7.799999999995837,50.0,180.0,42.93560428110096,90.0,103.04930169740703,47.06439571889904,90.0,256.95069830259297
7.379999999999931,10.934529411316698,50.0,193.69094211858012,30.882649805533063,90.0,114.94881982569044,59.11735019446694,90.0,245.05118017430956
7.39999999999993,12.135254915620342,-50.0,191.75570504585656,31.39912188030309,90.0,113.24120616832278,121.39912188030308,90.0,128.24120616832278
7.39999999999993,-8.999999999995811,-50.0,180.0,43.29269538384146,90.0,103.0942187496587,133.29269538384148,90.0,103.0942187496587
7.39999999999993,-8.999999999995811,50.0,180.0,43.29269538384146,90.0,103.0942187496587,46.70730461615854,90.0,256.9057812503413
7.39999999999993,12.135254915620342,50.0,191.75570504585656,31.39912188030309,90.0,113.24120616832278,58.600878119696915,90.0,246.75879383167722
7.41999999999993,13.144600200654764,-50.0,189.63507348204203,32.031848273232946,90.0,111.40348373247855,122.03184827323295,90.0,126.40348373247855
7.41999999999993,-10.199999999995786,-50.0,180.0,43.646093337901846,90.0,103.14556255656885,133.64609333790185,90.0,103.14556255656885
7.41999999999993,-10.199999999995786,50.0,180.0,43.646093337901846,90.0,103.14556255656885,46.353906662098154,90.0,256.85443744343115
7.41999999999993,13.144600200654764,50.0,189.63507348204203,32.031848273232946,90.0,111.40348373247855,57.968151726767054,90.0,248.59651626752145
7.439999999999929,13.946647288321318,-50.0,187.36249105370183,32.76923116008721,90.0,109.46940676812596,122.7692311600872,90.0,124.46940676812596
7.439999999999929,-11.39999999999576,-50.0,180.0,43.99576307034238,90.0,103.20333718862219,133.99576307034238,90.0,103.20333718862219
7.439999999999929,-11.39999999999576,50.0,180.0,43.99576307034238,90.0,103.20333718862219,46.00423692965762,90.0,256.7966628113778
7.439999999999929,13.946647288321318,50.0,187.36249105370183,32.76923116008721,90.0,109.46940676812596,57.23076883991279,90.0,250.53059323187404
7.459999999999929,14.5287474169278,-50.0,184.97379774330574,33.599735712634924,90.00000000000001,107.47214231326147,123.59973571263492,89.99999999999999,122.47214231326147
7.459999999999929,-12.599999999995735,-50.0,180.0,44.34166942727086,90.0,103.26754726109047,134.34166942727086,90.0,103.26754726109047
7.459999999999929,-12.599999999995735,50.0,180.0,44.34166942727086,90.0,103.26754726109047,45.65833057272914,90.0,256.7324527389095
7.459999999999929,14.5287474169278,50.0,184.97379774330574,33.599735712634924,90.00000000000001,107.47214231326147,56.400264287365076,90.00000000000001,252.5278576867385
7.4799999999999285,14.881720519716323,-50.0,182.506664671295,34.51199066493063,90.0,105.4438266239084,124.51199066493064,90.0,120.4438266239084
7.4799999999999285,-13.799999999995709,-50.0,180.0,44.68377718379306,90.0,103.33819794685525,134.68377718379307,90.0,103.33819794685525
7.4799999999999285,-13.799999999995709,50.0,180.0,44.68377718379306,90.0,103.33819794685525,45.31622281620694,90.0,256.66180205314475
7.4799999999999285,14.881720519716323,50.0,182.506664671295,34.51199066493063,90.0,105.4438266239084,55.48800933506937,90.0,254.5561733760916
7.499999999999928,15.0,-50.0,180.00000000000904,35.494767671455286,90.0,103.41529499073422,125.49476767145529,90.0,118.41529499073422
7.499999999999928,-14.999999999995683,-50.0,180.0,45.02205105291007,90.0,103.4152949907267,135.02205105291006,90.0,103.4152949907267
7.499999999999928,-14.999999999995683,50.0,180.0,45.02205105291007,90.0,103.4152949907267,44.97794894708993,90.0,256.5847050092733
7.499999999999928,15.0,50.0,180.00000000000904,35.494767671455286,90.0,103.41529499073422,54.505232328544714,90.0,256.5847050092658
7.519999999999928,13.800000000004342,-50.0,180.0,35.91557665900286,90.0,103.33819794685577,125.91557665900285,90.0,118.33819794685577
7.519999999999928,-14.881720519718012,-50.0,182.50666467127718,43.83523961873358,90.0,105.44382662389386,133.83523961873357,90.0,105.44382662389386
7.519999999999928,-14.881720519718012,50.0,182.50666467127718,43.83523961873358,90.0,105.44382662389386,46.16476038126642,90.0,254.55617337610613
7.519999999999928,13.800000000004342,50.0,180.0,35.91557665900286,90.0,103.33819794685577,54.08442334099714,90.0,256.66180205314424
7.539999999999927,12.600000000004368,-50.0,180.0,36.33332354585178,90.0,103.26754726109097,126.33332354585178,90.0,118.26754726109097
7.539999999999927,-14.528747416931152,-50.0,184.97379774328834,42.58187673392166,90.0,107.47214231324705,132.58187673392166,90.0,107.47214231324705
7.539999999999927,-14.528747416931152,50.0,184.97379774328834,42.58187673392166,90.0,107.47214231324705,47.41812326607834,90.0,252.52785768675295
7.539999999999927,12.600000000004368,50.0,180.0,36.33332354585178,90.0,103.26754726109097,53.66667645414822,90.0,256.73245273890905
7.559999999999927,11.400000000004393,-50.0,180.0,36.747977879003436,90.0,103.20333718862265,126.74797787900343,90.0,118.20333718862265
7.559999999999927,-13.946647288326282,-50.0,187.36249105368512,41.2833478267786,90.0,109.46940676811188,131.2833478267786,90.0,109.46940676811188
7.559999999999927,-13.946647288326282,50.0,187.36249105368512,41.2833478267786,90.0,109.46940676811188,48.7166521732214,90.0,250.53059323188813
7.559999999999927,11.400000000004393,50.0,180.0,36.747977879003436,90.0,103.20333718862265,53.252022120996564,90.0,256.79666281137736
7.579999999999926,10.200000000004419,-50.0,180.0,37.15950877234919,90.0,103.14556255656923,127.1595087723492,90.0,118.14556255656923
7.579999999999926,-13.144600200661257,-50.0,189.63507348202629,39.96210508428129,90.0,111.40348373246502,129.9621050842813,90.0,111.40348373246502
7.579999999999926,-13.144600200661257,50.0,189.63507348202629,39.96210508428129,90.0,111.40348373246502,50.03789491571871,90.0,248.59651626753498
7.579999999999926,10.200000000004419,50.0,180.0,37.15950877234919,90.0,103.14556255656923,52.84049122765081,90.0,256.85443744343075
7.599999999999926,9.000000000004444,-50.0,180.0,37.567884931617705,90.0,103.09421874965903,127.5678849316177,90.0,118.09421874965903
7.599999999999926,-12.135254915628265,-50.0,191.75570504584203,38.641387686424515,90.0,113.24120616831011,128.6413876864245,90.0,113.24120616831011
7.599999999999926,-12.135254915628265,50.0,191.75570504584203,38.641387686424515,90.0,113.24120616831011,51.358612313575485,90.0,246.7587938316899
7.599999999999926,9.000000000004444,50.0,180.0,37.567884931617705,90.0,103.09421874965903,52.432115068382295,90.0,256.90578125034097
7.6199999999999255,7.80000000000447,-50.0,180.0,37.973074678709054,90.0,103.04930169740733,127.97307467870905,90.0,118.04930169740733
7.6199999999999255,-10.934529411325922,-50.0,193.69094211856702,37.34488387339666,90.0,114.94881982567877,127.34488387339667,90.0,114.94881982567877
7.6199999999999255,-10.934529411325922,50.0,193.69094211856702,37.34488387339666,90.0,114.94881982567877,52.65511612660334,90.0,245.05118017432125
7.6199999999999255,7.80000000000447,50.0,180.0,37.973074678709054,90.0,103.04930169740733,52.026925321290946,90.0,256.9506983025927
7.639999999999925,6.600000000004496,-50.0,180.0,38.37504597540542,90.0,103.01080786276853,128.3750459754054,90.0,118.01080786276853
7.639999999999925,-9.561359846235721,-50.0,195.41026485550987,36.09630608749663,90.0,116.49264966424624,126.09630608749663,90.0,116.49264966424624
7.639999999999925,-9.561359846235721,50.0,195.41026485550987,36.09630608749663,90.0,116.49264966424624,53.90369391250337,90.0,243.50735033575376
7.639999999999925,6.600000000004496,50.0,180.0,38.37504597540542,90.0,103.01080786276853,51.62495402459458,90.0,256.9891921372315
7.659999999999925,5.400000000004521,-50.0,180.0,38.77376644644464,90.0,102.97873423224534,128.77376644644465,90.0,117.97873423224534
7.659999999999925,-8.037401924690876,-50.0,196.8865585100353,34.918858172933795,90.0,117.84002214420852,124.9188581729338,90.0,117.84002214420852
7.659999999999925,-8.037401924690876,50.0,196.8865585100353,34.918858172933795,90.0,117.84002214420852,55.081141827066205,90.0,242.15997785579148
7.659999999999925,5.400000000004521,50.0,180.0,38.77376644644464,90.0,102.97873423224534,51.22623355355536,90.0,257.02126576775464
7.679999999999924,4.200000000004547,-50.0,180.0,39.169203401941196,90.0,102.95307830743914,129.1692034019412,90.0,117.95307830743914
7.679999999999924,-6.386689373482476,-50.0,198.0965410493164,33.834590987744946,90.0,118.96044239847666,123.83459098774495,90.0,118.96044239847666
7.679999999999924,-6.386689373482476,50.0,198.0965410493164,33.834590987744946,90.0,118.96044239847666,56.165409012255054,90.0,241.03955760152334
7.679999999999924,4.200000000004547,50.0,180.0,39.169203401941196,90.0,102.95307830743914,50.830796598058804,90.0,257.0469216925609
7.699999999999924,3.0000000000045723,-50.0,180.0,39.5613238591377,90.0,102.93383809802849,129.5613238591377,90.0,117.93383809802849
7.699999999999924,-4.635254915630962,-50.0,199.02113032590015,32.86367004227026,90.00000000000001,119.82697291844981,122.86367004227026,89.99999999999999,119.82697291844981
7.699999999999924,-4.635254915630962,50.0,199.02113032590015,32.86367004227026,90.00000000000001,119.82697291844981,57.13632995772974,90.00000000000001,240.17302708155017
7.699999999999924,3.0000000000045723,50.0,180.0,39.5613238591377,90.0,102.93383809802849,50.4386761408623,90.0,257.0661619019715
7.719999999999923,1.800000000004598,-50.0,180.0,39.95009456346834,90.0,102.92101211616486,129.95009456346833,90.0,117.92101211616486
7.719999999999923,-2.8107197187928823,-50.0,199.645745014572,32.02361220892637,90.0,120.41769652198496,122.02361220892638,90.0,120.41769652198496
7.719999999999923,-2.8107197187928823,50.0,199.645745014572,32.02361220892637,90.0,120.41769652198496,57.97638779107363,90.0,239.58230347801504
7.719999999999923,1.800000000004598,50.0,180.0,39.95009456346834,90.0,102.92101211616486,50.04990543653166,90.0,257.0789878838351
7.739999999999923,0.6000000000046235,-50.0,180.0,40.33548200891493,90.0,102.91459937227695,130.33548200891494,90.0,117.91459937227695
7.739999999999923,-0.9418577929468663,-50.0,199.96053456856484,31.32857930489637,90.0,120.71708781728636,121.32857930489637,90.0,120.71708781728636
7.739999999999923,-0.9418577929468663,50.0,199.96053456856484,31.32857930489637,90.0,120.71708781728636,58.671420695103635,90.0,239.28291218271363
7.739999999999923,0.6000000000046235,50.0,180.0,40.33548200891493,90.0,102.91459937227695,49.66451799108507,90.0,257.08540062772306
7.7599999999999225,-0.5999999999953509,-50.0,180.0,40.7174524576343,90.0,102.91459937227692,130.7174524576343,90.0,117.91459937227692
7.7599999999999225,0.9418577929324943,-50.0,199.96053456856603,30.78883202455796,90.0,120.71708781728752,120.78883202455796,90.0,120.71708781728752
7.7599999999999225,0.9418577929324943,50.0,199.96053456856603,30.78883202455796,90.0,120.71708781728752,59.21116797544204,90.0,239.2829121827125
7.7599999999999225,-0.5999999999953509,50.0,180.0,40.7174524576343,90.0,102.91459937227692,49.2825475423657,90.0,257.08540062772306
7.779999999999922,-1.7999999999953253,-50.0,180.0,41.09597195883533,90.0,102.9210121161648,131.09597195883532,90.0,117.9210121161648
7.779999999999922,2.8107197187787367,-50.0,199.6457450145756,30.41043744555777,90.00000000000001,120.41769652198838,120.41043744555776,89.99999999999999,120.41769652198838
7.779999999999922,2.8107197187787367,50.0,199.6457450145756,30.41043744555777,90.00000000000001,120.41769652198838,59.58956255444223,90.00000000000001,239.58230347801162
7.779999999999922,-1.7999999999953253,50.0,180.0,41.09597195883533,90.0,102.9210121161648,48.90402804116467,90.0,257.0789878838352
7.799999999999922,-2.9999999999952998,-50.0,180.0,41.4710063668821,90.0,102.93383809802836,131.4710063668821,90.0,117.93383809802836
7.799999999999922,4.635254915617266,-50.0,199.02113032590609,30.195284643884442,90.0,119.82697291845538,120.19528464388443,90.0,119.82697291845538
7.799999999999922,4.635254915617266,50.0,199.02113032590609,30.195284643884442,90.0,119.82697291845538,59.80471535611556,90.0,240.1730270815446
7.799999999999922,-2.9999999999952998,50.0,180.0,41.4710063668821,90.0,102.93383809802836,48.5289936331179,90.0,257.06616190197167
7.819999999999921,-4.199999999995274,-50.0,180.0,41.84252135859947,90.0,102.95307830743896,131.84252135859947,90.0,117.95307830743896
7.819999999999921,6.386689373469449,-50.0,198.09654104932457,30.141405471584484,90.0,118.96044239848429,120.14140547158448,90.0,118.96044239848429
7.819999999999921,6.386689373469449,50.0,198.09654104932457,30.141405471584484,90.0,118.96044239848429,59.858594528415516,90.0,241.0395576015157
7.819999999999921,-4.199999999995274,50.0,180.0,41.84252135859947,90.0,102.95307830743896,48.15747864140053,90.0,257.04692169256106
7.839999999999921,-5.399999999995249,-50.0,180.0,42.210482449755595,90.0,102.97873423224513,132.2104824497556,90.0,117.97873423224513
7.839999999999921,8.037401924678715,-50.0,196.88655851004557,30.24353997741525,90.0,117.84002214421798,120.24353997741525,90.0,117.84002214421798
7.839999999999921,8.037401924678715,50.0,196.88655851004557,30.24353997741525,90.0,117.84002214421798,59.75646002258475,90.0,242.15997785578202
7.839999999999921,-5.399999999995249,50.0,180.0,42.210482449755595,90.0,102.97873423224513,47.789517550244405,90.0,257.02126576775487
7.85999999999992,-6.599999999995223,-50.0,180.0,42.57485501069581,90.0,103.01080786276827,132.5748550106958,90.0,118.01080786276827
7.85999999999992,9.561359846224628,-50.0,195.4102648555221,30.493846999075636,90.00000000000001,116.49264966425731,120.49384699907563,89.99999999999999,116.49264966425731
7.85999999999992,9.561359846224628,50.0,195.4102648555221,30.493846999075636,90.00000000000001,116.49264966425731,59.506153000924364,90.00000000000001,243.50735033574267
7.85999999999992,-6.599999999995223,50.0,180.0,42.57485501069581,90.0,103.01080786276827,47.42514498930419,90.0,256.9891921372317
7.87999999999992,-7.799999999995197,-50.0,180.0,42.93560428110076,90.0,103.049301697407,132.93560428110075,90.0,118.049301697407
7.87999999999992,10.934529411316062,-50.0,193.69094211858103,30.882649805532843,90.0,114.94881982569125,120.88264980553285,90.0,114.94881982569125
7.87999999999992,10.934529411316062,50.0,193.69094211858103,30.882649805532843,90.0,114.94881982569125,59.11735019446716,90.0,245.05118017430874
7.87999999999992,-7.799999999995197,50.0,180.0,42.93560428110076,90.0,103.049301697407,47.06439571889924,90.0,256.95069830259297
7.8999999999999195,-8.999999999995172,-50.0,180.0,43.29269538384126,90.0,103.09421874965867,133.29269538384125,90.0,118.09421874965867
7.8999999999999195,12.135254915619802,-50.0,191.75570504585755,31.399121880302815,90.0,113.24120616832366,121.39912188030281,90.0,113.24120616832366
7.8999999999999195,12.135254915619802,50.0,191.75570504585755,31.399121880302815,90.0,113.24120616832366,58.600878119697185,90.0,246.75879383167634
7.8999999999999195,-8.999999999995172,50.0,180.0,43.29269538384126,90.0,103.09421874965867,46.70730461615874,90.0,256.9057812503413
7.919999999999919,-10.199999999995146,-50.0,180.0,43.64609333790166,90.0,103.14556255656882,133.64609333790168,90.0,118.14556255656882
7.919999999999919,13.144600200654322,-50.0,189.6350734820431,32.031848273232605,90.0,111.40348373247947,122.03184827323261,90.0,111.40348373247947
7.919999999999919,13.144600200654322,50.0,189.6350734820431,32.031848273232605,90.0,111.40348373247947,57.968151726767395,90.0,248.59651626752054
7.919999999999919,-10.199999999995146,50.0,180.0,43.64609333790166,90.0,103.14556255656882,46.35390666209834,90.0,256.85443744343115
7.939999999999919,-11.39999999999512,-50.0,180.0,43.995763070342186,90.0,103.20333718862217,133.99576307034218,90.0,118.20333718862217
7.939999999999919,13.946647288320978,-50.0,187.36249105370297,32.76923116008683,90.00000000000001,109.46940676812692,122.76923116008683,89.99999999999999,109.46940676812692
7.939999999999919,13.946647288320978,50.0,187.36249105370297,32.76923116008683,90.00000000000001,109.46940676812692,57.23076883991317,90.00000000000001,250.53059323187307
7.939999999999919,-11.39999999999512,50.0,180.0,43.995763070342186,90.0,103.20333718862217,46.004236929657814,90.0,256.7966628113778
7.959999999999918,-12.599999999995095,-50.0,180.0,44.341669427270666,90.0,103.26754726109044,134.34166942727066,90.0,118.26754726109044
7.959999999999918,14.52874741692757,-50.0,184.97379774330693,33.5997357126345,90.0,107.47214231326245,123.5997357126345,90.0,107.47214231326245
7.959999999999918,14.52874741692757,50.0,184.97379774330693,33.5997357126345,90.0,107.47214231326245,56.4002642873655,90.0,252.52785768673755
7.959999999999918,-12.599999999995095,50.0,180.0,44.341669427270666,90.0,103.26754726109044,45.658330572729334,90.0,256.73245273890956
7.979999999999918,-13.79999999999507,-50.0,180.0,44.68377718379288,90.0,103.33819794685519,134.68377718379287,90.0,118.33819794685519
7.979999999999918,14.881720519716207,-50.0,182.50666467129622,34.511990664930146,90.0,105.4438266239094,124.51199066493015,90.0,105.4438266239094
7.979999999999918,14.881720519716207,50.0,182.50666467129622,34.511990664930146,90.0,105.4438266239094,55.488009335069854,90.0,254.5561733760906
7.979999999999918,-13.79999999999507,50.0,180.0,44.68377718379288,90.0,103.33819794685519,45.31622281620712,90.0,256.6618020531448
7.999999999999917,-14.999999999995044,-50.0,180.0,45.022051052909895,90.0,103.41529499072665,135.0220510529099,90.0,118.41529499072665
7.999999999999917,15.0,-50.0,180.00000000001026,35.4947676714548,90.0,103.41529499073522,125.49476767145481,90.0,103.41529499073522
7.999999999999917,15.0,50.0,180.00000000001026,35.4947676714548,90.0,103.41529499073522,54.5052323285452,90.0,256.5847050092648
7.999999999999917,-14.999999999995044,50.0,180.0,45.022051052909895,90.0,103.41529499072665,44.977948947090105,90.0,256.58470500927336
8.019999999999918,-14.881720519718137,-50.0,182.50666467127584,43.83523961873422,90.0,105.44382662389279,133.83523961873422,90.0,120.44382662389279
8.019999999999918,13.800000000004928,-50.0,180.0,35.91557665900265,90.0,103.33819794685581,125.91557665900265,90.0,103.33819794685581
8.019999999999918,13.800000000004928,50.0,180.0,35.91557665900265,90.0,103.33819794685581,54.08442334099735,90.0,256.6618020531442
8.019999999999918,-14.881720519718137,50.0,182.50666467127584,43.83523961873422,90.0,105.44382662389279,46.16476038126578,90.0,254.5561733761072
8.039999999999917,-14.5287474169314,-50.0,184.97379774328704,42.58187673392233,90.0,107.472142313246,132.58187673392234,90.0,122.472142313246
8.039999999999917,12.600000000004954,-50.0,180.0,36.333323545851584,90.0,103.267547261091,126.33332354585158,90.0,103.267547261091
8.039999999999917,12.600000000004954,50.0,180.0,36.333323545851584,90.0,103.267547261091,53.666676454148416,90.0,256.732452738909
8.039999999999917,-14.5287474169314,50.0,184.97379774328704,42.58187673392233,90.0,107.472142313246,47.41812326607767,90.0,252.527857686754
8.059999999999917,-13.946647288326652,-50.0,187.36249105368387,41.2833478267793,90.0,109.46940676811083,131.2833478267793,90.0,124.46940676811083
8.059999999999917,11.40000000000498,-50.0,180.0,36.74797787900324,90.0,103.20333718862267,126.74797787900323,90.0,103.20333718862267
8.059999999999917,11.40000000000498,50.0,180.0,36.74797787900324,90.0,103.20333718862267,53.25202212099676,90.0,256.79666281137736
8.059999999999917,-13.946647288326652,50.0,187.36249105368387,41.2833478267793,90.0,109.46940676811083,48.7166521732207,90.0,250.53059323188916
8.079999999999917,-13.14460020066174,-50.0,189.63507348202512,39.96210508428198,90.0,111.40348373246403,129.96210508428197,90.0,126.40348373246403
8.079999999999917,10.200000000005005,-50.0,180.0,37.15950877234899,90.0,103.14556255656926,127.159508772349,90.0,103.14556255656926
8.079999999999917,10.200000000005005,50.0,180.0,37.15950877234899,90.0,103.14556255656926,52.84049122765101,90.0,256.85443744343075
8.079999999999917,-13.14460020066174,50.0,189.63507348202512,39.96210508428198,90.0,111.40348373246403,50.03789491571802,90.0,248.59651626753597
8.099999999999916,-12.135254915628856,-50.0,191.75570504584093,38.64138768642524,90.0,113.24120616830913,128.64138768642525,90.0,128.24120616830913
8.099999999999916,9.00000000000503,-50.0,180.0,37.5678849316175,90.0,103.09421874965905,127.5678849316175,90.0,103.09421874965905
8.099999999999916,9.00000000000503,50.0,180.0,37.5678849316175,90.0,103.09421874965905,52.4321150683825,90.0,256.90578125034097
8.099999999999916,-12.135254915628856,50.0,191.75570504584093,38.64138768642524,90.0,113.24120616830913,51.35861231357476,90.0,246.75879383169087
8.119999999999916,-10.934529411326611,-50.0,193.69094211856606,37.34488387339734,90.0,114.94881982567789,127.34488387339735,90.0,129.9488198256779
8.119999999999916,7.800000000005056,-50.0,180.0,37.97307467870886,90.0,103.04930169740734,127.97307467870885,90.0,103.04930169740734
8.119999999999916,7.800000000005056,50.0,180.0,37.97307467870886,90.0,103.04930169740734,52.02692532129114,90.0,256.9506983025926
8.119999999999916,-10.934529411326611,50.0,193.69094211856606,37.34488387339734,90.0,114.94881982567789,52.65511612660266,90.0,245.0511801743221
8.139999999999915,-9.561359846236497,-50.0,195.410264855509,36.09630608749726,90.0,116.49264966424549,126.09630608749725,90.0,131.4926496642455
8.139999999999915,6.600000000005082,-50.0,180.0,38.37504597540522,90.0,103.01080786276856,128.37504597540521,90.0,103.01080786276856
8.139999999999915,6.600000000005082,50.0,180.0,38.37504597540522,90.0,103.01080786276856,51.62495402459478,90.0,256.98919213723144
8.139999999999915,-9.561359846236497,50.0,195.410264855509,36.09630608749726,90.0,116.49264966424549,53.90369391250274,90.0,243.5073503357545
8.159999999999915,-8.037401924691723,-50.0,196.88655851003458,34.91885817293439,90.0,117.84002214420786,124.91885817293439,90.0,132.84002214420786
8.159999999999915,5.400000000005107,-50.0,180.0,38.77376644644445,90.0,102.97873423224536,128.77376644644445,90.0,102.97873423224536
8.159999999999915,5.400000000005107,50.0,180.0,38.77376644644445,90.0,102.97873423224536,51.22623355355555,90.0,257.02126576775464
8.159999999999915,-8.037401924691723,50.0,196.88655851003458,34.91885817293439,90.0,117.84002214420786,55.08114182706561,90.0,242.15997785579214
8.179999999999914,-6.386689373483386,-50.0,198.09654104931582,33.83459098774551,90.0,118.96044239847612,123.83459098774551,90.0,133.96044239847612
8.179999999999914,4.200000000005133,-50.0,180.0,39.169203401941004,90.0,102.95307830743914,129.169203401941,90.0,102.95307830743914
8.179999999999914,4.200000000005133,50.0,180.0,39.169203401941004,90.0,102.95307830743914,50.830796598058996,90.0,257.0469216925609
8.179999999999914,-6.386689373483386,50.0,198.09654104931582,33.83459098774551,90.0,118.96044239847612,56.16540901225449,90.0,241.03955760152388
8.199999999999914,-4.6352549156319185,-50.0,199.02113032589972,32.86367004227075,90.0,119.8269729184494,122.86367004227074,90.0,134.8269729184494
8.199999999999914,3.0000000000051585,-50.0,180.0,39.56132385913751,90.0,102.93383809802849,129.5613238591375,90.0,102.93383809802849
8.199999999999914,3.0000000000051585,50.0,180.0,39.56132385913751,90.0,102.93383809802849,50.43867614086249,90.0,257.0661619019715
8.199999999999914,-4.6352549156319185,50.0,199.02113032589972,32.86367004227075,90.0,119.8269729184494,57.13632995772925,90.0,240.1730270815506
8.219999999999914,-2.81071971879387,-50.0,199.64574501457173,32.02361220892679,90.0,120.41769652198471,122.02361220892679,90.0,135.4176965219847
8.219999999999914,1.8000000000051841,-50.0,180.0,39.95009456346815,90.0,102.92101211616489,129.95009456346816,90.0,102.92101211616489
8.219999999999914,1.8000000000051841,50.0,180.0,39.95009456346815,90.0,102.92101211616489,50.04990543653185,90.0,257.0789878838351
8.219999999999914,-2.81071971879387,50.0,199.64574501457173,32.02361220892679,90.0,120.41769652198471,57.97638779107321,90.0,239.5823034780153
8.239999999999913,-0.9418577929478701,-50.0,199.96053456856475,31.32857930489669,90.0,120.7170878172863,121.32857930489669,90.0,135.7170878172863
8.239999999999913,0.6000000000052097,-50.0,180.0,40.335482008914724,90.0,102.91459937227697,130.3354820089147,90.0,102.91459937227697
8.239999999999913,0.6000000000052097,50.0,180.0,40.335482008914724,90.0,102.91459937227697,49.664517991085276,90.0,257.08540062772306
8.239999999999913,-0.9418577929478701,50.0,199.96053456856475,31.32857930489669,90.0,120.7170878172863,58.67142069510331,90.0,239.2829121827137
8.259999999999913,0.9418577929314939,-50.0,199.96053456856612,30.788832024558207,90.0,120.7170878172876,120.7888320245582,90.0,135.71708781728762
8.259999999999913,-0.5999999999947647,-50.0,180.0,40.71745245763412,90.0,102.91459937227692,130.71745245763412,90.0,102.91459937227692
8.259999999999913,-0.5999999999947647,50.0,180.0,40.71745245763412,90.0,102.91459937227692,49.28254754236588,90.0,257.08540062772306
8.259999999999913,0.9418577929314939,50.0,199.96053456856612,30.788832024558207,90.0,120.7170878172876,59.211167975441796,90.0,239.28291218271238
8.279999999999912,2.810719718777752,-50.0,199.64574501457582,30.41043744555794,90.0,120.4176965219886,120.41043744555793,90.0,135.4176965219886
8.279999999999912,-1.7999999999947391,-50.0,180.0,41.095971958835136,90.0,102.9210121161648,131.09597195883515,90.0,102.9210121161648
8.279999999999912,-1.7999999999947391,50.0,180.0,41.095971958835136,90.0,102.9210121161648,48.904028041164864,90.0,257.0789878838352
8.279999999999912,2.810719718777752,50.0,199.64574501457582,30.41043744555794,90.0,120.4176965219886,59.58956255444206,90.0,239.5823034780114
8.299999999999912,4.635254915616313,-50.0,199.02113032590648,30.19528464388452,90.0,119.82697291845577,120.19528464388452,90.0,134.82697291845577
8.299999999999912,-2.9999999999947136,-50.0,180.0,41.471006366881916,90.0,102.93383809802836,131.4710063668819,90.0,102.93383809802836
8.299999999999912,-2.9999999999947136,50.0,180.0,41.471006366881916,90.0,102.93383809802836,48.528993633118084,90.0,257.06616190197167
8.299999999999912,4.635254915616313,50.0,199.02113032590648,30.19528464388452,90.0,119.82697291845577,59.80471535611548,90.0,240.17302708154423
8.319999999999911,6.386689373468538,-50.0,198.09654104932514,30.141405471584484,90.0,118.9604423984848,120.14140547158448,90.0,133.96044239848482
8.319999999999911,-4.199999999994688,-50.0,180.0,41.8425213585993,90.0,102.95307830743893,131.8425213585993,90.0,102.95307830743893
8.319999999999911,-4.199999999994688,50.0,180.0,41.8425213585993,90.0,102.95307830743893,48.1574786414007,90.0,257.04692169256106
8.319999999999911,6.386689373468538,50.0,198.09654104932514,30.141405471584484,90.0,118.9604423984848,59.858594528415516,90.0,241.03955760151518
8.339999999999911,8.037401924677873,-50.0,196.88655851004629,30.243539977415153,90.0,117.84002214421865,120.24353997741515,90.0,132.84002214421866
8.339999999999911,-5.399999999994662,-50.0,180.0,42.21048244975541,90.0,102.9787342322451,132.2104824497554,90.0,102.9787342322451
8.339999999999911,-5.399999999994662,50.0,180.0,42.21048244975541,90.0,102.9787342322451,47.78951755024459,90.0,257.0212657677549
8.339999999999911,8.037401924677873,50.0,196.88655851004629,30.243539977415153,90.0,117.84002214421865,59.75646002258485,90.0,242.15997785578134
8.35999999999991,9.561359846223853,-50.0,195.41026485552294,30.493846999075465,90.0,116.49264966425811,120.49384699907546,90.0,131.49264966425812
8.35999999999991,-6.599999999994637,-50.0,180.0,42.57485501069564,90.0,103.01080786276825,132.57485501069564,90.0,103.01080786276825
8.35999999999991,-6.599999999994637,50.0,180.0,42.57485501069564,90.0,103.01080786276825,47.42514498930436,90.0,256.9891921372317
8.35999999999991,9.561359846223853,50.0,195.41026485552294,30.493846999075465,90.0,116.49264966425811,59.506153000924535,90.0,243.50735033574188
8.37999999999991,10.93452941131538,-50.0,193.690942118582,30.882649805532587,90.0,114.94881982569214,120.8826498055326,90.0,129.94881982569214
8.37999999999991,-7.799999999994611,-50.0,180.0,42.935604281100574,90.0,103.049301697407,132.93560428110058,90.0,103.049301697407
8.37999999999991,-7.799999999994611,50.0,180.0,42.935604281100574,90.0,103.049301697407,47.064395718899426,90.0,256.95069830259297
8.37999999999991,10.93452941131538,50.0,193.690942118582,30.882649805532587,90.0,114.94881982569214,59.11735019446741,90.0,245.05118017430786
8.39999999999991,12.13525491561921,-50.0,191.75570504585863,31.3991218803025,90.0,113.24120616832462,121.3991218803025,90.0,128.24120616832462
8.39999999999991,-8.999999999994586,-50.0,180.0,43.2926953838411,90.0,103.09421874965865,133.2926953838411,90.0,103.09421874965865
8.39999999999991,-8.999999999994586,50.0,180.0,43.2926953838411,90.0,103.09421874965865,46.7073046161589,90.0,256.90578125034136
8.39999999999991,12.13525491561921,50.0,191.75570504585863,31.3991218803025,90.0,113.24120616832462,58.6008781196975,90.0,246.75879383167538
8.41999999999991,13.144600200653837,-50.0,189.63507348204428,32.03184827323224,90.0,111.40348373248047,122.03184827323224,90.0,126.40348373248047
8.41999999999991,-10.19999999999456,-50.0,180.0,43.646093337901505,90.0,103.14556255656876,133.6460933379015,90.0,103.14556255656876
8.41999999999991,-10.19999999999456,50.0,180.0,43.646093337901505,90.0,103.14556255656876,46.353906662098495,90.0,256.85443744343127
8.41999999999991,13.144600200653837,50.0,189.63507348204428,32.03184827323224,90.0,111.40348373248047,57.96815172676776,90.0,248.59651626751952
8.439999999999909,13.946647288320609,-50.0,187.36249105370422,32.76923116008639,90.0,109.469406768128,122.76923116008639,90.0,124.469406768128
8.439999999999909,-11.399999999994535,-50.0,180.0,43.995763070342015,90.0,103.20333718862214,133.995763070342,90.0,103.20333718862214
8.439999999999909,-11.399999999994535,50.0,180.0,43.995763070342015,90.0,103.20333718862214,46.004236929657985,90.0,256.79666281137787
8.439999999999909,13.946647288320609,50.0,187.36249105370422,32.76923116008639,90.0,109.469406768128,57.23076883991361,90.0,250.530593231872
8.459999999999908,14.52874741692732,-50.0,184.97379774330824,33.599735712634015,90.0,107.47214231326356,123.59973571263401,90.0,122.47214231326356
8.459999999999908,-12.599999999994509,-50.0,180.0,44.341669427270496,90.0,103.26754726109041,134.3416694272705,90.0,103.26754726109041
8.459999999999908,-12.599999999994509,50.0,180.0,44.341669427270496,90.0,103.26754726109041,45.658330572729504,90.0,256.7324527389096
8.459999999999908,14.52874741692732,50.0,184.97379774330824,33.599735712634015,90.0,107.47214231326356,56.400264287365985,90.0,252.52785768673644
8.479999999999908,14.881720519716083,-50.0,182.50666467129756,34.51199066492965,90.0,105.44382662391048,124.51199066492964,90.0,120.44382662391048
8.479999999999908,-13.799999999994483,-50.0,180.0,44.6837771837927,90.0,103.33819794685517,134.6837771837927,90.0,103.33819794685517
8.479999999999908,-13.799999999994483,50.0,180.0,44.6837771837927,90.0,103.33819794685517,45.3162228162073,90.0,256.6618020531448
8.479999999999908,14.881720519716083,50.0,182.50666467129756,34.51199066492965,90.0,105.44382662391048,55.48800933507035,90.0,254.55617337608953
8.499999999999908,15.0,-50.0,180.00000000001162,35.49476767145424,90.0,103.41529499073631,125.49476767145424,90.0,118.41529499073631
8.499999999999908,-14.999999999994458,-50.0,180.0,45.02205105290974,90.0,103.41529499072661,135.02205105290975,90.0,103.41529499072661
8.499999999999908,-14.999999999994458,50.0,180.0,45.02205105290974,90.0,103.41529499072661,44.97794894709026,90.0,256.5847050092734
8.499999999999908,15.0,50.0,180.00000000001162,35.49476767145424,90.0,103.41529499073631,54.50523232854576,90.0,256.5847050092637
8.519999999999907,13.800000000005568,-50.0,180.0,35.915576659002426,90.0,103.33819794685587,125.91557665900243,90.0,118.33819794685587
8.519999999999907,-14.881720519718264,-50.0,182.5066646712745,43.83523961873488,90.0,105.44382662389168,133.83523961873487,90.0,105.44382662389168
8.519999999999907,-14.881720519718264,50.0,182.5066646712745,43.83523961873488,90.0,105.44382662389168,46.16476038126512,90.0,254.55617337610832
8.519999999999907,13.800000000005568,50.0,180.0,35.915576659002426,90.0,103.33819794685587,54.084423340997574,90.0,256.66180205314413
8.539999999999907,12.600000000005593,-50.0,180.0,36.33332354585137,90.0,103.26754726109101,126.33332354585137,90.0,118.26754726109101
8.539999999999907,-14.528747416931651,-50.0,184.97379774328576,42.58187673392302,90.0,107.4721423132449,132.58187673392302,90.0,107.4721423132449
8.539999999999907,-14.528747416931651,50.0,184.97379774328576,42.58187673392302,90.0,107.4721423132449,47.41812326607698,90.0,252.5278576867551
8.539999999999907,12.600000000005593,50.0,180.0,36.33332354585137,90.0,103.26754726109101,53.66667645414863,90.0,256.732452738909
8.559999999999906,11.400000000005619,-50.0,180.0,36.74797787900304,90.0,103.20333718862268,126.74797787900303,90.0,118.20333718862268
8.559999999999906,-13.946647288327021,-50.0,187.36249105368262,41.28334782678,90.0,109.46940676810978,131.28334782678002,90.0,109.46940676810978
8.559999999999906,-13.946647288327021,50.0,187.36249105368262,41.28334782678,90.0,109.46940676810978,48.71665217322,90.0,250.53059323189024
8.559999999999906,11.400000000005619,50.0,180.0,36.74797787900304,90.0,103.20333718862268,53.25202212099696,90.0,256.7966628113773
8.579999999999906,10.200000000005645,-50.0,180.0,37.15950877234878,90.0,103.14556255656927,127.15950877234877,90.0,118.14556255656927
8.579999999999906,-13.144600200662225,-50.0,189.63507348202396,39.96210508428268,90.00000000000001,111.40348373246304,129.96210508428268,89.99999999999999,111.40348373246304
8.579999999999906,-13.144600200662225,50.0,189.63507348202396,39.96210508428268,90.00000000000001,111.40348373246304,50.03789491571732,90.00000000000001,248.59651626753697
8.579999999999906,10.200000000005645,50.0,180.0,37.15950877234878,90.0,103.14556255656927,52.84049122765122,90.0,256.8544374434307
8.599999999999905,9.00000000000567,-50.0,180.0,37.56788493161729,90.0,103.09421874965908,127.5678849316173,90.0,118.09421874965908
8.599999999999905,-12.135254915629446,-50.0,191.75570504583985,38.64138768642594,90.0,113.24120616830818,128.64138768642593,90.0,113.24120616830818
8.599999999999905,-12.135254915629446,50.0,191.75570504583985,38.64138768642594,90.0,113.24120616830818,51.35861231357406,90.0,246.75879383169183
8.599999999999905,9.00000000000567,50.0,180.0,37.56788493161729,90.0,103.09421874965908,52.43211506838271,90.0,256.9057812503409
8.619999999999905,7.800000000005696,-50.0,180.0,37.97307467870864,90.0,103.04930169740737,127.97307467870864,90.0,118.04930169740737
8.619999999999905,-10.934529411327299,-50.0,193.6909421185651,37.344883873398025,90.0,114.94881982567705,127.34488387339803,90.0,114.94881982567705
8.619999999999905,-10.934529411327299,50.0,193.6909421185651,37.344883873398025,90.0,114.94881982567705,52.655116126601975,90.0,245.05118017432295
8.619999999999905,7.800000000005696,50.0,180.0,37.97307467870864,90.0,103.04930169740737,52.02692532129136,90.0,256.9506983025926
8.639999999999905,6.600000000005721,-50.0,180.0,38.375045975405,90.0,103.01080786276859,128.375045975405,90.0,118.01080786276859
8.639999999999905,-9.56135984623727,-50.0,195.41026485550816,36.09630608749792,90.00000000000001,116.4926496642447,126.09630608749792,89.99999999999999,116.4926496642447
8.639999999999905,-9.56135984623727,50.0,195.41026485550816,36.09630608749792,90.00000000000001,116.4926496642447,53.90369391250208,90.00000000000001,243.5073503357553
8.639999999999905,6.600000000005721,50.0,180.0,38.375045975405,90.0,103.01080786276859,51.624954024595,90.0,256.9891921372314
8.659999999999904,5.400000000005747,-50.0,180.0,38.77376644644423,90.0,102.97873423224539,128.77376644644423,90.0,117.97873423224539
8.659999999999904,-8.037401924692572,-50.0,196.88655851003386,34.918858172934996,90.0,117.84002214420725,124.91885817293499,90.0,117.84002214420725
8.659999999999904,-8.037401924692572,50.0,196.88655851003386,34.918858172934996,90.0,117.84002214420725,55.081141827065004,90.0,242.15997785579276
8.659999999999904,5.400000000005747,50.0,180.0,38.77376644644423,90.0,102.97873423224539,51.22623355355577,90.0,257.0212657677546
8.679999999999904,4.2000000000057724,-50.0,180.0,39.1692034019408,90.0,102.95307830743914,129.1692034019408,90.0,117.95307830743914
8.679999999999904,-6.3866893734842956,-50.0,198.09654104931525,33.83459098774605,90.00000000000001,118.96044239847559,123.83459098774605,89.99999999999999,118.96044239847559
8.679999999999904,-6.3866893734842956,50.0,198.09654104931525,33.83459098774605,90.00000000000001,118.96044239847559,56.16540901225395,90.00000000000001,241.0395576015244
8.679999999999904,4.2000000000057724,50.0,180.0,39.1692034019408,90.0,102.95307830743914,50.8307965980592,90.0,257.0469216925609
8.699999999999903,3.000000000005798,-50.0,180.0,39.5613238591373,90.0,102.93383809802849,129.5613238591373,90.0,117.93383809802849
8.699999999999903,-4.635254915632872,-50.0,199.02113032589932,32.863670042271224,90.0,119.82697291844904,122.86367004227122,90.0,119.82697291844904
8.699999999999903,-4.635254915632872,50.0,199.02113032589932,32.863670042271224,90.0,119.82697291844904,57.136329957728776,90.0,240.17302708155097
8.699999999999903,3.000000000005798,50.0,180.0,39.5613238591373,90.0,102.93383809802849,50.4386761408627,90.0,257.0661619019715
8.719999999999903,1.8000000000058236,-50.0,180.0,39.95009456346794,90.0,102.92101211616489,129.95009456346793,90.0,117.92101211616489
8.719999999999903,-2.810719718794855,-50.0,199.6457450145715,32.0236122089272,90.0,120.41769652198451,122.0236122089272,90.0,120.41769652198451
8.719999999999903,-2.810719718794855,50.0,199.6457450145715,32.0236122089272,90.0,120.41769652198451,57.9763877910728,90.0,239.5823034780155
8.719999999999903,1.8000000000058236,50.0,180.0,39.95009456346794,90.0,102.92101211616489,50.04990543653206,90.0,257.0789878838351
8.739999999999903,0.6000000000058492,-50.0,180.0,40.335482008914525,90.0,102.91459937227697,130.33548200891454,90.0,117.91459937227697
8.739999999999903,-0.9418577929488707,-50.0,199.96053456856467,31.328579304897033,90.00000000000001,120.7170878172862,121.32857930489703,89.99999999999999,120.7170878172862
8.739999999999903,-0.9418577929488707,50.0,199.96053456856467,31.328579304897033,90.00000000000001,120.7170878172862,58.67142069510297,90.00000000000001,239.2829121827138
8.739999999999903,0.6000000000058492,50.0,180.0,40.335482008914525,90.0,102.91459937227697,49.664517991085475,90.0,257.08540062772306
8.759999999999902,-0.5999999999941252,-50.0,180.0,40.71745245763391,90.0,102.91459937227692,130.7174524576339,90.0,117.91459937227692
8.759999999999902,0.9418577929304899,-50.0,199.9605345685662,30.788832024558463,90.00000000000001,120.71708781728765,120.78883202455846,89.99999999999999,120.71708781728765
8.759999999999902,0.9418577929304899,50.0,199.9605345685662,30.788832024558463,90.00000000000001,120.71708781728765,59.21116797544154,90.00000000000001,239.28291218271235
8.759999999999902,-0.5999999999941252,50.0,180.0,40.71745245763391,90.0,102.91459937227692,49.28254754236609,90.0,257.08540062772306
8.779999999999902,-1.7999999999940997,-50.0,180.0,41.09597195883494,90.0,102.9210121161648,131.09597195883492,90.0,117.9210121161648
8.779999999999902,2.810719718776764,-50.0,199.64574501457608,30.410437445558088,90.0,120.41769652198886,120.41043744555809,90.0,120.41769652198886
8.779999999999902,2.810719718776764,50.0,199.64574501457608,30.410437445558088,90.0,120.41769652198886,59.58956255444191,90.0,239.58230347801114
8.779999999999902,-1.7999999999940997,50.0,180.0,41.09597195883494,90.0,102.9210121161648,48.90402804116506,90.0,257.0789878838352
8.799999999999901,-2.999999999994074,-50.0,180.0,41.47100636688173,90.0,102.93383809802833,131.47100636688174,90.0,117.93383809802833
8.799999999999901,4.635254915615357,-50.0,199.0211303259069,30.195284643884595,90.0,119.82697291845614,120.19528464388459,90.0,119.82697291845614
8.799999999999901,4.635254915615357,50.0,199.0211303259069,30.195284643884595,90.0,119.82697291845614,59.80471535611541,90.0,240.17302708154386
8.799999999999901,-2.999999999994074,50.0,180.0,41.47100636688173,90.0,102.93383809802833,48.52899363311827,90.0,257.06616190197167
8.8199999999999,-4.1999999999940485,-50.0,180.0,41.84252135859909,90.0,102.95307830743893,131.8425213585991,90.0,117.95307830743893
8.8199999999999,6.386689373467628,-50.0,198.0965410493257,30.141405471584473,90.0,118.96044239848533,120.14140547158448,90.0,118.96044239848533
8.8199999999999,6.386689373467628,50.0,198.0965410493257,30.141405471584473,90.0,118.96044239848533,59.85859452841552,90.0,241.03955760151467
8.8199999999999,-4.1999999999940485,50.0,180.0,41.84252135859909,90.0,102.95307830743893,48.15747864140091,90.0,257.04692169256106
8.8399999999999,-5.399999999994023,-50.0,180.0,42.21048244975522,90.0,102.97873423224509,132.2104824497552,90.0,117.97873423224509
8.8399999999999,8.037401924677022,-50.0,196.886558510047,30.243539977415065,90.00000000000001,117.8400221442193,120.24353997741507,89.99999999999999,117.8400221442193
8.8399999999999,8.037401924677022,50.0,196.886558510047,30.243539977415065,90.00000000000001,117.8400221442193,59.75646002258493,90.00000000000001,242.1599778557807
8.8399999999999,-5.399999999994023,50.0,180.0,42.21048244975522,90.0,102.97873423224509,47.78951755024478,90.0,257.0212657677549
8.8599999999999,-6.599999999993997,-50.0,180.0,42.57485501069544,90.0,103.01080786276825,132.57485501069544,90.0,118.01080786276825
8.8599999999999,9.561359846223079,-50.0,195.4102648555238,30.493846999075288,90.0,116.49264966425886,120.49384699907529,90.0,116.49264966425886
8.8599999999999,9.561359846223079,50.0,195.4102648555238,30.493846999075288,90.0,116.49264966425886,59.50615300092471,90.0,243.50735033574114
8.8599999999999,-6.599999999993997,50.0,180.0,42.57485501069544,90.0,103.01080786276825,47.42514498930456,90.0,256.9891921372317
8.8799999999999,-7.799999999993972,-50.0,180.0,42.935604281100396,90.0,103.04930169740696,132.93560428110038,90.0,118.04930169740696
8.8799999999999,10.93452941131469,-50.0,193.69094211858297,30.88264980553237,90.0,114.94881982569295,120.88264980553237,90.0,114.94881982569295
8.8799999999999,10.93452941131469,50.0,193.69094211858297,30.88264980553237,90.0,114.94881982569295,59.11735019446763,90.0,245.05118017430704
8.8799999999999,-7.799999999993972,50.0,180.0,42.935604281100396,90.0,103.04930169740696,47.064395718899604,90.0,256.950698302593
8.899999999999899,-8.999999999993946,-50.0,180.0,43.2926953838409,90.0,103.09421874965864,133.2926953838409,90.0,118.09421874965864
8.899999999999899,12.135254915618619,-50.0,191.7557050458597,31.3991218803022,90.0,113.24120616832555,121.3991218803022,90.0,113.24120616832555
8.899999999999899,12.135254915618619,50.0,191.7557050458597,31.3991218803022,90.0,113.24120616832555,58.600878119697796,90.0,246.75879383167444
8.899999999999899,-8.999999999993946,50.0,180.0,43.2926953838409,90.0,103.09421874965864,46.7073046161591,90.0,256.90578125034136
8.919999999999899,-10.19999999999392,-50.0,180.0,43.646093337901306,90.0,103.14556255656875,133.6460933379013,90.0,118.14556255656875
8.919999999999899,13.144600200653352,-50.0,189.63507348204547,32.03184827323187,90.0,111.4034837324815,122.03184827323187,90.0,111.4034837324815
8.919999999999899,13.144600200653352,50.0,189.63507348204547,32.03184827323187,90.0,111.4034837324815,57.96815172676813,90.0,248.5965162675185
8.919999999999899,-10.19999999999392,50.0,180.0,43.646093337901306,90.0,103.14556255656875,46.353906662098694,90.0,256.85443744343127
8.939999999999898,-11.399999999993895,-50.0,180.0,43.99576307034184,90.0,103.2033371886221,133.99576307034184,90.0,118.2033371886221
8.939999999999898,13.946647288320241,-50.0,187.36249105370544,32.769231160085994,90.0,109.46940676812902,122.769231160086,90.0,109.46940676812902
8.939999999999898,13.946647288320241,50.0,187.36249105370544,32.769231160085994,90.0,109.46940676812902,57.230768839914006,90.0,250.53059323187097
8.939999999999898,-11.399999999993895,50.0,180.0,43.99576307034184,90.0,103.2033371886221,46.00423692965816,90.0,256.7966628113779
8.959999999999898,-12.59999999999387,-50.0,180.0,44.34166942727031,90.0,103.26754726109039,134.34166942727032,90.0,118.26754726109039
8.959999999999898,14.528747416927072,-50.0,184.97379774330955,33.59973571263357,90.0,107.4721423132646,123.59973571263356,90.0,107.4721423132646
8.959999999999898,14.528747416927072,50.0,184.97379774330955,33.59973571263357,90.0,107.4721423132646,56.40026428736643,90.0,252.5278576867354
8.959999999999898,-12.59999999999387,50.0,180.0,44.34166942727031,90.0,103.26754726109039,45.65833057272969,90.0,256.7324527389096
8.979999999999897,-13.799999999993844,-50.0,180.0,44.68377718379252,90.0,103.33819794685513,134.68377718379253,90.0,118.33819794685513
8.979999999999897,14.881720519715955,-50.0,182.50666467129886,34.51199066492914,90.00000000000001,105.44382662391156,124.51199066492913,89.99999999999999,105.44382662391156
8.979999999999897,14.881720519715955,50.0,182.50666467129886,34.51199066492914,90.00000000000001,105.44382662391156,55.48800933507086,90.00000000000001,254.55617337608845
8.979999999999897,-13.799999999993844,50.0,180.0,44.68377718379252,90.0,103.33819794685513,45.31622281620748,90.0,256.66180205314487
8.999999999999897,-14.999999999993818,-50.0,180.0,45.02205105290956,90.0,103.41529499072657,135.02205105290955,90.0,118.41529499072657
8.999999999999897,15.0,-50.0,180.00000000001296,35.49476767145369,90.00000000000001,103.41529499073742,125.49476767145369,89.99999999999999,103.41529499073742
8.999999999999897,15.0,50.0,180.00000000001296,35.49476767145369,90.00000000000001,103.41529499073742,54.50523232854631,90.00000000000001,256.58470500926256
8.999999999999897,-14.999999999993818,50.0,180.0,45.02205105290956,90.0,103.41529499072657,44.97794894709044,90.0,256.5847050092734
9.019999999999897,-14.881720519718389,-50.0,182.5066646712732,43.83523961873552,90.0,105.44382662389063,133.83523961873553,90.0,120.44382662389063
9.019999999999897,13.800000000006207,-50.0,180.0,35.91557665900221,90.0,103.33819794685589,125.91557665900221,90.0,103.33819794685589
9.019999999999897,13.800000000006207,50.0,180.0,35.91557665900221,90.0,103.33819794685589,54.08442334099779,90.0,256.66180205314413
9.019999999999897,-14.881720519718389,50.0,182.5066646712732,43.83523961873552,90.0,105.44382662389063,46.16476038126448,90.0,254.55617337610937
9.039999999999896,-14.528747416931903,-50.0,184.97379774328445,42.5818767339237,90.0,107.47214231324382,132.5818767339237,90.0,122.47214231324382
9.039999999999896,12.600000000006233,-50.0,180.0,36.333323545851144,90.0,103.26754726109105,126.33332354585114,90.0,103.26754726109105
9.039999999999896,12.600000000006233,50.0,180.0,36.333323545851144,90.0,103.26754726109105,53.666676454148856,90.0,256.73245273890893
9.039999999999896,-14.528747416931903,50.0,184.97379774328445,42.5818767339237,90.0,107.47214231324382,47.4181232660763,90.0,252.5278576867562
9.059999999999896,-13.94664728832739,-50.0,187.36249105368137,41.28334782678071,90.0,109.46940676810871,131.2833478267807,90.0,124.46940676810871
9.059999999999896,11.400000000006258,-50.0,180.0,36.74797787900281,90.0,103.20333718862271,126.7479778790028,90.0,103.20333718862271
9.059999999999896,11.400000000006258,50.0,180.0,36.74797787900281,90.0,103.20333718862271,53.25202212099719,90.0,256.7966628113773
9.059999999999896,-13.94664728832739,50.0,187.36249105368137,41.28334782678071,90.0,109.46940676810871,48.71665217321929,90.0,250.5305932318913
9.079999999999895,-13.14460020066271,-50.0,189.63507348202276,39.96210508428341,90.00000000000001,111.403483732462,129.9621050842834,89.99999999999999,126.403483732462
9.079999999999895,10.200000000006284,-50.0,180.0,37.15950877234855,90.0,103.14556255656933,127.15950877234854,90.0,103.14556255656933
9.079999999999895,10.200000000006284,50.0,180.0,37.15950877234855,90.0,103.14556255656933,52.84049122765145,90.0,256.8544374434307
9.079999999999895,-13.14460020066271,50.0,189.63507348202276,39.96210508428341,90.00000000000001,111.403483732462,50.03789491571659,90.00000000000001,248.596516267538
9.099999999999895,-12.135254915630037,-50.0,191.75570504583877,38.64138768642663,90.0,113.24120616830723,128.64138768642664,90.0,128.24120616830723
9.099999999999895,9.00000000000631,-50.0,180.0,37.567884931617066,90.0,103.0942187496591,127.56788493161707,90.0,103.0942187496591
9.099999999999895,9.00000000000631,50.0,180.0,37.567884931617066,90.0,103.0942187496591,52.432115068382934,90.0,256.9057812503409
9.099999999999895,-12.135254915630037,50.0,191.75570504583877,38.64138768642663,90.0,113.24120616830723,51.35861231357337,90.0,246.75879383169277
9.119999999999894,-10.934529411327985,-50.0,193.6909421185641,37.34488387339871,90.0,114.94881982567615,127.34488387339871,90.0,129.94881982567614
9.119999999999894,7.800000000006335,-50.0,180.0,37.97307467870842,90.0,103.0493016974074,127.97307467870843,90.0,103.0493016974074
9.119999999999894,7.800000000006335,50.0,180.0,37.97307467870842,90.0,103.0493016974074,52.02692532129158,90.0,256.9506983025926
9.119999999999894,-10.934529411327985,50.0,193.6909421185641,37.34488387339871,90.0,114.94881982567615,52.65511612660129,90.0,245.05118017432386
9.139999999999894,-9.561359846238044,-50.0,195.41026485550728,36.096306087498576,90.0,116.4926496642439,126.09630608749858,90.0,131.4926496642439
9.139999999999894,6.600000000006361,-50.0,180.0,38.37504597540479,90.0,103.01080786276862,128.3750459754048,90.0,103.01080786276862
9.139999999999894,6.600000000006361,50.0,180.0,38.37504597540479,90.0,103.01080786276862,51.62495402459521,90.0,256.9891921372314
9.139999999999894,-9.561359846238044,50.0,195.41026485550728,36.096306087498576,90.0,116.4926496642439,53.903693912501424,90.0,243.5073503357561
9.159999999999894,-8.03740192469342,-50.0,196.88655851003313,34.91885817293561,90.0,117.84002214420654,124.91885817293561,90.0,132.84002214420656
9.159999999999894,5.400000000006386,-50.0,180.0,38.77376644644402,90.0,102.97873423224539,128.77376644644403,90.0,102.97873423224539
9.159999999999894,5.400000000006386,50.0,180.0,38.77376644644402,90.0,102.97873423224539,51.22623355355598,90.0,257.0212657677546
9.159999999999894,-8.03740192469342,50.0,196.88655851003313,34.91885817293561,90.0,117.84002214420654,55.08114182706439,90.0,242.15997785579344
9.179999999999893,-6.386689373485203,-50.0,198.09654104931468,33.83459098774661,90.00000000000001,118.96044239847505,123.83459098774661,89.99999999999999,133.96044239847504
9.179999999999893,4.200000000006412,-50.0,180.0,39.16920340194059,90.0,102.95307830743916,129.1692034019406,90.0,102.95307830743916
9.179999999999893,4.200000000006412,50.0,180.0,39.16920340194059,90.0,102.95307830743916,50.83079659805941,90.0,257.04692169256083
9.179999999999893,-6.386689373485203,50.0,198.09654104931468,33.83459098774661,90.00000000000001,118.96044239847505,56.16540901225339,90.00000000000001,241.03955760152496
9.199999999999893,-4.635254915633829,-50.0,199.0211303258989,32.86367004227173,90.0,119.8269729184486,122.86367004227174,90.0,134.8269729184486
9.199999999999893,3.0000000000064375,-50.0,180.0,39.56132385913709,90.0,102.9338380980285,129.56132385913708,90.0,102.9338380980285
9.199999999999893,3.0000000000064375,50.0,180.0,39.56132385913709,90.0,102.9338380980285,50.43867614086291,90.0,257.0661619019715
9.199999999999893,-4.635254915633829,50.0,199.0211303258989,32.86367004227173,90.0,119.8269729184486,57.13632995772827,90.0,240.1730270815514
9.219999999999892,-2.810719718795843,-50.0,199.64574501457125,32.02361220892762,90.0,120.41769652198423,122.02361220892762,90.0,135.41769652198423
9.219999999999892,1.800000000006463,-50.0,180.0,39.950094563467744,90.0,102.92101211616489,129.95009456346776,90.0,102.92101211616489
9.219999999999892,1.800000000006463,50.0,180.0,39.950094563467744,90.0,102.92101211616489,50.049905436532256,90.0,257.0789878838351
9.219999999999892,-2.810719718795843,50.0,199.64574501457125,32.02361220892762,90.0,120.41769652198423,57.97638779107238,90.0,239.58230347801577
9.239999999999892,-0.9418577929498746,-50.0,199.96053456856458,31.328579304897342,90.0,120.71708781728616,121.32857930489735,90.0,135.71708781728614
9.239999999999892,0.6000000000064887,-50.0,180.0,40.33548200891432,90.0,102.91459937227697,130.3354820089143,90.0,102.91459937227697
9.239999999999892,0.6000000000064887,50.0,180.0,40.33548200891432,90.0,102.91459937227697,49.66451799108568,90.0,257.08540062772306
9.239999999999892,-0.9418577929498746,50.0,199.96053456856458,31.328579304897342,90.0,120.71708781728616,58.671420695102654,90.0,239.28291218271386
9.259999999999891,0.941857792929486,-50.0,199.9605345685663,30.78883202455869,90.0,120.71708781728778,120.78883202455869,90.0,135.7170878172878
9.259999999999891,-0.5999999999934857,-50.0,180.0,40.71745245763371,90.0,102.91459937227692,130.71745245763373,90.0,102.91459937227692
9.259999999999891,-0.5999999999934857,50.0,180.0,40.71745245763371,90.0,102.91459937227692,49.28254754236629,90.0,257.08540062772306
9.259999999999891,0.941857792929486,50.0,199.9605345685663,30.78883202455869,90.0,120.71708781728778,59.21116797544131,90.0,239.2829121827122
9.279999999999891,2.810719718775779,-50.0,199.64574501457633,30.410437445558244,90.00000000000001,120.41769652198909,120.41043744555824,89.99999999999999,135.4176965219891
9.279999999999891,-1.7999999999934602,-50.0,180.0,41.095971958834745,90.0,102.92101211616477,131.09597195883475,90.0,102.92101211616477
9.279999999999891,-1.7999999999934602,50.0,180.0,41.095971958834745,90.0,102.92101211616477,48.904028041165255,90.0,257.0789878838352
9.279999999999891,2.810719718775779,50.0,199.64574501457633,30.410437445558244,90.00000000000001,120.41769652198909,59.589562554441756,90.00000000000001,239.5823034780109
9.29999999999989,4.635254915614403,-50.0,199.02113032590734,30.19528464388466,90.0,119.82697291845655,120.19528464388466,90.0,134.82697291845653
9.29999999999989,-2.9999999999934346,-50.0,180.0,41.47100636688153,90.0,102.93383809802833,131.47100636688154,90.0,102.93383809802833
9.29999999999989,-2.9999999999934346,50.0,180.0,41.47100636688153,90.0,102.93383809802833,48.52899363311847,90.0,257.06616190197167
9.29999999999989,4.635254915614403,50.0,199.02113032590734,30.19528464388466,90.0,119.82697291845655,59.80471535611534,90.0,240.17302708154347
9.31999999999989,6.3866893734667185,-50.0,198.09654104932628,30.141405471584452,90.0,118.96044239848587,120.14140547158445,90.0,133.96044239848587
9.31999999999989,-4.199999999993409,-50.0,180.0,41.842521358598894,90.0,102.9530783074389,131.8425213585989,90.0,102.9530783074389
9.31999999999989,-4.199999999993409,50.0,180.0,41.842521358598894,90.0,102.9530783074389,48.157478641401106,90.0,257.0469216925611
9.31999999999989,6.3866893734667185,50.0,198.09654104932628,30.141405471584452,90.0,118.96044239848587,59.85859452841555,90.0,241.03955760151413
9.33999999999989,8.037401924676173,-50.0,196.88655851004773,30.24353997741497,90.00000000000001,117.84002214421994,120.24353997741497,89.99999999999999,132.84002214421994
9.33999999999989,-5.399999999993383,-50.0,180.0,42.21048244975502,90.0,102.97873423224509,132.21048244975503,90.0,102.97873423224509
9.33999999999989,-5.399999999993383,50.0,180.0,42.21048244975502,90.0,102.97873423224509,47.78951755024498,90.0,257.0212657677549
9.33999999999989,8.037401924676173,50.0,196.88655851004773,30.24353997741497,90.00000000000001,117.84002214421994,59.75646002258503,90.00000000000001,242.15997785578006
9.35999999999989,9.561359846222308,-50.0,195.41026485552464,30.493846999075103,90.0,116.49264966425969,120.4938469990751,90.0,131.4926496642597
9.35999999999989,-6.599999999993358,-50.0,180.0,42.574855010695245,90.0,103.01080786276822,132.57485501069525,90.0,103.01080786276822
9.35999999999989,-6.599999999993358,50.0,180.0,42.574855010695245,90.0,103.01080786276822,47.425144989304755,90.0,256.9891921372318
9.35999999999989,9.561359846222308,50.0,195.41026485552464,30.493846999075103,90.0,116.49264966425969,59.5061530009249,90.0,243.5073503357403
9.379999999999889,10.934529411314003,-50.0,193.69094211858396,30.882649805532104,90.00000000000001,114.94881982569386,120.88264980553211,89.99999999999999,129.94881982569387
9.379999999999889,-7.799999999993332,-50.0,180.0,42.9356042811002,90.0,103.04930169740695,132.9356042811002,90.0,103.04930169740695
9.379999999999889,-7.799999999993332,50.0,180.0,42.9356042811002,90.0,103.04930169740695,47.0643957188998,90.0,256.9506983025931
9.379999999999889,10.934529411314003,50.0,193.69094211858396,30.882649805532104,90.00000000000001,114.94881982569386,59.117350194467896,90.00000000000001,245.05118017430613
9.399999999999888,12.135254915618031,-50.0,191.7557050458608,31.399121880301895,90.0,113.2412061683265,121.39912188030189,90.0,128.2412061683265
9.399999999999888,-8.999999999993307,-50.0,180.0,43.29269538384071,90.0,103.09421874965861,133.2926953838407,90.0,103.09421874965861
9.399999999999888,-8.999999999993307,50.0,180.0,43.29269538384071,90.0,103.09421874965861,46.70730461615929,90.0,256.9057812503414
9.399999999999888,12.135254915618031,50.0,191.7557050458608,31.399121880301895,90.0,113.2412061683265,58.60087811969811,90.0,246.7587938316735
9.419999999999888,13.144600200652867,-50.0,189.63507348204664,32.0318482732315,90.0,111.40348373248251,122.0318482732315,90.0,126.40348373248251
9.419999999999888,-10.199999999993281,-50.0,180.0,43.64609333790112,90.0,103.14556255656873,133.6460933379011,90.0,103.14556255656873
9.419999999999888,-10.199999999993281,50.0,180.0,43.64609333790112,90.0,103.14556255656873,46.35390666209888,90.0,256.85443744343127
9.419999999999888,13.144600200652867,50.0,189.63507348204664,32.0318482732315,90.0,111.40348373248251,57.9681517267685,90.0,248.59651626751747
9.439999999999888,13.946647288319872,-50.0,187.3624910537067,32.76923116008556,90.0,109.46940676813007,122.76923116008555,90.0,124.46940676813007
9.439999999999888,-11.399999999993256,-50.0,180.0,43.995763070341646,90.0,103.20333718862207,133.99576307034164,90.0,103.20333718862207
9.439999999999888,-11.399999999993256,50.0,180.0,43.995763070341646,90.0,103.20333718862207,46.004236929658354,90.0,256.7966628113779
9.439999999999888,13.946647288319872,50.0,187.3624910537067,32.76923116008556,90.0,109.46940676813007,57.23076883991444,90.0,250.53059323186994
9.459999999999887,14.528747416926821,-50.0,184.97379774331083,33.59973571263309,90.0,107.47214231326569,123.59973571263309,90.0,122.47214231326569
9.459999999999887,-12.59999999999323,-50.0,180.0,44.34166942727013,90.0,103.26754726109033,134.34166942727012,90.0,103.26754726109033
9.459999999999887,-12.59999999999323,50.0,180.0,44.34166942727013,90.0,103.26754726109033,45.65833057272987,90.0,256.73245273890967
9.459999999999887,14.528747416926821,50.0,184.97379774331083,33.59973571263309,90.0,107.47214231326569,56.40026428736691,90.0,252.5278576867343
9.479999999999887,14.881720519715829,-50.0,182.5066646713002,34.51199066492863,90.0,105.44382662391267,124.51199066492863,90.0,120.44382662391267
9.479999999999887,-13.799999999993204,-50.0,180.0,44.68377718379235,90.0,103.33819794685508,134.68377718379236,90.0,103.33819794685508
9.479999999999887,-13.799999999993204,50.0,180.0,44.68377718379235,90.0,103.33819794685508,45.31622281620765,90.0,256.6618020531449
9.479999999999887,14.881720519715829,50.0,182.5066646713002,34.51199066492863,90.0,105.44382662391267,55.48800933507137,90.0,254.55617337608732
9.499999999999886,15.0,-50.0,180.0000000000143,35.49476767145316,90.0,103.41529499073847,125.49476767145316,90.0,118.41529499073847
9.499999999999886,-14.999999999993179,-50.0,180.0,45.02205105290937,90.0,103.41529499072654,135.02205105290938,90.0,103.41529499072654
9.499999999999886,-14.999999999993179,50.0,180.0,45.02205105290937,90.0,103.41529499072654,44.97794894709063,90.0,256.5847050092735
9.499999999999886,15.0,50.0,180.0000000000143,35.49476767145316,90.0,103.41529499073847,54.50523232854684,90.0,256.58470500926154
9.519999999999886,13.800000000006847,-50.0,180.0,35.915576659001985,90.0,103.33819794685593,125.91557665900199,90.0,118.33819794685593
9.519999999999886,-14.881720519718515,-50.0,182.50666467127186,43.835239618736175,90.0,105.44382662388954,133.83523961873618,90.0,105.44382662388954
9.519999999999886,-14.881720519718515,50.0,182.50666467127186,43.835239618736175,90.0,105.44382662388954,46.164760381263825,90.0,254.55617337611045
9.519999999999886,13.800000000006847,50.0,180.0,35.915576659001985,90.0,103.33819794685593,54.084423340998015,90.0,256.6618020531441
9.539999999999885,12.600000000006872,-50.0,180.0,36.33332354585091,90.0,103.26754726109111,126.3333235458509,90.0,118.26754726109111
9.539999999999885,-14.52874741693215,-50.0,184.97379774328314,42.58187673392439,90.0,107.47214231324274,132.5818767339244,90.0,107.47214231324274
9.539999999999885,-14.52874741693215,50.0,184.97379774328314,42.58187673392439,90.0,107.47214231324274,47.41812326607561,90.0,252.52785768675727
9.539999999999885,12.600000000006872,50.0,180.0,36.33332354585091,90.0,103.26754726109111,53.66667645414909,90.0,256.7324527389089
9.559999999999885,11.400000000006898,-50.0,180.0,36.7479778790026,90.0,103.20333718862275,126.7479778790026,90.0,118.20333718862275
9.559999999999885,-13.94664728832776,-50.0,187.36249105368012,41.28334782678141,90.0,109.46940676810767,131.2833478267814,90.0,109.46940676810767
9.559999999999885,-13.94664728832776,50.0,187.36249105368012,41.28334782678141,90.0,109.46940676810767,48.71665217321859,90.0,250.53059323189234
9.559999999999885,11.400000000006898,50.0,180.0,36.7479778790026,90.0,103.20333718862275,53.2520221209974,90.0,256.79666281137725
9.579999999999885,10.200000000006924,-50.0,180.0,37.15950877234833,90.0,103.14556255656935,127.15950877234833,90.0,118.14556255656935
9.579999999999885,-13.144600200663193,-50.0,189.6350734820216,39.962105084284104,90.0,111.403483732461,129.9621050842841,90.0,111.403483732461
9.579999999999885,-13.144600200663193,50.0,189.6350734820216,39.962105084284104,90.0,111.403483732461,50.037894915715896,90.0,248.59651626753902
9.579999999999885,10.200000000006924,50.0,180.0,37.15950877234833,90.0,103.14556255656935,52.84049122765167,90.0,256.85443744343064
9.599999999999884,9.000000000006949,-50.0,180.0,37.56788493161685,90.0,103.09421874965913,127.56788493161685,90.0,118.09421874965913
9.599999999999884,-12.135254915630629,-50.0,191.7557050458377,38.641387686427336,90.0,113.24120616830626,128.64138768642732,90.0,113.24120616830626
9.599999999999884,-12.135254915630629,50.0,191.7557050458377,38.641387686427336,90.0,113.24120616830626,51.358612313572664,90.0,246.75879383169374
9.599999999999884,9.000000000006949,50.0,180.0,37.56788493161685,90.0,103.09421874965913,52.43211506838315,90.0,256.90578125034085
9.619999999999884,7.800000000006975,-50.0,180.0,37.97307467870821,90.0,103.04930169740742,127.9730746787082,90.0,118.04930169740742
9.619999999999884,-10.934529411328672,-50.0,193.69094211856313,37.34488387339938,90.0,114.94881982567529,127.34488387339938,90.0,114.94881982567529
9.619999999999884,-10.934529411328672,50.0,193.69094211856313,37.34488387339938,90.0,114.94881982567529,52.65511612660062,90.0,245.0511801743247
9.619999999999884,7.800000000006975,50.0,180.0,37.97307467870821,90.0,103.04930169740742,52.02692532129179,90.0,256.95069830259257
9.639999999999883,6.600000000007,-50.0,180.0,38.37504597540458,90.0,103.01080786276862,128.3750459754046,90.0,118.01080786276862
9.639999999999883,-9.561359846238817,-50.0,195.41026485550643,36.09630608749922,90.0,116.49264966424315,126.09630608749922,90.0,116.49264966424315
9.639999999999883,-9.561359846238817,50.0,195.41026485550643,36.09630608749922,90.0,116.49264966424315,53.90369391250078,90.0,243.50735033575685
9.639999999999883,6.600000000007,50.0,180.0,38.37504597540458,90.0,103.01080786276862,51.62495402459542,90.0,256.9891921372314
9.659999999999883,5.400000000007026,-50.0,180.0,38.77376644644381,90.0,102.9787342322454,128.7737664464438,90.0,117.9787342322454
9.659999999999883,-8.037401924694267,-50.0,196.88655851003242,34.91885817293621,90.0,117.84002214420588,124.91885817293621,90.0,117.84002214420588
9.659999999999883,-8.037401924694267,50.0,196.88655851003242,34.91885817293621,90.0,117.84002214420588,55.08114182706379,90.0,242.15997785579412
9.659999999999883,5.400000000007026,50.0,180.0,38.77376644644381,90.0,102.9787342322454,51.22623355355619,90.0,257.0212657677546
9.679999999999882,4.200000000007051,-50.0,180.0,39.169203401940386,90.0,102.95307830743916,129.1692034019404,90.0,117.95307830743916
9.679999999999882,-6.386689373486114,-50.0,198.0965410493141,33.834590987747156,90.00000000000001,118.96044239847451,123.83459098774716,89.99999999999999,118.96044239847451
9.679999999999882,-6.386689373486114,50.0,198.0965410493141,33.834590987747156,90.00000000000001,118.96044239847451,56.165409012252844,90.00000000000001,241.03955760152547
9.679999999999882,4.200000000007051,50.0,180.0,39.169203401940386,90.0,102.95307830743916,50.830796598059614,90.0,257.04692169256083
9.699999999999882,3.000000000007077,-50.0,180.0,39.561323859136884,90.0,102.9338380980285,129.56132385913688,90.0,117.9338380980285
9.699999999999882,-4.6352549156347855,-50.0,199.0211303258985,32.86367004227222,90.0,119.8269729184482,122.86367004227222,90.0,119.8269729184482
9.699999999999882,-4.6352549156347855,50.0,199.0211303258985,32.86367004227222,90.0,119.8269729184482,57.13632995772778,90.0,240.1730270815518
9.699999999999882,3.000000000007077,50.0,180.0,39.561323859136884,90.0,102.9338380980285,50.438676140863116,90.0,257.0661619019715
9.719999999999882,1.8000000000071026,-50.0,180.0,39.95009456346754,90.0,102.92101211616489,129.95009456346753,90.0,117.92101211616489
9.719999999999882,-2.8107197187968276,-50.0,199.645745014571,32.02361220892803,90.0,120.417696521984,122.02361220892803,90.0,120.417696521984
9.719999999999882,-2.8107197187968276,50.0,199.645745014571,32.02361220892803,90.0,120.417696521984,57.97638779107197,90.0,239.582303478016
9.719999999999882,1.8000000000071026,50.0,180.0,39.95009456346754,90.0,102.92101211616489,50.04990543653246,90.0,257.0789878838351
9.739999999999881,0.6000000000071282,-50.0,180.0,40.33548200891411,90.0,102.91459937227697,130.3354820089141,90.0,117.91459937227697
9.739999999999881,-0.9418577929508752,-50.0,199.9605345685645,31.32857930489767,90.00000000000001,120.71708781728607,121.32857930489767,89.99999999999999,120.71708781728607
9.739999999999881,-0.9418577929508752,50.0,199.9605345685645,31.32857930489767,90.00000000000001,120.71708781728607,58.67142069510233,90.00000000000001,239.28291218271391
9.739999999999881,0.6000000000071282,50.0,180.0,40.33548200891411,90.0,102.91459937227697,49.66451799108589,90.0,257.08540062772306
9.75999999999988,-0.5999999999928463,-50.0,180.0,40.717452457633506,90.0,102.91459937227692,130.7174524576335,90.0,117.91459937227692
9.75999999999988,0.9418577929284854,-50.0,199.96053456856637,30.78883202455894,90.00000000000001,120.71708781728783,120.78883202455894,89.99999999999999,120.71708781728783
9.75999999999988,0.9418577929284854,50.0,199.96053456856637,30.78883202455894,90.00000000000001,120.71708781728783,59.21116797544106,90.00000000000001,239.28291218271215
9.75999999999988,-0.5999999999928463,50.0,180.0,40.717452457633506,90.0,102.91459937227692,49.282547542366494,90.0,257.08540062772306
9.77999999999988,-1.7999999999928207,-50.0,180.0,41.09597195883454,90.0,102.92101211616477,131.09597195883453,90.0,117.92101211616477
9.77999999999988,2.8107197187747914,-50.0,199.6457450145766,30.410437445558397,90.0,120.41769652198934,120.4104374455584,90.0,120.41769652198934
9.77999999999988,2.8107197187747914,50.0,199.6457450145766,30.410437445558397,90.0,120.41769652198934,59.5895625544416,90.0,239.58230347801066
9.77999999999988,-1.7999999999928207,50.0,180.0,41.09597195883454,90.0,102.92101211616477,48.90402804116546,90.0,257.0789878838352
9.79999999999988,-2.999999999992795,-50.0,180.0,41.471006366881326,90.0,102.93383809802833,131.47100636688134,90.0,117.93383809802833
9.79999999999988,4.635254915613446,-50.0,199.02113032590773,30.195284643884747,90.0,119.8269729184569,120.19528464388475,90.0,119.8269729184569
9.79999999999988,4.635254915613446,50.0,199.02113032590773,30.195284643884747,90.0,119.8269729184569,59.80471535611525,90.0,240.1730270815431
9.79999999999988,-2.999999999992795,50.0,180.0,41.471006366881326,90.0,102.93383809802833,48.528993633118674,90.0,257.06616190197167
9.81999999999988,-4.1999999999927695,-50.0,180.0,41.84252135859869,90.0,102.9530783074389,131.84252135859867,90.0,117.9530783074389
9.81999999999988,6.386689373465815,-50.0,198.09654104932685,30.14140547158445,90.0,118.9604423984864,120.14140547158445,90.0,118.9604423984864
9.81999999999988,6.386689373465815,50.0,198.09654104932685,30.14140547158445,90.0,118.9604423984864,59.85859452841555,90.0,241.0395576015136
9.81999999999988,-4.1999999999927695,50.0,180.0,41.84252135859869,90.0,102.9530783074389,48.15747864140131,90.0,257.0469216925611
9.839999999999879,-5.399999999992744,-50.0,180.0,42.210482449754835,90.0,102.97873423224506,132.21048244975483,90.0,117.97873423224506
9.839999999999879,8.037401924675324,-50.0,196.88655851004845,30.24353997741488,90.00000000000001,117.84002214422061,120.24353997741488,89.99999999999999,117.84002214422061
9.839999999999879,8.037401924675324,50.0,196.88655851004845,30.24353997741488,90.00000000000001,117.84002214422061,59.75646002258512,90.00000000000001,242.1599778557794
9.839999999999879,-5.399999999992744,50.0,180.0,42.210482449754835,90.0,102.97873423224506,47.789517550245165,90.0,257.0212657677549
9.859999999999879,-6.599999999992718,-50.0,180.0,42.57485501069507,90.0,103.01080786276819,132.57485501069507,90.0,118.01080786276819
9.859999999999879,9.561359846221533,-50.0,195.4102648555255,30.49384699907495,90.0,116.49264966426043,120.49384699907495,90.0,116.49264966426043
9.859999999999879,9.561359846221533,50.0,195.4102648555255,30.49384699907495,90.0,116.49264966426043,59.50615300092505,90.0,243.50735033573957
9.859999999999879,-6.599999999992718,50.0,180.0,42.57485501069507,90.0,103.01080786276819,47.42514498930493,90.0,256.98919213723184
9.879999999999878,-7.799999999992693,-50.0,180.0,42.9356042811,90.0,103.04930169740695,132.93560428109998,90.0,118.04930169740695
9.879999999999878,10.934529411313314,-50.0,193.69094211858493,30.88264980553188,90.0,114.9488198256947,120.88264980553188,90.0,114.9488198256947
9.879999999999878,10.934529411313314,50.0,193.69094211858493,30.88264980553188,90.0,114.9488198256947,59.117350194468116,90.0,245.0511801743053
9.879999999999878,-7.799999999992693,50.0,180.0,42.9356042811,90.0,103.04930169740695,47.0643957189,90.0,256.9506983025931
9.899999999999878,-8.999999999992667,-50.0,180.0,43.292695383840524,90.0,103.09421874965858,133.2926953838405,90.0,118.09421874965858
9.899999999999878,12.135254915617441,-50.0,191.75570504586187,31.399121880301593,90.00000000000001,113.24120616832742,121.39912188030159,89.99999999999999,113.24120616832742
9.899999999999878,12.135254915617441,50.0,191.75570504586187,31.399121880301593,90.00000000000001,113.24120616832742,58.60087811969841,90.00000000000001,246.75879383167256
9.899999999999878,-8.999999999992667,50.0,180.0,43.292695383840524,90.0,103.09421874965858,46.707304616159476,90.0,256.9057812503414
9.919999999999877,-10.199999999992642,-50.0,180.0,43.64609333790094,90.0,103.14556255656868,133.64609333790094,90.0,118.14556255656868
9.919999999999877,13.144600200652384,-50.0,189.6350734820478,32.03184827323114,90.0,111.40348373248352,122.03184827323113,90.0,111.40348373248352
9.919999999999877,13.144600200652384,50.0,189.6350734820478,32.03184827323114,90.0,111.40348373248352,57.96815172676886,90.0,248.59651626751648
9.919999999999877,-10.199999999992642,50.0,180.0,43.64609333790094,90.0,103.14556255656868,46.35390666209906,90.0,256.8544374434313
9.939999999999877,-11.399999999992616,-50.0,180.0,43.99576307034147,90.0,103.20333718862203,133.99576307034147,90.0,118.20333718862203
9.939999999999877,13.9466472883195,-50.0,187.36249105370794,32.76923116008515,90.0,109.46940676813114,122.76923116008516,90.0,109.46940676813114
9.939999999999877,13.9466472883195,50.0,187.36249105370794,32.76923116008515,90.0,109.46940676813114,57.23076883991485,90.0,250.53059323186886
9.939999999999877,-11.399999999992616,50.0,180.0,43.99576307034147,90.0,103.20333718862203,46.00423692965853,90.0,256.796662811378
9.959999999999877,-12.59999999999259,-50.0,180.0,44.34166942726995,90.0,103.2675472610903,134.34166942726995,90.0,118.2675472610903
9.959999999999877,14.528747416926572,-50.0,184.97379774331213,33.59973571263262,90.0,107.47214231326677,123.59973571263262,90.0,107.47214231326677
9.959999999999877,14.528747416926572,50.0,184.97379774331213,33.59973571263262,90.0,107.47214231326677,56.40026428736738,90.0,252.52785768673323
9.959999999999877,-12.59999999999259,50.0,180.0,44.34166942726995,90.0,103.2675472610903,45.65833057273005,90.0,256.7324527389097
9.979999999999876,-13.799999999992565,-50.0,180.0,44.68377718379216,90.0,103.33819794685506,134.68377718379216,90.0,118.33819794685506
9.979999999999876,14.881720519715703,-50.0,182.50666467130154,34.51199066492813,90.0,105.44382662391374,124.51199066492813,90.0,105.44382662391374
9.979999999999876,14.881720519715703,50.0,182.50666467130154,34.51199066492813,90.0,105.44382662391374,55.48800933507187,90.0,254.55617337608626
9.979999999999876,-13.799999999992565,50.0,180.0,44.68377718379216,90.0,103.33819794685506,45.31622281620784,90.0,256.6618020531449
9.999999999999876,-14.99999999999254,-50.0,180.0,45.022051052909205,90.0,103.41529499072647,135.0220510529092,90.0,118.41529499072647
9.999999999999876,15.0,-50.0,180.00000000001563,35.49476767145262,90.0,103.41529499073955,125.49476767145262,90.0,103.41529499073955
9.999999999999876,15.0,50.0,180.00000000001563,35.49476767145262,90.0,103.41529499073955,54.50523232854738,90.0,256.58470500926046
9.999999999999876,-14.99999999999254,50.0,180.0,45.022051052909205,90.0,103.41529499072647,44.977948947090795,90.0,256.58470500927353
10.019999999999875,-14.881720519718641,-50.0,182.50666467127053,43.83523961873683,90.0,105.44382662388846,133.83523961873684,90.0,120.44382662388846
10.019999999999875,13.800000000007486,-50.0,180.0,35.915576659001765,90.0,103.33819794685598,125.91557665900177,90.0,103.33819794685598
10.019999999999875,13.800000000007486,50.0,180.0,35.915576659001765,90.0,103.33819794685598,54.084423340998235,90.0,256.661802053144
10.019999999999875,-14.881720519718641,50.0,182.50666467127053,43.83523961873683,90.0,105.44382662388846,46.16476038126317,90.0,254.55617337611153
10.039999999999875,-14.5287474169324,-50.0,184.97379774328186,42.581876733925064,90.0,107.47214231324169,132.58187673392507,90.0,122.47214231324169
10.039999999999875,12.600000000007512,-50.0,180.0,36.3333235458507,90.0,103.26754726109114,126.3333235458507,90.0,103.26754726109114
10.039999999999875,12.600000000007512,50.0,180.0,36.3333235458507,90.0,103.26754726109114,53.6666764541493,90.0,256.7324527389089
10.039999999999875,-14.5287474169324,50.0,184.97379774328186,42.581876733925064,90.0,107.47214231324169,47.418123266074936,90.0,252.5278576867583
10.059999999999874,-13.94664728832813,-50.0,187.3624910536789,41.28334782678209,90.0,109.46940676810664,131.2833478267821,90.0,124.46940676810664
10.059999999999874,11.400000000007537,-50.0,180.0,36.74797787900237,90.0,103.20333718862278,126.74797787900238,90.0,103.20333718862278
10.059999999999874,11.400000000007537,50.0,180.0,36.74797787900237,90.0,103.20333718862278,53.25202212099763,90.0,256.79666281137725
10.059999999999874,-13.94664728832813,50.0,187.3624910536789,41.28334782678209,90.0,109.46940676810664,48.71665217321791,90.0,250.53059323189336
10.079999999999874,-13.144600200663678,-50.0,189.63507348202043,39.96210508428481,90.0,111.40348373246002,129.96210508428481,90.0,126.40348373246002
10.079999999999874,10.200000000007563,-50.0,180.0,37.159508772348104,90.0,103.14556255656936,127.1595087723481,90.0,103.14556255656936
10.079999999999874,10.200000000007563,50.0,180.0,37.159508772348104,90.0,103.14556255656936,52.840491227651896,90.0,256.85443744343064
10.079999999999874,-13.144600200663678,50.0,189.63507348202043,39.96210508428481,90.0,111.40348373246002,50.03789491571519,90.0,248.59651626753998
10.099999999999874,-12.135254915631219,-50.0,191.7557050458366,38.641387686428025,90.00000000000001,113.24120616830534,128.64138768642803,89.99999999999999,128.24120616830533
10.099999999999874,9.000000000007589,-50.0,180.0,37.56788493161663,90.0,103.09421874965918,127.56788493161663,90.0,103.09421874965918
10.099999999999874,9.000000000007589,50.0,180.0,37.56788493161663,90.0,103.09421874965918,52.43211506838337,90.0,256.90578125034085
10.099999999999874,-12.135254915631219,50.0,191.7557050458366,38.641387686428025,90.00000000000001,113.24120616830534,51.358612313571975,90.00000000000001,246.75879383169467
10.119999999999873,-10.934529411329361,-50.0,193.69094211856213,37.34488387340008,90.0,114.9488198256744,127.34488387340008,90.0,129.9488198256744
10.119999999999873,7.800000000007614,-50.0,180.0,37.973074678708,90.0,103.04930169740744,127.973074678708,90.0,103.04930169740744
10.119999999999873,7.800000000007614,50.0,180.0,37.973074678708,90.0,103.04930169740744,52.026925321292,90.0,256.95069830259257
10.119999999999873,-10.934529411329361,50.0,193.69094211856213,37.34488387340008,90.0,114.9488198256744,52.65511612659992,90.0,245.0511801743256
10.139999999999873,-9.561359846239592,-50.0,195.41026485550557,36.09630608749986,90.0,116.49264966424238,126.09630608749987,90.0,131.49264966424238
10.139999999999873,6.60000000000764,-50.0,180.0,38.37504597540437,90.0,103.01080786276864,128.37504597540436,90.0,103.01080786276864
10.139999999999873,6.60000000000764,50.0,180.0,38.37504597540437,90.0,103.01080786276864,51.62495402459563,90.0,256.9891921372314
10.139999999999873,-9.561359846239592,50.0,195.41026485550557,36.09630608749986,90.0,116.49264966424238,53.90369391250014,90.0,243.50735033575762
10.159999999999872,-8.037401924695114,-50.0,196.8865585100317,34.91885817293682,90.0,117.84002214420521,124.91885817293682,90.0,132.8400221442052
10.159999999999872,5.400000000007665,-50.0,180.0,38.773766446443595,90.0,102.97873423224543,128.7737664464436,90.0,102.97873423224543
10.159999999999872,5.400000000007665,50.0,180.0,38.773766446443595,90.0,102.97873423224543,51.226233553556405,90.0,257.0212657677546
10.159999999999872,-8.037401924695114,50.0,196.8865585100317,34.91885817293682,90.0,117.84002214420521,55.08114182706318,90.0,242.1599778557948
10.179999999999872,-6.3866893734870205,-50.0,198.09654104931354,33.834590987747696,90.00000000000001,118.96044239847399,123.8345909877477,89.99999999999999,133.960442398474
10.179999999999872,4.200000000007691,-50.0,180.0,39.169203401940166,90.0,102.95307830743918,129.16920340194017,90.0,102.95307830743918
10.179999999999872,4.200000000007691,50.0,180.0,39.169203401940166,90.0,102.95307830743918,50.830796598059834,90.0,257.04692169256083
10.179999999999872,-6.3866893734870205,50.0,198.09654104931354,33.834590987747696,90.00000000000001,118.96044239847399,56.165409012252304,90.00000000000001,241.039557601526
10.199999999999871,-4.635254915635739,-50.0,199.02113032589807,32.863670042272695,90.0,119.82697291844782,122.8636700422727,90.0,134.82697291844784
10.199999999999871,3.0000000000077165,-50.0,180.0,39.56132385913668,90.0,102.93383809802853,129.56132385913668,90.0,102.93383809802853
10.199999999999871,3.0000000000077165,50.0,180.0,39.56132385913668,90.0,102.93383809802853,50.43867614086332,90.0,257.06616190197144
10.199999999999871,-4.635254915635739,50.0,199.02113032589807,32.863670042272695,90.0,119.82697291844782,57.136329957727305,90.0,240.17302708155216
10.219999999999871,-2.8107197187978157,-50.0,199.64574501457074,32.02361220892843,90.0,120.4176965219838,122.02361220892843,90.0,135.4176965219838
10.219999999999871,1.800000000007742,-50.0,180.0,39.95009456346733,90.0,102.92101211616489,129.95009456346733,90.0,102.92101211616489
10.219999999999871,1.800000000007742,50.0,180.0,39.95009456346733,90.0,102.92101211616489,50.04990543653267,90.0,257.0789878838351
10.219999999999871,-2.8107197187978157,50.0,199.64574501457074,32.02361220892843,90.0,120.4176965219838,57.97638779107157,90.0,239.5823034780162
10.23999999999987,-0.941857792951879,-50.0,199.9605345685644,31.328579304898025,90.0,120.71708781728594,121.32857930489803,90.0,135.71708781728594
10.23999999999987,0.6000000000077677,-50.0,180.0,40.335482008913914,90.0,102.91459937227697,130.3354820089139,90.0,102.91459937227697
10.23999999999987,0.6000000000077677,50.0,180.0,40.335482008913914,90.0,102.91459937227697,49.664517991086086,90.0,257.08540062772306
10.23999999999987,-0.941857792951879,50.0,199.9605345685644,31.328579304898025,90.0,120.71708781728594,58.67142069510197,90.0,239.28291218271406
10.25999999999987,0.9418577929274816,-50.0,199.96053456856646,30.78883202455919,90.0,120.7170878172879,120.78883202455918,90.0,135.7170878172879
10.25999999999987,-0.5999999999922068,-50.0,180.0,40.7174524576333,90.0,102.91459937227692,130.7174524576333,90.0,102.91459937227692
10.25999999999987,-0.5999999999922068,50.0,180.0,40.7174524576333,90.0,102.91459937227692,49.2825475423667,90.0,257.08540062772306
10.25999999999987,0.9418577929274816,50.0,199.96053456856646,30.78883202455919,90.0,120.7170878172879,59.21116797544081,90.0,239.2829121827121
10.27999999999987,2.8107197187738033,-50.0,199.64574501457685,30.410437445558557,90.0,120.41769652198957,120.41043744555856,90.0,135.41769652198957
10.27999999999987,-1.7999999999921812,-50.0,180.0,41.09597195883434,90.0,102.92101211616477,131.09597195883435,90.0,102.92101211616477
10.27999999999987,-1.7999999999921812,50.0,180.0,41.09597195883434,90.0,102.92101211616477,48.90402804116566,90.0,257.0789878838352
10.27999999999987,2.8107197187738033,50.0,199.64574501457685,30.410437445558557,90.0,120.41769652198957,59.58956255444144,90.0,239.58230347801043
10.29999999999987,4.6352549156124905,-50.0,199.02113032590816,30.195284643884804,90.0,119.82697291845732,120.1952846438848,90.0,134.82697291845733
10.29999999999987,-2.9999999999921556,-50.0,180.0,41.47100636688113,90.0,102.9338380980283,131.4710063668811,90.0,102.9338380980283
10.29999999999987,-2.9999999999921556,50.0,180.0,41.47100636688113,90.0,102.9338380980283,48.52899363311887,90.0,257.06616190197167
10.29999999999987,4.6352549156124905,50.0,199.02113032590816,30.195284643884804,90.0,119.82697291845732,59.804715356115196,90.0,240.17302708154267
10.319999999999869,6.386689373464905,-50.0,198.0965410493274,30.141405471584427,90.0,118.96044239848693,120.14140547158442,90.0,133.96044239848692
10.319999999999869,-4.19999999999213,-50.0,180.0,41.842521358598496,90.0,102.9530783074389,131.8425213585985,90.0,102.9530783074389
10.319999999999869,-4.19999999999213,50.0,180.0,41.842521358598496,90.0,102.9530783074389,48.157478641401504,90.0,257.0469216925611
10.319999999999869,6.386689373464905,50.0,198.0965410493274,30.141405471584427,90.0,118.96044239848693,59.85859452841557,90.0,241.03955760151308
10.339999999999868,8.037401924674475,-50.0,196.88655851004916,30.243539977414784,90.0,117.84002214422127,120.24353997741478,90.0,132.84002214422128
10.339999999999868,-5.3999999999921044,-50.0,180.0,42.21048244975463,90.0,102.97873423224506,132.21048244975464,90.0,102.97873423224506
10.339999999999868,-5.3999999999921044,50.0,180.0,42.21048244975463,90.0,102.97873423224506,47.78951755024537,90.0,257.0212657677549
10.339999999999868,8.037401924674475,50.0,196.88655851004916,30.243539977414784,90.0,117.84002214422127,59.756460022585216,90.0,242.15997785577872
10.359999999999868,9.561359846220757,-50.0,195.41026485552635,30.493846999074776,90.0,116.49264966426118,120.49384699907478,90.0,131.4926496642612
10.359999999999868,-6.599999999992079,-50.0,180.0,42.574855010694876,90.0,103.01080786276817,132.57485501069488,90.0,103.01080786276817
10.359999999999868,-6.599999999992079,50.0,180.0,42.574855010694876,90.0,103.01080786276817,47.425144989305124,90.0,256.98919213723184
10.359999999999868,9.561359846220757,50.0,195.41026485552635,30.493846999074776,90.0,116.49264966426118,59.506153000925224,90.0,243.5073503357388
10.379999999999868,10.934529411312628,-50.0,193.6909421185859,30.882649805531653,90.0,114.94881982569554,120.88264980553166,90.0,129.94881982569552
10.379999999999868,-7.799999999992053,-50.0,180.0,42.93560428109981,90.0,103.04930169740692,132.9356042810998,90.0,103.04930169740692
10.379999999999868,-7.799999999992053,50.0,180.0,42.93560428109981,90.0,103.04930169740692,47.06439571890019,90.0,256.9506983025931
10.379999999999868,10.934529411312628,50.0,193.6909421185859,30.882649805531653,90.0,114.94881982569554,59.117350194468344,90.0,245.05118017430448
10.399999999999867,12.13525491561685,-50.0,191.75570504586298,31.39912188030127,90.0,113.2412061683284,121.39912188030127,90.0,128.2412061683284
10.399999999999867,-8.999999999992028,-50.0,180.0,43.292695383840346,90.0,103.09421874965854,133.29269538384034,90.0,103.09421874965854
10.399999999999867,-8.999999999992028,50.0,180.0,43.292695383840346,90.0,103.09421874965854,46.707304616159654,90.0,256.9057812503415
10.399999999999867,12.13525491561685,50.0,191.75570504586298,31.39912188030127,90.0,113.2412061683284,58.600878119698734,90.0,246.7587938316716
10.419999999999867,13.144600200651903,-50.0,189.635073482049,32.03184827323077,90.0,111.40348373248452,122.03184827323076,90.0,126.40348373248452
10.419999999999867,-10.199999999992002,-50.0,180.0,43.64609333790075,90.0,103.14556255656865,133.64609333790077,90.0,103.14556255656865
10.419999999999867,-10.199999999992002,50.0,180.0,43.64609333790075,90.0,103.14556255656865,46.35390666209925,90.0,256.8544374434314
10.419999999999867,13.144600200651903,50.0,189.635073482049,32.03184827323077,90.0,111.40348373248452,57.96815172676923,90.0,248.59651626751548
10.439999999999866,13.94664728831913,-50.0,187.3624910537092,32.76923116008472,90.0,109.4694067681322,122.76923116008473,90.0,124.4694067681322
10.439999999999866,-11.399999999991977,-50.0,180.0,43.995763070341276,90.0,103.203337188622,133.99576307034127,90.0,103.203337188622
10.439999999999866,-11.399999999991977,50.0,180.0,43.995763070341276,90.0,103.203337188622,46.004236929658724,90.0,256.796662811378
10.439999999999866,13.94664728831913,50.0,187.3624910537092,32.76923116008472,90.0,109.4694067681322,57.23076883991528,90.0,250.53059323186778
10.459999999999866,14.528747416926322,-50.0,184.9737977433134,33.599735712632175,90.0,107.47214231326784,123.59973571263217,90.0,122.47214231326784
10.459999999999866,-12.599999999991951,-50.0,180.0,44.341669427269764,90.0,103.26754726109027,134.34166942726978,90.0,103.26754726109027
10.459999999999866,-12.599999999991951,50.0,180.0,44.341669427269764,90.0,103.26754726109027,45.658330572730236,90.0,256.7324527389097
10.459999999999866,14.528747416926322,50.0,184.9737977433134,33.599735712632175,90.0,107.47214231326784,56.400264287367825,90.0,252.52785768673215
10.479999999999865,14.881720519715579,-50.0,182.50666467130287,34.511990664927616,90.0,105.44382662391484,124.51199066492762,90.0,120.44382662391484
10.479999999999865,-13.799999999991925,-50.0,180.0,44.68377718379198,90.0,103.33819794685502,134.683777183792,90.0,103.33819794685502
10.479999999999865,-13.799999999991925,50.0,180.0,44.68377718379198,90.0,103.33819794685502,45.31622281620802,90.0,256.661802053145
10.479999999999865,14.881720519715579,50.0,182.50666467130287,34.511990664927616,90.0,105.44382662391484,55.488009335072384,90.0,254.55617337608516
10.499999999999865,15.0,-50.0,180.00000000001697,35.49476767145209,90.0,103.4152949907406,125.49476767145208,90.0,118.4152949907406
10.499999999999865,-14.9999999999919,-50.0,180.0,45.022051052909006,90.0,103.41529499072645,135.022051052909,90.0,103.41529499072645
10.499999999999865,-14.9999999999919,50.0,180.0,45.022051052909006,90.0,103.41529499072645,44.977948947090994,90.0,256.58470500927353
10.499999999999865,15.0,50.0,180.00000000001697,35.49476767145209,90.0,103.4152949907406,54.50523232854791,90.0,256.5847050092594
10.519999999999865,13.800000000008126,-50.0,180.0,35.915576659001545,90.0,103.33819794685601,125.91557665900154,90.0,118.33819794685601
10.519999999999865,-14.881720519718767,-50.0,182.5066646712692,43.83523961873748,90.0,105.44382662388736,133.8352396187375,90.0,105.44382662388736
10.519999999999865,-14.881720519718767,50.0,182.5066646712692,43.83523961873748,90.0,105.44382662388736,46.16476038126252,90.0,254.55617337611264
10.519999999999865,13.800000000008126,50.0,180.0,35.915576659001545,90.0,103.33819794685601,54.084423340998455,90.0,256.661802053144
10.539999999999864,12.600000000008151,-50.0,180.0,36.33332354585046,90.0,103.26754726109117,126.33332354585046,90.0,118.26754726109117
10.539999999999864,-14.528747416932651,-50.0,184.97379774328056,42.58187673392575,90.0,107.47214231324058,132.58187673392575,90.0,107.47214231324058
10.539999999999864,-14.528747416932651,50.0,184.97379774328056,42.58187673392575,90.0,107.47214231324058,47.41812326607425,90.0,252.52785768675943
10.539999999999864,12.600000000008151,50.0,180.0,36.33332354585046,90.0,103.26754726109117,53.66667645414954,90.0,256.7324527389088
10.559999999999864,11.400000000008177,-50.0,180.0,36.74797787900214,90.0,103.20333718862283,126.74797787900215,90.0,118.20333718862283
10.559999999999864,-13.9466472883285,-50.0,187.36249105367764,41.2833478267828,90.0,109.46940676810557,131.2833478267828,90.0,109.46940676810557
10.559999999999864,-13.9466472883285,50.0,187.36249105367764,41.2833478267828,90.0,109.46940676810557,48.7166521732172,90.0,250.53059323189444
10.559999999999864,11.400000000008177,50.0,180.0,36.74797787900214,90.0,103.20333718862283,53.25202212099786,90.0,256.7966628113772
10.579999999999863,10.200000000008203,-50.0,180.0,37.15950877234789,90.0,103.14556255656942,127.15950877234789,90.0,118.14556255656942
10.579999999999863,-13.144600200664161,-50.0,189.63507348201927,39.962105084285525,90.0,111.40348373245898,129.96210508428553,90.0,111.40348373245898
10.579999999999863,-13.144600200664161,50.0,189.63507348201927,39.962105084285525,90.0,111.40348373245898,50.037894915714475,90.0,248.596516267541
10.579999999999863,10.200000000008203,50.0,180.0,37.15950877234789,90.0,103.14556255656942,52.84049122765211,90.0,256.8544374434306
10.599999999999863,9.000000000008228,-50.0,180.0,37.567884931616405,90.0,103.09421874965919,127.5678849316164,90.0,118.09421874965919
10.599999999999863,-12.135254915631808,-50.0,191.75570504583553,38.64138768642873,90.0,113.2412061683044,128.64138768642874,90.0,113.2412061683044
10.599999999999863,-12.135254915631808,50.0,191.75570504583553,38.64138768642873,90.0,113.2412061683044,51.35861231357127,90.0,246.75879383169558
10.599999999999863,9.000000000008228,50.0,180.0,37.567884931616405,90.0,103.09421874965919,52.432115068383595,90.0,256.9057812503408
10.619999999999862,7.800000000008254,-50.0,180.0,37.973074678707775,90.0,103.04930169740746,127.97307467870777,90.0,118.04930169740746
10.619999999999862,-10.934529411330049,-50.0,193.69094211856117,37.34488387340074,90.0,114.94881982567355,127.34488387340073,90.0,114.94881982567355
10.619999999999862,-10.934529411330049,50.0,193.69094211856117,37.34488387340074,90.0,114.94881982567355,52.65511612659926,90.0,245.05118017432645
10.619999999999862,7.800000000008254,50.0,180.0,37.973074678707775,90.0,103.04930169740746,52.026925321292225,90.0,256.9506983025925
10.639999999999862,6.600000000008279,-50.0,180.0,38.37504597540415,90.0,103.01080786276866,128.37504597540413,90.0,118.01080786276866
10.639999999999862,-9.561359846240366,-50.0,195.41026485550472,36.096306087500516,90.00000000000001,116.49264966424161,126.09630608750052,89.99999999999999,116.49264966424161
10.639999999999862,-9.561359846240366,50.0,195.41026485550472,36.096306087500516,90.00000000000001,116.49264966424161,53.903693912499484,90.00000000000001,243.5073503357584
10.639999999999862,6.600000000008279,50.0,180.0,38.37504597540415,90.0,103.01080786276866,51.62495402459585,90.0,256.9891921372313
10.659999999999862,5.400000000008305,-50.0,180.0,38.773766446443375,90.0,102.97873423224546,128.77376644644337,90.0,117.97873423224546
10.659999999999862,-8.037401924695965,-50.0,196.886558510031,34.91885817293743,90.0,117.84002214420455,124.91885817293743,90.0,117.84002214420455
10.659999999999862,-8.037401924695965,50.0,196.886558510031,34.91885817293743,90.0,117.84002214420455,55.08114182706257,90.0,242.15997785579543
10.659999999999862,5.400000000008305,50.0,180.0,38.773766446443375,90.0,102.97873423224546,51.226233553556625,90.0,257.0212657677545
10.679999999999861,4.20000000000833,-50.0,180.0,39.16920340193995,90.0,102.9530783074392,129.16920340193997,90.0,117.9530783074392
10.679999999999861,-6.386689373487931,-50.0,198.09654104931298,33.83459098774823,90.0,118.9604423984735,123.83459098774823,90.0,118.9604423984735
10.679999999999861,-6.386689373487931,50.0,198.09654104931298,33.83459098774823,90.0,118.9604423984735,56.16540901225177,90.0,241.0395576015265
10.679999999999861,4.20000000000833,50.0,180.0,39.16920340193995,90.0,102.9530783074392,50.83079659806005,90.0,257.0469216925608
10.69999999999986,3.000000000008356,-50.0,180.0,39.56132385913647,90.0,102.93383809802853,129.56132385913648,90.0,117.93383809802853
10.69999999999986,-4.635254915636696,-50.0,199.02113032589767,32.86367004227318,90.0,119.82697291844744,122.86367004227318,90.0,119.82697291844744
10.69999999999986,-4.635254915636696,50.0,199.02113032589767,32.86367004227318,90.0,119.82697291844744,57.13632995772682,90.0,240.17302708155256
10.69999999999986,3.000000000008356,50.0,180.0,39.56132385913647,90.0,102.93383809802853,50.43867614086353,90.0,257.06616190197144
10.71999999999986,1.8000000000083816,-50.0,180.0,39.95009456346711,90.0,102.92101211616492,129.9500945634671,90.0,117.92101211616492
10.71999999999986,-2.810719718798804,-50.0,199.64574501457048,32.02361220892885,90.0,120.41769652198352,122.02361220892885,90.0,120.41769652198352
10.71999999999986,-2.810719718798804,50.0,199.64574501457048,32.02361220892885,90.0,120.41769652198352,57.97638779107115,90.0,239.58230347801648
10.71999999999986,1.8000000000083816,50.0,180.0,39.95009456346711,90.0,102.92101211616492,50.04990543653289,90.0,257.0789878838351
10.73999999999986,0.6000000000084071,-50.0,180.0,40.33548200891371,90.0,102.91459937227697,130.33548200891371,90.0,117.91459937227697
10.73999999999986,-0.941857792952883,-50.0,199.96053456856433,31.328579304898348,90.00000000000001,120.71708781728587,121.32857930489834,89.99999999999999,120.71708781728587
10.73999999999986,-0.941857792952883,50.0,199.96053456856433,31.328579304898348,90.00000000000001,120.71708781728587,58.67142069510165,90.00000000000001,239.28291218271414
10.73999999999986,0.6000000000084071,50.0,180.0,40.33548200891371,90.0,102.91459937227697,49.66451799108629,90.0,257.08540062772306
10.75999999999986,-0.5999999999915673,-50.0,180.0,40.7174524576331,90.0,102.91459937227692,130.7174524576331,90.0,117.91459937227692
10.75999999999986,0.9418577929264812,-50.0,199.96053456856654,30.788832024559436,90.0,120.71708781728798,120.78883202455944,90.0,120.71708781728798
10.75999999999986,0.9418577929264812,50.0,199.96053456856654,30.788832024559436,90.0,120.71708781728798,59.21116797544056,90.0,239.28291218271204
10.75999999999986,-0.5999999999915673,50.0,180.0,40.7174524576331,90.0,102.91459937227692,49.2825475423669,90.0,257.08540062772306
10.779999999999859,-1.7999999999915417,-50.0,180.0,41.095971958834134,90.0,102.92101211616477,131.09597195883413,90.0,117.92101211616477
10.779999999999859,2.8107197187728183,-50.0,199.6457450145771,30.410437445558724,90.00000000000001,120.4176965219898,120.41043744555873,89.99999999999999,120.4176965219898
10.779999999999859,2.8107197187728183,50.0,199.6457450145771,30.410437445558724,90.00000000000001,120.4176965219898,59.58956255444127,90.00000000000001,239.5823034780102
10.779999999999859,-1.7999999999915417,50.0,180.0,41.095971958834134,90.0,102.92101211616477,48.904028041165866,90.0,257.0789878838352
10.799999999999859,-2.999999999991516,-50.0,180.0,41.47100636688093,90.0,102.9338380980283,131.47100636688094,90.0,117.9338380980283
10.799999999999859,4.635254915611537,-50.0,199.02113032590856,30.195284643884875,90.00000000000001,119.82697291845771,120.19528464388488,89.99999999999999,119.82697291845771
10.799999999999859,4.635254915611537,50.0,199.02113032590856,30.195284643884875,90.00000000000001,119.82697291845771,59.804715356115125,90.00000000000001,240.17302708154227
10.799999999999859,-2.999999999991516,50.0,180.0,41.47100636688093,90.0,102.9338380980283,48.52899363311907,90.0,257.06616190197167
10.819999999999858,-4.1999999999914905,-50.0,180.0,41.84252135859829,90.0,102.9530783074389,131.84252135859828,90.0,117.9530783074389
10.819999999999858,6.3866893734639945,-50.0,198.09654104932798,30.141405471584402,90.0,118.9604423984875,120.1414054715844,90.0,118.9604423984875
10.819999999999858,6.3866893734639945,50.0,198.09654104932798,30.141405471584402,90.0,118.9604423984875,59.858594528415594,90.0,241.0395576015125
10.819999999999858,-4.1999999999914905,50.0,180.0,41.84252135859829,90.0,102.9530783074389,48.15747864140171,90.0,257.0469216925611
10.839999999999858,-5.399999999991465,-50.0,180.0,42.21048244975443,90.0,102.97873423224505,132.21048244975444,90.0,117.97873423224505
10.839999999999858,8.037401924673631,-50.0,196.88655851004987,30.243539977414688,90.0,117.84002214422193,120.24353997741468,90.0,117.84002214422193
10.839999999999858,8.037401924673631,50.0,196.88655851004987,30.243539977414688,90.0,117.84002214422193,59.756460022585316,90.0,242.15997785577807
10.839999999999858,-5.399999999991465,50.0,180.0,42.21048244975443,90.0,102.97873423224505,47.78951755024557,90.0,257.0212657677549
10.859999999999857,-6.599999999991439,-50.0,180.0,42.57485501069468,90.0,103.01080786276816,132.57485501069468,90.0,118.01080786276816
10.859999999999857,9.561359846219982,-50.0,195.4102648555272,30.493846999074606,90.0,116.49264966426198,120.4938469990746,90.0,116.49264966426198
10.859999999999857,9.561359846219982,50.0,195.4102648555272,30.493846999074606,90.0,116.49264966426198,59.506153000925394,90.0,243.507350335738
10.859999999999857,-6.599999999991439,50.0,180.0,42.57485501069468,90.0,103.01080786276816,47.42514498930532,90.0,256.98919213723184
10.879999999999857,-7.799999999991414,-50.0,180.0,42.93560428109963,90.0,103.04930169740689,132.93560428109964,90.0,118.04930169740689
10.879999999999857,10.93452941131194,-50.0,193.6909421185869,30.88264980553139,90.0,114.94881982569643,120.88264980553139,90.0,114.94881982569643
10.879999999999857,10.93452941131194,50.0,193.6909421185869,30.88264980553139,90.0,114.94881982569643,59.117350194468614,90.0,245.05118017430357
10.879999999999857,-7.799999999991414,50.0,180.0,42.93560428109963,90.0,103.04930169740689,47.06439571890037,90.0,256.9506983025931
10.899999999999856,-8.999999999991388,-50.0,180.0,43.292695383840154,90.0,103.09421874965852,133.29269538384017,90.0,118.09421874965852
10.899999999999856,12.135254915616258,-50.0,191.75570504586406,31.399121880300978,90.0,113.24120616832933,121.39912188030098,90.0,113.24120616832933
10.899999999999856,12.135254915616258,50.0,191.75570504586406,31.399121880300978,90.0,113.24120616832933,58.60087811969902,90.0,246.7587938316707
10.899999999999856,-8.999999999991388,50.0,180.0,43.292695383840154,90.0,103.09421874965852,46.707304616159846,90.0,256.9057812503415
10.919999999999856,-10.199999999991363,-50.0,180.0,43.64609333790057,90.0,103.14556255656863,133.64609333790057,90.0,118.14556255656863
10.919999999999856,13.144600200651418,-50.0,189.63507348205016,32.0318482732304,90.0,111.40348373248553,122.0318482732304,90.0,111.40348373248553
10.919999999999856,13.144600200651418,50.0,189.63507348205016,32.0318482732304,90.0,111.40348373248553,57.9681517267696,90.0,248.59651626751446
10.919999999999856,-10.199999999991363,50.0,180.0,43.64609333790057,90.0,103.14556255656863,46.35390666209943,90.0,256.8544374434314
10.939999999999856,-11.399999999991337,-50.0,180.0,43.9957630703411,90.0,103.20333718862196,133.9957630703411,90.0,118.20333718862196
10.939999999999856,13.946647288318761,-50.0,187.36249105371044,32.7692311600843,90.0,109.46940676813325,122.7692311600843,90.0,109.46940676813325
10.939999999999856,13.946647288318761,50.0,187.36249105371044,32.7692311600843,90.0,109.46940676813325,57.2307688399157,90.0,250.53059323186676
10.939999999999856,-11.399999999991337,50.0,180.0,43.9957630703411,90.0,103.20333718862196,46.0042369296589,90.0,256.79666281137804
10.959999999999855,-12.599999999991311,-50.0,180.0,44.341669427269586,90.0,103.26754726109021,134.34166942726958,90.0,118.26754726109021
10.959999999999855,14.528747416926072,-50.0,184.97379774331472,33.599735712631706,90.0,107.47214231326892,123.59973571263171,90.0,107.47214231326892
10.959999999999855,14.528747416926072,50.0,184.97379774331472,33.599735712631706,90.0,107.47214231326892,56.400264287368294,90.0,252.52785768673107
10.959999999999855,-12.599999999991311,50.0,180.0,44.341669427269586,90.0,103.26754726109021,45.658330572730414,90.0,256.7324527389098
10.979999999999855,-13.799999999991286,-50.0,180.0,44.68377718379179,90.0,103.33819794685498,134.6837771837918,90.0,118.33819794685498
10.979999999999855,14.881720519715453,-50.0,182.50666467130418,34.511990664927104,90.0,105.44382662391592,124.51199066492711,90.0,105.44382662391592
10.979999999999855,14.881720519715453,50.0,182.50666467130418,34.511990664927104,90.0,105.44382662391592,55.488009335072896,90.0,254.55617337608408
10.979999999999855,-13.799999999991286,50.0,180.0,44.68377718379179,90.0,103.33819794685498,45.31622281620821,90.0,256.66180205314504
10.999999999999854,-14.99999999999126,-50.0,180.0,45.022051052908836,90.0,103.4152949907264,135.02205105290884,90.0,118.4152949907264
10.999999999999854,15.0,-50.0,180.0000000000183,35.49476767145155,90.0,103.41529499074169,125.49476767145154,90.0,103.41529499074169
10.999999999999854,15.0,50.0,180.0000000000183,35.49476767145155,90.0,103.41529499074169,54.50523232854845,90.0,256.5847050092583
10.999999999999854,-14.99999999999126,50.0,180.0,45.022051052908836,90.0,103.4152949907264,44.977948947091164,90.0,256.5847050092736
11.019999999999854,-14.881720519718893,-50.0,182.50666467126788,43.835239618738115,90.0,105.44382662388631,133.83523961873811,90.0,120.44382662388631
11.019999999999854,13.800000000008765,-50.0,180.0,35.91557665900132,90.0,103.33819794685604,125.91557665900132,90.0,103.33819794685604
11.019999999999854,13.800000000008765,50.0,180.0,35.91557665900132,90.0,103.33819794685604,54.08442334099868,90.0,256.66180205314396
11.019999999999854,-14.881720519718893,50.0,182.50666467126788,43.835239618738115,90.0,105.44382662388631,46.164760381261885,90.0,254.5561733761137
11.039999999999853,-14.5287474169329,-50.0,184.97379774327925,42.58187673392642,90.0,107.47214231323954,132.58187673392644,90.0,122.47214231323954
11.039999999999853,12.60000000000879,-50.0,180.0,36.333323545850256,90.0,103.2675472610912,126.33332354585025,90.0,103.2675472610912
11.039999999999853,12.60000000000879,50.0,180.0,36.333323545850256,90.0,103.2675472610912,53.666676454149744,90.0,256.7324527389088
11.039999999999853,-14.5287474169329,50.0,184.97379774327925,42.58187673392642,90.0,107.47214231323954,47.41812326607358,90.0,252.52785768676046
11.059999999999853,-13.946647288328869,-50.0,187.3624910536764,41.28334782678351,90.0,109.46940676810452,131.2833478267835,90.0,124.46940676810452
11.059999999999853,11.400000000008816,-50.0,180.0,36.74797787900194,90.0,103.20333718862285,126.74797787900194,90.0,103.20333718862285
11.059999999999853,11.400000000008816,50.0,180.0,36.74797787900194,90.0,103.20333718862285,53.25202212099806,90.0,256.79666281137713
11.059999999999853,-13.946647288328869,50.0,187.3624910536764,41.28334782678351,90.0,109.46940676810452,48.71665217321649,90.0,250.53059323189547
11.079999999999853,-13.144600200664645,-50.0,189.63507348201807,39.96210508428622,90.0,111.40348373245797,129.96210508428624,90.0,126.40348373245797
11.079999999999853,10.200000000008842,-50.0,180.0,37.15950877234767,90.0,103.14556255656944,127.15950877234766,90.0,103.14556255656944
11.079999999999853,10.200000000008842,50.0,180.0,37.15950877234767,90.0,103.14556255656944,52.84049122765233,90.0,256.8544374434306
11.079999999999853,-13.144600200664645,50.0,189.63507348201807,39.96210508428622,90.0,111.40348373245797,50.03789491571378,90.0,248.59651626754203
11.099999999999852,-12.135254915632398,-50.0,191.75570504583445,38.641387686429425,90.0,113.24120616830344,128.64138768642943,90.0,128.24120616830345
11.099999999999852,9.000000000008868,-50.0,180.0,37.5678849316162,90.0,103.09421874965922,127.56788493161619,90.0,103.09421874965922
11.099999999999852,9.000000000008868,50.0,180.0,37.5678849316162,90.0,103.09421874965922,52.4321150683838,90.0,256.9057812503408
11.099999999999852,-12.135254915632398,50.0,191.75570504583445,38.641387686429425,90.0,113.24120616830344,51.358612313570575,90.0,246.75879383169655
11.119999999999852,-10.934529411330736,-50.0,193.6909421185602,37.34488387340142,90.0,114.9488198256727,127.34488387340141,90.0,129.9488198256727
11.119999999999852,7.800000000008893,-50.0,180.0,37.973074678707555,90.0,103.04930169740749,127.97307467870755,90.0,103.04930169740749
11.119999999999852,7.800000000008893,50.0,180.0,37.973074678707555,90.0,103.04930169740749,52.026925321292445,90.0,256.9506983025925
11.119999999999852,-10.934529411330736,50.0,193.6909421185602,37.34488387340142,90.0,114.9488198256727,52.65511612659858,90.0,245.0511801743273
11.139999999999851,-9.56135984624114,-50.0,195.41026485550387,36.096306087501155,90.0,116.49264966424086,126.09630608750115,90.0,131.49264966424084
11.139999999999851,6.600000000008919,-50.0,180.0,38.375045975403935,90.0,103.01080786276867,128.37504597540394,90.0,103.01080786276867
11.139999999999851,6.600000000008919,50.0,180.0,38.375045975403935,90.0,103.01080786276867,51.624954024596065,90.0,256.9891921372313
11.139999999999851,-9.56135984624114,50.0,195.41026485550387,36.096306087501155,90.0,116.49264966424086,53.903693912498845,90.0,243.50735033575916
11.159999999999851,-8.037401924696814,-50.0,196.88655851003026,34.91885817293804,90.0,117.84002214420389,124.91885817293803,90.0,132.84002214420389
11.159999999999851,5.400000000008944,-50.0,180.0,38.773766446443176,90.0,102.97873423224546,128.77376644644318,90.0,102.97873423224546
11.159999999999851,5.400000000008944,50.0,180.0,38.773766446443176,90.0,102.97873423224546,51.226233553556824,90.0,257.0212657677545
11.159999999999851,-8.037401924696814,50.0,196.88655851003026,34.91885817293804,90.0,117.84002214420389,55.08114182706196,90.0,242.15997785579611
11.17999999999985,-6.38668937348884,-50.0,198.0965410493124,33.83459098774879,90.0,118.96044239847294,123.83459098774878,90.0,133.96044239847294
11.17999999999985,4.20000000000897,-50.0,180.0,39.169203401939754,90.0,102.9530783074392,129.16920340193974,90.0,102.9530783074392
11.17999999999985,4.20000000000897,50.0,180.0,39.169203401939754,90.0,102.9530783074392,50.830796598060246,90.0,257.0469216925608
11.17999999999985,-6.38668937348884,50.0,198.0965410493124,33.83459098774879,90.0,118.96044239847294,56.16540901225121,90.0,241.03955760152706
11.19999999999985,-4.635254915637649,-50.0,199.02113032589725,32.86367004227366,90.0,119.82697291844705,122.86367004227367,90.0,134.82697291844704
11.19999999999985,3.0000000000089955,-50.0,180.0,39.561323859136266,90.0,102.93383809802853,129.56132385913628,90.0,102.93383809802853
11.19999999999985,3.0000000000089955,50.0,180.0,39.561323859136266,90.0,102.93383809802853,50.438676140863734,90.0,257.06616190197144
11.19999999999985,-4.635254915637649,50.0,199.02113032589725,32.86367004227366,90.0,119.82697291844705,57.13632995772634,90.0,240.17302708155296
11.21999999999985,-2.8107197187997888,-50.0,199.64574501457022,32.02361220892927,90.0,120.41769652198326,122.02361220892928,90.0,135.41769652198326
11.21999999999985,1.800000000009021,-50.0,180.0,39.950094563466905,90.0,102.92101211616492,129.9500945634669,90.0,102.92101211616492
11.21999999999985,1.800000000009021,50.0,180.0,39.950094563466905,90.0,102.92101211616492,50.049905436533095,90.0,257.0789878838351
11.21999999999985,-2.8107197187997888,50.0,199.64574501457022,32.02361220892927,90.0,120.41769652198326,57.97638779107073,90.0,239.58230347801674
11.23999999999985,-0.9418577929538834,-50.0,199.96053456856424,31.32857930489868,90.0,120.7170878172858,121.32857930489868,90.0,135.7170878172858
11.23999999999985,0.6000000000090466,-50.0,180.0,40.33548200891351,90.0,102.91459937227697,130.33548200891352,90.0,102.91459937227697
11.23999999999985,0.6000000000090466,50.0,180.0,40.33548200891351,90.0,102.91459937227697,49.66451799108649,90.0,257.08540062772306
11.23999999999985,-0.9418577929538834,50.0,199.96053456856424,31.32857930489868,90.0,120.7170878172858,58.67142069510132,90.0,239.2829121827142
11.259999999999849,0.9418577929254772,-50.0,199.96053456856663,30.788832024559678,90.0,120.71708781728809,120.78883202455968,90.0,135.71708781728807
11.259999999999849,-0.5999999999909278,-50.0,180.0,40.717452457632895,90.0,102.91459937227692,130.7174524576329,90.0,102.91459937227692
11.259999999999849,-0.5999999999909278,50.0,180.0,40.717452457632895,90.0,102.91459937227692,49.282547542367105,90.0,257.08540062772306
11.259999999999849,0.9418577929254772,50.0,199.96053456856663,30.788832024559678,90.0,120.71708781728809,59.21116797544032,90.0,239.28291218271193
11.279999999999848,2.8107197187718302,-50.0,199.64574501457736,30.41043744555887,90.0,120.41769652199005,120.41043744555887,90.0,135.41769652199005
11.279999999999848,-1.7999999999909022,-50.0,180.0,41.09597195883393,90.0,102.92101211616477,131.09597195883393,90.0,102.92101211616477
11.279999999999848,-1.7999999999909022,50.0,180.0,41.09597195883393,90.0,102.92101211616477,48.90402804116607,90.0,257.0789878838352
11.279999999999848,2.8107197187718302,50.0,199.64574501457736,30.41043744555887,90.0,120.41769652199005,59.58956255444113,90.0,239.58230347800995
11.299999999999848,4.63525491561058,-50.0,199.02113032590898,30.195284643884932,90.0,119.82697291845813,120.19528464388493,90.0,134.82697291845813
11.299999999999848,-2.9999999999908766,-50.0,180.0,41.47100636688072,90.0,102.9338380980283,131.47100636688072,90.0,102.9338380980283
11.299999999999848,-2.9999999999908766,50.0,180.0,41.47100636688072,90.0,102.9338380980283,48.52899363311928,90.0,257.06616190197167
11.299999999999848,4.63525491561058,50.0,199.02113032590898,30.195284643884932,90.0,119.82697291845813,59.80471535611507,90.0,240.17302708154187
11.319999999999848,6.386689373463083,-50.0,198.09654104932855,30.141405471584388,90.0,118.960442398488,120.14140547158439,90.0,133.960442398488
11.319999999999848,-4.199999999990851,-50.0,180.0,41.842521358598106,90.0,102.95307830743887,131.8425213585981,90.0,102.95307830743887
11.319999999999848,-4.199999999990851,50.0,180.0,41.842521358598106,90.0,102.95307830743887,48.157478641401894,90.0,257.0469216925611
11.319999999999848,6.386689373463083,50.0,198.09654104932855,30.141405471584388,90.0,118.960442398488,59.85859452841561,90.0,241.039557601512
11.339999999999847,8.037401924672782,-50.0,196.8865585100506,30.243539977414592,90.0,117.84002214422259,120.2435399774146,90.0,132.8400221442226
11.339999999999847,-5.3999999999908255,-50.0,180.0,42.21048244975424,90.0,102.97873423224502,132.21048244975424,90.0,102.97873423224502
11.339999999999847,-5.3999999999908255,50.0,180.0,42.21048244975424,90.0,102.97873423224502,47.78951755024576,90.0,257.021265767755
11.339999999999847,8.037401924672782,50.0,196.8865585100506,30.243539977414592,90.0,117.84002214422259,59.75646002258541,90.0,242.1599778557774
11.359999999999847,9.561359846219208,-50.0,195.41026485552808,30.49384699907442,90.0,116.49264966426276,120.49384699907442,90.0,131.49264966426276
11.359999999999847,-6.5999999999908,-50.0,180.0,42.574855010694485,90.0,103.01080786276813,132.57485501069448,90.0,103.01080786276813
11.359999999999847,-6.5999999999908,50.0,180.0,42.574855010694485,90.0,103.01080786276813,47.425144989305515,90.0,256.98919213723184
11.359999999999847,9.561359846219208,50.0,195.41026485552808,30.49384699907442,90.0,116.49264966426276,59.50615300092558,90.0,243.50735033573724
11.379999999999846,10.934529411311253,-50.0,193.69094211858786,30.882649805531162,90.0,114.9488198256973,120.88264980553116,90.0,129.94881982569729
11.379999999999846,-7.799999999990774,-50.0,180.0,42.93560428109944,90.0,103.04930169740685,132.93560428109944,90.0,103.04930169740685
11.379999999999846,-7.799999999990774,50.0,180.0,42.93560428109944,90.0,103.04930169740685,47.06439571890056,90.0,256.95069830259314
11.379999999999846,10.934529411311253,50.0,193.69094211858786,30.882649805531162,90.0,114.9488198256973,59.11735019446884,90.0,245.05118017430271
11.399999999999846,12.135254915615667,-50.0,191.75570504586514,31.39912188030065,90.0,113.24120616833031,121.39912188030065,90.0,128.2412061683303
11.399999999999846,-8.999999999990749,-50.0,180.0,43.29269538383997,90.0,103.0942187496585,133.29269538383997,90.0,103.0942187496585
11.399999999999846,-8.999999999990749,50.0,180.0,43.29269538383997,90.0,103.0942187496585,46.70730461616003,90.0,256.90578125034153
11.399999999999846,12.135254915615667,50.0,191.75570504586514,31.39912188030065,90.0,113.24120616833031,58.600878119699345,90.0,246.7587938316697
11.419999999999845,13.144600200650933,-50.0,189.63507348205133,32.03184827323005,90.0,111.40348373248654,122.03184827323005,90.0,126.40348373248654
11.419999999999845,-10.199999999990723,-50.0,180.0,43.64609333790037,90.0,103.14556255656862,133.64609333790037,90.0,103.14556255656862
11.419999999999845,-10.199999999990723,50.0,180.0,43.64609333790037,90.0,103.14556255656862,46.35390666209963,90.0,256.8544374434314
11.419999999999845,13.144600200650933,50.0,189.63507348205133,32.03184827323005,90.0,111.40348373248654,57.96815172676995,90.0,248.59651626751346
11.439999999999845,13.946647288318394,-50.0,187.36249105371166,32.76923116008389,90.00000000000001,109.46940676813428,122.76923116008389,89.99999999999999,124.46940676813428
11.439999999999845,-11.399999999990698,-50.0,180.0,43.99576307034091,90.0,103.20333718862194,133.9957630703409,90.0,103.20333718862194
11.439999999999845,-11.399999999990698,50.0,180.0,43.99576307034091,90.0,103.20333718862194,46.00423692965909,90.0,256.79666281137804
11.439999999999845,13.946647288318394,50.0,187.36249105371166,32.76923116008389,90.00000000000001,109.46940676813428,57.23076883991611,90.00000000000001,250.53059323186574
11.459999999999845,14.528747416925823,-50.0,184.97379774331603,33.59973571263122,90.0,107.47214231327003,123.59973571263123,90.0,122.47214231327003
11.459999999999845,-12.599999999990672,-50.0,180.0,44.3416694272694,90.0,103.26754726109019,134.3416694272694,90.0,103.26754726109019
11.459999999999845,-12.599999999990672,50.0,180.0,44.3416694272694,90.0,103.26754726109019,45.6583305727306,90.0,256.73245273890984
11.459999999999845,14.528747416925823,50.0,184.97379774331603,33.59973571263122,90.0,107.47214231327003,56.40026428736878,90.0,252.52785768673
11.479999999999844,14.881720519715326,-50.0,182.50666467130551,34.51199066492661,90.0,105.44382662391699,124.5119906649266,90.0,120.44382662391699
11.479999999999844,-13.799999999990646,-50.0,180.0,44.68377718379162,90.0,103.33819794685492,134.68377718379162,90.0,103.33819794685492
11.479999999999844,-13.799999999990646,50.0,180.0,44.68377718379162,90.0,103.33819794685492,45.31622281620838,90.0,256.6618020531451
11.479999999999844,14.881720519715326,50.0,182.50666467130551,34.51199066492661,90.0,105.44382662391699,55.48800933507339,90.0,254.556173376083
11.499999999999844,15.0,-50.0,180.00000000001964,35.49476767145101,90.0,103.41529499074275,125.494767671451,90.0,118.41529499074275
11.499999999999844,-14.99999999999062,-50.0,180.0,45.02205105290866,90.0,103.41529499072635,135.02205105290867,90.0,103.41529499072635
11.499999999999844,-14.99999999999062,50.0,180.0,45.02205105290866,90.0,103.41529499072635,44.97794894709134,90.0,256.58470500927365
11.499999999999844,15.0,50.0,180.00000000001964,35.49476767145101,90.0,103.41529499074275,54.50523232854899,90.0,256.5847050092573
11.519999999999843,13.800000000009405,-50.0,180.0,35.91557665900109,90.0,103.3381979468561,125.91557665900109,90.0,118.3381979468561
11.519999999999843,-14.881720519719018,-50.0,182.50666467126655,43.835239618738775,90.0,105.44382662388522,133.83523961873877,90.0,105.44382662388522
11.519999999999843,-14.881720519719018,50.0,182.50666467126655,43.835239618738775,90.0,105.44382662388522,46.164760381261225,90.0,254.55617337611477
11.519999999999843,13.800000000009405,50.0,180.0,35.91557665900109,90.0,103.3381979468561,54.08442334099891,90.0,256.6618020531439
11.539999999999843,12.60000000000943,-50.0,180.0,36.33332354585003,90.0,103.26754726109125,126.33332354585002,90.0,118.26754726109125
11.539999999999843,-14.52874741693315,-50.0,184.97379774327797,42.58187673392711,90.0,107.47214231323845,132.58187673392712,90.0,107.47214231323845
11.539999999999843,-14.52874741693315,50.0,184.97379774327797,42.58187673392711,90.0,107.47214231323845,47.41812326607289,90.0,252.52785768676154
11.539999999999843,12.60000000000943,50.0,180.0,36.33332354585003,90.0,103.26754726109125,53.66667645414997,90.0,256.73245273890876
11.559999999999842,11.400000000009456,-50.0,180.0,36.7479778790017,90.0,103.2033371886229,126.7479778790017,90.0,118.2033371886229
11.559999999999842,-13.946647288329238,-50.0,187.36249105367514,41.2833478267842,90.0,109.46940676810347,131.2833478267842,90.0,109.46940676810347
11.559999999999842,-13.946647288329238,50.0,187.36249105367514,41.2833478267842,90.0,109.46940676810347,48.7166521732158,90.0,250.53059323189655
11.559999999999842,11.400000000009456,50.0,180.0,36.7479778790017,90.0,103.2033371886229,53.2520221209983,90.0,256.79666281137713
11.579999999999842,10.200000000009481,-50.0,180.0,37.159508772347465,90.0,103.14556255656946,127.15950877234746,90.0,118.14556255656946
11.579999999999842,-13.14460020066513,-50.0,189.6350734820169,39.96210508428693,90.0,111.40348373245698,129.96210508428692,90.0,111.40348373245698
11.579999999999842,-13.14460020066513,50.0,189.6350734820169,39.96210508428693,90.0,111.40348373245698,50.03789491571307,90.0,248.59651626754302
11.579999999999842,10.200000000009481,50.0,180.0,37.159508772347465,90.0,103.14556255656946,52.840491227652535,90.0,256.8544374434305
11.599999999999842,9.000000000009507,-50.0,180.0,37.56788493161598,90.0,103.09421874965925,127.56788493161598,90.0,118.09421874965925
11.599999999999842,-12.13525491563299,-50.0,191.75570504583337,38.64138768643012,90.0,113.2412061683025,128.6413876864301,90.0,113.2412061683025
11.599999999999842,-12.13525491563299,50.0,191.75570504583337,38.64138768643012,90.0,113.2412061683025,51.35861231356988,90.0,246.75879383169752
11.599999999999842,9.000000000009507,50.0,180.0,37.56788493161598,90.0,103.09421874965925,52.43211506838402,90.0,256.90578125034074
11.619999999999841,7.800000000009533,-50.0,180.0,37.97307467870734,90.0,103.0493016974075,127.97307467870735,90.0,118.0493016974075
11.619999999999841,-10.934529411331424,-50.0,193.6909421185592,37.34488387340212,90.0,114.9488198256718,127.34488387340213,90.0,114.9488198256718
11.619999999999841,-10.934529411331424,50.0,193.6909421185592,37.34488387340212,90.0,114.9488198256718,52.65511612659788,90.0,245.05118017432818
11.619999999999841,7.800000000009533,50.0,180.0,37.97307467870734,90.0,103.0493016974075,52.02692532129266,90.0,256.9506983025925
11.63999999999984,6.600000000009558,-50.0,180.0,38.375045975403715,90.0,103.0108078627687,128.3750459754037,90.0,118.0108078627687
11.63999999999984,-9.561359846241915,-50.0,195.41026485550302,36.09630608750182,90.0,116.49264966424003,126.09630608750183,90.0,116.49264966424003
11.63999999999984,-9.561359846241915,50.0,195.41026485550302,36.09630608750182,90.0,116.49264966424003,53.90369391249818,90.0,243.50735033575995
11.63999999999984,6.600000000009558,50.0,180.0,38.375045975403715,90.0,103.0108078627687,51.624954024596285,90.0,256.98919213723127
11.65999999999984,5.400000000009584,-50.0,180.0,38.77376644644296,90.0,102.97873423224546,128.77376644644295,90.0,117.97873423224546
11.65999999999984,-8.03740192469766,-50.0,196.88655851002954,34.918858172938634,90.0,117.84002214420323,124.91885817293863,90.0,117.84002214420323
11.65999999999984,-8.03740192469766,50.0,196.88655851002954,34.918858172938634,90.0,117.84002214420323,55.081141827061366,90.0,242.15997785579677
11.65999999999984,5.400000000009584,50.0,180.0,38.77376644644296,90.0,102.97873423224546,51.22623355355704,90.0,257.0212657677545
11.67999999999984,4.200000000009609,-50.0,180.0,39.16920340193954,90.0,102.95307830743923,129.16920340193954,90.0,117.95307830743923
11.67999999999984,-6.386689373489748,-50.0,198.0965410493118,33.83459098774935,90.0,118.96044239847241,123.83459098774935,90.0,118.96044239847241
11.67999999999984,-6.386689373489748,50.0,198.0965410493118,33.83459098774935,90.0,118.96044239847241,56.16540901225065,90.0,241.03955760152758
11.67999999999984,4.200000000009609,50.0,180.0,39.16920340193954,90.0,102.95307830743923,50.83079659806046,90.0,257.0469216925608
11.69999999999984,3.000000000009635,-50.0,180.0,39.561323859136046,90.0,102.93383809802856,129.56132385913605,90.0,117.93383809802856
11.69999999999984,-4.6352549156386065,-50.0,199.02113032589682,32.86367004227415,90.0,119.82697291844666,122.86367004227415,90.0,119.82697291844666
11.69999999999984,-4.6352549156386065,50.0,199.02113032589682,32.86367004227415,90.0,119.82697291844666,57.13632995772585,90.0,240.17302708155336
11.69999999999984,3.000000000009635,50.0,180.0,39.561323859136046,90.0,102.93383809802856,50.438676140863954,90.0,257.06616190197144
11.719999999999839,1.8000000000096605,-50.0,180.0,39.950094563466706,90.0,102.92101211616492,129.9500945634667,90.0,117.92101211616492
11.719999999999839,-2.810719718800777,-50.0,199.64574501456997,32.02361220892967,90.00000000000001,120.41769652198303,122.02361220892968,89.99999999999999,120.41769652198303
11.719999999999839,-2.810719718800777,50.0,199.64574501456997,32.02361220892967,90.00000000000001,120.41769652198303,57.97638779107033,90.00000000000001,239.58230347801697
11.719999999999839,1.8000000000096605,50.0,180.0,39.950094563466706,90.0,102.92101211616492,50.049905436533294,90.0,257.0789878838351
11.739999999999839,0.6000000000096861,-50.0,180.0,40.3354820089133,90.0,102.91459937227697,130.3354820089133,90.0,117.91459937227697
11.739999999999839,-0.9418577929548875,-50.0,199.96053456856416,31.328579304898998,90.0,120.71708781728574,121.328579304899,90.0,120.71708781728574
11.739999999999839,-0.9418577929548875,50.0,199.96053456856416,31.328579304898998,90.0,120.71708781728574,58.671420695101006,90.0,239.28291218271426
11.739999999999839,0.6000000000096861,50.0,180.0,40.3354820089133,90.0,102.91459937227697,49.6645179910867,90.0,257.08540062772306
11.759999999999838,-0.5999999999902883,-50.0,180.0,40.71745245763269,90.0,102.91459937227692,130.7174524576327,90.0,117.91459937227692
11.759999999999838,0.9418577929244734,-50.0,199.96053456856671,30.788832024559913,90.0,120.71708781728819,120.78883202455991,90.0,120.71708781728819
11.759999999999838,0.9418577929244734,50.0,199.96053456856671,30.788832024559913,90.0,120.71708781728819,59.21116797544009,90.0,239.2829121827118
11.759999999999838,-0.5999999999902883,50.0,180.0,40.71745245763269,90.0,102.91459937227692,49.28254754236731,90.0,257.08540062772306
11.779999999999838,-1.7999999999902627,-50.0,180.0,41.095971958833736,90.0,102.92101211616476,131.09597195883373,90.0,117.92101211616476
11.779999999999838,2.8107197187708457,-50.0,199.64574501457759,30.410437445559047,90.0,120.41769652199025,120.41043744555904,90.0,120.41769652199025
11.779999999999838,2.8107197187708457,50.0,199.64574501457759,30.410437445559047,90.0,120.41769652199025,59.58956255444095,90.0,239.58230347800975
11.779999999999838,-1.7999999999902627,50.0,180.0,41.095971958833736,90.0,102.92101211616476,48.904028041166264,90.0,257.0789878838352
11.799999999999837,-2.999999999990237,-50.0,180.0,41.47100636688053,90.0,102.93383809802827,131.47100636688054,90.0,117.93383809802827
11.799999999999837,4.635254915609627,-50.0,199.02113032590938,30.195284643885028,90.0,119.82697291845848,120.19528464388503,90.0,119.82697291845848
11.799999999999837,4.635254915609627,50.0,199.02113032590938,30.195284643885028,90.0,119.82697291845848,59.80471535611497,90.0,240.17302708154153
11.799999999999837,-2.999999999990237,50.0,180.0,41.47100636688053,90.0,102.93383809802827,48.52899363311947,90.0,257.0661619019717
11.819999999999837,-4.199999999990212,-50.0,180.0,41.8425213585979,90.0,102.95307830743887,131.8425213585979,90.0,117.95307830743887
11.819999999999837,6.386689373462174,-50.0,198.09654104932912,30.141405471584395,90.00000000000001,118.96044239848854,120.14140547158439,89.99999999999999,118.96044239848854
11.819999999999837,6.386689373462174,50.0,198.09654104932912,30.141405471584395,90.00000000000001,118.96044239848854,59.85859452841561,90.00000000000001,241.03955760151146
11.819999999999837,-4.199999999990212,50.0,180.0,41.8425213585979,90.0,102.95307830743887,48.1574786414021,90.0,257.0469216925611
11.839999999999836,-5.399999999990186,-50.0,180.0,42.21048244975405,90.0,102.97873423224499,132.21048244975407,90.0,117.97873423224499
11.839999999999836,8.037401924671933,-50.0,196.88655851005132,30.24353997741447,90.0,117.8400221442233,120.24353997741447,90.0,117.8400221442233
11.839999999999836,8.037401924671933,50.0,196.88655851005132,30.24353997741447,90.0,117.8400221442233,59.75646002258553,90.0,242.1599778557767
11.839999999999836,-5.399999999990186,50.0,180.0,42.21048244975405,90.0,102.97873423224499,47.78951755024595,90.0,257.02126576775504
11.859999999999836,-6.59999999999016,-50.0,180.0,42.57485501069428,90.0,103.01080786276813,132.57485501069428,90.0,118.01080786276813
11.859999999999836,9.561359846218437,-50.0,195.4102648555289,30.493846999074254,90.0,116.49264966426352,120.49384699907425,90.0,116.49264966426352
11.859999999999836,9.561359846218437,50.0,195.4102648555289,30.493846999074254,90.0,116.49264966426352,59.50615300092575,90.0,243.50735033573648
11.859999999999836,-6.59999999999016,50.0,180.0,42.57485501069428,90.0,103.01080786276813,47.42514498930572,90.0,256.98919213723184
11.879999999999836,-7.799999999990135,-50.0,180.0,42.93560428109923,90.0,103.04930169740685,132.93560428109924,90.0,118.04930169740685
11.879999999999836,10.934529411310564,-50.0,193.69094211858885,30.882649805530903,90.0,114.9488198256982,120.8826498055309,90.0,114.9488198256982
11.879999999999836,10.934529411310564,50.0,193.69094211858885,30.882649805530903,90.0,114.9488198256982,59.1173501944691,90.0,245.0511801743018
11.879999999999836,-7.799999999990135,50.0,180.0,42.93560428109923,90.0,103.04930169740685,47.06439571890077,90.0,256.95069830259314
11.899999999999835,-8.99999999999011,-50.0,180.0,43.29269538383977,90.0,103.09421874965847,133.29269538383977,90.0,118.09421874965847
11.899999999999835,12.135254915615079,-50.0,191.75570504586622,31.39912188030035,90.0,113.24120616833125,121.39912188030036,90.0,113.24120616833125
11.899999999999835,12.135254915615079,50.0,191.75570504586622,31.39912188030035,90.0,113.24120616833125,58.60087811969965,90.0,246.75879383166875
11.899999999999835,-8.99999999999011,50.0,180.0,43.29269538383977,90.0,103.09421874965847,46.70730461616023,90.0,256.90578125034153
11.919999999999835,-10.199999999990084,-50.0,180.0,43.64609333790019,90.0,103.14556255656856,133.6460933379002,90.0,118.14556255656856
11.919999999999835,13.144600200650448,-50.0,189.63507348205252,32.03184827322967,90.0,111.40348373248757,122.03184827322967,90.0,111.40348373248757
11.919999999999835,13.144600200650448,50.0,189.63507348205252,32.03184827322967,90.0,111.40348373248757,57.96815172677033,90.0,248.5965162675124
11.919999999999835,-10.199999999990084,50.0,180.0,43.64609333790019,90.0,103.14556255656856,46.35390666209981,90.0,256.85443744343144
11.939999999999834,-11.399999999990058,-50.0,180.0,43.995763070340715,90.0,103.20333718862192,133.99576307034073,90.0,118.20333718862192
11.939999999999834,13.946647288318022,-50.0,187.36249105371292,32.76923116008348,90.0,109.46940676813533,122.76923116008348,90.0,109.46940676813533
11.939999999999834,13.946647288318022,50.0,187.36249105371292,32.76923116008348,90.0,109.46940676813533,57.23076883991652,90.0,250.53059323186466
11.939999999999834,-11.399999999990058,50.0,180.0,43.995763070340715,90.0,103.20333718862192,46.004236929659285,90.0,256.7966628113781
11.959999999999834,-12.599999999990033,-50.0,180.0,44.34166942726922,90.0,103.26754726109016,134.3416694272692,90.0,118.26754726109016
11.959999999999834,14.528747416925572,-50.0,184.97379774331733,33.59973571263076,90.0,107.47214231327106,123.59973571263076,90.0,107.47214231327106
11.959999999999834,14.528747416925572,50.0,184.97379774331733,33.59973571263076,90.0,107.47214231327106,56.40026428736924,90.0,252.52785768672894
11.959999999999834,-12.599999999990033,50.0,180.0,44.34166942726922,90.0,103.26754726109016,45.65833057273078,90.0,256.73245273890984
11.979999999999833,-13.799999999990007,-50.0,180.0,44.683777183791435,90.0,103.3381979468549,134.68377718379145,90.0,118.3381979468549
11.979999999999833,14.8817205197152,-50.0,182.50666467130685,34.51199066492608,90.0,105.44382662391811,124.51199066492609,90.0,105.44382662391811
11.979999999999833,14.8817205197152,50.0,182.50666467130685,34.51199066492608,90.0,105.44382662391811,55.48800933507392,90.0,254.5561733760819
11.979999999999833,-13.799999999990007,50.0,180.0,44.683777183791435,90.0,103.3381979468549,45.316222816208565,90.0,256.6618020531451
11.999999999999833,-14.999999999989981,-50.0,180.0,45.02205105290848,90.0,103.41529499072631,135.02205105290847,90.0,118.41529499072631
11.999999999999833,15.0,-50.0,180.00000000002098,35.49476767145046,90.0,103.41529499074383,125.49476767145046,90.0,103.41529499074383
11.999999999999833,15.0,50.0,180.00000000002098,35.49476767145046,90.0,103.41529499074383,54.50523232854954,90.0,256.58470500925614
11.999999999999833,-14.999999999989981,50.0,180.0,45.02205105290848,90.0,103.41529499072631,44.97794894709152,90.0,256.5847050092737
12.019999999999833,-14.881720519719146,-50.0,182.5066646712652,43.83523961873942,90.0,105.44382662388414,133.83523961873942,90.0,120.44382662388414
12.019999999999833,13.800000000010044,-50.0,180.0,35.91557665900086,90.0,103.33819794685613,125.91557665900086,90.0,103.33819794685613
12.019999999999833,13.800000000010044,50.0,180.0,35.91557665900086,90.0,103.33819794685613,54.08442334099914,90.0,256.6618020531439
12.019999999999833,-14.881720519719146,50.0,182.5066646712652,43.83523961873942,90.0,105.44382662388414,46.16476038126058,90.0,254.55617337611585
12.039999999999832,-14.5287474169334,-50.0,184.97379774327666,42.5818767339278,90.0,107.47214231323737,132.5818767339278,90.0,122.47214231323737
12.039999999999832,12.60000000001007,-50.0,180.0,36.333323545849815,90.0,103.26754726109127,126.33332354584982,90.0,103.26754726109127
12.039999999999832,12.60000000001007,50.0,180.0,36.333323545849815,90.0,103.26754726109127,53.666676454150185,90.0,256.7324527389087
12.039999999999832,-14.5287474169334,50.0,184.97379774327666,42.5818767339278,90.0,107.47214231323737,47.4181232660722,90.0,252.52785768676262
12.059999999999832,-13.94664728832961,-50.0,187.3624910536739,41.28334782678492,90.0,109.4694067681024,131.2833478267849,90.0,124.4694067681024
12.059999999999832,11.400000000010095,-50.0,180.0,36.747977879001496,90.0,103.20333718862291,126.7479778790015,90.0,103.20333718862291
12.059999999999832,11.400000000010095,50.0,180.0,36.747977879001496,90.0,103.20333718862291,53.252022120998504,90.0,256.7966628113771
12.059999999999832,-13.94664728832961,50.0,187.3624910536739,41.28334782678492,90.0,109.4694067681024,48.71665217321508,90.0,250.5305932318976
12.079999999999831,-13.144600200665613,-50.0,189.63507348201574,39.962105084287636,90.0,111.40348373245595,129.96210508428763,90.0,126.40348373245595
12.079999999999831,10.200000000010121,-50.0,180.0,37.15950877234724,90.0,103.14556255656947,127.15950877234724,90.0,103.14556255656947
12.079999999999831,10.200000000010121,50.0,180.0,37.15950877234724,90.0,103.14556255656947,52.84049122765276,90.0,256.8544374434305
12.079999999999831,-13.144600200665613,50.0,189.63507348201574,39.962105084287636,90.0,111.40348373245595,50.037894915712364,90.0,248.59651626754405
12.099999999999831,-12.135254915633581,-50.0,191.75570504583226,38.641387686430825,90.0,113.24120616830156,128.64138768643082,90.0,128.24120616830157
12.099999999999831,9.000000000010147,-50.0,180.0,37.56788493161576,90.0,103.09421874965926,127.56788493161577,90.0,103.09421874965926
12.099999999999831,9.000000000010147,50.0,180.0,37.56788493161576,90.0,103.09421874965926,52.43211506838424,90.0,256.90578125034074
12.099999999999831,-12.135254915633581,50.0,191.75570504583226,38.641387686430825,90.0,113.24120616830156,51.358612313569175,90.0,246.75879383169843
12.11999999999983,-10.934529411332111,-50.0,193.69094211855824,37.34488387340279,90.0,114.94881982567094,127.3448838734028,90.0,129.94881982567094
12.11999999999983,7.800000000010172,-50.0,180.0,37.97307467870712,90.0,103.04930169740753,127.97307467870712,90.0,103.04930169740753
12.11999999999983,7.800000000010172,50.0,180.0,37.97307467870712,90.0,103.04930169740753,52.02692532129288,90.0,256.95069830259246
12.11999999999983,-10.934529411332111,50.0,193.69094211855824,37.34488387340279,90.0,114.94881982567094,52.65511612659721,90.0,245.05118017432906
12.13999999999983,-9.561359846242688,-50.0,195.41026485550216,36.09630608750245,90.0,116.4926496642393,126.09630608750246,90.0,131.4926496642393
12.13999999999983,6.600000000010198,-50.0,180.0,38.3750459754035,90.0,103.01080786276871,128.3750459754035,90.0,103.01080786276871
12.13999999999983,6.600000000010198,50.0,180.0,38.3750459754035,90.0,103.01080786276871,51.6249540245965,90.0,256.98919213723127
12.13999999999983,-9.561359846242688,50.0,195.41026485550216,36.09630608750245,90.0,116.4926496642393,53.90369391249755,90.0,243.5073503357607
12.15999999999983,-8.037401924698509,-50.0,196.88655851002883,34.91885817293923,90.00000000000001,117.84002214420259,124.91885817293922,89.99999999999999,132.84002214420258
12.15999999999983,5.400000000010223,-50.0,180.0,38.773766446442764,90.0,102.97873423224546,128.77376644644278,90.0,102.97873423224546
12.15999999999983,5.400000000010223,50.0,180.0,38.773766446442764,90.0,102.97873423224546,51.226233553557236,90.0,257.0212657677545
12.15999999999983,-8.037401924698509,50.0,196.88655851002883,34.91885817293923,90.00000000000001,117.84002214420259,55.08114182706077,90.00000000000001,242.15997785579742
12.17999999999983,-6.3866893734906585,-50.0,198.09654104931124,33.834590987749905,90.0,118.96044239847184,123.8345909877499,90.0,133.96044239847186
12.17999999999983,4.200000000010249,-50.0,180.0,39.16920340193934,90.0,102.95307830743923,129.16920340193934,90.0,102.95307830743923
12.17999999999983,4.200000000010249,50.0,180.0,39.16920340193934,90.0,102.95307830743923,50.83079659806066,90.0,257.0469216925608
12.17999999999983,-6.3866893734906585,50.0,198.09654104931124,33.834590987749905,90.0,118.96044239847184,56.165409012250095,90.0,241.03955760152814
12.199999999999829,-4.635254915639563,-50.0,199.02113032589642,32.86367004227463,90.00000000000001,119.8269729184463,122.86367004227463,89.99999999999999,134.8269729184463
12.199999999999829,3.0000000000102744,-50.0,180.0,39.56132385913584,90.0,102.93383809802856,129.56132385913583,90.0,102.93383809802856
12.199999999999829,3.0000000000102744,50.0,180.0,39.56132385913584,90.0,102.93383809802856,50.43867614086416,90.0,257.06616190197144
12.199999999999829,-4.635254915639563,50.0,199.02113032589642,32.86367004227463,90.00000000000001,119.8269729184463,57.13632995772537,90.00000000000001,240.1730270815537
12.219999999999828,-2.8107197188017614,-50.0,199.64574501456974,32.02361220893007,90.0,120.41769652198283,122.02361220893007,90.0,135.41769652198283
12.219999999999828,1.8000000000103,-50.0,180.0,39.9500945634665,90.0,102.92101211616492,129.9500945634665,90.0,102.92101211616492
12.219999999999828,1.8000000000103,50.0,180.0,39.9500945634665,90.0,102.92101211616492,50.0499054365335,90.0,257.0789878838351
12.219999999999828,-2.8107197188017614,50.0,199.64574501456974,32.02361220893007,90.0,120.41769652198283,57.97638779106993,90.0,239.58230347801717
12.239999999999828,-0.9418577929558879,-50.0,199.96053456856407,31.328579304899336,90.0,120.71708781728564,121.32857930489934,90.0,135.71708781728563
12.239999999999828,0.6000000000103256,-50.0,180.0,40.3354820089131,90.0,102.91459937227697,130.3354820089131,90.0,102.91459937227697
12.239999999999828,0.6000000000103256,50.0,180.0,40.3354820089131,90.0,102.91459937227697,49.6645179910869,90.0,257.08540062772306
12.239999999999828,-0.9418577929558879,50.0,199.96053456856407,31.328579304899336,90.0,120.71708781728564,58.671420695100664,90.0,239.28291218271437
12.259999999999827,0.9418577929234727,-50.0,199.9605345685668,30.788832024560165,90.0,120.71708781728823,120.78883202456016,90.0,135.71708781728825
12.259999999999827,-0.5999999999896488,-50.0,180.0,40.71745245763249,90.0,102.91459937227692,130.71745245763248,90.0,102.91459937227692
12.259999999999827,-0.5999999999896488,50.0,180.0,40.71745245763249,90.0,102.91459937227692,49.28254754236751,90.0,257.08540062772306
12.259999999999827,0.9418577929234727,50.0,199.9605345685668,30.788832024560165,90.0,120.71708781728823,59.211167975439835,90.0,239.28291218271175
12.279999999999827,2.8107197187698576,-50.0,199.64574501457784,30.4104374455592,90.00000000000001,120.41769652199051,120.4104374455592,89.99999999999999,135.4176965219905
12.279999999999827,-1.7999999999896232,-50.0,180.0,41.09597195883354,90.0,102.92101211616476,131.09597195883353,90.0,102.92101211616476
12.279999999999827,-1.7999999999896232,50.0,180.0,41.09597195883354,90.0,102.92101211616476,48.90402804116646,90.0,257.0789878838352
12.279999999999827,2.8107197187698576,50.0,199.64574501457784,30.4104374455592,90.00000000000001,120.41769652199051,59.5895625544408,90.00000000000001,239.5823034780095
12.299999999999827,4.63525491560867,-50.0,199.0211303259098,30.195284643885092,90.0,119.82697291845889,120.19528464388509,90.0,134.8269729184589
12.299999999999827,-2.9999999999895977,-50.0,180.0,41.471006366880324,90.0,102.93383809802827,131.47100636688032,90.0,102.93383809802827
12.299999999999827,-2.9999999999895977,50.0,180.0,41.471006366880324,90.0,102.93383809802827,48.528993633119676,90.0,257.0661619019717
12.299999999999827,4.63525491560867,50.0,199.0211303259098,30.195284643885092,90.0,119.82697291845889,59.80471535611491,90.0,240.1730270815411
12.319999999999826,6.38668937346127,-50.0,198.0965410493297,30.141405471584378,90.00000000000001,118.96044239848905,120.14140547158438,89.99999999999999,133.96044239848905
12.319999999999826,-4.199999999989572,-50.0,180.0,41.842521358597715,90.0,102.95307830743884,131.8425213585977,90.0,102.95307830743884
12.319999999999826,-4.199999999989572,50.0,180.0,41.842521358597715,90.0,102.95307830743884,48.157478641402285,90.0,257.04692169256117
12.319999999999826,6.38668937346127,50.0,198.0965410493297,30.141405471584378,90.00000000000001,118.96044239848905,59.85859452841562,90.00000000000001,241.03955760151095
12.339999999999826,8.037401924671082,-50.0,196.88655851005203,30.243539977414382,90.0,117.84002214422397,120.24353997741439,90.0,132.84002214422395
12.339999999999826,-5.3999999999895465,-50.0,180.0,42.21048244975385,90.0,102.97873423224499,132.21048244975384,90.0,102.97873423224499
12.339999999999826,-5.3999999999895465,50.0,180.0,42.21048244975385,90.0,102.97873423224499,47.78951755024615,90.0,257.02126576775504
12.339999999999826,8.037401924671082,50.0,196.88655851005203,30.243539977414382,90.0,117.84002214422397,59.756460022585614,90.0,242.15997785577605
12.359999999999825,9.561359846217663,-50.0,195.41026485552976,30.493846999074076,90.0,116.4926496642643,120.49384699907408,90.0,131.49264966426432
12.359999999999825,-6.599999999989521,-50.0,180.0,42.574855010694094,90.0,103.0108078627681,132.57485501069408,90.0,103.0108078627681
12.359999999999825,-6.599999999989521,50.0,180.0,42.574855010694094,90.0,103.0108078627681,47.425144989305906,90.0,256.9891921372319
12.359999999999825,9.561359846217663,50.0,195.41026485552976,30.493846999074076,90.0,116.4926496642643,59.50615300092592,90.0,243.50735033573568
12.379999999999825,10.934529411309876,-50.0,193.69094211858982,30.882649805530665,90.0,114.94881982569906,120.88264980553066,90.0,129.94881982569905
12.379999999999825,-7.799999999989495,-50.0,180.0,42.935604281099046,90.0,103.04930169740683,132.93560428109905,90.0,103.04930169740683
12.379999999999825,-7.799999999989495,50.0,180.0,42.935604281099046,90.0,103.04930169740683,47.064395718900954,90.0,256.9506983025932
12.379999999999825,10.934529411309876,50.0,193.69094211858982,30.882649805530665,90.0,114.94881982569906,59.11735019446934,90.0,245.05118017430095
12.399999999999824,12.135254915614487,-50.0,191.7557050458673,31.399121880300036,90.0,113.24120616833221,121.39912188030004,90.0,128.2412061683322
12.399999999999824,-8.99999999998947,-50.0,180.0,43.29269538383958,90.0,103.09421874965844,133.29269538383957,90.0,103.09421874965844
12.399999999999824,-8.99999999998947,50.0,180.0,43.29269538383958,90.0,103.09421874965844,46.70730461616042,90.0,256.90578125034153
12.399999999999824,12.135254915614487,50.0,191.7557050458673,31.399121880300036,90.0,113.24120616833221,58.60087811969996,90.0,246.7587938316678
12.419999999999824,13.144600200649963,-50.0,189.63507348205368,32.03184827322931,90.00000000000001,111.40348373248857,122.03184827322931,89.99999999999999,126.40348373248857
12.419999999999824,-10.199999999989444,-50.0,180.0,43.6460933379,90.0,103.14556255656854,133.6460933379,90.0,103.14556255656854
12.419999999999824,-10.199999999989444,50.0,180.0,43.6460933379,90.0,103.14556255656854,46.3539066621,90.0,256.8544374434315
12.419999999999824,13.144600200649963,50.0,189.63507348205368,32.03184827322931,90.00000000000001,111.40348373248857,57.96815172677069,90.00000000000001,248.59651626751145
12.439999999999824,13.946647288317651,-50.0,187.36249105371417,32.76923116008306,90.00000000000001,109.46940676813638,122.76923116008305,89.99999999999999,124.46940676813638
12.439999999999824,-11.399999999989419,-50.0,180.0,43.99576307034054,90.0,103.20333718862186,133.99576307034053,90.0,103.20333718862186
12.439999999999824,-11.399999999989419,50.0,180.0,43.99576307034054,90.0,103.20333718862186,46.00423692965946,90.0,256.79666281137816
12.439999999999824,13.946647288317651,50.0,187.36249105371417,32.76923116008306,90.00000000000001,109.46940676813638,57.23076883991694,90.00000000000001,250.53059323186363
12.459999999999823,14.528747416925324,-50.0,184.9737977433186,33.5997357126303,90.00000000000001,107.47214231327216,123.59973571263029,89.99999999999999,122.47214231327216
12.459999999999823,-12.599999999989393,-50.0,180.0,44.34166942726904,90.0,103.26754726109013,134.34166942726904,90.0,103.26754726109013
12.459999999999823,-12.599999999989393,50.0,180.0,44.34166942726904,90.0,103.26754726109013,45.65833057273096,90.0,256.73245273890984
12.459999999999823,14.528747416925324,50.0,184.9737977433186,33.5997357126303,90.00000000000001,107.47214231327216,56.4002642873697,90.00000000000001,252.52785768672783
12.479999999999823,14.881720519715072,-50.0,182.5066646713082,34.51199066492559,90.0,105.44382662391916,124.51199066492559,90.0,120.44382662391916
12.479999999999823,-13.799999999989367,-50.0,180.0,44.68377718379124,90.0,103.33819794685486,134.68377718379125,90.0,103.33819794685486
12.479999999999823,-13.799999999989367,50.0,180.0,44.68377718379124,90.0,103.33819794685486,45.31622281620876,90.0,256.66180205314515
12.479999999999823,14.881720519715072,50.0,182.5066646713082,34.51199066492559,90.0,105.44382662391916,55.48800933507441,90.0,254.55617337608084
12.499999999999822,15.0,-50.0,180.0000000000223,35.49476767144993,90.0,103.41529499074491,125.49476767144992,90.0,118.41529499074491
12.499999999999822,-14.999999999989342,-50.0,180.0,45.0220510529083,90.0,103.41529499072627,135.0220510529083,90.0,103.41529499072627
12.499999999999822,-14.999999999989342,50.0,180.0,45.0220510529083,90.0,103.41529499072627,44.9779489470917,90.0,256.58470500927376
12.499999999999822,15.0,50.0,180.0000000000223,35.49476767144993,90.0,103.41529499074491,54.50523232855007,90.0,256.5847050092551
12.519999999999822,13.800000000010684,-50.0,180.0,35.91557665900064,90.0,103.33819794685616,125.91557665900064,90.0,118.33819794685616
12.519999999999822,-14.881720519719272,-50.0,182.50666467126388,43.83523961874009,90.0,105.44382662388304,133.8352396187401,90.0,105.44382662388304
12.519999999999822,-14.881720519719272,50.0,182.50666467126388,43.83523961874009,90.0,105.44382662388304,46.16476038125991,90.0,254.55617337611696
12.519999999999822,13.800000000010684,50.0,180.0,35.91557665900064,90.0,103.33819794685616,54.08442334099936,90.0,256.66180205314384
12.539999999999822,12.60000000001071,-50.0,180.0,36.33332354584959,90.0,103.26754726109131,126.3333235458496,90.0,118.26754726109131
12.539999999999822,-14.528747416933651,-50.0,184.97379774327538,42.581876733928475,90.0,107.4721423132363,132.58187673392848,90.0,107.4721423132363
12.539999999999822,-14.528747416933651,50.0,184.97379774327538,42.581876733928475,90.0,107.4721423132363,47.418123266071525,90.0,252.5278576867637
12.539999999999822,12.60000000001071,50.0,180.0,36.33332354584959,90.0,103.26754726109131,53.66667645415041,90.0,256.7324527389087
12.559999999999821,11.400000000010735,-50.0,180.0,36.74797787900126,90.0,103.20333718862297,126.74797787900127,90.0,118.20333718862297
12.559999999999821,-13.946647288329979,-50.0,187.36249105367264,41.2833478267856,90.0,109.46940676810138,131.2833478267856,90.0,109.46940676810138
12.559999999999821,-13.946647288329979,50.0,187.36249105367264,41.2833478267856,90.0,109.46940676810138,48.7166521732144,90.0,250.53059323189862
12.559999999999821,11.400000000010735,50.0,180.0,36.74797787900126,90.0,103.20333718862297,53.25202212099874,90.0,256.796662811377
12.57999999999982,10.20000000001076,-50.0,180.0,37.15950877234701,90.0,103.14556255656953,127.15950877234701,90.0,118.14556255656953
12.57999999999982,-13.144600200666098,-50.0,189.63507348201455,39.96210508428837,90.0,111.40348373245492,129.96210508428837,90.0,111.40348373245492
12.57999999999982,-13.144600200666098,50.0,189.63507348201455,39.96210508428837,90.0,111.40348373245492,50.03789491571163,90.0,248.5965162675451
12.57999999999982,10.20000000001076,50.0,180.0,37.15950877234701,90.0,103.14556255656953,52.84049122765299,90.0,256.85443744343047
12.59999999999982,9.000000000010786,-50.0,180.0,37.56788493161555,90.0,103.09421874965929,127.56788493161555,90.0,118.09421874965929
12.59999999999982,-12.135254915634171,-50.0,191.75570504583118,38.64138768643152,90.00000000000001,113.2412061683006,128.64138768643153,89.99999999999999,113.2412061683006
12.59999999999982,-12.135254915634171,50.0,191.75570504583118,38.64138768643152,90.00000000000001,113.2412061683006,51.35861231356848,90.00000000000001,246.7587938316994
12.59999999999982,9.000000000010786,50.0,180.0,37.56788493161555,90.0,103.09421874965929,52.43211506838445,90.0,256.90578125034074
12.61999999999982,7.800000000010812,-50.0,180.0,37.973074678706915,90.0,103.04930169740756,127.97307467870692,90.0,118.04930169740756
12.61999999999982,-10.934529411332798,-50.0,193.69094211855727,37.34488387340347,90.0,114.94881982567007,127.34488387340346,90.0,114.94881982567007
12.61999999999982,-10.934529411332798,50.0,193.69094211855727,37.34488387340347,90.0,114.94881982567007,52.65511612659653,90.0,245.05118017432994
12.61999999999982,7.800000000010812,50.0,180.0,37.973074678706915,90.0,103.04930169740756,52.026925321293085,90.0,256.95069830259246
12.63999999999982,6.600000000010837,-50.0,180.0,38.375045975403296,90.0,103.01080786276871,128.37504597540328,90.0,118.01080786276871
12.63999999999982,-9.561359846243462,-50.0,195.4102648555013,36.0963060875031,90.00000000000001,116.49264966423851,126.09630608750311,89.99999999999999,116.49264966423851
12.63999999999982,-9.561359846243462,50.0,195.4102648555013,36.0963060875031,90.00000000000001,116.49264966423851,53.9036939124969,90.00000000000001,243.5073503357615
12.63999999999982,6.600000000010837,50.0,180.0,38.375045975403296,90.0,103.01080786276871,51.624954024596704,90.0,256.98919213723127
12.659999999999819,5.400000000010863,-50.0,180.0,38.77376644644254,90.0,102.97873423224549,128.77376644644255,90.0,117.97873423224549
12.659999999999819,-8.037401924699354,-50.0,196.88655851002812,34.918858172939835,90.00000000000001,117.84002214420192,124.91885817293984,89.99999999999999,117.84002214420192
12.659999999999819,-8.037401924699354,50.0,196.88655851002812,34.918858172939835,90.00000000000001,117.84002214420192,55.081141827060165,90.00000000000001,242.15997785579808
12.659999999999819,5.400000000010863,50.0,180.0,38.77376644644254,90.0,102.97873423224549,51.22623355355746,90.0,257.0212657677545
12.679999999999819,4.200000000010888,-50.0,180.0,39.16920340193912,90.0,102.95307830743926,129.16920340193911,90.0,117.95307830743926
12.679999999999819,-6.386689373491565,-50.0,198.09654104931067,33.834590987750445,90.0,118.96044239847134,123.83459098775045,90.0,118.96044239847134
12.679999999999819,-6.386689373491565,50.0,198.09654104931067,33.834590987750445,90.0,118.96044239847134,56.165409012249555,90.0,241.03955760152866
12.679999999999819,4.200000000010888,50.0,180.0,39.16920340193912,90.0,102.95307830743926,50.83079659806088,90.0,257.0469216925608
12.699999999999818,3.000000000010914,-50.0,180.0,39.56132385913564,90.0,102.93383809802856,129.56132385913565,90.0,117.93383809802856
12.699999999999818,-4.635254915640516,-50.0,199.021130325896,32.8636700422751,90.0,119.82697291844589,122.8636700422751,90.0,119.82697291844589
12.699999999999818,-4.635254915640516,50.0,199.021130325896,32.8636700422751,90.0,119.82697291844589,57.1363299577249,90.0,240.1730270815541
12.699999999999818,3.000000000010914,50.0,180.0,39.56132385913564,90.0,102.93383809802856,50.43867614086436,90.0,257.06616190197144
12.719999999999818,1.8000000000109395,-50.0,180.0,39.950094563466294,90.0,102.92101211616492,129.95009456346628,90.0,117.92101211616492
12.719999999999818,-2.8107197188027495,-50.0,199.64574501456948,32.02361220893047,90.0,120.41769652198259,122.02361220893047,90.0,120.41769652198259
12.719999999999818,-2.8107197188027495,50.0,199.64574501456948,32.02361220893047,90.0,120.41769652198259,57.97638779106953,90.0,239.58230347801742
12.719999999999818,1.8000000000109395,50.0,180.0,39.950094563466294,90.0,102.92101211616492,50.049905436533706,90.0,257.0789878838351
12.739999999999817,0.6000000000109651,-50.0,180.0,40.3354820089129,90.0,102.91459937227697,130.3354820089129,90.0,117.91459937227697
12.739999999999817,-0.9418577929568919,-50.0,199.960534568564,31.32857930489968,90.0,120.71708781728555,121.32857930489968,90.0,120.71708781728555
12.739999999999817,-0.9418577929568919,50.0,199.960534568564,31.32857930489968,90.0,120.71708781728555,58.67142069510032,90.0,239.28291218271445
12.739999999999817,0.6000000000109651,50.0,180.0,40.3354820089129,90.0,102.91459937227697,49.6645179910871,90.0,257.08540062772306
12.759999999999817,-0.5999999999890093,-50.0,180.0,40.717452457632284,90.0,102.91459937227692,130.71745245763228,90.0,117.91459937227692
12.759999999999817,0.941857792922469,-50.0,199.96053456856689,30.78883202456042,90.0,120.71708781728832,120.78883202456042,90.0,120.71708781728832
12.759999999999817,0.941857792922469,50.0,199.96053456856689,30.78883202456042,90.0,120.71708781728832,59.21116797543958,90.0,239.2829121827117
12.759999999999817,-0.5999999999890093,50.0,180.0,40.717452457632284,90.0,102.91459937227692,49.282547542367716,90.0,257.08540062772306
12.779999999999816,-1.7999999999889837,-50.0,180.0,41.09597195883333,90.0,102.92101211616476,131.09597195883333,90.0,117.92101211616476
12.779999999999816,2.810719718768869,-50.0,199.6457450145781,30.41043744555936,90.0,120.41769652199073,120.41043744555935,90.0,120.41769652199073
12.779999999999816,2.810719718768869,50.0,199.6457450145781,30.41043744555936,90.0,120.41769652199073,59.58956255444064,90.0,239.58230347800927
12.779999999999816,-1.7999999999889837,50.0,180.0,41.09597195883333,90.0,102.92101211616476,48.90402804116667,90.0,257.0789878838352
12.799999999999816,-2.999999999988958,-50.0,180.0,41.47100636688013,90.0,102.93383809802826,131.47100636688015,90.0,117.93383809802826
12.799999999999816,4.635254915607713,-50.0,199.0211303259102,30.195284643885156,90.0,119.82697291845928,120.19528464388516,90.0,119.82697291845928
12.799999999999816,4.635254915607713,50.0,199.0211303259102,30.195284643885156,90.0,119.82697291845928,59.80471535611484,90.0,240.17302708154074
12.799999999999816,-2.999999999988958,50.0,180.0,41.47100636688013,90.0,102.93383809802826,48.52899363311987,90.0,257.0661619019717
12.819999999999816,-4.199999999988933,-50.0,180.0,41.842521358597516,90.0,102.95307830743884,131.8425213585975,90.0,117.95307830743884
12.819999999999816,6.38668937346036,-50.0,198.09654104933026,30.141405471584378,90.00000000000001,118.96044239848956,120.14140547158438,89.99999999999999,118.96044239848956
12.819999999999816,6.38668937346036,50.0,198.09654104933026,30.141405471584378,90.00000000000001,118.96044239848956,59.85859452841562,90.00000000000001,241.03955760151044
12.819999999999816,-4.199999999988933,50.0,180.0,41.842521358597516,90.0,102.95307830743884,48.157478641402484,90.0,257.04692169256117
12.839999999999815,-5.399999999988907,-50.0,180.0,42.21048244975367,90.0,102.97873423224497,132.21048244975367,90.0,117.97873423224497
12.839999999999815,8.037401924670233,-50.0,196.88655851005277,30.243539977414287,90.0,117.84002214422463,120.24353997741429,90.0,117.84002214422463
12.839999999999815,8.037401924670233,50.0,196.88655851005277,30.243539977414287,90.0,117.84002214422463,59.75646002258571,90.0,242.15997785577537
12.839999999999815,-5.399999999988907,50.0,180.0,42.21048244975367,90.0,102.97873423224497,47.78951755024633,90.0,257.02126576775504
12.859999999999815,-6.599999999988881,-50.0,180.0,42.57485501069391,90.0,103.01080786276808,132.5748550106939,90.0,118.01080786276808
12.859999999999815,9.561359846216888,-50.0,195.41026485553064,30.493846999073906,90.0,116.49264966426507,120.49384699907391,90.0,116.49264966426507
12.859999999999815,9.561359846216888,50.0,195.41026485553064,30.493846999073906,90.0,116.49264966426507,59.50615300092609,90.0,243.50735033573494
12.859999999999815,-6.599999999988881,50.0,180.0,42.57485501069391,90.0,103.01080786276808,47.42514498930609,90.0,256.98919213723195
12.879999999999814,-7.799999999988856,-50.0,180.0,42.935604281098854,90.0,103.0493016974068,132.93560428109885,90.0,118.0493016974068
12.879999999999814,10.93452941130919,-50.0,193.69094211859078,30.882649805530438,90.0,114.9488198256999,120.88264980553043,90.0,114.9488198256999
12.879999999999814,10.93452941130919,50.0,193.69094211859078,30.882649805530438,90.0,114.9488198256999,59.117350194469566,90.0,245.0511801743001
12.879999999999814,-7.799999999988856,50.0,180.0,42.935604281098854,90.0,103.0493016974068,47.064395718901146,90.0,256.9506983025932
12.899999999999814,-8.99999999998883,-50.0,180.0,43.29269538383938,90.0,103.09421874965842,133.29269538383937,90.0,118.09421874965842
12.899999999999814,12.135254915613897,-50.0,191.75570504586838,31.399121880299724,90.0,113.24120616833316,121.39912188029973,90.0,113.24120616833316
12.899999999999814,12.135254915613897,50.0,191.75570504586838,31.399121880299724,90.0,113.24120616833316,58.600878119700276,90.0,246.75879383166682
12.899999999999814,-8.99999999998883,50.0,180.0,43.29269538383938,90.0,103.09421874965842,46.70730461616062,90.0,256.9057812503416
12.919999999999813,-10.199999999988805,-50.0,180.0,43.6460933378998,90.0,103.14556255656852,133.6460933378998,90.0,118.14556255656852
12.919999999999813,13.144600200649482,-50.0,189.63507348205485,32.03184827322895,90.0,111.40348373248955,122.03184827322895,90.0,111.40348373248955
12.919999999999813,13.144600200649482,50.0,189.63507348205485,32.03184827322895,90.0,111.40348373248955,57.96815172677105,90.0,248.59651626751045
12.919999999999813,-10.199999999988805,50.0,180.0,43.6460933378998,90.0,103.14556255656852,46.3539066621002,90.0,256.8544374434315
12.939999999999813,-11.399999999988779,-50.0,180.0,43.995763070340345,90.0,103.20333718862184,133.99576307034033,90.0,118.20333718862184
12.939999999999813,13.946647288317282,-50.0,187.36249105371542,32.769231160082626,90.0,109.46940676813746,122.76923116008263,90.0,109.46940676813746
12.939999999999813,13.946647288317282,50.0,187.36249105371542,32.769231160082626,90.0,109.46940676813746,57.230768839917374,90.0,250.53059323186255
12.939999999999813,-11.399999999988779,50.0,180.0,43.995763070340345,90.0,103.20333718862184,46.004236929659655,90.0,256.79666281137816
12.959999999999813,-12.599999999988754,-50.0,180.0,44.341669427268855,90.0,103.26754726109007,134.34166942726887,90.0,118.26754726109007
12.959999999999813,14.528747416925073,-50.0,184.97379774331992,33.59973571262983,90.00000000000001,107.47214231327322,123.59973571262984,89.99999999999999,107.47214231327322
12.959999999999813,14.528747416925073,50.0,184.97379774331992,33.59973571262983,90.00000000000001,107.47214231327322,56.40026428737017,90.00000000000001,252.52785768672678
12.959999999999813,-12.599999999988754,50.0,180.0,44.341669427268855,90.0,103.26754726109007,45.658330572731145,90.0,256.73245273890996
12.979999999999812,-13.799999999988728,-50.0,180.0,44.683777183791065,90.0,103.3381979468548,134.68377718379105,90.0,118.3381979468548
12.979999999999812,14.881720519714948,-50.0,182.50666467130952,34.51199066492508,90.00000000000001,105.44382662392024,124.51199066492508,89.99999999999999,105.44382662392024
12.979999999999812,14.881720519714948,50.0,182.50666467130952,34.51199066492508,90.00000000000001,105.44382662392024,55.48800933507492,90.00000000000001,254.55617337607976
12.979999999999812,-13.799999999988728,50.0,180.0,44.683777183791065,90.0,103.3381979468548,45.316222816208935,90.0,256.6618020531452
12.999999999999812,-14.999999999988702,-50.0,180.0,45.02205105290811,90.0,103.41529499072624,135.02205105290813,90.0,118.41529499072624
12.999999999999812,15.0,-50.0,180.00000000002368,35.494767671449374,90.0,103.415294990746,125.49476767144938,90.0,103.415294990746
12.999999999999812,15.0,50.0,180.00000000002368,35.494767671449374,90.0,103.415294990746,54.505232328550626,90.0,256.584705009254
12.999999999999812,-14.999999999988702,50.0,180.0,45.02205105290811,90.0,103.41529499072624,44.97794894709189,90.0,256.58470500927376
13.019999999999811,-14.881720519719396,-50.0,182.50666467126257,43.83523961874074,90.0,105.44382662388196,133.83523961874073,90.0,120.44382662388196
13.019999999999811,13.800000000011323,-50.0,180.0,35.91557665900043,90.0,103.3381979468562,125.91557665900044,90.0,103.3381979468562
13.019999999999811,13.800000000011323,50.0,180.0,35.91557665900043,90.0,103.3381979468562,54.08442334099957,90.0,256.6618020531438
13.019999999999811,-14.881720519719396,50.0,182.50666467126257,43.83523961874074,90.0,105.44382662388196,46.16476038125926,90.0,254.55617337611804
13.03999999999981,-14.5287474169339,-50.0,184.97379774327408,42.58187673392915,90.0,107.47214231323524,132.58187673392916,90.0,122.47214231323524
13.03999999999981,12.600000000011349,-50.0,180.0,36.33332354584936,90.0,103.26754726109137,126.33332354584937,90.0,103.26754726109137
13.03999999999981,12.600000000011349,50.0,180.0,36.33332354584936,90.0,103.26754726109137,53.66667645415064,90.0,256.73245273890865
13.03999999999981,-14.5287474169339,50.0,184.97379774327408,42.58187673392915,90.0,107.47214231323524,47.41812326607085,90.0,252.52785768676478
13.05999999999981,-13.946647288330349,-50.0,187.36249105367142,41.2833478267863,90.00000000000001,109.46940676810033,131.2833478267863,89.99999999999999,124.46940676810033
13.05999999999981,11.400000000011374,-50.0,180.0,36.74797787900105,90.0,103.203337188623,126.74797787900104,90.0,103.203337188623
13.05999999999981,11.400000000011374,50.0,180.0,36.74797787900105,90.0,103.203337188623,53.25202212099895,90.0,256.796662811377
13.05999999999981,-13.946647288330349,50.0,187.36249105367142,41.2833478267863,90.00000000000001,109.46940676810033,48.7166521732137,90.00000000000001,250.53059323189967
13.07999999999981,-13.14460020066658,-50.0,189.63507348201338,39.96210508428904,90.00000000000001,111.40348373245395,129.96210508428905,89.99999999999999,126.40348373245395
13.07999999999981,10.2000000000114,-50.0,180.0,37.15950877234681,90.0,103.14556255656956,127.15950877234681,90.0,103.14556255656956
13.07999999999981,10.2000000000114,50.0,180.0,37.15950877234681,90.0,103.14556255656956,52.84049122765319,90.0,256.85443744343047
13.07999999999981,-13.14460020066658,50.0,189.63507348201338,39.96210508428904,90.00000000000001,111.40348373245395,50.03789491571096,90.00000000000001,248.59651626754606
13.09999999999981,-12.13525491563476,-50.0,191.7557050458301,38.64138768643223,90.0,113.24120616829966,128.64138768643224,90.0,128.24120616829964
13.09999999999981,9.000000000011426,-50.0,180.0,37.56788493161532,90.0,103.09421874965933,127.56788493161531,90.0,103.09421874965933
13.09999999999981,9.000000000011426,50.0,180.0,37.56788493161532,90.0,103.09421874965933,52.43211506838468,90.0,256.9057812503407
13.09999999999981,-12.13525491563476,50.0,191.7557050458301,38.64138768643223,90.0,113.24120616829966,51.35861231356777,90.0,246.75879383170036
13.11999999999981,-10.934529411333486,-50.0,193.69094211855628,37.34488387340416,90.0,114.94881982566918,127.34488387340416,90.0,129.94881982566918
13.11999999999981,7.800000000011451,-50.0,180.0,37.9730746787067,90.0,103.04930169740757,127.9730746787067,90.0,103.04930169740757
13.11999999999981,7.800000000011451,50.0,180.0,37.9730746787067,90.0,103.04930169740757,52.0269253212933,90.0,256.9506983025924
13.11999999999981,-10.934529411333486,50.0,193.69094211855628,37.34488387340416,90.0,114.94881982566918,52.65511612659584,90.0,245.05118017433082
13.139999999999809,-9.561359846244237,-50.0,195.41026485550046,36.09630608750374,90.0,116.49264966423777,126.09630608750373,90.0,131.49264966423777
13.139999999999809,6.600000000011477,-50.0,180.0,38.37504597540309,90.0,103.01080786276874,128.37504597540308,90.0,103.01080786276874
13.139999999999809,6.600000000011477,50.0,180.0,38.37504597540309,90.0,103.01080786276874,51.62495402459691,90.0,256.98919213723127
13.139999999999809,-9.561359846244237,50.0,195.41026485550046,36.09630608750374,90.0,116.49264966423777,53.90369391249626,90.0,243.50735033576223
13.159999999999808,-8.037401924700204,-50.0,196.88655851002738,34.91885817294044,90.00000000000001,117.84002214420127,124.91885817294045,89.99999999999999,132.84002214420127
13.159999999999808,5.400000000011502,-50.0,180.0,38.77376644644233,90.0,102.97873423224551,128.77376644644232,90.0,102.97873423224551
13.159999999999808,5.400000000011502,50.0,180.0,38.77376644644233,90.0,102.97873423224551,51.22623355355767,90.0,257.02126576775447
13.159999999999808,-8.037401924700204,50.0,196.88655851002738,34.91885817294044,90.00000000000001,117.84002214420127,55.08114182705956,90.00000000000001,242.15997785579873
13.179999999999808,-6.386689373492475,-50.0,198.0965410493101,33.834590987751,90.0,118.9604423984708,123.834590987751,90.0,133.9604423984708
13.179999999999808,4.200000000011528,-50.0,180.0,39.169203401938915,90.0,102.95307830743926,129.16920340193892,90.0,102.95307830743926
13.179999999999808,4.200000000011528,50.0,180.0,39.169203401938915,90.0,102.95307830743926,50.830796598061085,90.0,257.0469216925608
13.179999999999808,-6.386689373492475,50.0,198.0965410493101,33.834590987751,90.0,118.9604423984708,56.165409012249,90.0,241.0395576015292
13.199999999999807,-4.635254915641473,-50.0,199.0211303258956,32.86367004227558,90.0,119.82697291844553,122.86367004227557,90.0,134.82697291844553
13.199999999999807,3.0000000000115534,-50.0,180.0,39.56132385913542,90.0,102.93383809802859,129.56132385913543,90.0,102.93383809802859
13.199999999999807,3.0000000000115534,50.0,180.0,39.56132385913542,90.0,102.93383809802859,50.43867614086458,90.0,257.06616190197144
13.199999999999807,-4.635254915641473,50.0,199.0211303258956,32.86367004227558,90.0,119.82697291844553,57.13632995772442,90.0,240.17302708155447
13.219999999999807,-2.8107197188037376,-50.0,199.64574501456923,32.0236122089309,90.0,120.41769652198235,122.0236122089309,90.0,135.41769652198235
13.219999999999807,1.800000000011579,-50.0,180.0,39.95009456346609,90.0,102.92101211616495,129.95009456346608,90.0,102.92101211616495
13.219999999999807,1.800000000011579,50.0,180.0,39.95009456346609,90.0,102.92101211616495,50.04990543653391,90.0,257.07898788383505
13.219999999999807,-2.8107197188037376,50.0,199.64574501456923,32.0236122089309,90.0,120.41769652198235,57.9763877910691,90.0,239.58230347801765
13.239999999999807,-0.9418577929578956,-50.0,199.9605345685639,31.328579304899996,90.0,120.71708781728546,121.32857930489999,90.0,135.71708781728546
13.239999999999807,0.6000000000116046,-50.0,180.0,40.33548200891269,90.0,102.91459937227697,130.3354820089127,90.0,102.91459937227697
13.239999999999807,0.6000000000116046,50.0,180.0,40.33548200891269,90.0,102.91459937227697,49.66451799108731,90.0,257.08540062772306
13.239999999999807,-0.9418577929578956,50.0,199.9605345685639,31.328579304899996,90.0,120.71708781728546,58.671420695100004,90.0,239.28291218271454
13.259999999999806,0.9418577929214683,-50.0,199.96053456856697,30.788832024560662,90.00000000000001,120.71708781728839,120.78883202456066,89.99999999999999,135.7170878172884
13.259999999999806,-0.5999999999883698,-50.0,180.0,40.71745245763208,90.0,102.91459937227692,130.71745245763208,90.0,102.91459937227692
13.259999999999806,-0.5999999999883698,50.0,180.0,40.71745245763208,90.0,102.91459937227692,49.28254754236792,90.0,257.08540062772306
13.259999999999806,0.9418577929214683,50.0,199.96053456856697,30.788832024560662,90.00000000000001,120.71708781728839,59.21116797543934,90.00000000000001,239.2829121827116
13.279999999999806,2.8107197187678845,-50.0,199.64574501457835,30.410437445559506,90.0,120.41769652199099,120.41043744555951,90.0,135.417696521991
13.279999999999806,-1.7999999999883443,-50.0,180.0,41.09597195883313,90.0,102.92101211616473,131.09597195883313,90.0,102.92101211616473
13.279999999999806,-1.7999999999883443,50.0,180.0,41.09597195883313,90.0,102.92101211616473,48.90402804116687,90.0,257.0789878838353
13.279999999999806,2.8107197187678845,50.0,199.64574501457835,30.410437445559506,90.0,120.41769652199099,59.58956255444049,90.0,239.582303478009
13.299999999999805,4.63525491560676,-50.0,199.02113032591063,30.19528464388523,90.00000000000001,119.82697291845966,120.19528464388523,89.99999999999999,134.82697291845966
13.299999999999805,-2.9999999999883187,-50.0,180.0,41.47100636687993,90.0,102.93383809802826,131.47100636687992,90.0,102.93383809802826
13.299999999999805,-2.9999999999883187,50.0,180.0,41.47100636687993,90.0,102.93383809802826,48.52899363312007,90.0,257.0661619019717
13.299999999999805,4.63525491560676,50.0,199.02113032591063,30.19528464388523,90.00000000000001,119.82697291845966,59.80471535611477,90.00000000000001,240.17302708154034
13.319999999999805,6.38668937345945,-50.0,198.09654104933082,30.141405471584356,90.0,118.96044239849012,120.14140547158436,90.0,133.9604423984901
13.319999999999805,-4.199999999988293,-50.0,180.0,41.84252135859732,90.0,102.95307830743882,131.8425213585973,90.0,102.95307830743882
13.319999999999805,-4.199999999988293,50.0,180.0,41.84252135859732,90.0,102.95307830743882,48.15747864140268,90.0,257.04692169256117
13.319999999999805,6.38668937345945,50.0,198.09654104933082,30.141405471584356,90.0,118.96044239849012,59.858594528415644,90.0,241.0395576015099
13.339999999999804,8.03740192466939,-50.0,196.88655851005348,30.243539977414187,90.0,117.84002214422529,120.24353997741419,90.0,132.8400221442253
13.339999999999804,-5.3999999999882675,-50.0,180.0,42.210482449753464,90.0,102.97873423224495,132.21048244975347,90.0,102.97873423224495
13.339999999999804,-5.3999999999882675,50.0,180.0,42.210482449753464,90.0,102.97873423224495,47.789517550246536,90.0,257.02126576775504
13.339999999999804,8.03740192466939,50.0,196.88655851005348,30.243539977414187,90.0,117.84002214422529,59.75646002258581,90.0,242.1599778557747
13.359999999999804,9.561359846216112,-50.0,195.4102648555315,30.493846999073728,90.0,116.49264966426587,120.49384699907372,90.0,131.49264966426585
13.359999999999804,-6.599999999988242,-50.0,180.0,42.57485501069371,90.0,103.01080786276805,132.5748550106937,90.0,103.01080786276805
13.359999999999804,-6.599999999988242,50.0,180.0,42.57485501069371,90.0,103.01080786276805,47.42514498930629,90.0,256.98919213723195
13.359999999999804,9.561359846216112,50.0,195.4102648555315,30.493846999073728,90.0,116.49264966426587,59.506153000926275,90.0,243.50735033573415
13.379999999999804,10.934529411308501,-50.0,193.69094211859175,30.88264980553019,90.0,114.94881982570078,120.88264980553019,90.0,129.94881982570078
13.379999999999804,-7.799999999988216,-50.0,180.0,42.93560428109867,90.0,103.04930169740678,132.93560428109868,90.0,103.04930169740678
13.379999999999804,-7.799999999988216,50.0,180.0,42.93560428109867,90.0,103.04930169740678,47.06439571890133,90.0,256.9506983025932
13.379999999999804,10.934529411308501,50.0,193.69094211859175,30.88264980553019,90.0,114.94881982570078,59.11735019446981,90.0,245.05118017429922
13.399999999999803,12.135254915613306,-50.0,191.7557050458695,31.39912188029942,90.0,113.24120616833412,121.39912188029942,90.0,128.24120616833412
13.399999999999803,-8.99999999998819,-50.0,180.0,43.29269538383919,90.0,103.09421874965841,133.2926953838392,90.0,103.09421874965841
13.399999999999803,-8.99999999998819,50.0,180.0,43.29269538383919,90.0,103.09421874965841,46.70730461616081,90.0,256.9057812503416
13.399999999999803,12.135254915613306,50.0,191.7557050458695,31.39912188029942,90.0,113.24120616833412,58.60087811970058,90.0,246.75879383166588
13.419999999999803,13.144600200648998,-50.0,189.63507348205601,32.031848273228576,90.0,111.40348373249057,122.03184827322858,90.0,126.40348373249057
13.419999999999803,-10.199999999988165,-50.0,180.0,43.646093337899636,90.0,103.14556255656848,133.64609333789963,90.0,103.14556255656848
13.419999999999803,-10.199999999988165,50.0,180.0,43.646093337899636,90.0,103.14556255656848,46.353906662100364,90.0,256.8544374434315
13.419999999999803,13.144600200648998,50.0,189.63507348205601,32.031848273228576,90.0,111.40348373249057,57.968151726771424,90.0,248.59651626750943
13.439999999999802,13.94664728831691,-50.0,187.36249105371667,32.769231160082214,90.00000000000001,109.46940676813848,122.76923116008221,89.99999999999999,124.46940676813848
13.439999999999802,-11.39999999998814,-50.0,180.0,43.99576307034017,90.0,103.2033371886218,133.99576307034016,90.0,103.2033371886218
13.439999999999802,-11.39999999998814,50.0,180.0,43.99576307034017,90.0,103.2033371886218,46.00423692965983,90.0,256.7966628113782
13.439999999999802,13.94664728831691,50.0,187.36249105371667,32.769231160082214,90.00000000000001,109.46940676813848,57.230768839917786,90.00000000000001,250.53059323186153
13.459999999999802,14.528747416924823,-50.0,184.9737977433212,33.59973571262938,90.0,107.47214231327429,123.59973571262938,90.0,122.47214231327429
13.459999999999802,-12.599999999988114,-50.0,180.0,44.34166942726867,90.0,103.26754726109004,134.34166942726867,90.0,103.26754726109004
13.459999999999802,-12.599999999988114,50.0,180.0,44.34166942726867,90.0,103.26754726109004,45.65833057273133,90.0,256.73245273890996
13.459999999999802,14.528747416924823,50.0,184.9737977433212,33.59973571262938,90.0,107.47214231327429,56.40026428737062,90.0,252.52785768672572
13.479999999999801,14.881720519714824,-50.0,182.50666467131083,34.51199066492458,90.0,105.44382662392131,124.51199066492458,90.0,120.44382662392131
13.479999999999801,-13.799999999988088,-50.0,180.0,44.68377718379089,90.0,103.33819794685479,134.68377718379088,90.0,103.33819794685479
13.479999999999801,-13.799999999988088,50.0,180.0,44.68377718379089,90.0,103.33819794685479,45.31622281620911,90.0,256.6618020531452
13.479999999999801,14.881720519714824,50.0,182.50666467131083,34.51199066492458,90.0,105.44382662392131,55.48800933507542,90.0,254.55617337607868
13.499999999999801,15.0,-50.0,180.000000000025,35.494767671448834,90.0,103.41529499074707,125.49476767144884,90.0,118.41529499074707
13.499999999999801,-14.999999999988063,-50.0,180.0,45.02205105290795,90.0,103.4152949907262,135.02205105290795,90.0,103.4152949907262
13.499999999999801,-14.999999999988063,50.0,180.0,45.02205105290795,90.0,103.4152949907262,44.97794894709205,90.0,256.5847050092738
13.499999999999801,15.0,50.0,180.000000000025,35.494767671448834,90.0,103.41529499074707,54.505232328551166,90.0,256.58470500925296
13.5199999999998,13.800000000011963,-50.0,180.0,35.915576659000195,90.0,103.33819794685625,125.9155766590002,90.0,118.33819794685625
13.5199999999998,-14.881720519719522,-50.0,182.50666467126123,43.8352396187414,90.0,105.44382662388085,133.8352396187414,90.0,105.44382662388085
13.5199999999998,-14.881720519719522,50.0,182.50666467126123,43.8352396187414,90.0,105.44382662388085,46.1647603812586,90.0,254.55617337611915
13.5199999999998,13.800000000011963,50.0,180.0,35.915576659000195,90.0,103.33819794685625,54.084423340999805,90.0,256.66180205314373
13.5399999999998,12.600000000011988,-50.0,180.0,36.33332354584915,90.0,103.26754726109138,126.33332354584914,90.0,118.26754726109138
13.5399999999998,-14.52874741693415,-50.0,184.97379774327277,42.58187673392985,90.0,107.47214231323414,132.58187673392985,90.0,107.47214231323414
13.5399999999998,-14.52874741693415,50.0,184.97379774327277,42.58187673392985,90.0,107.47214231323414,47.41812326607015,90.0,252.52785768676586
13.5399999999998,12.600000000011988,50.0,180.0,36.33332354584915,90.0,103.26754726109138,53.66667645415085,90.0,256.7324527389086
13.5599999999998,11.400000000012014,-50.0,180.0,36.74797787900082,90.0,103.20333718862304,126.74797787900081,90.0,118.20333718862304
13.5599999999998,-13.946647288330718,-50.0,187.36249105367017,41.28334782678699,90.0,109.46940676809928,131.283347826787,90.0,109.46940676809928
13.5599999999998,-13.946647288330718,50.0,187.36249105367017,41.28334782678699,90.0,109.46940676809928,48.71665217321301,90.0,250.53059323190072
13.5599999999998,11.400000000012014,50.0,180.0,36.74797787900082,90.0,103.20333718862304,53.25202212099918,90.0,256.79666281137696
13.5799999999998,10.20000000001204,-50.0,180.0,37.15950877234659,90.0,103.14556255656957,127.15950877234658,90.0,118.14556255656957
13.5799999999998,-13.144600200667064,-50.0,189.63507348201222,39.96210508428973,90.0,111.40348373245298,129.96210508428973,90.0,111.40348373245298
13.5799999999998,-13.144600200667064,50.0,189.63507348201222,39.96210508428973,90.0,111.40348373245298,50.03789491571027,90.0,248.59651626754703
13.5799999999998,10.20000000001204,50.0,180.0,37.15950877234659,90.0,103.14556255656957,52.84049122765341,90.0,256.8544374434304
13.599999999999799,9.000000000012065,-50.0,180.0,37.567884931615104,90.0,103.09421874965936,127.56788493161511,90.0,118.09421874965936
13.599999999999799,-12.13525491563535,-50.0,191.75570504582902,38.641387686432914,90.0,113.24120616829872,128.64138768643292,90.0,113.24120616829872
13.599999999999799,-12.13525491563535,50.0,191.75570504582902,38.641387686432914,90.0,113.24120616829872,51.358612313567086,90.0,246.75879383170127
13.599999999999799,9.000000000012065,50.0,180.0,37.567884931615104,90.0,103.09421874965936,52.432115068384896,90.0,256.9057812503406
13.619999999999798,7.800000000012091,-50.0,180.0,37.97307467870649,90.0,103.0493016974076,127.9730746787065,90.0,118.0493016974076
13.619999999999798,-10.934529411334175,-50.0,193.6909421185553,37.34488387340483,90.0,114.94881982566834,127.34488387340483,90.0,114.94881982566834
13.619999999999798,-10.934529411334175,50.0,193.6909421185553,37.34488387340483,90.0,114.94881982566834,52.65511612659517,90.0,245.05118017433165
13.619999999999798,7.800000000012091,50.0,180.0,37.97307467870649,90.0,103.0493016974076,52.02692532129351,90.0,256.9506983025924
13.639999999999798,6.600000000012116,-50.0,180.0,38.37504597540286,90.0,103.01080786276877,128.37504597540286,90.0,118.01080786276877
13.639999999999798,-9.561359846245011,-50.0,195.4102648554996,36.096306087504395,90.0,116.49264966423698,126.09630608750439,90.0,116.49264966423698
13.639999999999798,-9.561359846245011,50.0,195.4102648554996,36.096306087504395,90.0,116.49264966423698,53.903693912495605,90.0,243.50735033576302
13.639999999999798,6.600000000012116,50.0,180.0,38.37504597540286,90.0,103.01080786276877,51.62495402459714,90.0,256.9891921372312
13.659999999999798,5.400000000012142,-50.0,180.0,38.773766446442124,90.0,102.97873423224551,128.77376644644212,90.0,117.97873423224551
13.659999999999798,-8.037401924701054,-50.0,196.88655851002667,34.91885817294105,90.0,117.8400221442006,124.91885817294104,90.0,117.8400221442006
13.659999999999798,-8.037401924701054,50.0,196.88655851002667,34.91885817294105,90.0,117.8400221442006,55.08114182705895,90.0,242.1599778557994
13.659999999999798,5.400000000012142,50.0,180.0,38.773766446442124,90.0,102.97873423224551,51.226233553557876,90.0,257.02126576775447
13.679999999999797,4.200000000012167,-50.0,180.0,39.16920340193871,90.0,102.95307830743927,129.16920340193872,90.0,117.95307830743927
13.679999999999797,-6.386689373493385,-50.0,198.09654104930954,33.83459098775156,90.0,118.96044239847025,123.83459098775157,90.0,118.96044239847025
13.679999999999797,-6.386689373493385,50.0,198.09654104930954,33.83459098775156,90.0,118.96044239847025,56.16540901224844,90.0,241.03955760152974
13.679999999999797,4.200000000012167,50.0,180.0,39.16920340193871,90.0,102.95307830743927,50.83079659806129,90.0,257.0469216925607
13.699999999999797,3.000000000012193,-50.0,180.0,39.56132385913522,90.0,102.93383809802859,129.56132385913523,90.0,117.93383809802859
13.699999999999797,-4.6352549156424265,-50.0,199.02113032589517,32.86367004227609,90.0,119.82697291844508,122.86367004227608,90.0,119.82697291844508
13.699999999999797,-4.6352549156424265,50.0,199.02113032589517,32.86367004227609,90.0,119.82697291844508,57.13632995772391,90.0,240.17302708155492
13.699999999999797,3.000000000012193,50.0,180.0,39.56132385913522,90.0,102.93383809802859,50.43867614086478,90.0,257.06616190197144
13.719999999999796,1.8000000000122185,-50.0,180.0,39.95009456346588,90.0,102.92101211616495,129.95009456346588,90.0,117.92101211616495
13.719999999999796,-2.810719718804722,-50.0,199.64574501456897,32.023612208931304,90.0,120.4176965219821,122.0236122089313,90.0,120.4176965219821
13.719999999999796,-2.810719718804722,50.0,199.64574501456897,32.023612208931304,90.0,120.4176965219821,57.976387791068696,90.0,239.5823034780179
13.719999999999796,1.8000000000122185,50.0,180.0,39.95009456346588,90.0,102.92101211616495,50.04990543653412,90.0,257.07898788383505
13.739999999999796,0.6000000000122441,-50.0,180.0,40.335482008912486,90.0,102.91459937227697,130.3354820089125,90.0,117.91459937227697
13.739999999999796,-0.941857792958896,-50.0,199.96053456856382,31.328579304900316,90.0,120.71708781728542,121.32857930490032,90.0,120.71708781728542
13.739999999999796,-0.941857792958896,50.0,199.96053456856382,31.328579304900316,90.0,120.71708781728542,58.671420695099684,90.0,239.2829121827146
13.739999999999796,0.6000000000122441,50.0,180.0,40.335482008912486,90.0,102.91459937227697,49.664517991087514,90.0,257.08540062772306
13.759999999999796,-0.5999999999877303,-50.0,180.0,40.71745245763188,90.0,102.91459937227692,130.71745245763188,90.0,117.91459937227692
13.759999999999796,0.9418577929204646,-50.0,199.96053456856706,30.788832024560897,90.0,120.71708781728849,120.78883202456089,90.0,120.71708781728849
13.759999999999796,0.9418577929204646,50.0,199.96053456856706,30.788832024560897,90.0,120.71708781728849,59.2111679754391,90.0,239.28291218271153
13.759999999999796,-0.5999999999877303,50.0,180.0,40.71745245763188,90.0,102.91459937227692,49.28254754236812,90.0,257.08540062772306
13.779999999999795,-1.7999999999877048,-50.0,180.0,41.09597195883293,90.0,102.92101211616473,131.09597195883293,90.0,117.92101211616473
13.779999999999795,2.810719718766897,-50.0,199.6457450145786,30.41043744555967,90.00000000000001,120.41769652199122,120.41043744555967,89.99999999999999,120.41769652199122
13.779999999999795,2.810719718766897,50.0,199.6457450145786,30.41043744555967,90.00000000000001,120.41769652199122,59.589562554440334,90.00000000000001,239.58230347800878
13.779999999999795,-1.7999999999877048,50.0,180.0,41.09597195883293,90.0,102.92101211616473,48.90402804116707,90.0,257.0789878838353
13.799999999999795,-2.999999999987679,-50.0,180.0,41.47100636687972,90.0,102.93383809802826,131.47100636687972,90.0,117.93383809802826
13.799999999999795,4.635254915605803,-50.0,199.02113032591103,30.195284643885316,90.0,119.82697291846003,120.19528464388532,90.0,119.82697291846003
13.799999999999795,4.635254915605803,50.0,199.02113032591103,30.195284643885316,90.0,119.82697291846003,59.804715356114684,90.0,240.17302708153997
13.799999999999795,-2.999999999987679,50.0,180.0,41.47100636687972,90.0,102.93383809802826,48.52899363312028,90.0,257.0661619019717
13.819999999999794,-4.199999999987654,-50.0,180.0,41.84252135859712,90.0,102.95307830743882,131.8425213585971,90.0,117.95307830743882
13.819999999999794,6.38668937345854,-50.0,198.0965410493314,30.14140547158434,90.0,118.96044239849066,120.14140547158433,90.0,118.96044239849066
13.819999999999794,6.38668937345854,50.0,198.0965410493314,30.14140547158434,90.0,118.96044239849066,59.858594528415665,90.0,241.03955760150933
13.819999999999794,-4.199999999987654,50.0,180.0,41.84252135859712,90.0,102.95307830743882,48.15747864140288,90.0,257.04692169256117
13.839999999999794,-5.399999999987628,-50.0,180.0,42.210482449753265,90.0,102.97873423224495,132.21048244975327,90.0,117.97873423224495
13.839999999999794,8.037401924668542,-50.0,196.8865585100542,30.243539977414102,90.0,117.84002214422593,120.2435399774141,90.0,117.84002214422593
13.839999999999794,8.037401924668542,50.0,196.8865585100542,30.243539977414102,90.0,117.84002214422593,59.7564600225859,90.0,242.15997785577406
13.839999999999794,-5.399999999987628,50.0,180.0,42.210482449753265,90.0,102.97873423224495,47.789517550246735,90.0,257.02126576775504
13.859999999999793,-6.5999999999876025,-50.0,180.0,42.574855010693504,90.0,103.01080786276805,132.5748550106935,90.0,118.01080786276805
13.859999999999793,9.561359846215339,-50.0,195.41026485553235,30.493846999073558,90.0,116.49264966426665,120.49384699907355,90.0,116.49264966426665
13.859999999999793,9.561359846215339,50.0,195.41026485553235,30.493846999073558,90.0,116.49264966426665,59.506153000926446,90.0,243.50735033573335
13.859999999999793,-6.5999999999876025,50.0,180.0,42.574855010693504,90.0,103.01080786276805,47.425144989306496,90.0,256.98919213723195
13.879999999999793,-7.799999999987577,-50.0,180.0,42.93560428109848,90.0,103.04930169740675,132.93560428109848,90.0,118.04930169740675
13.879999999999793,10.934529411307814,-50.0,193.69094211859274,30.88264980552994,90.0,114.94881982570165,120.88264980552994,90.0,114.94881982570165
13.879999999999793,10.934529411307814,50.0,193.69094211859274,30.88264980552994,90.0,114.94881982570165,59.11735019447006,90.0,245.05118017429834
13.879999999999793,-7.799999999987577,50.0,180.0,42.93560428109848,90.0,103.04930169740675,47.06439571890152,90.0,256.95069830259325
13.899999999999793,-8.999999999987551,-50.0,180.0,43.29269538383901,90.0,103.09421874965835,133.292695383839,90.0,118.09421874965835
13.899999999999793,12.135254915612714,-50.0,191.75570504587057,31.399121880299113,90.0,113.24120616833507,121.3991218802991,90.0,113.24120616833507
13.899999999999793,12.135254915612714,50.0,191.75570504587057,31.399121880299113,90.0,113.24120616833507,58.60087811970089,90.0,246.75879383166495
13.899999999999793,-8.999999999987551,50.0,180.0,43.29269538383901,90.0,103.09421874965835,46.70730461616099,90.0,256.90578125034165
13.919999999999792,-10.199999999987526,-50.0,180.0,43.64609333789944,90.0,103.14556255656845,133.64609333789943,90.0,118.14556255656845
13.919999999999792,13.144600200648513,-50.0,189.6350734820572,32.03184827322819,90.0,111.40348373249161,122.03184827322819,90.0,111.40348373249161
13.919999999999792,13.144600200648513,50.0,189.6350734820572,32.03184827322819,90.0,111.40348373249161,57.96815172677181,90.0,248.59651626750838
13.919999999999792,-10.199999999987526,50.0,180.0,43.64609333789944,90.0,103.14556255656845,46.35390666210056,90.0,256.85443744343155
13.939999999999792,-11.3999999999875,-50.0,180.0,43.995763070339976,90.0,103.20333718862177,133.99576307034,90.0,118.20333718862177
13.939999999999792,13.946647288316543,-50.0,187.3624910537179,32.7692311600818,90.0,109.46940676813954,122.7692311600818,90.0,109.46940676813954
13.939999999999792,13.946647288316543,50.0,187.3624910537179,32.7692311600818,90.0,109.46940676813954,57.2307688399182,90.0,250.53059323186045
13.939999999999792,-11.3999999999875,50.0,180.0,43.995763070339976,90.0,103.20333718862177,46.004236929660024,90.0,256.7966628113782
13.959999999999791,-12.599999999987475,-50.0,180.0,44.34166942726849,90.0,103.26754726109002,134.3416694272685,90.0,118.26754726109002
13.959999999999791,14.528747416924574,-50.0,184.9737977433225,33.59973571262891,90.0,107.47214231327537,123.59973571262891,90.0,107.47214231327537
13.959999999999791,14.528747416924574,50.0,184.9737977433225,33.59973571262891,90.0,107.47214231327537,56.40026428737109,90.0,252.52785768672464
13.959999999999791,-12.599999999987475,50.0,180.0,44.34166942726849,90.0,103.26754726109002,45.65833057273151,90.0,256.73245273890996
13.97999999999979,-13.799999999987449,-50.0,180.0,44.68377718379071,90.0,103.33819794685475,134.6837771837907,90.0,118.33819794685475
13.97999999999979,14.881720519714698,-50.0,182.50666467131217,34.51199066492409,90.0,105.44382662392239,124.5119906649241,90.0,105.44382662392239
13.97999999999979,14.881720519714698,50.0,182.50666467131217,34.51199066492409,90.0,105.44382662392239,55.48800933507591,90.0,254.5561733760776
13.97999999999979,-13.799999999987449,50.0,180.0,44.68377718379071,90.0,103.33819794685475,45.31622281620929,90.0,256.66180205314527
13.99999999999979,-14.999999999987423,-50.0,180.0,45.022051052907756,90.0,103.41529499072615,135.02205105290776,90.0,118.41529499072615
13.99999999999979,15.0,-50.0,180.00000000002635,35.49476767144831,90.0,103.41529499074814,125.4947676714483,90.0,103.41529499074814
13.99999999999979,15.0,50.0,180.00000000002635,35.49476767144831,90.0,103.41529499074814,54.50523232855169,90.0,256.5847050092519
13.99999999999979,-14.999999999987423,50.0,180.0,45.022051052907756,90.0,103.41529499072615,44.977948947092244,90.0,256.5847050092739
14.01999999999979,-14.881720519719648,-50.0,182.5066646712599,43.835239618742044,90.0,105.44382662387979,133.83523961874204,90.0,120.44382662387979
14.01999999999979,13.800000000012602,-50.0,180.0,35.915576658999974,90.0,103.33819794685627,125.91557665899998,90.0,103.33819794685627
14.01999999999979,13.800000000012602,50.0,180.0,35.915576658999974,90.0,103.33819794685627,54.084423341000026,90.0,256.66180205314373
14.01999999999979,-14.881720519719648,50.0,182.5066646712599,43.835239618742044,90.0,105.44382662387979,46.164760381257956,90.0,254.55617337612023
14.03999999999979,-14.5287474169344,-50.0,184.9737977432715,42.58187673393051,90.00000000000001,107.47214231323309,132.5818767339305,89.99999999999999,122.47214231323309
14.03999999999979,12.600000000012628,-50.0,180.0,36.33332354584892,90.0,103.26754726109142,126.33332354584891,90.0,103.26754726109142
14.03999999999979,12.600000000012628,50.0,180.0,36.33332354584892,90.0,103.26754726109142,53.66667645415108,90.0,256.7324527389086
14.03999999999979,-14.5287474169344,50.0,184.9737977432715,42.58187673393051,90.00000000000001,107.47214231323309,47.41812326606949,90.00000000000001,252.5278576867669
14.059999999999789,-13.946647288331087,-50.0,187.36249105366892,41.283347826787704,90.00000000000001,109.46940676809822,131.2833478267877,89.99999999999999,124.46940676809822
14.059999999999789,11.400000000012653,-50.0,180.0,36.74797787900061,90.0,103.20333718862305,126.74797787900062,90.0,103.20333718862305
14.059999999999789,11.400000000012653,50.0,180.0,36.74797787900061,90.0,103.20333718862305,53.25202212099939,90.0,256.79666281137696
14.059999999999789,-13.946647288331087,50.0,187.36249105366892,41.283347826787704,90.00000000000001,109.46940676809822,48.716652173212296,90.00000000000001,250.53059323190178
14.079999999999789,-13.144600200667549,-50.0,189.63507348201102,39.962105084290464,90.0,111.40348373245193,129.96210508429047,90.0,126.40348373245193
14.079999999999789,10.200000000012679,-50.0,180.0,37.15950877234637,90.0,103.1455625565696,127.15950877234637,90.0,103.1455625565696
14.079999999999789,10.200000000012679,50.0,180.0,37.15950877234637,90.0,103.1455625565696,52.84049122765363,90.0,256.8544374434304
14.079999999999789,-13.144600200667549,50.0,189.63507348201102,39.962105084290464,90.0,111.40348373245193,50.037894915709536,90.0,248.59651626754805
14.099999999999788,-12.13525491563594,-50.0,191.75570504582794,38.64138768643362,90.0,113.24120616829777,128.64138768643363,90.0,128.24120616829777
14.099999999999788,9.000000000012705,-50.0,180.0,37.56788493161489,90.0,103.09421874965939,127.56788493161488,90.0,103.09421874965939
14.099999999999788,9.000000000012705,50.0,180.0,37.56788493161489,90.0,103.09421874965939,52.43211506838511,90.0,256.9057812503406
14.099999999999788,-12.13525491563594,50.0,191.75570504582794,38.64138768643362,90.0,113.24120616829777,51.35861231356638,90.0,246.75879383170223
14.119999999999788,-10.934529411334863,-50.0,193.69094211855435,37.344883873405514,90.0,114.94881982566746,127.34488387340551,90.0,129.94881982566744
14.119999999999788,7.80000000001273,-50.0,180.0,37.97307467870627,90.0,103.04930169740761,127.97307467870627,90.0,103.04930169740761
14.119999999999788,7.80000000001273,50.0,180.0,37.97307467870627,90.0,103.04930169740761,52.02692532129373,90.0,256.9506983025924
14.119999999999788,-10.934529411334863,50.0,193.69094211855435,37.344883873405514,90.0,114.94881982566746,52.655116126594486,90.0,245.05118017433256
14.139999999999787,-9.561359846245786,-50.0,195.41026485549875,36.096306087505056,90.0,116.4926496642362,126.09630608750506,90.0,131.49264966423618
14.139999999999787,6.600000000012756,-50.0,180.0,38.37504597540266,90.0,103.01080786276879,128.37504597540266,90.0,103.01080786276879
14.139999999999787,6.600000000012756,50.0,180.0,38.37504597540266,90.0,103.01080786276879,51.62495402459734,90.0,256.9891921372312
14.139999999999787,-9.561359846245786,50.0,195.41026485549875,36.096306087505056,90.0,116.4926496642362,53.903693912494944,90.0,243.50735033576382
14.159999999999787,-8.0374019247019,-50.0,196.88655851002596,34.91885817294165,90.0,117.84002214419995,124.91885817294164,90.0,132.84002214419996
14.159999999999787,5.400000000012781,-50.0,180.0,38.773766446441904,90.0,102.97873423224554,128.7737664464419,90.0,102.97873423224554
14.159999999999787,5.400000000012781,50.0,180.0,38.773766446441904,90.0,102.97873423224554,51.226233553558096,90.0,257.02126576775447
14.159999999999787,-8.0374019247019,50.0,196.88655851002596,34.91885817294165,90.0,117.84002214419995,55.08114182705835,90.0,242.15997785580004
14.179999999999787,-6.386689373494292,-50.0,198.09654104930897,33.834590987752094,90.0,118.96044239846974,123.8345909877521,90.0,133.96044239846975
14.179999999999787,4.200000000012807,-50.0,180.0,39.1692034019385,90.0,102.95307830743927,129.1692034019385,90.0,102.95307830743927
14.179999999999787,4.200000000012807,50.0,180.0,39.1692034019385,90.0,102.95307830743927,50.8307965980615,90.0,257.0469216925607
14.179999999999787,-6.386689373494292,50.0,198.09654104930897,33.834590987752094,90.0,118.96044239846974,56.165409012247906,90.0,241.03955760153025
14.199999999999786,-4.635254915643383,-50.0,199.02113032589477,32.86367004227656,90.0,119.82697291844472,122.86367004227657,90.0,134.8269729184447
14.199999999999786,3.0000000000128324,-50.0,180.0,39.561323859135015,90.0,102.93383809802859,129.56132385913503,90.0,102.93383809802859
14.199999999999786,3.0000000000128324,50.0,180.0,39.561323859135015,90.0,102.93383809802859,50.438676140864985,90.0,257.06616190197144
14.199999999999786,-4.635254915643383,50.0,199.02113032589477,32.86367004227656,90.0,119.82697291844472,57.13632995772344,90.0,240.1730270815553
14.219999999999786,-2.8107197188057103,-50.0,199.64574501456872,32.02361220893171,90.0,120.41769652198187,122.02361220893171,90.0,135.41769652198187
14.219999999999786,1.800000000012858,-50.0,180.0,39.950094563465676,90.0,102.92101211616495,129.95009456346568,90.0,102.92101211616495
14.219999999999786,1.800000000012858,50.0,180.0,39.950094563465676,90.0,102.92101211616495,50.049905436534324,90.0,257.07898788383505
14.219999999999786,-2.8107197188057103,50.0,199.64574501456872,32.02361220893171,90.0,120.41769652198187,57.97638779106829,90.0,239.58230347801813
14.239999999999785,-0.9418577929599001,-50.0,199.96053456856373,31.328579304900664,90.00000000000001,120.71708781728529,121.32857930490067,89.99999999999999,135.7170878172853
14.239999999999785,0.6000000000128836,-50.0,180.0,40.33548200891229,90.0,102.91459937227697,130.3354820089123,90.0,102.91459937227697
14.239999999999785,0.6000000000128836,50.0,180.0,40.33548200891229,90.0,102.91459937227697,49.66451799108771,90.0,257.08540062772306
14.239999999999785,-0.9418577929599001,50.0,199.96053456856373,31.328579304900664,90.00000000000001,120.71708781728529,58.671420695099336,90.00000000000001,239.2829121827147
14.259999999999785,0.9418577929194606,-50.0,199.96053456856714,30.788832024561152,90.00000000000001,120.71708781728857,120.78883202456115,89.99999999999999,135.7170878172886
14.259999999999785,-0.5999999999870909,-50.0,180.0,40.71745245763167,90.0,102.91459937227692,130.71745245763168,90.0,102.91459937227692
14.259999999999785,-0.5999999999870909,50.0,180.0,40.71745245763167,90.0,102.91459937227692,49.28254754236833,90.0,257.08540062772306
14.259999999999785,0.9418577929194606,50.0,199.96053456856714,30.788832024561152,90.00000000000001,120.71708781728857,59.21116797543885,90.00000000000001,239.2829121827114
14.279999999999784,2.810719718765912,-50.0,199.64574501457884,30.410437445559836,90.0,120.41769652199146,120.41043744555984,90.0,135.41769652199145
14.279999999999784,-1.7999999999870653,-50.0,180.0,41.09597195883273,90.0,102.92101211616473,131.09597195883273,90.0,102.92101211616473
14.279999999999784,-1.7999999999870653,50.0,180.0,41.09597195883273,90.0,102.92101211616473,48.90402804116727,90.0,257.0789878838353
14.279999999999784,2.810719718765912,50.0,199.64574501457884,30.410437445559836,90.0,120.41769652199146,59.589562554440164,90.0,239.58230347800855
14.299999999999784,4.6352549156048495,-50.0,199.02113032591146,30.195284643885383,90.0,119.82697291846041,120.19528464388539,90.0,134.8269729184604
14.299999999999784,-2.9999999999870397,-50.0,180.0,41.471006366879536,90.0,102.93383809802825,131.47100636687952,90.0,102.93383809802825
14.299999999999784,-2.9999999999870397,50.0,180.0,41.471006366879536,90.0,102.93383809802825,48.528993633120464,90.0,257.0661619019718
14.299999999999784,4.6352549156048495,50.0,199.02113032591146,30.195284643885383,90.0,119.82697291846041,59.80471535611461,90.0,240.1730270815396
14.319999999999784,6.38668937345763,-50.0,198.09654104933196,30.14140547158433,90.0,118.96044239849115,120.14140547158433,90.0,133.96044239849115
14.319999999999784,-4.199999999987014,-50.0,180.0,41.842521358596926,90.0,102.95307830743879,131.8425213585969,90.0,102.95307830743879
14.319999999999784,-4.199999999987014,50.0,180.0,41.842521358596926,90.0,102.95307830743879,48.157478641403074,90.0,257.0469216925612
14.319999999999784,6.38668937345763,50.0,198.09654104933196,30.14140547158433,90.0,118.96044239849115,59.858594528415665,90.0,241.03955760150885
14.339999999999783,8.037401924667693,-50.0,196.8865585100549,30.243539977414027,90.0,117.84002214422657,120.24353997741403,90.0,132.84002214422657
14.339999999999783,-5.3999999999869885,-50.0,180.0,42.21048244975308,90.0,102.97873423224493,132.21048244975307,90.0,102.97873423224493
14.339999999999783,-5.3999999999869885,50.0,180.0,42.21048244975308,90.0,102.97873423224493,47.78951755024692,90.0,257.02126576775504
14.339999999999783,8.037401924667693,50.0,196.8865585100549,30.243539977414027,90.0,117.84002214422657,59.75646002258597,90.0,242.15997785577343
14.359999999999783,9.561359846214566,-50.0,195.4102648555332,30.493846999073384,90.0,116.49264966426739,120.49384699907338,90.0,131.4926496642674
14.359999999999783,-6.599999999986963,-50.0,180.0,42.57485501069333,90.0,103.01080786276802,132.57485501069334,90.0,103.01080786276802
14.359999999999783,-6.599999999986963,50.0,180.0,42.57485501069333,90.0,103.01080786276802,47.42514498930667,90.0,256.98919213723195
14.359999999999783,9.561359846214566,50.0,195.4102648555332,30.493846999073384,90.0,116.49264966426739,59.506153000926616,90.0,243.5073503357326
14.379999999999782,10.934529411307125,-50.0,193.6909421185937,30.882649805529706,90.0,114.94881982570251,120.88264980552971,90.0,129.94881982570251
14.379999999999782,-7.799999999986937,-50.0,180.0,42.935604281098286,90.0,103.04930169740673,132.93560428109828,90.0,103.04930169740673
14.379999999999782,-7.799999999986937,50.0,180.0,42.935604281098286,90.0,103.04930169740673,47.064395718901714,90.0,256.95069830259325
14.379999999999782,10.934529411307125,50.0,193.6909421185937,30.882649805529706,90.0,114.94881982570251,59.11735019447029,90.0,245.05118017429749
14.399999999999782,12.135254915612128,-50.0,191.75570504587165,31.3991218802988,90.00000000000001,113.24120616833599,121.3991218802988,89.99999999999999,128.241206168336
14.399999999999782,-8.999999999986912,-50.0,180.0,43.292695383838826,90.0,103.09421874965832,133.29269538383883,90.0,103.09421874965832
14.399999999999782,-8.999999999986912,50.0,180.0,43.292695383838826,90.0,103.09421874965832,46.707304616161174,90.0,256.90578125034165
14.399999999999782,12.135254915612128,50.0,191.75570504587165,31.3991218802988,90.00000000000001,113.24120616833599,58.6008781197012,90.00000000000001,246.758793831664
14.419999999999781,13.144600200648028,-50.0,189.63507348205837,32.03184827322784,90.0,111.40348373249259,122.03184827322784,90.0,126.40348373249259
14.419999999999781,-10.199999999986886,-50.0,180.0,43.64609333789925,90.0,103.14556255656842,133.64609333789926,90.0,103.14556255656842
14.419999999999781,-10.199999999986886,50.0,180.0,43.64609333789925,90.0,103.14556255656842,46.35390666210075,90.0,256.8544374434316
14.419999999999781,13.144600200648028,50.0,189.63507348205837,32.03184827322784,90.0,111.40348373249259,57.96815172677216,90.0,248.5965162675074
14.439999999999781,13.946647288316173,-50.0,187.36249105371914,32.769231160081375,90.0,109.46940676814062,122.76923116008138,90.0,124.46940676814062
14.439999999999781,-11.39999999998686,-50.0,180.0,43.995763070339784,90.0,103.20333718862176,133.9957630703398,90.0,103.20333718862176
14.439999999999781,-11.39999999998686,50.0,180.0,43.995763070339784,90.0,103.20333718862176,46.004236929660216,90.0,256.79666281137827
14.439999999999781,13.946647288316173,50.0,187.36249105371914,32.769231160081375,90.0,109.46940676814062,57.230768839918625,90.0,250.53059323185937
14.45999999999978,14.528747416924324,-50.0,184.97379774332381,33.59973571262843,90.0,107.47214231327648,123.59973571262843,90.0,122.47214231327648
14.45999999999978,-12.599999999986835,-50.0,180.0,44.34166942726831,90.0,103.26754726108996,134.3416694272683,90.0,103.26754726108996
14.45999999999978,-12.599999999986835,50.0,180.0,44.34166942726831,90.0,103.26754726108996,45.65833057273169,90.0,256.73245273891007
14.45999999999978,14.528747416924324,50.0,184.97379774332381,33.59973571262843,90.0,107.47214231327648,56.40026428737157,90.0,252.5278576867235
14.47999999999978,14.88172051971457,-50.0,182.5066646713135,34.51199066492357,90.00000000000001,105.44382662392348,124.51199066492357,89.99999999999999,120.44382662392348
14.47999999999978,-13.79999999998681,-50.0,180.0,44.68377718379053,90.0,103.33819794685469,134.68377718379054,90.0,103.33819794685469
14.47999999999978,-13.79999999998681,50.0,180.0,44.68377718379053,90.0,103.33819794685469,45.31622281620947,90.0,256.6618020531453
14.47999999999978,14.88172051971457,50.0,182.5066646713135,34.51199066492357,90.00000000000001,105.44382662392348,55.48800933507643,90.00000000000001,254.55617337607652
14.49999999999978,15.0,-50.0,180.00000000002768,35.49476767144776,90.00000000000001,103.41529499074922,125.49476767144776,89.99999999999999,118.41529499074922
14.49999999999978,-14.999999999986784,-50.0,180.0,45.02205105290758,90.0,103.4152949907261,135.02205105290759,90.0,103.4152949907261
14.49999999999978,-14.999999999986784,50.0,180.0,45.02205105290758,90.0,103.4152949907261,44.97794894709242,90.0,256.5847050092739
14.49999999999978,15.0,50.0,180.00000000002768,35.49476767144776,90.00000000000001,103.41529499074922,54.50523232855224,90.00000000000001,256.5847050092508
14.51999999999978,13.800000000013242,-50.0,180.0,35.915576658999754,90.0,103.33819794685631,125.91557665899975,90.0,118.33819794685631
14.51999999999978,-14.881720519719774,-50.0,182.50666467125856,43.83523961874271,90.0,105.44382662387866,133.83523961874272,90.0,105.44382662387866
14.51999999999978,-14.881720519719774,50.0,182.50666467125856,43.83523961874271,90.0,105.44382662387866,46.16476038125729,90.0,254.55617337612134
14.51999999999978,13.800000000013242,50.0,180.0,35.915576658999754,90.0,103.33819794685631,54.084423341000246,90.0,256.6618020531437
14.539999999999779,12.600000000013267,-50.0,180.0,36.33332354584871,90.0,103.26754726109145,126.33332354584871,90.0,118.26754726109145
14.539999999999779,-14.52874741693465,-50.0,184.97379774327018,42.58187673393121,90.00000000000001,107.47214231323201,132.5818767339312,89.99999999999999,107.47214231323201
14.539999999999779,-14.52874741693465,50.0,184.97379774327018,42.58187673393121,90.00000000000001,107.47214231323201,47.41812326606879,90.00000000000001,252.527857686768
14.539999999999779,12.600000000013267,50.0,180.0,36.33332354584871,90.0,103.26754726109145,53.66667645415129,90.0,256.73245273890853
14.559999999999778,11.400000000013293,-50.0,180.0,36.74797787900039,90.0,103.20333718862308,126.74797787900039,90.0,118.20333718862308
14.559999999999778,-13.946647288331457,-50.0,187.36249105366767,41.28334782678841,90.0,109.46940676809716,131.2833478267884,90.0,109.46940676809716
14.559999999999778,-13.946647288331457,50.0,187.36249105366767,41.28334782678841,90.0,109.46940676809716,48.71665217321159,90.0,250.53059323190286
14.559999999999778,11.400000000013293,50.0,180.0,36.74797787900039,90.0,103.20333718862308,53.25202212099961,90.0,256.7966628113769
14.579999999999778,10.200000000013318,-50.0,180.0,37.15950877234616,90.0,103.14556255656962,127.15950877234616,90.0,118.14556255656962
14.579999999999778,-13.144600200668032,-50.0,189.63507348200986,39.96210508429116,90.0,111.40348373245091,129.96210508429115,90.0,111.40348373245091
14.579999999999778,-13.144600200668032,50.0,189.63507348200986,39.96210508429116,90.0,111.40348373245091,50.03789491570884,90.0,248.59651626754908
14.579999999999778,10.200000000013318,50.0,180.0,37.15950877234616,90.0,103.14556255656962,52.84049122765384,90.0,256.85443744343036
14.599999999999778,9.000000000013344,-50.0,180.0,37.56788493161468,90.0,103.0942187496594,127.56788493161469,90.0,118.0942187496594
14.599999999999778,-12.135254915636532,-50.0,191.75570504582686,38.64138768643433,90.0,113.24120616829681,128.6413876864343,90.0,113.24120616829681
14.599999999999778,-12.135254915636532,50.0,191.75570504582686,38.64138768643433,90.0,113.24120616829681,51.35861231356567,90.0,246.7587938317032
14.599999999999778,9.000000000013344,50.0,180.0,37.56788493161468,90.0,103.0942187496594,52.43211506838532,90.0,256.9057812503406
14.619999999999777,7.80000000001337,-50.0,180.0,37.97307467870605,90.0,103.04930169740764,127.97307467870604,90.0,118.04930169740764
14.619999999999777,-10.934529411335548,-50.0,193.69094211855335,37.344883873406204,90.0,114.94881982566656,127.3448838734062,90.0,114.94881982566656
14.619999999999777,-10.934529411335548,50.0,193.69094211855335,37.344883873406204,90.0,114.94881982566656,52.655116126593796,90.0,245.05118017433344
14.619999999999777,7.80000000001337,50.0,180.0,37.97307467870605,90.0,103.04930169740764,52.02692532129395,90.0,256.95069830259234
14.639999999999777,6.600000000013395,-50.0,180.0,38.37504597540243,90.0,103.0108078627688,128.37504597540243,90.0,118.0108078627688
14.639999999999777,-9.561359846246559,-50.0,195.4102648554979,36.096306087505695,90.0,116.49264966423543,126.0963060875057,90.0,116.49264966423543
14.639999999999777,-9.561359846246559,50.0,195.4102648554979,36.096306087505695,90.0,116.49264966423543,53.903693912494305,90.0,243.50735033576456
14.639999999999777,6.600000000013395,50.0,180.0,38.37504597540243,90.0,103.0108078627688,51.62495402459757,90.0,256.9891921372312
14.659999999999776,5.400000000013421,-50.0,180.0,38.773766446441684,90.0,102.97873423224557,128.7737664464417,90.0,117.97873423224557
14.659999999999776,-8.037401924702749,-50.0,196.88655851002522,34.91885817294227,90.0,117.84002214419925,124.91885817294227,90.0,117.84002214419925
14.659999999999776,-8.037401924702749,50.0,196.88655851002522,34.91885817294227,90.0,117.84002214419925,55.08114182705773,90.0,242.15997785580075
14.659999999999776,5.400000000013421,50.0,180.0,38.773766446441684,90.0,102.97873423224557,51.226233553558316,90.0,257.0212657677544
14.679999999999776,4.200000000013446,-50.0,180.0,39.16920340193829,90.0,102.9530783074393,129.1692034019383,90.0,117.9530783074393
14.679999999999776,-6.386689373495202,-50.0,198.0965410493084,33.83459098775266,90.0,118.96044239846917,123.83459098775266,90.0,118.96044239846917
14.679999999999776,-6.386689373495202,50.0,198.0965410493084,33.83459098775266,90.0,118.96044239846917,56.16540901224734,90.0,241.03955760153082
14.679999999999776,4.200000000013446,50.0,180.0,39.16920340193829,90.0,102.9530783074393,50.83079659806171,90.0,257.0469216925607
14.699999999999775,3.000000000013472,-50.0,180.0,39.5613238591348,90.0,102.9338380980286,129.5613238591348,90.0,117.9338380980286
14.699999999999775,-4.635254915644339,-50.0,199.02113032589435,32.86367004227705,90.00000000000001,119.82697291844431,122.86367004227705,89.99999999999999,119.82697291844431
14.699999999999775,-4.635254915644339,50.0,199.02113032589435,32.86367004227705,90.00000000000001,119.82697291844431,57.13632995772295,90.00000000000001,240.1730270815557
14.699999999999775,3.000000000013472,50.0,180.0,39.5613238591348,90.0,102.9338380980286,50.4386761408652,90.0,257.0661619019714
14.719999999999775,1.8000000000134975,-50.0,180.0,39.95009456346548,90.0,102.92101211616495,129.95009456346548,90.0,117.92101211616495
14.719999999999775,-2.8107197188066952,-50.0,199.6457450145685,32.02361220893212,90.0,120.41769652198163,122.02361220893212,90.0,120.41769652198163
14.719999999999775,-2.8107197188066952,50.0,199.6457450145685,32.02361220893212,90.0,120.41769652198163,57.97638779106788,90.0,239.5823034780184
14.719999999999775,1.8000000000134975,50.0,180.0,39.95009456346548,90.0,102.92101211616495,50.04990543653452,90.0,257.07898788383505
14.739999999999775,0.600000000013523,-50.0,180.0,40.33548200891208,90.0,102.91459937227697,130.3354820089121,90.0,117.91459937227697
14.739999999999775,-0.9418577929609006,-50.0,199.96053456856365,31.328579304900984,90.0,120.71708781728523,121.32857930490098,90.0,120.71708781728523
14.739999999999775,-0.9418577929609006,50.0,199.96053456856365,31.328579304900984,90.0,120.71708781728523,58.671420695099016,90.0,239.28291218271477
14.739999999999775,0.600000000013523,50.0,180.0,40.33548200891208,90.0,102.91459937227697,49.66451799108792,90.0,257.08540062772306
14.759999999999774,-0.5999999999864514,-50.0,180.0,40.71745245763149,90.0,102.91459937227691,130.71745245763148,90.0,117.91459937227691
14.759999999999774,0.9418577929184601,-50.0,199.9605345685672,30.7888320245614,90.0,120.71708781728864,120.7888320245614,90.0,120.71708781728864
14.759999999999774,0.9418577929184601,50.0,199.9605345685672,30.7888320245614,90.0,120.71708781728864,59.2111679754386,90.0,239.28291218271136
14.759999999999774,-0.5999999999864514,50.0,180.0,40.71745245763149,90.0,102.91459937227691,49.28254754236851,90.0,257.08540062772306
14.779999999999774,-1.7999999999864258,-50.0,180.0,41.09597195883252,90.0,102.92101211616473,131.09597195883254,90.0,117.92101211616473
14.779999999999774,2.8107197187649238,-50.0,199.6457450145791,30.41043744555999,90.0,120.41769652199169,120.41043744555999,90.0,120.41769652199169
14.779999999999774,2.8107197187649238,50.0,199.6457450145791,30.41043744555999,90.0,120.41769652199169,59.58956255444001,90.0,239.58230347800833
14.779999999999774,-1.7999999999864258,50.0,180.0,41.09597195883252,90.0,102.92101211616473,48.90402804116748,90.0,257.0789878838353
14.799999999999773,-2.9999999999864,-50.0,180.0,41.47100636687934,90.0,102.93383809802825,131.47100636687935,90.0,117.93383809802825
14.799999999999773,4.635254915603893,-50.0,199.02113032591188,30.19528464388543,90.0,119.82697291846087,120.19528464388543,90.0,119.82697291846087
14.799999999999773,4.635254915603893,50.0,199.02113032591188,30.19528464388543,90.0,119.82697291846087,59.80471535611457,90.0,240.17302708153915
14.799999999999773,-2.9999999999864,50.0,180.0,41.47100636687934,90.0,102.93383809802825,48.52899363312066,90.0,257.0661619019718
14.819999999999773,-4.199999999986375,-50.0,180.0,41.84252135859673,90.0,102.95307830743879,131.84252135859674,90.0,117.95307830743879
14.819999999999773,6.386689373456726,-50.0,198.09654104933253,30.14140547158432,90.0,118.9604423984917,120.14140547158432,90.0,118.9604423984917
14.819999999999773,6.386689373456726,50.0,198.09654104933253,30.14140547158432,90.0,118.9604423984917,59.85859452841568,90.0,241.0395576015083
14.819999999999773,-4.199999999986375,50.0,180.0,41.84252135859673,90.0,102.95307830743879,48.15747864140327,90.0,257.0469216925612
14.839999999999772,-5.399999999986349,-50.0,180.0,42.21048244975289,90.0,102.9787342322449,132.21048244975287,90.0,117.9787342322449
14.839999999999772,8.037401924666842,-50.0,196.88655851005564,30.243539977413906,90.0,117.84002214422725,120.2435399774139,90.0,117.84002214422725
14.839999999999772,8.037401924666842,50.0,196.88655851005564,30.243539977413906,90.0,117.84002214422725,59.7564600225861,90.0,242.15997785577275
14.839999999999772,-5.399999999986349,50.0,180.0,42.21048244975289,90.0,102.9787342322449,47.78951755024711,90.0,257.0212657677551
14.859999999999772,-6.5999999999863235,-50.0,180.0,42.57485501069312,90.0,103.01080786276802,132.5748550106931,90.0,118.01080786276802
14.859999999999772,9.561359846213794,-50.0,195.41026485553405,30.49384699907322,90.0,116.49264966426819,120.49384699907321,90.0,116.49264966426819
14.859999999999772,9.561359846213794,50.0,195.41026485553405,30.49384699907322,90.0,116.49264966426819,59.50615300092678,90.0,243.50735033573181
14.859999999999772,-6.5999999999863235,50.0,180.0,42.57485501069312,90.0,103.01080786276802,47.42514498930688,90.0,256.98919213723195
14.879999999999772,-7.799999999986298,-50.0,180.0,42.935604281098094,90.0,103.04930169740672,132.9356042810981,90.0,118.04930169740672
14.879999999999772,10.934529411306437,-50.0,193.6909421185947,30.88264980552945,90.0,114.94881982570341,120.88264980552945,90.0,114.94881982570341
14.879999999999772,10.934529411306437,50.0,193.6909421185947,30.88264980552945,90.0,114.94881982570341,59.117350194470546,90.0,245.05118017429658
14.879999999999772,-7.799999999986298,50.0,180.0,42.935604281098094,90.0,103.04930169740672,47.064395718901906,90.0,256.9506983025933
14.899999999999771,-8.999999999986272,-50.0,180.0,43.292695383838634,90.0,103.09421874965831,133.29269538383863,90.0,118.09421874965831
14.899999999999771,12.135254915611537,-50.0,191.75570504587273,31.399121880298495,90.0,113.24120616833696,121.3991218802985,90.0,113.24120616833696
14.899999999999771,12.135254915611537,50.0,191.75570504587273,31.399121880298495,90.0,113.24120616833696,58.600878119701505,90.0,246.75879383166304
14.899999999999771,-8.999999999986272,50.0,180.0,43.292695383838634,90.0,103.09421874965831,46.707304616161366,90.0,256.9057812503417
14.91999999999977,-10.199999999986247,-50.0,180.0,43.64609333789906,90.0,103.14556255656841,133.64609333789906,90.0,118.14556255656841
14.91999999999977,13.144600200647544,-50.0,189.63507348205957,32.03184827322747,90.0,111.40348373249361,122.03184827322747,90.0,111.40348373249361
14.91999999999977,13.144600200647544,50.0,189.63507348205957,32.03184827322747,90.0,111.40348373249361,57.96815172677253,90.0,248.5965162675064
14.91999999999977,-10.199999999986247,50.0,180.0,43.64609333789906,90.0,103.14556255656841,46.35390666210094,90.0,256.8544374434316
14.93999999999977,-11.399999999986221,-50.0,180.0,43.995763070339606,90.0,103.2033371886217,133.9957630703396,90.0,118.2033371886217
14.93999999999977,13.946647288315804,-50.0,187.3624910537204,32.769231160080956,90.0,109.46940676814162,122.76923116008095,90.0,109.46940676814162
14.93999999999977,13.946647288315804,50.0,187.3624910537204,32.769231160080956,90.0,109.46940676814162,57.230768839919044,90.0,250.53059323185838
14.93999999999977,-11.399999999986221,50.0,180.0,43.995763070339606,90.0,103.2033371886217,46.004236929660394,90.0,256.79666281137827
14.95999999999977,-12.599999999986196,-50.0,180.0,44.341669427268116,90.0,103.26754726108993,134.34166942726813,90.0,118.26754726108993
14.95999999999977,14.528747416924073,-50.0,184.9737977433251,33.599735712627975,90.0,107.47214231327752,123.59973571262798,90.0,107.47214231327752
14.95999999999977,14.528747416924073,50.0,184.9737977433251,33.599735712627975,90.0,107.47214231327752,56.400264287372025,90.0,252.52785768672248
14.95999999999977,-12.599999999986196,50.0,180.0,44.341669427268116,90.0,103.26754726108993,45.658330572731884,90.0,256.73245273891007
14.97999999999977,-13.79999999998617,-50.0,180.0,44.683777183790355,90.0,103.33819794685465,134.68377718379037,90.0,118.33819794685465
14.97999999999977,14.881720519714444,-50.0,182.50666467131484,34.51199066492307,90.0,105.44382662392456,124.51199066492308,90.0,105.44382662392456
14.97999999999977,14.881720519714444,50.0,182.50666467131484,34.51199066492307,90.0,105.44382662392456,55.48800933507693,90.0,254.55617337607544
14.97999999999977,-13.79999999998617,50.0,180.0,44.683777183790355,90.0,103.33819794685465,45.316222816209645,90.0,256.6618020531454
14.999999999999769,-14.999999999986144,-50.0,180.0,45.022051052907415,90.0,103.41529499072607,135.02205105290741,90.0,118.41529499072607
14.999999999999769,15.0,-50.0,180.00000000002902,35.49476767144722,90.0,103.4152949907503,125.49476767144722,90.0,103.4152949907503
14.999999999999769,15.0,50.0,180.00000000002902,35.49476767144722,90.0,103.4152949907503,54.50523232855278,90.0,256.5847050092497
14.999999999999769,-14.999999999986144,50.0,180.0,45.022051052907415,90.0,103.41529499072607,44.977948947092585,90.0,256.58470500927393
15.019999999999769,-14.8817205197199,-50.0,182.50666467125725,43.83523961874334,90.0,105.44382662387764,133.83523961874334,90.0,120.44382662387764
15.019999999999769,13.800000000013881,-50.0,180.0,35.91557665899953,90.0,103.33819794685637,125.91557665899953,90.0,103.33819794685637
15.019999999999769,13.800000000013881,50.0,180.0,35.91557665899953,90.0,103.33819794685637,54.08442334100047,90.0,256.6618020531436
15.019999999999769,-14.8817205197199,50.0,182.50666467125725,43.83523961874334,90.0,105.44382662387764,46.16476038125666,90.0,254.55617337612236
15.039999999999768,-14.5287474169349,-50.0,184.97379774326888,42.5818767339319,90.00000000000001,107.47214231323092,132.5818767339319,89.99999999999999,122.47214231323092
15.039999999999768,12.600000000013907,-50.0,180.0,36.33332354584847,90.0,103.26754726109151,126.33332354584847,90.0,103.26754726109151
15.039999999999768,12.600000000013907,50.0,180.0,36.33332354584847,90.0,103.26754726109151,53.66667645415153,90.0,256.7324527389085
15.039999999999768,-14.5287474169349,50.0,184.97379774326888,42.5818767339319,90.00000000000001,107.47214231323092,47.4181232660681,90.00000000000001,252.5278576867691
15.059999999999768,-13.946647288331826,-50.0,187.36249105366642,41.283347826789104,90.0,109.4694067680961,131.2833478267891,90.0,124.4694067680961
15.059999999999768,11.400000000013932,-50.0,180.0,36.74797787900016,90.0,103.20333718862312,126.74797787900016,90.0,103.20333718862312
15.059999999999768,11.400000000013932,50.0,180.0,36.74797787900016,90.0,103.20333718862312,53.25202212099984,90.0,256.7966628113769
15.059999999999768,-13.946647288331826,50.0,187.36249105366642,41.283347826789104,90.0,109.4694067680961,48.716652173210896,90.0,250.53059323190388
15.079999999999767,-13.144600200668517,-50.0,189.6350734820087,39.96210508429186,90.0,111.40348373244993,129.96210508429186,90.0,126.40348373244993
15.079999999999767,10.200000000013958,-50.0,180.0,37.15950877234593,90.0,103.14556255656966,127.15950877234593,90.0,103.14556255656966
15.079999999999767,10.200000000013958,50.0,180.0,37.15950877234593,90.0,103.14556255656966,52.84049122765407,90.0,256.85443744343036
15.079999999999767,-13.144600200668517,50.0,189.6350734820087,39.96210508429186,90.0,111.40348373244993,50.03789491570814,90.0,248.59651626755007
15.099999999999767,-12.135254915637123,-50.0,191.75570504582578,38.64138768643502,90.00000000000001,113.24120616829588,128.64138768643502,89.99999999999999,128.2412061682959
15.099999999999767,9.000000000013983,-50.0,180.0,37.567884931614465,90.0,103.09421874965943,127.56788493161446,90.0,103.09421874965943
15.099999999999767,9.000000000013983,50.0,180.0,37.567884931614465,90.0,103.09421874965943,52.432115068385535,90.0,256.90578125034057
15.099999999999767,-12.135254915637123,50.0,191.75570504582578,38.64138768643502,90.00000000000001,113.24120616829588,51.35861231356498,90.00000000000001,246.7587938317041
15.119999999999767,-10.934529411336236,-50.0,193.69094211855239,37.34488387340687,90.0,114.94881982566572,127.34488387340687,90.0,129.94881982566574
15.119999999999767,7.800000000014009,-50.0,180.0,37.973074678705835,90.0,103.04930169740767,127.97307467870584,90.0,103.04930169740767
15.119999999999767,7.800000000014009,50.0,180.0,37.973074678705835,90.0,103.04930169740767,52.026925321294165,90.0,256.95069830259234
15.119999999999767,-10.934529411336236,50.0,193.69094211855239,37.34488387340687,90.0,114.94881982566572,52.65511612659313,90.0,245.05118017433426
15.139999999999766,-9.561359846247333,-50.0,195.41026485549705,36.09630608750634,90.0,116.49264966423468,126.09630608750635,90.0,131.49264966423468
15.139999999999766,6.600000000014035,-50.0,180.0,38.37504597540222,90.0,103.01080786276883,128.37504597540223,90.0,103.01080786276883
15.139999999999766,6.600000000014035,50.0,180.0,38.37504597540222,90.0,103.01080786276883,51.62495402459778,90.0,256.98919213723116
15.139999999999766,-9.561359846247333,50.0,195.41026485549705,36.09630608750634,90.0,116.49264966423468,53.90369391249366,90.0,243.50735033576532
15.159999999999766,-8.037401924703596,-50.0,196.8865585100245,34.91885817294288,90.0,117.8400221441986,124.91885817294289,90.0,132.8400221441986
15.159999999999766,5.40000000001406,-50.0,180.0,38.77376644644147,90.0,102.97873423224559,128.77376644644147,90.0,102.97873423224559
15.159999999999766,5.40000000001406,50.0,180.0,38.77376644644147,90.0,102.97873423224559,51.22623355355853,90.0,257.0212657677544
15.159999999999766,-8.037401924703596,50.0,196.8865585100245,34.91885817294288,90.0,117.8400221441986,55.08114182705712,90.0,242.1599778558014
15.179999999999765,-6.38668937349611,-50.0,198.09654104930783,33.83459098775318,90.00000000000001,118.96044239846869,123.83459098775319,89.99999999999999,133.96044239846867
15.179999999999765,4.200000000014086,-50.0,180.0,39.169203401938084,90.0,102.9530783074393,129.1692034019381,90.0,102.9530783074393
15.179999999999765,4.200000000014086,50.0,180.0,39.169203401938084,90.0,102.9530783074393,50.830796598061916,90.0,257.0469216925607
15.179999999999765,-6.38668937349611,50.0,198.09654104930783,33.83459098775318,90.00000000000001,118.96044239846869,56.16540901224682,90.00000000000001,241.03955760153133
15.199999999999765,-4.635254915645293,-50.0,199.02113032589395,32.86367004227752,90.0,119.82697291844396,122.86367004227752,90.0,134.82697291844397
15.199999999999765,3.0000000000141114,-50.0,180.0,39.5613238591346,90.0,102.9338380980286,129.5613238591346,90.0,102.9338380980286
15.199999999999765,3.0000000000141114,50.0,180.0,39.5613238591346,90.0,102.9338380980286,50.4386761408654,90.0,257.0661619019714
15.199999999999765,-4.635254915645293,50.0,199.02113032589395,32.86367004227752,90.0,119.82697291844396,57.13632995772248,90.0,240.17302708155603
15.219999999999764,-2.8107197188076833,-50.0,199.64574501456823,32.02361220893253,90.0,120.41769652198138,122.02361220893253,90.0,135.41769652198138
15.219999999999764,1.800000000014137,-50.0,180.0,39.95009456346525,90.0,102.92101211616497,129.95009456346526,90.0,102.92101211616497
15.219999999999764,1.800000000014137,50.0,180.0,39.95009456346525,90.0,102.92101211616497,50.04990543653475,90.0,257.078987883835
15.219999999999764,-2.8107197188076833,50.0,199.64574501456823,32.02361220893253,90.0,120.41769652198138,57.97638779106747,90.0,239.58230347801862
15.239999999999764,-0.9418577929619045,-50.0,199.96053456856356,31.328579304901314,90.00000000000001,120.71708781728516,121.32857930490131,89.99999999999999,135.71708781728518
15.239999999999764,0.6000000000141625,-50.0,180.0,40.33548200891187,90.0,102.914599372277,130.33548200891187,90.0,102.914599372277
15.239999999999764,0.6000000000141625,50.0,180.0,40.33548200891187,90.0,102.914599372277,49.66451799108813,90.0,257.085400627723
15.239999999999764,-0.9418577929619045,50.0,199.96053456856356,31.328579304901314,90.00000000000001,120.71708781728516,58.67142069509869,90.00000000000001,239.28291218271482
15.259999999999764,0.9418577929174561,-50.0,199.9605345685673,30.788832024561643,90.00000000000001,120.71708781728871,120.78883202456164,89.99999999999999,135.7170878172887
15.259999999999764,-0.5999999999858119,-50.0,180.0,40.71745245763129,90.0,102.91459937227691,130.71745245763128,90.0,102.91459937227691
15.259999999999764,-0.5999999999858119,50.0,180.0,40.71745245763129,90.0,102.91459937227691,49.28254754236871,90.0,257.08540062772306
15.259999999999764,0.9418577929174561,50.0,199.9605345685673,30.788832024561643,90.00000000000001,120.71708781728871,59.21116797543836,90.00000000000001,239.2829121827113
15.279999999999763,2.8107197187639357,-50.0,199.64574501457935,30.41043744556014,90.00000000000001,120.41769652199194,120.41043744556015,89.99999999999999,135.41769652199196
15.279999999999763,-1.7999999999857863,-50.0,180.0,41.09597195883234,90.0,102.92101211616472,131.09597195883234,90.0,102.92101211616472
15.279999999999763,-1.7999999999857863,50.0,180.0,41.09597195883234,90.0,102.92101211616472,48.90402804116766,90.0,257.0789878838353
15.279999999999763,2.8107197187639357,50.0,199.64574501457935,30.41043744556014,90.00000000000001,120.41769652199194,59.58956255443986,90.00000000000001,239.58230347800804
15.299999999999763,4.63525491560294,-50.0,199.02113032591228,30.19528464388552,90.0,119.82697291846124,120.19528464388551,90.0,134.82697291846125
15.299999999999763,-2.9999999999857607,-50.0,180.0,41.47100636687913,90.0,102.93383809802825,131.47100636687912,90.0,102.93383809802825
15.299999999999763,-2.9999999999857607,50.0,180.0,41.47100636687913,90.0,102.93383809802825,48.52899363312087,90.0,257.0661619019718
15.299999999999763,4.63525491560294,50.0,199.02113032591228,30.19528464388552,90.0,119.82697291846124,59.804715356114485,90.0,240.17302708153875
15.319999999999762,6.386689373455815,-50.0,198.0965410493331,30.141405471584314,90.0,118.9604423984922,120.1414054715843,90.0,133.9604423984922
15.319999999999762,-4.199999999985735,-50.0,180.0,41.842521358596535,90.0,102.95307830743879,131.84252135859654,90.0,102.95307830743879
15.319999999999762,-4.199999999985735,50.0,180.0,41.842521358596535,90.0,102.95307830743879,48.157478641403465,90.0,257.0469216925612
15.319999999999762,6.386689373455815,50.0,198.0965410493331,30.141405471584314,90.0,118.9604423984922,59.858594528415686,90.0,241.0395576015078
15.339999999999762,8.037401924665993,-50.0,196.88655851005635,30.24353997741383,90.00000000000001,117.84002214422789,120.24353997741383,89.99999999999999,132.84002214422787
15.339999999999762,-5.39999999998571,-50.0,180.0,42.21048244975268,90.0,102.9787342322449,132.21048244975267,90.0,102.9787342322449
15.339999999999762,-5.39999999998571,50.0,180.0,42.21048244975268,90.0,102.9787342322449,47.78951755024732,90.0,257.0212657677551
15.339999999999762,8.037401924665993,50.0,196.88655851005635,30.24353997741383,90.00000000000001,117.84002214422789,59.75646002258617,90.00000000000001,242.15997785577213
15.359999999999761,9.56135984621302,-50.0,195.4102648555349,30.493846999073046,90.00000000000001,116.49264966426894,120.49384699907304,89.99999999999999,131.49264966426892
15.359999999999761,-6.599999999985684,-50.0,180.0,42.574855010692936,90.0,103.01080786276799,132.57485501069294,90.0,103.01080786276799
15.359999999999761,-6.599999999985684,50.0,180.0,42.574855010692936,90.0,103.01080786276799,47.425144989307064,90.0,256.989192137232
15.359999999999761,9.56135984621302,50.0,195.4102648555349,30.493846999073046,90.00000000000001,116.49264966426894,59.50615300092696,90.00000000000001,243.50735033573108
15.379999999999761,10.934529411305752,-50.0,193.69094211859567,30.88264980552921,90.0,114.94881982570428,120.88264980552921,90.0,129.94881982570428
15.379999999999761,-7.799999999985658,-50.0,180.0,42.93560428109791,90.0,103.04930169740669,132.9356042810979,90.0,103.04930169740669
15.379999999999761,-7.799999999985658,50.0,180.0,42.93560428109791,90.0,103.04930169740669,47.06439571890209,90.0,256.9506983025933
15.379999999999761,10.934529411305752,50.0,193.69094211859567,30.88264980552921,90.0,114.94881982570428,59.11735019447079,90.0,245.05118017429572
15.39999999999976,12.135254915610945,-50.0,191.7557050458738,31.399121880298203,90.0,113.24120616833787,121.3991218802982,90.0,128.24120616833787
15.39999999999976,-8.999999999985633,-50.0,180.0,43.29269538383844,90.0,103.0942187496583,133.29269538383843,90.0,103.0942187496583
15.39999999999976,-8.999999999985633,50.0,180.0,43.29269538383844,90.0,103.0942187496583,46.70730461616156,90.0,256.9057812503417
15.39999999999976,12.135254915610945,50.0,191.7557050458738,31.399121880298203,90.0,113.24120616833787,58.6008781197018,90.0,246.75879383166213
15.41999999999976,13.144600200647062,-50.0,189.63507348206073,32.0318482732271,90.0,111.40348373249464,122.0318482732271,90.0,126.40348373249464
15.41999999999976,-10.199999999985607,-50.0,180.0,43.646093337898876,90.0,103.14556255656836,133.6460933378989,90.0,103.14556255656836
15.41999999999976,-10.199999999985607,50.0,180.0,43.646093337898876,90.0,103.14556255656836,46.353906662101124,90.0,256.8544374434316
15.41999999999976,13.144600200647062,50.0,189.63507348206073,32.0318482732271,90.0,111.40348373249464,57.9681517267729,90.0,248.59651626750536
15.43999999999976,13.946647288315432,-50.0,187.36249105372164,32.76923116008054,90.0,109.46940676814269,122.76923116008054,90.0,124.46940676814269
15.43999999999976,-11.399999999985582,-50.0,180.0,43.995763070339414,90.0,103.20333718862169,133.99576307033942,90.0,103.20333718862169
15.43999999999976,-11.399999999985582,50.0,180.0,43.995763070339414,90.0,103.20333718862169,46.004236929660586,90.0,256.7966628113783
15.43999999999976,13.946647288315432,50.0,187.36249105372164,32.76923116008054,90.0,109.46940676814269,57.23076883991946,90.0,250.53059323185732
15.45999999999976,14.528747416923824,-50.0,184.9737977433264,33.599735712627506,90.0,107.47214231327861,123.5997357126275,90.0,122.47214231327861
15.45999999999976,-12.599999999985556,-50.0,180.0,44.34166942726793,90.0,103.2675472610899,134.34166942726793,90.0,103.2675472610899
15.45999999999976,-12.599999999985556,50.0,180.0,44.34166942726793,90.0,103.2675472610899,45.65833057273207,90.0,256.73245273891007
15.45999999999976,14.528747416923824,50.0,184.9737977433264,33.599735712627506,90.0,107.47214231327861,56.400264287372494,90.0,252.5278576867214
15.479999999999759,14.88172051971432,-50.0,182.50666467131614,34.51199066492255,90.0,105.44382662392567,124.51199066492255,90.0,120.44382662392567
15.479999999999759,-13.79999999998553,-50.0,180.0,44.68377718379016,90.0,103.33819794685462,134.68377718379017,90.0,103.33819794685462
15.479999999999759,-13.79999999998553,50.0,180.0,44.68377718379016,90.0,103.33819794685462,45.31622281620984,90.0,256.6618020531454
15.479999999999759,14.88172051971432,50.0,182.50666467131614,34.51199066492255,90.0,105.44382662392567,55.48800933507745,90.0,254.55617337607433
15.499999999999758,15.0,-50.0,180.00000000003035,35.49476767144668,90.0,103.41529499075136,125.49476767144668,90.0,118.41529499075136
15.499999999999758,-14.999999999985505,-50.0,180.0,45.02205105290722,90.0,103.41529499072601,135.02205105290722,90.0,103.41529499072601
15.499999999999758,-14.999999999985505,50.0,180.0,45.02205105290722,90.0,103.41529499072601,44.97794894709278,90.0,256.584705009274
15.499999999999758,15.0,50.0,180.00000000003035,35.49476767144668,90.0,103.41529499075136,54.50523232855332,90.0,256.58470500924864
15.519999999999758,13.80000000001452,-50.0,180.0,35.915576658999306,90.0,103.33819794685641,125.9155766589993,90.0,118.33819794685641
15.519999999999758,-14.881720519720027,-50.0,182.50666467125592,43.835239618744,90.0,105.44382662387655,133.835239618744,90.0,105.44382662387655
15.519999999999758,-14.881720519720027,50.0,182.50666467125592,43.835239618744,90.0,105.44382662387655,46.164760381256,90.0,254.55617337612347
15.519999999999758,13.80000000001452,50.0,180.0,35.915576658999306,90.0,103.33819794685641,54.084423341000694,90.0,256.66180205314356
15.539999999999758,12.600000000014546,-50.0,180.0,36.333323545848266,90.0,103.26754726109152,126.33332354584826,90.0,118.26754726109152
15.539999999999758,-14.52874741693515,-50.0,184.9737977432676,42.58187673393257,90.0,107.47214231322987,132.58187673393257,90.0,107.47214231322987
15.539999999999758,-14.52874741693515,50.0,184.9737977432676,42.58187673393257,90.0,107.47214231322987,47.41812326606743,90.0,252.52785768677012
15.539999999999758,12.600000000014546,50.0,180.0,36.333323545848266,90.0,103.26754726109152,53.666676454151734,90.0,256.7324527389085
15.559999999999757,11.400000000014572,-50.0,180.0,36.74797787899995,90.0,103.20333718862315,126.74797787899995,90.0,118.20333718862315
15.559999999999757,-13.946647288332198,-50.0,187.3624910536652,41.2833478267898,90.0,109.46940676809507,131.2833478267898,90.0,109.46940676809507
15.559999999999757,-13.946647288332198,50.0,187.3624910536652,41.2833478267898,90.0,109.46940676809507,48.7166521732102,90.0,250.53059323190493
15.559999999999757,11.400000000014572,50.0,180.0,36.74797787899995,90.0,103.20333718862315,53.25202212100005,90.0,256.79666281137685
15.579999999999757,10.200000000014597,-50.0,180.0,37.15950877234572,90.0,103.14556255656969,127.15950877234572,90.0,118.14556255656969
15.579999999999757,-13.144600200669,-50.0,189.63507348200753,39.96210508429258,90.0,111.4034837324489,129.96210508429257,90.0,111.4034837324489
15.579999999999757,-13.144600200669,50.0,189.63507348200753,39.96210508429258,90.0,111.4034837324489,50.03789491570742,90.0,248.5965162675511
15.579999999999757,10.200000000014597,50.0,180.0,37.15950877234572,90.0,103.14556255656969,52.84049122765428,90.0,256.8544374434303
15.599999999999756,9.000000000014623,-50.0,180.0,37.567884931614245,90.0,103.09421874965945,127.56788493161424,90.0,118.09421874965945
15.599999999999756,-12.135254915637713,-50.0,191.7557050458247,38.641387686435706,90.0,113.24120616829494,128.6413876864357,90.0,113.24120616829494
15.599999999999756,-12.135254915637713,50.0,191.7557050458247,38.641387686435706,90.0,113.24120616829494,51.358612313564294,90.0,246.75879383170508
15.599999999999756,9.000000000014623,50.0,180.0,37.567884931614245,90.0,103.09421874965945,52.432115068385755,90.0,256.90578125034057
15.619999999999756,7.8000000000146485,-50.0,180.0,37.97307467870562,90.0,103.04930169740769,127.97307467870561,90.0,118.04930169740769
15.619999999999756,-10.934529411336925,-50.0,193.69094211855142,37.34488387340754,90.0,114.94881982566486,127.34488387340754,90.0,114.94881982566486
15.619999999999756,-10.934529411336925,50.0,193.69094211855142,37.34488387340754,90.0,114.94881982566486,52.65511612659246,90.0,245.05118017433514
15.619999999999756,7.8000000000146485,50.0,180.0,37.97307467870562,90.0,103.04930169740769,52.02692532129438,90.0,256.9506983025923
15.639999999999755,6.600000000014674,-50.0,180.0,38.37504597540202,90.0,103.01080786276883,128.37504597540203,90.0,118.01080786276883
15.639999999999755,-9.561359846248106,-50.0,195.4102648554962,36.096306087506996,90.0,116.49264966423388,126.096306087507,90.0,116.49264966423388
15.639999999999755,-9.561359846248106,50.0,195.4102648554962,36.096306087506996,90.0,116.49264966423388,53.903693912493004,90.0,243.50735033576612
15.639999999999755,6.600000000014674,50.0,180.0,38.37504597540202,90.0,103.01080786276883,51.62495402459798,90.0,256.98919213723116
15.659999999999755,5.4000000000147,-50.0,180.0,38.773766446441265,90.0,102.97873423224559,128.77376644644127,90.0,117.97873423224559
15.659999999999755,-8.037401924704445,-50.0,196.8865585100238,34.91885817294349,90.0,117.84002214419793,124.91885817294349,90.0,117.84002214419793
15.659999999999755,-8.037401924704445,50.0,196.8865585100238,34.91885817294349,90.0,117.84002214419793,55.08114182705651,90.0,242.15997785580208
15.659999999999755,5.4000000000147,50.0,180.0,38.773766446441265,90.0,102.97873423224559,51.226233553558735,90.0,257.0212657677544
15.679999999999755,4.200000000014725,-50.0,180.0,39.16920340193787,90.0,102.95307830743931,129.16920340193786,90.0,117.95307830743931
15.679999999999755,-6.38668937349702,-50.0,198.09654104930726,33.83459098775374,90.00000000000001,118.96044239846813,123.83459098775374,89.99999999999999,118.96044239846813
15.679999999999755,-6.38668937349702,50.0,198.09654104930726,33.83459098775374,90.00000000000001,118.96044239846813,56.16540901224626,90.00000000000001,241.03955760153187
15.679999999999755,4.200000000014725,50.0,180.0,39.16920340193787,90.0,102.95307830743931,50.83079659806213,90.0,257.04692169256066
15.699999999999754,3.000000000014751,-50.0,180.0,39.5613238591344,90.0,102.9338380980286,129.5613238591344,90.0,117.9338380980286
15.699999999999754,-4.635254915646249,-50.0,199.02113032589352,32.86367004227801,90.0,119.82697291844354,122.86367004227802,90.0,119.82697291844354
15.699999999999754,-4.635254915646249,50.0,199.02113032589352,32.86367004227801,90.0,119.82697291844354,57.13632995772199,90.0,240.17302708155646
15.699999999999754,3.000000000014751,50.0,180.0,39.5613238591344,90.0,102.9338380980286,50.4386761408656,90.0,257.0661619019714
15.719999999999754,1.8000000000147764,-50.0,180.0,39.95009456346505,90.0,102.92101211616497,129.95009456346506,90.0,117.92101211616497
15.719999999999754,-2.810719718808671,-50.0,199.64574501456798,32.023612208932946,90.0,120.41769652198114,122.02361220893295,90.0,120.41769652198114
15.719999999999754,-2.810719718808671,50.0,199.64574501456798,32.023612208932946,90.0,120.41769652198114,57.976387791067054,90.0,239.58230347801884
15.719999999999754,1.8000000000147764,50.0,180.0,39.95009456346505,90.0,102.92101211616497,50.04990543653495,90.0,257.078987883835
15.739999999999753,0.600000000014802,-50.0,180.0,40.33548200891167,90.0,102.914599372277,130.33548200891167,90.0,117.914599372277
15.739999999999753,-0.941857792962905,-50.0,199.96053456856347,31.328579304901645,90.0,120.71708781728508,121.32857930490164,90.0,120.71708781728508
15.739999999999753,-0.941857792962905,50.0,199.96053456856347,31.328579304901645,90.0,120.71708781728508,58.671420695098355,90.0,239.28291218271494
15.739999999999753,0.600000000014802,50.0,180.0,40.33548200891167,90.0,102.914599372277,49.66451799108833,90.0,257.085400627723
15.759999999999753,-0.5999999999851724,-50.0,180.0,40.71745245763108,90.0,102.91459937227691,130.71745245763108,90.0,117.91459937227691
15.759999999999753,0.9418577929164557,-50.0,199.96053456856737,30.788832024561895,90.0,120.71708781728877,120.7888320245619,90.0,120.71708781728877
15.759999999999753,0.9418577929164557,50.0,199.96053456856737,30.788832024561895,90.0,120.71708781728877,59.2111679754381,90.0,239.28291218271124
15.759999999999753,-0.5999999999851724,50.0,180.0,40.71745245763108,90.0,102.91459937227691,49.28254754236892,90.0,257.08540062772306
15.779999999999752,-1.7999999999851468,-50.0,180.0,41.09597195883213,90.0,102.92101211616472,131.09597195883214,90.0,117.92101211616472
15.779999999999752,2.810719718762951,-50.0,199.6457450145796,30.410437445560287,90.0,120.41769652199221,120.41043744556029,90.0,120.41769652199221
15.779999999999752,2.810719718762951,50.0,199.6457450145796,30.410437445560287,90.0,120.41769652199221,59.58956255443971,90.0,239.5823034780078
15.779999999999752,-1.7999999999851468,50.0,180.0,41.09597195883213,90.0,102.92101211616472,48.90402804116787,90.0,257.0789878838353
15.799999999999752,-2.9999999999851212,-50.0,180.0,41.47100636687894,90.0,102.93383809802822,131.47100636687895,90.0,117.93383809802822
15.799999999999752,4.635254915601983,-50.0,199.0211303259127,30.195284643885575,90.0,119.82697291846164,120.19528464388557,90.0,119.82697291846164
15.799999999999752,4.635254915601983,50.0,199.0211303259127,30.195284643885575,90.0,119.82697291846164,59.80471535611443,90.0,240.17302708153835
15.799999999999752,-2.9999999999851212,50.0,180.0,41.47100636687894,90.0,102.93383809802822,48.52899363312106,90.0,257.0661619019718
15.819999999999752,-4.199999999985096,-50.0,180.0,41.84252135859633,90.0,102.95307830743879,131.84252135859634,90.0,117.95307830743879
15.819999999999752,6.386689373454905,-50.0,198.0965410493337,30.141405471584264,90.0,118.96044239849282,120.14140547158426,90.0,118.96044239849282
15.819999999999752,6.386689373454905,50.0,198.0965410493337,30.141405471584264,90.0,118.96044239849282,59.858594528415736,90.0,241.03955760150717
15.819999999999752,-4.199999999985096,50.0,180.0,41.84252135859633,90.0,102.95307830743879,48.15747864140367,90.0,257.0469216925612
15.839999999999751,-5.39999999998507,-50.0,180.0,42.21048244975249,90.0,102.97873423224488,132.21048244975248,90.0,117.97873423224488
15.839999999999751,8.037401924665149,-50.0,196.88655851005706,30.24353997741372,90.00000000000001,117.84002214422857,120.24353997741372,89.99999999999999,117.84002214422857
15.839999999999751,8.037401924665149,50.0,196.88655851005706,30.24353997741372,90.00000000000001,117.84002214422857,59.75646002258628,90.00000000000001,242.15997785577144
15.839999999999751,-5.39999999998507,50.0,180.0,42.21048244975249,90.0,102.97873423224488,47.78951755024751,90.0,257.02126576775515
15.85999999999975,-6.5999999999850445,-50.0,180.0,42.574855010692744,90.0,103.01080786276796,132.57485501069274,90.0,118.01080786276796
15.85999999999975,9.561359846212243,-50.0,195.41026485553576,30.493846999072883,90.0,116.49264966426973,120.49384699907289,90.0,116.49264966426973
15.85999999999975,9.561359846212243,50.0,195.41026485553576,30.493846999072883,90.0,116.49264966426973,59.506153000927114,90.0,243.50735033573028
15.85999999999975,-6.5999999999850445,50.0,180.0,42.574855010692744,90.0,103.01080786276796,47.425144989307256,90.0,256.98919213723207
15.87999999999975,-7.799999999985019,-50.0,180.0,42.93560428109771,90.0,103.04930169740666,132.9356042810977,90.0,118.04930169740666
15.87999999999975,10.934529411305064,-50.0,193.69094211859664,30.882649805528974,90.0,114.94881982570513,120.88264980552897,90.0,114.94881982570513
15.87999999999975,10.934529411305064,50.0,193.69094211859664,30.882649805528974,90.0,114.94881982570513,59.11735019447103,90.0,245.05118017429487
15.87999999999975,-7.799999999985019,50.0,180.0,42.93560428109771,90.0,103.04930169740666,47.06439571890229,90.0,256.9506983025933
15.89999999999975,-8.999999999984993,-50.0,180.0,43.29269538383825,90.0,103.09421874965827,133.29269538383824,90.0,118.09421874965827
15.89999999999975,12.135254915610355,-50.0,191.7557050458749,31.399121880297887,90.0,113.24120616833883,121.39912188029788,90.0,113.24120616833883
15.89999999999975,12.135254915610355,50.0,191.7557050458749,31.399121880297887,90.0,113.24120616833883,58.60087811970212,90.0,246.75879383166117
15.89999999999975,-8.999999999984993,50.0,180.0,43.29269538383825,90.0,103.09421874965827,46.70730461616175,90.0,256.90578125034176
15.91999999999975,-10.199999999984968,-50.0,180.0,43.646093337898684,90.0,103.14556255656835,133.6460933378987,90.0,118.14556255656835
15.91999999999975,13.144600200646577,-50.0,189.6350734820619,32.03184827322674,90.0,111.4034837324956,122.03184827322674,90.0,111.4034837324956
15.91999999999975,13.144600200646577,50.0,189.6350734820619,32.03184827322674,90.0,111.4034837324956,57.96815172677326,90.0,248.5965162675044
15.91999999999975,-10.199999999984968,50.0,180.0,43.646093337898684,90.0,103.14556255656835,46.353906662101316,90.0,256.85443744343166
15.939999999999749,-11.399999999984942,-50.0,180.0,43.99576307033924,90.0,103.20333718862165,133.99576307033925,90.0,118.20333718862165
15.939999999999749,13.946647288315063,-50.0,187.3624910537229,32.769231160080125,90.0,109.46940676814374,122.76923116008012,90.0,109.46940676814374
15.939999999999749,13.946647288315063,50.0,187.3624910537229,32.769231160080125,90.0,109.46940676814374,57.230768839919875,90.0,250.53059323185624
15.939999999999749,-11.399999999984942,50.0,180.0,43.99576307033924,90.0,103.20333718862165,46.00423692966076,90.0,256.7966628113784
15.959999999999749,-12.599999999984917,-50.0,180.0,44.34166942726775,90.0,103.26754726108987,134.34166942726776,90.0,118.26754726108987
15.959999999999749,14.528747416923574,-50.0,184.9737977433277,33.59973571262703,90.0,107.47214231327969,123.59973571262702,90.0,107.47214231327969
15.959999999999749,14.528747416923574,50.0,184.9737977433277,33.59973571262703,90.0,107.47214231327969,56.40026428737297,90.0,252.52785768672032
15.959999999999749,-12.599999999984917,50.0,180.0,44.34166942726775,90.0,103.26754726108987,45.65833057273225,90.0,256.7324527389101
15.979999999999748,-13.799999999984891,-50.0,180.0,44.68377718378998,90.0,103.33819794685458,134.68377718378997,90.0,118.33819794685458
15.979999999999748,14.881720519714193,-50.0,182.50666467131748,34.51199066492206,90.00000000000001,105.44382662392674,124.51199066492205,89.99999999999999,105.44382662392674
15.979999999999748,14.881720519714193,50.0,182.50666467131748,34.51199066492206,90.00000000000001,105.44382662392674,55.48800933507794,90.00000000000001,254.55617337607327
15.979999999999748,-13.799999999984891,50.0,180.0,44.68377718378998,90.0,103.33819794685458,45.31622281621002,90.0,256.66180205314544
15.999999999999748,-14.999999999984865,-50.0,180.0,45.02205105290705,90.0,103.41529499072597,135.02205105290705,90.0,118.41529499072597
15.999999999999748,15.0,-50.0,180.0000000000317,35.494767671446134,90.0,103.41529499075244,125.49476767144614,90.0,103.41529499075244
15.999999999999748,15.0,50.0,180.0000000000317,35.494767671446134,90.0,103.41529499075244,54.505232328553866,90.0,256.58470500924756
15.999999999999748,-14.999999999984865,50.0,180.0,45.02205105290705,90.0,103.41529499072597,44.97794894709295,90.0,256.58470500927405
16.019999999999747,-14.881720519720153,-50.0,182.50666467125458,43.83523961874465,90.0,105.44382662387547,133.83523961874465,90.0,120.44382662387547
16.019999999999747,13.80000000001516,-50.0,180.0,35.91557665899909,90.0,103.33819794685643,125.9155766589991,90.0,103.33819794685643
16.019999999999747,13.80000000001516,50.0,180.0,35.91557665899909,90.0,103.33819794685643,54.08442334100091,90.0,256.66180205314356
16.019999999999747,-14.881720519720153,50.0,182.50666467125458,43.83523961874465,90.0,105.44382662387547,46.16476038125535,90.0,254.55617337612455
16.039999999999747,-14.5287474169354,-50.0,184.9737977432663,42.58187673393324,90.0,107.47214231322877,132.58187673393326,90.0,122.47214231322877
16.039999999999747,12.600000000015186,-50.0,180.0,36.33332354584804,90.0,103.26754726109156,126.33332354584803,90.0,103.26754726109156
16.039999999999747,12.600000000015186,50.0,180.0,36.33332354584804,90.0,103.26754726109156,53.66667645415196,90.0,256.7324527389084
16.039999999999747,-14.5287474169354,50.0,184.9737977432663,42.58187673393324,90.0,107.47214231322877,47.41812326606676,90.0,252.52785768677123
16.059999999999746,-13.946647288332567,-50.0,187.36249105366394,41.2833478267905,90.0,109.46940676809405,131.2833478267905,90.0,124.46940676809405
16.059999999999746,11.400000000015211,-50.0,180.0,36.74797787899973,90.0,103.2033371886232,126.74797787899973,90.0,103.2033371886232
16.059999999999746,11.400000000015211,50.0,180.0,36.74797787899973,90.0,103.2033371886232,53.25202212100027,90.0,256.7966628113768
16.059999999999746,-13.946647288332567,50.0,187.36249105366394,41.2833478267905,90.0,109.46940676809405,48.7166521732095,90.0,250.53059323190595
16.079999999999746,-13.144600200669485,-50.0,189.63507348200633,39.962105084293285,90.0,111.4034837324479,129.96210508429328,90.0,126.4034837324479
16.079999999999746,10.200000000015237,-50.0,180.0,37.159508772345504,90.0,103.14556255656971,127.1595087723455,90.0,103.14556255656971
16.079999999999746,10.200000000015237,50.0,180.0,37.159508772345504,90.0,103.14556255656971,52.840491227654496,90.0,256.8544374434303
16.079999999999746,-13.144600200669485,50.0,189.63507348200633,39.962105084293285,90.0,111.4034837324479,50.037894915706715,90.0,248.5965162675521
16.099999999999746,-12.135254915638304,-50.0,191.7557050458236,38.64138768643644,90.0,113.24120616829397,128.64138768643645,90.0,128.24120616829396
16.099999999999746,9.000000000015262,-50.0,180.0,37.56788493161403,90.0,103.09421874965948,127.56788493161403,90.0,103.09421874965948
16.099999999999746,9.000000000015262,50.0,180.0,37.56788493161403,90.0,103.09421874965948,52.43211506838597,90.0,256.9057812503405
16.099999999999746,-12.135254915638304,50.0,191.7557050458236,38.64138768643644,90.0,113.24120616829397,51.35861231356356,90.0,246.75879383170604
16.119999999999745,-10.934529411337612,-50.0,193.69094211855042,37.34488387340823,90.0,114.94881982566399,127.34488387340824,90.0,129.94881982566397
16.119999999999745,7.800000000015288,-50.0,180.0,37.9730746787054,90.0,103.04930169740771,127.9730746787054,90.0,103.04930169740771
16.119999999999745,7.800000000015288,50.0,180.0,37.9730746787054,90.0,103.04930169740771,52.0269253212946,90.0,256.9506983025923
16.119999999999745,-10.934529411337612,50.0,193.69094211855042,37.34488387340823,90.0,114.94881982566399,52.65511612659177,90.0,245.05118017433603
16.139999999999745,-9.56135984624888,-50.0,195.41026485549534,36.09630608750763,90.00000000000001,116.49264966423314,126.09630608750763,89.99999999999999,131.49264966423314
16.139999999999745,6.600000000015314,-50.0,180.0,38.375045975401804,90.0,103.01080786276886,128.3750459754018,90.0,103.01080786276886
16.139999999999745,6.600000000015314,50.0,180.0,38.375045975401804,90.0,103.01080786276886,51.624954024598196,90.0,256.98919213723116
16.139999999999745,-9.56135984624888,50.0,195.41026485549534,36.09630608750763,90.00000000000001,116.49264966423314,53.90369391249237,90.00000000000001,243.50735033576686
16.159999999999744,-8.037401924705295,-50.0,196.8865585100231,34.91885817294406,90.0,117.84002214419732,124.91885817294406,90.0,132.84002214419732
16.159999999999744,5.400000000015339,-50.0,180.0,38.77376644644106,90.0,102.9787342322456,128.77376644644107,90.0,102.9787342322456
16.159999999999744,5.400000000015339,50.0,180.0,38.77376644644106,90.0,102.9787342322456,51.22623355355894,90.0,257.0212657677544
16.159999999999744,-8.037401924705295,50.0,196.8865585100231,34.91885817294406,90.0,117.84002214419732,55.08114182705594,90.0,242.15997785580268
16.179999999999744,-6.386689373497926,-50.0,198.0965410493067,33.83459098775428,90.00000000000001,118.96044239846762,123.83459098775428,89.99999999999999,133.96044239846762
16.179999999999744,4.200000000015365,-50.0,180.0,39.169203401937644,90.0,102.95307830743934,129.16920340193764,90.0,102.95307830743934
16.179999999999744,4.200000000015365,50.0,180.0,39.169203401937644,90.0,102.95307830743934,50.830796598062356,90.0,257.04692169256066
16.179999999999744,-6.386689373497926,50.0,198.0965410493067,33.83459098775428,90.00000000000001,118.96044239846762,56.16540901224572,90.00000000000001,241.03955760153238
16.199999999999743,-4.635254915647202,-50.0,199.02113032589313,32.8636700422785,90.0,119.82697291844316,122.8636700422785,90.0,134.82697291844318
16.199999999999743,3.0000000000153904,-50.0,180.0,39.56132385913419,90.0,102.93383809802862,129.56132385913418,90.0,102.93383809802862
16.199999999999743,3.0000000000153904,50.0,180.0,39.56132385913419,90.0,102.93383809802862,50.43867614086581,90.0,257.0661619019714
16.199999999999743,-4.635254915647202,50.0,199.02113032589313,32.8636700422785,90.0,119.82697291844316,57.1363299577215,90.0,240.17302708155682
16.219999999999743,-2.810719718809656,-50.0,199.64574501456772,32.02361220893335,90.0,120.41769652198091,122.02361220893334,90.0,135.41769652198093
16.219999999999743,1.800000000015416,-50.0,180.0,39.950094563464845,90.0,102.92101211616497,129.95009456346486,90.0,102.92101211616497
16.219999999999743,1.800000000015416,50.0,180.0,39.950094563464845,90.0,102.92101211616497,50.049905436535155,90.0,257.078987883835
16.219999999999743,-2.810719718809656,50.0,199.64574501456772,32.02361220893335,90.0,120.41769652198091,57.97638779106665,90.0,239.58230347801907
16.239999999999743,-0.9418577929639089,-50.0,199.9605345685634,31.328579304901968,90.0,120.717087817285,121.32857930490196,90.0,135.717087817285
16.239999999999743,0.6000000000154415,-50.0,180.0,40.33548200891146,90.0,102.914599372277,130.33548200891147,90.0,102.914599372277
16.239999999999743,0.6000000000154415,50.0,180.0,40.33548200891146,90.0,102.914599372277,49.66451799108854,90.0,257.085400627723
16.239999999999743,-0.9418577929639089,50.0,199.9605345685634,31.328579304901968,90.0,120.717087817285,58.671420695098035,90.0,239.282912182715
16.259999999999742,0.9418577929154517,-50.0,199.96053456856745,30.788832024562137,90.0,120.71708781728884,120.78883202456214,90.0,135.71708781728884
16.259999999999742,-0.5999999999845329,-50.0,180.0,40.71745245763088,90.0,102.91459937227691,130.71745245763088,90.0,102.91459937227691
16.259999999999742,-0.5999999999845329,50.0,180.0,40.71745245763088,90.0,102.91459937227691,49.28254754236912,90.0,257.08540062772306
16.259999999999742,0.9418577929154517,50.0,199.96053456856745,30.788832024562137,90.0,120.71708781728884,59.21116797543786,90.0,239.28291218271116
16.279999999999742,2.810719718761963,-50.0,199.64574501457986,30.410437445560458,90.0,120.41769652199243,120.41043744556046,90.0,135.4176965219924
16.279999999999742,-1.7999999999845073,-50.0,180.0,41.095971958831925,90.0,102.92101211616472,131.0959719588319,90.0,102.92101211616472
16.279999999999742,-1.7999999999845073,50.0,180.0,41.095971958831925,90.0,102.92101211616472,48.904028041168075,90.0,257.0789878838353
16.279999999999742,2.810719718761963,50.0,199.64574501457986,30.410437445560458,90.0,120.41769652199243,59.58956255443954,90.0,239.5823034780076
16.29999999999974,4.635254915601026,-50.0,199.0211303259131,30.195284643885664,90.0,119.82697291846199,120.19528464388566,90.0,134.826972918462
16.29999999999974,-2.9999999999844817,-50.0,180.0,41.47100636687874,90.0,102.93383809802822,131.47100636687873,90.0,102.93383809802822
16.29999999999974,-2.9999999999844817,50.0,180.0,41.47100636687874,90.0,102.93383809802822,48.52899363312126,90.0,257.0661619019718
16.29999999999974,4.635254915601026,50.0,199.0211303259131,30.195284643885664,90.0,119.82697291846199,59.804715356114336,90.0,240.173027081538
16.31999999999974,6.386689373453995,-50.0,198.09654104933426,30.141405471584257,90.0,118.96044239849333,120.14140547158425,90.0,133.96044239849334
16.31999999999974,-4.199999999984456,-50.0,180.0,41.84252135859614,90.0,102.95307830743876,131.84252135859614,90.0,102.95307830743876
16.31999999999974,-4.199999999984456,50.0,180.0,41.84252135859614,90.0,102.95307830743876,48.15747864140386,90.0,257.0469216925612
16.31999999999974,6.386689373453995,50.0,198.09654104933426,30.141405471584257,90.0,118.96044239849333,59.85859452841574,90.0,241.03955760150666
16.33999999999974,8.0374019246643,-50.0,196.88655851005777,30.24353997741364,90.0,117.84002214422921,120.24353997741363,90.0,132.8400221442292
16.33999999999974,-5.399999999984431,-50.0,180.0,42.2104824497523,90.0,102.97873423224486,132.2104824497523,90.0,102.97873423224486
16.33999999999974,-5.399999999984431,50.0,180.0,42.2104824497523,90.0,102.97873423224486,47.7895175502477,90.0,257.02126576775515
16.33999999999974,8.0374019246643,50.0,196.88655851005777,30.24353997741364,90.0,117.84002214422921,59.75646002258636,90.0,242.1599778557708
16.35999999999974,9.561359846211468,-50.0,195.4102648555366,30.49384699907271,90.0,116.4926496642705,120.4938469990727,90.0,131.49264966427052
16.35999999999974,-6.599999999984405,-50.0,180.0,42.57485501069255,90.0,103.01080786276793,132.57485501069254,90.0,103.01080786276793
16.35999999999974,-6.599999999984405,50.0,180.0,42.57485501069255,90.0,103.01080786276793,47.42514498930745,90.0,256.98919213723207
16.35999999999974,9.561359846211468,50.0,195.4102648555366,30.49384699907271,90.0,116.4926496642705,59.50615300092729,90.0,243.50735033572948
16.37999999999974,10.934529411304375,-50.0,193.69094211859763,30.882649805528718,90.0,114.94881982570602,120.88264980552871,90.0,129.94881982570604
16.37999999999974,-7.799999999984379,-50.0,180.0,42.93560428109752,90.0,103.04930169740663,132.9356042810975,90.0,103.04930169740663
16.37999999999974,-7.799999999984379,50.0,180.0,42.93560428109752,90.0,103.04930169740663,47.06439571890248,90.0,256.95069830259337
16.37999999999974,10.934529411304375,50.0,193.69094211859763,30.882649805528718,90.0,114.94881982570602,59.117350194471285,90.0,245.05118017429396
16.39999999999974,12.135254915609767,-50.0,191.75570504587597,31.39912188029758,90.0,113.24120616833977,121.39912188029759,90.0,128.24120616833977
16.39999999999974,-8.999999999984354,-50.0,180.0,43.292695383838065,90.0,103.09421874965824,133.29269538383807,90.0,103.09421874965824
16.39999999999974,-8.999999999984354,50.0,180.0,43.292695383838065,90.0,103.09421874965824,46.707304616161935,90.0,256.90578125034176
16.39999999999974,12.135254915609767,50.0,191.75570504587597,31.39912188029758,90.0,113.24120616833977,58.600878119702415,90.0,246.75879383166023
16.41999999999974,13.144600200646094,-50.0,189.63507348206306,32.03184827322638,90.0,111.40348373249661,122.03184827322639,90.0,126.40348373249661
16.41999999999974,-10.199999999984328,-50.0,180.0,43.6460933378985,90.0,103.14556255656832,133.6460933378985,90.0,103.14556255656832
16.41999999999974,-10.199999999984328,50.0,180.0,43.6460933378985,90.0,103.14556255656832,46.3539066621015,90.0,256.85443744343166
16.41999999999974,13.144600200646094,50.0,189.63507348206306,32.03184827322638,90.0,111.40348373249661,57.96815172677362,90.0,248.59651626750338
16.43999999999974,13.946647288314693,-50.0,187.3624910537241,32.769231160079705,90.0,109.46940676814478,122.7692311600797,90.0,124.46940676814478
16.43999999999974,-11.399999999984303,-50.0,180.0,43.99576307033905,90.0,103.20333718862162,133.99576307033905,90.0,103.20333718862162
16.43999999999974,-11.399999999984303,50.0,180.0,43.99576307033905,90.0,103.20333718862162,46.00423692966095,90.0,256.7966628113784
16.43999999999974,13.946647288314693,50.0,187.3624910537241,32.769231160079705,90.0,109.46940676814478,57.230768839920295,90.0,250.53059323185522
16.459999999999738,14.528747416923323,-50.0,184.973797743329,33.59973571262659,90.0,107.47214231328074,123.5997357126266,90.0,122.47214231328074
16.459999999999738,-12.599999999984277,-50.0,180.0,44.34166942726757,90.0,103.26754726108982,134.34166942726756,90.0,103.26754726108982
16.459999999999738,-12.599999999984277,50.0,180.0,44.34166942726757,90.0,103.26754726108982,45.65833057273243,90.0,256.7324527389102
16.459999999999738,14.528747416923323,50.0,184.973797743329,33.59973571262659,90.0,107.47214231328074,56.40026428737341,90.0,252.52785768671924
16.479999999999738,14.881720519714067,-50.0,182.50666467131882,34.511990664921534,90.0,105.44382662392785,124.51199066492154,90.0,120.44382662392785
16.479999999999738,-13.799999999984252,-50.0,180.0,44.68377718378981,90.0,103.33819794685454,134.6837771837898,90.0,103.33819794685454
16.479999999999738,-13.799999999984252,50.0,180.0,44.68377718378981,90.0,103.33819794685454,45.31622281621019,90.0,256.6618020531455
16.479999999999738,14.881720519714067,50.0,182.50666467131882,34.511990664921534,90.0,105.44382662392785,55.488009335078466,90.0,254.55617337607214
16.499999999999737,15.0,-50.0,180.00000000003305,35.494767671445594,90.0,103.41529499075354,125.4947676714456,90.0,118.41529499075354
16.499999999999737,-14.999999999984226,-50.0,180.0,45.02205105290687,90.0,103.41529499072593,135.02205105290687,90.0,103.41529499072593
16.499999999999737,-14.999999999984226,50.0,180.0,45.02205105290687,90.0,103.41529499072593,44.97794894709313,90.0,256.5847050092741
16.499999999999737,15.0,50.0,180.00000000003305,35.494767671445594,90.0,103.41529499075354,54.505232328554406,90.0,256.5847050092465
16.519999999999737,13.8000000000158,-50.0,180.0,35.91557665899886,90.0,103.33819794685648,125.91557665899886,90.0,118.33819794685648
16.519999999999737,-14.881720519720277,-50.0,182.50666467125325,43.835239618745305,90.0,105.44382662387437,133.8352396187453,90.0,105.44382662387437
16.519999999999737,-14.881720519720277,50.0,182.50666467125325,43.835239618745305,90.0,105.44382662387437,46.164760381254695,90.0,254.55617337612563
16.519999999999737,13.8000000000158,50.0,180.0,35.91557665899886,90.0,103.33819794685648,54.08442334100114,90.0,256.6618020531435
16.539999999999736,12.600000000015825,-50.0,180.0,36.333323545847804,90.0,103.26754726109162,126.3333235458478,90.0,118.26754726109162
16.539999999999736,-14.52874741693565,-50.0,184.97379774326498,42.581876733933946,90.00000000000001,107.47214231322768,132.58187673393394,89.99999999999999,107.47214231322768
16.539999999999736,-14.52874741693565,50.0,184.97379774326498,42.581876733933946,90.00000000000001,107.47214231322768,47.418123266066054,90.00000000000001,252.52785768677234
16.539999999999736,12.600000000015825,50.0,180.0,36.333323545847804,90.0,103.26754726109162,53.666676454152196,90.0,256.73245273890836
16.559999999999736,11.40000000001585,-50.0,180.0,36.74797787899951,90.0,103.20333718862322,126.7479778789995,90.0,118.20333718862322
16.559999999999736,-13.946647288332937,-50.0,187.3624910536627,41.2833478267912,90.0,109.46940676809298,131.2833478267912,90.0,109.46940676809298
16.559999999999736,-13.946647288332937,50.0,187.3624910536627,41.2833478267912,90.0,109.46940676809298,48.7166521732088,90.0,250.530593231907
16.559999999999736,11.40000000001585,50.0,180.0,36.74797787899951,90.0,103.20333718862322,53.25202212100049,90.0,256.7966628113768
16.579999999999735,10.200000000015876,-50.0,180.0,37.159508772345276,90.0,103.14556255656976,127.15950877234528,90.0,118.14556255656976
16.579999999999735,-13.144600200669968,-50.0,189.63507348200517,39.96210508429398,90.00000000000001,111.4034837324469,129.96210508429397,89.99999999999999,111.4034837324469
16.579999999999735,-13.144600200669968,50.0,189.63507348200517,39.96210508429398,90.00000000000001,111.4034837324469,50.03789491570602,90.00000000000001,248.5965162675531
16.579999999999735,10.200000000015876,50.0,180.0,37.159508772345276,90.0,103.14556255656976,52.840491227654724,90.0,256.85443744343024
16.599999999999735,9.000000000015902,-50.0,180.0,37.56788493161382,90.0,103.0942187496595,127.56788493161382,90.0,118.0942187496595
16.599999999999735,-12.135254915638892,-50.0,191.7557050458225,38.64138768643712,90.0,113.24120616829302,128.64138768643713,90.0,113.24120616829302
16.599999999999735,-12.135254915638892,50.0,191.7557050458225,38.64138768643712,90.0,113.24120616829302,51.35861231356288,90.0,246.75879383170698
16.599999999999735,9.000000000015902,50.0,180.0,37.56788493161382,90.0,103.0942187496595,52.43211506838618,90.0,256.9057812503405
16.619999999999735,7.8000000000159275,-50.0,180.0,37.9730746787052,90.0,103.04930169740773,127.9730746787052,90.0,118.04930169740773
16.619999999999735,-10.9345294113383,-50.0,193.69094211854946,37.344883873408904,90.0,114.94881982566312,127.3448838734089,90.0,114.94881982566312
16.619999999999735,-10.9345294113383,50.0,193.69094211854946,37.344883873408904,90.0,114.94881982566312,52.655116126591096,90.0,245.05118017433688
16.619999999999735,7.8000000000159275,50.0,180.0,37.9730746787052,90.0,103.04930169740773,52.0269253212948,90.0,256.9506983025923
16.639999999999734,6.600000000015953,-50.0,180.0,38.375045975401584,90.0,103.01080786276889,128.37504597540158,90.0,118.01080786276889
16.639999999999734,-9.561359846249655,-50.0,195.4102648554945,36.09630608750829,90.0,116.49264966423233,126.09630608750828,90.0,116.49264966423233
16.639999999999734,-9.561359846249655,50.0,195.4102648554945,36.09630608750829,90.0,116.49264966423233,53.90369391249171,90.0,243.50735033576768
16.639999999999734,6.600000000015953,50.0,180.0,38.375045975401584,90.0,103.01080786276889,51.624954024598416,90.0,256.9891921372311
16.659999999999734,5.400000000015979,-50.0,180.0,38.77376644644085,90.0,102.9787342322456,128.77376644644085,90.0,117.9787342322456
16.659999999999734,-8.037401924706142,-50.0,196.88655851002238,34.91885817294467,90.0,117.84002214419667,124.91885817294467,90.0,117.84002214419667
16.659999999999734,-8.037401924706142,50.0,196.88655851002238,34.91885817294467,90.0,117.84002214419667,55.08114182705533,90.0,242.15997785580333
16.659999999999734,5.400000000015979,50.0,180.0,38.77376644644085,90.0,102.9787342322456,51.22623355355915,90.0,257.0212657677544
16.679999999999733,4.200000000016004,-50.0,180.0,39.169203401937445,90.0,102.95307830743934,129.16920340193744,90.0,117.95307830743934
16.679999999999733,-6.386689373498837,-50.0,198.09654104930613,33.83459098775482,90.0,118.9604423984671,123.83459098775482,90.0,118.9604423984671
16.679999999999733,-6.386689373498837,50.0,198.09654104930613,33.83459098775482,90.0,118.9604423984671,56.16540901224518,90.0,241.03955760153292
16.679999999999733,4.200000000016004,50.0,180.0,39.169203401937445,90.0,102.95307830743934,50.830796598062555,90.0,257.04692169256066
16.699999999999733,3.00000000001603,-50.0,180.0,39.561323859133985,90.0,102.93383809802862,129.56132385913398,90.0,117.93383809802862
16.699999999999733,-4.63525491564816,-50.0,199.0211303258927,32.863670042279,90.0,119.82697291844273,122.863670042279,90.0,119.82697291844273
16.699999999999733,-4.63525491564816,50.0,199.0211303258927,32.863670042279,90.0,119.82697291844273,57.136329957721,90.0,240.17302708155728
16.699999999999733,3.00000000001603,50.0,180.0,39.561323859133985,90.0,102.93383809802862,50.438676140866015,90.0,257.0661619019714
16.719999999999732,1.8000000000160554,-50.0,180.0,39.950094563464646,90.0,102.92101211616497,129.95009456346463,90.0,117.92101211616497
16.719999999999732,-2.810719718810644,-50.0,199.64574501456747,32.02361220893377,90.0,120.41769652198066,122.02361220893377,90.0,120.41769652198066
16.719999999999732,-2.810719718810644,50.0,199.64574501456747,32.02361220893377,90.0,120.41769652198066,57.97638779106623,90.0,239.58230347801936
16.719999999999732,1.8000000000160554,50.0,180.0,39.950094563464646,90.0,102.92101211616497,50.049905436535354,90.0,257.078987883835
16.739999999999732,0.600000000016081,-50.0,180.0,40.335482008911264,90.0,102.914599372277,130.33548200891127,90.0,117.914599372277
16.739999999999732,-0.9418577929649128,-50.0,199.96053456856333,31.3285793049023,90.0,120.71708781728493,121.32857930490229,90.0,120.71708781728493
16.739999999999732,-0.9418577929649128,50.0,199.96053456856333,31.3285793049023,90.0,120.71708781728493,58.6714206950977,90.0,239.28291218271505
16.739999999999732,0.600000000016081,50.0,180.0,40.335482008911264,90.0,102.914599372277,49.664517991088736,90.0,257.085400627723
16.75999999999973,-0.5999999999838934,-50.0,180.0,40.71745245763068,90.0,102.91459937227691,130.71745245763069,90.0,117.91459937227691
16.75999999999973,0.9418577929144479,-50.0,199.96053456856754,30.788832024562385,90.0,120.71708781728896,120.78883202456238,90.0,120.71708781728896
16.75999999999973,0.9418577929144479,50.0,199.96053456856754,30.788832024562385,90.0,120.71708781728896,59.21116797543762,90.0,239.28291218271104
16.75999999999973,-0.5999999999838934,50.0,180.0,40.71745245763068,90.0,102.91459937227691,49.28254754236932,90.0,257.08540062772306
16.77999999999973,-1.7999999999838678,-50.0,180.0,41.095971958831726,90.0,102.92101211616472,131.09597195883174,90.0,117.92101211616472
16.77999999999973,2.810719718760978,-50.0,199.64574501458011,30.410437445560607,90.00000000000001,120.41769652199268,120.4104374455606,89.99999999999999,120.41769652199268
16.77999999999973,2.810719718760978,50.0,199.64574501458011,30.410437445560607,90.00000000000001,120.41769652199268,59.5895625544394,90.00000000000001,239.5823034780073
16.77999999999973,-1.7999999999838678,50.0,180.0,41.095971958831726,90.0,102.92101211616472,48.904028041168274,90.0,257.0789878838353
16.79999999999973,-2.9999999999838423,-50.0,180.0,41.47100636687855,90.0,102.93383809802819,131.47100636687856,90.0,117.93383809802819
16.79999999999973,4.635254915600073,-50.0,199.02113032591353,30.195284643885735,90.0,119.8269729184624,120.19528464388574,90.0,119.8269729184624
16.79999999999973,4.635254915600073,50.0,199.02113032591353,30.195284643885735,90.0,119.8269729184624,59.804715356114265,90.0,240.1730270815376
16.79999999999973,-2.9999999999838423,50.0,180.0,41.47100636687855,90.0,102.93383809802819,48.52899363312145,90.0,257.0661619019718
16.81999999999973,-4.199999999983817,-50.0,180.0,41.84252135859594,90.0,102.95307830743876,131.84252135859595,90.0,117.95307830743876
16.81999999999973,6.386689373453085,-50.0,198.09654104933483,30.141405471584243,90.0,118.96044239849385,120.14140547158425,90.0,118.96044239849385
16.81999999999973,6.386689373453085,50.0,198.09654104933483,30.141405471584243,90.0,118.96044239849385,59.85859452841576,90.0,241.03955760150615
16.81999999999973,-4.199999999983817,50.0,180.0,41.84252135859594,90.0,102.95307830743876,48.15747864140406,90.0,257.0469216925612
16.83999999999973,-5.399999999983791,-50.0,180.0,42.2104824497521,90.0,102.97873423224486,132.2104824497521,90.0,117.97873423224486
16.83999999999973,8.03740192466345,-50.0,196.88655851005848,30.243539977413544,90.0,117.84002214422986,120.24353997741355,90.0,117.84002214422986
16.83999999999973,8.03740192466345,50.0,196.88655851005848,30.243539977413544,90.0,117.84002214422986,59.75646002258645,90.0,242.15997785577014
16.83999999999973,-5.399999999983791,50.0,180.0,42.2104824497521,90.0,102.97873423224486,47.7895175502479,90.0,257.02126576775515
16.85999999999973,-6.5999999999837655,-50.0,180.0,42.574855010692346,90.0,103.01080786276793,132.57485501069235,90.0,118.01080786276793
16.85999999999973,9.5613598462107,-50.0,195.41026485553746,30.493846999072545,90.0,116.49264966427126,120.49384699907255,90.0,116.49264966427126
16.85999999999973,9.5613598462107,50.0,195.41026485553746,30.493846999072545,90.0,116.49264966427126,59.506153000927455,90.0,243.50735033572874
16.85999999999973,-6.5999999999837655,50.0,180.0,42.574855010692346,90.0,103.01080786276793,47.425144989307654,90.0,256.98919213723207
16.87999999999973,-7.79999999998374,-50.0,180.0,42.935604281097326,90.0,103.04930169740662,132.9356042810973,90.0,118.04930169740662
16.87999999999973,10.934529411303687,-50.0,193.6909421185986,30.882649805528498,90.0,114.94881982570686,120.8826498055285,90.0,114.94881982570686
16.87999999999973,10.934529411303687,50.0,193.6909421185986,30.882649805528498,90.0,114.94881982570686,59.1173501944715,90.0,245.05118017429314
16.87999999999973,-7.79999999998374,50.0,180.0,42.935604281097326,90.0,103.04930169740662,47.064395718902674,90.0,256.95069830259337
16.89999999999973,-8.999999999983714,-50.0,180.0,43.292695383837874,90.0,103.09421874965821,133.29269538383787,90.0,118.09421874965821
16.89999999999973,12.135254915609176,-50.0,191.75570504587705,31.399121880297287,90.00000000000001,113.24120616834071,121.39912188029729,89.99999999999999,113.24120616834071
16.89999999999973,12.135254915609176,50.0,191.75570504587705,31.399121880297287,90.00000000000001,113.24120616834071,58.60087811970271,90.00000000000001,246.7587938316593
16.89999999999973,-8.999999999983714,50.0,180.0,43.292695383837874,90.0,103.09421874965821,46.707304616162126,90.0,256.90578125034176
16.919999999999728,-10.199999999983689,-50.0,180.0,43.64609333789831,90.0,103.1455625565683,133.64609333789832,90.0,118.1455625565683
16.919999999999728,13.144600200645609,-50.0,189.63507348206426,32.03184827322601,90.0,111.40348373249763,122.03184827322602,90.0,111.40348373249763
16.919999999999728,13.144600200645609,50.0,189.63507348206426,32.03184827322601,90.0,111.40348373249763,57.96815172677399,90.0,248.59651626750235
16.919999999999728,-10.199999999983689,50.0,180.0,43.64609333789831,90.0,103.1455625565683,46.35390666210169,90.0,256.8544374434317
16.939999999999728,-11.399999999983663,-50.0,180.0,43.99576307033887,90.0,103.20333718862157,133.99576307033885,90.0,118.20333718862157
16.939999999999728,13.946647288314324,-50.0,187.36249105372536,32.769231160079286,90.00000000000001,109.46940676814584,122.76923116007929,89.99999999999999,109.46940676814584
16.939999999999728,13.946647288314324,50.0,187.36249105372536,32.769231160079286,90.00000000000001,109.46940676814584,57.230768839920714,90.00000000000001,250.53059323185414
16.939999999999728,-11.399999999983663,50.0,180.0,43.99576307033887,90.0,103.20333718862157,46.00423692966113,90.0,256.79666281137844
16.959999999999727,-12.599999999983638,-50.0,180.0,44.341669427267384,90.0,103.2675472610898,134.3416694272674,90.0,118.2675472610898
16.959999999999727,14.528747416923075,-50.0,184.9737977433303,33.599735712626114,90.0,107.47214231328182,123.59973571262611,90.0,107.47214231328182
16.959999999999727,14.528747416923075,50.0,184.9737977433303,33.599735712626114,90.0,107.47214231328182,56.400264287373886,90.0,252.52785768671816
16.959999999999727,-12.599999999983638,50.0,180.0,44.341669427267384,90.0,103.2675472610898,45.658330572732616,90.0,256.7324527389102
16.979999999999727,-13.799999999983612,-50.0,180.0,44.68377718378961,90.0,103.3381979468545,134.6837771837896,90.0,118.3381979468545
16.979999999999727,14.88172051971394,-50.0,182.50666467132015,34.51199066492104,90.0,105.44382662392893,124.51199066492104,90.0,105.44382662392893
16.979999999999727,14.88172051971394,50.0,182.50666467132015,34.51199066492104,90.0,105.44382662392893,55.48800933507896,90.0,254.55617337607106
16.979999999999727,-13.799999999983612,50.0,180.0,44.68377718378961,90.0,103.3381979468545,45.31622281621039,90.0,256.6618020531455
16.999999999999726,-14.999999999983586,-50.0,180.0,45.02205105290669,90.0,103.4152949907259,135.0220510529067,90.0,118.4152949907259
16.999999999999726,15.0,-50.0,180.00000000003436,35.49476767144507,90.0,103.41529499075457,125.49476767144506,90.0,103.41529499075457
16.999999999999726,15.0,50.0,180.00000000003436,35.49476767144507,90.0,103.41529499075457,54.50523232855493,90.0,256.58470500924545
16.999999999999726,-14.999999999983586,50.0,180.0,45.02205105290669,90.0,103.4152949907259,44.97794894709331,90.0,256.5847050092741
17.019999999999726,-14.881720519720403,-50.0,182.50666467125194,43.83523961874596,90.0,105.44382662387328,133.83523961874596,90.0,120.44382662387328
17.019999999999726,13.80000000001644,-50.0,180.0,35.915576658998624,90.0,103.33819794685652,125.91557665899862,90.0,103.33819794685652
17.019999999999726,13.80000000001644,50.0,180.0,35.915576658998624,90.0,103.33819794685652,54.084423341001376,90.0,256.66180205314345
17.019999999999726,-14.881720519720403,50.0,182.50666467125194,43.83523961874596,90.0,105.44382662387328,46.16476038125404,90.0,254.5561733761267
17.039999999999726,-14.5287474169359,-50.0,184.9737977432637,42.58187673393462,90.0,107.47214231322663,132.58187673393462,90.0,122.47214231322663
17.039999999999726,12.600000000016465,-50.0,180.0,36.333323545847584,90.0,103.26754726109164,126.33332354584758,90.0,103.26754726109164
17.039999999999726,12.600000000016465,50.0,180.0,36.333323545847584,90.0,103.26754726109164,53.666676454152416,90.0,256.73245273890836
17.039999999999726,-14.5287474169359,50.0,184.9737977432637,42.58187673393462,90.0,107.47214231322663,47.41812326606538,90.0,252.52785768677336
17.059999999999725,-13.946647288333306,-50.0,187.36249105366144,41.28334782679191,90.0,109.46940676809191,131.2833478267919,90.0,124.46940676809191
17.059999999999725,11.40000000001649,-50.0,180.0,36.74797787899927,90.0,103.20333718862327,126.74797787899928,90.0,103.20333718862327
17.059999999999725,11.40000000001649,50.0,180.0,36.74797787899927,90.0,103.20333718862327,53.25202212100073,90.0,256.79666281137673
17.059999999999725,-13.946647288333306,50.0,187.36249105366144,41.28334782679191,90.0,109.46940676809191,48.71665217320809,90.0,250.53059323190809
17.079999999999725,-13.144600200670451,-50.0,189.635073482004,39.96210508429468,90.0,111.40348373244592,129.96210508429468,90.0,126.40348373244592
17.079999999999725,10.200000000016516,-50.0,180.0,37.15950877234506,90.0,103.14556255656977,127.15950877234506,90.0,103.14556255656977
17.079999999999725,10.200000000016516,50.0,180.0,37.15950877234506,90.0,103.14556255656977,52.84049122765494,90.0,256.85443744343024
17.079999999999725,-13.144600200670451,50.0,189.635073482004,39.96210508429468,90.0,111.40348373244592,50.03789491570532,90.0,248.59651626755408
17.099999999999724,-12.135254915639484,-50.0,191.75570504582143,38.641387686437824,90.00000000000001,113.24120616829205,128.64138768643784,89.99999999999999,128.24120616829205
17.099999999999724,9.000000000016541,-50.0,180.0,37.567884931613605,90.0,103.09421874965952,127.5678849316136,90.0,103.09421874965952
17.099999999999724,9.000000000016541,50.0,180.0,37.567884931613605,90.0,103.09421874965952,52.432115068386395,90.0,256.9057812503405
17.099999999999724,-12.135254915639484,50.0,191.75570504582143,38.641387686437824,90.00000000000001,113.24120616829205,51.358612313562176,90.00000000000001,246.75879383170795
17.119999999999724,-10.934529411338987,-50.0,193.6909421185485,37.344883873409586,90.0,114.94881982566226,127.34488387340959,90.0,129.94881982566227
17.119999999999724,7.800000000016567,-50.0,180.0,37.973074678704975,90.0,103.04930169740776,127.97307467870498,90.0,103.04930169740776
17.119999999999724,7.800000000016567,50.0,180.0,37.973074678704975,90.0,103.04930169740776,52.026925321295025,90.0,256.95069830259223
17.119999999999724,-10.934529411338987,50.0,193.6909421185485,37.344883873409586,90.0,114.94881982566226,52.655116126590414,90.0,245.05118017433773
17.139999999999723,-9.56135984625043,-50.0,195.41026485549364,36.096306087508935,90.0,116.49264966423156,126.09630608750894,90.0,131.49264966423158
17.139999999999723,6.600000000016593,-50.0,180.0,38.37504597540137,90.0,103.0108078627689,128.37504597540138,90.0,103.0108078627689
17.139999999999723,6.600000000016593,50.0,180.0,38.37504597540137,90.0,103.0108078627689,51.62495402459863,90.0,256.9891921372311
17.139999999999723,-9.56135984625043,50.0,195.41026485549364,36.096306087508935,90.0,116.49264966423156,53.903693912491065,90.0,243.50735033576842
17.159999999999723,-8.037401924706991,-50.0,196.88655851002164,34.918858172945285,90.0,117.84002214419597,124.91885817294528,90.0,132.84002214419598
17.159999999999723,5.400000000016618,-50.0,180.0,38.77376644644063,90.0,102.97873423224563,128.77376644644062,90.0,102.97873423224563
17.159999999999723,5.400000000016618,50.0,180.0,38.77376644644063,90.0,102.97873423224563,51.22623355355937,90.0,257.02126576775436
17.159999999999723,-8.037401924706991,50.0,196.88655851002164,34.918858172945285,90.0,117.84002214419597,55.081141827054715,90.0,242.15997785580402
17.179999999999723,-6.386689373499747,-50.0,198.09654104930556,33.834590987755384,90.0,118.96044239846655,123.83459098775538,90.0,133.96044239846657
17.179999999999723,4.200000000016644,-50.0,180.0,39.16920340193723,90.0,102.95307830743937,129.16920340193724,90.0,102.95307830743937
17.179999999999723,4.200000000016644,50.0,180.0,39.16920340193723,90.0,102.95307830743937,50.83079659806277,90.0,257.04692169256066
17.179999999999723,-6.386689373499747,50.0,198.09654104930556,33.834590987755384,90.0,118.96044239846655,56.165409012244616,90.0,241.03955760153343
17.199999999999722,-4.635254915649116,-50.0,199.02113032589227,32.863670042279466,90.0,119.82697291844238,122.86367004227947,90.0,134.82697291844238
17.199999999999722,3.0000000000166693,-50.0,180.0,39.56132385913378,90.0,102.93383809802862,129.56132385913378,90.0,102.93383809802862
17.199999999999722,3.0000000000166693,50.0,180.0,39.56132385913378,90.0,102.93383809802862,50.43867614086622,90.0,257.0661619019714
17.199999999999722,-4.635254915649116,50.0,199.02113032589227,32.863670042279466,90.0,119.82697291844238,57.136329957720534,90.0,240.17302708155762
17.21999999999972,-2.8107197188116286,-50.0,199.6457450145672,32.02361220893419,90.0,120.41769652198042,122.0236122089342,90.0,135.41769652198042
17.21999999999972,1.800000000016695,-50.0,180.0,39.95009456346444,90.0,102.92101211616497,129.95009456346443,90.0,102.92101211616497
17.21999999999972,1.800000000016695,50.0,180.0,39.95009456346444,90.0,102.92101211616497,50.04990543653556,90.0,257.078987883835
17.21999999999972,-2.8107197188116286,50.0,199.6457450145672,32.02361220893419,90.0,120.41769652198042,57.97638779106581,90.0,239.58230347801958
17.23999999999972,-0.9418577929659134,-50.0,199.96053456856322,31.328579304902643,90.0,120.71708781728482,121.32857930490265,90.0,135.71708781728483
17.23999999999972,0.6000000000167205,-50.0,180.0,40.33548200891106,90.0,102.914599372277,130.33548200891107,90.0,102.914599372277
17.23999999999972,0.6000000000167205,50.0,180.0,40.33548200891106,90.0,102.914599372277,49.66451799108894,90.0,257.085400627723
17.23999999999972,-0.9418577929659134,50.0,199.96053456856322,31.328579304902643,90.0,120.71708781728482,58.67142069509735,90.0,239.28291218271517
17.25999999999972,0.9418577929134473,-50.0,199.96053456856762,30.788832024562627,90.0,120.71708781728903,120.78883202456262,90.0,135.71708781728904
17.25999999999972,-0.5999999999832539,-50.0,180.0,40.71745245763047,90.0,102.91459937227691,130.7174524576305,90.0,102.91459937227691
17.25999999999972,-0.5999999999832539,50.0,180.0,40.71745245763047,90.0,102.91459937227691,49.28254754236953,90.0,257.08540062772306
17.25999999999972,0.9418577929134473,50.0,199.96053456856762,30.788832024562627,90.0,120.71708781728903,59.21116797543738,90.0,239.28291218271096
17.27999999999972,2.81071971875999,-50.0,199.64574501458037,30.41043744556076,90.0,120.41769652199292,120.41043744556076,90.0,135.41769652199292
17.27999999999972,-1.7999999999832283,-50.0,180.0,41.09597195883152,90.0,102.92101211616472,131.0959719588315,90.0,102.92101211616472
17.27999999999972,-1.7999999999832283,50.0,180.0,41.09597195883152,90.0,102.92101211616472,48.90402804116848,90.0,257.0789878838353
17.27999999999972,2.81071971875999,50.0,199.64574501458037,30.41043744556076,90.0,120.41769652199292,59.58956255443924,90.0,239.58230347800708
17.29999999999972,4.635254915599116,-50.0,199.02113032591393,30.1952846438858,90.0,119.82697291846279,120.1952846438858,90.0,134.8269729184628
17.29999999999972,-2.9999999999832028,-50.0,180.0,41.47100636687834,90.0,102.93383809802819,131.47100636687833,90.0,102.93383809802819
17.29999999999972,-2.9999999999832028,50.0,180.0,41.47100636687834,90.0,102.93383809802819,48.52899363312166,90.0,257.0661619019718
17.29999999999972,4.635254915599116,50.0,199.02113032591393,30.1952846438858,90.0,119.82697291846279,59.8047153561142,90.0,240.1730270815372
17.31999999999972,6.386689373452181,-50.0,198.0965410493354,30.141405471584235,90.0,118.9604423984944,120.14140547158424,90.0,133.9604423984944
17.31999999999972,-4.199999999983177,-50.0,180.0,41.84252135859575,90.0,102.95307830743873,131.84252135859575,90.0,102.95307830743873
17.31999999999972,-4.199999999983177,50.0,180.0,41.84252135859575,90.0,102.95307830743873,48.15747864140425,90.0,257.0469216925613
17.31999999999972,6.386689373452181,50.0,198.0965410493354,30.141405471584235,90.0,118.9604423984944,59.858594528415765,90.0,241.0395576015056
17.33999999999972,8.037401924662602,-50.0,196.88655851005922,30.243539977413434,90.0,117.84002214423056,120.24353997741343,90.0,132.84002214423055
17.33999999999972,-5.399999999983152,-50.0,180.0,42.210482449751915,90.0,102.97873423224483,132.2104824497519,90.0,102.97873423224483
17.33999999999972,-5.399999999983152,50.0,180.0,42.210482449751915,90.0,102.97873423224483,47.789517550248085,90.0,257.02126576775515
17.33999999999972,8.037401924662602,50.0,196.88655851005922,30.243539977413434,90.0,117.84002214423056,59.756460022586566,90.0,242.15997785576945
17.35999999999972,9.561359846209923,-50.0,195.41026485553832,30.493846999072378,90.0,116.49264966427202,120.49384699907237,90.0,131.49264966427202
17.35999999999972,-6.599999999983126,-50.0,180.0,42.57485501069217,90.0,103.0108078627679,132.57485501069218,90.0,103.0108078627679
17.35999999999972,-6.599999999983126,50.0,180.0,42.57485501069217,90.0,103.0108078627679,47.42514498930783,90.0,256.98919213723207
17.35999999999972,9.561359846209923,50.0,195.41026485553832,30.493846999072378,90.0,116.49264966427202,59.506153000927625,90.0,243.50735033572798
17.37999999999972,10.934529411302998,-50.0,193.69094211859957,30.882649805528267,90.0,114.9488198257077,120.88264980552827,90.0,129.9488198257077
17.37999999999972,-7.7999999999831005,-50.0,180.0,42.935604281097135,90.0,103.04930169740659,132.93560428109714,90.0,103.04930169740659
17.37999999999972,-7.7999999999831005,50.0,180.0,42.935604281097135,90.0,103.04930169740659,47.064395718902865,90.0,256.9506983025934
17.37999999999972,10.934529411302998,50.0,193.69094211859957,30.882649805528267,90.0,114.9488198257077,59.11735019447173,90.0,245.0511801742923
17.399999999999718,12.135254915608584,-50.0,191.75570504587813,31.39912188029697,90.0,113.24120616834168,121.39912188029697,90.0,128.24120616834168
17.399999999999718,-8.999999999983075,-50.0,180.0,43.292695383837696,90.0,103.09421874965817,133.2926953838377,90.0,103.09421874965817
17.399999999999718,-8.999999999983075,50.0,180.0,43.292695383837696,90.0,103.09421874965817,46.707304616162304,90.0,256.9057812503418
17.399999999999718,12.135254915608584,50.0,191.75570504587813,31.39912188029697,90.0,113.24120616834168,58.600878119703026,90.0,246.75879383165832
17.419999999999717,13.144600200645124,-50.0,189.63507348206542,32.03184827322565,90.0,111.40348373249864,122.03184827322565,90.0,126.40348373249864
17.419999999999717,-10.19999999998305,-50.0,180.0,43.64609333789813,90.0,103.14556255656825,133.64609333789812,90.0,103.14556255656825
17.419999999999717,-10.19999999998305,50.0,180.0,43.64609333789813,90.0,103.14556255656825,46.35390666210187,90.0,256.8544374434317
17.419999999999717,13.144600200645124,50.0,189.63507348206542,32.03184827322565,90.0,111.40348373249864,57.96815172677435,90.0,248.59651626750136
17.439999999999717,13.946647288313953,-50.0,187.36249105372661,32.76923116007885,90.0,109.4694067681469,122.76923116007885,90.0,124.4694067681469
17.439999999999717,-11.399999999983024,-50.0,180.0,43.99576307033868,90.0,103.20333718862156,133.99576307033868,90.0,103.20333718862156
17.439999999999717,-11.399999999983024,50.0,180.0,43.99576307033868,90.0,103.20333718862156,46.00423692966132,90.0,256.79666281137844
17.439999999999717,13.946647288313953,50.0,187.36249105372661,32.76923116007885,90.0,109.4694067681469,57.23076883992115,90.0,250.53059323185312
17.459999999999717,14.528747416922824,-50.0,184.97379774333157,33.59973571262565,90.0,107.47214231328289,123.59973571262566,90.0,122.47214231328289
17.459999999999717,-12.599999999982998,-50.0,180.0,44.3416694272672,90.0,103.26754726108976,134.3416694272672,90.0,103.26754726108976
17.459999999999717,-12.599999999982998,50.0,180.0,44.3416694272672,90.0,103.26754726108976,45.6583305727328,90.0,256.73245273891024
17.459999999999717,14.528747416922824,50.0,184.97379774333157,33.59973571262565,90.0,107.47214231328289,56.40026428737435,90.0,252.5278576867171
17.479999999999716,14.881720519713815,-50.0,182.50666467132146,34.511990664920525,90.00000000000001,105.44382662393,124.51199066492052,89.99999999999999,120.44382662393
17.479999999999716,-13.799999999982973,-50.0,180.0,44.68377718378944,90.0,103.33819794685446,134.68377718378943,90.0,103.33819794685446
17.479999999999716,-13.799999999982973,50.0,180.0,44.68377718378944,90.0,103.33819794685446,45.31622281621056,90.0,256.66180205314555
17.479999999999716,14.881720519713815,50.0,182.50666467132146,34.511990664920525,90.00000000000001,105.44382662393,55.488009335079475,90.00000000000001,254.55617337607
17.499999999999716,15.0,-50.0,180.00000000003573,35.494767671444514,90.0,103.41529499075568,125.49476767144452,90.0,118.41529499075568
17.499999999999716,-14.999999999982947,-50.0,180.0,45.0220510529065,90.0,103.41529499072584,135.0220510529065,90.0,103.41529499072584
17.499999999999716,-14.999999999982947,50.0,180.0,45.0220510529065,90.0,103.41529499072584,44.9779489470935,90.0,256.58470500927416
17.499999999999716,15.0,50.0,180.00000000003573,35.494767671444514,90.0,103.41529499075568,54.505232328555486,90.0,256.5847050092443
17.519999999999715,13.800000000017079,-50.0,180.0,35.915576658998404,90.0,103.33819794685657,125.9155766589984,90.0,118.33819794685657
17.519999999999715,-14.881720519720531,-50.0,182.5066646712506,43.835239618746606,90.0,105.4438266238722,133.8352396187466,90.0,105.4438266238722
17.519999999999715,-14.881720519720531,50.0,182.5066646712506,43.835239618746606,90.0,105.4438266238722,46.164760381253394,90.0,254.5561733761278
17.519999999999715,13.800000000017079,50.0,180.0,35.915576658998404,90.0,103.33819794685657,54.084423341001596,90.0,256.66180205314345
17.539999999999715,12.600000000017104,-50.0,180.0,36.333323545847364,90.0,103.26754726109168,126.33332354584736,90.0,118.26754726109168
17.539999999999715,-14.528747416936149,-50.0,184.9737977432624,42.581876733935296,90.0,107.47214231322556,132.5818767339353,90.0,107.47214231322556
17.539999999999715,-14.528747416936149,50.0,184.9737977432624,42.581876733935296,90.0,107.47214231322556,47.418123266064704,90.0,252.52785768677444
17.539999999999715,12.600000000017104,50.0,180.0,36.333323545847364,90.0,103.26754726109168,53.666676454152636,90.0,256.7324527389083
17.559999999999715,11.40000000001713,-50.0,180.0,36.747977878999066,90.0,103.20333718862328,126.74797787899907,90.0,118.20333718862328
17.559999999999715,-13.946647288333676,-50.0,187.3624910536602,41.28334782679261,90.0,109.46940676809086,131.2833478267926,90.0,109.46940676809086
17.559999999999715,-13.946647288333676,50.0,187.3624910536602,41.28334782679261,90.0,109.46940676809086,48.71665217320739,90.0,250.53059323190914
17.559999999999715,11.40000000001713,50.0,180.0,36.747977878999066,90.0,103.20333718862328,53.252022121000934,90.0,256.79666281137673
17.579999999999714,10.200000000017155,-50.0,180.0,37.15950877234484,90.0,103.1455625565698,127.15950877234485,90.0,118.1455625565698
17.579999999999714,-13.144600200670936,-50.0,189.6350734820028,39.96210508429542,90.0,111.40348373244484,129.96210508429542,90.0,111.40348373244484
17.579999999999714,-13.144600200670936,50.0,189.6350734820028,39.96210508429542,90.0,111.40348373244484,50.03789491570458,90.0,248.59651626755516
17.579999999999714,10.200000000017155,50.0,180.0,37.15950877234484,90.0,103.1455625565698,52.84049122765516,90.0,256.8544374434302
17.599999999999714,9.000000000017181,-50.0,180.0,37.56788493161337,90.0,103.09421874965956,127.56788493161338,90.0,118.09421874965956
17.599999999999714,-12.135254915640076,-50.0,191.75570504582035,38.64138768643853,90.0,113.24120616829113,128.64138768643852,90.0,113.24120616829113
17.599999999999714,-12.135254915640076,50.0,191.75570504582035,38.64138768643853,90.0,113.24120616829113,51.35861231356147,90.0,246.75879383170889
17.599999999999714,9.000000000017181,50.0,180.0,37.56788493161337,90.0,103.09421874965956,52.43211506838663,90.0,256.90578125034045
17.619999999999713,7.8000000000172065,-50.0,180.0,37.973074678704755,90.0,103.04930169740778,127.97307467870476,90.0,118.04930169740778
17.619999999999713,-10.934529411339675,-50.0,193.6909421185475,37.34488387341026,90.0,114.94881982566137,127.34488387341025,90.0,114.94881982566137
17.619999999999713,-10.934529411339675,50.0,193.6909421185475,37.34488387341026,90.0,114.94881982566137,52.65511612658974,90.0,245.05118017433864
17.619999999999713,7.8000000000172065,50.0,180.0,37.973074678704755,90.0,103.04930169740778,52.026925321295245,90.0,256.95069830259223
17.639999999999713,6.600000000017232,-50.0,180.0,38.37504597540116,90.0,103.01080786276891,128.37504597540115,90.0,118.01080786276891
17.639999999999713,-9.561359846251204,-50.0,195.41026485549278,36.096306087509575,90.0,116.4926496642308,126.09630608750957,90.0,116.4926496642308
17.639999999999713,-9.561359846251204,50.0,195.41026485549278,36.096306087509575,90.0,116.4926496642308,53.903693912490425,90.0,243.50735033576922
17.639999999999713,6.600000000017232,50.0,180.0,38.37504597540116,90.0,103.01080786276891,51.62495402459884,90.0,256.9891921372311
17.659999999999712,5.400000000017258,-50.0,180.0,38.77376644644041,90.0,102.97873423224566,128.77376644644042,90.0,117.97873423224566
17.659999999999712,-8.037401924707837,-50.0,196.88655851002093,34.91885817294589,90.0,117.84002214419532,124.91885817294589,90.0,117.84002214419532
17.659999999999712,-8.037401924707837,50.0,196.88655851002093,34.91885817294589,90.0,117.84002214419532,55.08114182705411,90.0,242.1599778558047
17.659999999999712,5.400000000017258,50.0,180.0,38.77376644644041,90.0,102.97873423224566,51.22623355355959,90.0,257.02126576775436
17.679999999999712,4.200000000017283,-50.0,180.0,39.16920340193703,90.0,102.95307830743937,129.16920340193704,90.0,117.95307830743937
17.679999999999712,-6.386689373500654,-50.0,198.096541049305,33.83459098775594,90.0,118.96044239846601,123.83459098775594,90.0,118.96044239846601
17.679999999999712,-6.386689373500654,50.0,198.096541049305,33.83459098775594,90.0,118.96044239846601,56.16540901224406,90.0,241.039557601534
17.679999999999712,4.200000000017283,50.0,180.0,39.16920340193703,90.0,102.95307830743937,50.83079659806297,90.0,257.04692169256066
17.69999999999971,3.000000000017309,-50.0,180.0,39.56132385913356,90.0,102.93383809802864,129.56132385913355,90.0,117.93383809802864
17.69999999999971,-4.635254915650069,-50.0,199.02113032589187,32.86367004227996,90.0,119.82697291844197,122.86367004227996,90.0,119.82697291844197
17.69999999999971,-4.635254915650069,50.0,199.02113032589187,32.86367004227996,90.0,119.82697291844197,57.13632995772004,90.0,240.17302708155802
17.69999999999971,3.000000000017309,50.0,180.0,39.56132385913356,90.0,102.93383809802864,50.43867614086644,90.0,257.0661619019713
17.71999999999971,1.8000000000173344,-50.0,180.0,39.950094563464226,90.0,102.92101211616497,129.95009456346423,90.0,117.92101211616497
17.71999999999971,-2.8107197188126167,-50.0,199.64574501456696,32.023612208934594,90.00000000000001,120.41769652198018,122.0236122089346,89.99999999999999,120.41769652198018
17.71999999999971,-2.8107197188126167,50.0,199.64574501456696,32.023612208934594,90.00000000000001,120.41769652198018,57.976387791065406,90.00000000000001,239.5823034780198
17.71999999999971,1.8000000000173344,50.0,180.0,39.950094563464226,90.0,102.92101211616497,50.049905436535774,90.0,257.078987883835
17.73999999999971,0.60000000001736,-50.0,180.0,40.33548200891085,90.0,102.914599372277,130.33548200891084,90.0,117.914599372277
17.73999999999971,-0.9418577929669172,-50.0,199.96053456856316,31.328579304902956,90.00000000000001,120.71708781728478,121.32857930490296,89.99999999999999,120.71708781728478
17.73999999999971,-0.9418577929669172,50.0,199.96053456856316,31.328579304902956,90.00000000000001,120.71708781728478,58.67142069509704,90.00000000000001,239.28291218271522
17.73999999999971,0.60000000001736,50.0,180.0,40.33548200891085,90.0,102.914599372277,49.66451799108915,90.0,257.085400627723
17.75999999999971,-0.5999999999826144,-50.0,180.0,40.717452457630266,90.0,102.91459937227691,130.71745245763026,90.0,117.91459937227691
17.75999999999971,0.9418577929124434,-50.0,199.9605345685677,30.788832024562865,90.00000000000001,120.71708781728913,120.78883202456286,89.99999999999999,120.71708781728913
17.75999999999971,0.9418577929124434,50.0,199.9605345685677,30.788832024562865,90.00000000000001,120.71708781728913,59.211167975437135,90.00000000000001,239.28291218271087
17.75999999999971,-0.5999999999826144,50.0,180.0,40.717452457630266,90.0,102.91459937227691,49.282547542369734,90.0,257.08540062772306
17.77999999999971,-1.7999999999825889,-50.0,180.0,41.095971958831335,90.0,102.92101211616469,131.09597195883134,90.0,117.92101211616469
17.77999999999971,2.8107197187590023,-50.0,199.6457450145806,30.41043744556093,90.0,120.41769652199314,120.41043744556093,90.0,120.41769652199314
17.77999999999971,2.8107197187590023,50.0,199.6457450145806,30.41043744556093,90.0,120.41769652199314,59.58956255443907,90.0,239.58230347800685
17.77999999999971,-1.7999999999825889,50.0,180.0,41.095971958831335,90.0,102.92101211616469,48.904028041168665,90.0,257.07898788383534
17.79999999999971,-2.9999999999825633,-50.0,180.0,41.471006366878136,90.0,102.93383809802819,131.47100636687813,90.0,117.93383809802819
17.79999999999971,4.635254915598162,-50.0,199.02113032591436,30.195284643885866,90.00000000000001,119.82697291846318,120.19528464388587,89.99999999999999,119.82697291846318
17.79999999999971,4.635254915598162,50.0,199.02113032591436,30.195284643885866,90.00000000000001,119.82697291846318,59.80471535611413,90.00000000000001,240.17302708153682
17.79999999999971,-2.9999999999825633,50.0,180.0,41.471006366878136,90.0,102.93383809802819,48.528993633121864,90.0,257.0661619019718
17.81999999999971,-4.199999999982538,-50.0,180.0,41.84252135859554,90.0,102.95307830743873,131.84252135859555,90.0,117.95307830743873
17.81999999999971,6.38668937345127,-50.0,198.09654104933597,30.141405471584218,90.0,118.96044239849492,120.14140547158422,90.0,118.96044239849492
17.81999999999971,6.38668937345127,50.0,198.09654104933597,30.141405471584218,90.0,118.96044239849492,59.85859452841578,90.0,241.03955760150507
17.81999999999971,-4.199999999982538,50.0,180.0,41.84252135859554,90.0,102.95307830743873,48.15747864140446,90.0,257.0469216925613
17.83999999999971,-5.399999999982512,-50.0,180.0,42.210482449751716,90.0,102.9787342322448,132.2104824497517,90.0,117.9787342322448
17.83999999999971,8.037401924661753,-50.0,196.88655851005993,30.24353997741336,90.0,117.8400221442312,120.24353997741336,90.0,117.8400221442312
17.83999999999971,8.037401924661753,50.0,196.88655851005993,30.24353997741336,90.0,117.8400221442312,59.75646002258664,90.0,242.1599778557688
17.83999999999971,-5.399999999982512,50.0,180.0,42.210482449751716,90.0,102.9787342322448,47.789517550248284,90.0,257.0212657677552
17.859999999999708,-6.5999999999824865,-50.0,180.0,42.57485501069197,90.0,103.0108078627679,132.57485501069198,90.0,118.0108078627679
17.859999999999708,9.561359846209148,-50.0,195.41026485553917,30.493846999072208,90.0,116.49264966427279,120.4938469990722,90.0,116.49264966427279
17.859999999999708,9.561359846209148,50.0,195.41026485553917,30.493846999072208,90.0,116.49264966427279,59.506153000927796,90.0,243.5073503357272
17.859999999999708,-6.5999999999824865,50.0,180.0,42.57485501069197,90.0,103.0108078627679,47.42514498930803,90.0,256.98919213723207
17.879999999999708,-7.799999999982461,-50.0,180.0,42.93560428109695,90.0,103.04930169740658,132.93560428109694,90.0,118.04930169740658
17.879999999999708,10.934529411302314,-50.0,193.69094211860056,30.882649805528008,90.0,114.94881982570863,120.882649805528,90.0,114.94881982570863
17.879999999999708,10.934529411302314,50.0,193.69094211860056,30.882649805528008,90.0,114.94881982570863,59.117350194471996,90.0,245.05118017429137
17.879999999999708,-7.799999999982461,50.0,180.0,42.93560428109695,90.0,103.04930169740658,47.06439571890305,90.0,256.9506983025934
17.899999999999707,-8.999999999982435,-50.0,180.0,43.292695383837504,90.0,103.09421874965815,133.2926953838375,90.0,118.09421874965815
17.899999999999707,12.135254915607993,-50.0,191.7557050458792,31.399121880296665,90.0,113.2412061683426,121.39912188029666,90.0,113.2412061683426
17.899999999999707,12.135254915607993,50.0,191.7557050458792,31.399121880296665,90.0,113.2412061683426,58.60087811970334,90.0,246.75879383165739
17.899999999999707,-8.999999999982435,50.0,180.0,43.292695383837504,90.0,103.09421874965815,46.707304616162496,90.0,256.9057812503419
17.919999999999707,-10.19999999998241,-50.0,180.0,43.646093337897945,90.0,103.14556255656824,133.64609333789795,90.0,118.14556255656824
17.919999999999707,13.144600200644643,-50.0,189.6350734820666,32.031848273225286,90.0,111.40348373249962,122.03184827322528,90.0,111.40348373249962
17.919999999999707,13.144600200644643,50.0,189.6350734820666,32.031848273225286,90.0,111.40348373249962,57.968151726774714,90.0,248.59651626750036
17.919999999999707,-10.19999999998241,50.0,180.0,43.646093337897945,90.0,103.14556255656824,46.353906662102055,90.0,256.8544374434318
17.939999999999706,-11.399999999982384,-50.0,180.0,43.99576307033849,90.0,103.20333718862153,133.99576307033848,90.0,118.20333718862153
17.939999999999706,13.946647288313583,-50.0,187.36249105372787,32.76923116007844,90.00000000000001,109.46940676814795,122.76923116007845,89.99999999999999,109.46940676814795
17.939999999999706,13.946647288313583,50.0,187.36249105372787,32.76923116007844,90.00000000000001,109.46940676814795,57.23076883992156,90.00000000000001,250.53059323185204
17.939999999999706,-11.399999999982384,50.0,180.0,43.99576307033849,90.0,103.20333718862153,46.00423692966151,90.0,256.7966628113785
17.959999999999706,-12.599999999982359,-50.0,180.0,44.34166942726703,90.0,103.2675472610897,134.34166942726702,90.0,118.2675472610897
17.959999999999706,14.528747416922576,-50.0,184.97379774333288,33.59973571262516,90.0,107.47214231328401,123.59973571262516,90.0,107.47214231328401
17.959999999999706,14.528747416922576,50.0,184.97379774333288,33.59973571262516,90.0,107.47214231328401,56.40026428737484,90.0,252.527857686716
17.959999999999706,-12.599999999982359,50.0,180.0,44.34166942726703,90.0,103.2675472610897,45.65833057273297,90.0,256.7324527389103
17.979999999999706,-13.799999999982333,-50.0,180.0,44.68377718378925,90.0,103.33819794685442,134.68377718378926,90.0,118.33819794685442
17.979999999999706,14.881720519713689,-50.0,182.5066646713228,34.51199066492003,90.0,105.44382662393107,124.51199066492003,90.0,105.44382662393107
17.979999999999706,14.881720519713689,50.0,182.5066646713228,34.51199066492003,90.0,105.44382662393107,55.48800933507997,90.0,254.55617337606893
17.979999999999706,-13.799999999982333,50.0,180.0,44.68377718378925,90.0,103.33819794685442,45.31622281621075,90.0,256.6618020531456
17.999999999999705,-14.999999999982307,-50.0,180.0,45.02205105290632,90.0,103.41529499072581,135.0220510529063,90.0,118.41529499072581
17.999999999999705,15.0,-50.0,180.00000000003706,35.494767671443974,90.0,103.41529499075676,125.49476767144398,90.0,103.41529499075676
17.999999999999705,15.0,50.0,180.00000000003706,35.494767671443974,90.0,103.41529499075676,54.505232328556026,90.0,256.58470500924324
17.999999999999705,-14.999999999982307,50.0,180.0,45.02205105290632,90.0,103.41529499072581,44.97794894709368,90.0,256.5847050092742
18.019999999999705,-14.881720519720655,-50.0,182.50666467124927,43.835239618747245,90.00000000000001,105.44382662387113,133.83523961874724,89.99999999999999,120.44382662387113
18.019999999999705,13.800000000017718,-50.0,180.0,35.91557665899819,90.0,103.3381979468566,125.91557665899819,90.0,103.3381979468566
18.019999999999705,13.800000000017718,50.0,180.0,35.91557665899819,90.0,103.3381979468566,54.08442334100181,90.0,256.6618020531434
18.019999999999705,-14.881720519720655,50.0,182.50666467124927,43.835239618747245,90.00000000000001,105.44382662387113,46.164760381252755,90.00000000000001,254.55617337612887
18.039999999999704,-14.5287474169364,-50.0,184.9737977432611,42.58187673393598,90.0,107.47214231322447,132.58187673393599,90.0,122.47214231322447
18.039999999999704,12.600000000017744,-50.0,180.0,36.33332354584715,90.0,103.2675472610917,126.33332354584715,90.0,103.2675472610917
18.039999999999704,12.600000000017744,50.0,180.0,36.33332354584715,90.0,103.2675472610917,53.66667645415285,90.0,256.7324527389083
18.039999999999704,-14.5287474169364,50.0,184.9737977432611,42.58187673393598,90.0,107.47214231322447,47.41812326606402,90.0,252.52785768677552
18.059999999999704,-13.946647288334047,-50.0,187.36249105365894,41.28334782679331,90.0,109.4694067680898,131.28334782679332,90.0,124.4694067680898
18.059999999999704,11.40000000001777,-50.0,180.0,36.74797787899885,90.0,103.20333718862331,126.74797787899885,90.0,103.20333718862331
18.059999999999704,11.40000000001777,50.0,180.0,36.74797787899885,90.0,103.20333718862331,53.25202212100115,90.0,256.7966628113767
18.059999999999704,-13.946647288334047,50.0,187.36249105365894,41.28334782679331,90.0,109.4694067680898,48.71665217320669,90.0,250.5305932319102
18.079999999999703,-13.14460020067142,-50.0,189.63507348200164,39.96210508429611,90.0,111.40348373244387,129.96210508429613,90.0,126.40348373244387
18.079999999999703,10.200000000017795,-50.0,180.0,37.159508772344616,90.0,103.14556255656984,127.15950877234462,90.0,103.14556255656984
18.079999999999703,10.200000000017795,50.0,180.0,37.159508772344616,90.0,103.14556255656984,52.840491227655384,90.0,256.85443744343013
18.079999999999703,-13.14460020067142,50.0,189.63507348200164,39.96210508429611,90.0,111.40348373244387,50.03789491570389,90.0,248.59651626755613
18.099999999999703,-12.135254915640665,-50.0,191.75570504581927,38.641387686439224,90.0,113.24120616829019,128.64138768643923,90.0,128.2412061682902
18.099999999999703,9.00000000001782,-50.0,180.0,37.56788493161316,90.0,103.09421874965959,127.56788493161315,90.0,103.09421874965959
18.099999999999703,9.00000000001782,50.0,180.0,37.56788493161316,90.0,103.09421874965959,52.43211506838684,90.0,256.9057812503404
18.099999999999703,-12.135254915640665,50.0,191.75570504581927,38.641387686439224,90.0,113.24120616829019,51.358612313560776,90.0,246.7587938317098
18.119999999999703,-10.934529411340362,-50.0,193.69094211854653,37.34488387341095,90.0,114.94881982566051,127.34488387341095,90.0,129.9488198256605
18.119999999999703,7.800000000017846,-50.0,180.0,37.97307467870455,90.0,103.04930169740781,127.97307467870455,90.0,103.04930169740781
18.119999999999703,7.800000000017846,50.0,180.0,37.97307467870455,90.0,103.04930169740781,52.02692532129545,90.0,256.9506983025922
18.119999999999703,-10.934529411340362,50.0,193.69094211854653,37.34488387341095,90.0,114.94881982566051,52.65511612658905,90.0,245.0511801743395
18.139999999999702,-9.561359846251975,-50.0,195.41026485549193,36.09630608751022,90.0,116.49264966423004,126.09630608751021,90.0,131.49264966423004
18.139999999999702,6.600000000017872,-50.0,180.0,38.37504597540096,90.0,103.01080786276891,128.37504597540095,90.0,103.01080786276891
18.139999999999702,6.600000000017872,50.0,180.0,38.37504597540096,90.0,103.01080786276891,51.62495402459904,90.0,256.9891921372311
18.139999999999702,-9.561359846251975,50.0,195.41026485549193,36.09630608751022,90.0,116.49264966423004,53.90369391248978,90.0,243.50735033576996
18.1599999999997,-8.037401924708686,-50.0,196.88655851002022,34.91885817294648,90.00000000000001,117.84002214419468,124.91885817294647,89.99999999999999,132.84002214419468
18.1599999999997,5.400000000017897,-50.0,180.0,38.7737664464402,90.0,102.97873423224567,128.7737664464402,90.0,102.97873423224567
18.1599999999997,5.400000000017897,50.0,180.0,38.7737664464402,90.0,102.97873423224567,51.2262335535598,90.0,257.02126576775436
18.1599999999997,-8.037401924708686,50.0,196.88655851002022,34.91885817294648,90.00000000000001,117.84002214419468,55.08114182705352,90.00000000000001,242.15997785580532
18.1799999999997,-6.386689373501564,-50.0,198.0965410493044,33.83459098775649,90.0,118.96044239846549,123.83459098775648,90.0,133.9604423984655
18.1799999999997,4.200000000017923,-50.0,180.0,39.169203401936805,90.0,102.95307830743938,129.1692034019368,90.0,102.95307830743938
18.1799999999997,4.200000000017923,50.0,180.0,39.169203401936805,90.0,102.95307830743938,50.830796598063195,90.0,257.0469216925606
18.1799999999997,-6.386689373501564,50.0,198.0965410493044,33.83459098775649,90.0,118.96044239846549,56.16540901224351,90.0,241.0395576015345
18.1999999999997,-4.635254915651026,-50.0,199.02113032589145,32.86367004228043,90.0,119.82697291844158,122.86367004228043,90.0,134.82697291844158
18.1999999999997,3.0000000000179483,-50.0,180.0,39.561323859133346,90.0,102.93383809802867,129.56132385913335,90.0,102.93383809802867
18.1999999999997,3.0000000000179483,50.0,180.0,39.561323859133346,90.0,102.93383809802867,50.438676140866654,90.0,257.0661619019713
18.1999999999997,-4.635254915651026,50.0,199.02113032589145,32.86367004228043,90.0,119.82697291844158,57.13632995771957,90.0,240.17302708155842
18.2199999999997,-2.810719718813605,-50.0,199.64574501456673,32.023612208935,90.0,120.41769652197995,122.02361220893499,90.0,135.41769652197996
18.2199999999997,1.800000000017974,-50.0,180.0,39.95009456346403,90.0,102.92101211616497,129.95009456346403,90.0,102.92101211616497
18.2199999999997,1.800000000017974,50.0,180.0,39.95009456346403,90.0,102.92101211616497,50.04990543653597,90.0,257.078987883835
18.2199999999997,-2.810719718813605,50.0,199.64574501456673,32.023612208935,90.0,120.41769652197995,57.976387791065,90.0,239.58230347802004
18.2399999999997,-0.9418577929679178,-50.0,199.96053456856305,31.328579304903293,90.0,120.71708781728468,121.32857930490329,90.0,135.71708781728466
18.2399999999997,0.6000000000179995,-50.0,180.0,40.33548200891065,90.0,102.914599372277,130.33548200891065,90.0,102.914599372277
18.2399999999997,0.6000000000179995,50.0,180.0,40.33548200891065,90.0,102.914599372277,49.66451799108935,90.0,257.085400627723
18.2399999999997,-0.9418577929679178,50.0,199.96053456856305,31.328579304903293,90.0,120.71708781728468,58.67142069509671,90.0,239.28291218271534
18.2599999999997,0.9418577929114428,-50.0,199.9605345685678,30.788832024563117,90.0,120.71708781728918,120.78883202456312,90.0,135.71708781728918
18.2599999999997,-0.599999999981975,-50.0,180.0,40.71745245763007,90.0,102.91459937227691,130.71745245763006,90.0,102.91459937227691
18.2599999999997,-0.599999999981975,50.0,180.0,40.71745245763007,90.0,102.91459937227691,49.28254754236993,90.0,257.08540062772306
18.2599999999997,0.9418577929114428,50.0,199.9605345685678,30.788832024563117,90.0,120.71708781728918,59.21116797543688,90.0,239.28291218271082
18.2799999999997,2.8107197187580177,-50.0,199.64574501458085,30.41043744556109,90.00000000000001,120.41769652199339,120.41043744556109,89.99999999999999,135.41769652199338
18.2799999999997,-1.7999999999819494,-50.0,180.0,41.09597195883113,90.0,102.92101211616469,131.09597195883111,90.0,102.92101211616469
18.2799999999997,-1.7999999999819494,50.0,180.0,41.09597195883113,90.0,102.92101211616469,48.90402804116887,90.0,257.07898788383534
18.2799999999997,2.8107197187580177,50.0,199.64574501458085,30.41043744556109,90.00000000000001,120.41769652199339,59.58956255443891,90.00000000000001,239.58230347800662
18.2999999999997,4.635254915597206,-50.0,199.02113032591478,30.195284643885937,90.0,119.82697291846357,120.19528464388594,90.0,134.82697291846358
18.2999999999997,-2.999999999981924,-50.0,180.0,41.47100636687795,90.0,102.93383809802816,131.47100636687796,90.0,102.93383809802816
18.2999999999997,-2.999999999981924,50.0,180.0,41.47100636687795,90.0,102.93383809802816,48.52899363312205,90.0,257.06616190197184
18.2999999999997,4.635254915597206,50.0,199.02113032591478,30.195284643885937,90.0,119.82697291846357,59.80471535611406,90.0,240.17302708153642
18.3199999999997,6.386689373450361,-50.0,198.09654104933654,30.141405471584203,90.00000000000001,118.96044239849546,120.1414054715842,89.99999999999999,133.96044239849545
18.3199999999997,-4.199999999981898,-50.0,180.0,41.84252135859535,90.0,102.95307830743872,131.84252135859535,90.0,102.95307830743872
18.3199999999997,-4.199999999981898,50.0,180.0,41.84252135859535,90.0,102.95307830743872,48.15747864140465,90.0,257.0469216925613
18.3199999999997,6.386689373450361,50.0,198.09654104933654,30.141405471584203,90.00000000000001,118.96044239849546,59.85859452841579,90.00000000000001,241.03955760150455
18.339999999999698,8.037401924660909,-50.0,196.88655851006064,30.243539977413256,90.0,117.84002214423185,120.24353997741326,90.0,132.84002214423185
18.339999999999698,-5.399999999981873,-50.0,180.0,42.21048244975151,90.0,102.97873423224479,132.2104824497515,90.0,102.97873423224479
18.339999999999698,-5.399999999981873,50.0,180.0,42.21048244975151,90.0,102.97873423224479,47.78951755024849,90.0,257.0212657677552
18.339999999999698,8.037401924660909,50.0,196.88655851006064,30.243539977413256,90.0,117.84002214423185,59.756460022586744,90.0,242.15997785576815
18.359999999999697,9.561359846208372,-50.0,195.41026485554002,30.493846999072037,90.0,116.49264966427357,120.49384699907203,90.0,131.49264966427359
18.359999999999697,-6.599999999981847,-50.0,180.0,42.57485501069177,90.0,103.01080786276788,132.57485501069178,90.0,103.01080786276788
18.359999999999697,-6.599999999981847,50.0,180.0,42.57485501069177,90.0,103.01080786276788,47.42514498930823,90.0,256.9891921372321
18.359999999999697,9.561359846208372,50.0,195.41026485554002,30.493846999072037,90.0,116.49264966427357,59.506153000927966,90.0,243.50735033572641
18.379999999999697,10.934529411301625,-50.0,193.69094211860153,30.882649805527773,90.0,114.94881982570946,120.88264980552778,90.0,129.94881982570945
18.379999999999697,-7.7999999999818215,-50.0,180.0,42.93560428109675,90.0,103.04930169740655,132.93560428109674,90.0,103.04930169740655
18.379999999999697,-7.7999999999818215,50.0,180.0,42.93560428109675,90.0,103.04930169740655,47.06439571890325,90.0,256.9506983025934
18.379999999999697,10.934529411301625,50.0,193.69094211860153,30.882649805527773,90.0,114.94881982570946,59.11735019447222,90.0,245.05118017429055
18.399999999999697,12.135254915607401,-50.0,191.75570504588032,31.399121880296352,90.0,113.24120616834358,121.39912188029635,90.0,128.24120616834358
18.399999999999697,-8.999999999981796,-50.0,180.0,43.29269538383731,90.0,103.09421874965813,133.29269538383733,90.0,103.09421874965813
18.399999999999697,-8.999999999981796,50.0,180.0,43.29269538383731,90.0,103.09421874965813,46.70730461616269,90.0,256.9057812503419
18.399999999999697,12.135254915607401,50.0,191.75570504588032,31.399121880296352,90.0,113.24120616834358,58.60087811970365,90.0,246.75879383165642
18.419999999999696,13.144600200644158,-50.0,189.63507348206775,32.03184827322492,90.0,111.40348373250065,122.03184827322491,90.0,126.40348373250065
18.419999999999696,-10.19999999998177,-50.0,180.0,43.64609333789775,90.0,103.14556255656821,133.64609333789775,90.0,103.14556255656821
18.419999999999696,-10.19999999998177,50.0,180.0,43.64609333789775,90.0,103.14556255656821,46.35390666210225,90.0,256.8544374434318
18.419999999999696,13.144600200644158,50.0,189.63507348206775,32.03184827322492,90.0,111.40348373250065,57.96815172677508,90.0,248.59651626749934
18.439999999999696,13.946647288313214,-50.0,187.36249105372912,32.76923116007803,90.0,109.46940676814899,122.76923116007802,90.0,124.46940676814899
18.439999999999696,-11.399999999981745,-50.0,180.0,43.99576307033831,90.0,103.20333718862148,133.9957630703383,90.0,103.20333718862148
18.439999999999696,-11.399999999981745,50.0,180.0,43.99576307033831,90.0,103.20333718862148,46.00423692966169,90.0,256.7966628113785
18.439999999999696,13.946647288313214,50.0,187.36249105372912,32.76923116007803,90.0,109.46940676814899,57.23076883992197,90.0,250.53059323185101
18.459999999999695,14.528747416922325,-50.0,184.9737977433342,33.59973571262472,90.0,107.47214231328505,123.59973571262472,90.0,122.47214231328505
18.459999999999695,-12.59999999998172,-50.0,180.0,44.34166942726683,90.0,103.26754726108969,134.34166942726682,90.0,103.26754726108969
18.459999999999695,-12.59999999998172,50.0,180.0,44.34166942726683,90.0,103.26754726108969,45.65833057273317,90.0,256.7324527389103
18.459999999999695,14.528747416922325,50.0,184.9737977433342,33.59973571262472,90.0,107.47214231328505,56.40026428737528,90.0,252.52785768671495
18.479999999999695,14.881720519713564,-50.0,182.50666467132413,34.51199066491951,90.0,105.44382662393218,124.51199066491951,90.0,120.44382662393218
18.479999999999695,-13.799999999981694,-50.0,180.0,44.683777183789076,90.0,103.33819794685436,134.68377718378906,90.0,103.33819794685436
18.479999999999695,-13.799999999981694,50.0,180.0,44.683777183789076,90.0,103.33819794685436,45.316222816210924,90.0,256.6618020531456
18.479999999999695,14.881720519713564,50.0,182.50666467132413,34.51199066491951,90.0,105.44382662393218,55.48800933508049,90.0,254.55617337606782
18.499999999999694,15.0,-50.0,180.0000000000384,35.494767671443434,90.0,103.41529499075783,125.49476767144344,90.0,118.41529499075783
18.499999999999694,-14.999999999981668,-50.0,180.0,45.02205105290615,90.0,103.41529499072576,135.02205105290614,90.0,103.41529499072576
18.499999999999694,-14.999999999981668,50.0,180.0,45.02205105290615,90.0,103.41529499072576,44.97794894709385,90.0,256.5847050092742
18.499999999999694,15.0,50.0,180.0000000000384,35.494767671443434,90.0,103.41529499075783,54.505232328556566,90.0,256.58470500924216
18.519999999999694,13.800000000018358,-50.0,180.0,35.91557665899796,90.0,103.33819794685664,125.91557665899796,90.0,118.33819794685664
18.519999999999694,-14.881720519720782,-50.0,182.50666467124793,43.83523961874792,90.0,105.44382662387002,133.83523961874792,90.0,105.44382662387002
18.519999999999694,-14.881720519720782,50.0,182.50666467124793,43.83523961874792,90.0,105.44382662387002,46.16476038125208,90.0,254.55617337612998
18.519999999999694,13.800000000018358,50.0,180.0,35.91557665899796,90.0,103.33819794685664,54.08442334100204,90.0,256.66180205314333
18.539999999999694,12.600000000018383,-50.0,180.0,36.333323545846916,90.0,103.26754726109175,126.33332354584692,90.0,118.26754726109175
18.539999999999694,-14.528747416936648,-50.0,184.9737977432598,42.58187673393665,90.0,107.47214231322342,132.58187673393667,90.0,107.47214231322342
18.539999999999694,-14.528747416936648,50.0,184.9737977432598,42.58187673393665,90.0,107.47214231322342,47.41812326606335,90.0,252.5278576867766
18.539999999999694,12.600000000018383,50.0,180.0,36.333323545846916,90.0,103.26754726109175,53.666676454153084,90.0,256.73245273890825
18.559999999999693,11.400000000018409,-50.0,180.0,36.747977878998626,90.0,103.20333718862337,126.74797787899863,90.0,118.20333718862337
18.559999999999693,-13.946647288334416,-50.0,187.36249105365772,41.28334782679401,90.00000000000001,109.46940676808877,131.283347826794,89.99999999999999,109.46940676808877
18.559999999999693,-13.946647288334416,50.0,187.36249105365772,41.28334782679401,90.00000000000001,109.46940676808877,48.71665217320599,90.00000000000001,250.5305932319112
18.559999999999693,11.400000000018409,50.0,180.0,36.747977878998626,90.0,103.20333718862337,53.252022121001374,90.0,256.7966628113766
18.579999999999693,10.200000000018434,-50.0,180.0,37.15950877234439,90.0,103.14556255656987,127.1595087723444,90.0,118.14556255656987
18.579999999999693,-13.144600200671904,-50.0,189.63507348200048,39.96210508429681,90.0,111.40348373244287,129.9621050842968,90.0,111.40348373244287
18.579999999999693,-13.144600200671904,50.0,189.63507348200048,39.96210508429681,90.0,111.40348373244287,50.03789491570319,90.0,248.59651626755715
18.579999999999693,10.200000000018434,50.0,180.0,37.15950877234439,90.0,103.14556255656987,52.84049122765561,90.0,256.85443744343013
18.599999999999692,9.00000000001846,-50.0,180.0,37.56788493161294,90.0,103.09421874965962,127.56788493161294,90.0,118.09421874965962
18.599999999999692,-12.135254915641255,-50.0,191.7557050458182,38.641387686439906,90.0,113.24120616828925,128.6413876864399,90.0,113.24120616828925
18.599999999999692,-12.135254915641255,50.0,191.7557050458182,38.641387686439906,90.0,113.24120616828925,51.358612313560094,90.0,246.75879383171076
18.599999999999692,9.00000000001846,50.0,180.0,37.56788493161294,90.0,103.09421874965962,52.43211506838706,90.0,256.9057812503404
18.619999999999692,7.8000000000184855,-50.0,180.0,37.973074678704336,90.0,103.04930169740783,127.97307467870434,90.0,118.04930169740783
18.619999999999692,-10.934529411341051,-50.0,193.69094211854554,37.344883873411646,90.0,114.94881982565961,127.34488387341165,90.0,114.94881982565961
18.619999999999692,-10.934529411341051,50.0,193.69094211854554,37.344883873411646,90.0,114.94881982565961,52.655116126588354,90.0,245.0511801743404
18.619999999999692,7.8000000000184855,50.0,180.0,37.973074678704336,90.0,103.04930169740783,52.026925321295664,90.0,256.9506983025922
18.63999999999969,6.600000000018511,-50.0,180.0,38.37504597540073,90.0,103.01080786276894,128.37504597540072,90.0,118.01080786276894
18.63999999999969,-9.56135984625275,-50.0,195.41026485549108,36.09630608751088,90.0,116.49264966422925,126.09630608751088,90.0,116.49264966422925
18.63999999999969,-9.56135984625275,50.0,195.41026485549108,36.09630608751088,90.0,116.49264966422925,53.90369391248912,90.0,243.50735033577075
18.63999999999969,6.600000000018511,50.0,180.0,38.37504597540073,90.0,103.01080786276894,51.62495402459927,90.0,256.98919213723104
18.65999999999969,5.400000000018537,-50.0,180.0,38.77376644643999,90.0,102.97873423224567,128.77376644644,90.0,117.97873423224567
18.65999999999969,-8.037401924709535,-50.0,196.88655851001948,34.9188581729471,90.00000000000001,117.840022144194,124.9188581729471,89.99999999999999,117.840022144194
18.65999999999969,-8.037401924709535,50.0,196.88655851001948,34.9188581729471,90.00000000000001,117.840022144194,55.0811418270529,90.00000000000001,242.159977855806
18.65999999999969,5.400000000018537,50.0,180.0,38.77376644643999,90.0,102.97873423224567,51.22623355356001,90.0,257.02126576775436
18.67999999999969,4.200000000018562,-50.0,180.0,39.169203401936606,90.0,102.95307830743938,129.1692034019366,90.0,117.95307830743938
18.67999999999969,-6.386689373502471,-50.0,198.09654104930382,33.83459098775705,90.0,118.96044239846492,123.83459098775705,90.0,118.96044239846492
18.67999999999969,-6.386689373502471,50.0,198.09654104930382,33.83459098775705,90.0,118.96044239846492,56.16540901224295,90.0,241.03955760153508
18.67999999999969,4.200000000018562,50.0,180.0,39.169203401936606,90.0,102.95307830743938,50.830796598063394,90.0,257.0469216925606
18.69999999999969,3.000000000018588,-50.0,180.0,39.56132385913314,90.0,102.93383809802867,129.56132385913315,90.0,117.93383809802867
18.69999999999969,-4.63525491565198,-50.0,199.02113032589105,32.86367004228092,90.0,119.8269729184412,122.86367004228092,90.0,119.8269729184412
18.69999999999969,-4.63525491565198,50.0,199.02113032589105,32.86367004228092,90.0,119.8269729184412,57.13632995771908,90.0,240.1730270815588
18.69999999999969,3.000000000018588,50.0,180.0,39.56132385913314,90.0,102.93383809802867,50.43867614086686,90.0,257.0661619019713
18.71999999999969,1.8000000000186134,-50.0,180.0,39.95009456346382,90.0,102.92101211616497,129.95009456346384,90.0,117.92101211616497
18.71999999999969,-2.81071971881459,-50.0,199.64574501456647,32.023612208935404,90.0,120.41769652197972,122.0236122089354,90.0,120.41769652197972
18.71999999999969,-2.81071971881459,50.0,199.64574501456647,32.023612208935404,90.0,120.41769652197972,57.976387791064596,90.0,239.58230347802026
18.71999999999969,1.8000000000186134,50.0,180.0,39.95009456346382,90.0,102.92101211616497,50.04990543653618,90.0,257.078987883835
18.73999999999969,0.600000000018639,-50.0,180.0,40.335482008910446,90.0,102.914599372277,130.33548200891045,90.0,117.914599372277
18.73999999999969,-0.9418577929689216,-50.0,199.960534568563,31.328579304903602,90.00000000000001,120.71708781728462,121.3285793049036,89.99999999999999,120.71708781728462
18.73999999999969,-0.9418577929689216,50.0,199.960534568563,31.328579304903602,90.00000000000001,120.71708781728462,58.6714206950964,90.00000000000001,239.2829121827154
18.73999999999969,0.600000000018639,50.0,180.0,40.335482008910446,90.0,102.914599372277,49.664517991089554,90.0,257.085400627723
18.75999999999969,-0.5999999999813355,-50.0,180.0,40.71745245762986,90.0,102.91459937227691,130.71745245762986,90.0,117.91459937227691
18.75999999999969,0.941857792910439,-50.0,199.96053456856788,30.788832024563366,90.00000000000001,120.71708781728925,120.78883202456336,89.99999999999999,120.71708781728925
18.75999999999969,0.941857792910439,50.0,199.96053456856788,30.788832024563366,90.00000000000001,120.71708781728925,59.21116797543664,90.00000000000001,239.28291218271073
18.75999999999969,-0.5999999999813355,50.0,180.0,40.71745245762986,90.0,102.91459937227691,49.28254754237014,90.0,257.08540062772306
18.77999999999969,-1.7999999999813099,-50.0,180.0,41.09597195883093,90.0,102.92101211616469,131.09597195883094,90.0,117.92101211616469
18.77999999999969,2.810719718757029,-50.0,199.6457450145811,30.410437445561243,90.0,120.41769652199365,120.41043744556124,90.0,120.41769652199365
18.77999999999969,2.810719718757029,50.0,199.6457450145811,30.410437445561243,90.0,120.41769652199365,59.58956255443876,90.0,239.58230347800634
18.77999999999969,-1.7999999999813099,50.0,180.0,41.09597195883093,90.0,102.92101211616469,48.90402804116907,90.0,257.07898788383534
18.799999999999688,-2.9999999999812843,-50.0,180.0,41.471006366877745,90.0,102.93383809802816,131.47100636687776,90.0,117.93383809802816
18.799999999999688,4.635254915596249,-50.0,199.02113032591518,30.195284643886016,90.0,119.82697291846395,120.19528464388601,90.0,119.82697291846395
18.799999999999688,4.635254915596249,50.0,199.02113032591518,30.195284643886016,90.0,119.82697291846395,59.80471535611399,90.0,240.17302708153605
18.799999999999688,-2.9999999999812843,50.0,180.0,41.471006366877745,90.0,102.93383809802816,48.528993633122255,90.0,257.06616190197184
18.819999999999688,-4.199999999981259,-50.0,180.0,41.84252135859515,90.0,102.95307830743869,131.84252135859515,90.0,117.95307830743869
18.819999999999688,6.3866893734494505,-50.0,198.0965410493371,30.141405471584203,90.00000000000001,118.96044239849597,120.1414054715842,89.99999999999999,118.96044239849597
18.819999999999688,6.3866893734494505,50.0,198.0965410493371,30.141405471584203,90.00000000000001,118.96044239849597,59.85859452841579,90.00000000000001,241.03955760150404
18.819999999999688,-4.199999999981259,50.0,180.0,41.84252135859515,90.0,102.95307830743869,48.15747864140485,90.0,257.04692169256134
18.839999999999687,-5.399999999981233,-50.0,180.0,42.21048244975131,90.0,102.97873423224479,132.2104824497513,90.0,117.97873423224479
18.839999999999687,8.03740192466006,-50.0,196.88655851006138,30.24353997741316,90.0,117.84002214423252,120.24353997741316,90.0,117.84002214423252
18.839999999999687,8.03740192466006,50.0,196.88655851006138,30.24353997741316,90.0,117.84002214423252,59.756460022586836,90.0,242.15997785576747
18.839999999999687,-5.399999999981233,50.0,180.0,42.21048244975131,90.0,102.97873423224479,47.78951755024869,90.0,257.0212657677552
18.859999999999687,-6.599999999981208,-50.0,180.0,42.57485501069158,90.0,103.01080786276785,132.57485501069158,90.0,118.01080786276785
18.859999999999687,9.561359846207598,-50.0,195.41026485554087,30.493846999071845,90.00000000000001,116.49264966427437,120.49384699907185,89.99999999999999,116.49264966427437
18.859999999999687,9.561359846207598,50.0,195.41026485554087,30.493846999071845,90.00000000000001,116.49264966427437,59.50615300092815,90.00000000000001,243.50735033572562
18.859999999999687,-6.599999999981208,50.0,180.0,42.57485501069158,90.0,103.01080786276785,47.42514498930842,90.0,256.9891921372322
18.879999999999686,-7.799999999981182,-50.0,180.0,42.935604281096566,90.0,103.04930169740652,132.93560428109657,90.0,118.04930169740652
18.879999999999686,10.934529411300938,-50.0,193.6909421186025,30.882649805527535,90.0,114.94881982571033,120.88264980552754,90.0,114.94881982571033
18.879999999999686,10.934529411300938,50.0,193.6909421186025,30.882649805527535,90.0,114.94881982571033,59.117350194472465,90.0,245.05118017428967
18.879999999999686,-7.799999999981182,50.0,180.0,42.935604281096566,90.0,103.04930169740652,47.064395718903434,90.0,256.9506983025935
18.899999999999686,-8.999999999981156,-50.0,180.0,43.29269538383713,90.0,103.0942187496581,133.29269538383713,90.0,118.0942187496581
18.899999999999686,12.135254915606813,-50.0,191.7557050458814,31.399121880296036,90.0,113.24120616834453,121.39912188029604,90.0,113.24120616834453
18.899999999999686,12.135254915606813,50.0,191.7557050458814,31.399121880296036,90.0,113.24120616834453,58.600878119703964,90.0,246.75879383165545
18.899999999999686,-8.999999999981156,50.0,180.0,43.29269538383713,90.0,103.0942187496581,46.70730461616287,90.0,256.9057812503419
18.919999999999686,-10.19999999998113,-50.0,180.0,43.64609333789756,90.0,103.14556255656818,133.64609333789755,90.0,118.14556255656818
18.919999999999686,13.144600200643673,-50.0,189.63507348206895,32.03184827322453,90.0,111.40348373250168,122.03184827322454,90.0,111.40348373250168
18.919999999999686,13.144600200643673,50.0,189.63507348206895,32.03184827322453,90.0,111.40348373250168,57.96815172677547,90.0,248.59651626749832
18.919999999999686,-10.19999999998113,50.0,180.0,43.64609333789756,90.0,103.14556255656818,46.35390666210244,90.0,256.85443744343183
18.939999999999685,-11.399999999981105,-50.0,180.0,43.99576307033812,90.0,103.20333718862146,133.9957630703381,90.0,118.20333718862146
18.939999999999685,13.946647288312846,-50.0,187.36249105373037,32.769231160077595,90.00000000000001,109.46940676815008,122.7692311600776,89.99999999999999,109.46940676815008
18.939999999999685,13.946647288312846,50.0,187.36249105373037,32.769231160077595,90.00000000000001,109.46940676815008,57.230768839922405,90.00000000000001,250.53059323184993
18.939999999999685,-11.399999999981105,50.0,180.0,43.99576307033812,90.0,103.20333718862146,46.00423692966188,90.0,256.79666281137855
18.959999999999685,-12.59999999998108,-50.0,180.0,44.34166942726666,90.0,103.26754726108965,134.34166942726665,90.0,118.26754726108965
18.959999999999685,14.528747416922075,-50.0,184.97379774333547,33.59973571262424,90.0,107.47214231328614,123.59973571262424,90.0,107.47214231328614
18.959999999999685,14.528747416922075,50.0,184.97379774333547,33.59973571262424,90.0,107.47214231328614,56.40026428737576,90.0,252.52785768671384
18.959999999999685,-12.59999999998108,50.0,180.0,44.34166942726666,90.0,103.26754726108965,45.65833057273334,90.0,256.73245273891035
18.979999999999684,-13.799999999981054,-50.0,180.0,44.68377718378889,90.0,103.33819794685435,134.6837771837889,90.0,118.33819794685435
18.979999999999684,14.881720519713438,-50.0,182.50666467132547,34.51199066491901,90.0,105.44382662393326,124.51199066491901,90.0,105.44382662393326
18.979999999999684,14.881720519713438,50.0,182.50666467132547,34.51199066491901,90.0,105.44382662393326,55.48800933508099,90.0,254.55617337606674
18.979999999999684,-13.799999999981054,50.0,180.0,44.68377718378889,90.0,103.33819794685435,45.31622281621111,90.0,256.66180205314566
18.999999999999684,-14.999999999981029,-50.0,180.0,45.02205105290597,90.0,103.41529499072571,135.02205105290597,90.0,118.41529499072571
18.999999999999684,15.0,-50.0,180.00000000003973,35.4947676714429,90.0,103.41529499075891,125.4947676714429,90.0,103.41529499075891
18.999999999999684,15.0,50.0,180.00000000003973,35.4947676714429,90.0,103.41529499075891,54.5052323285571,90.0,256.5847050092411
18.999999999999684,-14.999999999981029,50.0,180.0,45.02205105290597,90.0,103.41529499072571,44.97794894709403,90.0,256.5847050092743
19.019999999999683,-14.881720519720908,-50.0,182.5066646712466,43.83523961874857,90.0,105.44382662386894,133.83523961874857,90.0,120.44382662386894
19.019999999999683,13.800000000018997,-50.0,180.0,35.915576658997736,90.0,103.33819794685668,125.91557665899774,90.0,103.33819794685668
19.019999999999683,13.800000000018997,50.0,180.0,35.915576658997736,90.0,103.33819794685668,54.084423341002264,90.0,256.66180205314333
19.019999999999683,-14.881720519720908,50.0,182.5066646712466,43.83523961874857,90.0,105.44382662386894,46.16476038125143,90.0,254.55617337613106
19.039999999999683,-14.528747416936898,-50.0,184.9737977432585,42.58187673393734,90.0,107.47214231322232,132.58187673393735,90.0,122.47214231322232
19.039999999999683,12.600000000019023,-50.0,180.0,36.3333235458467,90.0,103.26754726109176,126.3333235458467,90.0,103.26754726109176
19.039999999999683,12.600000000019023,50.0,180.0,36.3333235458467,90.0,103.26754726109176,53.6666764541533,90.0,256.73245273890825
19.039999999999683,-14.528747416936898,50.0,184.9737977432585,42.58187673393734,90.0,107.47214231322232,47.41812326606266,90.0,252.52785768677768
19.059999999999683,-13.946647288334786,-50.0,187.36249105365647,41.28334782679471,90.0,109.46940676808771,131.2833478267947,90.0,124.46940676808771
19.059999999999683,11.400000000019048,-50.0,180.0,36.747977878998405,90.0,103.20333718862338,126.7479778789984,90.0,103.20333718862338
19.059999999999683,11.400000000019048,50.0,180.0,36.747977878998405,90.0,103.20333718862338,53.252022121001595,90.0,256.7966628113766
19.059999999999683,-13.946647288334786,50.0,187.36249105365647,41.28334782679471,90.0,109.46940676808771,48.71665217320529,90.0,250.5305932319123
19.079999999999682,-13.144600200672388,-50.0,189.6350734819993,39.96210508429751,90.0,111.40348373244186,129.96210508429752,90.0,126.40348373244186
19.079999999999682,10.200000000019074,-50.0,180.0,37.15950877234418,90.0,103.14556255656989,127.15950877234418,90.0,103.14556255656989
19.079999999999682,10.200000000019074,50.0,180.0,37.15950877234418,90.0,103.14556255656989,52.84049122765582,90.0,256.85443744343013
19.079999999999682,-13.144600200672388,50.0,189.6350734819993,39.96210508429751,90.0,111.40348373244186,50.03789491570249,90.0,248.59651626755814
19.09999999999968,-12.135254915641847,-50.0,191.7557050458171,38.64138768644062,90.0,113.24120616828829,128.64138768644062,90.0,128.24120616828827
19.09999999999968,9.0000000000191,-50.0,180.0,37.56788493161273,90.0,103.09421874965963,127.56788493161272,90.0,103.09421874965963
19.09999999999968,9.0000000000191,50.0,180.0,37.56788493161273,90.0,103.09421874965963,52.43211506838727,90.0,256.9057812503404
19.09999999999968,-12.135254915641847,50.0,191.7557050458171,38.64138768644062,90.0,113.24120616828829,51.35861231355938,90.0,246.75879383171173
19.11999999999968,-10.934529411341739,-50.0,193.69094211854457,37.344883873412314,90.0,114.94881982565877,127.34488387341231,90.0,129.94881982565877
19.11999999999968,7.800000000019125,-50.0,180.0,37.973074678704116,90.0,103.04930169740786,127.97307467870411,90.0,103.04930169740786
19.11999999999968,7.800000000019125,50.0,180.0,37.973074678704116,90.0,103.04930169740786,52.026925321295884,90.0,256.9506983025922
19.11999999999968,-10.934529411341739,50.0,193.69094211854457,37.344883873412314,90.0,114.94881982565877,52.655116126587686,90.0,245.05118017434123
19.13999999999968,-9.561359846253524,-50.0,195.41026485549023,36.09630608751154,90.0,116.49264966422847,126.09630608751155,90.0,131.49264966422845
19.13999999999968,6.6000000000191505,-50.0,180.0,38.375045975400525,90.0,103.01080786276897,128.37504597540052,90.0,103.01080786276897
19.13999999999968,6.6000000000191505,50.0,180.0,38.375045975400525,90.0,103.01080786276897,51.624954024599475,90.0,256.98919213723104
19.13999999999968,-9.561359846253524,50.0,195.41026485549023,36.09630608751154,90.0,116.49264966422847,53.90369391248846,90.0,243.50735033577155
19.15999999999968,-8.03740192471038,-50.0,196.88655851001877,34.9188581729477,90.00000000000001,117.84002214419333,124.9188581729477,89.99999999999999,132.8400221441933
19.15999999999968,5.400000000019176,-50.0,180.0,38.77376644643978,90.0,102.9787342322457,128.77376644643977,90.0,102.9787342322457
19.15999999999968,5.400000000019176,50.0,180.0,38.77376644643978,90.0,102.9787342322457,51.22623355356022,90.0,257.0212657677543
19.15999999999968,-8.03740192471038,50.0,196.88655851001877,34.9188581729477,90.00000000000001,117.84002214419333,55.0811418270523,90.00000000000001,242.1599778558067
19.17999999999968,-6.386689373503382,-50.0,198.09654104930326,33.834590987757586,90.0,118.96044239846442,123.8345909877576,90.0,133.9604423984644
19.17999999999968,4.200000000019202,-50.0,180.0,39.1692034019364,90.0,102.95307830743938,129.1692034019364,90.0,102.95307830743938
19.17999999999968,4.200000000019202,50.0,180.0,39.1692034019364,90.0,102.95307830743938,50.8307965980636,90.0,257.0469216925606
19.17999999999968,-6.386689373503382,50.0,198.09654104930326,33.834590987757586,90.0,118.96044239846442,56.165409012242414,90.0,241.0395576015356
19.19999999999968,-4.635254915652936,-50.0,199.02113032589062,32.863670042281406,90.00000000000001,119.82697291844083,122.8636700422814,89.99999999999999,134.82697291844084
19.19999999999968,3.0000000000192273,-50.0,180.0,39.56132385913293,90.0,102.93383809802867,129.56132385913293,90.0,102.93383809802867
19.19999999999968,3.0000000000192273,50.0,180.0,39.56132385913293,90.0,102.93383809802867,50.43867614086707,90.0,257.0661619019713
19.19999999999968,-4.635254915652936,50.0,199.02113032589062,32.863670042281406,90.00000000000001,119.82697291844083,57.136329957718594,90.00000000000001,240.17302708155916
19.21999999999968,-2.810719718815578,-50.0,199.64574501456622,32.02361220893581,90.0,120.4176965219795,122.02361220893582,90.0,135.4176965219795
19.21999999999968,1.8000000000192529,-50.0,180.0,39.950094563463615,90.0,102.92101211616497,129.9500945634636,90.0,102.92101211616497
19.21999999999968,1.8000000000192529,50.0,180.0,39.950094563463615,90.0,102.92101211616497,50.049905436536385,90.0,257.078987883835
19.21999999999968,-2.810719718815578,50.0,199.64574501456622,32.02361220893581,90.0,120.4176965219795,57.97638779106419,90.0,239.5823034780205
19.23999999999968,-0.9418577929699256,-50.0,199.9605345685629,31.328579304903954,90.0,120.71708781728452,121.32857930490395,90.0,135.71708781728452
19.23999999999968,0.6000000000192784,-50.0,180.0,40.33548200891024,90.0,102.914599372277,130.33548200891025,90.0,102.914599372277
19.23999999999968,0.6000000000192784,50.0,180.0,40.33548200891024,90.0,102.914599372277,49.66451799108976,90.0,257.085400627723
19.23999999999968,-0.9418577929699256,50.0,199.9605345685629,31.328579304903954,90.0,120.71708781728452,58.671420695096046,90.0,239.28291218271548
19.25999999999968,0.9418577929094384,-50.0,199.96053456856797,30.788832024563597,90.0,120.71708781728935,120.78883202456359,90.0,135.71708781728935
19.25999999999968,-0.599999999980696,-50.0,180.0,40.717452457629655,90.0,102.91459937227691,130.71745245762966,90.0,102.91459937227691
19.25999999999968,-0.599999999980696,50.0,180.0,40.717452457629655,90.0,102.91459937227691,49.282547542370345,90.0,257.08540062772306
19.25999999999968,0.9418577929094384,50.0,199.96053456856797,30.788832024563597,90.0,120.71708781728935,59.2111679754364,90.0,239.28291218271065
19.279999999999678,2.8107197187560446,-50.0,199.64574501458137,30.410437445561406,90.0,120.41769652199385,120.4104374455614,90.0,135.41769652199383
19.279999999999678,-1.7999999999806704,-50.0,180.0,41.095971958830724,90.0,102.92101211616469,131.09597195883072,90.0,102.92101211616469
19.279999999999678,-1.7999999999806704,50.0,180.0,41.095971958830724,90.0,102.92101211616469,48.904028041169276,90.0,257.07898788383534
19.279999999999678,2.8107197187560446,50.0,199.64574501458137,30.410437445561406,90.0,120.41769652199385,59.589562554438594,90.0,239.58230347800617
19.299999999999677,4.635254915595295,-50.0,199.0211303259156,30.19528464388609,90.0,119.82697291846434,120.19528464388608,90.0,134.82697291846432
19.299999999999677,-2.999999999980645,-50.0,180.0,41.47100636687754,90.0,102.93383809802816,131.47100636687753,90.0,102.93383809802816
19.299999999999677,-2.999999999980645,50.0,180.0,41.47100636687754,90.0,102.93383809802816,48.52899363312246,90.0,257.06616190197184
19.299999999999677,4.635254915595295,50.0,199.0211303259156,30.19528464388609,90.0,119.82697291846434,59.80471535611391,90.0,240.17302708153568
19.319999999999677,6.38668937344854,-50.0,198.09654104933767,30.141405471584193,90.00000000000001,118.96044239849648,120.14140547158419,89.99999999999999,133.96044239849647
19.319999999999677,-4.199999999980619,-50.0,180.0,41.842521358594944,90.0,102.95307830743869,131.84252135859495,90.0,102.95307830743869
19.319999999999677,-4.199999999980619,50.0,180.0,41.842521358594944,90.0,102.95307830743869,48.157478641405056,90.0,257.04692169256134
19.319999999999677,6.38668937344854,50.0,198.09654104933767,30.141405471584193,90.00000000000001,118.96044239849648,59.85859452841581,90.00000000000001,241.03955760150353
19.339999999999677,8.03740192465921,-50.0,196.8865585100621,30.24353997741308,90.0,117.84002214423315,120.24353997741308,90.0,132.84002214423316
19.339999999999677,-5.399999999980594,-50.0,180.0,42.210482449751126,90.0,102.97873423224476,132.2104824497511,90.0,102.97873423224476
19.339999999999677,-5.399999999980594,50.0,180.0,42.210482449751126,90.0,102.97873423224476,47.789517550248874,90.0,257.02126576775527
19.339999999999677,8.03740192465921,50.0,196.8865585100621,30.24353997741308,90.0,117.84002214423315,59.75646002258692,90.0,242.15997785576684
19.359999999999676,9.561359846206829,-50.0,195.41026485554173,30.493846999071692,90.0,116.49264966427512,120.49384699907169,90.0,131.49264966427512
19.359999999999676,-6.599999999980568,-50.0,180.0,42.57485501069139,90.0,103.01080786276782,132.57485501069138,90.0,103.01080786276782
19.359999999999676,-6.599999999980568,50.0,180.0,42.57485501069139,90.0,103.01080786276782,47.42514498930861,90.0,256.9891921372322
19.359999999999676,9.561359846206829,50.0,195.41026485554173,30.493846999071692,90.0,116.49264966427512,59.50615300092831,90.0,243.50735033572488
19.379999999999676,10.934529411300248,-50.0,193.6909421186035,30.882649805527276,90.0,114.94881982571121,120.88264980552728,90.0,129.9488198257112
19.379999999999676,-7.7999999999805425,-50.0,180.0,42.935604281096374,90.0,103.04930169740649,132.93560428109637,90.0,103.04930169740649
19.379999999999676,-7.7999999999805425,50.0,180.0,42.935604281096374,90.0,103.04930169740649,47.064395718903626,90.0,256.95069830259354
19.379999999999676,10.934529411300248,50.0,193.6909421186035,30.882649805527276,90.0,114.94881982571121,59.11735019447272,90.0,245.0511801742888
19.399999999999675,12.135254915606223,-50.0,191.75570504588248,31.39912188029574,90.0,113.24120616834546,121.39912188029574,90.0,128.24120616834546
19.399999999999675,-8.999999999980517,-50.0,180.0,43.292695383836936,90.0,103.09421874965807,133.29269538383693,90.0,103.09421874965807
19.399999999999675,-8.999999999980517,50.0,180.0,43.292695383836936,90.0,103.09421874965807,46.707304616163064,90.0,256.90578125034193
19.399999999999675,12.135254915606223,50.0,191.75570504588248,31.39912188029574,90.0,113.24120616834546,58.60087811970426,90.0,246.75879383165454
19.419999999999675,13.14460020064319,-50.0,189.6350734820701,32.03184827322418,90.0,111.40348373250268,122.03184827322417,90.0,126.40348373250268
19.419999999999675,-10.199999999980491,-50.0,180.0,43.64609333789737,90.0,103.14556255656814,133.64609333789736,90.0,103.14556255656814
19.419999999999675,-10.199999999980491,50.0,180.0,43.64609333789737,90.0,103.14556255656814,46.35390666210263,90.0,256.85443744343183
19.419999999999675,13.14460020064319,50.0,189.6350734820701,32.03184827322418,90.0,111.40348373250268,57.96815172677582,90.0,248.59651626749732
19.439999999999674,13.946647288312477,-50.0,187.3624910537316,32.76923116007719,90.0,109.46940676815109,122.7692311600772,90.0,124.46940676815109
19.439999999999674,-11.399999999980466,-50.0,180.0,43.995763070337944,90.0,103.20333718862142,133.99576307033794,90.0,103.20333718862142
19.439999999999674,-11.399999999980466,50.0,180.0,43.995763070337944,90.0,103.20333718862142,46.004236929662056,90.0,256.7966628113786
19.439999999999674,13.946647288312477,50.0,187.3624910537316,32.76923116007719,90.0,109.46940676815109,57.23076883992281,90.0,250.5305932318489
19.459999999999674,14.528747416921826,-50.0,184.97379774333677,33.599735712623776,90.0,107.47214231328722,123.59973571262378,90.0,122.47214231328722
19.459999999999674,-12.59999999998044,-50.0,180.0,44.34166942726647,90.0,103.26754726108962,134.34166942726648,90.0,103.26754726108962
19.459999999999674,-12.59999999998044,50.0,180.0,44.34166942726647,90.0,103.26754726108962,45.65833057273353,90.0,256.7324527389104
19.459999999999674,14.528747416921826,50.0,184.97379774333677,33.599735712623776,90.0,107.47214231328722,56.400264287376224,90.0,252.52785768671276
19.479999999999674,14.881720519713312,-50.0,182.50666467132677,34.51199066491852,90.0,105.4438266239343,124.51199066491853,90.0,120.4438266239343
19.479999999999674,-13.799999999980415,-50.0,180.0,44.68377718378872,90.0,103.33819794685431,134.68377718378872,90.0,103.33819794685431
19.479999999999674,-13.799999999980415,50.0,180.0,44.68377718378872,90.0,103.33819794685431,45.31622281621128,90.0,256.6618020531457
19.479999999999674,14.881720519713312,50.0,182.50666467132677,34.51199066491852,90.0,105.4438266239343,55.48800933508148,90.0,254.55617337606571
19.499999999999673,15.0,-50.0,180.00000000004107,35.49476767144236,90.0,103.41529499075997,125.49476767144236,90.0,118.41529499075997
19.499999999999673,-14.999999999980389,-50.0,180.0,45.02205105290579,90.0,103.41529499072567,135.0220510529058,90.0,103.41529499072567
19.499999999999673,-14.999999999980389,50.0,180.0,45.02205105290579,90.0,103.41529499072567,44.97794894709421,90.0,256.58470500927433
19.499999999999673,15.0,50.0,180.00000000004107,35.49476767144236,90.0,103.41529499075997,54.50523232855764,90.0,256.58470500924
19.519999999999673,13.800000000019637,-50.0,180.0,35.915576658997516,90.0,103.33819794685671,125.91557665899751,90.0,118.33819794685671
19.519999999999673,-14.881720519721034,-50.0,182.5066646712453,43.83523961874923,90.00000000000001,105.44382662386785,133.83523961874923,89.99999999999999,105.44382662386785
19.519999999999673,-14.881720519721034,50.0,182.5066646712453,43.83523961874923,90.00000000000001,105.44382662386785,46.16476038125077,90.00000000000001,254.55617337613216
19.519999999999673,13.800000000019637,50.0,180.0,35.915576658997516,90.0,103.33819794685671,54.084423341002484,90.0,256.6618020531433
19.539999999999672,12.600000000019662,-50.0,180.0,36.33332354584648,90.0,103.26754726109182,126.33332354584648,90.0,118.26754726109182
19.539999999999672,-14.528747416937149,-50.0,184.97379774325722,42.581876733938,90.0,107.47214231322128,132.581876733938,90.0,107.47214231322128
19.539999999999672,-14.528747416937149,50.0,184.97379774325722,42.581876733938,90.0,107.47214231322128,47.418123266062,90.0,252.5278576867787
19.539999999999672,12.600000000019662,50.0,180.0,36.33332354584648,90.0,103.26754726109182,53.66667645415352,90.0,256.7324527389082
19.559999999999672,11.400000000019688,-50.0,180.0,36.74797787899818,90.0,103.20333718862342,126.74797787899817,90.0,118.20333718862342
19.559999999999672,-13.946647288335155,-50.0,187.36249105365522,41.28334782679539,90.00000000000001,109.4694067680867,131.2833478267954,89.99999999999999,109.4694067680867
19.559999999999672,-13.946647288335155,50.0,187.36249105365522,41.28334782679539,90.00000000000001,109.4694067680867,48.71665217320461,90.00000000000001,250.53059323191331
19.559999999999672,11.400000000019688,50.0,180.0,36.74797787899818,90.0,103.20333718862342,53.25202212100182,90.0,256.79666281137656
19.57999999999967,10.200000000019713,-50.0,180.0,37.15950877234397,90.0,103.14556255656991,127.15950877234397,90.0,118.14556255656991
19.57999999999967,-13.144600200672873,-50.0,189.63507348199812,39.96210508429823,90.0,111.40348373244083,129.96210508429823,90.0,111.40348373244083
19.57999999999967,-13.144600200672873,50.0,189.63507348199812,39.96210508429823,90.0,111.40348373244083,50.03789491570177,90.0,248.59651626755917
19.57999999999967,10.200000000019713,50.0,180.0,37.15950877234397,90.0,103.14556255656991,52.84049122765603,90.0,256.8544374434301
19.59999999999967,9.000000000019739,-50.0,180.0,37.56788493161251,90.0,103.09421874965965,127.56788493161251,90.0,118.09421874965965
19.59999999999967,-12.135254915642436,-50.0,191.75570504581603,38.64138768644131,90.00000000000001,113.24120616828735,128.6413876864413,89.99999999999999,113.24120616828735
19.59999999999967,-12.135254915642436,50.0,191.75570504581603,38.64138768644131,90.00000000000001,113.24120616828735,51.35861231355869,90.00000000000001,246.75879383171264
19.59999999999967,9.000000000019739,50.0,180.0,37.56788493161251,90.0,103.09421874965965,52.43211506838749,90.0,256.90578125034034
19.61999999999967,7.8000000000197645,-50.0,180.0,37.9730746787039,90.0,103.04930169740787,127.97307467870391,90.0,118.04930169740787
19.61999999999967,-10.934529411342426,-50.0,193.6909421185436,37.344883873412996,90.0,114.94881982565789,127.344883873413,90.0,114.94881982565789
19.61999999999967,-10.934529411342426,50.0,193.6909421185436,37.344883873412996,90.0,114.94881982565789,52.655116126587004,90.0,245.0511801743421
19.61999999999967,7.8000000000197645,50.0,180.0,37.9730746787039,90.0,103.04930169740787,52.0269253212961,90.0,256.9506983025921
19.63999999999967,6.60000000001979,-50.0,180.0,38.375045975400305,90.0,103.010807862769,128.3750459754003,90.0,118.010807862769
19.63999999999967,-9.561359846254298,-50.0,195.41026485548937,36.096306087512176,90.00000000000001,116.4926496642277,126.09630608751218,89.99999999999999,116.4926496642277
19.63999999999967,-9.561359846254298,50.0,195.41026485548937,36.096306087512176,90.00000000000001,116.4926496642277,53.903693912487824,90.00000000000001,243.5073503357723
19.63999999999967,6.60000000001979,50.0,180.0,38.375045975400305,90.0,103.010807862769,51.624954024599695,90.0,256.989192137231
19.65999999999967,5.400000000019816,-50.0,180.0,38.773766446439566,90.0,102.97873423224571,128.77376644643957,90.0,117.97873423224571
19.65999999999967,-8.037401924711231,-50.0,196.88655851001806,34.9188581729483,90.0,117.84002214419269,124.91885817294829,90.0,117.84002214419269
19.65999999999967,-8.037401924711231,50.0,196.88655851001806,34.9188581729483,90.0,117.84002214419269,55.0811418270517,90.0,242.1599778558073
19.65999999999967,5.400000000019816,50.0,180.0,38.773766446439566,90.0,102.97873423224571,51.226233553560434,90.0,257.0212657677543
19.67999999999967,4.200000000019841,-50.0,180.0,39.16920340193619,90.0,102.95307830743941,129.1692034019362,90.0,117.95307830743941
19.67999999999967,-6.386689373504291,-50.0,198.0965410493027,33.83459098775813,90.0,118.96044239846388,123.83459098775813,90.0,118.96044239846388
19.67999999999967,-6.386689373504291,50.0,198.0965410493027,33.83459098775813,90.0,118.96044239846388,56.16540901224187,90.0,241.0395576015361
19.67999999999967,4.200000000019841,50.0,180.0,39.16920340193619,90.0,102.95307830743941,50.83079659806381,90.0,257.0469216925606
19.69999999999967,3.0000000000198668,-50.0,180.0,39.56132385913272,90.0,102.93383809802869,129.56132385913273,90.0,117.93383809802869
19.69999999999967,-4.635254915653889,-50.0,199.02113032589023,32.86367004228187,90.00000000000001,119.82697291844045,122.86367004228187,89.99999999999999,119.82697291844045
19.69999999999967,-4.635254915653889,50.0,199.02113032589023,32.86367004228187,90.00000000000001,119.82697291844045,57.13632995771813,90.00000000000001,240.17302708155955
19.69999999999967,3.0000000000198668,50.0,180.0,39.56132385913272,90.0,102.93383809802869,50.43867614086728,90.0,257.0661619019713
19.71999999999967,1.8000000000198924,-50.0,180.0,39.950094563463416,90.0,102.92101211616497,129.9500945634634,90.0,117.92101211616497
19.71999999999967,-2.8107197188165625,-50.0,199.64574501456596,32.02361220893622,90.0,120.41769652197924,122.02361220893621,90.0,120.41769652197924
19.71999999999967,-2.8107197188165625,50.0,199.64574501456596,32.02361220893622,90.0,120.41769652197924,57.97638779106378,90.0,239.58230347802078
19.71999999999967,1.8000000000198924,50.0,180.0,39.950094563463416,90.0,102.92101211616497,50.049905436536584,90.0,257.078987883835
19.739999999999668,0.6000000000199179,-50.0,180.0,40.33548200891004,90.0,102.914599372277,130.33548200891005,90.0,117.914599372277
19.739999999999668,-0.9418577929709261,-50.0,199.96053456856282,31.32857930490429,90.00000000000001,120.71708781728442,121.3285793049043,89.99999999999999,120.71708781728442
19.739999999999668,-0.9418577929709261,50.0,199.96053456856282,31.32857930490429,90.00000000000001,120.71708781728442,58.671420695095705,90.00000000000001,239.28291218271556
19.739999999999668,0.6000000000199179,50.0,180.0,40.33548200891004,90.0,102.914599372277,49.66451799108996,90.0,257.085400627723
19.759999999999668,-0.5999999999800565,-50.0,180.0,40.717452457629456,90.0,102.91459937227691,130.71745245762946,90.0,117.91459937227691
19.759999999999668,0.9418577929084346,-50.0,199.96053456856805,30.78883202456385,90.0,120.71708781728944,120.78883202456385,90.0,120.71708781728944
19.759999999999668,0.9418577929084346,50.0,199.96053456856805,30.78883202456385,90.0,120.71708781728944,59.211167975436155,90.0,239.28291218271056
19.759999999999668,-0.5999999999800565,50.0,180.0,40.717452457629456,90.0,102.91459937227691,49.282547542370544,90.0,257.08540062772306
19.779999999999667,-1.799999999980031,-50.0,180.0,41.09597195883052,90.0,102.92101211616469,131.09597195883052,90.0,117.92101211616469
19.779999999999667,2.8107197187550566,-50.0,199.64574501458162,30.410437445561552,90.00000000000001,120.4176965219941,120.41043744556156,89.99999999999999,120.4176965219941
19.779999999999667,2.8107197187550566,50.0,199.64574501458162,30.410437445561552,90.00000000000001,120.4176965219941,59.589562554438444,90.00000000000001,239.58230347800588
19.779999999999667,-1.799999999980031,50.0,180.0,41.09597195883052,90.0,102.92101211616469,48.90402804116948,90.0,257.07898788383534
19.799999999999667,-2.9999999999800053,-50.0,180.0,41.47100636687735,90.0,102.93383809802815,131.47100636687736,90.0,117.93383809802815
19.799999999999667,4.635254915594339,-50.0,199.021130325916,30.195284643886154,90.0,119.82697291846475,120.19528464388615,90.0,119.82697291846475
19.799999999999667,4.635254915594339,50.0,199.021130325916,30.195284643886154,90.0,119.82697291846475,59.804715356113846,90.0,240.17302708153525
19.799999999999667,-2.9999999999800053,50.0,180.0,41.47100636687735,90.0,102.93383809802815,48.52899363312265,90.0,257.06616190197184
19.819999999999666,-4.19999999997998,-50.0,180.0,41.84252135859476,90.0,102.95307830743866,131.84252135859475,90.0,117.95307830743866
19.819999999999666,6.386689373447636,-50.0,198.09654104933824,30.141405471584175,90.0,118.96044239849704,120.14140547158418,90.0,118.96044239849704
19.819999999999666,6.386689373447636,50.0,198.09654104933824,30.141405471584175,90.0,118.96044239849704,59.85859452841582,90.0,241.03955760150296
19.819999999999666,-4.19999999997998,50.0,180.0,41.84252135859476,90.0,102.95307830743866,48.15747864140524,90.0,257.04692169256134
19.839999999999666,-5.399999999979954,-50.0,180.0,42.21048244975092,90.0,102.97873423224476,132.2104824497509,90.0,117.97873423224476
19.839999999999666,8.037401924658361,-50.0,196.8865585100628,30.243539977412972,90.0,117.84002214423384,120.24353997741298,90.0,117.84002214423384
19.839999999999666,8.037401924658361,50.0,196.8865585100628,30.243539977412972,90.0,117.84002214423384,59.75646002258703,90.0,242.15997785576616
19.839999999999666,-5.399999999979954,50.0,180.0,42.21048244975092,90.0,102.97873423224476,47.78951755024908,90.0,257.02126576775527
19.859999999999665,-6.599999999979929,-50.0,180.0,42.57485501069118,90.0,103.01080786276782,132.57485501069118,90.0,118.01080786276782
19.859999999999665,9.561359846206052,-50.0,195.41026485554258,30.493846999071533,90.0,116.49264966427586,120.49384699907154,90.0,116.49264966427586
19.859999999999665,9.561359846206052,50.0,195.41026485554258,30.493846999071533,90.0,116.49264966427586,59.506153000928464,90.0,243.50735033572414
19.859999999999665,-6.599999999979929,50.0,180.0,42.57485501069118,90.0,103.01080786276782,47.42514498930882,90.0,256.9891921372322
19.879999999999665,-7.799999999979903,-50.0,180.0,42.935604281096175,90.0,103.04930169740648,132.93560428109618,90.0,118.04930169740648
19.879999999999665,10.934529411299561,-50.0,193.69094211860445,30.882649805527045,90.0,114.94881982571205,120.88264980552705,90.0,114.94881982571205
19.879999999999665,10.934529411299561,50.0,193.69094211860445,30.882649805527045,90.0,114.94881982571205,59.117350194472955,90.0,245.05118017428794
19.879999999999665,-7.799999999979903,50.0,180.0,42.935604281096175,90.0,103.04930169740648,47.064395718903825,90.0,256.95069830259354
19.899999999999665,-8.999999999979877,-50.0,180.0,43.29269538383674,90.0,103.09421874965805,133.29269538383673,90.0,118.09421874965805
19.899999999999665,12.135254915605632,-50.0,191.75570504588356,31.399121880295436,90.0,113.24120616834642,121.39912188029544,90.0,113.24120616834642
19.899999999999665,12.135254915605632,50.0,191.75570504588356,31.399121880295436,90.0,113.24120616834642,58.60087811970456,90.0,246.75879383165358
19.899999999999665,-8.999999999979877,50.0,180.0,43.29269538383674,90.0,103.09421874965805,46.70730461616326,90.0,256.90578125034193
19.919999999999664,-10.199999999979852,-50.0,180.0,43.646093337897184,90.0,103.14556255656812,133.64609333789718,90.0,118.14556255656812
19.919999999999664,13.144600200642708,-50.0,189.63507348207128,32.03184827322382,90.00000000000001,111.40348373250366,122.03184827322383,89.99999999999999,111.40348373250366
19.919999999999664,13.144600200642708,50.0,189.63507348207128,32.03184827322382,90.00000000000001,111.40348373250366,57.96815172677618,90.00000000000001,248.59651626749633
19.919999999999664,-10.199999999979852,50.0,180.0,43.646093337897184,90.0,103.14556255656812,46.353906662102816,90.0,256.8544374434319
19.939999999999664,-11.399999999979826,-50.0,180.0,43.99576307033775,90.0,103.20333718862139,133.99576307033774,90.0,118.20333718862139
19.939999999999664,13.946647288312105,-50.0,187.36249105373284,32.76923116007678,90.0,109.46940676815214,122.76923116007677,90.0,109.46940676815214
19.939999999999664,13.946647288312105,50.0,187.36249105373284,32.76923116007678,90.0,109.46940676815214,57.23076883992322,90.0,250.53059323184786
19.939999999999664,-11.399999999979826,50.0,180.0,43.99576307033775,90.0,103.20333718862139,46.00423692966225,90.0,256.7966628113786
19.959999999999663,-12.5999999999798,-50.0,180.0,44.3416694272663,90.0,103.26754726108958,134.3416694272663,90.0,118.26754726108958
19.959999999999663,14.528747416921576,-50.0,184.97379774333808,33.5997357126233,90.0,107.47214231328829,123.5997357126233,90.0,107.47214231328829
19.959999999999663,14.528747416921576,50.0,184.97379774333808,33.5997357126233,90.0,107.47214231328829,56.4002642873767,90.0,252.5278576867117
19.959999999999663,-12.5999999999798,50.0,180.0,44.3416694272663,90.0,103.26754726108958,45.6583305727337,90.0,256.7324527389104
19.979999999999663,-13.799999999979775,-50.0,180.0,44.683777183788536,90.0,103.33819794685425,134.68377718378855,90.0,118.33819794685425
19.979999999999663,14.881720519713184,-50.0,182.5066646713281,34.51199066491801,90.0,105.44382662393538,124.51199066491802,90.0,105.44382662393538
19.979999999999663,14.881720519713184,50.0,182.5066646713281,34.51199066491801,90.0,105.44382662393538,55.48800933508199,90.0,254.55617337606463
19.979999999999663,-13.799999999979775,50.0,180.0,44.683777183788536,90.0,103.33819794685425,45.316222816211464,90.0,256.6618020531457
19.999999999999662,-14.99999999997975,-50.0,180.0,45.02205105290562,90.0,103.41529499072561,135.02205105290562,90.0,118.41529499072561
19.999999999999662,15.0,-50.0,180.0000000000424,35.49476767144182,90.00000000000001,103.41529499076104,125.49476767144182,89.99999999999999,103.41529499076104
19.999999999999662,15.0,50.0,180.0000000000424,35.49476767144182,90.00000000000001,103.41529499076104,54.50523232855818,90.00000000000001,256.584705009239
19.999999999999662,-14.99999999997975,50.0,180.0,45.02205105290562,90.0,103.41529499072561,44.97794894709438,90.0,256.5847050092744
20.019999999999662,-14.88172051972116,-50.0,182.50666467124395,43.83523961874988,90.0,105.44382662386677,133.83523961874988,90.0,120.44382662386677
20.019999999999662,13.800000000020276,-50.0,180.0,35.915576658997296,90.0,103.33819794685675,125.9155766589973,90.0,103.33819794685675
20.019999999999662,13.800000000020276,50.0,180.0,35.915576658997296,90.0,103.33819794685675,54.084423341002704,90.0,256.6618020531432
20.019999999999662,-14.88172051972116,50.0,182.50666467124395,43.83523961874988,90.0,105.44382662386677,46.16476038125012,90.0,254.55617337613324
20.03999999999966,-14.528747416937398,-50.0,184.97379774325591,42.5818767339387,90.0,107.47214231322017,132.5818767339387,90.0,122.47214231322017
20.03999999999966,12.600000000020302,-50.0,180.0,36.333323545846255,90.0,103.26754726109186,126.33332354584626,90.0,103.26754726109186
20.03999999999966,12.600000000020302,50.0,180.0,36.333323545846255,90.0,103.26754726109186,53.666676454153745,90.0,256.73245273890814
20.03999999999966,-14.528747416937398,50.0,184.97379774325591,42.5818767339387,90.0,107.47214231322017,47.4181232660613,90.0,252.52785768677984
20.05999999999966,-13.946647288335527,-50.0,187.36249105365397,41.28334782679611,90.0,109.46940676808562,131.2833478267961,90.0,124.46940676808562
20.05999999999966,11.400000000020327,-50.0,180.0,36.74797787899797,90.0,103.20333718862345,126.74797787899797,90.0,103.20333718862345
20.05999999999966,11.400000000020327,50.0,180.0,36.74797787899797,90.0,103.20333718862345,53.25202212100203,90.0,256.79666281137656
20.05999999999966,-13.946647288335527,50.0,187.36249105365397,41.28334782679611,90.0,109.46940676808562,48.71665217320389,90.0,250.5305932319144
20.07999999999966,-13.144600200673356,-50.0,189.63507348199695,39.962105084298926,90.0,111.40348373243985,129.9621050842989,90.0,126.40348373243985
20.07999999999966,10.200000000020353,-50.0,180.0,37.15950877234374,90.0,103.14556255656996,127.15950877234374,90.0,103.14556255656996
20.07999999999966,10.200000000020353,50.0,180.0,37.15950877234374,90.0,103.14556255656996,52.84049122765626,90.0,256.85443744343
20.07999999999966,-13.144600200673356,50.0,189.63507348199695,39.962105084298926,90.0,111.40348373243985,50.037894915701074,90.0,248.59651626756016
20.09999999999966,-12.135254915643026,-50.0,191.75570504581492,38.641387686442016,90.0,113.24120616828638,128.64138768644202,90.0,128.2412061682864
20.09999999999966,9.000000000020378,-50.0,180.0,37.5678849316123,90.0,103.09421874965967,127.5678849316123,90.0,103.09421874965967
20.09999999999966,9.000000000020378,50.0,180.0,37.5678849316123,90.0,103.09421874965967,52.4321150683877,90.0,256.90578125034034
20.09999999999966,-12.135254915643026,50.0,191.75570504581492,38.641387686442016,90.0,113.24120616828638,51.358612313557984,90.0,246.7587938317136
20.11999999999966,-10.934529411343112,-50.0,193.69094211854264,37.34488387341367,90.0,114.94881982565703,127.34488387341366,90.0,129.94881982565704
20.11999999999966,7.800000000020404,-50.0,180.0,37.97307467870368,90.0,103.0493016974079,127.97307467870368,90.0,103.0493016974079
20.11999999999966,7.800000000020404,50.0,180.0,37.97307467870368,90.0,103.0493016974079,52.02692532129632,90.0,256.9506983025921
20.11999999999966,-10.934529411343112,50.0,193.69094211854264,37.34488387341367,90.0,114.94881982565703,52.65511612658633,90.0,245.05118017434296
20.13999999999966,-9.561359846255073,-50.0,195.41026485548852,36.09630608751282,90.0,116.49264966422696,126.09630608751283,90.0,131.49264966422697
20.13999999999966,6.6000000000204295,-50.0,180.0,38.37504597540009,90.0,103.01080786276901,128.3750459754001,90.0,103.01080786276901
20.13999999999966,6.6000000000204295,50.0,180.0,38.37504597540009,90.0,103.01080786276901,51.62495402459991,90.0,256.989192137231
20.13999999999966,-9.561359846255073,50.0,195.41026485548852,36.09630608751282,90.0,116.49264966422696,53.90369391248718,90.0,243.50735033577303
20.15999999999966,-8.037401924712078,-50.0,196.88655851001735,34.9188581729489,90.0,117.84002214419203,124.9188581729489,90.0,132.84002214419203
20.15999999999966,5.400000000020455,-50.0,180.0,38.77376644643937,90.0,102.97873423224571,128.77376644643937,90.0,102.97873423224571
20.15999999999966,5.400000000020455,50.0,180.0,38.77376644643937,90.0,102.97873423224571,51.22623355356063,90.0,257.0212657677543
20.15999999999966,-8.037401924712078,50.0,196.88655851001735,34.9188581729489,90.0,117.84002214419203,55.0811418270511,90.0,242.15997785580797
20.17999999999966,-6.386689373505199,-50.0,198.09654104930212,33.834590987758695,90.0,118.96044239846334,123.8345909877587,90.0,133.96044239846333
20.17999999999966,4.200000000020481,-50.0,180.0,39.16920340193599,90.0,102.95307830743941,129.169203401936,90.0,102.95307830743941
20.17999999999966,4.200000000020481,50.0,180.0,39.16920340193599,90.0,102.95307830743941,50.83079659806401,90.0,257.0469216925606
20.17999999999966,-6.386689373505199,50.0,198.09654104930212,33.834590987758695,90.0,118.96044239846334,56.165409012241305,90.0,241.03955760153667
20.19999999999966,-4.635254915654847,-50.0,199.0211303258898,32.86367004228236,90.0,119.82697291844006,122.86367004228237,90.0,134.82697291844005
20.19999999999966,3.0000000000205063,-50.0,180.0,39.561323859132514,90.0,102.93383809802869,129.56132385913253,90.0,102.93383809802869
20.19999999999966,3.0000000000205063,50.0,180.0,39.561323859132514,90.0,102.93383809802869,50.438676140867486,90.0,257.0661619019713
20.19999999999966,-4.635254915654847,50.0,199.0211303258898,32.86367004228236,90.0,119.82697291844006,57.13632995771764,90.0,240.17302708155995
20.219999999999658,-2.81071971881755,-50.0,199.6457450145657,32.02361220893664,90.0,120.41769652197898,122.02361220893664,90.0,135.417696521979
20.219999999999658,1.8000000000205318,-50.0,180.0,39.9500945634632,90.0,102.921012116165,129.9500945634632,90.0,102.921012116165
20.219999999999658,1.8000000000205318,50.0,180.0,39.9500945634632,90.0,102.921012116165,50.0499054365368,90.0,257.078987883835
20.219999999999658,-2.81071971881755,50.0,199.6457450145657,32.02361220893664,90.0,120.41769652197898,57.97638779106336,90.0,239.582303478021
20.239999999999657,-0.9418577929719301,-50.0,199.96053456856274,31.3285793049046,90.0,120.71708781728437,121.3285793049046,90.0,135.71708781728438
20.239999999999657,0.6000000000205574,-50.0,180.0,40.335482008909814,90.0,102.91459937227702,130.33548200890982,90.0,102.91459937227702
20.239999999999657,0.6000000000205574,50.0,180.0,40.335482008909814,90.0,102.91459937227702,49.664517991090186,90.0,257.08540062772295
20.239999999999657,-0.9418577929719301,50.0,199.96053456856274,31.3285793049046,90.0,120.71708781728437,58.6714206950954,90.0,239.28291218271562
20.259999999999657,0.9418577929074305,-50.0,199.96053456856814,30.788832024564112,90.0,120.71708781728948,120.78883202456412,90.0,135.7170878172895
20.259999999999657,-0.599999999979417,-50.0,180.0,40.71745245762925,90.0,102.91459937227691,130.71745245762924,90.0,102.91459937227691
20.259999999999657,-0.599999999979417,50.0,180.0,40.71745245762925,90.0,102.91459937227691,49.28254754237075,90.0,257.08540062772306
20.259999999999657,0.9418577929074305,50.0,199.96053456856814,30.788832024564112,90.0,120.71708781728948,59.211167975435885,90.0,239.2829121827105
20.279999999999657,2.8107197187540685,-50.0,199.64574501458185,30.410437445561737,90.0,120.4176965219943,120.41043744556174,90.0,135.4176965219943
20.279999999999657,-1.7999999999793914,-50.0,180.0,41.095971958830326,90.0,102.92101211616466,131.09597195883032,90.0,102.92101211616466
20.279999999999657,-1.7999999999793914,50.0,180.0,41.095971958830326,90.0,102.92101211616466,48.904028041169674,90.0,257.07898788383534
20.279999999999657,2.8107197187540685,50.0,199.64574501458185,30.410437445561737,90.0,120.4176965219943,59.58956255443826,90.0,239.5823034780057
20.299999999999656,4.635254915593386,-50.0,199.02113032591643,30.19528464388623,90.00000000000001,119.82697291846512,120.19528464388623,89.99999999999999,134.82697291846512
20.299999999999656,-2.999999999979366,-50.0,180.0,41.47100636687715,90.0,102.93383809802815,131.47100636687713,90.0,102.93383809802815
20.299999999999656,-2.999999999979366,50.0,180.0,41.47100636687715,90.0,102.93383809802815,48.52899363312285,90.0,257.06616190197184
20.299999999999656,4.635254915593386,50.0,199.02113032591643,30.19528464388623,90.00000000000001,119.82697291846512,59.804715356113775,90.00000000000001,240.17302708153488
20.319999999999656,6.386689373446726,-50.0,198.0965410493388,30.141405471584168,90.0,118.96044239849755,120.14140547158416,90.0,133.96044239849755
20.319999999999656,-4.19999999997934,-50.0,180.0,41.84252135859456,90.0,102.95307830743866,131.84252135859455,90.0,102.95307830743866
20.319999999999656,-4.19999999997934,50.0,180.0,41.84252135859456,90.0,102.95307830743866,48.15747864140544,90.0,257.04692169256134
20.319999999999656,6.386689373446726,50.0,198.0965410493388,30.141405471584168,90.0,118.96044239849755,59.858594528415836,90.0,241.03955760150245
20.339999999999655,8.037401924657512,-50.0,196.8865585100635,30.243539977412894,90.0,117.84002214423447,120.2435399774129,90.0,132.84002214423447
20.339999999999655,-5.399999999979315,-50.0,180.0,42.21048244975073,90.0,102.97873423224473,132.2104824497507,90.0,102.97873423224473
20.339999999999655,-5.399999999979315,50.0,180.0,42.21048244975073,90.0,102.97873423224473,47.78951755024927,90.0,257.02126576775527
20.339999999999655,8.037401924657512,50.0,196.8865585100635,30.243539977412894,90.0,117.84002214423447,59.756460022587106,90.0,242.15997785576553
20.359999999999655,9.561359846205278,-50.0,195.41026485554343,30.493846999071355,90.0,116.49264966427666,120.49384699907135,90.0,131.49264966427666
20.359999999999655,-6.599999999979289,-50.0,180.0,42.574855010691,90.0,103.01080786276779,132.574855010691,90.0,103.01080786276779
20.359999999999655,-6.599999999979289,50.0,180.0,42.574855010691,90.0,103.01080786276779,47.425144989309,90.0,256.9891921372322
20.359999999999655,9.561359846205278,50.0,195.41026485554343,30.493846999071355,90.0,116.49264966427666,59.50615300092865,90.0,243.50735033572334
20.379999999999654,10.934529411298875,-50.0,193.69094211860542,30.8826498055268,90.0,114.94881982571292,120.8826498055268,90.0,129.94881982571292
20.379999999999654,-7.7999999999792635,-50.0,180.0,42.93560428109599,90.0,103.04930169740646,132.935604281096,90.0,103.04930169740646
20.379999999999654,-7.7999999999792635,50.0,180.0,42.93560428109599,90.0,103.04930169740646,47.06439571890401,90.0,256.95069830259354
20.379999999999654,10.934529411298875,50.0,193.69094211860542,30.8826498055268,90.0,114.94881982571292,59.117350194473204,90.0,245.05118017428708
20.399999999999654,12.13525491560504,-50.0,191.75570504588464,31.399121880295112,90.0,113.24120616834738,121.39912188029511,90.0,128.2412061683474
20.399999999999654,-8.999999999979238,-50.0,180.0,43.292695383836545,90.0,103.09421874965804,133.29269538383653,90.0,103.09421874965804
20.399999999999654,-8.999999999979238,50.0,180.0,43.292695383836545,90.0,103.09421874965804,46.707304616163455,90.0,256.905781250342
20.399999999999654,12.13525491560504,50.0,191.75570504588464,31.399121880295112,90.0,113.24120616834738,58.60087811970489,90.0,246.7587938316526
20.419999999999654,13.144600200642223,-50.0,189.63507348207247,32.03184827322344,90.00000000000001,111.40348373250471,122.03184827322343,89.99999999999999,126.40348373250471
20.419999999999654,-10.199999999979212,-50.0,180.0,43.64609333789699,90.0,103.1455625565681,133.64609333789699,90.0,103.1455625565681
20.419999999999654,-10.199999999979212,50.0,180.0,43.64609333789699,90.0,103.1455625565681,46.35390666210301,90.0,256.8544374434319
20.419999999999654,13.144600200642223,50.0,189.63507348207247,32.03184827322344,90.00000000000001,111.40348373250471,57.96815172677656,90.00000000000001,248.5965162674953
20.439999999999653,13.946647288311734,-50.0,187.3624910537341,32.76923116007635,90.0,109.46940676815319,122.76923116007634,90.0,124.46940676815319
20.439999999999653,-11.399999999979187,-50.0,180.0,43.995763070337574,90.0,103.20333718862135,133.99576307033757,90.0,103.20333718862135
20.439999999999653,-11.399999999979187,50.0,180.0,43.995763070337574,90.0,103.20333718862135,46.004236929662426,90.0,256.79666281137867
20.439999999999653,13.946647288311734,50.0,187.3624910537341,32.76923116007635,90.0,109.46940676815319,57.23076883992365,90.0,250.5305932318468
20.459999999999653,14.528747416921327,-50.0,184.97379774333936,33.59973571262285,90.0,107.47214231328935,123.59973571262285,90.0,122.47214231328935
20.459999999999653,-12.599999999979161,-50.0,180.0,44.3416694272661,90.0,103.26754726108956,134.34166942726608,90.0,103.26754726108956
20.459999999999653,-12.599999999979161,50.0,180.0,44.3416694272661,90.0,103.26754726108956,45.6583305727339,90.0,256.7324527389104
20.459999999999653,14.528747416921327,50.0,184.97379774333936,33.59973571262285,90.0,107.47214231328935,56.40026428737715,90.0,252.52785768671066
20.479999999999652,14.88172051971306,-50.0,182.50666467132945,34.511990664917505,90.0,105.4438266239365,124.5119906649175,90.0,120.4438266239365
20.479999999999652,-13.799999999979136,-50.0,180.0,44.68377718378836,90.0,103.33819794685421,134.68377718378835,90.0,103.33819794685421
20.479999999999652,-13.799999999979136,50.0,180.0,44.68377718378836,90.0,103.33819794685421,45.31622281621164,90.0,256.6618020531458
20.479999999999652,14.88172051971306,50.0,182.50666467132945,34.511990664917505,90.0,105.4438266239365,55.488009335082495,90.0,254.5561733760635
20.499999999999652,15.0,-50.0,180.00000000004374,35.49476767144128,90.0,103.41529499076212,125.49476767144128,90.0,118.41529499076212
20.499999999999652,-14.99999999997911,-50.0,180.0,45.02205105290543,90.0,103.4152949907256,135.02205105290543,90.0,103.4152949907256
20.499999999999652,-14.99999999997911,50.0,180.0,45.02205105290543,90.0,103.4152949907256,44.97794894709457,90.0,256.5847050092744
20.499999999999652,15.0,50.0,180.00000000004374,35.49476767144128,90.0,103.41529499076212,54.50523232855872,90.0,256.5847050092379
20.51999999999965,13.800000000020916,-50.0,180.0,35.91557665899707,90.0,103.3381979468568,125.91557665899707,90.0,118.3381979468568
20.51999999999965,-14.881720519721284,-50.0,182.50666467124262,43.835239618750535,90.0,105.44382662386568,133.83523961875053,90.0,105.44382662386568
20.51999999999965,-14.881720519721284,50.0,182.50666467124262,43.835239618750535,90.0,105.44382662386568,46.164760381249465,90.0,254.55617337613432
20.51999999999965,13.800000000020916,50.0,180.0,35.91557665899707,90.0,103.3381979468568,54.08442334100293,90.0,256.6618020531432
20.53999999999965,12.600000000020941,-50.0,180.0,36.33332354584604,90.0,103.26754726109188,126.33332354584604,90.0,118.26754726109188
20.53999999999965,-14.528747416937648,-50.0,184.9737977432546,42.58187673393939,90.0,107.4721423132191,132.5818767339394,90.0,107.4721423132191
20.53999999999965,-14.528747416937648,50.0,184.9737977432546,42.58187673393939,90.0,107.4721423132191,47.41812326606061,90.0,252.52785768678092
20.53999999999965,12.600000000020941,50.0,180.0,36.33332354584604,90.0,103.26754726109188,53.66667645415396,90.0,256.73245273890814
20.55999999999965,11.400000000020967,-50.0,180.0,36.74797787899775,90.0,103.20333718862348,126.74797787899774,90.0,118.20333718862348
20.55999999999965,-13.946647288335896,-50.0,187.36249105365272,41.28334782679681,90.00000000000001,109.46940676808455,131.2833478267968,89.99999999999999,109.46940676808455
20.55999999999965,-13.946647288335896,50.0,187.36249105365272,41.28334782679681,90.00000000000001,109.46940676808455,48.71665217320319,90.00000000000001,250.53059323191545
20.55999999999965,11.400000000020967,50.0,180.0,36.74797787899775,90.0,103.20333718862348,53.25202212100225,90.0,256.7966628113765
20.57999999999965,10.200000000020992,-50.0,180.0,37.15950877234353,90.0,103.14556255656998,127.15950877234353,90.0,118.14556255656998
20.57999999999965,-13.144600200673839,-50.0,189.6350734819958,39.96210508429964,90.00000000000001,111.40348373243883,129.96210508429965,89.99999999999999,111.40348373243883
20.57999999999965,-13.144600200673839,50.0,189.6350734819958,39.96210508429964,90.00000000000001,111.40348373243883,50.03789491570036,90.00000000000001,248.59651626756119
20.57999999999965,10.200000000020992,50.0,180.0,37.15950877234353,90.0,103.14556255656998,52.84049122765647,90.0,256.85443744343
20.59999999999965,9.000000000021018,-50.0,180.0,37.567884931612085,90.0,103.0942187496597,127.56788493161208,90.0,118.0942187496597
20.59999999999965,-12.135254915643618,-50.0,191.75570504581384,38.64138768644272,90.0,113.24120616828544,128.64138768644273,90.0,113.24120616828544
20.59999999999965,-12.135254915643618,50.0,191.75570504581384,38.64138768644272,90.0,113.24120616828544,51.35861231355728,90.0,246.75879383171457
20.59999999999965,9.000000000021018,50.0,180.0,37.567884931612085,90.0,103.0942187496597,52.432115068387915,90.0,256.9057812503403
20.61999999999965,7.800000000021043,-50.0,180.0,37.973074678703455,90.0,103.04930169740793,127.97307467870345,90.0,118.04930169740793
20.61999999999965,-10.9345294113438,-50.0,193.69094211854164,37.344883873414354,90.0,114.94881982565616,127.34488387341435,90.0,114.94881982565616
20.61999999999965,-10.9345294113438,50.0,193.69094211854164,37.344883873414354,90.0,114.94881982565616,52.655116126585646,90.0,245.05118017434384
20.61999999999965,7.800000000021043,50.0,180.0,37.973074678703455,90.0,103.04930169740793,52.026925321296545,90.0,256.95069830259206
20.63999999999965,6.600000000021069,-50.0,180.0,38.37504597539988,90.0,103.01080786276903,128.37504597539987,90.0,118.01080786276903
20.63999999999965,-9.561359846255845,-50.0,195.41026485548767,36.09630608751346,90.0,116.49264966422618,126.09630608751345,90.0,116.49264966422618
20.63999999999965,-9.561359846255845,50.0,195.41026485548767,36.09630608751346,90.0,116.49264966422618,53.90369391248654,90.0,243.50735033577382
20.63999999999965,6.600000000021069,50.0,180.0,38.37504597539988,90.0,103.01080786276903,51.62495402460012,90.0,256.989192137231
20.65999999999965,5.400000000021095,-50.0,180.0,38.77376644643915,90.0,102.97873423224574,128.77376644643914,90.0,117.97873423224574
20.65999999999965,-8.037401924712928,-50.0,196.88655851001664,34.91885817294951,90.0,117.84002214419137,124.91885817294951,90.0,117.84002214419137
20.65999999999965,-8.037401924712928,50.0,196.88655851001664,34.91885817294951,90.0,117.84002214419137,55.08114182705049,90.0,242.15997785580862
20.65999999999965,5.400000000021095,50.0,180.0,38.77376644643915,90.0,102.97873423224574,51.22623355356085,90.0,257.02126576775424
20.679999999999648,4.20000000002112,-50.0,180.0,39.169203401935775,90.0,102.95307830743944,129.16920340193576,90.0,117.95307830743944
20.679999999999648,-6.386689373506109,-50.0,198.09654104930155,33.83459098775925,90.0,118.96044239846282,123.83459098775924,90.0,118.96044239846282
20.679999999999648,-6.386689373506109,50.0,198.09654104930155,33.83459098775925,90.0,118.96044239846282,56.16540901224075,90.0,241.03955760153718
20.679999999999648,4.20000000002112,50.0,180.0,39.169203401935775,90.0,102.95307830743944,50.830796598064225,90.0,257.04692169256055
20.699999999999648,3.0000000000211458,-50.0,180.0,39.56132385913231,90.0,102.93383809802869,129.5613238591323,90.0,117.93383809802869
20.699999999999648,-4.635254915655803,-50.0,199.02113032588937,32.86367004228286,90.0,119.82697291843962,122.86367004228286,90.0,119.82697291843962
20.699999999999648,-4.635254915655803,50.0,199.02113032588937,32.86367004228286,90.0,119.82697291843962,57.13632995771714,90.0,240.17302708156038
20.699999999999648,3.0000000000211458,50.0,180.0,39.56132385913231,90.0,102.93383809802869,50.43867614086769,90.0,257.0661619019713
20.719999999999647,1.8000000000211713,-50.0,180.0,39.950094563463004,90.0,102.921012116165,129.950094563463,90.0,117.921012116165
20.719999999999647,-2.8107197188185387,-50.0,199.64574501456548,32.023612208937045,90.0,120.41769652197878,122.02361220893704,90.0,120.41769652197878
20.719999999999647,-2.8107197188185387,50.0,199.64574501456548,32.023612208937045,90.0,120.41769652197878,57.976387791062955,90.0,239.58230347802123
20.719999999999647,1.8000000000211713,50.0,180.0,39.950094563463004,90.0,102.921012116165,50.049905436536996,90.0,257.078987883835
20.739999999999647,0.6000000000211969,-50.0,180.0,40.335482008909615,90.0,102.91459937227702,130.33548200890962,90.0,117.91459937227702
20.739999999999647,-0.9418577929729305,-50.0,199.96053456856265,31.32857930490493,90.0,120.7170878172843,121.32857930490493,90.0,120.7170878172843
20.739999999999647,-0.9418577929729305,50.0,199.96053456856265,31.32857930490493,90.0,120.7170878172843,58.671420695095065,90.0,239.2829121827157
20.739999999999647,0.6000000000211969,50.0,180.0,40.335482008909615,90.0,102.91459937227702,49.664517991090385,90.0,257.08540062772295
20.759999999999646,-0.5999999999787775,-50.0,180.0,40.717452457629044,90.0,102.91459937227691,130.71745245762904,90.0,117.91459937227691
20.759999999999646,0.9418577929064301,-50.0,199.96053456856822,30.788832024564325,90.0,120.71708781728961,120.78883202456433,90.0,120.71708781728961
20.759999999999646,0.9418577929064301,50.0,199.96053456856822,30.788832024564325,90.0,120.71708781728961,59.21116797543567,90.0,239.2829121827104
20.759999999999646,-0.5999999999787775,50.0,180.0,40.717452457629044,90.0,102.91459937227691,49.282547542370956,90.0,257.08540062772306
20.779999999999646,-1.799999999978752,-50.0,180.0,41.09597195883012,90.0,102.92101211616466,131.09597195883012,90.0,117.92101211616466
20.779999999999646,2.8107197187530835,-50.0,199.6457450145821,30.410437445561886,90.0,120.41769652199456,120.41043744556188,90.0,120.41769652199456
20.779999999999646,2.8107197187530835,50.0,199.6457450145821,30.410437445561886,90.0,120.41769652199456,59.58956255443812,90.0,239.58230347800543
20.779999999999646,-1.799999999978752,50.0,180.0,41.09597195883012,90.0,102.92101211616466,48.90402804116988,90.0,257.07898788383534
20.799999999999645,-2.9999999999787264,-50.0,180.0,41.47100636687695,90.0,102.93383809802812,131.47100636687696,90.0,117.93383809802812
20.799999999999645,4.635254915592429,-50.0,199.02113032591683,30.195284643886314,90.0,119.8269729184655,120.19528464388631,90.0,119.8269729184655
20.799999999999645,4.635254915592429,50.0,199.02113032591683,30.195284643886314,90.0,119.8269729184655,59.80471535611369,90.0,240.17302708153449
20.799999999999645,-2.9999999999787264,50.0,180.0,41.47100636687695,90.0,102.93383809802812,48.52899363312305,90.0,257.0661619019719
20.819999999999645,-4.199999999978701,-50.0,180.0,41.84252135859436,90.0,102.95307830743864,131.84252135859435,90.0,117.95307830743864
20.819999999999645,6.386689373445816,-50.0,198.09654104933938,30.141405471584154,90.0,118.96044239849807,120.14140547158415,90.0,118.96044239849807
20.819999999999645,6.386689373445816,50.0,198.09654104933938,30.141405471584154,90.0,118.96044239849807,59.85859452841585,90.0,241.03955760150194
20.819999999999645,-4.199999999978701,50.0,180.0,41.84252135859436,90.0,102.95307830743864,48.15747864140564,90.0,257.04692169256134
20.839999999999645,-5.399999999978675,-50.0,180.0,42.210482449750536,90.0,102.97873423224472,132.21048244975054,90.0,117.97873423224472
20.839999999999645,8.037401924656667,-50.0,196.88655851006422,30.243539977412794,90.00000000000001,117.84002214423514,120.2435399774128,89.99999999999999,117.84002214423514
20.839999999999645,8.037401924656667,50.0,196.88655851006422,30.243539977412794,90.00000000000001,117.84002214423514,59.756460022587206,90.00000000000001,242.15997785576485
20.839999999999645,-5.399999999978675,50.0,180.0,42.210482449750536,90.0,102.97873423224472,47.789517550249464,90.0,257.02126576775527
20.859999999999644,-6.59999999997865,-50.0,180.0,42.57485501069081,90.0,103.01080786276779,132.5748550106908,90.0,118.01080786276779
20.859999999999644,9.561359846204503,-50.0,195.41026485554428,30.49384699907117,90.0,116.49264966427744,120.49384699907117,90.0,116.49264966427744
20.859999999999644,9.561359846204503,50.0,195.41026485554428,30.49384699907117,90.0,116.49264966427744,59.50615300092883,90.0,243.50735033572255
20.859999999999644,-6.59999999997865,50.0,180.0,42.57485501069081,90.0,103.01080786276779,47.42514498930919,90.0,256.9891921372322
20.879999999999644,-7.799999999978624,-50.0,180.0,42.935604281095806,90.0,103.04930169740643,132.9356042810958,90.0,118.04930169740643
20.879999999999644,10.934529411298188,-50.0,193.69094211860642,30.88264980552655,90.0,114.94881982571384,120.88264980552655,90.0,114.94881982571384
20.879999999999644,10.934529411298188,50.0,193.69094211860642,30.88264980552655,90.0,114.94881982571384,59.117350194473445,90.0,245.05118017428617
20.879999999999644,-7.799999999978624,50.0,180.0,42.935604281095806,90.0,103.04930169740643,47.064395718904194,90.0,256.95069830259354
20.899999999999643,-8.999999999978598,-50.0,180.0,43.29269538383635,90.0,103.09421874965801,133.29269538383636,90.0,118.09421874965801
20.899999999999643,12.135254915604449,-50.0,191.75570504588572,31.399121880294814,90.0,113.24120616834831,121.39912188029481,90.0,113.24120616834831
20.899999999999643,12.135254915604449,50.0,191.75570504588572,31.399121880294814,90.0,113.24120616834831,58.600878119705186,90.0,246.7587938316517
20.899999999999643,-8.999999999978598,50.0,180.0,43.29269538383635,90.0,103.09421874965801,46.70730461616365,90.0,256.905781250342
20.919999999999643,-10.199999999978573,-50.0,180.0,43.64609333789681,90.0,103.14556255656807,133.64609333789682,90.0,118.14556255656807
20.919999999999643,13.144600200641738,-50.0,189.63507348207364,32.03184827322309,90.0,111.40348373250569,122.03184827322309,90.0,111.40348373250569
20.919999999999643,13.144600200641738,50.0,189.63507348207364,32.03184827322309,90.0,111.40348373250569,57.96815172677691,90.0,248.5965162674943
20.919999999999643,-10.199999999978573,50.0,180.0,43.64609333789681,90.0,103.14556255656807,46.35390666210319,90.0,256.85443744343195
20.939999999999642,-11.399999999978547,-50.0,180.0,43.99576307033738,90.0,103.20333718862133,133.99576307033738,90.0,118.20333718862133
20.939999999999642,13.946647288311363,-50.0,187.36249105373534,32.769231160075925,90.0,109.46940676815424,122.76923116007592,90.0,109.46940676815424
20.939999999999642,13.946647288311363,50.0,187.36249105373534,32.769231160075925,90.0,109.46940676815424,57.230768839924075,90.0,250.53059323184576
20.939999999999642,-11.399999999978547,50.0,180.0,43.99576307033738,90.0,103.20333718862133,46.00423692966262,90.0,256.79666281137867
20.959999999999642,-12.599999999978522,-50.0,180.0,44.34166942726591,90.0,103.2675472610895,134.3416694272659,90.0,118.2675472610895
20.959999999999642,14.528747416921076,-50.0,184.97379774334067,33.59973571262237,90.0,107.47214231329046,123.59973571262236,90.0,107.47214231329046
20.959999999999642,14.528747416921076,50.0,184.97379774334067,33.59973571262237,90.0,107.47214231329046,56.40026428737763,90.0,252.52785768670952
20.959999999999642,-12.599999999978522,50.0,180.0,44.34166942726591,90.0,103.2675472610895,45.65833057273409,90.0,256.7324527389105
20.97999999999964,-13.799999999978496,-50.0,180.0,44.68377718378817,90.0,103.33819794685418,134.68377718378818,90.0,118.33819794685418
20.97999999999964,14.881720519712935,-50.0,182.50666467133075,34.51199066491699,90.0,105.44382662393757,124.511990664917,90.0,105.44382662393757
20.97999999999964,14.881720519712935,50.0,182.50666467133075,34.51199066491699,90.0,105.44382662393757,55.48800933508301,90.0,254.55617337606242
20.97999999999964,-13.799999999978496,50.0,180.0,44.68377718378817,90.0,103.33819794685418,45.31622281621183,90.0,256.66180205314583
20.99999999999964,-14.99999999997847,-50.0,180.0,45.02205105290526,90.0,103.41529499072553,135.02205105290525,90.0,118.41529499072553
20.99999999999964,15.0,-50.0,180.0000000000451,35.49476767144073,90.0,103.41529499076321,125.49476767144073,90.0,103.41529499076321
20.99999999999964,15.0,50.0,180.0000000000451,35.49476767144073,90.0,103.41529499076321,54.50523232855927,90.0,256.5847050092368
20.99999999999964,-14.99999999997847,50.0,180.0,45.02205105290526,90.0,103.41529499072553,44.97794894709474,90.0,256.58470500927444
21.01999999999964,-14.881720519721412,-50.0,182.5066646712413,43.83523961875116,90.00000000000001,105.44382662386464,133.83523961875116,89.99999999999999,120.44382662386464
21.01999999999964,13.800000000021555,-50.0,180.0,35.91557665899685,90.0,103.33819794685685,125.91557665899686,90.0,103.33819794685685
21.01999999999964,13.800000000021555,50.0,180.0,35.91557665899685,90.0,103.33819794685685,54.08442334100315,90.0,256.66180205314316
21.01999999999964,-14.881720519721412,50.0,182.5066646712413,43.83523961875116,90.00000000000001,105.44382662386464,46.16476038124884,90.00000000000001,254.55617337613535
21.03999999999964,-14.528747416937899,-50.0,184.97379774325333,42.581876733940064,90.0,107.47214231321804,132.58187673394008,90.0,122.47214231321804
21.03999999999964,12.60000000002158,-50.0,180.0,36.33332354584581,90.0,103.26754726109193,126.33332354584581,90.0,103.26754726109193
21.03999999999964,12.60000000002158,50.0,180.0,36.33332354584581,90.0,103.26754726109193,53.66667645415419,90.0,256.7324527389081
21.03999999999964,-14.528747416937899,50.0,184.97379774325333,42.581876733940064,90.0,107.47214231321804,47.418123266059936,90.0,252.52785768678194
21.05999999999964,-13.946647288336266,-50.0,187.3624910536515,41.2833478267975,90.0,109.46940676808352,131.2833478267975,90.0,124.46940676808352
21.05999999999964,11.400000000021606,-50.0,180.0,36.74797787899752,90.0,103.20333718862352,126.74797787899752,90.0,103.20333718862352
21.05999999999964,11.400000000021606,50.0,180.0,36.74797787899752,90.0,103.20333718862352,53.25202212100248,90.0,256.79666281137645
21.05999999999964,-13.946647288336266,50.0,187.3624910536515,41.2833478267975,90.0,109.46940676808352,48.7166521732025,90.0,250.5305932319165
21.07999999999964,-13.144600200674324,-50.0,189.6350734819946,39.962105084300354,90.00000000000001,111.4034837324378,129.96210508430036,89.99999999999999,126.4034837324378
21.07999999999964,10.200000000021632,-50.0,180.0,37.159508772343315,90.0,103.14556255657001,127.15950877234332,90.0,103.14556255657001
21.07999999999964,10.200000000021632,50.0,180.0,37.159508772343315,90.0,103.14556255657001,52.840491227656685,90.0,256.85443744343
21.07999999999964,-13.144600200674324,50.0,189.6350734819946,39.962105084300354,90.00000000000001,111.4034837324378,50.037894915699646,90.00000000000001,248.5965162675622
21.09999999999964,-12.135254915644207,-50.0,191.75570504581276,38.64138768644342,90.0,113.24120616828449,128.6413876864434,90.0,128.2412061682845
21.09999999999964,9.000000000021657,-50.0,180.0,37.567884931611864,90.0,103.09421874965973,127.56788493161187,90.0,103.09421874965973
21.09999999999964,9.000000000021657,50.0,180.0,37.567884931611864,90.0,103.09421874965973,52.432115068388136,90.0,256.9057812503403
21.09999999999964,-12.135254915644207,50.0,191.75570504581276,38.64138768644342,90.0,113.24120616828449,51.35861231355658,90.0,246.7587938317155
21.11999999999964,-10.93452941134449,-50.0,193.69094211854068,37.344883873415036,90.0,114.94881982565529,127.34488387341503,90.0,129.94881982565528
21.11999999999964,7.800000000021683,-50.0,180.0,37.97307467870325,90.0,103.04930169740794,127.97307467870326,90.0,103.04930169740794
21.11999999999964,7.800000000021683,50.0,180.0,37.97307467870325,90.0,103.04930169740794,52.02692532129675,90.0,256.95069830259206
21.11999999999964,-10.93452941134449,50.0,193.69094211854068,37.344883873415036,90.0,114.94881982565529,52.655116126584964,90.0,245.05118017434472
21.139999999999638,-9.56135984625662,-50.0,195.41026485548682,36.09630608751412,90.0,116.49264966422538,126.09630608751412,90.0,131.49264966422538
21.139999999999638,6.6000000000217085,-50.0,180.0,38.37504597539968,90.0,103.01080786276903,128.37504597539967,90.0,103.01080786276903
21.139999999999638,6.6000000000217085,50.0,180.0,38.37504597539968,90.0,103.01080786276903,51.62495402460032,90.0,256.989192137231
21.139999999999638,-9.56135984625662,50.0,195.41026485548682,36.09630608751412,90.0,116.49264966422538,53.90369391248588,90.0,243.50735033577462
21.159999999999638,-8.037401924713777,-50.0,196.8865585100159,34.91885817295011,90.0,117.84002214419074,124.91885817295011,90.0,132.84002214419075
21.159999999999638,5.400000000021734,-50.0,180.0,38.77376644643894,90.0,102.97873423224577,128.77376644643894,90.0,102.97873423224577
21.159999999999638,5.400000000021734,50.0,180.0,38.77376644643894,90.0,102.97873423224577,51.22623355356106,90.0,257.02126576775424
21.159999999999638,-8.037401924713777,50.0,196.8865585100159,34.91885817295011,90.0,117.84002214419074,55.08114182704989,90.0,242.15997785580925
21.179999999999637,-6.386689373507016,-50.0,198.09654104930098,33.834590987759796,90.0,118.96044239846228,123.8345909877598,90.0,133.96044239846228
21.179999999999637,4.20000000002176,-50.0,180.0,39.169203401935555,90.0,102.95307830743945,129.16920340193556,90.0,102.95307830743945
21.179999999999637,4.20000000002176,50.0,180.0,39.169203401935555,90.0,102.95307830743945,50.830796598064445,90.0,257.04692169256055
21.179999999999637,-6.386689373507016,50.0,198.09654104930098,33.834590987759796,90.0,118.96044239846228,56.165409012240204,90.0,241.03955760153772
21.199999999999637,-4.635254915656756,-50.0,199.02113032588898,32.86367004228334,90.0,119.82697291843927,122.86367004228333,90.0,134.82697291843925
21.199999999999637,3.0000000000217852,-50.0,180.0,39.5613238591321,90.0,102.93383809802872,129.5613238591321,90.0,102.93383809802872
21.199999999999637,3.0000000000217852,50.0,180.0,39.5613238591321,90.0,102.93383809802872,50.4386761408679,90.0,257.06616190197127
21.199999999999637,-4.635254915656756,50.0,199.02113032588898,32.86367004228334,90.0,119.82697291843927,57.13632995771666,90.0,240.17302708156075
21.219999999999636,-2.810719718819523,-50.0,199.64574501456522,32.023612208937436,90.0,120.41769652197856,122.02361220893744,90.0,135.41769652197854
21.219999999999636,1.8000000000218108,-50.0,180.0,39.9500945634628,90.0,102.921012116165,129.9500945634628,90.0,102.921012116165
21.219999999999636,1.8000000000218108,50.0,180.0,39.9500945634628,90.0,102.921012116165,50.0499054365372,90.0,257.078987883835
21.219999999999636,-2.810719718819523,50.0,199.64574501456522,32.023612208937436,90.0,120.41769652197856,57.976387791062564,90.0,239.58230347802146
21.239999999999636,-0.9418577929739345,-50.0,199.96053456856257,31.32857930490529,90.0,120.71708781728417,121.32857930490529,90.0,135.71708781728415
21.239999999999636,0.6000000000218364,-50.0,180.0,40.33548200890941,90.0,102.91459937227702,130.33548200890942,90.0,102.91459937227702
21.239999999999636,0.6000000000218364,50.0,180.0,40.33548200890941,90.0,102.91459937227702,49.66451799109059,90.0,257.08540062772295
21.239999999999636,-0.9418577929739345,50.0,199.96053456856257,31.32857930490529,90.0,120.71708781728417,58.67142069509471,90.0,239.28291218271585
21.259999999999636,0.9418577929054264,-50.0,199.9605345685683,30.788832024564574,90.0,120.71708781728968,120.78883202456457,90.0,135.71708781728967
21.259999999999636,-0.599999999978138,-50.0,180.0,40.717452457628845,90.0,102.91459937227691,130.71745245762884,90.0,102.91459937227691
21.259999999999636,-0.599999999978138,50.0,180.0,40.717452457628845,90.0,102.91459937227691,49.282547542371155,90.0,257.08540062772306
21.259999999999636,0.9418577929054264,50.0,199.9605345685683,30.788832024564574,90.0,120.71708781728968,59.21116797543543,90.0,239.28291218271033
21.279999999999635,2.810719718752096,-50.0,199.64574501458236,30.410437445562042,90.00000000000001,120.41769652199481,120.41043744556204,89.99999999999999,135.4176965219948
21.279999999999635,-1.7999999999781124,-50.0,180.0,41.095971958829914,90.0,102.92101211616466,131.09597195882992,90.0,102.92101211616466
21.279999999999635,-1.7999999999781124,50.0,180.0,41.095971958829914,90.0,102.92101211616466,48.904028041170086,90.0,257.07898788383534
21.279999999999635,2.810719718752096,50.0,199.64574501458236,30.410437445562042,90.00000000000001,120.41769652199481,59.58956255443796,90.00000000000001,239.5823034780052
21.299999999999635,4.635254915591473,-50.0,199.02113032591726,30.19528464388638,90.0,119.82697291846588,120.19528464388638,90.0,134.82697291846588
21.299999999999635,-2.999999999978087,-50.0,180.0,41.47100636687674,90.0,102.93383809802812,131.47100636687674,90.0,102.93383809802812
21.299999999999635,-2.999999999978087,50.0,180.0,41.47100636687674,90.0,102.93383809802812,48.52899363312326,90.0,257.0661619019719
21.299999999999635,4.635254915591473,50.0,199.02113032591726,30.19528464388638,90.0,119.82697291846588,59.80471535611362,90.0,240.17302708153412
21.319999999999634,6.386689373444906,-50.0,198.09654104933995,30.141405471584143,90.0,118.96044239849861,120.14140547158414,90.0,133.96044239849863
21.319999999999634,-4.199999999978061,-50.0,180.0,41.842521358594155,90.0,102.95307830743864,131.84252135859415,90.0,102.95307830743864
21.319999999999634,-4.199999999978061,50.0,180.0,41.842521358594155,90.0,102.95307830743864,48.157478641405845,90.0,257.04692169256134
21.319999999999634,6.386689373444906,50.0,198.09654104933995,30.141405471584143,90.0,118.96044239849861,59.85859452841586,90.0,241.03955760150137
21.339999999999634,8.037401924655818,-50.0,196.88655851006496,30.243539977412684,90.00000000000001,117.84002214423582,120.24353997741268,89.99999999999999,132.84002214423583
21.339999999999634,-5.399999999978036,-50.0,180.0,42.21048244975034,90.0,102.97873423224472,132.21048244975034,90.0,102.97873423224472
21.339999999999634,-5.399999999978036,50.0,180.0,42.21048244975034,90.0,102.97873423224472,47.78951755024966,90.0,257.02126576775527
21.339999999999634,8.037401924655818,50.0,196.88655851006496,30.243539977412684,90.00000000000001,117.84002214423582,59.75646002258732,90.00000000000001,242.15997785576417
21.359999999999634,9.561359846203727,-50.0,195.41026485554514,30.49384699907101,90.0,116.4926496642782,120.49384699907101,90.0,131.4926496642782
21.359999999999634,-6.59999999997801,-50.0,180.0,42.57485501069062,90.0,103.01080786276776,132.5748550106906,90.0,103.01080786276776
21.359999999999634,-6.59999999997801,50.0,180.0,42.57485501069062,90.0,103.01080786276776,47.42514498930938,90.0,256.98919213723224
21.359999999999634,9.561359846203727,50.0,195.41026485554514,30.49384699907101,90.0,116.4926496642782,59.50615300092899,90.0,243.5073503357218
21.379999999999633,10.934529411297499,-50.0,193.69094211860738,30.88264980552632,90.0,114.94881982571468,120.88264980552631,90.0,129.94881982571468
21.379999999999633,-7.7999999999779845,-50.0,180.0,42.93560428109561,90.0,103.0493016974064,132.9356042810956,90.0,103.0493016974064
21.379999999999633,-7.7999999999779845,50.0,180.0,42.93560428109561,90.0,103.0493016974064,47.06439571890439,90.0,256.9506983025936
21.379999999999633,10.934529411297499,50.0,193.69094211860738,30.88264980552632,90.0,114.94881982571468,59.11735019447368,90.0,245.05118017428532
21.399999999999633,12.135254915603861,-50.0,191.7557050458868,31.39912188029452,90.0,113.24120616834922,121.39912188029452,90.0,128.2412061683492
21.399999999999633,-8.999999999977959,-50.0,180.0,43.29269538383616,90.0,103.09421874965798,133.29269538383616,90.0,103.09421874965798
21.399999999999633,-8.999999999977959,50.0,180.0,43.29269538383616,90.0,103.09421874965798,46.70730461616384,90.0,256.905781250342
21.399999999999633,12.135254915603861,50.0,191.7557050458868,31.39912188029452,90.0,113.24120616834922,58.600878119705484,90.0,246.7587938316508
21.419999999999632,13.144600200641253,-50.0,189.6350734820748,32.03184827322271,90.0,111.40348373250671,122.0318482732227,90.0,126.40348373250671
21.419999999999632,-10.199999999977933,-50.0,180.0,43.64609333789663,90.0,103.14556255656801,133.64609333789662,90.0,103.14556255656801
21.419999999999632,-10.199999999977933,50.0,180.0,43.64609333789663,90.0,103.14556255656801,46.35390666210337,90.0,256.854437443432
21.419999999999632,13.144600200641253,50.0,189.6350734820748,32.03184827322271,90.0,111.40348373250671,57.96815172677729,90.0,248.59651626749329
21.439999999999632,13.946647288310997,-50.0,187.3624910537366,32.76923116007551,90.0,109.46940676815531,122.76923116007552,90.0,124.46940676815531
21.439999999999632,-11.399999999977908,-50.0,180.0,43.99576307033719,90.0,103.2033371886213,133.9957630703372,90.0,103.2033371886213
21.439999999999632,-11.399999999977908,50.0,180.0,43.99576307033719,90.0,103.2033371886213,46.00423692966281,90.0,256.7966628113787
21.439999999999632,13.946647288310997,50.0,187.3624910537366,32.76923116007551,90.0,109.46940676815531,57.23076883992449,90.0,250.5305932318447
21.45999999999963,14.528747416920826,-50.0,184.97379774334198,33.59973571262192,90.0,107.47214231329151,123.59973571262192,90.0,122.47214231329151
21.45999999999963,-12.599999999977882,-50.0,180.0,44.341669427265735,90.0,103.26754726108946,134.34166942726574,90.0,103.26754726108946
21.45999999999963,-12.599999999977882,50.0,180.0,44.341669427265735,90.0,103.26754726108946,45.658330572734265,90.0,256.7324527389105
21.45999999999963,14.528747416920826,50.0,184.97379774334198,33.59973571262192,90.0,107.47214231329151,56.40026428737808,90.0,252.5278576867085
21.47999999999963,14.881720519712808,-50.0,182.5066646713321,34.511990664916475,90.0,105.44382662393868,124.51199066491648,90.0,120.44382662393868
21.47999999999963,-13.799999999977857,-50.0,180.0,44.683777183788,90.0,103.33819794685414,134.683777183788,90.0,103.33819794685414
21.47999999999963,-13.799999999977857,50.0,180.0,44.683777183788,90.0,103.33819794685414,45.316222816212,90.0,256.66180205314583
21.47999999999963,14.881720519712808,50.0,182.5066646713321,34.511990664916475,90.0,105.44382662393868,55.488009335083525,90.0,254.55617337606134
21.49999999999963,15.0,-50.0,180.00000000004644,35.49476767144018,90.00000000000001,103.4152949907643,125.49476767144017,89.99999999999999,118.4152949907643
21.49999999999963,-14.999999999977831,-50.0,180.0,45.02205105290506,90.0,103.4152949907255,135.02205105290506,90.0,103.4152949907255
21.49999999999963,-14.999999999977831,50.0,180.0,45.02205105290506,90.0,103.4152949907255,44.97794894709494,90.0,256.5847050092745
21.49999999999963,15.0,50.0,180.00000000004644,35.49476767144018,90.00000000000001,103.4152949907643,54.50523232855982,90.00000000000001,256.5847050092357
21.51999999999963,13.800000000022195,-50.0,180.0,35.91557665899662,90.0,103.33819794685687,125.91557665899663,90.0,118.33819794685687
21.51999999999963,-14.881720519721537,-50.0,182.50666467123997,43.83523961875182,90.0,105.44382662386353,133.8352396187518,90.0,105.44382662386353
21.51999999999963,-14.881720519721537,50.0,182.50666467123997,43.83523961875182,90.0,105.44382662386353,46.16476038124818,90.0,254.55617337613648
21.51999999999963,13.800000000022195,50.0,180.0,35.91557665899662,90.0,103.33819794685687,54.08442334100338,90.0,256.6618020531431
21.53999999999963,12.60000000002222,-50.0,180.0,36.3333235458456,90.0,103.26754726109195,126.3333235458456,90.0,118.26754726109195
21.53999999999963,-14.528747416938147,-50.0,184.97379774325202,42.58187673394075,90.0,107.47214231321696,132.58187673394076,90.0,107.47214231321696
21.53999999999963,-14.528747416938147,50.0,184.97379774325202,42.58187673394075,90.0,107.47214231321696,47.41812326605925,90.0,252.52785768678302
21.53999999999963,12.60000000002222,50.0,180.0,36.3333235458456,90.0,103.26754726109195,53.6666764541544,90.0,256.732452738908
21.55999999999963,11.400000000022246,-50.0,180.0,36.747977878997304,90.0,103.20333718862354,126.7479778789973,90.0,118.20333718862354
21.55999999999963,-13.946647288336635,-50.0,187.36249105365025,41.283347826798206,90.0,109.46940676808245,131.2833478267982,90.0,109.46940676808245
21.55999999999963,-13.946647288336635,50.0,187.36249105365025,41.283347826798206,90.0,109.46940676808245,48.716652173201794,90.0,250.53059323191755
21.55999999999963,11.400000000022246,50.0,180.0,36.747977878997304,90.0,103.20333718862354,53.252022121002696,90.0,256.79666281137645
21.57999999999963,10.200000000022271,-50.0,180.0,37.15950877234309,90.0,103.14556255657006,127.15950877234309,90.0,118.14556255657006
21.57999999999963,-13.144600200674807,-50.0,189.63507348199343,39.962105084301044,90.0,111.40348373243683,129.96210508430104,90.0,111.40348373243683
21.57999999999963,-13.144600200674807,50.0,189.63507348199343,39.962105084301044,90.0,111.40348373243683,50.037894915698956,90.0,248.59651626756317
21.57999999999963,10.200000000022271,50.0,180.0,37.15950877234309,90.0,103.14556255657006,52.84049122765691,90.0,256.85443744342996
21.59999999999963,9.000000000022297,-50.0,180.0,37.56788493161166,90.0,103.09421874965975,127.56788493161166,90.0,118.09421874965975
21.59999999999963,-12.135254915644799,-50.0,191.75570504581168,38.64138768644412,90.0,113.24120616828354,128.64138768644412,90.0,113.24120616828354
21.59999999999963,-12.135254915644799,50.0,191.75570504581168,38.64138768644412,90.0,113.24120616828354,51.35861231355588,90.0,246.75879383171645
21.59999999999963,9.000000000022297,50.0,180.0,37.56788493161166,90.0,103.09421874965975,52.43211506838834,90.0,256.9057812503403
21.619999999999628,7.800000000022322,-50.0,180.0,37.973074678703036,90.0,103.04930169740797,127.97307467870303,90.0,118.04930169740797
21.619999999999628,-10.934529411345176,-50.0,193.69094211853968,37.34488387341572,90.0,114.94881982565443,127.34488387341571,90.0,114.94881982565443
21.619999999999628,-10.934529411345176,50.0,193.69094211853968,37.34488387341572,90.0,114.94881982565443,52.65511612658428,90.0,245.05118017434557
21.619999999999628,7.800000000022322,50.0,180.0,37.973074678703036,90.0,103.04930169740797,52.026925321296964,90.0,256.95069830259206
21.639999999999628,6.600000000022348,-50.0,180.0,38.37504597539946,90.0,103.01080786276906,128.37504597539947,90.0,118.01080786276906
21.639999999999628,-9.561359846257394,-50.0,195.41026485548593,36.096306087514776,90.00000000000001,116.49264966422461,126.09630608751478,89.99999999999999,116.49264966422461
21.639999999999628,-9.561359846257394,50.0,195.41026485548593,36.096306087514776,90.00000000000001,116.49264966422461,53.903693912485224,90.00000000000001,243.50735033577539
21.639999999999628,6.600000000022348,50.0,180.0,38.37504597539946,90.0,103.01080786276906,51.62495402460054,90.0,256.98919213723093
21.659999999999627,5.400000000022374,-50.0,180.0,38.773766446438735,90.0,102.97873423224577,128.77376644643874,90.0,117.97873423224577
21.659999999999627,-8.037401924714622,-50.0,196.8865585100152,34.91885817295071,90.0,117.84002214419007,124.9188581729507,90.0,117.84002214419007
21.659999999999627,-8.037401924714622,50.0,196.8865585100152,34.91885817295071,90.0,117.84002214419007,55.08114182704929,90.0,242.15997785580993
21.659999999999627,5.400000000022374,50.0,180.0,38.773766446438735,90.0,102.97873423224577,51.226233553561265,90.0,257.02126576775424
21.679999999999627,4.200000000022399,-50.0,180.0,39.16920340193535,90.0,102.95307830743945,129.16920340193536,90.0,117.95307830743945
21.679999999999627,-6.386689373507926,-50.0,198.0965410493004,33.834590987760336,90.00000000000001,118.96044239846177,123.83459098776034,89.99999999999999,118.96044239846177
21.679999999999627,-6.386689373507926,50.0,198.0965410493004,33.834590987760336,90.00000000000001,118.96044239846177,56.165409012239664,90.00000000000001,241.03955760153823
21.679999999999627,4.200000000022399,50.0,180.0,39.16920340193535,90.0,102.95307830743945,50.83079659806465,90.0,257.04692169256055
21.699999999999626,3.0000000000224247,-50.0,180.0,39.561323859131896,90.0,102.93383809802872,129.5613238591319,90.0,117.93383809802872
21.699999999999626,-4.635254915657713,-50.0,199.02113032588855,32.86367004228383,90.00000000000001,119.82697291843887,122.86367004228383,89.99999999999999,119.82697291843887
21.699999999999626,-4.635254915657713,50.0,199.02113032588855,32.86367004228383,90.00000000000001,119.82697291843887,57.13632995771617,90.00000000000001,240.17302708156114
21.699999999999626,3.0000000000224247,50.0,180.0,39.561323859131896,90.0,102.93383809802872,50.438676140868104,90.0,257.06616190197127
21.719999999999626,1.8000000000224503,-50.0,180.0,39.95009456346258,90.0,102.92101211616503,129.95009456346259,90.0,117.92101211616503
21.719999999999626,-2.8107197188205113,-50.0,199.64574501456497,32.02361220893787,90.0,120.4176965219783,122.02361220893786,90.0,120.4176965219783
21.719999999999626,-2.8107197188205113,50.0,199.64574501456497,32.02361220893787,90.0,120.4176965219783,57.97638779106213,90.0,239.5823034780217
21.719999999999626,1.8000000000224503,50.0,180.0,39.95009456346258,90.0,102.92101211616503,50.04990543653742,90.0,257.078987883835
21.739999999999625,0.6000000000224759,-50.0,180.0,40.3354820089092,90.0,102.91459937227702,130.3354820089092,90.0,117.91459937227702
21.739999999999625,-0.9418577929749382,-50.0,199.96053456856248,31.328579304905606,90.0,120.71708781728411,121.3285793049056,90.0,120.71708781728411
21.739999999999625,-0.9418577929749382,50.0,199.96053456856248,31.328579304905606,90.0,120.71708781728411,58.6714206950944,90.0,239.2829121827159
21.739999999999625,0.6000000000224759,50.0,180.0,40.3354820089092,90.0,102.91459937227702,49.6645179910908,90.0,257.08540062772295
21.759999999999625,-0.5999999999774985,-50.0,180.0,40.71745245762865,90.0,102.91459937227688,130.71745245762867,90.0,117.91459937227688
21.759999999999625,0.9418577929044257,-50.0,199.9605345685684,30.788832024564815,90.0,120.71708781728977,120.78883202456481,90.0,120.71708781728977
21.759999999999625,0.9418577929044257,50.0,199.9605345685684,30.788832024564815,90.0,120.71708781728977,59.21116797543519,90.0,239.28291218271022
21.759999999999625,-0.5999999999774985,50.0,180.0,40.71745245762865,90.0,102.91459937227688,49.28254754237135,90.0,257.0854006277231
21.779999999999625,-1.799999999977473,-50.0,180.0,41.095971958829715,90.0,102.92101211616466,131.09597195882972,90.0,117.92101211616466
21.779999999999625,2.810719718751111,-50.0,199.64574501458262,30.410437445562188,90.0,120.41769652199507,120.4104374455622,90.0,120.41769652199507
21.779999999999625,2.810719718751111,50.0,199.64574501458262,30.410437445562188,90.0,120.41769652199507,59.58956255443781,90.0,239.58230347800492
21.779999999999625,-1.799999999977473,50.0,180.0,41.095971958829715,90.0,102.92101211616466,48.904028041170285,90.0,257.07898788383534
21.799999999999624,-2.9999999999774474,-50.0,180.0,41.471006366876544,90.0,102.93383809802812,131.47100636687654,90.0,117.93383809802812
21.799999999999624,4.63525491559052,-50.0,199.02113032591768,30.195284643886446,90.0,119.8269729184663,120.19528464388645,90.0,119.8269729184663
21.799999999999624,4.63525491559052,50.0,199.02113032591768,30.195284643886446,90.0,119.8269729184663,59.804715356113554,90.0,240.1730270815337
21.799999999999624,-2.9999999999774474,50.0,180.0,41.471006366876544,90.0,102.93383809802812,48.528993633123456,90.0,257.0661619019719
21.819999999999624,-4.199999999977422,-50.0,180.0,41.84252135859397,90.0,102.95307830743862,131.84252135859396,90.0,117.95307830743862
21.819999999999624,6.386689373443995,-50.0,198.09654104934052,30.14140547158413,90.0,118.96044239849915,120.14140547158414,90.0,118.96044239849915
21.819999999999624,6.386689373443995,50.0,198.09654104934052,30.14140547158413,90.0,118.96044239849915,59.85859452841587,90.0,241.03955760150086
21.819999999999624,-4.199999999977422,50.0,180.0,41.84252135859397,90.0,102.95307830743862,48.15747864140603,90.0,257.0469216925614
21.839999999999623,-5.399999999977396,-50.0,180.0,42.210482449750145,90.0,102.97873423224469,132.21048244975015,90.0,117.97873423224469
21.839999999999623,8.037401924654969,-50.0,196.88655851006567,30.243539977412595,90.00000000000001,117.84002214423649,120.2435399774126,89.99999999999999,117.84002214423649
21.839999999999623,8.037401924654969,50.0,196.88655851006567,30.243539977412595,90.00000000000001,117.84002214423649,59.756460022587405,90.00000000000001,242.15997785576351
21.839999999999623,-5.399999999977396,50.0,180.0,42.210482449750145,90.0,102.97873423224469,47.789517550249855,90.0,257.0212657677553
21.859999999999623,-6.599999999977371,-50.0,180.0,42.57485501069043,90.0,103.01080786276773,132.57485501069044,90.0,118.01080786276773
21.859999999999623,9.561359846202958,-50.0,195.410264855546,30.493846999070833,90.0,116.49264966427897,120.49384699907083,90.0,116.49264966427897
21.859999999999623,9.561359846202958,50.0,195.410264855546,30.493846999070833,90.0,116.49264966427897,59.50615300092917,90.0,243.50735033572101
21.859999999999623,-6.599999999977371,50.0,180.0,42.57485501069043,90.0,103.01080786276773,47.42514498930957,90.0,256.9891921372323
21.879999999999622,-7.799999999977345,-50.0,180.0,42.93560428109542,90.0,103.04930169740638,132.93560428109544,90.0,118.04930169740638
21.879999999999622,10.934529411296811,-50.0,193.69094211860838,30.882649805526054,90.0,114.94881982571557,120.88264980552606,90.0,114.94881982571557
21.879999999999622,10.934529411296811,50.0,193.69094211860838,30.882649805526054,90.0,114.94881982571557,59.11735019447394,90.0,245.0511801742844
21.879999999999622,-7.799999999977345,50.0,180.0,42.93560428109542,90.0,103.04930169740638,47.06439571890458,90.0,256.95069830259365
21.899999999999622,-8.99999999997732,-50.0,180.0,43.29269538383597,90.0,103.09421874965795,133.29269538383596,90.0,118.09421874965795
21.899999999999622,12.13525491560327,-50.0,191.75570504588788,31.399121880294214,90.00000000000001,113.24120616835019,121.39912188029422,89.99999999999999,113.24120616835019
21.899999999999622,12.13525491560327,50.0,191.75570504588788,31.399121880294214,90.00000000000001,113.24120616835019,58.60087811970578,90.00000000000001,246.75879383164983
21.899999999999622,-8.99999999997732,50.0,180.0,43.29269538383597,90.0,103.09421874965795,46.70730461616403,90.0,256.90578125034205
21.91999999999962,-10.199999999977294,-50.0,180.0,43.64609333789643,90.0,103.14556255656801,133.64609333789645,90.0,118.14556255656801
21.91999999999962,13.144600200640769,-50.0,189.635073482076,32.031848273222344,90.0,111.40348373250772,122.03184827322235,90.0,111.40348373250772
21.91999999999962,13.144600200640769,50.0,189.635073482076,32.031848273222344,90.0,111.40348373250772,57.968151726777656,90.0,248.5965162674923
21.91999999999962,-10.199999999977294,50.0,180.0,43.64609333789643,90.0,103.14556255656801,46.35390666210357,90.0,256.854437443432
21.93999999999962,-11.399999999977268,-50.0,180.0,43.99576307033702,90.0,103.20333718862125,133.99576307033703,90.0,118.20333718862125
21.93999999999962,13.946647288310626,-50.0,187.3624910537378,32.7692311600751,90.0,109.46940676815633,122.7692311600751,90.0,109.46940676815633
21.93999999999962,13.946647288310626,50.0,187.3624910537378,32.7692311600751,90.0,109.46940676815633,57.2307688399249,90.0,250.53059323184368
21.93999999999962,-11.399999999977268,50.0,180.0,43.99576307033702,90.0,103.20333718862125,46.00423692966298,90.0,256.7966628113787
21.95999999999962,-12.599999999977243,-50.0,180.0,44.34166942726554,90.0,103.26754726108943,134.34166942726554,90.0,118.26754726108943
21.95999999999962,14.528747416920575,-50.0,184.97379774334325,33.599735712621445,90.0,107.47214231329261,123.59973571262145,90.0,107.47214231329261
21.95999999999962,14.528747416920575,50.0,184.97379774334325,33.599735712621445,90.0,107.47214231329261,56.400264287378555,90.0,252.5278576867074
21.95999999999962,-12.599999999977243,50.0,180.0,44.34166942726554,90.0,103.26754726108943,45.65833057273446,90.0,256.7324527389106
21.97999999999962,-13.799999999977217,-50.0,180.0,44.68377718378782,90.0,103.3381979468541,134.6837771837878,90.0,118.3381979468541
21.97999999999962,14.881720519712681,-50.0,182.50666467133343,34.511990664915984,90.0,105.44382662393976,124.51199066491598,90.0,105.44382662393976
21.97999999999962,14.881720519712681,50.0,182.50666467133343,34.511990664915984,90.0,105.44382662393976,55.488009335084016,90.0,254.55617337606026
21.97999999999962,-13.799999999977217,50.0,180.0,44.68377718378782,90.0,103.3381979468541,45.31622281621218,90.0,256.6618020531459
21.99999999999962,-14.999999999977192,-50.0,180.0,45.02205105290489,90.0,103.41529499072546,135.02205105290489,90.0,118.41529499072546
21.99999999999962,15.0,-50.0,180.00000000004778,35.49476767143965,90.0,103.41529499076537,125.49476767143965,90.0,103.41529499076537
21.99999999999962,15.0,50.0,180.00000000004778,35.49476767143965,90.0,103.41529499076537,54.50523232856035,90.0,256.58470500923465
21.99999999999962,-14.999999999977192,50.0,180.0,45.02205105290489,90.0,103.41529499072546,44.97794894709511,90.0,256.58470500927456
22.01999999999962,-14.881720519721663,-50.0,182.50666467123864,43.835239618752475,90.0,105.44382662386245,133.83523961875247,90.0,120.44382662386245
22.01999999999962,13.800000000022834,-50.0,180.0,35.91557665899641,90.0,103.33819794685692,125.9155766589964,90.0,103.33819794685692
22.01999999999962,13.800000000022834,50.0,180.0,35.91557665899641,90.0,103.33819794685692,54.08442334100359,90.0,256.6618020531431
22.01999999999962,-14.881720519721663,50.0,182.50666467123864,43.835239618752475,90.0,105.44382662386245,46.164760381247525,90.0,254.55617337613756
22.03999999999962,-14.528747416938398,-50.0,184.9737977432507,42.581876733941435,90.0,107.47214231321587,132.58187673394144,90.0,122.47214231321587
22.03999999999962,12.60000000002286,-50.0,180.0,36.333323545845374,90.0,103.26754726109199,126.33332354584537,90.0,103.26754726109199
22.03999999999962,12.60000000002286,50.0,180.0,36.333323545845374,90.0,103.26754726109199,53.666676454154626,90.0,256.732452738908
22.03999999999962,-14.528747416938398,50.0,184.9737977432507,42.581876733941435,90.0,107.47214231321587,47.418123266058565,90.0,252.52785768678413
22.05999999999962,-13.946647288337005,-50.0,187.362491053649,41.28334782679889,90.0,109.46940676808144,131.2833478267989,90.0,124.46940676808144
22.05999999999962,11.400000000022885,-50.0,180.0,36.747977878997084,90.0,103.20333718862359,126.74797787899709,90.0,103.20333718862359
22.05999999999962,11.400000000022885,50.0,180.0,36.747977878997084,90.0,103.20333718862359,53.252022121002916,90.0,256.7966628113764
22.05999999999962,-13.946647288337005,50.0,187.362491053649,41.28334782679889,90.0,109.46940676808144,48.71665217320111,90.0,250.53059323191854
22.079999999999618,-13.144600200675292,-50.0,189.63507348199226,39.96210508430174,90.0,111.40348373243584,129.96210508430175,90.0,126.40348373243584
22.079999999999618,10.20000000002291,-50.0,180.0,37.159508772342875,90.0,103.14556255657008,127.15950877234287,90.0,103.14556255657008
22.079999999999618,10.20000000002291,50.0,180.0,37.159508772342875,90.0,103.14556255657008,52.840491227657125,90.0,256.8544374434299
22.079999999999618,-13.144600200675292,50.0,189.63507348199226,39.96210508430174,90.0,111.40348373243584,50.03789491569826,90.0,248.59651626756414
22.099999999999618,-12.135254915645389,-50.0,191.7557050458106,38.641387686444816,90.00000000000001,113.24120616828259,128.64138768644483,89.99999999999999,128.2412061682826
22.099999999999618,9.000000000022936,-50.0,180.0,37.56788493161144,90.0,103.09421874965976,127.56788493161145,90.0,103.09421874965976
22.099999999999618,9.000000000022936,50.0,180.0,37.56788493161144,90.0,103.09421874965976,52.43211506838856,90.0,256.9057812503402
22.099999999999618,-12.135254915645389,50.0,191.7557050458106,38.641387686444816,90.00000000000001,113.24120616828259,51.358612313555184,90.00000000000001,246.7587938317174
22.119999999999617,-10.934529411345864,-50.0,193.69094211853871,37.34488387341639,90.0,114.94881982565353,127.34488387341639,90.0,129.94881982565352
22.119999999999617,7.800000000022962,-50.0,180.0,37.97307467870284,90.0,103.04930169740797,127.97307467870283,90.0,103.04930169740797
22.119999999999617,7.800000000022962,50.0,180.0,37.97307467870284,90.0,103.04930169740797,52.02692532129716,90.0,256.95069830259206
22.119999999999617,-10.934529411345864,50.0,193.69094211853871,37.34488387341639,90.0,114.94881982565353,52.65511612658361,90.0,245.05118017434648
22.139999999999617,-9.561359846258169,-50.0,195.41026485548508,36.09630608751543,90.0,116.4926496642238,126.09630608751543,90.0,131.4926496642238
22.139999999999617,6.6000000000229875,-50.0,180.0,38.375045975399246,90.0,103.01080786276908,128.37504597539925,90.0,103.01080786276908
22.139999999999617,6.6000000000229875,50.0,180.0,38.375045975399246,90.0,103.01080786276908,51.624954024600754,90.0,256.98919213723093
22.139999999999617,-9.561359846258169,50.0,195.41026485548508,36.09630608751543,90.0,116.4926496642238,53.90369391248457,90.0,243.5073503357762
22.159999999999616,-8.037401924715471,-50.0,196.88655851001448,34.918858172951325,90.0,117.84002214418942,124.91885817295133,90.0,132.84002214418942
22.159999999999616,5.400000000023013,-50.0,180.0,38.773766446438515,90.0,102.97873423224578,128.77376644643851,90.0,102.97873423224578
22.159999999999616,5.400000000023013,50.0,180.0,38.773766446438515,90.0,102.97873423224578,51.226233553561485,90.0,257.02126576775424
22.159999999999616,-8.037401924715471,50.0,196.88655851001448,34.918858172951325,90.0,117.84002214418942,55.081141827048675,90.0,242.15997785581058
22.179999999999616,-6.386689373508836,-50.0,198.09654104929984,33.83459098776087,90.00000000000001,118.96044239846127,123.83459098776086,89.99999999999999,133.96044239846128
22.179999999999616,4.200000000023039,-50.0,180.0,39.16920340193513,90.0,102.95307830743948,129.16920340193514,90.0,102.95307830743948
22.179999999999616,4.200000000023039,50.0,180.0,39.16920340193513,90.0,102.95307830743948,50.83079659806487,90.0,257.04692169256055
22.179999999999616,-6.386689373508836,50.0,198.09654104929984,33.83459098776087,90.00000000000001,118.96044239846127,56.16540901223913,90.00000000000001,241.03955760153872
22.199999999999616,-4.635254915658667,-50.0,199.02113032588815,32.86367004228432,90.0,119.82697291843846,122.86367004228433,90.0,134.82697291843846
22.199999999999616,3.000000000023064,-50.0,180.0,39.5613238591317,90.0,102.93383809802872,129.5613238591317,90.0,102.93383809802872
22.199999999999616,3.000000000023064,50.0,180.0,39.5613238591317,90.0,102.93383809802872,50.4386761408683,90.0,257.06616190197127
22.199999999999616,-4.635254915658667,50.0,199.02113032588815,32.86367004228432,90.0,119.82697291843846,57.13632995771568,90.0,240.17302708156154
22.219999999999615,-2.8107197188214963,-50.0,199.6457450145647,32.02361220893827,90.0,120.41769652197807,122.02361220893826,90.0,135.4176965219781
22.219999999999615,1.8000000000230898,-50.0,180.0,39.95009456346237,90.0,102.92101211616503,129.95009456346236,90.0,102.92101211616503
22.219999999999615,1.8000000000230898,50.0,180.0,39.95009456346237,90.0,102.92101211616503,50.04990543653763,90.0,257.078987883835
22.219999999999615,-2.8107197188214963,50.0,199.6457450145647,32.02361220893827,90.0,120.41769652197807,57.97638779106173,90.0,239.5823034780219
22.239999999999615,-0.9418577929759389,-50.0,199.9605345685624,31.328579304905933,90.0,120.71708781728404,121.32857930490593,90.0,135.71708781728404
22.239999999999615,0.6000000000231154,-50.0,180.0,40.335482008909004,90.0,102.91459937227702,130.335482008909,90.0,102.91459937227702
22.239999999999615,0.6000000000231154,50.0,180.0,40.335482008909004,90.0,102.91459937227702,49.664517991090996,90.0,257.08540062772295
22.239999999999615,-0.9418577929759389,50.0,199.9605345685624,31.328579304905933,90.0,120.71708781728404,58.67142069509407,90.0,239.28291218271596
22.259999999999614,0.941857792903422,-50.0,199.96053456856848,30.788832024565064,90.00000000000001,120.71708781728984,120.78883202456507,89.99999999999999,135.71708781728984
22.259999999999614,-0.599999999976859,-50.0,180.0,40.71745245762845,90.0,102.91459937227688,130.71745245762844,90.0,102.91459937227688
22.259999999999614,-0.599999999976859,50.0,180.0,40.71745245762845,90.0,102.91459937227688,49.28254754237155,90.0,257.0854006277231
22.259999999999614,0.941857792903422,50.0,199.96053456856848,30.788832024565064,90.00000000000001,120.71708781728984,59.21116797543493,90.00000000000001,239.28291218271016
22.279999999999614,2.8107197187501227,-50.0,199.64574501458287,30.410437445562355,90.0,120.41769652199527,120.41043744556235,90.0,135.41769652199525
22.279999999999614,-1.7999999999768335,-50.0,180.0,41.09597195882951,90.0,102.92101211616466,131.09597195882952,90.0,102.92101211616466
22.279999999999614,-1.7999999999768335,50.0,180.0,41.09597195882951,90.0,102.92101211616466,48.90402804117049,90.0,257.07898788383534
22.279999999999614,2.8107197187501227,50.0,199.64574501458287,30.410437445562355,90.0,120.41769652199527,59.58956255443765,90.0,239.58230347800475
22.299999999999613,4.635254915589563,-50.0,199.02113032591808,30.19528464388651,90.0,119.82697291846671,120.19528464388651,90.0,134.8269729184667
22.299999999999613,-2.999999999976808,-50.0,180.0,41.47100636687635,90.0,102.9338380980281,131.47100636687634,90.0,102.9338380980281
22.299999999999613,-2.999999999976808,50.0,180.0,41.47100636687635,90.0,102.9338380980281,48.52899363312365,90.0,257.0661619019719
22.299999999999613,4.635254915589563,50.0,199.02113032591808,30.19528464388651,90.0,119.82697291846671,59.80471535611349,90.0,240.1730270815333
22.319999999999613,6.386689373443091,-50.0,198.09654104934108,30.14140547158411,90.0,118.96044239849968,120.14140547158411,90.0,133.96044239849968
22.319999999999613,-4.199999999976782,-50.0,180.0,41.84252135859377,90.0,102.95307830743862,131.84252135859379,90.0,102.95307830743862
22.319999999999613,-4.199999999976782,50.0,180.0,41.84252135859377,90.0,102.95307830743862,48.15747864140623,90.0,257.0469216925614
22.319999999999613,6.386689373443091,50.0,198.09654104934108,30.14140547158411,90.0,118.96044239849968,59.85859452841589,90.0,241.03955760150032
22.339999999999613,8.03740192465412,-50.0,196.88655851006638,30.243539977412507,90.0,117.84002214423712,120.24353997741251,90.0,132.84002214423714
22.339999999999613,-5.399999999976757,-50.0,180.0,42.210482449749954,90.0,102.97873423224468,132.21048244974995,90.0,102.97873423224468
22.339999999999613,-5.399999999976757,50.0,180.0,42.210482449749954,90.0,102.97873423224468,47.789517550250046,90.0,257.0212657677553
22.339999999999613,8.03740192465412,50.0,196.88655851006638,30.243539977412507,90.0,117.84002214423712,59.75646002258749,90.0,242.15997785576286
22.359999999999612,9.561359846202182,-50.0,195.41026485554684,30.493846999070662,90.00000000000001,116.49264966427975,120.49384699907066,89.99999999999999,131.49264966427975
22.359999999999612,-6.599999999976731,-50.0,180.0,42.57485501069023,90.0,103.01080786276772,132.57485501069021,90.0,103.01080786276772
22.359999999999612,-6.599999999976731,50.0,180.0,42.57485501069023,90.0,103.01080786276772,47.42514498930977,90.0,256.9891921372323
22.359999999999612,9.561359846202182,50.0,195.41026485554684,30.493846999070662,90.00000000000001,116.49264966427975,59.50615300092934,90.00000000000001,243.50735033572025
22.37999999999961,10.934529411296122,-50.0,193.69094211860934,30.882649805525837,90.0,114.94881982571641,120.88264980552583,90.0,129.9488198257164
22.37999999999961,-7.799999999976706,-50.0,180.0,42.93560428109523,90.0,103.04930169740636,132.93560428109524,90.0,103.04930169740636
22.37999999999961,-7.799999999976706,50.0,180.0,42.93560428109523,90.0,103.04930169740636,47.06439571890477,90.0,256.95069830259365
22.37999999999961,10.934529411296122,50.0,193.69094211860934,30.882649805525837,90.0,114.94881982571641,59.11735019447416,90.0,245.0511801742836
22.39999999999961,12.13525491560268,-50.0,191.755705045889,31.399121880293883,90.0,113.24120616835117,121.39912188029388,90.0,128.24120616835117
22.39999999999961,-8.99999999997668,-50.0,180.0,43.29269538383579,90.0,103.09421874965793,133.2926953838358,90.0,103.09421874965793
22.39999999999961,-8.99999999997668,50.0,180.0,43.29269538383579,90.0,103.09421874965793,46.70730461616421,90.0,256.9057812503421
22.39999999999961,12.13525491560268,50.0,191.755705045889,31.399121880293883,90.0,113.24120616835117,58.60087811970612,90.0,246.75879383164883
22.41999999999961,13.144600200640287,-50.0,189.63507348207716,32.031848273221975,90.0,111.40348373250873,122.03184827322198,90.0,126.40348373250873
22.41999999999961,-10.199999999976654,-50.0,180.0,43.64609333789625,90.0,103.14556255656798,133.64609333789625,90.0,103.14556255656798
22.41999999999961,-10.199999999976654,50.0,180.0,43.64609333789625,90.0,103.14556255656798,46.35390666210375,90.0,256.854437443432
22.41999999999961,13.144600200640287,50.0,189.63507348207716,32.031848273221975,90.0,111.40348373250873,57.968151726778025,90.0,248.59651626749127
22.43999999999961,13.946647288310256,-50.0,187.36249105373906,32.769231160074675,90.0,109.46940676815738,122.76923116007467,90.0,124.46940676815738
22.43999999999961,-11.399999999976629,-50.0,180.0,43.99576307033682,90.0,103.20333718862123,133.9957630703368,90.0,103.20333718862123
22.43999999999961,-11.399999999976629,50.0,180.0,43.99576307033682,90.0,103.20333718862123,46.00423692966318,90.0,256.7966628113788
22.43999999999961,13.946647288310256,50.0,187.36249105373906,32.769231160074675,90.0,109.46940676815738,57.230768839925325,90.0,250.5305932318426
22.45999999999961,14.528747416920327,-50.0,184.97379774334456,33.599735712621,90.0,107.47214231329365,123.599735712621,90.0,122.47214231329365
22.45999999999961,-12.599999999976603,-50.0,180.0,44.34166942726537,90.0,103.2675472610894,134.34166942726537,90.0,103.2675472610894
22.45999999999961,-12.599999999976603,50.0,180.0,44.34166942726537,90.0,103.2675472610894,45.65833057273463,90.0,256.7324527389106
22.45999999999961,14.528747416920327,50.0,184.97379774334456,33.599735712621,90.0,107.47214231329365,56.400264287379,90.0,252.52785768670634
22.47999999999961,14.881720519712555,-50.0,182.50666467133476,34.51199066491545,90.0,105.44382662394085,124.51199066491546,90.0,120.44382662394085
22.47999999999961,-13.799999999976578,-50.0,180.0,44.68377718378762,90.0,103.33819794685407,134.6837771837876,90.0,103.33819794685407
22.47999999999961,-13.799999999976578,50.0,180.0,44.68377718378762,90.0,103.33819794685407,45.31622281621238,90.0,256.66180205314595
22.47999999999961,14.881720519712555,50.0,182.50666467133476,34.51199066491545,90.0,105.44382662394085,55.48800933508455,90.0,254.55617337605915
22.49999999999961,15.0,-50.0,180.0000000000491,35.494767671439114,90.0,103.41529499076643,125.49476767143912,90.0,118.41529499076643
22.49999999999961,-14.999999999976552,-50.0,180.0,45.022051052904715,90.0,103.41529499072541,135.02205105290471,90.0,103.41529499072541
22.49999999999961,-14.999999999976552,50.0,180.0,45.022051052904715,90.0,103.41529499072541,44.977948947095285,90.0,256.58470500927456
22.49999999999961,15.0,50.0,180.0000000000491,35.494767671439114,90.0,103.41529499076643,54.505232328560886,90.0,256.5847050092336
22.51999999999961,13.800000000023473,-50.0,180.0,35.915576658996166,90.0,103.33819794685697,125.91557665899617,90.0,118.33819794685697
22.51999999999961,-14.881720519721789,-50.0,182.5066646712373,43.83523961875313,90.0,105.44382662386136,133.83523961875312,90.0,105.44382662386136
22.51999999999961,-14.881720519721789,50.0,182.5066646712373,43.83523961875313,90.0,105.44382662386136,46.16476038124687,90.0,254.55617337613864
22.51999999999961,13.800000000023473,50.0,180.0,35.915576658996166,90.0,103.33819794685697,54.084423341003834,90.0,256.66180205314305
22.53999999999961,12.600000000023499,-50.0,180.0,36.33332354584516,90.0,103.26754726109202,126.33332354584516,90.0,118.26754726109202
22.53999999999961,-14.528747416938646,-50.0,184.97379774324943,42.5818767339421,90.0,107.47214231321482,132.5818767339421,90.0,107.47214231321482
22.53999999999961,-14.528747416938646,50.0,184.97379774324943,42.5818767339421,90.0,107.47214231321482,47.4181232660579,90.0,252.52785768678518
22.53999999999961,12.600000000023499,50.0,180.0,36.33332354584516,90.0,103.26754726109202,53.66667645415484,90.0,256.73245273890797
22.559999999999608,11.400000000023525,-50.0,180.0,36.747977878996856,90.0,103.20333718862362,126.74797787899686,90.0,118.20333718862362
22.559999999999608,-13.946647288337374,-50.0,187.36249105364774,41.283347826799606,90.0,109.46940676808038,131.2833478267996,90.0,109.46940676808038
22.559999999999608,-13.946647288337374,50.0,187.36249105364774,41.283347826799606,90.0,109.46940676808038,48.716652173200394,90.0,250.53059323191962
22.559999999999608,11.400000000023525,50.0,180.0,36.747977878996856,90.0,103.20333718862362,53.252022121003144,90.0,256.7966628113764
22.579999999999607,10.20000000002355,-50.0,180.0,37.159508772342654,90.0,103.1455625565701,127.15950877234266,90.0,118.1455625565701
22.579999999999607,-13.144600200675777,-50.0,189.63507348199107,39.96210508430248,90.0,111.40348373243476,129.9621050843025,90.0,111.40348373243476
22.579999999999607,-13.144600200675777,50.0,189.63507348199107,39.96210508430248,90.0,111.40348373243476,50.03789491569752,90.0,248.59651626756522
22.579999999999607,10.20000000002355,50.0,180.0,37.159508772342654,90.0,103.1455625565701,52.840491227657346,90.0,256.8544374434299
22.599999999999607,9.000000000023576,-50.0,180.0,37.567884931611204,90.0,103.09421874965982,127.5678849316112,90.0,118.09421874965982
22.599999999999607,-12.135254915645978,-50.0,191.75570504580952,38.64138768644551,90.0,113.24120616828166,128.6413876864455,90.0,113.24120616828166
22.599999999999607,-12.135254915645978,50.0,191.75570504580952,38.64138768644551,90.0,113.24120616828166,51.35861231355449,90.0,246.75879383171832
22.599999999999607,9.000000000023576,50.0,180.0,37.567884931611204,90.0,103.09421874965982,52.432115068388796,90.0,256.90578125034017
22.619999999999607,7.800000000023601,-50.0,180.0,37.97307467870261,90.0,103.04930169740801,127.9730746787026,90.0,118.04930169740801
22.619999999999607,-10.934529411346551,-50.0,193.69094211853775,37.34488387341708,90.0,114.94881982565266,127.34488387341707,90.0,114.94881982565266
22.619999999999607,-10.934529411346551,50.0,193.69094211853775,37.34488387341708,90.0,114.94881982565266,52.65511612658292,90.0,245.05118017434734
22.619999999999607,7.800000000023601,50.0,180.0,37.97307467870261,90.0,103.04930169740801,52.02692532129739,90.0,256.950698302592
22.639999999999606,6.600000000023627,-50.0,180.0,38.375045975399026,90.0,103.01080786276911,128.37504597539902,90.0,118.01080786276911
22.639999999999606,-9.561359846258942,-50.0,195.41026485548423,36.096306087516076,90.0,116.49264966422304,126.09630608751607,90.0,116.49264966422304
22.639999999999606,-9.561359846258942,50.0,195.41026485548423,36.096306087516076,90.0,116.49264966422304,53.903693912483924,90.0,243.50735033577695
22.639999999999606,6.600000000023627,50.0,180.0,38.375045975399026,90.0,103.01080786276911,51.624954024600974,90.0,256.9891921372309
22.659999999999606,5.4000000000236525,-50.0,180.0,38.773766446438295,90.0,102.97873423224581,128.7737664464383,90.0,117.97873423224581
22.659999999999606,-8.037401924716319,-50.0,196.88655851001374,34.91885817295192,90.0,117.84002214418875,124.91885817295193,90.0,117.84002214418875
22.659999999999606,-8.037401924716319,50.0,196.88655851001374,34.91885817295192,90.0,117.84002214418875,55.08114182704808,90.0,242.15997785581123
22.659999999999606,5.4000000000236525,50.0,180.0,38.773766446438295,90.0,102.97873423224581,51.226233553561705,90.0,257.0212657677542
22.679999999999605,4.200000000023678,-50.0,180.0,39.16920340193492,90.0,102.95307830743948,129.1692034019349,90.0,117.95307830743948
22.679999999999605,-6.386689373509744,-50.0,198.09654104929928,33.83459098776143,90.00000000000001,118.9604423984607,123.83459098776143,89.99999999999999,118.9604423984607
22.679999999999605,-6.386689373509744,50.0,198.09654104929928,33.83459098776143,90.00000000000001,118.9604423984607,56.16540901223857,90.00000000000001,241.0395576015393
22.679999999999605,4.200000000023678,50.0,180.0,39.16920340193492,90.0,102.95307830743948,50.83079659806508,90.0,257.04692169256055
22.699999999999605,3.0000000000237037,-50.0,180.0,39.56132385913148,90.0,102.93383809802873,129.56132385913148,90.0,117.93383809802873
22.699999999999605,-4.635254915659623,-50.0,199.02113032588773,32.863670042284795,90.0,119.82697291843807,122.8636700422848,90.0,119.82697291843807
22.699999999999605,-4.635254915659623,50.0,199.02113032588773,32.863670042284795,90.0,119.82697291843807,57.136329957715205,90.0,240.17302708156194
22.699999999999605,3.0000000000237037,50.0,180.0,39.56132385913148,90.0,102.93383809802873,50.43867614086852,90.0,257.06616190197127
22.719999999999605,1.8000000000237293,-50.0,180.0,39.950094563462166,90.0,102.92101211616503,129.95009456346216,90.0,117.92101211616503
22.719999999999605,-2.8107197188224844,-50.0,199.64574501456445,32.02361220893868,90.0,120.41769652197782,122.02361220893869,90.0,120.41769652197782
22.719999999999605,-2.8107197188224844,50.0,199.64574501456445,32.02361220893868,90.0,120.41769652197782,57.97638779106132,90.0,239.5823034780222
22.719999999999605,1.8000000000237293,50.0,180.0,39.950094563462166,90.0,102.92101211616503,50.049905436537834,90.0,257.078987883835
22.739999999999604,0.6000000000237549,-50.0,180.0,40.3354820089088,90.0,102.91459937227702,130.3354820089088,90.0,117.91459937227702
22.739999999999604,-0.9418577929769427,-50.0,199.9605345685623,31.328579304906263,90.0,120.71708781728397,121.32857930490627,90.0,120.71708781728397
22.739999999999604,-0.9418577929769427,50.0,199.9605345685623,31.328579304906263,90.0,120.71708781728397,58.67142069509374,90.0,239.28291218271602
22.739999999999604,0.6000000000237549,50.0,180.0,40.3354820089088,90.0,102.91459937227702,49.6645179910912,90.0,257.08540062772295
22.759999999999604,-0.5999999999762196,-50.0,180.0,40.71745245762825,90.0,102.91459937227688,130.71745245762824,90.0,117.91459937227688
22.759999999999604,0.9418577929024179,-50.0,199.96053456856856,30.788832024565313,90.0,120.71708781728992,120.78883202456531,90.0,120.71708781728992
22.759999999999604,0.9418577929024179,50.0,199.96053456856856,30.788832024565313,90.0,120.71708781728992,59.21116797543469,90.0,239.28291218271008
22.759999999999604,-0.5999999999762196,50.0,180.0,40.71745245762825,90.0,102.91459937227688,49.28254754237175,90.0,257.0854006277231
22.779999999999603,-1.799999999976194,-50.0,180.0,41.095971958829324,90.0,102.92101211616463,131.09597195882932,90.0,117.92101211616463
22.779999999999603,2.810719718749138,-50.0,199.64574501458313,30.410437445562508,90.00000000000001,120.41769652199552,120.41043744556251,89.99999999999999,120.41769652199552
22.779999999999603,2.810719718749138,50.0,199.64574501458313,30.410437445562508,90.00000000000001,120.41769652199552,59.58956255443749,90.00000000000001,239.58230347800446
22.779999999999603,-1.799999999976194,50.0,180.0,41.095971958829324,90.0,102.92101211616463,48.904028041170676,90.0,257.07898788383534
22.799999999999603,-2.9999999999761684,-50.0,180.0,41.471006366876146,90.0,102.9338380980281,131.47100636687614,90.0,117.9338380980281
22.799999999999603,4.635254915588609,-50.0,199.0211303259185,30.19528464388658,90.0,119.82697291846708,120.19528464388658,90.0,119.82697291846708
22.799999999999603,4.635254915588609,50.0,199.0211303259185,30.19528464388658,90.0,119.82697291846708,59.80471535611342,90.0,240.17302708153292
22.799999999999603,-2.9999999999761684,50.0,180.0,41.471006366876146,90.0,102.9338380980281,48.528993633123854,90.0,257.0661619019719
22.819999999999602,-4.199999999976143,-50.0,180.0,41.84252135859359,90.0,102.95307830743859,131.8425213585936,90.0,117.95307830743859
22.819999999999602,6.386689373442181,-50.0,198.09654104934168,30.141405471584083,90.0,118.96044239850025,120.14140547158408,90.0,118.96044239850025
22.819999999999602,6.386689373442181,50.0,198.09654104934168,30.141405471584083,90.0,118.96044239850025,59.85859452841592,90.0,241.03955760149975
22.819999999999602,-4.199999999976143,50.0,180.0,41.84252135859359,90.0,102.95307830743859,48.15747864140641,90.0,257.0469216925614
22.839999999999602,-5.399999999976117,-50.0,180.0,42.21048244974976,90.0,102.97873423224465,132.21048244974975,90.0,117.97873423224465
22.839999999999602,8.03740192465327,-50.0,196.88655851006712,30.2435399774124,90.0,117.8400221442378,120.2435399774124,90.0,117.8400221442378
22.839999999999602,8.03740192465327,50.0,196.88655851006712,30.2435399774124,90.0,117.8400221442378,59.7564600225876,90.0,242.15997785576218
22.839999999999602,-5.399999999976117,50.0,180.0,42.21048244974976,90.0,102.97873423224465,47.78951755025024,90.0,257.0212657677554
22.8599999999996,-6.599999999976092,-50.0,180.0,42.57485501069002,90.0,103.01080786276772,132.57485501069002,90.0,118.01080786276772
22.8599999999996,9.561359846201407,-50.0,195.4102648555477,30.493846999070485,90.0,116.49264966428055,120.49384699907048,90.0,116.49264966428055
22.8599999999996,9.561359846201407,50.0,195.4102648555477,30.493846999070485,90.0,116.49264966428055,59.506153000929515,90.0,243.50735033571945
22.8599999999996,-6.599999999976092,50.0,180.0,42.57485501069002,90.0,103.01080786276772,47.42514498930998,90.0,256.9891921372323
22.8799999999996,-7.799999999976066,-50.0,180.0,42.93560428109504,90.0,103.04930169740635,132.93560428109504,90.0,118.04930169740635
22.8799999999996,10.934529411295436,-50.0,193.6909421186103,30.88264980552559,90.0,114.9488198257173,120.88264980552559,90.0,114.9488198257173
22.8799999999996,10.934529411295436,50.0,193.6909421186103,30.88264980552559,90.0,114.9488198257173,59.11735019447441,90.0,245.0511801742827
22.8799999999996,-7.799999999976066,50.0,180.0,42.93560428109504,90.0,103.04930169740635,47.06439571890496,90.0,256.95069830259365
22.8999999999996,-8.99999999997604,-50.0,180.0,43.29269538383561,90.0,103.0942187496579,133.29269538383562,90.0,118.0942187496579
22.8999999999996,12.135254915602088,-50.0,191.75570504589007,31.3991218802936,90.0,113.2412061683521,121.39912188029359,90.0,113.2412061683521
22.8999999999996,12.135254915602088,50.0,191.75570504589007,31.3991218802936,90.0,113.2412061683521,58.6008781197064,90.0,246.7587938316479
22.8999999999996,-8.99999999997604,50.0,180.0,43.29269538383561,90.0,103.0942187496579,46.70730461616439,90.0,256.9057812503421
22.9199999999996,-10.199999999976015,-50.0,180.0,43.64609333789607,90.0,103.14556255656792,133.64609333789608,90.0,118.14556255656792
22.9199999999996,13.144600200639804,-50.0,189.63507348207833,32.03184827322163,90.0,111.4034837325097,122.03184827322163,90.0,111.4034837325097
22.9199999999996,13.144600200639804,50.0,189.63507348207833,32.03184827322163,90.0,111.4034837325097,57.96815172677837,90.0,248.5965162674903
22.9199999999996,-10.199999999976015,50.0,180.0,43.64609333789607,90.0,103.14556255656792,46.35390666210393,90.0,256.85443744343206
22.9399999999996,-11.39999999997599,-50.0,180.0,43.99576307033665,90.0,103.20333718862119,133.99576307033664,90.0,118.20333718862119
22.9399999999996,13.946647288309887,-50.0,187.3624910537403,32.76923116007425,90.0,109.46940676815845,122.76923116007424,90.0,109.46940676815845
22.9399999999996,13.946647288309887,50.0,187.3624910537403,32.76923116007425,90.0,109.46940676815845,57.23076883992575,90.0,250.53059323184155
22.9399999999996,-11.39999999997599,50.0,180.0,43.99576307033665,90.0,103.20333718862119,46.00423692966335,90.0,256.79666281137884
22.9599999999996,-12.599999999975964,-50.0,180.0,44.341669427265174,90.0,103.26754726108938,134.34166942726517,90.0,118.26754726108938
22.9599999999996,14.528747416920076,-50.0,184.97379774334587,33.59973571262051,90.0,107.47214231329475,123.59973571262051,90.0,107.47214231329475
22.9599999999996,14.528747416920076,50.0,184.97379774334587,33.59973571262051,90.0,107.47214231329475,56.40026428737949,90.0,252.52785768670526
22.9599999999996,-12.599999999975964,50.0,180.0,44.341669427265174,90.0,103.26754726108938,45.658330572734826,90.0,256.73245273891064
22.9799999999996,-13.799999999975938,-50.0,180.0,44.68377718378744,90.0,103.33819794685404,134.68377718378744,90.0,118.33819794685404
22.9799999999996,14.881720519712431,-50.0,182.5066646713361,34.51199066491497,90.00000000000001,105.44382662394193,124.51199066491498,89.99999999999999,105.44382662394193
22.9799999999996,14.881720519712431,50.0,182.5066646713361,34.51199066491497,90.00000000000001,105.44382662394193,55.48800933508503,90.00000000000001,254.55617337605807
22.9799999999996,-13.799999999975938,50.0,180.0,44.68377718378744,90.0,103.33819794685404,45.31622281621256,90.0,256.66180205314595
22.9999999999996,-14.999999999975913,-50.0,180.0,45.02205105290454,90.0,103.41529499072536,135.02205105290454,90.0,118.41529499072536
22.9999999999996,15.0,-50.0,180.00000000005045,35.494767671438574,90.0,103.41529499076749,125.49476767143858,90.0,103.41529499076749
22.9999999999996,15.0,50.0,180.00000000005045,35.494767671438574,90.0,103.41529499076749,54.505232328561426,90.0,256.5847050092325
22.9999999999996,-14.999999999975913,50.0,180.0,45.02205105290454,90.0,103.41529499072536,44.97794894709546,90.0,256.58470500927467
23.019999999999598,-14.881720519721915,-50.0,182.50666467123597,43.835239618753775,90.0,105.44382662386028,133.83523961875377,90.0,120.44382662386028
23.019999999999598,13.800000000024113,-50.0,180.0,35.91557665899595,90.0,103.33819794685698,125.91557665899595,90.0,103.33819794685698
23.019999999999598,13.800000000024113,50.0,180.0,35.91557665899595,90.0,103.33819794685698,54.08442334100405,90.0,256.661802053143
23.019999999999598,-14.881720519721915,50.0,182.50666467123597,43.835239618753775,90.0,105.44382662386028,46.164760381246225,90.0,254.55617337613972
23.039999999999598,-14.528747416938897,-50.0,184.97379774324813,42.58187673394279,90.0,107.47214231321371,132.5818767339428,90.0,122.47214231321371
23.039999999999598,12.600000000024139,-50.0,180.0,36.33332354584493,90.0,103.26754726109206,126.33332354584493,90.0,103.26754726109206
23.039999999999598,12.600000000024139,50.0,180.0,36.33332354584493,90.0,103.26754726109206,53.66667645415507,90.0,256.7324527389079
23.039999999999598,-14.528747416938897,50.0,184.97379774324813,42.58187673394279,90.0,107.47214231321371,47.41812326605721,90.0,252.5278576867863
23.059999999999597,-13.946647288337743,-50.0,187.3624910536465,41.28334782680032,90.0,109.4694067680793,131.2833478268003,90.0,124.4694067680793
23.059999999999597,11.400000000024164,-50.0,180.0,36.74797787899663,90.0,103.20333718862365,126.74797787899664,90.0,103.20333718862365
23.059999999999597,11.400000000024164,50.0,180.0,36.74797787899663,90.0,103.20333718862365,53.25202212100337,90.0,256.79666281137634
23.059999999999597,-13.946647288337743,50.0,187.3624910536465,41.28334782680032,90.0,109.4694067680793,48.71665217319968,90.0,250.5305932319207
23.079999999999597,-13.144600200676258,-50.0,189.6350734819899,39.96210508430317,90.0,111.40348373243378,129.96210508430318,90.0,126.40348373243378
23.079999999999597,10.20000000002419,-50.0,180.0,37.159508772342434,90.0,103.14556255657013,127.15950877234243,90.0,103.14556255657013
23.079999999999597,10.20000000002419,50.0,180.0,37.159508772342434,90.0,103.14556255657013,52.840491227657566,90.0,256.8544374434299
23.079999999999597,-13.144600200676258,50.0,189.6350734819899,39.96210508430317,90.0,111.40348373243378,50.03789491569683,90.0,248.59651626756622
23.099999999999596,-12.135254915646568,-50.0,191.75570504580844,38.64138768644621,90.0,113.24120616828073,128.6413876864462,90.0,128.2412061682807
23.099999999999596,9.000000000024215,-50.0,180.0,37.567884931611,90.0,103.09421874965983,127.56788493161099,90.0,103.09421874965983
23.099999999999596,9.000000000024215,50.0,180.0,37.567884931611,90.0,103.09421874965983,52.432115068389,90.0,256.90578125034017
23.099999999999596,-12.135254915646568,50.0,191.75570504580844,38.64138768644621,90.0,113.24120616828073,51.35861231355379,90.0,246.7587938317193
23.119999999999596,-10.934529411347238,-50.0,193.69094211853675,37.34488387341776,90.0,114.94881982565181,127.34488387341776,90.0,129.9488198256518
23.119999999999596,7.800000000024241,-50.0,180.0,37.973074678702396,90.0,103.04930169740804,127.9730746787024,90.0,103.04930169740804
23.119999999999596,7.800000000024241,50.0,180.0,37.973074678702396,90.0,103.04930169740804,52.026925321297604,90.0,256.95069830259195
23.119999999999596,-10.934529411347238,50.0,193.69094211853675,37.34488387341776,90.0,114.94881982565181,52.65511612658224,90.0,245.0511801743482
23.139999999999596,-9.561359846259716,-50.0,195.41026485548338,36.09630608751674,90.0,116.49264966422226,126.09630608751674,90.0,131.49264966422226
23.139999999999596,6.6000000000242665,-50.0,180.0,38.37504597539881,90.0,103.01080786276914,128.37504597539882,90.0,103.01080786276914
23.139999999999596,6.6000000000242665,50.0,180.0,38.37504597539881,90.0,103.01080786276914,51.62495402460119,90.0,256.9891921372309
23.139999999999596,-9.561359846259716,50.0,195.41026485548338,36.09630608751674,90.0,116.49264966422226,53.90369391248326,90.0,243.50735033577774
23.159999999999595,-8.037401924717168,-50.0,196.88655851001303,34.918858172952554,90.0,117.84002214418804,124.91885817295255,90.0,132.84002214418803
23.159999999999595,5.400000000024292,-50.0,180.0,38.773766446438096,90.0,102.97873423224581,128.7737664464381,90.0,102.97873423224581
23.159999999999595,5.400000000024292,50.0,180.0,38.773766446438096,90.0,102.97873423224581,51.226233553561904,90.0,257.0212657677542
23.159999999999595,-8.037401924717168,50.0,196.88655851001303,34.918858172952554,90.0,117.84002214418804,55.081141827047446,90.0,242.15997785581197
23.179999999999595,-6.386689373510654,-50.0,198.0965410492987,33.83459098776199,90.0,118.96044239846015,123.834590987762,90.0,133.96044239846015
23.179999999999595,4.200000000024318,-50.0,180.0,39.169203401934716,90.0,102.95307830743951,129.1692034019347,90.0,102.95307830743951
23.179999999999595,4.200000000024318,50.0,180.0,39.169203401934716,90.0,102.95307830743951,50.830796598065284,90.0,257.0469216925605
23.179999999999595,-6.386689373510654,50.0,198.0965410492987,33.83459098776199,90.0,118.96044239846015,56.16540901223801,90.0,241.03955760153985
23.199999999999594,-4.63525491566058,-50.0,199.02113032588733,32.86367004228528,90.0,119.82697291843769,122.86367004228528,90.0,134.8269729184377
23.199999999999594,3.000000000024343,-50.0,180.0,39.56132385913128,90.0,102.93383809802873,129.56132385913128,90.0,102.93383809802873
23.199999999999594,3.000000000024343,50.0,180.0,39.56132385913128,90.0,102.93383809802873,50.43867614086872,90.0,257.06616190197127
23.199999999999594,-4.63525491566058,50.0,199.02113032588733,32.86367004228528,90.0,119.82697291843769,57.13632995771472,90.0,240.1730270815623
23.219999999999594,-2.810719718823469,-50.0,199.64574501456423,32.02361220893908,90.0,120.41769652197762,122.02361220893908,90.0,135.41769652197763
23.219999999999594,1.8000000000243688,-50.0,180.0,39.95009456346197,90.0,102.92101211616503,129.95009456346196,90.0,102.92101211616503
23.219999999999594,1.8000000000243688,50.0,180.0,39.95009456346197,90.0,102.92101211616503,50.04990543653803,90.0,257.078987883835
23.219999999999594,-2.810719718823469,50.0,199.64574501456423,32.02361220893908,90.0,120.41769652197762,57.97638779106092,90.0,239.58230347802237
23.239999999999593,-0.9418577929779434,-50.0,199.96053456856222,31.328579304906587,90.00000000000001,120.71708781728388,121.32857930490658,89.99999999999999,135.71708781728387
23.239999999999593,0.6000000000243944,-50.0,180.0,40.33548200890859,90.0,102.91459937227702,130.3354820089086,90.0,102.91459937227702
23.239999999999593,0.6000000000243944,50.0,180.0,40.33548200890859,90.0,102.91459937227702,49.66451799109141,90.0,257.08540062772295
23.239999999999593,-0.9418577929779434,50.0,199.96053456856222,31.328579304906587,90.00000000000001,120.71708781728388,58.67142069509342,90.00000000000001,239.28291218271613
23.259999999999593,0.9418577929014175,-50.0,199.96053456856865,30.788832024565547,90.00000000000001,120.71708781729002,120.78883202456555,89.99999999999999,135.71708781729
23.259999999999593,-0.5999999999755801,-50.0,180.0,40.71745245762804,90.0,102.91459937227688,130.71745245762804,90.0,102.91459937227688
23.259999999999593,-0.5999999999755801,50.0,180.0,40.71745245762804,90.0,102.91459937227688,49.28254754237196,90.0,257.0854006277231
23.259999999999593,0.9418577929014175,50.0,199.96053456856865,30.788832024565547,90.00000000000001,120.71708781729002,59.21116797543445,90.00000000000001,239.28291218271
23.279999999999593,2.81071971874815,-50.0,199.64574501458335,30.410437445562692,90.0,120.41769652199572,120.41043744556269,90.0,135.4176965219957
23.279999999999593,-1.7999999999755545,-50.0,180.0,41.09597195882912,90.0,102.92101211616463,131.09597195882913,90.0,102.92101211616463
23.279999999999593,-1.7999999999755545,50.0,180.0,41.09597195882912,90.0,102.92101211616463,48.90402804117088,90.0,257.07898788383534
23.279999999999593,2.81071971874815,50.0,199.64574501458335,30.410437445562692,90.0,120.41769652199572,59.58956255443731,90.0,239.5823034780043
23.299999999999592,4.635254915587653,-50.0,199.0211303259189,30.195284643886662,90.0,119.82697291846746,120.19528464388667,90.0,134.82697291846745
23.299999999999592,-2.999999999975529,-50.0,180.0,41.47100636687595,90.0,102.9338380980281,131.47100636687594,90.0,102.9338380980281
23.299999999999592,-2.999999999975529,50.0,180.0,41.47100636687595,90.0,102.9338380980281,48.52899363312405,90.0,257.0661619019719
23.299999999999592,4.635254915587653,50.0,199.0211303259189,30.195284643886662,90.0,119.82697291846746,59.804715356113334,90.0,240.17302708153255
23.31999999999959,6.386689373441271,-50.0,198.09654104934225,30.141405471584054,90.0,118.9604423985008,120.14140547158405,90.0,133.9604423985008
23.31999999999959,-4.199999999975503,-50.0,180.0,41.84252135859338,90.0,102.95307830743859,131.8425213585934,90.0,102.95307830743859
23.31999999999959,-4.199999999975503,50.0,180.0,41.84252135859338,90.0,102.95307830743859,48.15747864140662,90.0,257.0469216925614
23.31999999999959,6.386689373441271,50.0,198.09654104934225,30.141405471584054,90.0,118.9604423985008,59.85859452841595,90.0,241.0395576014992
23.33999999999959,8.037401924652428,-50.0,196.88655851006783,30.243539977412304,90.0,117.84002214423847,120.2435399774123,90.0,132.84002214423847
23.33999999999959,-5.399999999975478,-50.0,180.0,42.210482449749556,90.0,102.97873423224465,132.21048244974955,90.0,102.97873423224465
23.33999999999959,-5.399999999975478,50.0,180.0,42.210482449749556,90.0,102.97873423224465,47.789517550250444,90.0,257.0212657677554
23.33999999999959,8.037401924652428,50.0,196.88655851006783,30.243539977412304,90.0,117.84002214423847,59.756460022587696,90.0,242.15997785576153
23.35999999999959,9.561359846200633,-50.0,195.41026485554855,30.493846999070318,90.0,116.49264966428132,120.49384699907031,90.0,131.49264966428132
23.35999999999959,-6.599999999975452,-50.0,180.0,42.574855010689845,90.0,103.01080786276769,132.57485501068984,90.0,103.01080786276769
23.35999999999959,-6.599999999975452,50.0,180.0,42.574855010689845,90.0,103.01080786276769,47.425144989310155,90.0,256.9891921372323
23.35999999999959,9.561359846200633,50.0,195.41026485554855,30.493846999070318,90.0,116.49264966428132,59.506153000929686,90.0,243.50735033571868
23.37999999999959,10.934529411294749,-50.0,193.6909421186113,30.88264980552533,90.0,114.94881982571819,120.88264980552533,90.0,129.9488198257182
23.37999999999959,-7.799999999975427,-50.0,180.0,42.935604281094854,90.0,103.04930169740632,132.93560428109487,90.0,103.04930169740632
23.37999999999959,-7.799999999975427,50.0,180.0,42.935604281094854,90.0,103.04930169740632,47.064395718905146,90.0,256.95069830259365
23.37999999999959,10.934529411294749,50.0,193.6909421186113,30.88264980552533,90.0,114.94881982571819,59.11735019447467,90.0,245.0511801742818
23.39999999999959,12.135254915601497,-50.0,191.75570504589115,31.39912188029328,90.0,113.24120616835305,121.39912188029328,90.0,128.24120616835305
23.39999999999959,-8.999999999975401,-50.0,180.0,43.29269538383542,90.0,103.09421874965787,133.29269538383542,90.0,103.09421874965787
23.39999999999959,-8.999999999975401,50.0,180.0,43.29269538383542,90.0,103.09421874965787,46.70730461616458,90.0,256.9057812503421
23.39999999999959,12.135254915601497,50.0,191.75570504589115,31.39912188029328,90.0,113.24120616835305,58.60087811970672,90.0,246.75879383164695
23.41999999999959,13.144600200639319,-50.0,189.6350734820795,32.03184827322125,90.0,111.40348373251074,122.03184827322124,90.0,126.40348373251074
23.41999999999959,-10.199999999975375,-50.0,180.0,43.64609333789588,90.0,103.1455625565679,133.64609333789588,90.0,103.1455625565679
23.41999999999959,-10.199999999975375,50.0,180.0,43.64609333789588,90.0,103.1455625565679,46.35390666210412,90.0,256.8544374434321
23.41999999999959,13.144600200639319,50.0,189.6350734820795,32.03184827322125,90.0,111.40348373251074,57.96815172677875,90.0,248.59651626748928
23.43999999999959,13.946647288309515,-50.0,187.36249105374156,32.76923116007385,90.0,109.46940676815949,122.76923116007384,90.0,124.46940676815949
23.43999999999959,-11.39999999997535,-50.0,180.0,43.99576307033645,90.0,103.20333718862116,133.99576307033647,90.0,103.20333718862116
23.43999999999959,-11.39999999997535,50.0,180.0,43.99576307033645,90.0,103.20333718862116,46.00423692966355,90.0,256.79666281137884
23.43999999999959,13.946647288309515,50.0,187.36249105374156,32.76923116007385,90.0,109.46940676815949,57.23076883992615,90.0,250.5305932318405
23.45999999999959,14.528747416919828,-50.0,184.97379774334715,33.59973571262005,90.00000000000001,107.4721423132958,123.59973571262006,89.99999999999999,122.4721423132958
23.45999999999959,-12.599999999975324,-50.0,180.0,44.341669427264996,90.0,103.26754726108932,134.341669427265,90.0,103.26754726108932
23.45999999999959,-12.599999999975324,50.0,180.0,44.341669427264996,90.0,103.26754726108932,45.658330572735004,90.0,256.7324527389107
23.45999999999959,14.528747416919828,50.0,184.97379774334715,33.59973571262005,90.00000000000001,107.4721423132958,56.40026428737995,90.00000000000001,252.52785768670418
23.47999999999959,14.881720519712303,-50.0,182.5066646713374,34.511990664914464,90.0,105.443826623943,124.51199066491446,90.0,120.443826623943
23.47999999999959,-13.799999999975299,-50.0,180.0,44.683777183787264,90.0,103.33819794685398,134.68377718378727,90.0,103.33819794685398
23.47999999999959,-13.799999999975299,50.0,180.0,44.683777183787264,90.0,103.33819794685398,45.316222816212736,90.0,256.661802053146
23.47999999999959,14.881720519712303,50.0,182.5066646713374,34.511990664914464,90.0,105.443826623943,55.488009335085536,90.0,254.55617337605702
23.499999999999588,15.0,-50.0,180.00000000005178,35.49476767143804,90.0,103.41529499076859,125.49476767143804,90.0,118.41529499076859
23.499999999999588,-14.999999999975273,-50.0,180.0,45.02205105290436,90.0,103.41529499072533,135.02205105290437,90.0,103.41529499072533
23.499999999999588,-14.999999999975273,50.0,180.0,45.02205105290436,90.0,103.41529499072533,44.97794894709564,90.0,256.58470500927467
23.499999999999588,15.0,50.0,180.00000000005178,35.49476767143804,90.0,103.41529499076859,54.50523232856196,90.0,256.5847050092314
23.519999999999587,13.800000000024752,-50.0,180.0,35.915576658995725,90.0,103.33819794685704,125.91557665899572,90.0,118.33819794685704
23.519999999999587,-14.881720519722041,-50.0,182.50666467123466,43.83523961875443,90.0,105.44382662385921,133.83523961875443,90.0,105.44382662385921
23.519999999999587,-14.881720519722041,50.0,182.50666467123466,43.83523961875443,90.0,105.44382662385921,46.16476038124557,90.0,254.5561733761408
23.519999999999587,13.800000000024752,50.0,180.0,35.915576658995725,90.0,103.33819794685704,54.084423341004275,90.0,256.661802053143
23.539999999999587,12.600000000024778,-50.0,180.0,36.3333235458447,90.0,103.2675472610921,126.3333235458447,90.0,118.2675472610921
23.539999999999587,-14.528747416939147,-50.0,184.97379774324682,42.58187673394349,90.0,107.47214231321264,132.5818767339435,90.0,107.47214231321264
23.539999999999587,-14.528747416939147,50.0,184.97379774324682,42.58187673394349,90.0,107.47214231321264,47.41812326605651,90.0,252.52785768678734
23.539999999999587,12.600000000024778,50.0,180.0,36.3333235458447,90.0,103.2675472610921,53.6666764541553,90.0,256.7324527389079
23.559999999999587,11.400000000024804,-50.0,180.0,36.747977878996416,90.0,103.20333718862368,126.74797787899641,90.0,118.20333718862368
23.559999999999587,-13.946647288338113,-50.0,187.36249105364527,41.283347826801,90.0,109.46940676807829,131.283347826801,90.0,109.46940676807829
23.559999999999587,-13.946647288338113,50.0,187.36249105364527,41.283347826801,90.0,109.46940676807829,48.716652173199,90.0,250.53059323192173
23.559999999999587,11.400000000024804,50.0,180.0,36.747977878996416,90.0,103.20333718862368,53.252022121003584,90.0,256.79666281137634
23.579999999999586,10.20000000002483,-50.0,180.0,37.159508772342214,90.0,103.14556255657017,127.1595087723422,90.0,118.14556255657017
23.579999999999586,-13.144600200676743,-50.0,189.63507348198874,39.96210508430387,90.0,111.40348373243279,129.96210508430386,90.0,111.40348373243279
23.579999999999586,-13.144600200676743,50.0,189.63507348198874,39.96210508430387,90.0,111.40348373243279,50.03789491569613,90.0,248.5965162675672
23.579999999999586,10.20000000002483,50.0,180.0,37.159508772342214,90.0,103.14556255657017,52.840491227657786,90.0,256.85443744342984
23.599999999999586,9.000000000024855,-50.0,180.0,37.56788493161078,90.0,103.09421874965986,127.56788493161078,90.0,118.09421874965986
23.599999999999586,-12.13525491564716,-50.0,191.75570504580736,38.64138768644692,90.0,113.24120616827976,128.64138768644693,90.0,113.24120616827976
23.599999999999586,-12.13525491564716,50.0,191.75570504580736,38.64138768644692,90.0,113.24120616827976,51.35861231355308,90.0,246.75879383172025
23.599999999999586,9.000000000024855,50.0,180.0,37.56788493161078,90.0,103.09421874965986,52.43211506838922,90.0,256.90578125034017
23.619999999999585,7.80000000002488,-50.0,180.0,37.973074678702176,90.0,103.04930169740805,127.97307467870218,90.0,118.04930169740805
23.619999999999585,-10.934529411347928,-50.0,193.6909421185358,37.34488387341843,90.0,114.94881982565096,127.34488387341844,90.0,114.94881982565096
23.619999999999585,-10.934529411347928,50.0,193.6909421185358,37.34488387341843,90.0,114.94881982565096,52.65511612658157,90.0,245.05118017434904
23.619999999999585,7.80000000002488,50.0,180.0,37.973074678702176,90.0,103.04930169740805,52.026925321297824,90.0,256.95069830259195
23.639999999999585,6.600000000024906,-50.0,180.0,38.375045975398606,90.0,103.01080786276914,128.37504597539862,90.0,118.01080786276914
23.639999999999585,-9.56135984626049,-50.0,195.41026485548252,36.0963060875174,90.00000000000001,116.49264966422146,126.0963060875174,89.99999999999999,116.49264966422146
23.639999999999585,-9.56135984626049,50.0,195.41026485548252,36.0963060875174,90.00000000000001,116.49264966422146,53.9036939124826,90.00000000000001,243.50735033577854
23.639999999999585,6.600000000024906,50.0,180.0,38.375045975398606,90.0,103.01080786276914,51.624954024601394,90.0,256.9891921372309
23.659999999999584,5.4000000000249315,-50.0,180.0,38.773766446437875,90.0,102.97873423224583,128.7737664464379,90.0,117.97873423224583
23.659999999999584,-8.037401924718017,-50.0,196.88655851001232,34.91885817295315,90.0,117.84002214418737,124.91885817295315,90.0,117.84002214418737
23.659999999999584,-8.037401924718017,50.0,196.88655851001232,34.91885817295315,90.0,117.84002214418737,55.08114182704685,90.0,242.15997785581263
23.659999999999584,5.4000000000249315,50.0,180.0,38.773766446437875,90.0,102.97873423224583,51.226233553562125,90.0,257.0212657677542
23.679999999999584,4.200000000024957,-50.0,180.0,39.16920340193451,90.0,102.95307830743951,129.1692034019345,90.0,117.95307830743951
23.679999999999584,-6.386689373511561,-50.0,198.09654104929814,33.83459098776252,90.0,118.96044239845966,123.83459098776251,90.0,118.96044239845966
23.679999999999584,-6.386689373511561,50.0,198.09654104929814,33.83459098776252,90.0,118.96044239845966,56.16540901223748,90.0,241.03955760154034
23.679999999999584,4.200000000024957,50.0,180.0,39.16920340193451,90.0,102.95307830743951,50.83079659806549,90.0,257.0469216925605
23.699999999999584,3.0000000000249827,-50.0,180.0,39.56132385913107,90.0,102.93383809802873,129.56132385913108,90.0,117.93383809802873
23.699999999999584,-4.635254915661534,-50.0,199.0211303258869,32.86367004228576,90.0,119.8269729184373,122.86367004228576,90.0,119.8269729184373
23.699999999999584,-4.635254915661534,50.0,199.0211303258869,32.86367004228576,90.0,119.8269729184373,57.13632995771424,90.0,240.17302708156268
23.699999999999584,3.0000000000249827,50.0,180.0,39.56132385913107,90.0,102.93383809802873,50.43867614086893,90.0,257.06616190197127
23.719999999999583,1.8000000000250083,-50.0,180.0,39.95009456346176,90.0,102.92101211616503,129.95009456346176,90.0,117.92101211616503
23.719999999999583,-2.810719718824457,-50.0,199.64574501456397,32.0236122089395,90.0,120.41769652197736,122.0236122089395,90.0,120.41769652197736
23.719999999999583,-2.810719718824457,50.0,199.64574501456397,32.0236122089395,90.0,120.41769652197736,57.9763877910605,90.0,239.58230347802265
23.719999999999583,1.8000000000250083,50.0,180.0,39.95009456346176,90.0,102.92101211616503,50.04990543653824,90.0,257.078987883835
23.739999999999583,0.6000000000250338,-50.0,180.0,40.33548200890839,90.0,102.91459937227702,130.3354820089084,90.0,117.91459937227702
23.739999999999583,-0.9418577929789471,-50.0,199.96053456856214,31.328579304906917,90.0,120.71708781728381,121.32857930490692,90.0,120.71708781728381
23.739999999999583,-0.9418577929789471,50.0,199.96053456856214,31.328579304906917,90.0,120.71708781728381,58.67142069509308,90.0,239.2829121827162
23.739999999999583,0.6000000000250338,50.0,180.0,40.33548200890839,90.0,102.91459937227702,49.66451799109161,90.0,257.08540062772295
23.759999999999582,-0.5999999999749406,-50.0,180.0,40.717452457627836,90.0,102.91459937227688,130.71745245762784,90.0,117.91459937227688
23.759999999999582,0.9418577929004135,-50.0,199.96053456856873,30.78883202456581,90.0,120.71708781729006,120.7888320245658,90.0,120.71708781729006
23.759999999999582,0.9418577929004135,50.0,199.96053456856873,30.78883202456581,90.0,120.71708781729006,59.21116797543419,90.0,239.28291218270994
23.759999999999582,-0.5999999999749406,50.0,180.0,40.717452457627836,90.0,102.91459937227688,49.282547542372164,90.0,257.0854006277231
23.779999999999582,-1.799999999974915,-50.0,180.0,41.09597195882892,90.0,102.92101211616463,131.09597195882893,90.0,117.92101211616463
23.779999999999582,2.810719718747162,-50.0,199.6457450145836,30.41043744556282,90.0,120.417696521996,120.41043744556282,90.0,120.417696521996
23.779999999999582,2.810719718747162,50.0,199.6457450145836,30.41043744556282,90.0,120.417696521996,59.58956255443718,90.0,239.582303478004
23.779999999999582,-1.799999999974915,50.0,180.0,41.09597195882892,90.0,102.92101211616463,48.90402804117108,90.0,257.07898788383534
23.79999999999958,-2.9999999999748894,-50.0,180.0,41.47100636687576,90.0,102.93383809802808,131.47100636687577,90.0,117.93383809802808
23.79999999999958,4.635254915586696,-50.0,199.02113032591933,30.195284643886733,90.0,119.82697291846785,120.19528464388674,90.0,119.82697291846785
23.79999999999958,4.635254915586696,50.0,199.02113032591933,30.195284643886733,90.0,119.82697291846785,59.80471535611326,90.0,240.17302708153215
23.79999999999958,-2.9999999999748894,50.0,180.0,41.47100636687576,90.0,102.93383809802808,48.52899363312424,90.0,257.0661619019719
23.81999999999958,-4.199999999974864,-50.0,180.0,41.84252135859318,90.0,102.95307830743857,131.8425213585932,90.0,117.95307830743857
23.81999999999958,6.386689373440361,-50.0,198.09654104934282,30.141405471584047,90.0,118.96044239850131,120.14140547158405,90.0,118.96044239850131
23.81999999999958,6.386689373440361,50.0,198.09654104934282,30.141405471584047,90.0,118.96044239850131,59.85859452841595,90.0,241.0395576014987
23.81999999999958,-4.199999999974864,50.0,180.0,41.84252135859318,90.0,102.95307830743857,48.15747864140682,90.0,257.04692169256145
23.83999999999958,-5.399999999974838,-50.0,180.0,42.21048244974937,90.0,102.97873423224462,132.21048244974938,90.0,117.97873423224462
23.83999999999958,8.037401924651578,-50.0,196.88655851006854,30.243539977412215,90.0,117.8400221442391,120.24353997741221,90.0,117.8400221442391
23.83999999999958,8.037401924651578,50.0,196.88655851006854,30.243539977412215,90.0,117.8400221442391,59.75646002258779,90.0,242.1599778557609
23.83999999999958,-5.399999999974838,50.0,180.0,42.21048244974937,90.0,102.97873423224462,47.78951755025063,90.0,257.0212657677554
23.85999999999958,-6.599999999974813,-50.0,180.0,42.574855010689646,90.0,103.01080786276768,132.57485501068965,90.0,118.01080786276768
23.85999999999958,9.561359846199856,-50.0,195.41026485554943,30.493846999070133,90.0,116.4926496642821,120.49384699907013,90.0,116.4926496642821
23.85999999999958,9.561359846199856,50.0,195.41026485554943,30.493846999070133,90.0,116.4926496642821,59.50615300092987,90.0,243.5073503357179
23.85999999999958,-6.599999999974813,50.0,180.0,42.574855010689646,90.0,103.01080786276768,47.425144989310354,90.0,256.9891921372323
23.87999999999958,-7.799999999974787,-50.0,180.0,42.93560428109466,90.0,103.04930169740629,132.93560428109467,90.0,118.04930169740629
23.87999999999958,10.934529411294061,-50.0,193.69094211861227,30.882649805525094,90.0,114.94881982571906,120.88264980552509,90.0,114.94881982571906
23.87999999999958,10.934529411294061,50.0,193.69094211861227,30.882649805525094,90.0,114.94881982571906,59.11735019447491,90.0,245.05118017428094
23.87999999999958,-7.799999999974787,50.0,180.0,42.93560428109466,90.0,103.04930169740629,47.06439571890534,90.0,256.9506983025937
23.89999999999958,-8.999999999974762,-50.0,180.0,43.29269538383524,90.0,103.09421874965784,133.29269538383522,90.0,118.09421874965784
23.89999999999958,12.13525491560091,-50.0,191.75570504589223,31.399121880292963,90.00000000000001,113.241206168354,121.39912188029297,89.99999999999999,113.241206168354
23.89999999999958,12.13525491560091,50.0,191.75570504589223,31.399121880292963,90.00000000000001,113.241206168354,58.60087811970703,90.00000000000001,246.75879383164602
23.89999999999958,-8.999999999974762,50.0,180.0,43.29269538383524,90.0,103.09421874965784,46.70730461616476,90.0,256.90578125034216
23.91999999999958,-10.199999999974736,-50.0,180.0,43.64609333789569,90.0,103.1455625565679,133.6460933378957,90.0,118.1455625565679
23.91999999999958,13.144600200638834,-50.0,189.63507348208068,32.03184827322088,90.0,111.40348373251176,122.03184827322087,90.0,111.40348373251176
23.91999999999958,13.144600200638834,50.0,189.63507348208068,32.03184827322088,90.0,111.40348373251176,57.96815172677912,90.0,248.59651626748825
23.91999999999958,-10.199999999974736,50.0,180.0,43.64609333789569,90.0,103.1455625565679,46.35390666210431,90.0,256.8544374434321
23.93999999999958,-11.39999999997471,-50.0,180.0,43.99576307033627,90.0,103.20333718862113,133.99576307033627,90.0,118.20333718862113
23.93999999999958,13.946647288309148,-50.0,187.36249105374281,32.76923116007342,90.0,109.46940676816055,122.76923116007342,90.0,109.46940676816055
23.93999999999958,13.946647288309148,50.0,187.36249105374281,32.76923116007342,90.0,109.46940676816055,57.23076883992658,90.0,250.53059323183945
23.93999999999958,-11.39999999997471,50.0,180.0,43.99576307033627,90.0,103.20333718862113,46.00423692966373,90.0,256.79666281137884
23.959999999999578,-12.599999999974685,-50.0,180.0,44.34166942726481,90.0,103.2675472610893,134.3416694272648,90.0,118.2675472610893
23.959999999999578,14.528747416919577,-50.0,184.97379774334846,33.599735712619584,90.00000000000001,107.47214231329689,123.59973571261958,89.99999999999999,107.47214231329689
23.959999999999578,14.528747416919577,50.0,184.97379774334846,33.599735712619584,90.00000000000001,107.47214231329689,56.400264287380416,90.00000000000001,252.5278576867031
23.959999999999578,-12.599999999974685,50.0,180.0,44.34166942726481,90.0,103.2675472610893,45.65833057273519,90.0,256.7324527389107
23.979999999999578,-13.79999999997466,-50.0,180.0,44.683777183787086,90.0,103.33819794685394,134.68377718378707,90.0,118.33819794685394
23.979999999999578,14.881720519712179,-50.0,182.50666467133874,34.51199066491397,90.0,105.44382662394408,124.51199066491397,90.0,105.44382662394408
23.979999999999578,14.881720519712179,50.0,182.50666467133874,34.51199066491397,90.0,105.44382662394408,55.48800933508603,90.0,254.55617337605594
23.979999999999578,-13.79999999997466,50.0,180.0,44.683777183787086,90.0,103.33819794685394,45.316222816212914,90.0,256.66180205314606
23.999999999999577,-14.999999999974634,-50.0,180.0,45.02205105290418,90.0,103.41529499072527,135.02205105290417,90.0,118.41529499072527
23.999999999999577,15.0,-50.0,180.00000000005312,35.494767671437494,90.0,103.41529499076965,125.4947676714375,90.0,103.41529499076965
23.999999999999577,15.0,50.0,180.00000000005312,35.494767671437494,90.0,103.41529499076965,54.505232328562506,90.0,256.58470500923033
23.999999999999577,-14.999999999974634,50.0,180.0,45.02205105290418,90.0,103.41529499072527,44.97794894709582,90.0,256.5847050092747
24.019999999999577,-14.881720519722165,-50.0,182.50666467123332,43.83523961875509,90.0,105.4438266238581,133.83523961875508,90.0,120.4438266238581
24.019999999999577,13.800000000025392,-50.0,180.0,35.915576658995505,90.0,103.33819794685708,125.9155766589955,90.0,103.33819794685708
24.019999999999577,13.800000000025392,50.0,180.0,35.915576658995505,90.0,103.33819794685708,54.084423341004495,90.0,256.66180205314294
24.019999999999577,-14.881720519722165,50.0,182.50666467123332,43.83523961875509,90.0,105.4438266238581,46.16476038124491,90.0,254.55617337614189
24.039999999999576,-14.528747416939396,-50.0,184.97379774324554,42.58187673394416,90.0,107.47214231321158,132.58187673394417,90.0,122.47214231321158
24.039999999999576,12.600000000025418,-50.0,180.0,36.33332354584448,90.0,103.26754726109213,126.33332354584448,90.0,103.26754726109213
24.039999999999576,12.600000000025418,50.0,180.0,36.33332354584448,90.0,103.26754726109213,53.66667645415552,90.0,256.73245273890785
24.039999999999576,-14.528747416939396,50.0,184.97379774324554,42.58187673394416,90.0,107.47214231321158,47.41812326605584,90.0,252.52785768678842
24.059999999999576,-13.946647288338484,-50.0,187.36249105364402,41.28334782680171,90.00000000000001,109.46940676807723,131.2833478268017,89.99999999999999,124.46940676807723
24.059999999999576,11.400000000025443,-50.0,180.0,36.7479778789962,90.0,103.20333718862369,126.74797787899621,90.0,103.20333718862369
24.059999999999576,11.400000000025443,50.0,180.0,36.7479778789962,90.0,103.20333718862369,53.2520221210038,90.0,256.79666281137634
24.059999999999576,-13.946647288338484,50.0,187.36249105364402,41.28334782680171,90.00000000000001,109.46940676807723,48.71665217319829,90.00000000000001,250.53059323192275
24.079999999999576,-13.144600200677226,-50.0,189.63507348198755,39.96210508430457,90.0,111.4034837324318,129.96210508430457,90.0,126.4034837324318
24.079999999999576,10.200000000025469,-50.0,180.0,37.159508772341994,90.0,103.1455625565702,127.159508772342,90.0,103.1455625565702
24.079999999999576,10.200000000025469,50.0,180.0,37.159508772341994,90.0,103.1455625565702,52.840491227658006,90.0,256.8544374434298
24.079999999999576,-13.144600200677226,50.0,189.63507348198755,39.96210508430457,90.0,111.4034837324318,50.03789491569543,90.0,248.5965162675682
24.099999999999575,-12.13525491564775,-50.0,191.75570504580625,38.641387686447615,90.00000000000001,113.24120616827881,128.64138768644762,89.99999999999999,128.2412061682788
24.099999999999575,9.000000000025494,-50.0,180.0,37.56788493161057,90.0,103.09421874965987,127.56788493161056,90.0,103.09421874965987
24.099999999999575,9.000000000025494,50.0,180.0,37.56788493161057,90.0,103.09421874965987,52.43211506838943,90.0,256.9057812503401
24.099999999999575,-12.13525491564775,50.0,191.75570504580625,38.641387686447615,90.00000000000001,113.24120616827881,51.358612313552385,90.00000000000001,246.7587938317212
24.119999999999575,-10.934529411348615,-50.0,193.69094211853482,37.3448838734191,90.0,114.9488198256501,127.34488387341909,90.0,129.9488198256501
24.119999999999575,7.80000000002552,-50.0,180.0,37.97307467870197,90.0,103.04930169740805,127.97307467870198,90.0,103.04930169740805
24.119999999999575,7.80000000002552,50.0,180.0,37.97307467870197,90.0,103.04930169740805,52.02692532129803,90.0,256.95069830259195
24.119999999999575,-10.934529411348615,50.0,193.69094211853482,37.3448838734191,90.0,114.9488198256501,52.6551161265809,90.0,245.0511801743499
24.139999999999574,-9.561359846261263,-50.0,195.41026485548167,36.09630608751803,90.0,116.49264966422072,126.09630608751803,90.0,131.49264966422072
24.139999999999574,6.600000000025545,-50.0,180.0,38.37504597539839,90.0,103.01080786276914,128.3750459753984,90.0,103.01080786276914
24.139999999999574,6.600000000025545,50.0,180.0,38.37504597539839,90.0,103.01080786276914,51.62495402460161,90.0,256.9891921372309
24.139999999999574,-9.561359846261263,50.0,195.41026485548167,36.09630608751803,90.0,116.49264966422072,53.90369391248197,90.0,243.50735033577928
24.159999999999574,-8.037401924718862,-50.0,196.8865585100116,34.91885817295376,90.00000000000001,117.84002214418672,124.91885817295376,89.99999999999999,132.84002214418672
24.159999999999574,5.400000000025571,-50.0,180.0,38.77376644643767,90.0,102.97873423224586,128.77376644643766,90.0,102.97873423224586
24.159999999999574,5.400000000025571,50.0,180.0,38.77376644643767,90.0,102.97873423224586,51.22623355356233,90.0,257.02126576775413
24.159999999999574,-8.037401924718862,50.0,196.8865585100116,34.91885817295376,90.00000000000001,117.84002214418672,55.08114182704624,90.00000000000001,242.15997785581328
24.179999999999573,-6.386689373512471,-50.0,198.09654104929757,33.83459098776307,90.0,118.96044239845912,123.83459098776308,90.0,133.96044239845912
24.179999999999573,4.200000000025597,-50.0,180.0,39.1692034019343,90.0,102.95307830743953,129.16920340193428,90.0,102.95307830743953
24.179999999999573,4.200000000025597,50.0,180.0,39.1692034019343,90.0,102.95307830743953,50.8307965980657,90.0,257.0469216925605
24.179999999999573,-6.386689373512471,50.0,198.09654104929757,33.83459098776307,90.0,118.96044239845912,56.16540901223693,90.0,241.03955760154088
24.199999999999573,-4.6352549156624905,-50.0,199.02113032588647,32.86367004228625,90.0,119.82697291843691,122.86367004228626,90.0,134.82697291843692
24.199999999999573,3.000000000025622,-50.0,180.0,39.56132385913085,90.0,102.93383809802876,129.56132385913085,90.0,102.93383809802876
24.199999999999573,3.000000000025622,50.0,180.0,39.56132385913085,90.0,102.93383809802876,50.43867614086915,90.0,257.0661619019712
24.199999999999573,-4.6352549156624905,50.0,199.02113032588647,32.86367004228625,90.0,119.82697291843691,57.13632995771375,90.0,240.17302708156308
24.219999999999573,-2.810719718825445,-50.0,199.64574501456372,32.023612208939916,90.0,120.4176965219771,122.02361220893991,90.0,135.41769652197712
24.219999999999573,1.8000000000256478,-50.0,180.0,39.95009456346155,90.0,102.92101211616504,129.95009456346156,90.0,102.92101211616504
24.219999999999573,1.8000000000256478,50.0,180.0,39.95009456346155,90.0,102.92101211616504,50.04990543653845,90.0,257.07898788383494
24.219999999999573,-2.810719718825445,50.0,199.64574501456372,32.023612208939916,90.0,120.4176965219771,57.976387791060084,90.0,239.58230347802288
24.239999999999572,-0.9418577929799509,-50.0,199.96053456856205,31.328579304907247,90.00000000000001,120.71708781728371,121.32857930490725,89.99999999999999,135.7170878172837
24.239999999999572,0.6000000000256733,-50.0,180.0,40.33548200890819,90.0,102.91459937227702,130.33548200890817,90.0,102.91459937227702
24.239999999999572,0.6000000000256733,50.0,180.0,40.33548200890819,90.0,102.91459937227702,49.66451799109181,90.0,257.08540062772295
24.239999999999572,-0.9418577929799509,50.0,199.96053456856205,31.328579304907247,90.00000000000001,120.71708781728371,58.67142069509275,90.00000000000001,239.2829121827163
24.25999999999957,0.9418577928994131,-50.0,199.96053456856882,30.788832024566055,90.0,120.71708781729015,120.78883202456606,90.0,135.71708781729015
24.25999999999957,-0.5999999999743011,-50.0,180.0,40.71745245762764,90.0,102.91459937227688,130.71745245762764,90.0,102.91459937227688
24.25999999999957,-0.5999999999743011,50.0,180.0,40.71745245762764,90.0,102.91459937227688,49.28254754237236,90.0,257.0854006277231
24.25999999999957,0.9418577928994131,50.0,199.96053456856882,30.788832024566055,90.0,120.71708781729015,59.211167975433945,90.0,239.28291218270985
24.27999999999957,2.810719718746177,-50.0,199.64574501458387,30.41043744556299,90.00000000000001,120.41769652199623,120.41043744556299,89.99999999999999,135.41769652199622
24.27999999999957,-1.7999999999742755,-50.0,180.0,41.09597195882872,90.0,102.92101211616462,131.09597195882873,90.0,102.92101211616462
24.27999999999957,-1.7999999999742755,50.0,180.0,41.09597195882872,90.0,102.92101211616462,48.90402804117128,90.0,257.0789878838354
24.27999999999957,2.810719718746177,50.0,199.64574501458387,30.41043744556299,90.00000000000001,120.41769652199623,59.58956255443701,90.00000000000001,239.58230347800378
24.29999999999957,4.635254915585742,-50.0,199.02113032591973,30.195284643886797,90.0,119.82697291846826,120.1952846438868,90.0,134.82697291846824
24.29999999999957,-2.99999999997425,-50.0,180.0,41.47100636687556,90.0,102.93383809802808,131.47100636687554,90.0,102.93383809802808
24.29999999999957,-2.99999999997425,50.0,180.0,41.47100636687556,90.0,102.93383809802808,48.52899363312444,90.0,257.0661619019719
24.29999999999957,4.635254915585742,50.0,199.02113032591973,30.195284643886797,90.0,119.82697291846826,59.804715356113206,90.0,240.17302708153176
24.31999999999957,6.3866893734394505,-50.0,198.0965410493434,30.141405471584065,90.0,118.9604423985018,120.14140547158406,90.0,133.9604423985018
24.31999999999957,-4.199999999974224,-50.0,180.0,41.84252135859298,90.0,102.95307830743857,131.842521358593,90.0,102.95307830743857
24.31999999999957,-4.199999999974224,50.0,180.0,41.84252135859298,90.0,102.95307830743857,48.15747864140702,90.0,257.04692169256145
24.31999999999957,6.3866893734394505,50.0,198.0965410493434,30.141405471584065,90.0,118.9604423985018,59.858594528415935,90.0,241.0395576014982
24.33999999999957,8.037401924650728,-50.0,196.88655851006925,30.243539977412127,90.0,117.84002214423977,120.24353997741213,90.0,132.84002214423975
24.33999999999957,-5.399999999974199,-50.0,180.0,42.21048244974918,90.0,102.9787342322446,132.21048244974918,90.0,102.9787342322446
24.33999999999957,-5.399999999974199,50.0,180.0,42.21048244974918,90.0,102.9787342322446,47.78951755025082,90.0,257.0212657677554
24.33999999999957,8.037401924650728,50.0,196.88655851006925,30.243539977412127,90.0,117.84002214423977,59.75646002258787,90.0,242.15997785576025
24.35999999999957,9.561359846199087,-50.0,195.41026485555025,30.49384699906998,90.00000000000001,116.49264966428284,120.49384699906997,89.99999999999999,131.49264966428285
24.35999999999957,-6.599999999974173,-50.0,180.0,42.57485501068946,90.0,103.01080786276765,132.57485501068948,90.0,103.01080786276765
24.35999999999957,-6.599999999974173,50.0,180.0,42.57485501068946,90.0,103.01080786276765,47.42514498931054,90.0,256.98919213723235
24.35999999999957,9.561359846199087,50.0,195.41026485555025,30.49384699906998,90.00000000000001,116.49264966428284,59.50615300093002,90.00000000000001,243.50735033571715
24.37999999999957,10.934529411293372,-50.0,193.69094211861324,30.882649805524853,90.0,114.94881982571992,120.88264980552485,90.0,129.9488198257199
24.37999999999957,-7.799999999974148,-50.0,180.0,42.93560428109447,90.0,103.04930169740628,132.93560428109447,90.0,103.04930169740628
24.37999999999957,-7.799999999974148,50.0,180.0,42.93560428109447,90.0,103.04930169740628,47.06439571890553,90.0,256.9506983025937
24.37999999999957,10.934529411293372,50.0,193.69094211861324,30.882649805524853,90.0,114.94881982571992,59.11735019447515,90.0,245.0511801742801
24.39999999999957,12.135254915600319,-50.0,191.7557050458933,31.399121880292675,90.0,113.24120616835492,121.39912188029268,90.0,128.24120616835492
24.39999999999957,-8.999999999974122,-50.0,180.0,43.29269538383504,90.0,103.09421874965781,133.29269538383505,90.0,103.09421874965781
24.39999999999957,-8.999999999974122,50.0,180.0,43.29269538383504,90.0,103.09421874965781,46.70730461616496,90.0,256.9057812503422
24.39999999999957,12.135254915600319,50.0,191.7557050458933,31.399121880292675,90.0,113.24120616835492,58.600878119707325,90.0,246.75879383164508
24.41999999999957,13.144600200638349,-50.0,189.63507348208185,32.03184827322052,90.0,111.40348373251275,122.03184827322052,90.0,126.40348373251275
24.41999999999957,-10.199999999974096,-50.0,180.0,43.64609333789549,90.0,103.14556255656787,133.64609333789548,90.0,103.14556255656787
24.41999999999957,-10.199999999974096,50.0,180.0,43.64609333789549,90.0,103.14556255656787,46.35390666210451,90.0,256.8544374434321
24.41999999999957,13.144600200638349,50.0,189.63507348208185,32.03184827322052,90.0,111.40348373251275,57.96815172677948,90.0,248.59651626748723
24.439999999999568,13.946647288308776,-50.0,187.36249105374407,32.769231160073005,90.00000000000001,109.46940676816159,122.769231160073,89.99999999999999,124.46940676816159
24.439999999999568,-11.39999999997407,-50.0,180.0,43.99576307033609,90.0,103.20333718862109,133.9957630703361,90.0,103.20333718862109
24.439999999999568,-11.39999999997407,50.0,180.0,43.99576307033609,90.0,103.20333718862109,46.00423692966391,90.0,256.7966628113789
24.439999999999568,13.946647288308776,50.0,187.36249105374407,32.769231160073005,90.00000000000001,109.46940676816159,57.230768839926995,90.00000000000001,250.5305932318384
24.459999999999567,14.528747416919327,-50.0,184.97379774334976,33.599735712619136,90.00000000000001,107.47214231329797,123.59973571261914,89.99999999999999,122.47214231329797
24.459999999999567,-12.599999999974045,-50.0,180.0,44.341669427264634,90.0,103.26754726108926,134.34166942726463,90.0,103.26754726108926
24.459999999999567,-12.599999999974045,50.0,180.0,44.341669427264634,90.0,103.26754726108926,45.658330572735366,90.0,256.73245273891075
24.459999999999567,14.528747416919327,50.0,184.97379774334976,33.599735712619136,90.00000000000001,107.47214231329797,56.400264287380864,90.00000000000001,252.52785768670202
24.479999999999567,14.881720519712053,-50.0,182.50666467134008,34.51199066491345,90.0,105.44382662394517,124.51199066491344,90.0,120.44382662394517
24.479999999999567,-13.79999999997402,-50.0,180.0,44.683777183786894,90.0,103.33819794685392,134.6837771837869,90.0,103.33819794685392
24.479999999999567,-13.79999999997402,50.0,180.0,44.683777183786894,90.0,103.33819794685392,45.316222816213106,90.0,256.66180205314606
24.479999999999567,14.881720519712053,50.0,182.50666467134008,34.51199066491345,90.0,105.44382662394517,55.48800933508655,90.0,254.55617337605483
24.499999999999567,15.0,-50.0,180.00000000005446,35.49476767143695,90.0,103.41529499077073,125.49476767143696,90.0,118.41529499077073
24.499999999999567,-14.999999999973994,-50.0,180.0,45.02205105290399,90.0,103.41529499072524,135.02205105290398,90.0,103.41529499072524
24.499999999999567,-14.999999999973994,50.0,180.0,45.02205105290399,90.0,103.41529499072524,44.97794894709601,90.0,256.5847050092748
24.499999999999567,15.0,50.0,180.00000000005446,35.49476767143695,90.0,103.41529499077073,54.50523232856305,90.0,256.58470500922925
24.519999999999566,13.800000000026031,-50.0,180.0,35.91557665899528,90.0,103.33819794685712,125.91557665899528,90.0,118.33819794685712
24.519999999999566,-14.881720519722293,-50.0,182.506664671232,43.83523961875574,90.0,105.44382662385702,133.83523961875574,90.0,105.44382662385702
24.519999999999566,-14.881720519722293,50.0,182.506664671232,43.83523961875574,90.0,105.44382662385702,46.16476038124426,90.0,254.55617337614297
24.519999999999566,13.800000000026031,50.0,180.0,35.91557665899528,90.0,103.33819794685712,54.08442334100472,90.0,256.6618020531429
24.539999999999566,12.600000000026057,-50.0,180.0,36.33332354584426,90.0,103.26754726109218,126.33332354584425,90.0,118.26754726109218
24.539999999999566,-14.528747416939646,-50.0,184.97379774324423,42.58187673394484,90.0,107.47214231321051,132.58187673394485,90.0,107.47214231321051
24.539999999999566,-14.528747416939646,50.0,184.97379774324423,42.58187673394484,90.0,107.47214231321051,47.41812326605516,90.0,252.5278576867895
24.539999999999566,12.600000000026057,50.0,180.0,36.33332354584426,90.0,103.26754726109218,53.66667645415574,90.0,256.7324527389078
24.559999999999565,11.400000000026083,-50.0,180.0,36.74797787899599,90.0,103.20333718862375,126.74797787899598,90.0,118.20333718862375
24.559999999999565,-13.946647288338854,-50.0,187.36249105364277,41.28334782680241,90.0,109.46940676807615,131.2833478268024,90.0,109.46940676807615
24.559999999999565,-13.946647288338854,50.0,187.36249105364277,41.28334782680241,90.0,109.46940676807615,48.71665217319759,90.0,250.53059323192383
24.559999999999565,11.400000000026083,50.0,180.0,36.74797787899599,90.0,103.20333718862375,53.25202212100401,90.0,256.7966628113762
24.579999999999565,10.200000000026108,-50.0,180.0,37.15950877234178,90.0,103.14556255657021,127.15950877234178,90.0,118.14556255657021
24.579999999999565,-13.144600200677711,-50.0,189.63507348198638,39.96210508430529,90.00000000000001,111.40348373243076,129.96210508430528,89.99999999999999,111.40348373243076
24.579999999999565,-13.144600200677711,50.0,189.63507348198638,39.96210508430529,90.00000000000001,111.40348373243076,50.03789491569471,90.00000000000001,248.59651626756926
24.579999999999565,10.200000000026108,50.0,180.0,37.15950877234178,90.0,103.14556255657021,52.84049122765822,90.0,256.8544374434298
24.599999999999564,9.000000000026134,-50.0,180.0,37.567884931610344,90.0,103.0942187496599,127.56788493161034,90.0,118.0942187496599
24.599999999999564,-12.135254915648341,-50.0,191.75570504580517,38.641387686448304,90.0,113.24120616827788,128.6413876864483,90.0,113.24120616827788
24.599999999999564,-12.135254915648341,50.0,191.75570504580517,38.641387686448304,90.0,113.24120616827788,51.358612313551696,90.0,246.75879383172213
24.599999999999564,9.000000000026134,50.0,180.0,37.567884931610344,90.0,103.0942187496599,52.432115068389656,90.0,256.9057812503401
24.619999999999564,7.800000000026159,-50.0,180.0,37.973074678701764,90.0,103.04930169740808,127.97307467870176,90.0,118.04930169740808
24.619999999999564,-10.934529411349303,-50.0,193.69094211853383,37.34488387341978,90.0,114.94881982564924,127.34488387341978,90.0,114.94881982564924
24.619999999999564,-10.934529411349303,50.0,193.69094211853383,37.34488387341978,90.0,114.94881982564924,52.65511612658022,90.0,245.05118017435075
24.619999999999564,7.800000000026159,50.0,180.0,37.973074678701764,90.0,103.04930169740808,52.026925321298236,90.0,256.95069830259195
24.639999999999564,6.600000000026185,-50.0,180.0,38.37504597539817,90.0,103.01080786276917,128.37504597539817,90.0,118.01080786276917
24.639999999999564,-9.56135984626204,-50.0,195.41026485548082,36.09630608751867,90.0,116.49264966421994,126.09630608751867,90.0,116.49264966421994
24.639999999999564,-9.56135984626204,50.0,195.41026485548082,36.09630608751867,90.0,116.49264966421994,53.90369391248133,90.0,243.50735033578007
24.639999999999564,6.600000000026185,50.0,180.0,38.37504597539817,90.0,103.01080786276917,51.62495402460183,90.0,256.9891921372308
24.659999999999563,5.4000000000262105,-50.0,180.0,38.77376644643746,90.0,102.97873423224586,128.77376644643746,90.0,117.97873423224586
24.659999999999563,-8.037401924719711,-50.0,196.8865585100109,34.918858172954344,90.00000000000001,117.84002214418611,124.91885817295434,89.99999999999999,117.84002214418611
24.659999999999563,-8.037401924719711,50.0,196.8865585100109,34.918858172954344,90.00000000000001,117.84002214418611,55.081141827045656,90.00000000000001,242.1599778558139
24.659999999999563,5.4000000000262105,50.0,180.0,38.77376644643746,90.0,102.97873423224586,51.22623355356254,90.0,257.02126576775413
24.679999999999563,4.200000000026236,-50.0,180.0,39.1692034019341,90.0,102.95307830743953,129.1692034019341,90.0,117.95307830743953
24.679999999999563,-6.386689373513381,-50.0,198.096541049297,33.83459098776362,90.0,118.9604423984586,123.83459098776362,90.0,118.9604423984586
24.679999999999563,-6.386689373513381,50.0,198.096541049297,33.83459098776362,90.0,118.9604423984586,56.16540901223638,90.0,241.0395576015414
24.679999999999563,4.200000000026236,50.0,180.0,39.1692034019341,90.0,102.95307830743953,50.8307965980659,90.0,257.0469216925605
24.699999999999562,3.0000000000262617,-50.0,180.0,39.56132385913065,90.0,102.93383809802876,129.56132385913065,90.0,117.93383809802876
24.699999999999562,-4.6352549156634435,-50.0,199.02113032588608,32.863670042286714,90.0,119.82697291843655,122.86367004228671,90.0,119.82697291843655
24.699999999999562,-4.6352549156634435,50.0,199.02113032588608,32.863670042286714,90.0,119.82697291843655,57.136329957713286,90.0,240.17302708156345
24.699999999999562,3.0000000000262617,50.0,180.0,39.56132385913065,90.0,102.93383809802876,50.43867614086935,90.0,257.0661619019712
24.719999999999562,1.8000000000262872,-50.0,180.0,39.95009456346135,90.0,102.92101211616504,129.95009456346133,90.0,117.92101211616504
24.719999999999562,-2.81071971882643,-50.0,199.64574501456346,32.02361220894033,90.0,120.41769652197688,122.02361220894034,90.0,120.41769652197688
24.719999999999562,-2.81071971882643,50.0,199.64574501456346,32.02361220894033,90.0,120.41769652197688,57.97638779105967,90.0,239.5823034780231
24.719999999999562,1.8000000000262872,50.0,180.0,39.95009456346135,90.0,102.92101211616504,50.04990543653865,90.0,257.07898788383494
24.73999999999956,0.6000000000263128,-50.0,180.0,40.33548200890798,90.0,102.91459937227702,130.33548200890797,90.0,117.91459937227702
24.73999999999956,-0.9418577929809515,-50.0,199.96053456856197,31.328579304907578,90.0,120.71708781728363,121.32857930490758,90.0,120.71708781728363
24.73999999999956,-0.9418577929809515,50.0,199.96053456856197,31.328579304907578,90.0,120.71708781728363,58.67142069509242,90.0,239.28291218271636
24.73999999999956,0.6000000000263128,50.0,180.0,40.33548200890798,90.0,102.91459937227702,49.66451799109202,90.0,257.08540062772295
24.75999999999956,-0.5999999999736616,-50.0,180.0,40.71745245762743,90.0,102.91459937227688,130.71745245762742,90.0,117.91459937227688
24.75999999999956,0.9418577928984091,-50.0,199.9605345685689,30.788832024566272,90.0,120.71708781729028,120.78883202456628,90.0,120.71708781729028
24.75999999999956,0.9418577928984091,50.0,199.9605345685689,30.788832024566272,90.0,120.71708781729028,59.211167975433725,90.0,239.2829121827097
24.75999999999956,-0.5999999999736616,50.0,180.0,40.71745245762743,90.0,102.91459937227688,49.28254754237257,90.0,257.0854006277231
24.77999999999956,-1.799999999973636,-50.0,180.0,41.095971958828514,90.0,102.92101211616462,131.0959719588285,90.0,117.92101211616462
24.77999999999956,2.810719718745189,-50.0,199.64574501458412,30.410437445563144,90.0,120.41769652199649,120.41043744556315,90.0,120.41769652199649
24.77999999999956,2.810719718745189,50.0,199.64574501458412,30.410437445563144,90.0,120.41769652199649,59.58956255443685,90.0,239.5823034780035
24.77999999999956,-1.799999999973636,50.0,180.0,41.095971958828514,90.0,102.92101211616462,48.904028041171486,90.0,257.0789878838354
24.79999999999956,-2.9999999999736104,-50.0,180.0,41.47100636687536,90.0,102.93383809802805,131.47100636687537,90.0,117.93383809802805
24.79999999999956,4.6352549155847855,-50.0,199.02113032592015,30.195284643886865,90.00000000000001,119.82697291846864,120.19528464388686,89.99999999999999,119.82697291846864
24.79999999999956,4.6352549155847855,50.0,199.02113032592015,30.195284643886865,90.00000000000001,119.82697291846864,59.804715356113135,90.00000000000001,240.17302708153136
24.79999999999956,-2.9999999999736104,50.0,180.0,41.47100636687536,90.0,102.93383809802805,48.52899363312464,90.0,257.06616190197195
24.81999999999956,-4.199999999973585,-50.0,180.0,41.84252135859278,90.0,102.95307830743855,131.8425213585928,90.0,117.95307830743855
24.81999999999956,6.386689373438546,-50.0,198.09654104934395,30.141405471584026,90.00000000000001,118.96044239850235,120.14140547158402,89.99999999999999,118.96044239850235
24.81999999999956,6.386689373438546,50.0,198.09654104934395,30.141405471584026,90.00000000000001,118.96044239850235,59.85859452841598,90.00000000000001,241.03955760149765
24.81999999999956,-4.199999999973585,50.0,180.0,41.84252135859278,90.0,102.95307830743855,48.15747864140722,90.0,257.04692169256145
24.83999999999956,-5.399999999973559,-50.0,180.0,42.21048244974897,90.0,102.9787342322446,132.21048244974898,90.0,117.9787342322446
24.83999999999956,8.03740192464988,-50.0,196.88655851006996,30.24353997741203,90.0,117.84002214424042,120.24353997741203,90.0,117.84002214424042
24.83999999999956,8.03740192464988,50.0,196.88655851006996,30.24353997741203,90.0,117.84002214424042,59.75646002258797,90.0,242.15997785575956
24.83999999999956,-5.399999999973559,50.0,180.0,42.21048244974897,90.0,102.9787342322446,47.78951755025103,90.0,257.0212657677554
24.85999999999956,-6.599999999973534,-50.0,180.0,42.57485501068927,90.0,103.01080786276762,132.57485501068928,90.0,118.01080786276762
24.85999999999956,9.561359846198313,-50.0,195.4102648555511,30.493846999069824,90.0,116.4926496642836,120.49384699906983,90.0,116.4926496642836
24.85999999999956,9.561359846198313,50.0,195.4102648555511,30.493846999069824,90.0,116.4926496642836,59.506153000930176,90.0,243.5073503357164
24.85999999999956,-6.599999999973534,50.0,180.0,42.57485501068927,90.0,103.01080786276762,47.42514498931073,90.0,256.9891921372324
24.87999999999956,-7.799999999973508,-50.0,180.0,42.93560428109428,90.0,103.04930169740625,132.93560428109427,90.0,118.04930169740625
24.87999999999956,10.934529411292685,-50.0,193.69094211861423,30.88264980552461,90.0,114.94881982572079,120.88264980552461,90.0,114.94881982572079
24.87999999999956,10.934529411292685,50.0,193.69094211861423,30.88264980552461,90.0,114.94881982572079,59.11735019447539,90.0,245.0511801742792
24.87999999999956,-7.799999999973508,50.0,180.0,42.93560428109428,90.0,103.04930169740625,47.06439571890572,90.0,256.95069830259376
24.899999999999558,-8.999999999973483,-50.0,180.0,43.292695383834854,90.0,103.09421874965781,133.29269538383485,90.0,118.09421874965781
24.899999999999558,12.135254915599727,-50.0,191.7557050458944,31.39912188029237,90.0,113.24120616835587,121.39912188029237,90.0,113.24120616835587
24.899999999999558,12.135254915599727,50.0,191.7557050458944,31.39912188029237,90.0,113.24120616835587,58.60087811970763,90.0,246.75879383164414
24.899999999999558,-8.999999999973483,50.0,180.0,43.292695383834854,90.0,103.09421874965781,46.707304616165146,90.0,256.9057812503422
24.919999999999558,-10.199999999973457,-50.0,180.0,43.64609333789532,90.0,103.14556255656781,133.6460933378953,90.0,118.14556255656781
24.919999999999558,13.144600200637868,-50.0,189.63507348208302,32.03184827322016,90.0,111.40348373251373,122.03184827322016,90.0,111.40348373251373
24.919999999999558,13.144600200637868,50.0,189.63507348208302,32.03184827322016,90.0,111.40348373251373,57.96815172677984,90.0,248.59651626748627
24.919999999999558,-10.199999999973457,50.0,180.0,43.64609333789532,90.0,103.14556255656781,46.35390666210468,90.0,256.8544374434322
24.939999999999557,-11.399999999973431,-50.0,180.0,43.99576307033589,90.0,103.20333718862108,133.9957630703359,90.0,118.20333718862108
24.939999999999557,13.946647288308407,-50.0,187.3624910537453,32.76923116007259,90.0,109.46940676816263,122.7692311600726,90.0,109.46940676816263
24.939999999999557,13.946647288308407,50.0,187.3624910537453,32.76923116007259,90.0,109.46940676816263,57.23076883992741,90.0,250.53059323183737
24.939999999999557,-11.399999999973431,50.0,180.0,43.99576307033589,90.0,103.20333718862108,46.00423692966411,90.0,256.79666281137895
24.959999999999557,-12.599999999973406,-50.0,180.0,44.341669427264456,90.0,103.2675472610892,134.34166942726446,90.0,118.2675472610892
24.959999999999557,14.528747416919078,-50.0,184.97379774335104,33.59973571261866,90.0,107.47214231329906,123.59973571261867,90.0,107.47214231329906
24.959999999999557,14.528747416919078,50.0,184.97379774335104,33.59973571261866,90.0,107.47214231329906,56.40026428738134,90.0,252.52785768670094
24.959999999999557,-12.599999999973406,50.0,180.0,44.341669427264456,90.0,103.2675472610892,45.658330572735544,90.0,256.7324527389108
24.979999999999556,-13.79999999997338,-50.0,180.0,44.683777183786724,90.0,103.33819794685387,134.68377718378673,90.0,118.33819794685387
24.979999999999556,14.881720519711926,-50.0,182.5066646713414,34.51199066491296,90.0,105.44382662394625,124.51199066491296,90.0,105.44382662394625
24.979999999999556,14.881720519711926,50.0,182.5066646713414,34.51199066491296,90.0,105.44382662394625,55.48800933508704,90.0,254.55617337605375
24.979999999999556,-13.79999999997338,50.0,180.0,44.683777183786724,90.0,103.33819794685387,45.316222816213276,90.0,256.6618020531461
24.999999999999556,-14.999999999973355,-50.0,180.0,45.02205105290382,90.0,103.41529499072522,135.0220510529038,90.0,118.41529499072522
24.999999999999556,15.0,-50.0,180.00000000005582,35.494767671436406,90.0,103.41529499077183,125.4947676714364,90.0,103.41529499077183
24.999999999999556,15.0,50.0,180.00000000005582,35.494767671436406,90.0,103.41529499077183,54.505232328563594,90.0,256.5847050092282
24.999999999999556,-14.999999999973355,50.0,180.0,45.02205105290382,90.0,103.41529499072522,44.97794894709618,90.0,256.5847050092748
25.019999999999555,-14.88172051972242,-50.0,182.50666467123065,43.83523961875639,90.00000000000001,105.44382662385595,133.8352396187564,89.99999999999999,120.44382662385595
25.019999999999555,13.800000000026671,-50.0,180.0,35.915576658995064,90.0,103.33819794685714,125.91557665899506,90.0,103.33819794685714
25.019999999999555,13.800000000026671,50.0,180.0,35.915576658995064,90.0,103.33819794685714,54.084423341004936,90.0,256.6618020531429
25.019999999999555,-14.88172051972242,50.0,182.50666467123065,43.83523961875639,90.00000000000001,105.44382662385595,46.16476038124361,90.00000000000001,254.55617337614405
25.039999999999555,-14.528747416939897,-50.0,184.97379774324293,42.58187673394552,90.0,107.47214231320942,132.58187673394553,90.0,122.47214231320942
25.039999999999555,12.600000000026697,-50.0,180.0,36.333323545844046,90.0,103.2675472610922,126.33332354584405,90.0,103.2675472610922
25.039999999999555,12.600000000026697,50.0,180.0,36.333323545844046,90.0,103.2675472610922,53.666676454155954,90.0,256.7324527389078
25.039999999999555,-14.528747416939897,50.0,184.97379774324293,42.58187673394552,90.0,107.47214231320942,47.41812326605448,90.0,252.52785768679058
25.059999999999555,-13.946647288339223,-50.0,187.36249105364152,41.28334782680311,90.00000000000001,109.4694067680751,131.2833478268031,89.99999999999999,124.4694067680751
25.059999999999555,11.400000000026722,-50.0,180.0,36.74797787899576,90.0,103.20333718862376,126.74797787899575,90.0,103.20333718862376
25.059999999999555,11.400000000026722,50.0,180.0,36.74797787899576,90.0,103.20333718862376,53.25202212100424,90.0,256.7966628113762
25.059999999999555,-13.946647288339223,50.0,187.36249105364152,41.28334782680311,90.00000000000001,109.4694067680751,48.71665217319689,90.00000000000001,250.5305932319249
25.079999999999554,-13.144600200678196,-50.0,189.63507348198522,39.96210508430601,90.0,111.40348373242973,129.96210508430602,90.0,126.40348373242973
25.079999999999554,10.200000000026748,-50.0,180.0,37.15950877234157,90.0,103.14556255657024,127.15950877234157,90.0,103.14556255657024
25.079999999999554,10.200000000026748,50.0,180.0,37.15950877234157,90.0,103.14556255657024,52.84049122765843,90.0,256.8544374434298
25.079999999999554,-13.144600200678196,50.0,189.63507348198522,39.96210508430601,90.0,111.40348373242973,50.03789491569399,90.0,248.59651626757028
25.099999999999554,-12.13525491564893,-50.0,191.7557050458041,38.64138768644903,90.0,113.2412061682769,128.64138768644904,90.0,128.2412061682769
25.099999999999554,9.000000000026773,-50.0,180.0,37.56788493161014,90.0,103.09421874965992,127.56788493161014,90.0,103.09421874965992
25.099999999999554,9.000000000026773,50.0,180.0,37.56788493161014,90.0,103.09421874965992,52.43211506838986,90.0,256.90578125034006
25.099999999999554,-12.13525491564893,50.0,191.7557050458041,38.64138768644903,90.0,113.2412061682769,51.35861231355097,90.0,246.7587938317231
25.119999999999553,-10.934529411349988,-50.0,193.69094211853286,37.344883873420464,90.0,114.94881982564834,127.34488387342046,90.0,129.94881982564834
25.119999999999553,7.800000000026799,-50.0,180.0,37.973074678701536,90.0,103.04930169740813,127.97307467870154,90.0,103.04930169740813
25.119999999999553,7.800000000026799,50.0,180.0,37.973074678701536,90.0,103.04930169740813,52.026925321298464,90.0,256.9506983025919
25.119999999999553,-10.934529411349988,50.0,193.69094211853286,37.344883873420464,90.0,114.94881982564834,52.655116126579536,90.0,245.05118017435166
25.139999999999553,-9.561359846262812,-50.0,195.41026485547997,36.096306087519324,90.0,116.49264966421917,126.09630608751932,90.0,131.4926496642192
25.139999999999553,6.600000000026824,-50.0,180.0,38.37504597539795,90.0,103.0108078627692,128.37504597539794,90.0,103.0108078627692
25.139999999999553,6.600000000026824,50.0,180.0,38.37504597539795,90.0,103.0108078627692,51.62495402460205,90.0,256.9891921372308
25.139999999999553,-9.561359846262812,50.0,195.41026485547997,36.096306087519324,90.0,116.49264966421917,53.903693912480676,90.0,243.5073503357808
25.159999999999553,-8.037401924720559,-50.0,196.88655851001016,34.91885817295496,90.00000000000001,117.8400221441854,124.91885817295497,89.99999999999999,132.8400221441854
25.159999999999553,5.40000000002685,-50.0,180.0,38.77376644643724,90.0,102.97873423224588,128.77376644643724,90.0,102.97873423224588
25.159999999999553,5.40000000002685,50.0,180.0,38.77376644643724,90.0,102.97873423224588,51.22623355356276,90.0,257.02126576775413
25.159999999999553,-8.037401924720559,50.0,196.88655851001016,34.91885817295496,90.00000000000001,117.8400221441854,55.08114182704504,90.00000000000001,242.1599778558146
25.179999999999552,-6.3866893735142884,-50.0,198.09654104929643,33.83459098776417,90.0,118.96044239845806,123.83459098776417,90.0,133.96044239845804
25.179999999999552,4.200000000026876,-50.0,180.0,39.16920340193387,90.0,102.95307830743955,129.16920340193388,90.0,102.95307830743955
25.179999999999552,4.200000000026876,50.0,180.0,39.16920340193387,90.0,102.95307830743955,50.83079659806613,90.0,257.04692169256043
25.179999999999552,-6.3866893735142884,50.0,198.09654104929643,33.83459098776417,90.0,118.96044239845806,56.16540901223583,90.0,241.03955760154196
25.19999999999955,-4.6352549156644,-50.0,199.02113032588565,32.86367004228722,90.0,119.82697291843611,122.86367004228723,90.0,134.82697291843613
25.19999999999955,3.000000000026901,-50.0,180.0,39.56132385913044,90.0,102.93383809802879,129.56132385913043,90.0,102.93383809802879
25.19999999999955,3.000000000026901,50.0,180.0,39.56132385913044,90.0,102.93383809802879,50.43867614086956,90.0,257.0661619019712
25.19999999999955,-4.6352549156644,50.0,199.02113032588565,32.86367004228722,90.0,119.82697291843611,57.13632995771278,90.0,240.17302708156387
25.21999999999955,-2.810719718827418,-50.0,199.6457450145632,32.023612208940726,90.0,120.41769652197665,122.02361220894073,90.0,135.41769652197667
25.21999999999955,1.8000000000269267,-50.0,180.0,39.95009456346114,90.0,102.92101211616504,129.95009456346114,90.0,102.92101211616504
25.21999999999955,1.8000000000269267,50.0,180.0,39.95009456346114,90.0,102.92101211616504,50.04990543653886,90.0,257.07898788383494
25.21999999999955,-2.810719718827418,50.0,199.6457450145632,32.023612208940726,90.0,120.41769652197665,57.976387791059274,90.0,239.58230347802333
25.23999999999955,-0.9418577929819554,-50.0,199.96053456856188,31.328579304907898,90.0,120.71708781728358,121.32857930490789,90.0,135.71708781728358
25.23999999999955,0.6000000000269523,-50.0,180.0,40.33548200890778,90.0,102.91459937227702,130.33548200890777,90.0,102.91459937227702
25.23999999999955,0.6000000000269523,50.0,180.0,40.33548200890778,90.0,102.91459937227702,49.66451799109222,90.0,257.08540062772295
25.23999999999955,-0.9418577929819554,50.0,199.96053456856188,31.328579304907898,90.0,120.71708781728358,58.6714206950921,90.0,239.28291218271642
25.25999999999955,0.9418577928974052,-50.0,199.960534568569,30.788832024566545,90.0,120.71708781729032,120.78883202456655,90.0,135.71708781729032
25.25999999999955,-0.5999999999730221,-50.0,180.0,40.717452457627225,90.0,102.91459937227688,130.71745245762722,90.0,102.91459937227688
25.25999999999955,-0.5999999999730221,50.0,180.0,40.717452457627225,90.0,102.91459937227688,49.282547542372775,90.0,257.0854006277231
25.25999999999955,0.9418577928974052,50.0,199.960534568569,30.788832024566545,90.0,120.71708781729032,59.211167975433455,90.0,239.28291218270968
25.27999999999955,2.8107197187442043,-50.0,199.64574501458438,30.410437445563296,90.0,120.41769652199672,120.4104374455633,90.0,135.41769652199673
25.27999999999955,-1.7999999999729965,-50.0,180.0,41.095971958828315,90.0,102.92101211616462,131.09597195882833,90.0,102.92101211616462
25.27999999999955,-1.7999999999729965,50.0,180.0,41.095971958828315,90.0,102.92101211616462,48.904028041171685,90.0,257.0789878838354
25.27999999999955,2.8107197187442043,50.0,199.64574501458438,30.410437445563296,90.0,120.41769652199672,59.589562554436704,90.0,239.58230347800327
25.29999999999955,4.6352549155838325,-50.0,199.02113032592058,30.195284643886925,90.0,119.82697291846907,120.19528464388692,90.0,134.82697291846907
25.29999999999955,-2.999999999972971,-50.0,180.0,41.47100636687516,90.0,102.93383809802805,131.47100636687514,90.0,102.93383809802805
25.29999999999955,-2.999999999972971,50.0,180.0,41.47100636687516,90.0,102.93383809802805,48.52899363312484,90.0,257.06616190197195
25.29999999999955,4.6352549155838325,50.0,199.02113032592058,30.195284643886925,90.0,119.82697291846907,59.80471535611308,90.0,240.17302708153093
25.31999999999955,6.386689373437637,-50.0,198.09654104934452,30.14140547158404,90.00000000000001,118.96044239850286,120.14140547158404,89.99999999999999,133.96044239850286
25.31999999999955,-4.199999999972945,-50.0,180.0,41.84252135859258,90.0,102.95307830743855,131.8425213585926,90.0,102.95307830743855
25.31999999999955,-4.199999999972945,50.0,180.0,41.84252135859258,90.0,102.95307830743855,48.15747864140742,90.0,257.04692169256145
25.31999999999955,6.386689373437637,50.0,198.09654104934452,30.14140547158404,90.00000000000001,118.96044239850286,59.85859452841596,90.00000000000001,241.03955760149714
25.33999999999955,8.03740192464903,-50.0,196.8865585100707,30.243539977411935,90.0,117.84002214424109,120.24353997741193,90.0,132.8400221442411
25.33999999999955,-5.39999999997292,-50.0,180.0,42.21048244974878,90.0,102.97873423224458,132.21048244974878,90.0,102.97873423224458
25.33999999999955,-5.39999999997292,50.0,180.0,42.21048244974878,90.0,102.97873423224458,47.78951755025122,90.0,257.02126576775544
25.33999999999955,8.03740192464903,50.0,196.8865585100707,30.243539977411935,90.0,117.84002214424109,59.756460022588065,90.0,242.1599778557589
25.35999999999955,9.561359846197538,-50.0,195.410264855552,30.493846999069632,90.0,116.49264966428441,120.49384699906963,90.0,131.49264966428441
25.35999999999955,-6.599999999972894,-50.0,180.0,42.57485501068907,90.0,103.0108078627676,132.57485501068908,90.0,103.0108078627676
25.35999999999955,-6.599999999972894,50.0,180.0,42.57485501068907,90.0,103.0108078627676,47.42514498931093,90.0,256.9891921372324
25.35999999999955,9.561359846197538,50.0,195.410264855552,30.493846999069632,90.0,116.49264966428441,59.50615300093037,90.0,243.50735033571559
25.379999999999548,10.934529411292,-50.0,193.6909421186152,30.88264980552438,90.0,114.94881982572164,120.88264980552438,90.0,129.94881982572164
25.379999999999548,-7.799999999972869,-50.0,180.0,42.935604281094086,90.0,103.04930169740624,132.93560428109407,90.0,103.04930169740624
25.379999999999548,-7.799999999972869,50.0,180.0,42.935604281094086,90.0,103.04930169740624,47.064395718905914,90.0,256.95069830259376
25.379999999999548,10.934529411292,50.0,193.6909421186152,30.88264980552438,90.0,114.94881982572164,59.11735019447562,90.0,245.05118017427836
25.399999999999547,12.135254915599138,-50.0,191.75570504589547,31.399121880292064,90.0,113.24120616835681,121.39912188029206,90.0,128.24120616835683
25.399999999999547,-8.999999999972843,-50.0,180.0,43.292695383834655,90.0,103.09421874965778,133.29269538383465,90.0,103.09421874965778
25.399999999999547,-8.999999999972843,50.0,180.0,43.292695383834655,90.0,103.09421874965778,46.707304616165345,90.0,256.9057812503422
25.399999999999547,12.135254915599138,50.0,191.75570504589547,31.399121880292064,90.0,113.24120616835681,58.600878119707936,90.0,246.75879383164317
25.419999999999547,13.144600200637383,-50.0,189.63507348208418,32.0318482732198,90.0,111.40348373251474,122.0318482732198,90.0,126.40348373251474
25.419999999999547,-10.199999999972817,-50.0,180.0,43.646093337895124,90.0,103.14556255656778,133.64609333789514,90.0,103.14556255656778
25.419999999999547,-10.199999999972817,50.0,180.0,43.646093337895124,90.0,103.14556255656778,46.353906662104876,90.0,256.85443744343223
25.419999999999547,13.144600200637383,50.0,189.63507348208418,32.0318482732198,90.0,111.40348373251474,57.9681517267802,90.0,248.59651626748524
25.439999999999547,13.946647288308036,-50.0,187.36249105374654,32.76923116007216,90.0,109.46940676816371,122.76923116007217,90.0,124.46940676816371
25.439999999999547,-11.399999999972792,-50.0,180.0,43.99576307033571,90.0,103.20333718862102,133.99576307033573,90.0,103.20333718862102
25.439999999999547,-11.399999999972792,50.0,180.0,43.99576307033571,90.0,103.20333718862102,46.00423692966429,90.0,256.79666281137895
25.439999999999547,13.946647288308036,50.0,187.36249105374654,32.76923116007216,90.0,109.46940676816371,57.23076883992784,90.0,250.5305932318363
25.459999999999546,14.528747416918828,-50.0,184.97379774335235,33.599735712618205,90.0,107.4721423133001,123.59973571261821,90.0,122.4721423133001
25.459999999999546,-12.599999999972766,-50.0,180.0,44.34166942726428,90.0,103.26754726108919,134.34166942726426,90.0,103.26754726108919
25.459999999999546,-12.599999999972766,50.0,180.0,44.34166942726428,90.0,103.26754726108919,45.65833057273572,90.0,256.7324527389108
25.459999999999546,14.528747416918828,50.0,184.97379774335235,33.599735712618205,90.0,107.4721423133001,56.400264287381795,90.0,252.52785768669992
25.479999999999546,14.8817205197118,-50.0,182.50666467134272,34.511990664912446,90.0,105.44382662394732,124.51199066491245,90.0,120.44382662394732
25.479999999999546,-13.79999999997274,-50.0,180.0,44.683777183786546,90.0,103.33819794685382,134.68377718378656,90.0,103.33819794685382
25.479999999999546,-13.79999999997274,50.0,180.0,44.683777183786546,90.0,103.33819794685382,45.316222816213454,90.0,256.6618020531462
25.479999999999546,14.8817205197118,50.0,182.50666467134272,34.511990664912446,90.0,105.44382662394732,55.488009335087554,90.0,254.5561733760527
25.499999999999545,15.0,-50.0,180.00000000005716,35.49476767143586,90.0,103.4152949907729,125.49476767143585,90.0,118.4152949907729
25.499999999999545,-14.999999999972715,-50.0,180.0,45.02205105290364,90.0,103.41529499072516,135.02205105290363,90.0,103.41529499072516
25.499999999999545,-14.999999999972715,50.0,180.0,45.02205105290364,90.0,103.41529499072516,44.97794894709636,90.0,256.58470500927484
25.499999999999545,15.0,50.0,180.00000000005716,35.49476767143586,90.0,103.4152949907729,54.50523232856414,90.0,256.5847050092271
25.519999999999545,13.80000000002731,-50.0,180.0,35.91557665899484,90.0,103.33819794685719,125.91557665899484,90.0,118.33819794685719
25.519999999999545,-14.881720519722544,-50.0,182.50666467122934,43.83523961875704,90.0,105.44382662385486,133.83523961875704,90.0,105.44382662385486
25.519999999999545,-14.881720519722544,50.0,182.50666467122934,43.83523961875704,90.0,105.44382662385486,46.16476038124296,90.0,254.55617337614513
25.519999999999545,13.80000000002731,50.0,180.0,35.91557665899484,90.0,103.33819794685719,54.08442334100516,90.0,256.6618020531428
25.539999999999544,12.600000000027336,-50.0,180.0,36.33332354584382,90.0,103.26754726109225,126.33332354584383,90.0,118.26754726109225
25.539999999999544,-14.528747416940146,-50.0,184.97379774324165,42.581876733946196,90.00000000000001,107.47214231320837,132.5818767339462,89.99999999999999,107.47214231320837
25.539999999999544,-14.528747416940146,50.0,184.97379774324165,42.581876733946196,90.00000000000001,107.47214231320837,47.418123266053804,90.00000000000001,252.52785768679163
25.539999999999544,12.600000000027336,50.0,180.0,36.33332354584382,90.0,103.26754726109225,53.66667645415618,90.0,256.73245273890774
25.559999999999544,11.400000000027362,-50.0,180.0,36.74797787899555,90.0,103.2033371886238,126.74797787899556,90.0,118.2033371886238
25.559999999999544,-13.946647288339593,-50.0,187.36249105364027,41.2833478268038,90.0,109.46940676807408,131.2833478268038,90.0,109.46940676807408
25.559999999999544,-13.946647288339593,50.0,187.36249105364027,41.2833478268038,90.0,109.46940676807408,48.7166521731962,90.0,250.53059323192593
25.559999999999544,11.400000000027362,50.0,180.0,36.74797787899555,90.0,103.2033371886238,53.25202212100445,90.0,256.7966628113762
25.579999999999544,10.200000000027387,-50.0,180.0,37.15950877234134,90.0,103.14556255657028,127.15950877234134,90.0,118.14556255657028
25.579999999999544,-13.14460020067868,-50.0,189.63507348198405,39.96210508430669,90.0,111.40348373242875,129.9621050843067,90.0,111.40348373242875
25.579999999999544,-13.14460020067868,50.0,189.63507348198405,39.96210508430669,90.0,111.40348373242875,50.03789491569331,90.0,248.59651626757125
25.579999999999544,10.200000000027387,50.0,180.0,37.15950877234134,90.0,103.14556255657028,52.84049122765866,90.0,256.85443744342973
25.599999999999543,9.000000000027413,-50.0,180.0,37.5678849316099,90.0,103.09421874965997,127.56788493160991,90.0,118.09421874965997
25.599999999999543,-12.135254915649522,-50.0,191.755705045803,38.641387686449704,90.0,113.24120616827598,128.64138768644972,90.0,113.24120616827598
25.599999999999543,-12.135254915649522,50.0,191.755705045803,38.641387686449704,90.0,113.24120616827598,51.358612313550296,90.0,246.758793831724
25.599999999999543,9.000000000027413,50.0,180.0,37.5678849316099,90.0,103.09421874965997,52.4321150683901,90.0,256.90578125034006
25.619999999999543,7.800000000027438,-50.0,180.0,37.973074678701316,90.0,103.04930169740815,127.97307467870132,90.0,118.04930169740815
25.619999999999543,-10.934529411350676,-50.0,193.6909421185319,37.344883873421146,90.0,114.94881982564748,127.34488387342114,90.0,114.94881982564748
25.619999999999543,-10.934529411350676,50.0,193.6909421185319,37.344883873421146,90.0,114.94881982564748,52.655116126578854,90.0,245.0511801743525
25.619999999999543,7.800000000027438,50.0,180.0,37.973074678701316,90.0,103.04930169740815,52.026925321298684,90.0,256.95069830259183
25.639999999999542,6.600000000027464,-50.0,180.0,38.37504597539775,90.0,103.01080786276923,128.37504597539774,90.0,118.01080786276923
25.639999999999542,-9.561359846263587,-50.0,195.4102648554791,36.09630608751995,90.0,116.49264966421843,126.09630608751995,90.0,116.49264966421843
25.639999999999542,-9.561359846263587,50.0,195.4102648554791,36.09630608751995,90.0,116.49264966421843,53.90369391248005,90.0,243.50735033578155
25.639999999999542,6.600000000027464,50.0,180.0,38.37504597539775,90.0,103.01080786276923,51.62495402460225,90.0,256.98919213723076
25.659999999999542,5.4000000000274895,-50.0,180.0,38.77376644643704,90.0,102.9787342322459,128.77376644643704,90.0,117.9787342322459
25.659999999999542,-8.03740192472141,-50.0,196.88655851000945,34.918858172955574,90.0,117.84002214418473,124.91885817295557,90.0,117.84002214418473
25.659999999999542,-8.03740192472141,50.0,196.88655851000945,34.918858172955574,90.0,117.84002214418473,55.081141827044426,90.0,242.15997785581527
25.659999999999542,5.4000000000274895,50.0,180.0,38.77376644643704,90.0,102.9787342322459,51.22623355356296,90.0,257.02126576775413
25.67999999999954,4.200000000027515,-50.0,180.0,39.16920340193367,90.0,102.95307830743955,129.16920340193366,90.0,117.95307830743955
25.67999999999954,-6.386689373515199,-50.0,198.09654104929587,33.83459098776471,90.0,118.96044239845754,123.83459098776471,90.0,118.96044239845754
25.67999999999954,-6.386689373515199,50.0,198.09654104929587,33.83459098776471,90.0,118.96044239845754,56.16540901223529,90.0,241.03955760154247
25.67999999999954,4.200000000027515,50.0,180.0,39.16920340193367,90.0,102.95307830743955,50.83079659806633,90.0,257.04692169256043
25.69999999999954,3.0000000000275406,-50.0,180.0,39.56132385913024,90.0,102.93383809802879,129.56132385913025,90.0,117.93383809802879
25.69999999999954,-4.635254915665357,-50.0,199.02113032588525,32.863670042287694,90.0,119.82697291843573,122.8636700422877,90.0,119.82697291843573
25.69999999999954,-4.635254915665357,50.0,199.02113032588525,32.863670042287694,90.0,119.82697291843573,57.136329957712306,90.0,240.17302708156427
25.69999999999954,3.0000000000275406,50.0,180.0,39.56132385913024,90.0,102.93383809802879,50.43867614086976,90.0,257.0661619019712
25.71999999999954,1.8000000000275662,-50.0,180.0,39.950094563460944,90.0,102.92101211616504,129.95009456346094,90.0,117.92101211616504
25.71999999999954,-2.8107197188284023,-50.0,199.64574501456295,32.023612208941145,90.0,120.4176965219764,122.02361220894115,90.0,120.4176965219764
25.71999999999954,-2.8107197188284023,50.0,199.64574501456295,32.023612208941145,90.0,120.4176965219764,57.976387791058855,90.0,239.58230347802362
25.71999999999954,1.8000000000275662,50.0,180.0,39.950094563460944,90.0,102.92101211616504,50.049905436539056,90.0,257.07898788383494
25.73999999999954,0.6000000000275918,-50.0,180.0,40.335482008907576,90.0,102.91459937227702,130.33548200890758,90.0,117.91459937227702
25.73999999999954,-0.941857792982956,-50.0,199.9605345685618,31.328579304908242,90.0,120.71708781728346,121.32857930490825,90.0,120.71708781728346
25.73999999999954,-0.941857792982956,50.0,199.9605345685618,31.328579304908242,90.0,120.71708781728346,58.671420695091754,90.0,239.28291218271653
25.73999999999954,0.6000000000275918,50.0,180.0,40.335482008907576,90.0,102.91459937227702,49.664517991092424,90.0,257.08540062772295
25.75999999999954,-0.5999999999723826,-50.0,180.0,40.717452457627026,90.0,102.91459937227688,130.71745245762702,90.0,117.91459937227688
25.75999999999954,0.9418577928964046,-50.0,199.96053456856907,30.788832024566787,90.0,120.7170878172904,120.78883202456679,90.0,120.7170878172904
25.75999999999954,0.9418577928964046,50.0,199.96053456856907,30.788832024566787,90.0,120.7170878172904,59.21116797543321,90.0,239.2829121827096
25.75999999999954,-0.5999999999723826,50.0,180.0,40.717452457627026,90.0,102.91459937227688,49.282547542372974,90.0,257.0854006277231
25.77999999999954,-1.799999999972357,-50.0,180.0,41.09597195882811,90.0,102.92101211616462,131.0959719588281,90.0,117.92101211616462
25.77999999999954,2.8107197187432167,-50.0,199.64574501458463,30.41043744556345,90.00000000000001,120.41769652199697,120.41043744556345,89.99999999999999,120.41769652199697
25.77999999999954,2.8107197187432167,50.0,199.64574501458463,30.41043744556345,90.00000000000001,120.41769652199697,59.589562554436554,90.00000000000001,239.58230347800304
25.77999999999954,-1.799999999972357,50.0,180.0,41.09597195882811,90.0,102.92101211616462,48.90402804117189,90.0,257.0789878838354
25.79999999999954,-2.9999999999723315,-50.0,180.0,41.47100636687495,90.0,102.93383809802805,131.47100636687495,90.0,117.93383809802805
25.79999999999954,4.635254915582876,-50.0,199.02113032592098,30.195284643887017,90.0,119.8269729184694,120.19528464388702,90.0,119.8269729184694
25.79999999999954,4.635254915582876,50.0,199.02113032592098,30.195284643887017,90.0,119.8269729184694,59.80471535611298,90.0,240.17302708153062
25.79999999999954,-2.9999999999723315,50.0,180.0,41.47100636687495,90.0,102.93383809802805,48.52899363312505,90.0,257.06616190197195
25.81999999999954,-4.199999999972306,-50.0,180.0,41.84252135859239,90.0,102.95307830743853,131.8425213585924,90.0,117.95307830743853
25.81999999999954,6.3866893734367265,-50.0,198.0965410493451,30.141405471584,90.00000000000001,118.96044239850342,120.141405471584,89.99999999999999,118.96044239850342
25.81999999999954,6.3866893734367265,50.0,198.0965410493451,30.141405471584,90.00000000000001,118.96044239850342,59.858594528416,90.00000000000001,241.0395576014966
25.81999999999954,-4.199999999972306,50.0,180.0,41.84252135859239,90.0,102.95307830743853,48.15747864140761,90.0,257.04692169256145
25.839999999999538,-5.39999999997228,-50.0,180.0,42.21048244974858,90.0,102.97873423224458,132.21048244974858,90.0,117.97873423224458
25.839999999999538,8.037401924648186,-50.0,196.8865585100714,30.243539977411825,90.0,117.84002214424176,120.24353997741183,90.0,117.84002214424176
25.839999999999538,8.037401924648186,50.0,196.8865585100714,30.243539977411825,90.0,117.84002214424176,59.75646002258817,90.0,242.15997785575826
25.839999999999538,-5.39999999997228,50.0,180.0,42.21048244974858,90.0,102.97873423224458,47.78951755025142,90.0,257.02126576775544
25.859999999999538,-6.599999999972255,-50.0,180.0,42.57485501068887,90.0,103.0108078627676,132.57485501068888,90.0,118.0108078627676
25.859999999999538,9.561359846196764,-50.0,195.41026485555284,30.493846999069454,90.0,116.49264966428518,120.49384699906946,90.0,116.49264966428518
25.859999999999538,9.561359846196764,50.0,195.41026485555284,30.493846999069454,90.0,116.49264966428518,59.506153000930546,90.0,243.50735033571482
25.859999999999538,-6.599999999972255,50.0,180.0,42.57485501068887,90.0,103.0108078627676,47.42514498931113,90.0,256.9891921372324
25.879999999999537,-7.799999999972229,-50.0,180.0,42.935604281093894,90.0,103.04930169740622,132.9356042810939,90.0,118.04930169740622
25.879999999999537,10.93452941129131,-50.0,193.69094211861616,30.88264980552412,90.0,114.94881982572254,120.88264980552412,90.0,114.94881982572254
25.879999999999537,10.93452941129131,50.0,193.69094211861616,30.88264980552412,90.0,114.94881982572254,59.117350194475875,90.0,245.05118017427748
25.879999999999537,-7.799999999972229,50.0,180.0,42.935604281093894,90.0,103.04930169740622,47.064395718906106,90.0,256.95069830259376
25.899999999999537,-8.999999999972204,-50.0,180.0,43.29269538383448,90.0,103.09421874965773,133.29269538383448,90.0,118.09421874965773
25.899999999999537,12.135254915598546,-50.0,191.75570504589658,31.39912188029174,90.00000000000001,113.24120616835779,121.39912188029174,89.99999999999999,113.24120616835779
25.899999999999537,12.135254915598546,50.0,191.75570504589658,31.39912188029174,90.00000000000001,113.24120616835779,58.600878119708256,90.00000000000001,246.7587938316422
25.899999999999537,-8.999999999972204,50.0,180.0,43.29269538383448,90.0,103.09421874965773,46.70730461616552,90.0,256.9057812503423
25.919999999999536,-10.199999999972178,-50.0,180.0,43.646093337894946,90.0,103.14556255656777,133.64609333789494,90.0,118.14556255656777
25.919999999999536,13.1446002006369,-50.0,189.63507348208537,32.031848273219424,90.0,111.40348373251577,122.03184827321942,90.0,111.40348373251577
25.919999999999536,13.1446002006369,50.0,189.63507348208537,32.031848273219424,90.0,111.40348373251577,57.968151726780576,90.0,248.59651626748422
25.919999999999536,-10.199999999972178,50.0,180.0,43.646093337894946,90.0,103.14556255656777,46.353906662105054,90.0,256.85443744343223
25.939999999999536,-11.399999999972152,-50.0,180.0,43.99576307033553,90.0,103.20333718862099,133.99576307033553,90.0,118.20333718862099
25.939999999999536,13.946647288307668,-50.0,187.3624910537478,32.76923116007175,90.0,109.46940676816475,122.76923116007174,90.0,109.46940676816475
25.939999999999536,13.946647288307668,50.0,187.3624910537478,32.76923116007175,90.0,109.46940676816475,57.23076883992825,90.0,250.53059323183527
25.939999999999536,-11.399999999972152,50.0,180.0,43.99576307033553,90.0,103.20333718862099,46.00423692966447,90.0,256.796662811379
25.959999999999535,-12.599999999972127,-50.0,180.0,44.34166942726409,90.0,103.26754726108915,134.3416694272641,90.0,118.26754726108915
25.959999999999535,14.528747416918579,-50.0,184.97379774335363,33.59973571261773,90.0,107.47214231330119,123.59973571261773,90.0,107.47214231330119
25.959999999999535,14.528747416918579,50.0,184.97379774335363,33.59973571261773,90.0,107.47214231330119,56.40026428738227,90.0,252.5278576866988
25.959999999999535,-12.599999999972127,50.0,180.0,44.34166942726409,90.0,103.26754726108915,45.65833057273591,90.0,256.73245273891087
25.979999999999535,-13.799999999972101,-50.0,180.0,44.68377718378636,90.0,103.33819794685381,134.68377718378636,90.0,118.33819794685381
25.979999999999535,14.881720519711674,-50.0,182.50666467134405,34.511990664911934,90.0,105.44382662394842,124.51199066491193,90.0,105.44382662394842
25.979999999999535,14.881720519711674,50.0,182.50666467134405,34.511990664911934,90.0,105.44382662394842,55.488009335088066,90.0,254.55617337605156
25.979999999999535,-13.799999999972101,50.0,180.0,44.68377718378636,90.0,103.33819794685381,45.31622281621364,90.0,256.6618020531462
25.999999999999535,-14.999999999972076,-50.0,180.0,45.02205105290346,90.0,103.41529499072512,135.02205105290346,90.0,118.41529499072512
25.999999999999535,15.0,-50.0,180.0000000000585,35.49476767143533,90.0,103.41529499077396,125.49476767143534,90.0,103.41529499077396
25.999999999999535,15.0,50.0,180.0000000000585,35.49476767143533,90.0,103.41529499077396,54.50523232856467,90.0,256.584705009226
25.999999999999535,-14.999999999972076,50.0,180.0,45.02205105290346,90.0,103.41529499072512,44.97794894709654,90.0,256.5847050092749
26.019999999999534,-14.88172051972267,-50.0,182.506664671228,43.83523961875769,90.0,105.44382662385377,133.8352396187577,90.0,120.44382662385377
26.019999999999534,13.80000000002795,-50.0,180.0,35.91557665899461,90.0,103.33819794685724,125.91557665899461,90.0,103.33819794685724
26.019999999999534,13.80000000002795,50.0,180.0,35.91557665899461,90.0,103.33819794685724,54.08442334100539,90.0,256.66180205314276
26.019999999999534,-14.88172051972267,50.0,182.506664671228,43.83523961875769,90.0,105.44382662385377,46.16476038124231,90.0,254.55617337614623
26.039999999999534,-14.528747416940396,-50.0,184.97379774324034,42.5818767339469,90.00000000000001,107.47214231320726,132.5818767339469,89.99999999999999,122.47214231320726
26.039999999999534,12.600000000027975,-50.0,180.0,36.3333235458436,90.0,103.26754726109228,126.3333235458436,90.0,103.26754726109228
26.039999999999534,12.600000000027975,50.0,180.0,36.3333235458436,90.0,103.26754726109228,53.6666764541564,90.0,256.73245273890774
26.039999999999534,-14.528747416940396,50.0,184.97379774324034,42.5818767339469,90.00000000000001,107.47214231320726,47.4181232660531,90.00000000000001,252.52785768679274
26.059999999999533,-13.946647288339962,-50.0,187.36249105363902,41.28334782680452,90.00000000000001,109.46940676807299,131.28334782680452,89.99999999999999,124.46940676807299
26.059999999999533,11.400000000028001,-50.0,180.0,36.74797787899532,90.0,103.20333718862383,126.74797787899533,90.0,103.20333718862383
26.059999999999533,11.400000000028001,50.0,180.0,36.74797787899532,90.0,103.20333718862383,53.25202212100468,90.0,256.79666281137617
26.059999999999533,-13.946647288339962,50.0,187.36249105363902,41.28334782680452,90.00000000000001,109.46940676807299,48.71665217319548,90.00000000000001,250.530593231927
26.079999999999533,-13.144600200679163,-50.0,189.63507348198286,39.9621050843074,90.0,111.40348373242773,129.9621050843074,90.0,126.40348373242773
26.079999999999533,10.200000000028027,-50.0,180.0,37.15950877234113,90.0,103.14556255657031,127.15950877234113,90.0,103.14556255657031
26.079999999999533,10.200000000028027,50.0,180.0,37.15950877234113,90.0,103.14556255657031,52.84049122765887,90.0,256.8544374434297
26.079999999999533,-13.144600200679163,50.0,189.63507348198286,39.9621050843074,90.0,111.40348373242773,50.0378949156926,90.0,248.59651626757227
26.099999999999532,-12.135254915650112,-50.0,191.75570504580193,38.64138768645041,90.0,113.24120616827501,128.6413876864504,90.0,128.24120616827503
26.099999999999532,9.000000000028052,-50.0,180.0,37.5678849316097,90.0,103.09421874965999,127.5678849316097,90.0,103.09421874965999
26.099999999999532,9.000000000028052,50.0,180.0,37.5678849316097,90.0,103.09421874965999,52.4321150683903,90.0,256.90578125034
26.099999999999532,-12.135254915650112,50.0,191.75570504580193,38.64138768645041,90.0,113.24120616827501,51.35861231354959,90.0,246.75879383172497
26.119999999999532,-10.934529411351365,-50.0,193.6909421185309,37.34488387342184,90.0,114.94881982564661,127.34488387342185,90.0,129.9488198256466
26.119999999999532,7.800000000028078,-50.0,180.0,37.97307467870111,90.0,103.04930169740815,127.97307467870111,90.0,103.04930169740815
26.119999999999532,7.800000000028078,50.0,180.0,37.97307467870111,90.0,103.04930169740815,52.02692532129889,90.0,256.95069830259183
26.119999999999532,-10.934529411351365,50.0,193.6909421185309,37.34488387342184,90.0,114.94881982564661,52.65511612657816,90.0,245.0511801743534
26.13999999999953,-9.561359846264361,-50.0,195.41026485547826,36.09630608752062,90.0,116.49264966421765,126.09630608752062,90.0,131.49264966421765
26.13999999999953,6.600000000028103,-50.0,180.0,38.37504597539752,90.0,103.01080786276925,128.3750459753975,90.0,103.01080786276925
26.13999999999953,6.600000000028103,50.0,180.0,38.37504597539752,90.0,103.01080786276925,51.62495402460248,90.0,256.98919213723076
26.13999999999953,-9.561359846264361,50.0,195.41026485547826,36.09630608752062,90.0,116.49264966421765,53.90369391247938,90.0,243.50735033578235
26.15999999999953,-8.037401924722255,-50.0,196.88655851000874,34.918858172956156,90.0,117.84002214418412,124.91885817295616,90.0,132.8400221441841
26.15999999999953,5.400000000028129,-50.0,180.0,38.77376644643682,90.0,102.97873423224593,128.7737664464368,90.0,102.97873423224593
26.15999999999953,5.400000000028129,50.0,180.0,38.77376644643682,90.0,102.97873423224593,51.22623355356318,90.0,257.0212657677541
26.15999999999953,-8.037401924722255,50.0,196.88655851000874,34.918858172956156,90.0,117.84002214418412,55.081141827043844,90.0,242.1599778558159
26.17999999999953,-6.386689373516106,-50.0,198.0965410492953,33.83459098776527,90.0,118.96044239845699,123.83459098776527,90.0,133.960442398457
26.17999999999953,4.2000000000281545,-50.0,180.0,39.16920340193345,90.0,102.95307830743957,129.16920340193346,90.0,102.95307830743957
26.17999999999953,4.2000000000281545,50.0,180.0,39.16920340193345,90.0,102.95307830743957,50.83079659806655,90.0,257.04692169256043
26.17999999999953,-6.386689373516106,50.0,198.0965410492953,33.83459098776527,90.0,118.96044239845699,56.16540901223473,90.0,241.039557601543
26.19999999999953,-4.6352549156663105,-50.0,199.02113032588483,32.86367004228818,90.00000000000001,119.82697291843536,122.86367004228818,89.99999999999999,134.82697291843536
26.19999999999953,3.00000000002818,-50.0,180.0,39.561323859130034,90.0,102.93383809802879,129.56132385913003,90.0,102.93383809802879
26.19999999999953,3.00000000002818,50.0,180.0,39.561323859130034,90.0,102.93383809802879,50.438676140869966,90.0,257.0661619019712
26.19999999999953,-4.6352549156663105,50.0,199.02113032588483,32.86367004228818,90.00000000000001,119.82697291843536,57.13632995771182,90.00000000000001,240.17302708156464
26.21999999999953,-2.810719718829391,-50.0,199.6457450145627,32.023612208941564,90.0,120.41769652197614,122.02361220894156,90.0,135.41769652197615
26.21999999999953,1.8000000000282057,-50.0,180.0,39.95009456346074,90.0,102.92101211616504,129.95009456346074,90.0,102.92101211616504
26.21999999999953,1.8000000000282057,50.0,180.0,39.95009456346074,90.0,102.92101211616504,50.04990543653926,90.0,257.07898788383494
26.21999999999953,-2.810719718829391,50.0,199.6457450145627,32.023612208941564,90.0,120.41769652197614,57.976387791058436,90.0,239.58230347802385
26.23999999999953,-0.9418577929839598,-50.0,199.9605345685617,31.32857930490859,90.0,120.71708781728337,121.32857930490859,90.0,135.71708781728336
26.23999999999953,0.6000000000282313,-50.0,180.0,40.33548200890738,90.0,102.91459937227702,130.33548200890738,90.0,102.91459937227702
26.23999999999953,0.6000000000282313,50.0,180.0,40.33548200890738,90.0,102.91459937227702,49.66451799109262,90.0,257.08540062772295
26.23999999999953,-0.9418577929839598,50.0,199.9605345685617,31.32857930490859,90.0,120.71708781728337,58.67142069509141,90.0,239.28291218271664
26.25999999999953,0.9418577928954008,-50.0,199.96053456856916,30.788832024567025,90.0,120.7170878172905,120.78883202456703,90.0,135.71708781729052
26.25999999999953,-0.5999999999717431,-50.0,180.0,40.71745245762682,90.0,102.91459937227688,130.71745245762682,90.0,102.91459937227688
26.25999999999953,-0.5999999999717431,50.0,180.0,40.71745245762682,90.0,102.91459937227688,49.28254754237318,90.0,257.0854006277231
26.25999999999953,0.9418577928954008,50.0,199.96053456856916,30.788832024567025,90.0,120.7170878172905,59.21116797543297,90.0,239.28291218270948
26.27999999999953,2.810719718742228,-50.0,199.64574501458486,30.410437445563616,90.0,120.4176965219972,120.41043744556362,90.0,135.4176965219972
26.27999999999953,-1.7999999999717176,-50.0,180.0,41.0959719588279,90.0,102.92101211616462,131.0959719588279,90.0,102.92101211616462
26.27999999999953,-1.7999999999717176,50.0,180.0,41.0959719588279,90.0,102.92101211616462,48.9040280411721,90.0,257.0789878838354
26.27999999999953,2.810719718742228,50.0,199.64574501458486,30.410437445563616,90.0,120.4176965219972,59.589562554436384,90.0,239.5823034780028
26.299999999999528,4.635254915581919,-50.0,199.0211303259214,30.195284643887078,90.0,119.82697291846983,120.19528464388708,90.0,134.82697291846983
26.299999999999528,-2.999999999971692,-50.0,180.0,41.47100636687477,90.0,102.93383809802802,131.47100636687478,90.0,102.93383809802802
26.299999999999528,-2.999999999971692,50.0,180.0,41.47100636687477,90.0,102.93383809802802,48.52899363312523,90.0,257.066161901972
26.299999999999528,4.635254915581919,50.0,199.0211303259214,30.195284643887078,90.0,119.82697291846983,59.80471535611292,90.0,240.17302708153017
26.319999999999528,6.386689373435816,-50.0,198.09654104934566,30.141405471583994,90.0,118.96044239850396,120.141405471584,90.0,133.96044239850397
26.319999999999528,-4.199999999971666,-50.0,180.0,41.842521358592194,90.0,102.95307830743853,131.8425213585922,90.0,102.95307830743853
26.319999999999528,-4.199999999971666,50.0,180.0,41.842521358592194,90.0,102.95307830743853,48.157478641407806,90.0,257.04692169256145
26.319999999999528,6.386689373435816,50.0,198.09654104934566,30.141405471583994,90.0,118.96044239850396,59.858594528416006,90.0,241.03955760149603
26.339999999999527,8.037401924647337,-50.0,196.88655851007212,30.24353997741175,90.0,117.84002214424241,120.24353997741176,90.0,132.84002214424243
26.339999999999527,-5.399999999971641,-50.0,180.0,42.21048244974839,90.0,102.97873423224455,132.21048244974838,90.0,102.97873423224455
26.339999999999527,-5.399999999971641,50.0,180.0,42.21048244974839,90.0,102.97873423224455,47.78951755025161,90.0,257.02126576775544
26.339999999999527,8.037401924647337,50.0,196.88655851007212,30.24353997741175,90.0,117.84002214424241,59.75646002258825,90.0,242.15997785575757
26.359999999999527,9.561359846195987,-50.0,195.4102648555537,30.493846999069287,90.00000000000001,116.49264966428596,120.49384699906929,89.99999999999999,131.49264966428598
26.359999999999527,-6.599999999971615,-50.0,180.0,42.57485501068868,90.0,103.01080786276758,132.57485501068868,90.0,103.01080786276758
26.359999999999527,-6.599999999971615,50.0,180.0,42.57485501068868,90.0,103.01080786276758,47.42514498931132,90.0,256.9891921372324
26.359999999999527,9.561359846195987,50.0,195.4102648555537,30.493846999069287,90.00000000000001,116.49264966428596,59.50615300093071,90.00000000000001,243.50735033571402
26.379999999999526,10.934529411290622,-50.0,193.69094211861716,30.882649805523886,90.0,114.9488198257234,120.88264980552388,90.0,129.9488198257234
26.379999999999526,-7.79999999997159,-50.0,180.0,42.9356042810937,90.0,103.0493016974062,132.9356042810937,90.0,103.0493016974062
26.379999999999526,-7.79999999997159,50.0,180.0,42.9356042810937,90.0,103.0493016974062,47.0643957189063,90.0,256.9506983025938
26.379999999999526,10.934529411290622,50.0,193.69094211861716,30.882649805523886,90.0,114.9488198257234,59.11735019447612,90.0,245.0511801742766
26.399999999999526,12.135254915597958,-50.0,191.75570504589763,31.39912188029145,90.00000000000001,113.2412061683587,121.39912188029145,89.99999999999999,128.2412061683587
26.399999999999526,-8.999999999971564,-50.0,180.0,43.29269538383429,90.0,103.09421874965771,133.29269538383429,90.0,103.09421874965771
26.399999999999526,-8.999999999971564,50.0,180.0,43.29269538383429,90.0,103.09421874965771,46.70730461616571,90.0,256.9057812503423
26.399999999999526,12.135254915597958,50.0,191.75570504589763,31.39912188029145,90.00000000000001,113.2412061683587,58.600878119708554,90.00000000000001,246.7587938316413
26.419999999999526,13.144600200636415,-50.0,189.63507348208654,32.03184827321906,90.0,111.40348373251676,122.03184827321905,90.0,126.40348373251676
26.419999999999526,-10.199999999971539,-50.0,180.0,43.64609333789476,90.0,103.14556255656773,133.64609333789477,90.0,103.14556255656773
26.419999999999526,-10.199999999971539,50.0,180.0,43.64609333789476,90.0,103.14556255656773,46.35390666210524,90.0,256.8544374434323
26.419999999999526,13.144600200636415,50.0,189.63507348208654,32.03184827321906,90.0,111.40348373251676,57.96815172678094,90.0,248.59651626748325
26.439999999999525,13.946647288307298,-50.0,187.36249105374904,32.76923116007132,90.0,109.4694067681658,122.76923116007131,90.0,124.4694067681658
26.439999999999525,-11.399999999971513,-50.0,180.0,43.99576307033534,90.0,103.20333718862096,133.99576307033533,90.0,103.20333718862096
26.439999999999525,-11.399999999971513,50.0,180.0,43.99576307033534,90.0,103.20333718862096,46.00423692966466,90.0,256.79666281137906
26.439999999999525,13.946647288307298,50.0,187.36249105374904,32.76923116007132,90.0,109.4694067681658,57.23076883992868,90.0,250.5305932318342
26.459999999999525,14.528747416918328,-50.0,184.97379774335494,33.59973571261726,90.0,107.47214231330227,123.59973571261726,90.0,122.47214231330227
26.459999999999525,-12.599999999971487,-50.0,180.0,44.3416694272639,90.0,103.26754726108912,134.3416694272639,90.0,103.26754726108912
26.459999999999525,-12.599999999971487,50.0,180.0,44.3416694272639,90.0,103.26754726108912,45.6583305727361,90.0,256.73245273891087
26.459999999999525,14.528747416918328,50.0,184.97379774335494,33.59973571261726,90.0,107.47214231330227,56.40026428738274,90.0,252.52785768669773
26.479999999999524,14.88172051971155,-50.0,182.5066646713454,34.51199066491143,90.0,105.4438266239495,124.51199066491142,90.0,120.4438266239495
26.479999999999524,-13.799999999971462,-50.0,180.0,44.68377718378617,90.0,103.33819794685375,134.68377718378616,90.0,103.33819794685375
26.479999999999524,-13.799999999971462,50.0,180.0,44.68377718378617,90.0,103.33819794685375,45.31622281621383,90.0,256.66180205314623
26.479999999999524,14.88172051971155,50.0,182.5066646713454,34.51199066491143,90.0,105.4438266239495,55.48800933508857,90.0,254.55617337605048
26.499999999999524,15.0,-50.0,180.00000000005983,35.494767671434786,90.0,103.41529499077502,125.49476767143479,90.0,118.41529499077502
26.499999999999524,-14.999999999971436,-50.0,180.0,45.02205105290328,90.0,103.41529499072507,135.0220510529033,90.0,103.41529499072507
26.499999999999524,-14.999999999971436,50.0,180.0,45.02205105290328,90.0,103.41529499072507,44.97794894709672,90.0,256.5847050092749
26.499999999999524,15.0,50.0,180.00000000005983,35.494767671434786,90.0,103.41529499077502,54.505232328565214,90.0,256.584705009225
26.519999999999524,13.80000000002859,-50.0,180.0,35.915576658994404,90.0,103.33819794685725,125.91557665899441,90.0,118.33819794685725
26.519999999999524,-14.881720519722796,-50.0,182.50666467122667,43.835239618758344,90.00000000000001,105.44382662385269,133.83523961875835,89.99999999999999,105.44382662385269
26.519999999999524,-14.881720519722796,50.0,182.50666467122667,43.835239618758344,90.00000000000001,105.44382662385269,46.164760381241656,90.00000000000001,254.5561733761473
26.519999999999524,13.80000000002859,50.0,180.0,35.915576658994404,90.0,103.33819794685725,54.084423341005596,90.0,256.66180205314276
26.539999999999523,12.600000000028615,-50.0,180.0,36.33332354584338,90.0,103.26754726109232,126.33332354584337,90.0,118.26754726109232
26.539999999999523,-14.528747416940645,-50.0,184.97379774323906,42.58187673394757,90.0,107.47214231320619,132.58187673394758,90.0,107.47214231320619
26.539999999999523,-14.528747416940645,50.0,184.97379774323906,42.58187673394757,90.0,107.47214231320619,47.41812326605243,90.0,252.52785768679382
26.539999999999523,12.600000000028615,50.0,180.0,36.33332354584338,90.0,103.26754726109232,53.66667645415662,90.0,256.7324527389077
26.559999999999523,11.40000000002864,-50.0,180.0,36.7479778789951,90.0,103.20333718862386,126.7479778789951,90.0,118.20333718862386
26.559999999999523,-13.946647288340332,-50.0,187.3624910536378,41.28334782680521,90.0,109.46940676807196,131.2833478268052,90.0,109.46940676807196
26.559999999999523,-13.946647288340332,50.0,187.3624910536378,41.28334782680521,90.0,109.46940676807196,48.71665217319479,90.0,250.53059323192804
26.559999999999523,11.40000000002864,50.0,180.0,36.7479778789951,90.0,103.20333718862386,53.2520221210049,90.0,256.7966628113761
26.579999999999522,10.200000000028666,-50.0,180.0,37.15950877234091,90.0,103.14556255657033,127.1595087723409,90.0,118.14556255657033
26.579999999999522,-13.144600200679646,-50.0,189.6350734819817,39.96210508430811,90.0,111.40348373242675,129.96210508430812,90.0,111.40348373242675
26.579999999999522,-13.144600200679646,50.0,189.6350734819817,39.96210508430811,90.0,111.40348373242675,50.03789491569189,90.0,248.59651626757324
26.579999999999522,10.200000000028666,50.0,180.0,37.15950877234091,90.0,103.14556255657033,52.84049122765909,90.0,256.8544374434297
26.599999999999522,9.000000000028692,-50.0,180.0,37.56788493160948,90.0,103.09421874966002,127.56788493160948,90.0,118.09421874966002
26.599999999999522,-12.135254915650702,-50.0,191.75570504580085,38.64138768645112,90.00000000000001,113.24120616827406,128.6413876864511,89.99999999999999,113.24120616827406
26.599999999999522,-12.135254915650702,50.0,191.75570504580085,38.64138768645112,90.00000000000001,113.24120616827406,51.35861231354888,90.00000000000001,246.75879383172594
26.599999999999522,9.000000000028692,50.0,180.0,37.56788493160948,90.0,103.09421874966002,52.43211506839052,90.0,256.90578125034
26.61999999999952,7.800000000028717,-50.0,180.0,37.97307467870089,90.0,103.04930169740817,127.9730746787009,90.0,118.04930169740817
26.61999999999952,-10.934529411352054,-50.0,193.69094211852993,37.34488387342251,90.0,114.94881982564574,127.3448838734225,90.0,114.94881982564574
26.61999999999952,-10.934529411352054,50.0,193.69094211852993,37.34488387342251,90.0,114.94881982564574,52.65511612657749,90.0,245.05118017435427
26.61999999999952,7.800000000028717,50.0,180.0,37.97307467870089,90.0,103.04930169740817,52.02692532129911,90.0,256.95069830259183
26.63999999999952,6.600000000028743,-50.0,180.0,38.37504597539732,90.0,103.01080786276925,128.3750459753973,90.0,118.01080786276925
26.63999999999952,-9.561359846265134,-50.0,195.4102648554774,36.096306087521235,90.0,116.49264966421691,126.09630608752124,90.0,116.49264966421691
26.63999999999952,-9.561359846265134,50.0,195.4102648554774,36.096306087521235,90.0,116.49264966421691,53.903693912478765,90.0,243.5073503357831
26.63999999999952,6.600000000028743,50.0,180.0,38.37504597539732,90.0,103.01080786276925,51.62495402460268,90.0,256.98919213723076
26.65999999999952,5.4000000000287685,-50.0,180.0,38.77376644643661,90.0,102.97873423224593,128.7737664464366,90.0,117.97873423224593
26.65999999999952,-8.037401924723104,-50.0,196.886558510008,34.91885817295677,90.0,117.84002214418344,124.91885817295676,90.0,117.84002214418344
26.65999999999952,-8.037401924723104,50.0,196.886558510008,34.91885817295677,90.0,117.84002214418344,55.08114182704323,90.0,242.15997785581658
26.65999999999952,5.4000000000287685,50.0,180.0,38.77376644643661,90.0,102.97873423224593,51.22623355356339,90.0,257.0212657677541
26.67999999999952,4.200000000028794,-50.0,180.0,39.16920340193324,90.0,102.9530783074396,129.16920340193323,90.0,117.9530783074396
26.67999999999952,-6.386689373517015,-50.0,198.0965410492947,33.834590987765836,90.0,118.96044239845642,123.83459098776584,90.0,118.96044239845642
26.67999999999952,-6.386689373517015,50.0,198.0965410492947,33.834590987765836,90.0,118.96044239845642,56.165409012234164,90.0,241.03955760154358
26.67999999999952,4.200000000028794,50.0,180.0,39.16920340193324,90.0,102.9530783074396,50.83079659806676,90.0,257.04692169256043
26.69999999999952,3.0000000000288196,-50.0,180.0,39.561323859129814,90.0,102.9338380980288,129.5613238591298,90.0,117.9338380980288
26.69999999999952,-4.635254915667266,-50.0,199.02113032588443,32.86367004228865,90.00000000000001,119.82697291843498,122.86367004228865,89.99999999999999,119.82697291843498
26.69999999999952,-4.635254915667266,50.0,199.02113032588443,32.86367004228865,90.00000000000001,119.82697291843498,57.13632995771135,90.00000000000001,240.173027081565
26.69999999999952,3.0000000000288196,50.0,180.0,39.561323859129814,90.0,102.9338380980288,50.438676140870186,90.0,257.0661619019712
26.71999999999952,1.8000000000288452,-50.0,180.0,39.95009456346052,90.0,102.92101211616507,129.9500945634605,90.0,117.92101211616507
26.71999999999952,-2.810719718830379,-50.0,199.64574501456246,32.02361220894196,90.0,120.41769652197593,122.02361220894196,90.0,120.41769652197593
26.71999999999952,-2.810719718830379,50.0,199.64574501456246,32.02361220894196,90.0,120.41769652197593,57.97638779105804,90.0,239.58230347802407
26.71999999999952,1.8000000000288452,50.0,180.0,39.95009456346052,90.0,102.92101211616507,50.04990543653948,90.0,257.07898788383494
26.73999999999952,0.6000000000288708,-50.0,180.0,40.33548200890717,90.0,102.91459937227702,130.33548200890718,90.0,117.91459937227702
26.73999999999952,-0.9418577929849637,-50.0,199.96053456856163,31.328579304908896,90.0,120.71708781728333,121.3285793049089,90.0,120.71708781728333
26.73999999999952,-0.9418577929849637,50.0,199.96053456856163,31.328579304908896,90.0,120.71708781728333,58.6714206950911,90.0,239.28291218271667
26.73999999999952,0.6000000000288708,50.0,180.0,40.33548200890717,90.0,102.91459937227702,49.66451799109283,90.0,257.08540062772295
26.75999999999952,-0.5999999999711036,-50.0,180.0,40.717452457626614,90.0,102.91459937227688,130.71745245762662,90.0,117.91459937227688
26.75999999999952,0.9418577928944002,-50.0,199.96053456856924,30.788832024567267,90.0,120.71708781729058,120.78883202456727,90.0,120.71708781729058
26.75999999999952,0.9418577928944002,50.0,199.96053456856924,30.788832024567267,90.0,120.71708781729058,59.21116797543273,90.0,239.28291218270942
26.75999999999952,-0.5999999999711036,50.0,180.0,40.717452457626614,90.0,102.91459937227688,49.282547542373386,90.0,257.0854006277231
26.779999999999518,-1.799999999971078,-50.0,180.0,41.09597195882772,90.0,102.9210121161646,131.0959719588277,90.0,117.9210121161646
26.779999999999518,2.8107197187412436,-50.0,199.64574501458512,30.410437445563772,90.0,120.41769652199743,120.41043744556377,90.0,120.41769652199743
26.779999999999518,2.8107197187412436,50.0,199.64574501458512,30.410437445563772,90.0,120.41769652199743,59.58956255443623,90.0,239.5823034780026
26.779999999999518,-1.799999999971078,50.0,180.0,41.09597195882772,90.0,102.9210121161646,48.90402804117228,90.0,257.0789878838354
26.799999999999518,-2.9999999999710525,-50.0,180.0,41.47100636687456,90.0,102.93383809802802,131.47100636687458,90.0,117.93383809802802
26.799999999999518,4.6352549155809655,-50.0,199.0211303259218,30.195284643887184,90.0,119.82697291847016,120.19528464388719,90.0,119.82697291847016
26.799999999999518,4.6352549155809655,50.0,199.0211303259218,30.195284643887184,90.0,119.82697291847016,59.804715356112816,90.0,240.17302708152982
26.799999999999518,-2.9999999999710525,50.0,180.0,41.47100636687456,90.0,102.93383809802802,48.52899363312544,90.0,257.066161901972
26.819999999999517,-4.199999999971027,-50.0,180.0,41.842521358591995,90.0,102.9530783074385,131.842521358592,90.0,117.9530783074385
26.819999999999517,6.386689373434912,-50.0,198.09654104934623,30.14140547158399,90.0,118.96044239850447,120.141405471584,90.0,118.96044239850447
26.819999999999517,6.386689373434912,50.0,198.09654104934623,30.14140547158399,90.0,118.96044239850447,59.858594528416006,90.0,241.03955760149552
26.819999999999517,-4.199999999971027,50.0,180.0,41.842521358591995,90.0,102.9530783074385,48.157478641408005,90.0,257.0469216925615
26.839999999999517,-5.399999999971001,-50.0,180.0,42.21048244974819,90.0,102.97873423224453,132.21048244974818,90.0,117.97873423224453
26.839999999999517,8.037401924646487,-50.0,196.88655851007286,30.243539977411647,90.0,117.84002214424308,120.24353997741164,90.0,117.84002214424308
26.839999999999517,8.037401924646487,50.0,196.88655851007286,30.243539977411647,90.0,117.84002214424308,59.75646002258836,90.0,242.15997785575692
26.839999999999517,-5.399999999971001,50.0,180.0,42.21048244974819,90.0,102.97873423224453,47.78951755025181,90.0,257.0212657677555
26.859999999999516,-6.599999999970976,-50.0,180.0,42.57485501068849,90.0,103.01080786276756,132.57485501068848,90.0,118.01080786276756
26.859999999999516,9.561359846195218,-50.0,195.41026485555454,30.49384699906911,90.0,116.49264966428673,120.4938469990691,90.0,116.49264966428673
26.859999999999516,9.561359846195218,50.0,195.41026485555454,30.49384699906911,90.0,116.49264966428673,59.506153000930894,90.0,243.50735033571328
26.859999999999516,-6.599999999970976,50.0,180.0,42.57485501068849,90.0,103.01080786276756,47.42514498931151,90.0,256.9891921372324
26.879999999999516,-7.79999999997095,-50.0,180.0,42.93560428109351,90.0,103.04930169740616,132.9356042810935,90.0,118.04930169740616
26.879999999999516,10.934529411289933,-50.0,193.69094211861812,30.882649805523645,90.0,114.94881982572427,120.88264980552364,90.0,114.94881982572427
26.879999999999516,10.934529411289933,50.0,193.69094211861812,30.882649805523645,90.0,114.94881982572427,59.11735019447636,90.0,245.05118017427571
26.879999999999516,-7.79999999997095,50.0,180.0,42.93560428109351,90.0,103.04930169740616,47.06439571890649,90.0,256.9506983025938
26.899999999999515,-8.999999999970925,-50.0,180.0,43.29269538383409,90.0,103.09421874965768,133.2926953838341,90.0,118.09421874965768
26.899999999999515,12.135254915597367,-50.0,191.75570504589874,31.399121880291123,90.0,113.24120616835968,121.39912188029112,90.0,113.24120616835968
26.899999999999515,12.135254915597367,50.0,191.75570504589874,31.399121880291123,90.0,113.24120616835968,58.60087811970888,90.0,246.75879383164033
26.899999999999515,-8.999999999970925,50.0,180.0,43.29269538383409,90.0,103.09421874965768,46.70730461616591,90.0,256.90578125034233
26.919999999999515,-10.199999999970899,-50.0,180.0,43.64609333789456,90.0,103.1455625565677,133.64609333789457,90.0,118.1455625565677
26.919999999999515,13.14460020063593,-50.0,189.63507348208773,32.03184827321869,90.0,111.4034837325178,122.03184827321869,90.0,111.4034837325178
26.919999999999515,13.14460020063593,50.0,189.63507348208773,32.03184827321869,90.0,111.4034837325178,57.96815172678131,90.0,248.5965162674822
26.919999999999515,-10.199999999970899,50.0,180.0,43.64609333789456,90.0,103.1455625565677,46.35390666210544,90.0,256.8544374434323
26.939999999999515,-11.399999999970873,-50.0,180.0,43.99576307033516,90.0,103.20333718862094,133.99576307033516,90.0,118.20333718862094
26.939999999999515,13.946647288306929,-50.0,187.3624910537503,32.769231160070895,90.0,109.46940676816686,122.76923116007089,90.0,109.46940676816686
26.939999999999515,13.946647288306929,50.0,187.3624910537503,32.769231160070895,90.0,109.46940676816686,57.230768839929105,90.0,250.53059323183314
26.939999999999515,-11.399999999970873,50.0,180.0,43.99576307033516,90.0,103.20333718862094,46.00423692966484,90.0,256.79666281137906
26.959999999999514,-12.599999999970848,-50.0,180.0,44.34166942726371,90.0,103.26754726108908,134.3416694272637,90.0,118.26754726108908
26.959999999999514,14.528747416918076,-50.0,184.97379774335624,33.5997357126168,90.0,107.47214231330334,123.59973571261679,90.0,107.47214231330334
26.959999999999514,14.528747416918076,50.0,184.97379774335624,33.5997357126168,90.0,107.47214231330334,56.4002642873832,90.0,252.52785768669668
26.959999999999514,-12.599999999970848,50.0,180.0,44.34166942726371,90.0,103.26754726108908,45.65833057273629,90.0,256.7324527389109
26.979999999999514,-13.799999999970822,-50.0,180.0,44.68377718378599,90.0,103.33819794685371,134.683777183786,90.0,118.33819794685371
26.979999999999514,14.881720519711422,-50.0,182.50666467134673,34.51199066491093,90.0,105.44382662395057,124.51199066491094,90.0,105.44382662395057
26.979999999999514,14.881720519711422,50.0,182.50666467134673,34.51199066491093,90.0,105.44382662395057,55.48800933508907,90.0,254.55617337604943
26.979999999999514,-13.799999999970822,50.0,180.0,44.68377718378599,90.0,103.33819794685371,45.31622281621401,90.0,256.6618020531463
26.999999999999513,-14.999999999970797,-50.0,180.0,45.0220510529031,90.0,103.41529499072503,135.0220510529031,90.0,118.41529499072503
26.999999999999513,15.0,-50.0,180.00000000006116,35.49476767143425,90.00000000000001,103.41529499077612,125.49476767143426,89.99999999999999,103.41529499077612
26.999999999999513,15.0,50.0,180.00000000006116,35.49476767143425,90.00000000000001,103.41529499077612,54.50523232856575,90.00000000000001,256.58470500922385
26.999999999999513,-14.999999999970797,50.0,180.0,45.0220510529031,90.0,103.41529499072503,44.9779489470969,90.0,256.58470500927496
27.019999999999513,-14.881720519722922,-50.0,182.50666467122534,43.835239618759005,90.0,105.44382662385159,133.835239618759,90.0,120.44382662385159
27.019999999999513,13.800000000029229,-50.0,180.0,35.915576658994176,90.0,103.3381979468573,125.91557665899418,90.0,103.3381979468573
27.019999999999513,13.800000000029229,50.0,180.0,35.915576658994176,90.0,103.3381979468573,54.084423341005824,90.0,256.6618020531427
27.019999999999513,-14.881720519722922,50.0,182.50666467122534,43.835239618759005,90.0,105.44382662385159,46.164760381240995,90.0,254.55617337614842
27.039999999999512,-14.528747416940895,-50.0,184.97379774323775,42.58187673394825,90.0,107.47214231320513,132.58187673394826,90.0,122.47214231320513
27.039999999999512,12.600000000029254,-50.0,180.0,36.33332354584314,90.0,103.26754726109236,126.33332354584314,90.0,103.26754726109236
27.039999999999512,12.600000000029254,50.0,180.0,36.33332354584314,90.0,103.26754726109236,53.66667645415686,90.0,256.7324527389076
27.039999999999512,-14.528747416940895,50.0,184.97379774323775,42.58187673394825,90.0,107.47214231320513,47.41812326605175,90.0,252.52785768679487
27.059999999999512,-13.946647288340701,-50.0,187.36249105363655,41.28334782680591,90.0,109.46940676807091,131.2833478268059,90.0,124.46940676807091
27.059999999999512,11.40000000002928,-50.0,180.0,36.74797787899489,90.0,103.20333718862389,126.74797787899489,90.0,103.20333718862389
27.059999999999512,11.40000000002928,50.0,180.0,36.74797787899489,90.0,103.20333718862389,53.25202212100511,90.0,256.7966628113761
27.059999999999512,-13.946647288340701,50.0,187.36249105363655,41.28334782680591,90.0,109.46940676807091,48.71665217319409,90.0,250.5305932319291
27.07999999999951,-13.14460020068013,-50.0,189.63507348198053,39.9621050843088,90.0,111.40348373242574,129.9621050843088,90.0,126.40348373242574
27.07999999999951,10.200000000029306,-50.0,180.0,37.159508772340686,90.0,103.14556255657035,127.15950877234069,90.0,103.14556255657035
27.07999999999951,10.200000000029306,50.0,180.0,37.159508772340686,90.0,103.14556255657035,52.840491227659314,90.0,256.8544374434297
27.07999999999951,-13.14460020068013,50.0,189.63507348198053,39.9621050843088,90.0,111.40348373242574,50.0378949156912,90.0,248.59651626757426
27.09999999999951,-12.135254915651293,-50.0,191.75570504579977,38.6413876864518,90.0,113.24120616827314,128.6413876864518,90.0,128.24120616827315
27.09999999999951,9.000000000029331,-50.0,180.0,37.567884931609264,90.0,103.09421874966004,127.56788493160926,90.0,103.09421874966004
27.09999999999951,9.000000000029331,50.0,180.0,37.567884931609264,90.0,103.09421874966004,52.432115068390736,90.0,256.90578125033994
27.09999999999951,-12.135254915651293,50.0,191.75570504579977,38.6413876864518,90.0,113.24120616827314,51.3586123135482,90.0,246.75879383172685
27.11999999999951,-10.93452941135274,-50.0,193.69094211852894,37.3448838734232,90.0,114.94881982564486,127.3448838734232,90.0,129.94881982564488
27.11999999999951,7.800000000029357,-50.0,180.0,37.973074678700684,90.0,103.0493016974082,127.97307467870068,90.0,103.0493016974082
27.11999999999951,7.800000000029357,50.0,180.0,37.973074678700684,90.0,103.0493016974082,52.026925321299316,90.0,256.95069830259183
27.11999999999951,-10.93452941135274,50.0,193.69094211852894,37.3448838734232,90.0,114.94881982564486,52.6551161265768,90.0,245.05118017435512
27.13999999999951,-9.56135984626591,-50.0,195.41026485547656,36.0963060875219,90.00000000000001,116.49264966421609,126.0963060875219,89.99999999999999,131.4926496642161
27.13999999999951,6.600000000029382,-50.0,180.0,38.37504597539711,90.0,103.01080786276927,128.37504597539711,90.0,103.01080786276927
27.13999999999951,6.600000000029382,50.0,180.0,38.37504597539711,90.0,103.01080786276927,51.62495402460289,90.0,256.9891921372307
27.13999999999951,-9.56135984626591,50.0,195.41026485547656,36.0963060875219,90.00000000000001,116.49264966421609,53.9036939124781,90.00000000000001,243.5073503357839
27.15999999999951,-8.037401924723953,-50.0,196.8865585100073,34.91885817295737,90.0,117.84002214418277,124.91885817295737,90.0,132.84002214418277
27.15999999999951,5.400000000029408,-50.0,180.0,38.77376644643639,90.0,102.97873423224596,128.77376644643638,90.0,102.97873423224596
27.15999999999951,5.400000000029408,50.0,180.0,38.77376644643639,90.0,102.97873423224596,51.22623355356361,90.0,257.021265767754
27.15999999999951,-8.037401924723953,50.0,196.8865585100073,34.91885817295737,90.0,117.84002214418277,55.08114182704263,90.0,242.15997785581723
27.17999999999951,-6.3866893735179255,-50.0,198.09654104929413,33.8345909877664,90.0,118.96044239845587,123.8345909877664,90.0,133.96044239845588
27.17999999999951,4.2000000000294335,-50.0,180.0,39.16920340193303,90.0,102.9530783074396,129.16920340193303,90.0,102.9530783074396
27.17999999999951,4.2000000000294335,50.0,180.0,39.16920340193303,90.0,102.9530783074396,50.83079659806697,90.0,257.04692169256043
27.17999999999951,-6.3866893735179255,50.0,198.09654104929413,33.8345909877664,90.0,118.96044239845587,56.1654090122336,90.0,241.03955760154412
27.19999999999951,-4.63525491566822,-50.0,199.021130325884,32.86367004228916,90.0,119.82697291843456,122.86367004228916,90.0,134.82697291843456
27.19999999999951,3.000000000029459,-50.0,180.0,39.56132385912961,90.0,102.9338380980288,129.5613238591296,90.0,102.9338380980288
27.19999999999951,3.000000000029459,50.0,180.0,39.56132385912961,90.0,102.9338380980288,50.43867614087039,90.0,257.0661619019712
27.19999999999951,-4.63525491566822,50.0,199.021130325884,32.86367004228916,90.0,119.82697291843456,57.13632995771084,90.0,240.17302708156544
27.21999999999951,-2.8107197188313635,-50.0,199.6457450145622,32.023612208942374,90.0,120.41769652197567,122.02361220894238,90.0,135.41769652197567
27.21999999999951,1.8000000000294847,-50.0,180.0,39.95009456346031,90.0,102.92101211616507,129.9500945634603,90.0,102.92101211616507
27.21999999999951,1.8000000000294847,50.0,180.0,39.95009456346031,90.0,102.92101211616507,50.04990543653969,90.0,257.07898788383494
27.21999999999951,-2.8107197188313635,50.0,199.6457450145622,32.023612208942374,90.0,120.41769652197567,57.976387791057626,90.0,239.58230347802433
27.239999999999508,-0.9418577929859642,-50.0,199.96053456856154,31.328579304909233,90.0,120.71708781728323,121.32857930490923,90.0,135.71708781728324
27.239999999999508,0.6000000000295103,-50.0,180.0,40.33548200890695,90.0,102.91459937227704,130.33548200890695,90.0,102.91459937227704
27.239999999999508,0.6000000000295103,50.0,180.0,40.33548200890695,90.0,102.91459937227704,49.66451799109305,90.0,257.08540062772295
27.239999999999508,-0.9418577929859642,50.0,199.96053456856154,31.328579304909233,90.0,120.71708781728323,58.67142069509077,90.0,239.28291218271676
27.259999999999508,0.9418577928933964,-50.0,199.9605345685693,30.78883202456752,90.0,120.71708781729063,120.78883202456751,90.0,135.71708781729063
27.259999999999508,-0.5999999999704642,-50.0,180.0,40.717452457626415,90.0,102.91459937227688,130.71745245762642,90.0,102.91459937227688
27.259999999999508,-0.5999999999704642,50.0,180.0,40.717452457626415,90.0,102.91459937227688,49.282547542373585,90.0,257.0854006277231
27.259999999999508,0.9418577928933964,50.0,199.9605345685693,30.78883202456752,90.0,120.71708781729063,59.21116797543248,90.0,239.28291218270937
27.279999999999507,2.8107197187402555,-50.0,199.64574501458537,30.410437445563947,90.00000000000001,120.41769652199766,120.41043744556394,89.99999999999999,135.41769652199764
27.279999999999507,-1.7999999999704386,-50.0,180.0,41.09597195882751,90.0,102.9210121161646,131.0959719588275,90.0,102.9210121161646
27.279999999999507,-1.7999999999704386,50.0,180.0,41.09597195882751,90.0,102.9210121161646,48.90402804117249,90.0,257.0789878838354
27.279999999999507,2.8107197187402555,50.0,199.64574501458537,30.410437445563947,90.00000000000001,120.41769652199766,59.58956255443606,90.00000000000001,239.58230347800236
27.299999999999507,4.635254915580009,-50.0,199.02113032592223,30.195284643887224,90.00000000000001,119.82697291847059,120.19528464388722,89.99999999999999,134.82697291847057
27.299999999999507,-2.999999999970413,-50.0,180.0,41.47100636687437,90.0,102.933838098028,131.47100636687438,90.0,102.933838098028
27.299999999999507,-2.999999999970413,50.0,180.0,41.47100636687437,90.0,102.933838098028,48.52899363312563,90.0,257.066161901972
27.299999999999507,4.635254915580009,50.0,199.02113032592223,30.195284643887224,90.00000000000001,119.82697291847059,59.80471535611278,90.00000000000001,240.17302708152943
27.319999999999506,6.386689373434002,-50.0,198.0965410493468,30.141405471583962,90.0,118.96044239850502,120.14140547158397,90.0,133.96044239850502
27.319999999999506,-4.199999999970387,-50.0,180.0,41.84252135859179,90.0,102.9530783074385,131.8425213585918,90.0,102.9530783074385
27.319999999999506,-4.199999999970387,50.0,180.0,41.84252135859179,90.0,102.9530783074385,48.15747864140821,90.0,257.0469216925615
27.319999999999506,6.386689373434002,50.0,198.0965410493468,30.141405471583962,90.0,118.96044239850502,59.858594528416035,90.0,241.03955760149498
27.339999999999506,8.037401924645637,-50.0,196.88655851007357,30.243539977411558,90.00000000000001,117.84002214424373,120.24353997741156,89.99999999999999,132.84002214424373
27.339999999999506,-5.399999999970362,-50.0,180.0,42.21048244974801,90.0,102.9787342322445,132.210482449748,90.0,102.9787342322445
27.339999999999506,-5.399999999970362,50.0,180.0,42.21048244974801,90.0,102.9787342322445,47.78951755025199,90.0,257.0212657677555
27.339999999999506,8.037401924645637,50.0,196.88655851007357,30.243539977411558,90.00000000000001,117.84002214424373,59.75646002258844,90.00000000000001,242.15997785575627
27.359999999999506,9.561359846194444,-50.0,195.4102648555554,30.49384699906894,90.0,116.49264966428751,120.49384699906894,90.0,131.4926496642875
27.359999999999506,-6.599999999970336,-50.0,180.0,42.5748550106883,90.0,103.01080786276754,132.5748550106883,90.0,103.01080786276754
27.359999999999506,-6.599999999970336,50.0,180.0,42.5748550106883,90.0,103.01080786276754,47.4251449893117,90.0,256.98919213723246
27.359999999999506,9.561359846194444,50.0,195.4102648555554,30.49384699906894,90.0,116.49264966428751,59.506153000931064,90.0,243.5073503357125
27.379999999999505,10.934529411289246,-50.0,193.6909421186191,30.882649805523403,90.0,114.94881982572514,120.8826498055234,90.0,129.94881982572514
27.379999999999505,-7.799999999970311,-50.0,180.0,42.935604281093305,90.0,103.04930169740616,132.9356042810933,90.0,103.04930169740616
27.379999999999505,-7.799999999970311,50.0,180.0,42.935604281093305,90.0,103.04930169740616,47.064395718906695,90.0,256.9506983025938
27.379999999999505,10.934529411289246,50.0,193.6909421186191,30.882649805523403,90.0,114.94881982572514,59.1173501944766,90.0,245.05118017427486
27.399999999999505,12.135254915596775,-50.0,191.75570504589982,31.399121880290817,90.0,113.24120616836063,121.39912188029082,90.0,128.24120616836063
27.399999999999505,-8.999999999970285,-50.0,180.0,43.2926953838339,90.0,103.09421874965767,133.29269538383392,90.0,103.09421874965767
27.399999999999505,-8.999999999970285,50.0,180.0,43.2926953838339,90.0,103.09421874965767,46.7073046161661,90.0,256.90578125034233
27.399999999999505,12.135254915596775,50.0,191.75570504589982,31.399121880290817,90.0,113.24120616836063,58.60087811970918,90.0,246.75879383163937
27.419999999999504,13.144600200635448,-50.0,189.6350734820889,32.03184827321832,90.0,111.40348373251881,122.03184827321832,90.0,126.40348373251881
27.419999999999504,-10.19999999997026,-50.0,180.0,43.64609333789438,90.0,103.14556255656767,133.64609333789437,90.0,103.14556255656767
27.419999999999504,-10.19999999997026,50.0,180.0,43.64609333789438,90.0,103.14556255656767,46.35390666210562,90.0,256.85443744343235
27.419999999999504,13.144600200635448,50.0,189.6350734820889,32.03184827321832,90.0,111.40348373251881,57.96815172678168,90.0,248.5965162674812
27.439999999999504,13.946647288306558,-50.0,187.3624910537515,32.7692311600705,90.0,109.4694067681679,122.76923116007049,90.0,124.4694067681679
27.439999999999504,-11.399999999970234,-50.0,180.0,43.99576307033497,90.0,103.2033371886209,133.99576307033496,90.0,103.2033371886209
27.439999999999504,-11.399999999970234,50.0,180.0,43.99576307033497,90.0,103.2033371886209,46.00423692966503,90.0,256.79666281137906
27.439999999999504,13.946647288306558,50.0,187.3624910537515,32.7692311600705,90.0,109.4694067681679,57.2307688399295,90.0,250.53059323183209
27.459999999999503,14.52874741691783,-50.0,184.97379774335752,33.59973571261634,90.0,107.4721423133044,123.59973571261634,90.0,122.4721423133044
27.459999999999503,-12.599999999970208,-50.0,180.0,44.341669427263525,90.0,103.26754726108905,134.34166942726353,90.0,103.26754726108905
27.459999999999503,-12.599999999970208,50.0,180.0,44.341669427263525,90.0,103.26754726108905,45.658330572736475,90.0,256.732452738911
27.459999999999503,14.52874741691783,50.0,184.97379774335752,33.59973571261634,90.0,107.4721423133044,56.40026428738366,90.0,252.5278576866956
27.479999999999503,14.881720519711296,-50.0,182.50666467134803,34.51199066491041,90.0,105.44382662395168,124.5119906649104,90.0,120.44382662395168
27.479999999999503,-13.799999999970183,-50.0,180.0,44.68377718378582,90.0,103.33819794685367,134.68377718378582,90.0,103.33819794685367
27.479999999999503,-13.799999999970183,50.0,180.0,44.68377718378582,90.0,103.33819794685367,45.31622281621418,90.0,256.66180205314635
27.479999999999503,14.881720519711296,50.0,182.50666467134803,34.51199066491041,90.0,105.44382662395168,55.48800933508959,90.0,254.55617337604832
27.499999999999503,15.0,-50.0,180.0000000000625,35.494767671433706,90.0,103.41529499077718,125.4947676714337,90.0,118.41529499077718
27.499999999999503,-14.999999999970157,-50.0,180.0,45.022051052902924,90.0,103.41529499072499,135.02205105290292,90.0,103.41529499072499
27.499999999999503,-14.999999999970157,50.0,180.0,45.022051052902924,90.0,103.41529499072499,44.977948947097076,90.0,256.584705009275
27.499999999999503,15.0,50.0,180.0000000000625,35.494767671433706,90.0,103.41529499077718,54.505232328566294,90.0,256.58470500922283
27.519999999999502,13.800000000029868,-50.0,180.0,35.91557665899394,90.0,103.33819794685735,125.91557665899394,90.0,118.33819794685735
27.519999999999502,-14.881720519723048,-50.0,182.50666467122403,43.83523961875964,90.0,105.44382662385055,133.83523961875963,90.0,105.44382662385055
27.519999999999502,-14.881720519723048,50.0,182.50666467122403,43.83523961875964,90.0,105.44382662385055,46.16476038124036,90.0,254.55617337614945
27.519999999999502,13.800000000029868,50.0,180.0,35.91557665899394,90.0,103.33819794685735,54.08442334100606,90.0,256.66180205314265
27.5399999999995,12.600000000029894,-50.0,180.0,36.33332354584294,90.0,103.26754726109239,126.33332354584294,90.0,118.26754726109239
27.5399999999995,-14.528747416941146,-50.0,184.97379774323645,42.58187673394894,90.00000000000001,107.47214231320402,132.58187673394895,89.99999999999999,107.47214231320402
27.5399999999995,-14.528747416941146,50.0,184.97379774323645,42.58187673394894,90.00000000000001,107.47214231320402,47.41812326605106,90.00000000000001,252.52785768679598
27.5399999999995,12.600000000029894,50.0,180.0,36.33332354584294,90.0,103.26754726109239,53.66667645415706,90.0,256.7324527389076
27.5599999999995,11.40000000002992,-50.0,180.0,36.74797787899466,90.0,103.20333718862392,126.74797787899466,90.0,118.20333718862392
27.5599999999995,-13.94664728834107,-50.0,187.3624910536353,41.28334782680661,90.0,109.46940676806985,131.28334782680662,90.0,109.46940676806985
27.5599999999995,-13.94664728834107,50.0,187.3624910536353,41.28334782680661,90.0,109.46940676806985,48.71665217319339,90.0,250.53059323193014
27.5599999999995,11.40000000002992,50.0,180.0,36.74797787899466,90.0,103.20333718862392,53.25202212100534,90.0,256.7966628113761
27.5799999999995,10.200000000029945,-50.0,180.0,37.159508772340466,90.0,103.1455625565704,127.15950877234047,90.0,118.1455625565704
27.5799999999995,-13.144600200680616,-50.0,189.63507348197933,39.962105084309535,90.0,111.40348373242469,129.96210508430954,90.0,111.40348373242469
27.5799999999995,-13.144600200680616,50.0,189.63507348197933,39.962105084309535,90.0,111.40348373242469,50.037894915690465,90.0,248.5965162675753
27.5799999999995,10.200000000029945,50.0,180.0,37.159508772340466,90.0,103.1455625565704,52.840491227659534,90.0,256.8544374434296
27.5999999999995,9.00000000002997,-50.0,180.0,37.56788493160905,90.0,103.09421874966006,127.56788493160906,90.0,118.09421874966006
27.5999999999995,-12.135254915651883,-50.0,191.7557050457987,38.641387686452504,90.0,113.24120616827217,128.6413876864525,90.0,113.24120616827217
27.5999999999995,-12.135254915651883,50.0,191.7557050457987,38.641387686452504,90.0,113.24120616827217,51.358612313547496,90.0,246.75879383172781
27.5999999999995,9.00000000002997,50.0,180.0,37.56788493160905,90.0,103.09421874966006,52.43211506839095,90.0,256.90578125033994
27.6199999999995,7.800000000029996,-50.0,180.0,37.97307467870047,90.0,103.04930169740821,127.97307467870047,90.0,118.04930169740821
27.6199999999995,-10.934529411353427,-50.0,193.69094211852797,37.344883873423875,90.0,114.948819825644,127.34488387342387,90.0,114.948819825644
27.6199999999995,-10.934529411353427,50.0,193.69094211852797,37.344883873423875,90.0,114.948819825644,52.655116126576125,90.0,245.051180174356
27.6199999999995,7.800000000029996,50.0,180.0,37.97307467870047,90.0,103.04930169740821,52.02692532129953,90.0,256.9506983025918
27.6399999999995,6.600000000030022,-50.0,180.0,38.3750459753969,90.0,103.01080786276928,128.37504597539692,90.0,118.01080786276928
27.6399999999995,-9.561359846266683,-50.0,195.4102648554757,36.09630608752256,90.0,116.49264966421534,126.09630608752255,90.0,116.49264966421534
27.6399999999995,-9.561359846266683,50.0,195.4102648554757,36.09630608752256,90.0,116.49264966421534,53.90369391247744,90.0,243.50735033578468
27.6399999999995,6.600000000030022,50.0,180.0,38.3750459753969,90.0,103.01080786276928,51.6249540246031,90.0,256.9891921372307
27.6599999999995,5.400000000030047,-50.0,180.0,38.77376644643619,90.0,102.97873423224596,128.77376644643618,90.0,117.97873423224596
27.6599999999995,-8.037401924724799,-50.0,196.88655851000658,34.918858172957975,90.0,117.84002214418211,124.91885817295798,90.0,117.84002214418211
27.6599999999995,-8.037401924724799,50.0,196.88655851000658,34.918858172957975,90.0,117.84002214418211,55.081141827042025,90.0,242.15997785581789
27.6599999999995,5.400000000030047,50.0,180.0,38.77376644643619,90.0,102.97873423224596,51.22623355356381,90.0,257.021265767754
27.6799999999995,4.200000000030073,-50.0,180.0,39.169203401932826,90.0,102.95307830743963,129.16920340193283,90.0,117.95307830743963
27.6799999999995,-6.386689373518832,-50.0,198.09654104929356,33.834590987766916,90.0,118.96044239845538,123.83459098776692,90.0,118.96044239845538
27.6799999999995,-6.386689373518832,50.0,198.09654104929356,33.834590987766916,90.0,118.96044239845538,56.165409012233084,90.0,241.03955760154463
27.6799999999995,4.200000000030073,50.0,180.0,39.169203401932826,90.0,102.95307830743963,50.830796598067174,90.0,257.0469216925604
27.6999999999995,3.0000000000300986,-50.0,180.0,39.561323859129395,90.0,102.93383809802883,129.5613238591294,90.0,117.93383809802883
27.6999999999995,-4.635254915669177,-50.0,199.02113032588358,32.863670042289655,90.0,119.82697291843415,122.86367004228966,90.0,119.82697291843415
27.6999999999995,-4.635254915669177,50.0,199.02113032588358,32.863670042289655,90.0,119.82697291843415,57.136329957710345,90.0,240.17302708156586
27.6999999999995,3.0000000000300986,50.0,180.0,39.561323859129395,90.0,102.93383809802883,50.438676140870605,90.0,257.06616190197116
27.719999999999498,1.8000000000301242,-50.0,180.0,39.950094563460105,90.0,102.92101211616507,129.9500945634601,90.0,117.92101211616507
27.719999999999498,-2.8107197188323516,-50.0,199.64574501456195,32.0236122089428,90.0,120.4176965219754,122.02361220894281,90.0,120.4176965219754
27.719999999999498,-2.8107197188323516,50.0,199.64574501456195,32.0236122089428,90.0,120.4176965219754,57.9763877910572,90.0,239.58230347802458
27.719999999999498,1.8000000000301242,50.0,180.0,39.950094563460105,90.0,102.92101211616507,50.049905436539895,90.0,257.07898788383494
27.739999999999498,0.6000000000301497,-50.0,180.0,40.33548200890675,90.0,102.91459937227704,130.33548200890675,90.0,117.91459937227704
27.739999999999498,-0.9418577929869683,-50.0,199.96053456856146,31.328579304909564,90.0,120.71708781728314,121.32857930490957,90.0,120.71708781728314
27.739999999999498,-0.9418577929869683,50.0,199.96053456856146,31.328579304909564,90.0,120.71708781728314,58.67142069509043,90.0,239.28291218271687
27.739999999999498,0.6000000000301497,50.0,180.0,40.33548200890675,90.0,102.91459937227704,49.66451799109325,90.0,257.08540062772295
27.759999999999497,-0.5999999999698247,-50.0,180.0,40.71745245762621,90.0,102.91459937227688,130.71745245762622,90.0,117.91459937227688
27.759999999999497,0.9418577928923924,-50.0,199.96053456856941,30.78883202456776,90.00000000000001,120.71708781729073,120.78883202456777,89.99999999999999,120.71708781729073
27.759999999999497,0.9418577928923924,50.0,199.96053456856941,30.78883202456776,90.00000000000001,120.71708781729073,59.21116797543224,90.00000000000001,239.28291218270925
27.759999999999497,-0.5999999999698247,50.0,180.0,40.71745245762621,90.0,102.91459937227688,49.28254754237379,90.0,257.0854006277231
27.779999999999497,-1.799999999969799,-50.0,180.0,41.095971958827306,90.0,102.9210121161646,131.0959719588273,90.0,117.9210121161646
27.779999999999497,2.8107197187392705,-50.0,199.64574501458563,30.410437445564092,90.0,120.41769652199791,120.4104374455641,90.0,120.41769652199791
27.779999999999497,2.8107197187392705,50.0,199.64574501458563,30.410437445564092,90.0,120.41769652199791,59.58956255443591,90.0,239.58230347800207
27.779999999999497,-1.799999999969799,50.0,180.0,41.095971958827306,90.0,102.9210121161646,48.904028041172694,90.0,257.0789878838354
27.799999999999496,-2.9999999999697735,-50.0,180.0,41.471006366874164,90.0,102.933838098028,131.47100636687418,90.0,117.933838098028
27.799999999999496,4.635254915579055,-50.0,199.02113032592263,30.195284643887298,90.0,119.82697291847097,120.1952846438873,90.0,119.82697291847097
27.799999999999496,4.635254915579055,50.0,199.02113032592263,30.195284643887298,90.0,119.82697291847097,59.8047153561127,90.0,240.17302708152903
27.799999999999496,-2.9999999999697735,50.0,180.0,41.471006366874164,90.0,102.933838098028,48.528993633125836,90.0,257.066161901972
27.819999999999496,-4.199999999969748,-50.0,180.0,41.842521358591604,90.0,102.95307830743847,131.8425213585916,90.0,117.95307830743847
27.819999999999496,6.386689373433092,-50.0,198.09654104934737,30.14140547158397,90.0,118.9604423985055,120.14140547158397,90.0,118.9604423985055
27.819999999999496,6.386689373433092,50.0,198.09654104934737,30.14140547158397,90.0,118.9604423985055,59.858594528416035,90.0,241.0395576014945
27.819999999999496,-4.199999999969748,50.0,180.0,41.842521358591604,90.0,102.95307830743847,48.157478641408396,90.0,257.0469216925615
27.839999999999495,-5.399999999969722,-50.0,180.0,42.2104824497478,90.0,102.9787342322445,132.21048244974781,90.0,117.9787342322445
27.839999999999495,8.037401924644788,-50.0,196.88655851007428,30.24353997741146,90.00000000000001,117.8400221442444,120.24353997741146,89.99999999999999,117.8400221442444
27.839999999999495,8.037401924644788,50.0,196.88655851007428,30.24353997741146,90.00000000000001,117.8400221442444,59.75646002258854,90.00000000000001,242.15997785575559
27.839999999999495,-5.399999999969722,50.0,180.0,42.2104824497478,90.0,102.9787342322445,47.7895175502522,90.0,257.0212657677555
27.859999999999495,-6.599999999969697,-50.0,180.0,42.574855010688104,90.0,103.0108078627675,132.5748550106881,90.0,118.0108078627675
27.859999999999495,9.561359846193668,-50.0,195.41026485555625,30.493846999068765,90.0,116.49264966428828,120.49384699906877,90.0,116.49264966428828
27.859999999999495,9.561359846193668,50.0,195.41026485555625,30.493846999068765,90.0,116.49264966428828,59.506153000931235,90.0,243.50735033571172
27.859999999999495,-6.599999999969697,50.0,180.0,42.574855010688104,90.0,103.0108078627675,47.425144989311896,90.0,256.9891921372325
27.879999999999495,-7.799999999969671,-50.0,180.0,42.93560428109313,90.0,103.04930169740611,132.93560428109313,90.0,118.04930169740611
27.879999999999495,10.934529411288562,-50.0,193.6909421186201,30.88264980552316,90.0,114.948819825726,120.88264980552316,90.0,114.948819825726
27.879999999999495,10.934529411288562,50.0,193.6909421186201,30.88264980552316,90.0,114.948819825726,59.11735019447684,90.0,245.051180174274
27.879999999999495,-7.799999999969671,50.0,180.0,42.93560428109313,90.0,103.04930169740611,47.06439571890687,90.0,256.9506983025939
27.899999999999494,-8.999999999969646,-50.0,180.0,43.29269538383372,90.0,103.09421874965764,133.29269538383372,90.0,118.09421874965764
27.899999999999494,12.135254915596184,-50.0,191.7557050459009,31.399121880290508,90.0,113.24120616836159,121.39912188029051,90.0,113.24120616836159
27.899999999999494,12.135254915596184,50.0,191.7557050459009,31.399121880290508,90.0,113.24120616836159,58.60087811970949,90.0,246.7587938316384
27.899999999999494,-8.999999999969646,50.0,180.0,43.29269538383372,90.0,103.09421874965764,46.70730461616628,90.0,256.90578125034233
27.919999999999494,-10.19999999996962,-50.0,180.0,43.646093337894186,90.0,103.14556255656765,133.64609333789417,90.0,118.14556255656765
27.919999999999494,13.144600200634963,-50.0,189.63507348209006,32.03184827321795,90.00000000000001,111.40348373251982,122.03184827321795,89.99999999999999,111.40348373251982
27.919999999999494,13.144600200634963,50.0,189.63507348209006,32.03184827321795,90.00000000000001,111.40348373251982,57.96815172678205,90.00000000000001,248.59651626748018
27.919999999999494,-10.19999999996962,50.0,180.0,43.646093337894186,90.0,103.14556255656765,46.353906662105814,90.0,256.85443744343235
27.939999999999493,-11.399999999969594,-50.0,180.0,43.99576307033479,90.0,103.20333718862085,133.9957630703348,90.0,118.20333718862085
27.939999999999493,13.946647288306188,-50.0,187.36249105375276,32.76923116007009,90.0,109.46940676816892,122.76923116007009,90.0,109.46940676816892
27.939999999999493,13.946647288306188,50.0,187.36249105375276,32.76923116007009,90.0,109.46940676816892,57.23076883992991,90.0,250.53059323183106
27.939999999999493,-11.399999999969594,50.0,180.0,43.99576307033479,90.0,103.20333718862085,46.00423692966521,90.0,256.7966628113792
27.959999999999493,-12.599999999969569,-50.0,180.0,44.34166942726334,90.0,103.267547261089,134.34166942726335,90.0,118.267547261089
27.959999999999493,14.528747416917579,-50.0,184.97379774335883,33.59973571261586,90.0,107.47214231330551,123.59973571261585,90.0,107.47214231330551
27.959999999999493,14.528747416917579,50.0,184.97379774335883,33.59973571261586,90.0,107.47214231330551,56.40026428738414,90.0,252.5278576866945
27.959999999999493,-12.599999999969569,50.0,180.0,44.34166942726334,90.0,103.267547261089,45.65833057273666,90.0,256.732452738911
27.979999999999492,-13.799999999969543,-50.0,180.0,44.68377718378563,90.0,103.33819794685364,134.68377718378562,90.0,118.33819794685364
27.979999999999492,14.881720519711171,-50.0,182.50666467134937,34.5119906649099,90.0,105.44382662395275,124.5119906649099,90.0,105.44382662395275
27.979999999999492,14.881720519711171,50.0,182.50666467134937,34.5119906649099,90.0,105.44382662395275,55.4880093350901,90.0,254.55617337604724
27.979999999999492,-13.799999999969543,50.0,180.0,44.68377718378563,90.0,103.33819794685364,45.31622281621437,90.0,256.66180205314635
27.999999999999492,-14.999999999969518,-50.0,180.0,45.02205105290274,90.0,103.41529499072496,135.02205105290273,90.0,118.41529499072496
27.999999999999492,15.0,-50.0,180.00000000006384,35.49476767143317,90.0,103.41529499077826,125.49476767143318,90.0,103.41529499077826
27.999999999999492,15.0,50.0,180.00000000006384,35.49476767143317,90.0,103.41529499077826,54.50523232856683,90.0,256.58470500922175
27.999999999999492,-14.999999999969518,50.0,180.0,45.02205105290274,90.0,103.41529499072496,44.97794894709726,90.0,256.584705009275
28.01999999999949,-14.881720519723173,-50.0,182.5066646712227,43.8352396187603,90.00000000000001,105.44382662384945,133.83523961876028,89.99999999999999,120.44382662384945
28.01999999999949,13.800000000030508,-50.0,180.0,35.915576658993714,90.0,103.33819794685739,125.91557665899371,90.0,103.33819794685739
28.01999999999949,13.800000000030508,50.0,180.0,35.915576658993714,90.0,103.33819794685739,54.084423341006286,90.0,256.6618020531426
28.01999999999949,-14.881720519723173,50.0,182.5066646712227,43.8352396187603,90.00000000000001,105.44382662384945,46.1647603812397,90.00000000000001,254.55617337615055
28.03999999999949,-14.528747416941394,-50.0,184.97379774323517,42.581876733949606,90.0,107.47214231320298,132.5818767339496,90.0,122.47214231320298
28.03999999999949,12.600000000030533,-50.0,180.0,36.3333235458427,90.0,103.26754726109245,126.3333235458427,90.0,103.26754726109245
28.03999999999949,12.600000000030533,50.0,180.0,36.3333235458427,90.0,103.26754726109245,53.6666764541573,90.0,256.73245273890757
28.03999999999949,-14.528747416941394,50.0,184.97379774323517,42.581876733949606,90.0,107.47214231320298,47.418123266050394,90.0,252.527857686797
28.05999999999949,-13.946647288341442,-50.0,187.36249105363405,41.28334782680731,90.0,109.46940676806884,131.2833478268073,90.0,124.46940676806884
28.05999999999949,11.400000000030559,-50.0,180.0,36.74797787899444,90.0,103.20333718862398,126.74797787899445,90.0,103.20333718862398
28.05999999999949,11.400000000030559,50.0,180.0,36.74797787899444,90.0,103.20333718862398,53.25202212100556,90.0,256.796662811376
28.05999999999949,-13.946647288341442,50.0,187.36249105363405,41.28334782680731,90.0,109.46940676806884,48.71665217319269,90.0,250.53059323193116
28.07999999999949,-13.144600200681099,-50.0,189.63507348197817,39.962105084310224,90.0,111.40348373242371,129.96210508431022,90.0,126.40348373242371
28.07999999999949,10.200000000030585,-50.0,180.0,37.15950877234025,90.0,103.14556255657043,127.15950877234025,90.0,103.14556255657043
28.07999999999949,10.200000000030585,50.0,180.0,37.15950877234025,90.0,103.14556255657043,52.84049122765975,90.0,256.85443744342956
28.07999999999949,-13.144600200681099,50.0,189.63507348197817,39.962105084310224,90.0,111.40348373242371,50.037894915689776,90.0,248.5965162675763
28.09999999999949,-12.135254915652473,-50.0,191.75570504579758,38.641387686453214,90.0,113.2412061682712,128.6413876864532,90.0,128.24120616827122
28.09999999999949,9.00000000003061,-50.0,180.0,37.56788493160883,90.0,103.09421874966009,127.56788493160883,90.0,103.09421874966009
28.09999999999949,9.00000000003061,50.0,180.0,37.56788493160883,90.0,103.09421874966009,52.43211506839117,90.0,256.90578125033994
28.09999999999949,-12.135254915652473,50.0,191.75570504579758,38.641387686453214,90.0,113.2412061682712,51.358612313546786,90.0,246.75879383172878
28.11999999999949,-10.934529411354115,-50.0,193.690942118527,37.34488387342455,90.0,114.94881982564313,127.34488387342455,90.0,129.9488198256431
28.11999999999949,7.800000000030636,-50.0,180.0,37.97307467870024,90.0,103.04930169740824,127.97307467870024,90.0,103.04930169740824
28.11999999999949,7.800000000030636,50.0,180.0,37.97307467870024,90.0,103.04930169740824,52.02692532129976,90.0,256.9506983025918
28.11999999999949,-10.934529411354115,50.0,193.690942118527,37.34488387342455,90.0,114.94881982564313,52.65511612657545,90.0,245.0511801743569
28.13999999999949,-9.561359846267457,-50.0,195.41026485547485,36.09630608752321,90.0,116.49264966421454,126.0963060875232,90.0,131.49264966421453
28.13999999999949,6.600000000030661,-50.0,180.0,38.37504597539668,90.0,103.01080786276931,128.3750459753967,90.0,103.01080786276931
28.13999999999949,6.600000000030661,50.0,180.0,38.37504597539668,90.0,103.01080786276931,51.62495402460332,90.0,256.9891921372307
28.13999999999949,-9.561359846267457,50.0,195.41026485547485,36.09630608752321,90.0,116.49264966421454,53.90369391247679,90.0,243.50735033578547
28.15999999999949,-8.03740192472565,-50.0,196.88655851000587,34.91885817295857,90.0,117.84002214418148,124.91885817295858,90.0,132.8400221441815
28.15999999999949,5.400000000030687,-50.0,180.0,38.77376644643597,90.0,102.97873423224597,128.77376644643596,90.0,102.97873423224597
28.15999999999949,5.400000000030687,50.0,180.0,38.77376644643597,90.0,102.97873423224597,51.22623355356403,90.0,257.021265767754
28.15999999999949,-8.03740192472565,50.0,196.88655851000587,34.91885817295857,90.0,117.84002214418148,55.08114182704143,90.0,242.1599778558185
28.179999999999488,-6.386689373519743,-50.0,198.096541049293,33.83459098776747,90.00000000000001,118.96044239845484,123.83459098776747,89.99999999999999,133.96044239845486
28.179999999999488,4.2000000000307125,-50.0,180.0,39.16920340193262,90.0,102.95307830743963,129.16920340193263,90.0,102.95307830743963
28.179999999999488,4.2000000000307125,50.0,180.0,39.16920340193262,90.0,102.95307830743963,50.83079659806738,90.0,257.0469216925604
28.179999999999488,-6.386689373519743,50.0,198.096541049293,33.83459098776747,90.00000000000001,118.96044239845484,56.16540901223253,90.00000000000001,241.03955760154514
28.199999999999488,-4.635254915670133,-50.0,199.02113032588318,32.86367004229013,90.0,119.82697291843375,122.86367004229012,90.0,134.82697291843374
28.199999999999488,3.000000000030738,-50.0,180.0,39.561323859129196,90.0,102.93383809802883,129.5613238591292,90.0,102.93383809802883
28.199999999999488,3.000000000030738,50.0,180.0,39.561323859129196,90.0,102.93383809802883,50.438676140870804,90.0,257.06616190197116
28.199999999999488,-4.635254915670133,50.0,199.02113032588318,32.86367004229013,90.0,119.82697291843375,57.13632995770987,90.0,240.17302708156626
28.219999999999487,-2.8107197188333366,-50.0,199.6457450145617,32.023612208943206,90.00000000000001,120.41769652197517,122.0236122089432,89.99999999999999,135.4176965219752
28.219999999999487,1.8000000000307637,-50.0,180.0,39.950094563459906,90.0,102.92101211616507,129.9500945634599,90.0,102.92101211616507
28.219999999999487,1.8000000000307637,50.0,180.0,39.950094563459906,90.0,102.92101211616507,50.049905436540094,90.0,257.07898788383494
28.219999999999487,-2.8107197188333366,50.0,199.6457450145617,32.023612208943206,90.00000000000001,120.41769652197517,57.976387791056794,90.00000000000001,239.5823034780248
28.239999999999487,-0.9418577929879687,-50.0,199.96053456856137,31.328579304909894,90.0,120.71708781728304,121.3285793049099,90.0,135.71708781728304
28.239999999999487,0.6000000000307892,-50.0,180.0,40.335482008906546,90.0,102.91459937227704,130.33548200890655,90.0,102.91459937227704
28.239999999999487,0.6000000000307892,50.0,180.0,40.335482008906546,90.0,102.91459937227704,49.664517991093454,90.0,257.08540062772295
28.239999999999487,-0.9418577929879687,50.0,199.96053456856137,31.328579304909894,90.0,120.71708781728304,58.671420695090106,90.0,239.28291218271696
28.259999999999486,0.9418577928913919,-50.0,199.96053456856947,30.788832024568023,90.0,120.71708781729077,120.78883202456802,90.0,135.71708781729077
28.259999999999486,-0.5999999999691852,-50.0,180.0,40.71745245762601,90.0,102.91459937227688,130.717452457626,90.0,102.91459937227688
28.259999999999486,-0.5999999999691852,50.0,180.0,40.71745245762601,90.0,102.91459937227688,49.28254754237399,90.0,257.0854006277231
28.259999999999486,0.9418577928913919,50.0,199.96053456856947,30.788832024568023,90.0,120.71708781729077,59.21116797543198,90.0,239.28291218270923
28.279999999999486,2.8107197187382824,-50.0,199.64574501458588,30.41043744556423,90.0,120.41769652199817,120.41043744556423,90.0,135.41769652199815
28.279999999999486,-1.7999999999691596,-50.0,180.0,41.09597195882711,90.0,102.9210121161646,131.0959719588271,90.0,102.9210121161646
28.279999999999486,-1.7999999999691596,50.0,180.0,41.09597195882711,90.0,102.9210121161646,48.90402804117289,90.0,257.0789878838354
28.279999999999486,2.8107197187382824,50.0,199.64574501458588,30.41043744556423,90.0,120.41769652199817,59.58956255443577,90.0,239.58230347800185
28.299999999999486,4.635254915578098,-50.0,199.02113032592305,30.195284643887376,90.0,119.82697291847136,120.19528464388738,90.0,134.82697291847137
28.299999999999486,-2.999999999969134,-50.0,180.0,41.47100636687396,90.0,102.933838098028,131.47100636687395,90.0,102.933838098028
28.299999999999486,-2.999999999969134,50.0,180.0,41.47100636687396,90.0,102.933838098028,48.52899363312604,90.0,257.066161901972
28.299999999999486,4.635254915578098,50.0,199.02113032592305,30.195284643887376,90.0,119.82697291847136,59.804715356112624,90.0,240.17302708152863
28.319999999999485,6.386689373432182,-50.0,198.09654104934793,30.141405471583937,90.0,118.96044239850607,120.14140547158394,90.0,133.96044239850607
28.319999999999485,-4.199999999969108,-50.0,180.0,41.842521358591405,90.0,102.95307830743847,131.8425213585914,90.0,102.95307830743847
28.319999999999485,-4.199999999969108,50.0,180.0,41.842521358591405,90.0,102.95307830743847,48.157478641408595,90.0,257.0469216925615
28.319999999999485,6.386689373432182,50.0,198.09654104934793,30.141405471583937,90.0,118.96044239850607,59.85859452841606,90.0,241.03955760149393
28.339999999999485,8.037401924643946,-50.0,196.886558510075,30.24353997741137,90.0,117.84002214424504,120.24353997741137,90.0,132.84002214424504
28.339999999999485,-5.399999999969083,-50.0,180.0,42.21048244974761,90.0,102.97873423224449,132.21048244974762,90.0,102.97873423224449
28.339999999999485,-5.399999999969083,50.0,180.0,42.21048244974761,90.0,102.97873423224449,47.78951755025239,90.0,257.0212657677555
28.339999999999485,8.037401924643946,50.0,196.886558510075,30.24353997741137,90.0,117.84002214424504,59.75646002258863,90.0,242.15997785575496
28.359999999999484,9.561359846192893,-50.0,195.4102648555571,30.493846999068595,90.0,116.49264966428908,120.4938469990686,90.0,131.49264966428908
28.359999999999484,-6.599999999969057,-50.0,180.0,42.57485501068792,90.0,103.01080786276749,132.5748550106879,90.0,103.01080786276749
28.359999999999484,-6.599999999969057,50.0,180.0,42.57485501068792,90.0,103.01080786276749,47.42514498931208,90.0,256.9891921372325
28.359999999999484,9.561359846192893,50.0,195.4102648555571,30.493846999068595,90.0,116.49264966428908,59.506153000931405,90.0,243.50735033571092
28.379999999999484,10.934529411287873,-50.0,193.69094211862105,30.8826498055229,90.0,114.94881982572689,120.8826498055229,90.0,129.9488198257269
28.379999999999484,-7.799999999969032,-50.0,180.0,42.93560428109293,90.0,103.04930169740611,132.93560428109294,90.0,103.04930169740611
28.379999999999484,-7.799999999969032,50.0,180.0,42.93560428109293,90.0,103.04930169740611,47.06439571890707,90.0,256.9506983025939
28.379999999999484,10.934529411287873,50.0,193.69094211862105,30.8826498055229,90.0,114.94881982572689,59.1173501944771,90.0,245.0511801742731
28.399999999999483,12.135254915595594,-50.0,191.75570504590198,31.399121880290206,90.0,113.24120616836252,121.39912188029021,90.0,128.2412061683625
28.399999999999483,-8.999999999969006,-50.0,180.0,43.29269538383352,90.0,103.09421874965761,133.29269538383352,90.0,103.09421874965761
28.399999999999483,-8.999999999969006,50.0,180.0,43.29269538383352,90.0,103.09421874965761,46.70730461616648,90.0,256.9057812503424
28.399999999999483,12.135254915595594,50.0,191.75570504590198,31.399121880290206,90.0,113.24120616836252,58.60087811970979,90.0,246.7587938316375
28.419999999999483,13.144600200634478,-50.0,189.63507348209123,32.0318482732176,90.0,111.4034837325208,122.0318482732176,90.0,126.4034837325208
28.419999999999483,-10.19999999996898,-50.0,180.0,43.646093337894,90.0,103.14556255656761,133.646093337894,90.0,103.14556255656761
28.419999999999483,-10.19999999996898,50.0,180.0,43.646093337894,90.0,103.14556255656761,46.353906662106,90.0,256.8544374434324
28.419999999999483,13.144600200634478,50.0,189.63507348209123,32.0318482732176,90.0,111.4034837325208,57.9681517267824,90.0,248.59651626747922
28.439999999999483,13.946647288305819,-50.0,187.362491053754,32.76923116006965,90.0,109.46940676817002,122.76923116006965,90.0,124.46940676817002
28.439999999999483,-11.399999999968955,-50.0,180.0,43.9957630703346,90.0,103.20333718862085,133.9957630703346,90.0,103.20333718862085
28.439999999999483,-11.399999999968955,50.0,180.0,43.9957630703346,90.0,103.20333718862085,46.0042369296654,90.0,256.7966628113792
28.439999999999483,13.946647288305819,50.0,187.362491053754,32.76923116006965,90.0,109.46940676817002,57.23076883993035,90.0,250.53059323182998
28.459999999999482,14.52874741691733,-50.0,184.97379774336014,33.599735712615406,90.0,107.47214231330656,123.5997357126154,90.0,122.47214231330656
28.459999999999482,-12.59999999996893,-50.0,180.0,44.34166942726317,90.0,103.26754726108895,134.34166942726318,90.0,103.26754726108895
28.459999999999482,-12.59999999996893,50.0,180.0,44.34166942726317,90.0,103.26754726108895,45.65833057273683,90.0,256.73245273891104
28.459999999999482,14.52874741691733,50.0,184.97379774336014,33.599735712615406,90.0,107.47214231330656,56.400264287384594,90.0,252.52785768669344
28.47999999999948,14.881720519711045,-50.0,182.5066646713507,34.51199066490939,90.00000000000001,105.44382662395387,124.51199066490939,89.99999999999999,120.44382662395387
28.47999999999948,-13.799999999968904,-50.0,180.0,44.68377718378545,90.0,103.3381979468536,134.68377718378545,90.0,103.3381979468536
28.47999999999948,-13.799999999968904,50.0,180.0,44.68377718378545,90.0,103.3381979468536,45.31622281621455,90.0,256.6618020531464
28.47999999999948,14.881720519711045,50.0,182.5066646713507,34.51199066490939,90.00000000000001,105.44382662395387,55.48800933509061,90.00000000000001,254.55617337604613
28.49999999999948,15.0,-50.0,180.0000000000652,35.49476767143261,90.0,103.41529499077937,125.49476767143261,90.0,118.41529499077937
28.49999999999948,-14.999999999968878,-50.0,180.0,45.02205105290256,90.0,103.41529499072489,135.02205105290255,90.0,103.41529499072489
28.49999999999948,-14.999999999968878,50.0,180.0,45.02205105290256,90.0,103.41529499072489,44.97794894709744,90.0,256.5847050092751
28.49999999999948,15.0,50.0,180.0000000000652,35.49476767143261,90.0,103.41529499077937,54.50523232856739,90.0,256.5847050092206
28.51999999999948,13.800000000031147,-50.0,180.0,35.915576658993494,90.0,103.33819794685742,125.9155766589935,90.0,118.33819794685742
28.51999999999948,-14.8817205197233,-50.0,182.50666467122136,43.835239618760944,90.0,105.44382662384838,133.83523961876094,90.0,105.44382662384838
28.51999999999948,-14.8817205197233,50.0,182.50666467122136,43.835239618760944,90.0,105.44382662384838,46.164760381239056,90.0,254.5561733761516
28.51999999999948,13.800000000031147,50.0,180.0,35.915576658993494,90.0,103.33819794685742,54.084423341006506,90.0,256.6618020531426
28.53999999999948,12.600000000031173,-50.0,180.0,36.33332354584249,90.0,103.26754726109246,126.33332354584249,90.0,118.26754726109246
28.53999999999948,-14.528747416941645,-50.0,184.97379774323386,42.5818767339503,90.0,107.47214231320189,132.5818767339503,90.0,107.47214231320189
28.53999999999948,-14.528747416941645,50.0,184.97379774323386,42.5818767339503,90.0,107.47214231320189,47.4181232660497,90.0,252.52785768679811
28.53999999999948,12.600000000031173,50.0,180.0,36.33332354584249,90.0,103.26754726109246,53.66667645415751,90.0,256.73245273890757
28.55999999999948,11.400000000031199,-50.0,180.0,36.74797787899423,90.0,103.203337188624,126.74797787899422,90.0,118.203337188624
28.55999999999948,-13.946647288341811,-50.0,187.3624910536328,41.283347826808004,90.0,109.46940676806776,131.283347826808,90.0,109.46940676806776
28.55999999999948,-13.946647288341811,50.0,187.3624910536328,41.283347826808004,90.0,109.46940676806776,48.716652173191996,90.0,250.53059323193224
28.55999999999948,11.400000000031199,50.0,180.0,36.74797787899423,90.0,103.203337188624,53.25202212100577,90.0,256.796662811376
28.57999999999948,10.200000000031224,-50.0,180.0,37.15950877234003,90.0,103.14556255657044,127.15950877234003,90.0,118.14556255657044
28.57999999999948,-13.144600200681584,-50.0,189.635073481977,39.96210508431095,90.00000000000001,111.40348373242269,129.96210508431096,89.99999999999999,111.40348373242269
28.57999999999948,-13.144600200681584,50.0,189.635073481977,39.96210508431095,90.00000000000001,111.40348373242269,50.03789491568905,90.00000000000001,248.59651626757733
28.57999999999948,10.200000000031224,50.0,180.0,37.15950877234003,90.0,103.14556255657044,52.84049122765997,90.0,256.85443744342956
28.59999999999948,9.00000000003125,-50.0,180.0,37.56788493160861,90.0,103.09421874966012,127.5678849316086,90.0,118.09421874966012
28.59999999999948,-12.135254915653064,-50.0,191.7557050457965,38.64138768645392,90.0,113.24120616827027,128.64138768645392,90.0,113.24120616827027
28.59999999999948,-12.135254915653064,50.0,191.7557050457965,38.64138768645392,90.0,113.24120616827027,51.35861231354608,90.0,246.75879383172975
28.59999999999948,9.00000000003125,50.0,180.0,37.56788493160861,90.0,103.09421874966012,52.43211506839139,90.0,256.9057812503399
28.61999999999948,7.800000000031275,-50.0,180.0,37.97307467870004,90.0,103.04930169740827,127.97307467870004,90.0,118.04930169740827
28.61999999999948,-10.934529411354802,-50.0,193.69094211852604,37.34488387342524,90.00000000000001,114.94881982564226,127.34488387342523,89.99999999999999,114.94881982564226
28.61999999999948,-10.934529411354802,50.0,193.69094211852604,37.34488387342524,90.00000000000001,114.94881982564226,52.65511612657476,90.00000000000001,245.05118017435774
28.61999999999948,7.800000000031275,50.0,180.0,37.97307467870004,90.0,103.04930169740827,52.02692532129996,90.0,256.9506983025917
28.63999999999948,6.600000000031301,-50.0,180.0,38.37504597539647,90.0,103.01080786276934,128.37504597539646,90.0,118.01080786276934
28.63999999999948,-9.561359846268228,-50.0,195.410264855474,36.096306087523864,90.0,116.49264966421376,126.09630608752386,90.0,116.49264966421376
28.63999999999948,-9.561359846268228,50.0,195.410264855474,36.096306087523864,90.0,116.49264966421376,53.903693912476136,90.0,243.50735033578624
28.63999999999948,6.600000000031301,50.0,180.0,38.37504597539647,90.0,103.01080786276934,51.62495402460353,90.0,256.98919213723065
28.659999999999478,5.400000000031326,-50.0,180.0,38.773766446435765,90.0,102.978734232246,128.77376644643576,90.0,117.978734232246
28.659999999999478,-8.037401924726495,-50.0,196.88655851000516,34.918858172959176,90.0,117.84002214418081,124.91885817295918,90.0,117.84002214418081
28.659999999999478,-8.037401924726495,50.0,196.88655851000516,34.918858172959176,90.0,117.84002214418081,55.081141827040824,90.0,242.1599778558192
28.659999999999478,5.400000000031326,50.0,180.0,38.773766446435765,90.0,102.978734232246,51.226233553564235,90.0,257.021265767754
28.679999999999477,4.200000000031352,-50.0,180.0,39.1692034019324,90.0,102.95307830743964,129.1692034019324,90.0,117.95307830743964
28.679999999999477,-6.3866893735206505,-50.0,198.09654104929243,33.834590987768024,90.00000000000001,118.96044239845432,123.83459098776802,89.99999999999999,118.96044239845432
28.679999999999477,-6.3866893735206505,50.0,198.09654104929243,33.834590987768024,90.00000000000001,118.96044239845432,56.165409012231976,90.00000000000001,241.03955760154568
28.679999999999477,4.200000000031352,50.0,180.0,39.1692034019324,90.0,102.95307830743964,50.8307965980676,90.0,257.0469216925604
28.699999999999477,3.0000000000313776,-50.0,180.0,39.56132385912899,90.0,102.93383809802883,129.561323859129,90.0,117.93383809802883
28.699999999999477,-4.635254915671087,-50.0,199.02113032588278,32.86367004229058,90.00000000000001,119.82697291843344,122.86367004229058,89.99999999999999,119.82697291843344
28.699999999999477,-4.635254915671087,50.0,199.02113032588278,32.86367004229058,90.00000000000001,119.82697291843344,57.13632995770942,90.00000000000001,240.17302708156654
28.699999999999477,3.0000000000313776,50.0,180.0,39.56132385912899,90.0,102.93383809802883,50.43867614087101,90.0,257.06616190197116
28.719999999999477,1.8000000000314031,-50.0,180.0,39.95009456345969,90.0,102.9210121161651,129.9500945634597,90.0,117.9210121161651
28.719999999999477,-2.8107197188343243,-50.0,199.64574501456144,32.023612208943604,90.0,120.41769652197496,122.0236122089436,90.0,120.41769652197496
28.719999999999477,-2.8107197188343243,50.0,199.64574501456144,32.023612208943604,90.0,120.41769652197496,57.976387791056396,90.0,239.58230347802504
28.719999999999477,1.8000000000314031,50.0,180.0,39.95009456345969,90.0,102.9210121161651,50.04990543654031,90.0,257.0789878838349
28.739999999999476,0.6000000000314287,-50.0,180.0,40.33548200890635,90.0,102.91459937227704,130.33548200890635,90.0,117.91459937227704
28.739999999999476,-0.9418577929889727,-50.0,199.9605345685613,31.32857930491023,90.00000000000001,120.71708781728297,121.32857930491024,89.99999999999999,120.71708781728297
28.739999999999476,-0.9418577929889727,50.0,199.9605345685613,31.32857930491023,90.00000000000001,120.71708781728297,58.671420695089765,90.00000000000001,239.28291218271704
28.739999999999476,0.6000000000314287,50.0,180.0,40.33548200890635,90.0,102.91459937227704,49.66451799109365,90.0,257.08540062772295
28.759999999999476,-0.5999999999685457,-50.0,180.0,40.717452457625804,90.0,102.91459937227687,130.7174524576258,90.0,117.91459937227687
28.759999999999476,0.941857792890388,-50.0,199.96053456856956,30.788832024568265,90.0,120.71708781729086,120.78883202456826,90.0,120.71708781729086
28.759999999999476,0.941857792890388,50.0,199.96053456856956,30.788832024568265,90.0,120.71708781729086,59.211167975431735,90.0,239.28291218270914
28.759999999999476,-0.5999999999685457,50.0,180.0,40.717452457625804,90.0,102.91459937227687,49.282547542374196,90.0,257.0854006277231
28.779999999999475,-1.7999999999685201,-50.0,180.0,41.095971958826915,90.0,102.92101211616458,131.0959719588269,90.0,117.92101211616458
28.779999999999475,2.8107197187372943,-50.0,199.64574501458614,30.410437445564405,90.00000000000001,120.4176965219984,120.41043744556441,89.99999999999999,120.4176965219984
28.779999999999475,2.8107197187372943,50.0,199.64574501458614,30.410437445564405,90.00000000000001,120.4176965219984,59.589562554435595,90.00000000000001,239.58230347800162
28.779999999999475,-1.7999999999685201,50.0,180.0,41.095971958826915,90.0,102.92101211616458,48.904028041173085,90.0,257.07898788383545
28.799999999999475,-2.9999999999684945,-50.0,180.0,41.47100636687377,90.0,102.93383809802799,131.47100636687378,90.0,117.93383809802799
28.799999999999475,4.635254915577145,-50.0,199.02113032592345,30.195284643887444,90.0,119.82697291847174,120.19528464388745,90.0,119.82697291847174
28.799999999999475,4.635254915577145,50.0,199.02113032592345,30.195284643887444,90.0,119.82697291847174,59.80471535611255,90.0,240.17302708152826
28.799999999999475,-2.9999999999684945,50.0,180.0,41.47100636687377,90.0,102.93383809802799,48.52899363312623,90.0,257.066161901972
28.819999999999474,-4.199999999968469,-50.0,180.0,41.842521358591206,90.0,102.95307830743846,131.8425213585912,90.0,117.95307830743846
28.819999999999474,6.386689373431271,-50.0,198.0965410493485,30.14140547158395,90.0,118.96044239850657,120.14140547158395,90.0,118.96044239850657
28.819999999999474,6.386689373431271,50.0,198.0965410493485,30.14140547158395,90.0,118.96044239850657,59.85859452841605,90.0,241.0395576014934
28.819999999999474,-4.199999999968469,50.0,180.0,41.842521358591206,90.0,102.95307830743846,48.157478641408794,90.0,257.04692169256157
28.839999999999474,-5.399999999968443,-50.0,180.0,42.210482449747424,90.0,102.97873423224448,132.21048244974742,90.0,117.97873423224448
28.839999999999474,8.037401924643097,-50.0,196.8865585100757,30.243539977411277,90.0,117.8400221442457,120.24353997741127,90.0,117.8400221442457
28.839999999999474,8.037401924643097,50.0,196.8865585100757,30.243539977411277,90.0,117.8400221442457,59.756460022588726,90.0,242.1599778557543
28.839999999999474,-5.399999999968443,50.0,180.0,42.210482449747424,90.0,102.97873423224448,47.789517550252576,90.0,257.0212657677555
28.859999999999474,-6.599999999968418,-50.0,180.0,42.57485501068771,90.0,103.01080786276749,132.5748550106877,90.0,118.01080786276749
28.859999999999474,9.561359846192119,-50.0,195.41026485555795,30.493846999068435,90.0,116.49264966428981,120.49384699906844,90.0,116.49264966428981
28.859999999999474,9.561359846192119,50.0,195.41026485555795,30.493846999068435,90.0,116.49264966428981,59.50615300093156,90.0,243.50735033571019
28.859999999999474,-6.599999999968418,50.0,180.0,42.57485501068771,90.0,103.01080786276749,47.42514498931229,90.0,256.9891921372325
28.879999999999473,-7.799999999968392,-50.0,180.0,42.93560428109274,90.0,103.04930169740608,132.93560428109274,90.0,118.04930169740608
28.879999999999473,10.934529411287183,-50.0,193.69094211862202,30.882649805522682,90.0,114.94881982572772,120.88264980552268,90.0,114.94881982572772
28.879999999999473,10.934529411287183,50.0,193.69094211862202,30.882649805522682,90.0,114.94881982572772,59.11735019447732,90.0,245.05118017427228
28.879999999999473,-7.799999999968392,50.0,180.0,42.93560428109274,90.0,103.04930169740608,47.06439571890726,90.0,256.95069830259393
28.899999999999473,-8.999999999968367,-50.0,180.0,43.29269538383333,90.0,103.0942187496576,133.29269538383335,90.0,118.0942187496576
28.899999999999473,12.135254915595006,-50.0,191.75570504590306,31.399121880289897,90.0,113.24120616836346,121.3991218802899,90.0,113.24120616836346
28.899999999999473,12.135254915595006,50.0,191.75570504590306,31.399121880289897,90.0,113.24120616836346,58.6008781197101,90.0,246.75879383163652
28.899999999999473,-8.999999999968367,50.0,180.0,43.29269538383333,90.0,103.0942187496576,46.70730461616667,90.0,256.9057812503424
28.919999999999472,-10.199999999968341,-50.0,180.0,43.64609333789382,90.0,103.14556255656758,133.64609333789383,90.0,118.14556255656758
28.919999999999472,13.144600200633995,-50.0,189.63507348209242,32.03184827321723,90.0,111.40348373252183,122.03184827321724,90.0,111.40348373252183
28.919999999999472,13.144600200633995,50.0,189.63507348209242,32.03184827321723,90.0,111.40348373252183,57.96815172678277,90.0,248.59651626747817
28.919999999999472,-10.199999999968341,50.0,180.0,43.64609333789382,90.0,103.14556255656758,46.35390666210618,90.0,256.8544374434324
28.939999999999472,-11.399999999968315,-50.0,180.0,43.99576307033443,90.0,103.2033371886208,133.99576307033442,90.0,118.2033371886208
28.939999999999472,13.94664728830545,-50.0,187.36249105375526,32.769231160069225,90.0,109.46940676817107,122.76923116006922,90.0,109.46940676817107
28.939999999999472,13.94664728830545,50.0,187.36249105375526,32.769231160069225,90.0,109.46940676817107,57.230768839930775,90.0,250.53059323182893
28.939999999999472,-11.399999999968315,50.0,180.0,43.99576307033443,90.0,103.2033371886208,46.00423692966557,90.0,256.7966628113792
28.95999999999947,-12.59999999996829,-50.0,180.0,44.34166942726298,90.0,103.26754726108894,134.34166942726299,90.0,118.26754726108894
28.95999999999947,14.52874741691708,-50.0,184.97379774336142,33.599735712614944,90.0,107.47214231330764,123.59973571261494,90.0,107.47214231330764
28.95999999999947,14.52874741691708,50.0,184.97379774336142,33.599735712614944,90.0,107.47214231330764,56.400264287385056,90.0,252.52785768669236
28.95999999999947,-12.59999999996829,50.0,180.0,44.34166942726298,90.0,103.26754726108894,45.65833057273702,90.0,256.7324527389111
28.97999999999947,-13.799999999968264,-50.0,180.0,44.68377718378527,90.0,103.33819794685355,134.68377718378525,90.0,118.33819794685355
28.97999999999947,14.88172051971092,-50.0,182.50666467135204,34.51199066490889,90.0,105.44382662395493,124.5119906649089,90.0,105.44382662395493
28.97999999999947,14.88172051971092,50.0,182.50666467135204,34.51199066490889,90.0,105.44382662395493,55.48800933509111,90.0,254.55617337604508
28.97999999999947,-13.799999999968264,50.0,180.0,44.68377718378527,90.0,103.33819794685355,45.31622281621473,90.0,256.66180205314646
28.99999999999947,-14.999999999968239,-50.0,180.0,45.022051052902384,90.0,103.41529499072487,135.02205105290238,90.0,118.41529499072487
28.99999999999947,15.0,-50.0,180.00000000006654,35.494767671432086,90.0,103.41529499078041,125.49476767143209,90.0,103.41529499078041
28.99999999999947,15.0,50.0,180.00000000006654,35.494767671432086,90.0,103.41529499078041,54.505232328567914,90.0,256.5847050092196
28.99999999999947,-14.999999999968239,50.0,180.0,45.022051052902384,90.0,103.41529499072487,44.977948947097616,90.0,256.5847050092751
29.01999999999947,-14.881720519723425,-50.0,182.50666467122002,43.835239618761605,90.0,105.44382662384727,133.8352396187616,90.0,120.44382662384727
29.01999999999947,13.800000000031787,-50.0,180.0,35.915576658993274,90.0,103.33819794685746,125.91557665899327,90.0,103.33819794685746
29.01999999999947,13.800000000031787,50.0,180.0,35.915576658993274,90.0,103.33819794685746,54.084423341006726,90.0,256.66180205314254
29.01999999999947,-14.881720519723425,50.0,182.50666467122002,43.835239618761605,90.0,105.44382662384727,46.164760381238395,90.0,254.55617337615274
29.03999999999947,-14.528747416941895,-50.0,184.97379774323255,42.581876733950985,90.0,107.4721423132008,132.581876733951,90.0,122.4721423132008
29.03999999999947,12.600000000031812,-50.0,180.0,36.33332354584226,90.0,103.2675472610925,126.33332354584226,90.0,103.2675472610925
29.03999999999947,12.600000000031812,50.0,180.0,36.33332354584226,90.0,103.2675472610925,53.66667645415774,90.0,256.7324527389075
29.03999999999947,-14.528747416941895,50.0,184.97379774323255,42.581876733950985,90.0,107.4721423132008,47.418123266049015,90.0,252.5278576867992
29.05999999999947,-13.946647288342183,-50.0,187.36249105363157,41.28334782680871,90.0,109.46940676806669,131.28334782680872,90.0,124.46940676806669
29.05999999999947,11.400000000031838,-50.0,180.0,36.747977878994,90.0,103.20333718862403,126.74797787899399,90.0,103.20333718862403
29.05999999999947,11.400000000031838,50.0,180.0,36.747977878994,90.0,103.20333718862403,53.252022121006,90.0,256.796662811376
29.05999999999947,-13.946647288342183,50.0,187.36249105363157,41.28334782680871,90.0,109.46940676806669,48.71665217319129,90.0,250.53059323193332
29.07999999999947,-13.144600200682067,-50.0,189.63507348197584,39.962105084311624,90.0,111.40348373242172,129.96210508431162,90.0,126.40348373242172
29.07999999999947,10.200000000031864,-50.0,180.0,37.15950877233983,90.0,103.14556255657047,127.15950877233982,90.0,103.14556255657047
29.07999999999947,10.200000000031864,50.0,180.0,37.15950877233983,90.0,103.14556255657047,52.84049122766017,90.0,256.85443744342956
29.07999999999947,-13.144600200682067,50.0,189.63507348197584,39.962105084311624,90.0,111.40348373242172,50.037894915688376,90.0,248.5965162675783
29.09999999999947,-12.135254915653654,-50.0,191.75570504579542,38.641387686454614,90.0,113.24120616826931,128.6413876864546,90.0,128.24120616826931
29.09999999999947,9.00000000003189,-50.0,180.0,37.5678849316084,90.0,103.09421874966013,127.5678849316084,90.0,103.09421874966013
29.09999999999947,9.00000000003189,50.0,180.0,37.5678849316084,90.0,103.09421874966013,52.4321150683916,90.0,256.9057812503399
29.09999999999947,-12.135254915653654,50.0,191.75570504579542,38.641387686454614,90.0,113.24120616826931,51.358612313545386,90.0,246.75879383173069
29.119999999999468,-10.934529411355491,-50.0,193.69094211852504,37.344883873425914,90.0,114.9488198256414,127.34488387342591,90.0,129.9488198256414
29.119999999999468,7.800000000031915,-50.0,180.0,37.97307467869982,90.0,103.0493016974083,127.97307467869982,90.0,103.0493016974083
29.119999999999468,7.800000000031915,50.0,180.0,37.97307467869982,90.0,103.0493016974083,52.02692532130018,90.0,256.9506983025917
29.119999999999468,-10.934529411355491,50.0,193.69094211852504,37.344883873425914,90.0,114.9488198256414,52.655116126574086,90.0,245.0511801743586
29.139999999999468,-9.561359846269003,-50.0,195.41026485547314,36.0963060875245,90.0,116.49264966421299,126.09630608752451,90.0,131.492649664213
29.139999999999468,6.60000000003194,-50.0,180.0,38.37504597539624,90.0,103.01080786276937,128.37504597539623,90.0,103.01080786276937
29.139999999999468,6.60000000003194,50.0,180.0,38.37504597539624,90.0,103.01080786276937,51.62495402460376,90.0,256.98919213723065
29.139999999999468,-9.561359846269003,50.0,195.41026485547314,36.0963060875245,90.0,116.49264966421299,53.9036939124755,90.0,243.507350335787
29.159999999999467,-8.037401924727344,-50.0,196.88655851000442,34.918858172959794,90.0,117.84002214418012,124.9188581729598,90.0,132.84002214418012
29.159999999999467,5.400000000031966,-50.0,180.0,38.77376644643556,90.0,102.978734232246,128.77376644643556,90.0,102.978734232246
29.159999999999467,5.400000000031966,50.0,180.0,38.77376644643556,90.0,102.978734232246,51.22623355356444,90.0,257.021265767754
29.159999999999467,-8.037401924727344,50.0,196.88655851000442,34.918858172959794,90.0,117.84002214418012,55.081141827040206,90.0,242.15997785581988
29.179999999999467,-6.38668937352156,-50.0,198.09654104929186,33.83459098776857,90.00000000000001,118.96044239845378,123.83459098776856,89.99999999999999,133.96044239845378
29.179999999999467,4.2000000000319915,-50.0,180.0,39.169203401932194,90.0,102.95307830743964,129.16920340193218,90.0,102.95307830743964
29.179999999999467,4.2000000000319915,50.0,180.0,39.169203401932194,90.0,102.95307830743964,50.830796598067806,90.0,257.0469216925604
29.179999999999467,-6.38668937352156,50.0,198.09654104929186,33.83459098776857,90.00000000000001,118.96044239845378,56.16540901223143,90.00000000000001,241.03955760154622
29.199999999999466,-4.635254915672044,-50.0,199.02113032588235,32.8636700422911,90.0,119.82697291843299,122.86367004229109,90.0,134.826972918433
29.199999999999466,3.000000000032017,-50.0,180.0,39.56132385912877,90.0,102.93383809802884,129.56132385912878,90.0,102.93383809802884
29.199999999999466,3.000000000032017,50.0,180.0,39.56132385912877,90.0,102.93383809802884,50.43867614087123,90.0,257.06616190197116
29.199999999999466,-4.635254915672044,50.0,199.02113032588235,32.8636700422911,90.0,119.82697291843299,57.1363299577089,90.0,240.173027081567
29.219999999999466,-2.8107197188353124,-50.0,199.6457450145612,32.02361220894403,90.0,120.4176965219747,122.02361220894403,90.0,135.4176965219747
29.219999999999466,1.8000000000320426,-50.0,180.0,39.95009456345949,90.0,102.9210121161651,129.9500945634595,90.0,102.9210121161651
29.219999999999466,1.8000000000320426,50.0,180.0,39.95009456345949,90.0,102.9210121161651,50.04990543654051,90.0,257.0789878838349
29.219999999999466,-2.8107197188353124,50.0,199.6457450145612,32.02361220894403,90.0,120.4176965219747,57.97638779105597,90.0,239.5823034780253
29.239999999999466,-0.9418577929899731,-50.0,199.96053456856123,31.328579304910537,90.0,120.71708781728294,121.32857930491053,90.0,135.71708781728296
29.239999999999466,0.6000000000320682,-50.0,180.0,40.33548200890614,90.0,102.91459937227704,130.33548200890613,90.0,102.91459937227704
29.239999999999466,0.6000000000320682,50.0,180.0,40.33548200890614,90.0,102.91459937227704,49.66451799109386,90.0,257.08540062772295
29.239999999999466,-0.9418577929899731,50.0,199.96053456856123,31.328579304910537,90.0,120.71708781728294,58.671420695089466,90.0,239.28291218271704
29.259999999999465,0.9418577928893875,-50.0,199.96053456856964,30.788832024568507,90.0,120.71708781729096,120.7888320245685,90.0,135.71708781729097
29.259999999999465,-0.5999999999679062,-50.0,180.0,40.7174524576256,90.0,102.91459937227687,130.7174524576256,90.0,102.91459937227687
29.259999999999465,-0.5999999999679062,50.0,180.0,40.7174524576256,90.0,102.91459937227687,49.2825475423744,90.0,257.0854006277231
29.259999999999465,0.9418577928893875,50.0,199.96053456856964,30.788832024568507,90.0,120.71708781729096,59.21116797543149,90.0,239.28291218270903
29.279999999999465,2.8107197187363098,-50.0,199.6457450145864,30.41043744556457,90.0,120.41769652199864,120.41043744556457,90.0,135.41769652199864
29.279999999999465,-1.7999999999678806,-50.0,180.0,41.09597195882671,90.0,102.92101211616458,131.0959719588267,90.0,102.92101211616458
29.279999999999465,-1.7999999999678806,50.0,180.0,41.09597195882671,90.0,102.92101211616458,48.90402804117329,90.0,257.07898788383545
29.279999999999465,2.8107197187363098,50.0,199.6457450145864,30.41043744556457,90.0,120.41769652199864,59.58956255443543,90.0,239.58230347800136
29.299999999999464,4.635254915576189,-50.0,199.02113032592388,30.195284643887508,90.0,119.82697291847215,120.1952846438875,90.0,134.82697291847217
29.299999999999464,-2.999999999967855,-50.0,180.0,41.471006366873574,90.0,102.93383809802799,131.47100636687358,90.0,102.93383809802799
29.299999999999464,-2.999999999967855,50.0,180.0,41.471006366873574,90.0,102.93383809802799,48.528993633126426,90.0,257.066161901972
29.299999999999464,4.635254915576189,50.0,199.02113032592388,30.195284643887508,90.0,119.82697291847215,59.804715356112496,90.0,240.17302708152783
29.319999999999464,6.386689373430367,-50.0,198.09654104934907,30.141405471583926,90.0,118.96044239850711,120.14140547158392,90.0,133.9604423985071
29.319999999999464,-4.1999999999678295,-50.0,180.0,41.84252135859102,90.0,102.95307830743843,131.84252135859103,90.0,102.95307830743843
29.319999999999464,-4.1999999999678295,50.0,180.0,41.84252135859102,90.0,102.95307830743843,48.15747864140898,90.0,257.04692169256157
29.319999999999464,6.386689373430367,50.0,198.09654104934907,30.141405471583926,90.0,118.96044239850711,59.85859452841608,90.0,241.0395576014929
29.339999999999463,8.037401924642248,-50.0,196.88655851007644,30.24353997741117,90.0,117.84002214424638,120.24353997741117,90.0,132.84002214424638
29.339999999999463,-5.399999999967804,-50.0,180.0,42.21048244974722,90.0,102.97873423224448,132.21048244974722,90.0,102.97873423224448
29.339999999999463,-5.399999999967804,50.0,180.0,42.21048244974722,90.0,102.97873423224448,47.78951755025278,90.0,257.0212657677555
29.339999999999463,8.037401924642248,50.0,196.88655851007644,30.24353997741117,90.0,117.84002214424638,59.756460022588826,90.0,242.15997785575362
29.359999999999463,9.561359846191348,-50.0,195.4102648555588,30.493846999068257,90.0,116.4926496642906,120.49384699906825,90.0,131.49264966429058
29.359999999999463,-6.599999999967778,-50.0,180.0,42.57485501068752,90.0,103.01080786276746,132.57485501068751,90.0,103.01080786276746
29.359999999999463,-6.599999999967778,50.0,180.0,42.57485501068752,90.0,103.01080786276746,47.42514498931248,90.0,256.9891921372325
29.359999999999463,9.561359846191348,50.0,195.4102648555588,30.493846999068257,90.0,116.4926496642906,59.50615300093175,90.0,243.50735033570942
29.379999999999463,10.934529411286496,-50.0,193.690942118623,30.882649805522423,90.0,114.94881982572862,120.88264980552242,90.0,129.9488198257286
29.379999999999463,-7.799999999967753,-50.0,180.0,42.935604281092544,90.0,103.04930169740608,132.93560428109254,90.0,103.04930169740608
29.379999999999463,-7.799999999967753,50.0,180.0,42.935604281092544,90.0,103.04930169740608,47.064395718907456,90.0,256.95069830259393
29.379999999999463,10.934529411286496,50.0,193.690942118623,30.882649805522423,90.0,114.94881982572862,59.11735019447758,90.0,245.0511801742714
29.399999999999462,12.135254915594414,-50.0,191.75570504590414,31.39912188028961,90.0,113.2412061683644,121.39912188028961,90.0,128.24120616836439
29.399999999999462,-8.999999999967727,-50.0,180.0,43.292695383833156,90.0,103.09421874965756,133.29269538383315,90.0,103.09421874965756
29.399999999999462,-8.999999999967727,50.0,180.0,43.292695383833156,90.0,103.09421874965756,46.707304616166844,90.0,256.90578125034244
29.399999999999462,12.135254915594414,50.0,191.75570504590414,31.39912188028961,90.0,113.2412061683644,58.60087811971039,90.0,246.75879383163561
29.41999999999946,13.14460020063351,-50.0,189.6350734820936,32.03184827321686,90.0,111.40348373252283,122.03184827321687,90.0,126.40348373252283
29.41999999999946,-10.199999999967702,-50.0,180.0,43.646093337893625,90.0,103.14556255656755,133.64609333789363,90.0,103.14556255656755
29.41999999999946,-10.199999999967702,50.0,180.0,43.646093337893625,90.0,103.14556255656755,46.353906662106375,90.0,256.85443744343246
29.41999999999946,13.14460020063351,50.0,189.6350734820936,32.03184827321686,90.0,111.40348373252283,57.96815172678314,90.0,248.59651626747717
29.43999999999946,13.946647288305078,-50.0,187.36249105375651,32.76923116006882,90.0,109.46940676817209,122.76923116006881,90.0,124.46940676817209
29.43999999999946,-11.399999999967676,-50.0,180.0,43.99576307033423,90.0,103.20333718862076,133.99576307033422,90.0,103.20333718862076
29.43999999999946,-11.399999999967676,50.0,180.0,43.99576307033423,90.0,103.20333718862076,46.00423692966577,90.0,256.79666281137924
29.43999999999946,13.946647288305078,50.0,187.36249105375651,32.76923116006882,90.0,109.46940676817209,57.23076883993118,90.0,250.5305932318279
29.45999999999946,14.52874741691683,-50.0,184.97379774336272,33.599735712614475,90.0,107.47214231330872,123.59973571261447,90.0,122.47214231330872
29.45999999999946,-12.59999999996765,-50.0,180.0,44.34166942726281,90.0,103.2675472610889,134.34166942726281,90.0,103.2675472610889
29.45999999999946,-12.59999999996765,50.0,180.0,44.34166942726281,90.0,103.2675472610889,45.65833057273719,90.0,256.7324527389111
29.45999999999946,14.52874741691683,50.0,184.97379774336272,33.599735712614475,90.0,107.47214231330872,56.400264287385525,90.0,252.52785768669128
29.47999999999946,14.881720519710793,-50.0,182.50666467135335,34.51199066490841,90.0,105.44382662395597,124.51199066490841,90.0,120.44382662395597
29.47999999999946,-13.799999999967625,-50.0,180.0,44.68377718378509,90.0,103.33819794685353,134.68377718378508,90.0,103.33819794685353
29.47999999999946,-13.799999999967625,50.0,180.0,44.68377718378509,90.0,103.33819794685353,45.31622281621491,90.0,256.66180205314646
29.47999999999946,14.881720519710793,50.0,182.50666467135335,34.51199066490841,90.0,105.44382662395597,55.48800933509159,90.0,254.55617337604403
29.49999999999946,15.0,-50.0,180.00000000006787,35.49476767143154,90.0,103.41529499078149,125.49476767143153,90.0,118.41529499078149
29.49999999999946,-14.9999999999676,-50.0,180.0,45.022051052902206,90.0,103.41529499072482,135.0220510529022,90.0,103.41529499072482
29.49999999999946,-14.9999999999676,50.0,180.0,45.022051052902206,90.0,103.41529499072482,44.977948947097794,90.0,256.5847050092752
29.49999999999946,15.0,50.0,180.00000000006787,35.49476767143154,90.0,103.41529499078149,54.50523232856846,90.0,256.5847050092185
29.51999999999946,13.800000000032426,-50.0,180.0,35.91557665899304,90.0,103.3381979468575,125.91557665899305,90.0,118.3381979468575
29.51999999999946,-14.881720519723551,-50.0,182.50666467121872,43.83523961876225,90.0,105.4438266238462,133.83523961876224,90.0,105.4438266238462
29.51999999999946,-14.881720519723551,50.0,182.50666467121872,43.83523961876225,90.0,105.4438266238462,46.16476038123775,90.0,254.5561733761538
29.51999999999946,13.800000000032426,50.0,180.0,35.91557665899304,90.0,103.3381979468575,54.08442334100696,90.0,256.6618020531425
29.53999999999946,12.600000000032452,-50.0,180.0,36.33332354584204,90.0,103.26754726109253,126.33332354584203,90.0,118.26754726109253
29.53999999999946,-14.528747416942144,-50.0,184.97379774323127,42.58187673395166,90.0,107.47214231319974,132.58187673395167,90.0,107.47214231319974
29.53999999999946,-14.528747416942144,50.0,184.97379774323127,42.58187673395166,90.0,107.47214231319974,47.41812326604834,90.0,252.52785768680025
29.53999999999946,12.600000000032452,50.0,180.0,36.33332354584204,90.0,103.26754726109253,53.66667645415796,90.0,256.73245273890745
29.55999999999946,11.400000000032477,-50.0,180.0,36.74797787899378,90.0,103.20333718862406,126.74797787899378,90.0,118.20333718862406
29.55999999999946,-13.946647288342552,-50.0,187.36249105363032,41.283347826809404,90.00000000000001,109.46940676806568,131.2833478268094,89.99999999999999,109.46940676806568
29.55999999999946,-13.946647288342552,50.0,187.36249105363032,41.283347826809404,90.00000000000001,109.46940676806568,48.716652173190596,90.00000000000001,250.53059323193432
29.55999999999946,11.400000000032477,50.0,180.0,36.74797787899378,90.0,103.20333718862406,53.25202212100622,90.0,256.79666281137594
29.57999999999946,10.200000000032503,-50.0,180.0,37.159508772339585,90.0,103.14556255657051,127.15950877233959,90.0,118.14556255657051
29.57999999999946,-13.14460020068255,-50.0,189.63507348197464,39.962105084312356,90.0,111.40348373242067,129.96210508431236,90.0,111.40348373242067
29.57999999999946,-13.14460020068255,50.0,189.63507348197464,39.962105084312356,90.0,111.40348373242067,50.037894915687644,90.0,248.59651626757932
29.57999999999946,10.200000000032503,50.0,180.0,37.159508772339585,90.0,103.14556255657051,52.840491227660415,90.0,256.8544374434295
29.599999999999458,9.000000000032529,-50.0,180.0,37.567884931608184,90.0,103.09421874966016,127.56788493160818,90.0,118.09421874966016
29.599999999999458,-12.135254915654244,-50.0,191.75570504579434,38.64138768645532,90.0,113.24120616826838,128.64138768645532,90.0,113.24120616826838
29.599999999999458,-12.135254915654244,50.0,191.75570504579434,38.64138768645532,90.0,113.24120616826838,51.35861231354468,90.0,246.75879383173162
29.599999999999458,9.000000000032529,50.0,180.0,37.567884931608184,90.0,103.09421874966016,52.432115068391816,90.0,256.9057812503398
29.619999999999457,7.800000000032554,-50.0,180.0,37.9730746786996,90.0,103.04930169740831,127.97307467869959,90.0,118.04930169740831
29.619999999999457,-10.934529411356179,-50.0,193.69094211852408,37.3448838734266,90.00000000000001,114.94881982564051,127.3448838734266,89.99999999999999,114.94881982564051
29.619999999999457,-10.934529411356179,50.0,193.69094211852408,37.3448838734266,90.00000000000001,114.94881982564051,52.6551161265734,90.00000000000001,245.0511801743595
29.619999999999457,7.800000000032554,50.0,180.0,37.9730746786996,90.0,103.04930169740831,52.0269253213004,90.0,256.9506983025917
29.639999999999457,6.60000000003258,-50.0,180.0,38.37504597539604,90.0,103.01080786276937,128.37504597539603,90.0,118.01080786276937
29.639999999999457,-9.561359846269777,-50.0,195.4102648554723,36.09630608752514,90.0,116.49264966421225,126.09630608752514,90.0,116.49264966421225
29.639999999999457,-9.561359846269777,50.0,195.4102648554723,36.09630608752514,90.0,116.49264966421225,53.90369391247486,90.0,243.50735033578775
29.639999999999457,6.60000000003258,50.0,180.0,38.37504597539604,90.0,103.01080786276937,51.62495402460396,90.0,256.98919213723065
29.659999999999457,5.400000000032605,-50.0,180.0,38.773766446435346,90.0,102.97873423224603,128.77376644643533,90.0,117.97873423224603
29.659999999999457,-8.037401924728194,-50.0,196.8865585100037,34.918858172960384,90.0,117.84002214417949,124.91885817296038,90.0,117.84002214417949
29.659999999999457,-8.037401924728194,50.0,196.8865585100037,34.918858172960384,90.0,117.84002214417949,55.081141827039616,90.0,242.1599778558205
29.659999999999457,5.400000000032605,50.0,180.0,38.773766446435346,90.0,102.97873423224603,51.226233553564654,90.0,257.02126576775396
29.679999999999456,4.200000000032631,-50.0,180.0,39.16920340193199,90.0,102.95307830743967,129.16920340193198,90.0,117.95307830743967
29.679999999999456,-6.386689373522467,-50.0,198.0965410492913,33.83459098776912,90.0,118.96044239845325,123.83459098776912,90.0,118.96044239845325
29.679999999999456,-6.386689373522467,50.0,198.0965410492913,33.83459098776912,90.0,118.96044239845325,56.16540901223088,90.0,241.03955760154673
29.679999999999456,4.200000000032631,50.0,180.0,39.16920340193199,90.0,102.95307830743967,50.83079659806801,90.0,257.0469216925603
29.699999999999456,3.0000000000326565,-50.0,180.0,39.561323859128564,90.0,102.93383809802884,129.56132385912855,90.0,117.93383809802884
29.699999999999456,-4.635254915672997,-50.0,199.02113032588193,32.86367004229157,90.0,119.8269729184326,122.86367004229157,90.0,119.8269729184326
29.699999999999456,-4.635254915672997,50.0,199.02113032588193,32.86367004229157,90.0,119.8269729184326,57.13632995770843,90.0,240.1730270815674
29.699999999999456,3.0000000000326565,50.0,180.0,39.561323859128564,90.0,102.93383809802884,50.438676140871436,90.0,257.06616190197116
29.719999999999455,1.8000000000326821,-50.0,180.0,39.95009456345929,90.0,102.9210121161651,129.9500945634593,90.0,117.9210121161651
29.719999999999455,-2.810719718836297,-50.0,199.64574501456096,32.023612208944414,90.0,120.4176965219745,122.02361220894441,90.0,120.4176965219745
29.719999999999455,-2.810719718836297,50.0,199.64574501456096,32.023612208944414,90.0,120.4176965219745,57.976387791055586,90.0,239.5823034780255
29.719999999999455,1.8000000000326821,50.0,180.0,39.95009456345929,90.0,102.9210121161651,50.04990543654071,90.0,257.0789878838349
29.739999999999455,0.6000000000327077,-50.0,180.0,40.335482008905934,90.0,102.91459937227704,130.33548200890593,90.0,117.91459937227704
29.739999999999455,-0.941857792990977,-50.0,199.96053456856112,31.328579304910875,90.00000000000001,120.71708781728285,121.32857930491087,89.99999999999999,120.71708781728285
29.739999999999455,-0.941857792990977,50.0,199.96053456856112,31.328579304910875,90.00000000000001,120.71708781728285,58.671420695089125,90.00000000000001,239.28291218271715
29.739999999999455,0.6000000000327077,50.0,180.0,40.335482008905934,90.0,102.91459937227704,49.664517991094066,90.0,257.08540062772295
29.759999999999454,-0.5999999999672667,-50.0,180.0,40.7174524576254,90.0,102.91459937227687,130.7174524576254,90.0,117.91459937227687
29.759999999999454,0.9418577928883836,-50.0,199.96053456856973,30.788832024568748,90.0,120.71708781729103,120.78883202456875,90.0,120.71708781729103
29.759999999999454,0.9418577928883836,50.0,199.96053456856973,30.788832024568748,90.0,120.71708781729103,59.21116797543125,90.0,239.28291218270897
29.759999999999454,-0.5999999999672667,50.0,180.0,40.7174524576254,90.0,102.91459937227687,49.2825475423746,90.0,257.0854006277231
29.779999999999454,-1.7999999999672411,-50.0,180.0,41.09597195882651,90.0,102.92101211616458,131.0959719588265,90.0,117.92101211616458
29.779999999999454,2.810719718735322,-50.0,199.64574501458662,30.410437445564728,90.0,120.41769652199886,120.41043744556472,90.0,120.41769652199886
29.779999999999454,2.810719718735322,50.0,199.64574501458662,30.410437445564728,90.0,120.41769652199886,59.589562554435275,90.0,239.58230347800114
29.779999999999454,-1.7999999999672411,50.0,180.0,41.09597195882651,90.0,102.92101211616458,48.90402804117349,90.0,257.07898788383545
29.799999999999454,-2.9999999999672156,-50.0,180.0,41.47100636687337,90.0,102.93383809802799,131.47100636687338,90.0,117.93383809802799
29.799999999999454,4.635254915575231,-50.0,199.02113032592428,30.195284643887593,90.00000000000001,119.82697291847253,120.19528464388759,89.99999999999999,119.82697291847253
29.799999999999454,4.635254915575231,50.0,199.02113032592428,30.195284643887593,90.00000000000001,119.82697291847253,59.80471535611241,90.00000000000001,240.17302708152747
29.799999999999454,-2.9999999999672156,50.0,180.0,41.47100636687337,90.0,102.93383809802799,48.52899363312663,90.0,257.066161901972
29.819999999999453,-4.19999999996719,-50.0,180.0,41.842521358590815,90.0,102.95307830743843,131.84252135859083,90.0,117.95307830743843
29.819999999999453,6.386689373429457,-50.0,198.09654104934964,30.141405471583905,90.0,118.96044239850767,120.14140547158391,90.0,118.96044239850767
29.819999999999453,6.386689373429457,50.0,198.09654104934964,30.141405471583905,90.0,118.96044239850767,59.85859452841609,90.0,241.03955760149233
29.819999999999453,-4.19999999996719,50.0,180.0,41.842521358590815,90.0,102.95307830743843,48.157478641409185,90.0,257.04692169256157
29.839999999999453,-5.399999999967164,-50.0,180.0,42.21048244974702,90.0,102.97873423224445,132.21048244974702,90.0,117.97873423224445
29.839999999999453,8.037401924641397,-50.0,196.88655851007715,30.243539977411096,90.0,117.84002214424702,120.2435399774111,90.0,117.84002214424702
29.839999999999453,8.037401924641397,50.0,196.88655851007715,30.243539977411096,90.0,117.84002214424702,59.756460022588904,90.0,242.15997785575297
29.839999999999453,-5.399999999967164,50.0,180.0,42.21048244974702,90.0,102.97873423224445,47.78951755025298,90.0,257.02126576775555
29.859999999999452,-6.599999999967139,-50.0,180.0,42.57485501068733,90.0,103.01080786276744,132.57485501068732,90.0,118.01080786276744
29.859999999999452,9.561359846190573,-50.0,195.41026485555966,30.49384699906808,90.00000000000001,116.49264966429139,120.49384699906808,89.99999999999999,116.49264966429139
29.859999999999452,9.561359846190573,50.0,195.41026485555966,30.49384699906808,90.00000000000001,116.49264966429139,59.50615300093192,90.00000000000001,243.50735033570862
29.859999999999452,-6.599999999967139,50.0,180.0,42.57485501068733,90.0,103.01080786276744,47.42514498931267,90.0,256.9891921372326
29.879999999999452,-7.799999999967113,-50.0,180.0,42.93560428109235,90.0,103.04930169740605,132.93560428109237,90.0,118.04930169740605
29.879999999999452,10.934529411285807,-50.0,193.69094211862398,30.88264980552219,90.0,114.94881982572949,120.88264980552219,90.0,114.94881982572949
29.879999999999452,10.934529411285807,50.0,193.69094211862398,30.88264980552219,90.0,114.94881982572949,59.11735019447781,90.0,245.0511801742705
29.879999999999452,-7.799999999967113,50.0,180.0,42.93560428109235,90.0,103.04930169740605,47.06439571890765,90.0,256.95069830259393
29.89999999999945,-8.999999999967088,-50.0,180.0,43.292695383832964,90.0,103.09421874965753,133.29269538383295,90.0,118.09421874965753
29.89999999999945,12.135254915593823,-50.0,191.75570504590524,31.39912188028928,90.0,113.24120616836538,121.39912188028927,90.0,113.24120616836538
29.89999999999945,12.135254915593823,50.0,191.75570504590524,31.39912188028928,90.0,113.24120616836538,58.60087811971072,90.0,246.75879383163462
29.89999999999945,-8.999999999967088,50.0,180.0,43.292695383832964,90.0,103.09421874965753,46.707304616167036,90.0,256.90578125034244
29.91999999999945,-10.199999999967062,-50.0,180.0,43.64609333789343,90.0,103.14556255656753,133.64609333789343,90.0,118.14556255656753
29.91999999999945,13.144600200633029,-50.0,189.63507348209475,32.03184827321649,90.0,111.40348373252385,122.0318482732165,90.0,111.40348373252385
29.91999999999945,13.144600200633029,50.0,189.63507348209475,32.03184827321649,90.0,111.40348373252385,57.96815172678351,90.0,248.59651626747615
29.91999999999945,-10.199999999967062,50.0,180.0,43.64609333789343,90.0,103.14556255656753,46.35390666210657,90.0,256.85443744343246
29.93999999999945,-11.399999999967037,-50.0,180.0,43.99576307033405,90.0,103.20333718862074,133.99576307033405,90.0,118.20333718862074
29.93999999999945,13.946647288304709,-50.0,187.36249105375776,32.76923116006839,90.0,109.46940676817317,122.76923116006839,90.0,109.46940676817317
29.93999999999945,13.946647288304709,50.0,187.36249105375776,32.76923116006839,90.0,109.46940676817317,57.23076883993161,90.0,250.53059323182683
29.93999999999945,-11.399999999967037,50.0,180.0,43.99576307033405,90.0,103.20333718862074,46.00423692966595,90.0,256.7966628113793
29.95999999999945,-12.599999999967011,-50.0,180.0,44.3416694272626,90.0,103.26754726108886,134.34166942726262,90.0,118.26754726108886
29.95999999999945,14.52874741691658,-50.0,184.973797743364,33.59973571261402,90.0,107.47214231330977,123.59973571261402,90.0,107.47214231330977
29.95999999999945,14.52874741691658,50.0,184.973797743364,33.59973571261402,90.0,107.47214231330977,56.40026428738598,90.0,252.52785768669023
29.95999999999945,-12.599999999967011,50.0,180.0,44.3416694272626,90.0,103.26754726108886,45.6583305727374,90.0,256.73245273891115
29.97999999999945,-13.799999999966985,-50.0,180.0,44.68377718378491,90.0,103.33819794685347,134.6837771837849,90.0,118.33819794685347
29.97999999999945,14.881720519710667,-50.0,182.50666467135468,34.51199066490789,90.00000000000001,105.44382662395708,124.5119906649079,89.99999999999999,105.44382662395708
29.97999999999945,14.881720519710667,50.0,182.50666467135468,34.51199066490789,90.00000000000001,105.44382662395708,55.48800933509211,90.00000000000001,254.55617337604292
29.97999999999945,-13.799999999966985,50.0,180.0,44.68377718378491,90.0,103.33819794685347,45.31622281621509,90.0,256.6618020531465
