time (s),target_x (mm),target_y (mm),target_z (mm),joint_hip (deg),joint_shoulder (deg),joint_knee (deg),servo_hip (deg),servo_shoulder (deg),servo_knee (deg)
0.0,-0.0,-50.0,180.0,40.52689647501644,90.0,102.91379779086434,130.52689647501643,90.0,117.91379779086434
0.0,0.0,-50.0,180.0,40.52689647501644,90.0,102.91379779086434,130.52689647501643,90.0,102.91379779086434
0.0,0.0,50.0,180.0,40.52689647501644,90.0,102.91379779086434,49.47310352498356,90.0,257.08620220913565
0.0,-0.0,50.0,180.0,40.52689647501644,90.0,102.91379779086434,49.47310352498356,90.0,257.08620220913565
0.02,-0.0,-50.0,181.25581039058628,39.98509387256257,90.0,103.9260447362978,129.98509387256257,90.0,118.9260447362978
0.02,0.0,-50.0,180.0,40.52689647501644,90.0,102.91379779086434,130.52689647501643,90.0,102.91379779086434
0.02,0.0,50.0,180.0,40.52689647501644,90.0,102.91379779086434,49.47310352498356,90.0,257.08620220913565
0.02,-0.0,50.0,181.25581039058628,39.98509387256257,90.0,103.9260447362978,50.01490612743743,90.0,256.0739552637022
0.04,-0.0,-50.0,182.50666467128607,39.43978353063155,90.0,104.94576748695319,129.43978353063156,90.0,119.94576748695319
0.04,0.0,-50.0,180.0,40.52689647501644,90.0,102.91379779086434,130.52689647501643,90.0,102.91379779086434
0.04,0.0,50.0,180.0,40.52689647501644,90.0,102.91379779086434,49.47310352498356,90.0,257.08620220913565
0.04,-0.0,50.0,182.50666467128607,39.43978353063155,90.0,104.94576748695319,50.56021646936845,90.0,255.05423251304683
0.06,-0.0,-50.0,183.74762629171448,38.89296351592248,90.0,105.96921554652673,128.89296351592247,90.0,120.96921554652673
0.06,0.0,-50.0,180.0,40.52689647501644,90.0,102.91379779086434,130.52689647501643,90.0,102.91379779086434
0.06,0.0,50.0,180.0,40.52689647501644,90.0,102.91379779086434,49.47310352498356,90.0,257.08620220913565
0.06,-0.0,50.0,183.74762629171448,38.89296351592248,90.0,105.96921554652673,51.10703648407752,90.0,254.03078445347327
0.08,-0.0,-50.0,184.9737977432971,38.34670176971174,90.00000000000001,106.9924947010524,128.34670176971173,89.99999999999999,121.9924947010524
0.08,0.0,-50.0,180.0,40.52689647501644,90.0,102.91379779086434,130.52689647501643,90.0,102.91379779086434
0.08,0.0,50.0,180.0,40.52689647501644,90.0,102.91379779086434,49.47310352498356,90.0,257.08620220913565
0.08,-0.0,50.0,184.9737977432971,38.34670176971174,90.00000000000001,106.9924947010524,51.65329823028826,90.00000000000001,253.0075052989476
0.1,-0.0,-50.0,186.18033988749895,37.80313431920591,90.0,108.01157073826641,127.80313431920591,90.0,123.01157073826641
0.1,0.0,-50.0,180.0,40.52689647501644,90.0,102.91379779086434,130.52689647501643,90.0,102.91379779086434
0.1,0.0,50.0,180.0,40.52689647501644,90.0,102.91379779086434,49.47310352498356,90.0,257.08620220913565
0.1,-0.0,50.0,186.18033988749895,37.80313431920591,90.0,108.01157073826641,52.19686568079409,90.0,251.9884292617336
0.12000000000000001,-0.0,-50.0,187.36249105369356,37.26446256083346,90.0,109.02227503993053,127.26446256083346,90.0,124.02227503993053
0.12000000000000001,0.0,-50.0,180.0,40.52689647501644,90.0,102.91379779086434,130.52689647501643,90.0,102.91379779086434
0.12000000000000001,0.0,50.0,180.0,40.52689647501644,90.0,102.91379779086434,49.47310352498356,90.0,257.08620220913565
0.12000000000000001,-0.0,50.0,187.36249105369356,37.26446256083346,90.0,109.02227503993053,52.73553743916654,90.0,250.97772496006945
0.14,-0.0,-50.0,188.51558583130145,36.73294938041942,90.0,110.02031248513481,126.73294938041943,90.0,125.02031248513481
0.14,0.0,-50.0,180.0,40.52689647501644,90.0,102.91379779086434,130.52689647501643,90.0,102.91379779086434
0.14,0.0,50.0,180.0,40.52689647501644,90.0,102.91379779086434,49.47310352498356,90.0,257.08620220913565
0.14,-0.0,50.0,188.51558583130145,36.73294938041942,90.0,110.02031248513481,53.26705061958058,90.0,249.9796875148652
0.16,-0.0,-50.0,189.6350734820343,36.21091385430361,90.0,111.00127214311333,126.21091385430361,90.0,126.00127214311333
0.16,0.0,-50.0,180.0,40.52689647501644,90.0,102.91379779086434,130.52689647501643,90.0,102.91379779086434
0.16,0.0,50.0,180.0,40.52689647501644,90.0,102.91379779086434,49.47310352498356,90.0,257.08620220913565
0.16,-0.0,50.0,189.6350734820343,36.21091385430361,90.0,111.00127214311333,53.78908614569639,90.0,248.99872785688666
0.18,-0.0,-50.0,190.71653589957992,35.700724260838655,90.0,111.96064126271757,125.70072426083865,90.0,126.96064126271757
0.18,0.0,-50.0,180.0,40.52689647501644,90.0,102.91379779086434,130.52689647501643,90.0,102.91379779086434
0.18,0.0,50.0,180.0,40.52689647501644,90.0,102.91379779086434,49.47310352498356,90.0,257.08620220913565
0.18,-0.0,50.0,190.71653589957992,35.700724260838655,90.0,111.96064126271757,54.299275739161345,90.0,248.03935873728244
0.19999999999999998,-0.0,-50.0,191.75570504584945,35.204789126751,90.0,112.89382307579466,125.204789126751,90.0,127.89382307579466
0.19999999999999998,0.0,-50.0,180.0,40.52689647501644,90.0,102.91379779086434,130.52689647501643,90.0,102.91379779086434
0.19999999999999998,0.0,50.0,180.0,40.52689647501644,90.0,102.91379779086434,49.47310352498356,90.0,257.08620220913565
0.19999999999999998,-0.0,50.0,191.75570504584945,35.204789126751,90.0,112.89382307579466,54.795210873249,90.0,247.10617692420533
0.21999999999999997,-0.0,-50.0,192.7484797949738,34.72554604159611,90.0,113.79615891553271,124.72554604159612,90.0,128.79615891553271
0.21999999999999997,0.0,-50.0,180.0,40.52689647501644,90.0,102.91379779086434,130.52689647501643,90.0,102.91379779086434
0.21999999999999997,0.0,50.0,180.0,40.52689647501644,90.0,102.91379779086434,49.47310352498356,90.0,257.08620220913565
0.21999999999999997,-0.0,50.0,192.7484797949738,34.72554604159611,90.0,113.79615891553271,55.27445395840389,90.0,246.20384108446729
0.23999999999999996,-0.0,-50.0,193.69094211857376,34.26544800044468,90.0,114.66295509977456,124.26544800044468,90.0,129.66295509977456
0.23999999999999996,0.0,-50.0,180.0,40.52689647501644,90.0,102.91379779086434,130.52689647501643,90.0,102.91379779086434
0.23999999999999996,0.0,50.0,180.0,40.52689647501644,90.0,102.91379779086434,49.47310352498356,90.0,257.08620220913565
0.23999999999999996,-0.0,50.0,193.69094211857376,34.26544800044468,90.0,114.66295509977456,55.73455199955532,90.0,245.33704490022544
0.25999999999999995,-0.0,-50.0,194.57937254842824,33.82694708452791,90.0,115.48951493464976,123.82694708452792,90.0,130.48951493464978
0.25999999999999995,0.0,-50.0,180.0,40.52689647501644,90.0,102.91379779086434,130.52689647501643,90.0,102.91379779086434
0.25999999999999995,0.0,50.0,180.0,40.52689647501644,90.0,102.91379779086434,49.47310352498356,90.0,257.08620220913565
0.25999999999999995,-0.0,50.0,194.57937254842824,33.82694708452791,90.0,115.48951493464976,56.17305291547209,90.0,244.51048506535022
0.27999999999999997,-0.0,-50.0,195.41026485551578,33.41247536588891,90.0,116.2711760478642,123.41247536588891,90.0,131.2711760478642
0.27999999999999997,0.0,-50.0,180.0,40.52689647501644,90.0,102.91379779086434,130.52689647501643,90.0,102.91379779086434
0.27999999999999997,0.0,50.0,180.0,40.52689647501644,90.0,102.91379779086434,49.47310352498356,90.0,257.08620220913565
0.27999999999999997,-0.0,50.0,195.41026485551578,33.41247536588891,90.0,116.2711760478642,56.58752463411109,90.0,243.7288239521358
0.3,-0.0,-50.0,196.18033988749895,33.02442302792544,90.0,117.00335305825631,123.02442302792544,90.0,132.00335305825632
0.3,0.0,-50.0,180.0,40.52689647501644,90.0,102.91379779086434,130.52689647501643,90.0,102.91379779086434
0.3,0.0,50.0,180.0,40.52689647501644,90.0,102.91379779086434,49.47310352498356,90.0,257.08620220913565
0.3,-0.0,50.0,196.18033988749895,33.02442302792544,90.0,117.00335305825631,56.97557697207456,90.0,242.99664694174368
0.32,-0.0,-50.0,196.8865585100403,32.665113829680934,90.0,117.68158532761394,122.66511382968093,90.0,132.68158532761396
0.32,0.0,-50.0,180.0,40.52689647501644,90.0,102.91379779086434,130.52689647501643,90.0,102.91379779086434
0.32,0.0,50.0,180.0,40.52689647501644,90.0,102.91379779086434,49.47310352498356,90.0,257.08620220913565
0.32,-0.0,50.0,196.8865585100403,32.665113829680934,90.0,117.68158532761394,57.334886170319066,90.0,242.31841467238604
0.34,-0.0,-50.0,197.52613360087727,32.33677820526466,90.00000000000001,118.30158922721716,122.33677820526466,89.99999999999999,133.30158922721716
0.34,0.0,-50.0,180.0,40.52689647501644,90.0,102.91379779086434,130.52689647501643,90.0,102.91379779086434
0.34,0.0,50.0,180.0,40.52689647501644,90.0,102.91379779086434,49.47310352498356,90.0,257.08620220913565
0.34,-0.0,50.0,197.52613360087727,32.33677820526466,90.00000000000001,118.30158922721716,57.66322179473534,90.00000000000001,241.69841077278284
0.36000000000000004,-0.0,-50.0,198.0965410493204,32.041524474193466,90.0,118.85931399794805,122.04152447419347,90.0,133.85931399794805
0.36000000000000004,0.0,-50.0,180.0,40.52689647501644,90.0,102.91379779086434,130.52689647501643,90.0,102.91379779086434
0.36000000000000004,0.0,50.0,180.0,40.52689647501644,90.0,102.91379779086434,49.47310352498356,90.0,257.08620220913565
0.36000000000000004,-0.0,50.0,198.0965410493204,32.041524474193466,90.0,118.85931399794805,57.958475525806534,90.0,241.14068600205195
0.38000000000000006,-0.0,-50.0,198.59552971776503,31.781308832421402,90.00000000000001,119.35099991085718,121.7813088324214,89.99999999999999,134.35099991085718
0.38000000000000006,0.0,-50.0,180.0,40.52689647501644,90.0,102.91379779086434,130.52689647501643,90.0,102.91379779086434
0.38000000000000006,0.0,50.0,180.0,40.52689647501644,90.0,102.91379779086434,49.47310352498356,90.0,257.08620220913565
0.38000000000000006,-0.0,50.0,198.59552971776503,31.781308832421402,90.00000000000001,119.35099991085718,58.2186911675786,90.00000000000001,240.64900008914282
0.4000000000000001,-0.0,-50.0,199.02113032590307,31.557904981446903,90.0,119.77323707536696,121.55790498144691,90.0,134.77323707536698
0.4000000000000001,0.0,-50.0,180.0,40.52689647501644,90.0,102.91379779086434,130.52689647501643,90.0,102.91379779086434
0.4000000000000001,0.0,50.0,180.0,40.52689647501644,90.0,102.91379779086434,49.47310352498356,90.0,257.08620220913565
0.4000000000000001,-0.0,50.0,199.02113032590307,31.557904981446903,90.0,119.77323707536696,58.4420950185531,90.0,240.22676292463302
0.4200000000000001,-0.0,-50.0,199.37166322257264,31.37287441457636,90.00000000000001,120.12302293244008,121.37287441457636,89.99999999999999,135.12302293244008
0.4200000000000001,0.0,-50.0,180.0,40.52689647501644,90.0,102.91379779086434,130.52689647501643,90.0,102.91379779086434
0.4200000000000001,0.0,50.0,180.0,40.52689647501644,90.0,102.91379779086434,49.47310352498356,90.0,257.08620220913565
0.4200000000000001,-0.0,50.0,199.37166322257264,31.37287441457636,90.00000000000001,120.12302293244008,58.62712558542364,90.00000000000001,239.87697706755992
0.4400000000000001,-0.0,-50.0,199.64574501457378,31.22753849387131,90.0,120.39781625095992,121.22753849387131,90.0,135.39781625095992
0.4400000000000001,0.0,-50.0,180.0,40.52689647501644,90.0,102.91379779086434,130.52689647501643,90.0,102.91379779086434
0.4400000000000001,0.0,50.0,180.0,40.52689647501644,90.0,102.91379779086434,49.47310352498356,90.0,257.08620220913565
0.4400000000000001,-0.0,50.0,199.64574501457378,31.22753849387131,90.0,120.39781625095992,58.77246150612869,90.0,239.60218374904008
0.46000000000000013,-0.0,-50.0,199.84229402628955,31.122953498331878,90.00000000000001,120.59558535600608,121.12295349833188,89.99999999999999,135.5955853560061
0.46000000000000013,0.0,-50.0,180.0,40.52689647501644,90.0,102.91379779086434,130.52689647501643,90.0,102.91379779086434
0.46000000000000013,0.0,50.0,180.0,40.52689647501644,90.0,102.91379779086434,49.47310352498356,90.0,257.08620220913565
0.46000000000000013,-0.0,50.0,199.84229402628955,31.122953498331878,90.00000000000001,120.59558535600608,58.87704650166812,90.00000000000001,239.4044146439939
0.48000000000000015,-0.0,-50.0,199.96053456856544,31.059889787850604,90.00000000000001,120.71484838764496,121.05988978785061,89.99999999999999,135.71484838764496
0.48000000000000015,0.0,-50.0,180.0,40.52689647501644,90.0,102.91379779086434,130.52689647501643,90.0,102.91379779086434
0.48000000000000015,0.0,50.0,180.0,40.52689647501644,90.0,102.91379779086434,49.47310352498356,90.0,257.08620220913565
0.48000000000000015,-0.0,50.0,199.96053456856544,31.059889787850604,90.00000000000001,120.71484838764496,58.94011021214939,90.00000000000001,239.28515161235504
0.5000000000000001,0.0,-50.0,200.0,31.038816100725942,90.00000000000001,120.75470363303134,121.03881610072594,89.99999999999999,135.75470363303134
0.5000000000000001,0.0,-50.0,180.0,40.52689647501644,90.0,102.91379779086434,130.52689647501643,90.0,102.91379779086434
0.5000000000000001,0.0,50.0,180.0,40.52689647501644,90.0,102.91379779086434,49.47310352498356,90.0,257.08620220913565
0.5000000000000001,0.0,50.0,200.0,31.038816100725942,90.00000000000001,120.75470363303134,58.96118389927406,90.00000000000001,239.24529636696866
0.5200000000000001,0.0,-50.0,199.96053456856544,31.059889787850604,90.00000000000001,120.71484838764496,121.05988978785061,89.99999999999999,135.71484838764496
0.5200000000000001,0.0,-50.0,180.0,40.52689647501644,90.0,102.91379779086434,130.52689647501643,90.0,102.91379779086434
0.5200000000000001,0.0,50.0,180.0,40.52689647501644,90.0,102.91379779086434,49.47310352498356,90.0,257.08620220913565
0.5200000000000001,0.0,50.0,199.96053456856544,31.059889787850604,90.00000000000001,120.71484838764496,58.94011021214939,90.00000000000001,239.28515161235504
0.5400000000000001,0.0,-50.0,199.84229402628955,31.122953498331878,90.00000000000001,120.59558535600608,121.12295349833188,89.99999999999999,135.5955853560061
0.5400000000000001,0.0,-50.0,180.0,40.52689647501644,90.0,102.91379779086434,130.52689647501643,90.0,102.91379779086434
0.5400000000000001,0.0,50.0,180.0,40.52689647501644,90.0,102.91379779086434,49.47310352498356,90.0,257.08620220913565
0.5400000000000001,0.0,50.0,199.84229402628955,31.122953498331878,90.00000000000001,120.59558535600608,58.87704650166812,90.00000000000001,239.4044146439939
0.5600000000000002,0.0,-50.0,199.64574501457378,31.22753849387131,90.0,120.39781625095992,121.22753849387131,90.0,135.39781625095992
0.5600000000000002,0.0,-50.0,180.0,40.52689647501644,90.0,102.91379779086434,130.52689647501643,90.0,102.91379779086434
0.5600000000000002,0.0,50.0,180.0,40.52689647501644,90.0,102.91379779086434,49.47310352498356,90.0,257.08620220913565
0.5600000000000002,0.0,50.0,199.64574501457378,31.22753849387131,90.0,120.39781625095992,58.77246150612869,90.0,239.60218374904008
0.5800000000000002,0.0,-50.0,199.3716632225726,31.37287441457637,90.00000000000001,120.12302293244007,121.37287441457637,89.99999999999999,135.12302293244005
0.5800000000000002,0.0,-50.0,180.0,40.52689647501644,90.0,102.91379779086434,130.52689647501643,90.0,102.91379779086434
0.5800000000000002,0.0,50.0,180.0,40.52689647501644,90.0,102.91379779086434,49.47310352498356,90.0,257.08620220913565
0.5800000000000002,0.0,50.0,199.3716632225726,31.37287441457637,90.00000000000001,120.12302293244007,58.62712558542363,90.00000000000001,239.87697706755995
0.6000000000000002,0.0,-50.0,199.02113032590307,31.557904981446903,90.0,119.77323707536696,121.55790498144691,90.0,134.77323707536698
0.6000000000000002,0.0,-50.0,180.0,40.52689647501644,90.0,102.91379779086434,130.52689647501643,90.0,102.91379779086434
0.6000000000000002,0.0,50.0,180.0,40.52689647501644,90.0,102.91379779086434,49.47310352498356,90.0,257.08620220913565
0.6000000000000002,0.0,50.0,199.02113032590307,31.557904981446903,90.0,119.77323707536696,58.4420950185531,90.0,240.22676292463302
0.6200000000000002,0.0,-50.0,198.59552971776503,31.781308832421402,90.00000000000001,119.35099991085718,121.7813088324214,89.99999999999999,134.35099991085718
0.6200000000000002,0.0,-50.0,180.0,40.52689647501644,90.0,102.91379779086434,130.52689647501643,90.0,102.91379779086434
0.6200000000000002,0.0,50.0,180.0,40.52689647501644,90.0,102.91379779086434,49.47310352498356,90.0,257.08620220913565
0.6200000000000002,0.0,50.0,198.59552971776503,31.781308832421402,90.00000000000001,119.35099991085718,58.2186911675786,90.00000000000001,240.64900008914282
0.6400000000000002,0.0,-50.0,198.0965410493204,32.041524474193466,90.0,118.85931399794805,122.04152447419347,90.0,133.85931399794805
0.6400000000000002,0.0,-50.0,180.0,40.52689647501644,90.0,102.91379779086434,130.52689647501643,90.0,102.91379779086434
0.6400000000000002,0.0,50.0,180.0,40.52689647501644,90.0,102.91379779086434,49.47310352498356,90.0,257.08620220913565
0.6400000000000002,0.0,50.0,198.0965410493204,32.041524474193466,90.0,118.85931399794805,57.958475525806534,90.0,241.14068600205195
0.6600000000000003,0.0,-50.0,197.52613360087727,32.33677820526466,90.00000000000001,118.30158922721716,122.33677820526466,89.99999999999999,133.30158922721716
0.6600000000000003,0.0,-50.0,180.0,40.52689647501644,90.0,102.91379779086434,130.52689647501643,90.0,102.91379779086434
0.6600000000000003,0.0,50.0,180.0,40.52689647501644,90.0,102.91379779086434,49.47310352498356,90.0,257.08620220913565
0.6600000000000003,0.0,50.0,197.52613360087727,32.33677820526466,90.00000000000001,118.30158922721716,57.66322179473534,90.00000000000001,241.69841077278284
0.6800000000000003,0.0,-50.0,196.8865585100403,32.665113829680934,90.0,117.68158532761394,122.66511382968093,90.0,132.68158532761396
0.6800000000000003,0.0,-50.0,180.0,40.52689647501644,90.0,102.91379779086434,130.52689647501643,90.0,102.91379779086434
0.6800000000000003,0.0,50.0,180.0,40.52689647501644,90.0,102.91379779086434,49.47310352498356,90.0,257.08620220913565
0.6800000000000003,0.0,50.0,196.8865585100403,32.665113829680934,90.0,117.68158532761394,57.334886170319066,90.0,242.31841467238604
0.7000000000000003,0.0,-50.0,196.18033988749895,33.02442302792544,90.0,117.00335305825631,123.02442302792544,90.0,132.00335305825632
0.7000000000000003,0.0,-50.0,180.0,40.52689647501644,90.0,102.91379779086434,130.52689647501643,90.0,102.91379779086434
0.7000000000000003,0.0,50.0,180.0,40.52689647501644,90.0,102.91379779086434,49.47310352498356,90.0,257.08620220913565
0.7000000000000003,0.0,50.0,196.18033988749895,33.02442302792544,90.0,117.00335305825631,56.97557697207456,90.0,242.99664694174368
0.7200000000000003,0.0,-50.0,195.41026485551578,33.41247536588891,90.0,116.2711760478642,123.41247536588891,90.0,131.2711760478642
0.7200000000000003,0.0,-50.0,180.0,40.52689647501644,90.0,102.91379779086434,130.52689647501643,90.0,102.91379779086434
0.7200000000000003,0.0,50.0,180.0,40.52689647501644,90.0,102.91379779086434,49.47310352498356,90.0,257.08620220913565
0.7200000000000003,0.0,50.0,195.41026485551578,33.41247536588891,90.0,116.2711760478642,56.58752463411109,90.0,243.7288239521358
0.7400000000000003,0.0,-50.0,194.5793725484282,33.826947084527916,90.0,115.48951493464973,123.82694708452792,90.0,130.48951493464972
0.7400000000000003,0.0,-50.0,180.0,40.52689647501644,90.0,102.91379779086434,130.52689647501643,90.0,102.91379779086434
0.7400000000000003,0.0,50.0,180.0,40.52689647501644,90.0,102.91379779086434,49.47310352498356,90.0,257.08620220913565
0.7400000000000003,0.0,50.0,194.5793725484282,33.826947084527916,90.0,115.48951493464973,56.173052915472084,90.0,244.51048506535028
0.7600000000000003,0.0,-50.0,193.69094211857376,34.26544800044468,90.0,114.66295509977456,124.26544800044468,90.0,129.66295509977456
0.7600000000000003,0.0,-50.0,180.0,40.52689647501644,90.0,102.91379779086434,130.52689647501643,90.0,102.91379779086434
0.7600000000000003,0.0,50.0,180.0,40.52689647501644,90.0,102.91379779086434,49.47310352498356,90.0,257.08620220913565
0.7600000000000003,0.0,50.0,193.69094211857376,34.26544800044468,90.0,114.66295509977456,55.73455199955532,90.0,245.33704490022544
0.7800000000000004,0.0,-50.0,192.74847979497378,34.72554604159612,90.0,113.7961589155327,124.72554604159612,90.0,128.79615891553271
0.7800000000000004,0.0,-50.0,180.0,40.52689647501644,90.0,102.91379779086434,130.52689647501643,90.0,102.91379779086434
0.7800000000000004,0.0,50.0,180.0,40.52689647501644,90.0,102.91379779086434,49.47310352498356,90.0,257.08620220913565
0.7800000000000004,0.0,50.0,192.74847979497378,34.72554604159612,90.0,113.7961589155327,55.27445395840388,90.0,246.20384108446729
0.8000000000000004,0.0,-50.0,191.75570504584945,35.204789126751,90.0,112.89382307579466,125.204789126751,90.0,127.89382307579466
0.8000000000000004,0.0,-50.0,180.0,40.52689647501644,90.0,102.91379779086434,130.52689647501643,90.0,102.91379779086434
0.8000000000000004,0.0,50.0,180.0,40.52689647501644,90.0,102.91379779086434,49.47310352498356,90.0,257.08620220913565
0.8000000000000004,0.0,50.0,191.75570504584945,35.204789126751,90.0,112.89382307579466,54.795210873249,90.0,247.10617692420533
0.8200000000000004,0.0,-50.0,190.71653589957992,35.700724260838655,90.0,111.96064126271757,125.70072426083865,90.0,126.96064126271757
0.8200000000000004,0.0,-50.0,180.0,40.52689647501644,90.0,102.91379779086434,130.52689647501643,90.0,102.91379779086434
0.8200000000000004,0.0,50.0,180.0,40.52689647501644,90.0,102.91379779086434,49.47310352498356,90.0,257.08620220913565
0.8200000000000004,0.0,50.0,190.71653589957992,35.700724260838655,90.0,111.96064126271757,54.299275739161345,90.0,248.03935873728244
0.8400000000000004,0.0,-50.0,189.63507348203427,36.21091385430364,90.0,111.00127214311328,126.21091385430364,90.0,126.00127214311328
0.8400000000000004,0.0,-50.0,180.0,40.52689647501644,90.0,102.91379779086434,130.52689647501643,90.0,102.91379779086434
0.8400000000000004,0.0,50.0,180.0,40.52689647501644,90.0,102.91379779086434,49.47310352498356,90.0,257.08620220913565
0.8400000000000004,0.0,50.0,189.63507348203427,36.21091385430364,90.0,111.00127214311328,53.78908614569636,90.0,248.99872785688672
0.8600000000000004,0.0,-50.0,188.51558583130142,36.732949380419434,90.00000000000001,110.0203124851348,126.73294938041943,89.99999999999999,125.0203124851348
0.8600000000000004,0.0,-50.0,180.0,40.52689647501644,90.0,102.91379779086434,130.52689647501643,90.0,102.91379779086434
0.8600000000000004,0.0,50.0,180.0,40.52689647501644,90.0,102.91379779086434,49.47310352498356,90.0,257.08620220913565
0.8600000000000004,0.0,50.0,188.51558583130142,36.732949380419434,90.00000000000001,110.0203124851348,53.267050619580566,90.00000000000001,249.9796875148652
0.8800000000000004,0.0,-50.0,187.36249105369353,37.264462560833465,90.0,109.02227503993052,127.26446256083346,90.0,124.02227503993052
0.8800000000000004,0.0,-50.0,180.0,40.52689647501644,90.0,102.91379779086434,130.52689647501643,90.0,102.91379779086434
0.8800000000000004,0.0,50.0,180.0,40.52689647501644,90.0,102.91379779086434,49.47310352498356,90.0,257.08620220913565
0.8800000000000004,0.0,50.0,187.36249105369353,37.264462560833465,90.0,109.02227503993052,52.735537439166535,90.0,250.97772496006948
0.9000000000000005,0.0,-50.0,186.18033988749892,37.80313431920592,90.00000000000001,108.01157073826639,127.80313431920592,89.99999999999999,123.01157073826639
0.9000000000000005,0.0,-50.0,180.0,40.52689647501644,90.0,102.91379779086434,130.52689647501643,90.0,102.91379779086434
0.9000000000000005,0.0,50.0,180.0,40.52689647501644,90.0,102.91379779086434,49.47310352498356,90.0,257.08620220913565
0.9000000000000005,0.0,50.0,186.18033988749892,37.80313431920592,90.00000000000001,108.01157073826639,52.19686568079408,90.00000000000001,251.98842926173361
0.9200000000000005,0.0,-50.0,184.97379774329707,38.34670176971176,90.0,106.99249470105238,128.34670176971176,90.0,121.99249470105238
0.9200000000000005,0.0,-50.0,180.0,40.52689647501644,90.0,102.91379779086434,130.52689647501643,90.0,102.91379779086434
0.9200000000000005,0.0,50.0,180.0,40.52689647501644,90.0,102.91379779086434,49.47310352498356,90.0,257.08620220913565
0.9200000000000005,0.0,50.0,184.97379774329707,38.34670176971176,90.0,106.99249470105238,51.65329823028824,90.0,253.00750529894762
0.9400000000000005,0.0,-50.0,183.74762629171445,38.89296351592249,90.0,105.96921554652668,128.89296351592247,90.0,120.96921554652668
0.9400000000000005,0.0,-50.0,180.0,40.52689647501644,90.0,102.91379779086434,130.52689647501643,90.0,102.91379779086434
0.9400000000000005,0.0,50.0,180.0,40.52689647501644,90.0,102.91379779086434,49.47310352498356,90.0,257.08620220913565
0.9400000000000005,0.0,50.0,183.74762629171445,38.89296351592249,90.0,105.96921554652668,51.10703648407751,90.0,254.0307844534733
0.9600000000000005,0.0,-50.0,182.50666467128605,39.43978353063157,90.0,104.94576748695317,129.4397835306316,90.0,119.94576748695317
0.9600000000000005,0.0,-50.0,180.0,40.52689647501644,90.0,102.91379779086434,130.52689647501643,90.0,102.91379779086434
0.9600000000000005,0.0,50.0,180.0,40.52689647501644,90.0,102.91379779086434,49.47310352498356,90.0,257.08620220913565
0.9600000000000005,0.0,50.0,182.50666467128605,39.43978353063157,90.0,104.94576748695317,50.56021646936843,90.0,255.05423251304683
0.9800000000000005,0.0,-50.0,181.25581039058625,39.98509387256258,90.0,103.92604473629778,129.98509387256257,90.0,118.92604473629778
0.9800000000000005,0.0,-50.0,180.0,40.52689647501644,90.0,102.91379779086434,130.52689647501643,90.0,102.91379779086434
0.9800000000000005,0.0,50.0,180.0,40.52689647501644,90.0,102.91379779086434,49.47310352498356,90.0,257.08620220913565
0.9800000000000005,0.0,50.0,181.25581039058625,39.98509387256258,90.0,103.92604473629778,50.01490612743742,90.0,256.0739552637022
1.0000000000000004,0.0,-50.0,180.0,40.52689647501644,90.0,102.91379779086434,130.52689647501643,90.0,117.91379779086434
1.0000000000000004,-0.0,-50.0,180.00000000000003,40.526896475016436,90.0,102.91379779086436,130.52689647501643,90.0,102.91379779086436
1.0000000000000004,-0.0,50.0,180.00000000000003,40.526896475016436,90.0,102.91379779086436,49.473103524983564,90.0,257.08620220913565
1.0000000000000004,0.0,50.0,180.0,40.52689647501644,90.0,102.91379779086434,49.47310352498356,90.0,257.08620220913565
1.0200000000000005,0.0,-50.0,180.0,40.52689647501644,90.0,102.91379779086434,130.52689647501643,90.0,117.91379779086434
1.0200000000000005,-0.0,-50.0,181.2558103905863,39.98509387256256,90.0,103.92604473629784,129.98509387256257,90.0,103.92604473629784
1.0200000000000005,-0.0,50.0,181.2558103905863,39.98509387256256,90.0,103.92604473629784,50.01490612743744,90.0,256.07395526370215
1.0200000000000005,0.0,50.0,180.0,40.52689647501644,90.0,102.91379779086434,49.47310352498356,90.0,257.08620220913565
1.0400000000000005,0.0,-50.0,180.0,40.52689647501644,90.0,102.91379779086434,130.52689647501643,90.0,117.91379779086434
1.0400000000000005,-0.0,-50.0,182.5066646712861,39.43978353063154,90.0,104.94576748695323,129.43978353063153,90.0,104.94576748695323
1.0400000000000005,-0.0,50.0,182.5066646712861,39.43978353063154,90.0,104.94576748695323,50.56021646936846,90.0,255.05423251304677
1.0400000000000005,0.0,50.0,180.0,40.52689647501644,90.0,102.91379779086434,49.47310352498356,90.0,257.08620220913565
1.0600000000000005,0.0,-50.0,180.0,40.52689647501644,90.0,102.91379779086434,130.52689647501643,90.0,117.91379779086434
1.0600000000000005,-0.0,-50.0,183.7476262917145,38.892963515922474,90.0,105.96921554652673,128.89296351592247,90.0,105.96921554652673
1.0600000000000005,-0.0,50.0,183.7476262917145,38.892963515922474,90.0,105.96921554652673,51.107036484077526,90.0,254.03078445347327
1.0600000000000005,0.0,50.0,180.0,40.52689647501644,90.0,102.91379779086434,49.47310352498356,90.0,257.08620220913565
1.0800000000000005,0.0,-50.0,180.0,40.52689647501644,90.0,102.91379779086434,130.52689647501643,90.0,117.91379779086434
1.0800000000000005,-0.0,-50.0,184.97379774329713,38.34670176971173,90.0,106.99249470105244,128.34670176971173,90.0,106.99249470105244
1.0800000000000005,-0.0,50.0,184.97379774329713,38.34670176971173,90.0,106.99249470105244,51.65329823028827,90.0,253.00750529894756
1.0800000000000005,0.0,50.0,180.0,40.52689647501644,90.0,102.91379779086434,49.47310352498356,90.0,257.08620220913565
1.1000000000000005,0.0,-50.0,180.0,40.52689647501644,90.0,102.91379779086434,130.52689647501643,90.0,117.91379779086434
1.1000000000000005,-0.0,-50.0,186.18033988749897,37.803134319205896,90.0,108.01157073826643,127.8031343192059,90.0,108.01157073826643
1.1000000000000005,-0.0,50.0,186.18033988749897,37.803134319205896,90.0,108.01157073826643,52.196865680794104,90.0,251.9884292617336
1.1000000000000005,0.0,50.0,180.0,40.52689647501644,90.0,102.91379779086434,49.47310352498356,90.0,257.08620220913565
1.1200000000000006,0.0,-50.0,180.0,40.52689647501644,90.0,102.91379779086434,130.52689647501643,90.0,117.91379779086434
1.1200000000000006,-0.0,-50.0,187.3624910536936,37.264462560833444,90.0,109.02227503993056,127.26446256083344,90.0,109.02227503993056
1.1200000000000006,-0.0,50.0,187.3624910536936,37.264462560833444,90.0,109.02227503993056,52.735537439166556,90.0,250.97772496006945
1.1200000000000006,0.0,50.0,180.0,40.52689647501644,90.0,102.91379779086434,49.47310352498356,90.0,257.08620220913565
1.1400000000000006,0.0,-50.0,180.0,40.52689647501644,90.0,102.91379779086434,130.52689647501643,90.0,117.91379779086434
1.1400000000000006,-0.0,-50.0,188.51558583130148,36.732949380419406,90.0,110.02031248513484,126.7329493804194,90.0,110.02031248513484
1.1400000000000006,-0.0,50.0,188.51558583130148,36.732949380419406,90.0,110.02031248513484,53.267050619580594,90.0,249.97968751486516
1.1400000000000006,0.0,50.0,180.0,40.52689647501644,90.0,102.91379779086434,49.47310352498356,90.0,257.08620220913565
1.1600000000000006,0.0,-50.0,180.0,40.52689647501644,90.0,102.91379779086434,130.52689647501643,90.0,117.91379779086434
1.1600000000000006,-0.0,-50.0,189.63507348203433,36.210913854303605,90.0,111.00127214311334,126.21091385430361,90.0,111.00127214311334
1.1600000000000006,-0.0,50.0,189.63507348203433,36.210913854303605,90.0,111.00127214311334,53.789086145696395,90.0,248.99872785688666
1.1600000000000006,0.0,50.0,180.0,40.52689647501644,90.0,102.91379779086434,49.47310352498356,90.0,257.08620220913565
1.1800000000000006,0.0,-50.0,180.0,40.52689647501644,90.0,102.91379779086434,130.52689647501643,90.0,117.91379779086434
1.1800000000000006,-0.0,-50.0,190.71653589957995,35.70072426083864,90.0,111.9606412627176,125.70072426083864,90.0,111.9606412627176
1.1800000000000006,-0.0,50.0,190.71653589957995,35.70072426083864,90.0,111.9606412627176,54.29927573916136,90.0,248.03935873728238
1.1800000000000006,0.0,50.0,180.0,40.52689647501644,90.0,102.91379779086434,49.47310352498356,90.0,257.08620220913565
1.2000000000000006,0.0,-50.0,180.0,40.52689647501644,90.0,102.91379779086434,130.52689647501643,90.0,117.91379779086434
1.2000000000000006,-0.0,-50.0,191.75570504584948,35.204789126750995,90.0,112.89382307579467,125.204789126751,90.0,112.89382307579467
1.2000000000000006,-0.0,50.0,191.75570504584948,35.204789126750995,90.0,112.89382307579467,54.795210873249005,90.0,247.10617692420533
1.2000000000000006,0.0,50.0,180.0,40.52689647501644,90.0,102.91379779086434,49.47310352498356,90.0,257.08620220913565
1.2200000000000006,0.0,-50.0,180.0,40.52689647501644,90.0,102.91379779086434,130.52689647501643,90.0,117.91379779086434
1.2200000000000006,-0.0,-50.0,192.74847979497383,34.72554604159609,90.0,113.79615891553274,124.72554604159609,90.0,113.79615891553274
1.2200000000000006,-0.0,50.0,192.74847979497383,34.72554604159609,90.0,113.79615891553274,55.27445395840391,90.0,246.20384108446726
1.2200000000000006,0.0,50.0,180.0,40.52689647501644,90.0,102.91379779086434,49.47310352498356,90.0,257.08620220913565
1.2400000000000007,0.0,-50.0,180.0,40.52689647501644,90.0,102.91379779086434,130.52689647501643,90.0,117.91379779086434
1.2400000000000007,-0.0,-50.0,193.69094211857382,34.26544800044464,90.0,114.6629550997746,124.26544800044465,90.0,114.6629550997746
1.2400000000000007,-0.0,50.0,193.69094211857382,34.26544800044464,90.0,114.6629550997746,55.73455199955536,90.0,245.3370449002254
1.2400000000000007,0.0,50.0,180.0,40.52689647501644,90.0,102.91379779086434,49.47310352498356,90.0,257.08620220913565
1.2600000000000007,0.0,-50.0,180.0,40.52689647501644,90.0,102.91379779086434,130.52689647501643,90.0,117.91379779086434
1.2600000000000007,-0.0,-50.0,194.57937254842827,33.82694708452789,90.0,115.48951493464979,123.82694708452789,90.0,115.48951493464979
1.2600000000000007,-0.0,50.0,194.57937254842827,33.82694708452789,90.0,115.48951493464979,56.17305291547211,90.0,244.51048506535022
1.2600000000000007,0.0,50.0,180.0,40.52689647501644,90.0,102.91379779086434,49.47310352498356,90.0,257.08620220913565
1.2800000000000007,0.0,-50.0,180.0,40.52689647501644,90.0,102.91379779086434,130.52689647501643,90.0,117.91379779086434
1.2800000000000007,-0.0,-50.0,195.4102648555158,33.41247536588889,90.0,116.27117604786423,123.4124753658889,90.0,116.27117604786423
1.2800000000000007,-0.0,50.0,195.4102648555158,33.41247536588889,90.0,116.27117604786423,56.58752463411111,90.0,243.72882395213577
1.2800000000000007,0.0,50.0,180.0,40.52689647501644,90.0,102.91379779086434,49.47310352498356,90.0,257.08620220913565
1.3000000000000007,0.0,-50.0,180.0,40.52689647501644,90.0,102.91379779086434,130.52689647501643,90.0,117.91379779086434
1.3000000000000007,-0.0,-50.0,196.18033988749897,33.02442302792543,90.00000000000001,117.00335305825631,123.02442302792542,89.99999999999999,117.00335305825631
1.3000000000000007,-0.0,50.0,196.18033988749897,33.02442302792543,90.00000000000001,117.00335305825631,56.97557697207457,90.00000000000001,242.99664694174368
1.3000000000000007,0.0,50.0,180.0,40.52689647501644,90.0,102.91379779086434,49.47310352498356,90.0,257.08620220913565
1.3200000000000007,0.0,-50.0,180.0,40.52689647501644,90.0,102.91379779086434,130.52689647501643,90.0,117.91379779086434
1.3200000000000007,-0.0,-50.0,196.88655851004032,32.66511382968093,90.0,117.68158532761397,122.66511382968093,90.0,117.68158532761397
1.3200000000000007,-0.0,50.0,196.88655851004032,32.66511382968093,90.0,117.68158532761397,57.33488617031907,90.0,242.31841467238604
1.3200000000000007,0.0,50.0,180.0,40.52689647501644,90.0,102.91379779086434,49.47310352498356,90.0,257.08620220913565
1.3400000000000007,0.0,-50.0,180.0,40.52689647501644,90.0,102.91379779086434,130.52689647501643,90.0,117.91379779086434
1.3400000000000007,-0.0,-50.0,197.5261336008773,32.33677820526466,90.0,118.30158922721716,122.33677820526466,90.0,118.30158922721716
1.3400000000000007,-0.0,50.0,197.5261336008773,32.33677820526466,90.0,118.30158922721716,57.66322179473534,90.0,241.69841077278284
1.3400000000000007,0.0,50.0,180.0,40.52689647501644,90.0,102.91379779086434,49.47310352498356,90.0,257.08620220913565
1.3600000000000008,0.0,-50.0,180.0,40.52689647501644,90.0,102.91379779086434,130.52689647501643,90.0,117.91379779086434
1.3600000000000008,-0.0,-50.0,198.09654104932042,32.04152447419345,90.00000000000001,118.85931399794808,122.04152447419345,89.99999999999999,118.85931399794808
1.3600000000000008,-0.0,50.0,198.09654104932042,32.04152447419345,90.00000000000001,118.85931399794808,57.95847552580655,90.00000000000001,241.14068600205192
1.3600000000000008,0.0,50.0,180.0,40.52689647501644,90.0,102.91379779086434,49.47310352498356,90.0,257.08620220913565
1.3800000000000008,0.0,-50.0,180.0,40.52689647501644,90.0,102.91379779086434,130.52689647501643,90.0,117.91379779086434
1.3800000000000008,-0.0,-50.0,198.59552971776503,31.781308832421402,90.00000000000001,119.35099991085718,121.7813088324214,89.99999999999999,119.35099991085718
1.3800000000000008,-0.0,50.0,198.59552971776503,31.781308832421402,90.00000000000001,119.35099991085718,58.2186911675786,90.00000000000001,240.64900008914282
1.3800000000000008,0.0,50.0,180.0,40.52689647501644,90.0,102.91379779086434,49.47310352498356,90.0,257.08620220913565
1.4000000000000008,0.0,-50.0,180.0,40.52689647501644,90.0,102.91379779086434,130.52689647501643,90.0,117.91379779086434
1.4000000000000008,-0.0,-50.0,199.02113032590307,31.557904981446903,90.0,119.77323707536696,121.55790498144691,90.0,119.77323707536696
1.4000000000000008,-0.0,50.0,199.02113032590307,31.557904981446903,90.0,119.77323707536696,58.4420950185531,90.0,240.22676292463302
1.4000000000000008,0.0,50.0,180.0,40.52689647501644,90.0,102.91379779086434,49.47310352498356,90.0,257.08620220913565
1.4200000000000008,0.0,-50.0,180.0,40.52689647501644,90.0,102.91379779086434,130.52689647501643,90.0,117.91379779086434
1.4200000000000008,-0.0,-50.0,199.37166322257264,31.37287441457636,90.00000000000001,120.12302293244008,121.37287441457636,89.99999999999999,120.12302293244008
1.4200000000000008,-0.0,50.0,199.37166322257264,31.37287441457636,90.00000000000001,120.12302293244008,58.62712558542364,90.00000000000001,239.87697706755992
1.4200000000000008,0.0,50.0,180.0,40.52689647501644,90.0,102.91379779086434,49.47310352498356,90.0,257.08620220913565
1.4400000000000008,0.0,-50.0,180.0,40.52689647501644,90.0,102.91379779086434,130.52689647501643,90.0,117.91379779086434
1.4400000000000008,-0.0,-50.0,199.64574501457378,31.22753849387131,90.0,120.39781625095992,121.22753849387131,90.0,120.39781625095992
1.4400000000000008,-0.0,50.0,199.64574501457378,31.22753849387131,90.0,120.39781625095992,58.77246150612869,90.0,239.60218374904008
1.4400000000000008,0.0,50.0,180.0,40.52689647501644,90.0,102.91379779086434,49.47310352498356,90.0,257.08620220913565
1.4600000000000009,0.0,-50.0,180.0,40.52689647501644,90.0,102.91379779086434,130.52689647501643,90.0,117.91379779086434
1.4600000000000009,-0.0,-50.0,199.84229402628955,31.122953498331878,90.00000000000001,120.59558535600608,121.12295349833188,89.99999999999999,120.59558535600608
1.4600000000000009,-0.0,50.0,199.84229402628955,31.122953498331878,90.00000000000001,120.59558535600608,58.87704650166812,90.00000000000001,239.4044146439939
1.4600000000000009,0.0,50.0,180.0,40.52689647501644,90.0,102.91379779086434,49.47310352498356,90.0,257.08620220913565
1.4800000000000009,0.0,-50.0,180.0,40.52689647501644,90.0,102.91379779086434,130.52689647501643,90.0,117.91379779086434
1.4800000000000009,-0.0,-50.0,199.96053456856544,31.059889787850604,90.00000000000001,120.71484838764496,121.05988978785061,89.99999999999999,120.71484838764496
1.4800000000000009,-0.0,50.0,199.96053456856544,31.059889787850604,90.00000000000001,120.71484838764496,58.94011021214939,90.00000000000001,239.28515161235504
1.4800000000000009,0.0,50.0,180.0,40.52689647501644,90.0,102.91379779086434,49.47310352498356,90.0,257.08620220913565
1.5000000000000009,0.0,-50.0,180.0,40.52689647501644,90.0,102.91379779086434,130.52689647501643,90.0,117.91379779086434
1.5000000000000009,0.0,-50.0,200.0,31.038816100725942,90.00000000000001,120.75470363303134,121.03881610072594,89.99999999999999,120.75470363303134
1.5000000000000009,0.0,50.0,200.0,31.038816100725942,90.00000000000001,120.75470363303134,58.96118389927406,90.00000000000001,239.24529636696866
1.5000000000000009,0.0,50.0,180.0,40.52689647501644,90.0,102.91379779086434,49.47310352498356,90.0,257.08620220913565
1.520000000000001,0.0,-50.0,180.0,40.52689647501644,90.0,102.91379779086434,130.52689647501643,90.0,117.91379779086434
1.520000000000001,0.0,-50.0,199.96053456856544,31.059889787850604,90.00000000000001,120.71484838764496,121.05988978785061,89.99999999999999,120.71484838764496
1.520000000000001,0.0,50.0,199.96053456856544,31.059889787850604,90.00000000000001,120.71484838764496,58.94011021214939,90.00000000000001,239.28515161235504
1.520000000000001,0.0,50.0,180.0,40.52689647501644,90.0,102.91379779086434,49.47310352498356,90.0,257.08620220913565
1.540000000000001,0.0,-50.0,180.0,40.52689647501644,90.0,102.91379779086434,130.52689647501643,90.0,117.91379779086434
1.540000000000001,0.0,-50.0,199.84229402628955,31.122953498331878,90.00000000000001,120.59558535600608,121.12295349833188,89.99999999999999,120.59558535600608
1.540000000000001,0.0,50.0,199.84229402628955,31.122953498331878,90.00000000000001,120.59558535600608,58.87704650166812,90.00000000000001,239.4044146439939
1.540000000000001,0.0,50.0,180.0,40.52689647501644,90.0,102.91379779086434,49.47310352498356,90.0,257.08620220913565
1.560000000000001,0.0,-50.0,180.0,40.52689647501644,90.0,102.91379779086434,130.52689647501643,90.0,117.91379779086434
1.560000000000001,0.0,-50.0,199.64574501457378,31.22753849387131,90.0,120.39781625095992,121.22753849387131,90.0,120.39781625095992
1.560000000000001,0.0,50.0,199.64574501457378,31.22753849387131,90.0,120.39781625095992,58.77246150612869,90.0,239.60218374904008
1.560000000000001,0.0,50.0,180.0,40.52689647501644,90.0,102.91379779086434,49.47310352498356,90.0,257.08620220913565
1.580000000000001,0.0,-50.0,180.0,40.52689647501644,90.0,102.91379779086434,130.52689647501643,90.0,117.91379779086434
1.580000000000001,0.0,-50.0,199.3716632225726,31.37287441457637,90.00000000000001,120.12302293244007,121.37287441457637,89.99999999999999,120.12302293244007
1.580000000000001,0.0,50.0,199.3716632225726,31.37287441457637,90.00000000000001,120.12302293244007,58.62712558542363,90.00000000000001,239.87697706755995
1.580000000000001,0.0,50.0,180.0,40.52689647501644,90.0,102.91379779086434,49.47310352498356,90.0,257.08620220913565
1.600000000000001,0.0,-50.0,180.0,40.52689647501644,90.0,102.91379779086434,130.52689647501643,90.0,117.91379779086434
1.600000000000001,0.0,-50.0,199.02113032590304,31.557904981446917,90.0,119.77323707536694,121.55790498144691,90.0,119.77323707536694
1.600000000000001,0.0,50.0,199.02113032590304,31.557904981446917,90.0,119.77323707536694,58.44209501855308,90.0,240.22676292463308
1.600000000000001,0.0,50.0,180.0,40.52689647501644,90.0,102.91379779086434,49.47310352498356,90.0,257.08620220913565
1.620000000000001,0.0,-50.0,180.0,40.52689647501644,90.0,102.91379779086434,130.52689647501643,90.0,117.91379779086434
1.620000000000001,0.0,-50.0,198.595529717765,31.78130883242141,90.0,119.35099991085718,121.78130883242142,90.0,119.35099991085718
1.620000000000001,0.0,50.0,198.595529717765,31.78130883242141,90.0,119.35099991085718,58.21869116757859,90.0,240.64900008914282
1.620000000000001,0.0,50.0,180.0,40.52689647501644,90.0,102.91379779086434,49.47310352498356,90.0,257.08620220913565
1.640000000000001,0.0,-50.0,180.0,40.52689647501644,90.0,102.91379779086434,130.52689647501643,90.0,117.91379779086434
1.640000000000001,0.0,-50.0,198.09654104932036,32.04152447419349,90.0,118.85931399794804,122.0415244741935,90.0,118.85931399794804
1.640000000000001,0.0,50.0,198.09654104932036,32.04152447419349,90.0,118.85931399794804,57.95847552580651,90.0,241.14068600205195
1.640000000000001,0.0,50.0,180.0,40.52689647501644,90.0,102.91379779086434,49.47310352498356,90.0,257.08620220913565
1.660000000000001,0.0,-50.0,180.0,40.52689647501644,90.0,102.91379779086434,130.52689647501643,90.0,117.91379779086434
1.660000000000001,0.0,-50.0,197.52613360087724,32.33677820526469,90.0,118.30158922721712,122.3367782052647,90.0,118.30158922721712
1.660000000000001,0.0,50.0,197.52613360087724,32.33677820526469,90.0,118.30158922721712,57.66322179473531,90.0,241.6984107727829
1.660000000000001,0.0,50.0,180.0,40.52689647501644,90.0,102.91379779086434,49.47310352498356,90.0,257.08620220913565
1.680000000000001,0.0,-50.0,180.0,40.52689647501644,90.0,102.91379779086434,130.52689647501643,90.0,117.91379779086434
1.680000000000001,0.0,-50.0,196.88655851004026,32.66511382968095,90.0,117.68158532761392,122.66511382968095,90.0,117.68158532761392
1.680000000000001,0.0,50.0,196.88655851004026,32.66511382968095,90.0,117.68158532761392,57.33488617031905,90.0,242.3184146723861
1.680000000000001,0.0,50.0,180.0,40.52689647501644,90.0,102.91379779086434,49.47310352498356,90.0,257.08620220913565
1.700000000000001,0.0,-50.0,180.0,40.52689647501644,90.0,102.91379779086434,130.52689647501643,90.0,117.91379779086434
1.700000000000001,0.0,-50.0,196.18033988749892,33.02442302792545,90.0,117.00335305825628,123.02442302792545,90.0,117.00335305825628
1.700000000000001,0.0,50.0,196.18033988749892,33.02442302792545,90.0,117.00335305825628,56.97557697207455,90.0,242.99664694174373
1.700000000000001,0.0,50.0,180.0,40.52689647501644,90.0,102.91379779086434,49.47310352498356,90.0,257.08620220913565
1.720000000000001,0.0,-50.0,180.0,40.52689647501644,90.0,102.91379779086434,130.52689647501643,90.0,117.91379779086434
1.720000000000001,0.0,-50.0,195.41026485551575,33.41247536588892,90.00000000000001,116.27117604786417,123.41247536588892,89.99999999999999,116.27117604786417
1.720000000000001,0.0,50.0,195.41026485551575,33.41247536588892,90.00000000000001,116.27117604786417,56.58752463411108,90.00000000000001,243.72882395213583
1.720000000000001,0.0,50.0,180.0,40.52689647501644,90.0,102.91379779086434,49.47310352498356,90.0,257.08620220913565
1.740000000000001,0.0,-50.0,180.0,40.52689647501644,90.0,102.91379779086434,130.52689647501643,90.0,117.91379779086434
1.740000000000001,0.0,-50.0,194.57937254842818,33.82694708452792,90.0,115.4895149346497,123.82694708452792,90.0,115.4895149346497
1.740000000000001,0.0,50.0,194.57937254842818,33.82694708452792,90.0,115.4895149346497,56.17305291547208,90.0,244.51048506535028
1.740000000000001,0.0,50.0,180.0,40.52689647501644,90.0,102.91379779086434,49.47310352498356,90.0,257.08620220913565
1.7600000000000011,0.0,-50.0,180.0,40.52689647501644,90.0,102.91379779086434,130.52689647501643,90.0,117.91379779086434
1.7600000000000011,0.0,-50.0,193.69094211857373,34.265448000444685,90.0,114.66295509977454,124.26544800044468,90.0,114.66295509977454
1.7600000000000011,0.0,50.0,193.69094211857373,34.265448000444685,90.0,114.66295509977454,55.734551999555315,90.0,245.33704490022546
1.7600000000000011,0.0,50.0,180.0,40.52689647501644,90.0,102.91379779086434,49.47310352498356,90.0,257.08620220913565
1.7800000000000011,0.0,-50.0,180.0,40.52689647501644,90.0,102.91379779086434,130.52689647501643,90.0,117.91379779086434
1.7800000000000011,0.0,-50.0,192.74847979497375,34.72554604159614,90.0,113.79615891553266,124.72554604159615,90.0,113.79615891553266
1.7800000000000011,0.0,50.0,192.74847979497375,34.72554604159614,90.0,113.79615891553266,55.27445395840386,90.0,246.20384108446734
1.7800000000000011,0.0,50.0,180.0,40.52689647501644,90.0,102.91379779086434,49.47310352498356,90.0,257.08620220913565
1.8000000000000012,0.0,-50.0,180.0,40.52689647501644,90.0,102.91379779086434,130.52689647501643,90.0,117.91379779086434
1.8000000000000012,0.0,-50.0,191.7557050458494,35.20478912675104,90.0,112.8938230757946,125.20478912675104,90.0,112.8938230757946
1.8000000000000012,0.0,50.0,191.7557050458494,35.20478912675104,90.0,112.8938230757946,54.79521087324896,90.0,247.10617692420539
1.8000000000000012,0.0,50.0,180.0,40.52689647501644,90.0,102.91379779086434,49.47310352498356,90.0,257.08620220913565
1.8200000000000012,0.0,-50.0,180.0,40.52689647501644,90.0,102.91379779086434,130.52689647501643,90.0,117.91379779086434
1.8200000000000012,0.0,-50.0,190.71653589957987,35.70072426083869,90.0,111.96064126271752,125.70072426083868,90.0,111.96064126271752
1.8200000000000012,0.0,50.0,190.71653589957987,35.70072426083869,90.0,111.96064126271752,54.29927573916131,90.0,248.0393587372825
1.8200000000000012,0.0,50.0,180.0,40.52689647501644,90.0,102.91379779086434,49.47310352498356,90.0,257.08620220913565
1.8400000000000012,0.0,-50.0,180.0,40.52689647501644,90.0,102.91379779086434,130.52689647501643,90.0,117.91379779086434
1.8400000000000012,0.0,-50.0,189.63507348203424,36.21091385430364,90.0,111.00127214311328,126.21091385430364,90.0,111.00127214311328
1.8400000000000012,0.0,50.0,189.63507348203424,36.21091385430364,90.0,111.00127214311328,53.78908614569636,90.0,248.99872785688672
1.8400000000000012,0.0,50.0,180.0,40.52689647501644,90.0,102.91379779086434,49.47310352498356,90.0,257.08620220913565
1.8600000000000012,0.0,-50.0,180.0,40.52689647501644,90.0,102.91379779086434,130.52689647501643,90.0,117.91379779086434
1.8600000000000012,0.0,-50.0,188.5155858313014,36.73294938041945,90.0,110.02031248513475,126.73294938041946,90.0,110.02031248513475
1.8600000000000012,0.0,50.0,188.5155858313014,36.73294938041945,90.0,110.02031248513475,53.26705061958055,90.0,249.97968751486525
1.8600000000000012,0.0,50.0,180.0,40.52689647501644,90.0,102.91379779086434,49.47310352498356,90.0,257.08620220913565
1.8800000000000012,0.0,-50.0,180.0,40.52689647501644,90.0,102.91379779086434,130.52689647501643,90.0,117.91379779086434
1.8800000000000012,0.0,-50.0,187.36249105369347,37.264462560833486,90.0,109.02227503993046,127.2644625608335,90.0,109.02227503993046
1.8800000000000012,0.0,50.0,187.36249105369347,37.264462560833486,90.0,109.02227503993046,52.735537439166514,90.0,250.97772496006954
1.8800000000000012,0.0,50.0,180.0,40.52689647501644,90.0,102.91379779086434,49.47310352498356,90.0,257.08620220913565
1.9000000000000012,0.0,-50.0,180.0,40.52689647501644,90.0,102.91379779086434,130.52689647501643,90.0,117.91379779086434
1.9000000000000012,0.0,-50.0,186.18033988749886,37.80313431920594,90.0,108.01157073826633,127.80313431920594,90.0,108.01157073826633
1.9000000000000012,0.0,50.0,186.18033988749886,37.80313431920594,90.0,108.01157073826633,52.19686568079406,90.0,251.98842926173367
1.9000000000000012,0.0,50.0,180.0,40.52689647501644,90.0,102.91379779086434,49.47310352498356,90.0,257.08620220913565
1.9200000000000013,0.0,-50.0,180.0,40.52689647501644,90.0,102.91379779086434,130.52689647501643,90.0,117.91379779086434
1.9200000000000013,0.0,-50.0,184.973797743297,38.34670176971177,90.0,106.99249470105232,128.34670176971179,90.0,106.99249470105232
1.9200000000000013,0.0,50.0,184.973797743297,38.34670176971177,90.0,106.99249470105232,51.65329823028823,90.0,253.00750529894768
1.9200000000000013,0.0,50.0,180.0,40.52689647501644,90.0,102.91379779086434,49.47310352498356,90.0,257.08620220913565
1.9400000000000013,0.0,-50.0,180.0,40.52689647501644,90.0,102.91379779086434,130.52689647501643,90.0,117.91379779086434
1.9400000000000013,0.0,-50.0,183.74762629171443,38.8929635159225,90.00000000000001,105.96921554652667,128.8929635159225,89.99999999999999,105.96921554652667
1.9400000000000013,0.0,50.0,183.74762629171443,38.8929635159225,90.00000000000001,105.96921554652667,51.1070364840775,90.00000000000001,254.03078445347333
1.9400000000000013,0.0,50.0,180.0,40.52689647501644,90.0,102.91379779086434,49.47310352498356,90.0,257.08620220913565
1.9600000000000013,0.0,-50.0,180.0,40.52689647501644,90.0,102.91379779086434,130.52689647501643,90.0,117.91379779086434
1.9600000000000013,0.0,-50.0,182.506664671286,39.439783530631594,90.00000000000001,104.94576748695313,129.4397835306316,89.99999999999999,104.94576748695313
1.9600000000000013,0.0,50.0,182.506664671286,39.439783530631594,90.00000000000001,104.94576748695313,50.560216469368406,90.00000000000001,255.05423251304688
1.9600000000000013,0.0,50.0,180.0,40.52689647501644,90.0,102.91379779086434,49.47310352498356,90.0,257.08620220913565
1.9800000000000013,0.0,-50.0,180.0,40.52689647501644,90.0,102.91379779086434,130.52689647501643,90.0,117.91379779086434
1.9800000000000013,0.0,-50.0,181.2558103905862,39.98509387256261,90.00000000000001,103.92604473629774,129.9850938725626,89.99999999999999,103.92604473629774
1.9800000000000013,0.0,50.0,181.2558103905862,39.98509387256261,90.00000000000001,103.92604473629774,50.01490612743739,90.00000000000001,256.07395526370226
1.9800000000000013,0.0,50.0,180.0,40.52689647501644,90.0,102.91379779086434,49.47310352498356,90.0,257.08620220913565
2.0000000000000013,-0.0,-50.0,180.00000000000009,40.52689647501641,90.00000000000001,102.9137977908644,130.5268964750164,89.99999999999999,117.9137977908644
2.0000000000000013,0.0,-50.0,180.0,40.52689647501644,90.0,102.91379779086434,130.52689647501643,90.0,102.91379779086434
2.0000000000000013,0.0,50.0,180.0,40.52689647501644,90.0,102.91379779086434,49.47310352498356,90.0,257.08620220913565
2.0000000000000013,-0.0,50.0,180.00000000000009,40.52689647501641,90.00000000000001,102.9137977908644,49.47310352498359,90.00000000000001,257.0862022091356
2.0200000000000014,-0.0,-50.0,181.25581039058636,39.98509387256254,90.0,103.92604473629788,129.98509387256254,90.0,118.92604473629788
2.0200000000000014,0.0,-50.0,180.0,40.52689647501644,90.0,102.91379779086434,130.52689647501643,90.0,102.91379779086434
2.0200000000000014,0.0,50.0,180.0,40.52689647501644,90.0,102.91379779086434,49.47310352498356,90.0,257.08620220913565
2.0200000000000014,-0.0,50.0,181.25581039058636,39.98509387256254,90.0,103.92604473629788,50.01490612743746,90.0,256.07395526370215
2.0400000000000014,-0.0,-50.0,182.50666467128616,39.439783530631516,90.00000000000001,104.94576748695327,129.43978353063153,89.99999999999999,119.94576748695327
2.0400000000000014,0.0,-50.0,180.0,40.52689647501644,90.0,102.91379779086434,130.52689647501643,90.0,102.91379779086434
2.0400000000000014,0.0,50.0,180.0,40.52689647501644,90.0,102.91379779086434,49.47310352498356,90.0,257.08620220913565
2.0400000000000014,-0.0,50.0,182.50666467128616,39.439783530631516,90.00000000000001,104.94576748695327,50.560216469368484,90.00000000000001,255.0542325130467
2.0600000000000014,-0.0,-50.0,183.74762629171457,38.892963515922446,90.00000000000001,105.96921554652678,128.89296351592245,89.99999999999999,120.96921554652678
2.0600000000000014,0.0,-50.0,180.0,40.52689647501644,90.0,102.91379779086434,130.52689647501643,90.0,102.91379779086434
2.0600000000000014,0.0,50.0,180.0,40.52689647501644,90.0,102.91379779086434,49.47310352498356,90.0,257.08620220913565
2.0600000000000014,-0.0,50.0,183.74762629171457,38.892963515922446,90.00000000000001,105.96921554652678,51.107036484077554,90.00000000000001,254.03078445347322
2.0800000000000014,-0.0,-50.0,184.97379774329718,38.34670176971169,90.0,106.99249470105248,128.3467017697117,90.0,121.99249470105248
2.0800000000000014,0.0,-50.0,180.0,40.52689647501644,90.0,102.91379779086434,130.52689647501643,90.0,102.91379779086434
2.0800000000000014,0.0,50.0,180.0,40.52689647501644,90.0,102.91379779086434,49.47310352498356,90.0,257.08620220913565
2.0800000000000014,-0.0,50.0,184.97379774329718,38.34670176971169,90.0,106.99249470105248,51.65329823028831,90.0,253.00750529894754
2.1000000000000014,-0.0,-50.0,186.18033988749903,37.803134319205874,90.0,108.01157073826649,127.80313431920587,90.0,123.01157073826649
2.1000000000000014,0.0,-50.0,180.0,40.52689647501644,90.0,102.91379779086434,130.52689647501643,90.0,102.91379779086434
2.1000000000000014,0.0,50.0,180.0,40.52689647501644,90.0,102.91379779086434,49.47310352498356,90.0,257.08620220913565
2.1000000000000014,-0.0,50.0,186.18033988749903,37.803134319205874,90.0,108.01157073826649,52.196865680794126,90.0,251.98842926173353
2.1200000000000014,-0.0,-50.0,187.36249105369365,37.264462560833415,90.0,109.02227503993062,127.26446256083341,90.0,124.02227503993062
2.1200000000000014,0.0,-50.0,180.0,40.52689647501644,90.0,102.91379779086434,130.52689647501643,90.0,102.91379779086434
2.1200000000000014,0.0,50.0,180.0,40.52689647501644,90.0,102.91379779086434,49.47310352498356,90.0,257.08620220913565
2.1200000000000014,-0.0,50.0,187.36249105369365,37.264462560833415,90.0,109.02227503993062,52.735537439166585,90.0,250.9777249600694
2.1400000000000015,-0.0,-50.0,188.51558583130154,36.732949380419385,90.0,110.0203124851349,126.73294938041938,90.0,125.0203124851349
2.1400000000000015,0.0,-50.0,180.0,40.52689647501644,90.0,102.91379779086434,130.52689647501643,90.0,102.91379779086434
2.1400000000000015,0.0,50.0,180.0,40.52689647501644,90.0,102.91379779086434,49.47310352498356,90.0,257.08620220913565
2.1400000000000015,-0.0,50.0,188.51558583130154,36.732949380419385,90.0,110.0203124851349,53.267050619580615,90.0,249.9796875148651
2.1600000000000015,-0.0,-50.0,189.6350734820344,36.21091385430358,90.00000000000001,111.0012721431134,126.21091385430358,89.99999999999999,126.0012721431134
2.1600000000000015,0.0,-50.0,180.0,40.52689647501644,90.0,102.91379779086434,130.52689647501643,90.0,102.91379779086434
2.1600000000000015,0.0,50.0,180.0,40.52689647501644,90.0,102.91379779086434,49.47310352498356,90.0,257.08620220913565
2.1600000000000015,-0.0,50.0,189.6350734820344,36.21091385430358,90.00000000000001,111.0012721431134,53.78908614569642,90.00000000000001,248.9987278568866
2.1800000000000015,-0.0,-50.0,190.71653589958,35.70072426083862,90.0,111.96064126271766,125.70072426083863,90.0,126.96064126271766
2.1800000000000015,0.0,-50.0,180.0,40.52689647501644,90.0,102.91379779086434,130.52689647501643,90.0,102.91379779086434
2.1800000000000015,0.0,50.0,180.0,40.52689647501644,90.0,102.91379779086434,49.47310352498356,90.0,257.08620220913565
2.1800000000000015,-0.0,50.0,190.71653589958,35.70072426083862,90.0,111.96064126271766,54.29927573916138,90.0,248.03935873728233
2.2000000000000015,-0.0,-50.0,191.75570504584954,35.20478912675097,90.0,112.89382307579471,125.20478912675097,90.0,127.89382307579471
2.2000000000000015,0.0,-50.0,180.0,40.52689647501644,90.0,102.91379779086434,130.52689647501643,90.0,102.91379779086434
2.2000000000000015,0.0,50.0,180.0,40.52689647501644,90.0,102.91379779086434,49.47310352498356,90.0,257.08620220913565
2.2000000000000015,-0.0,50.0,191.75570504584954,35.20478912675097,90.0,112.89382307579471,54.79521087324903,90.0,247.10617692420527
2.2200000000000015,-0.0,-50.0,192.74847979497386,34.72554604159608,90.00000000000001,113.79615891553276,124.72554604159609,89.99999999999999,128.79615891553277
2.2200000000000015,0.0,-50.0,180.0,40.52689647501644,90.0,102.91379779086434,130.52689647501643,90.0,102.91379779086434
2.2200000000000015,0.0,50.0,180.0,40.52689647501644,90.0,102.91379779086434,49.47310352498356,90.0,257.08620220913565
2.2200000000000015,-0.0,50.0,192.74847979497386,34.72554604159608,90.00000000000001,113.79615891553276,55.27445395840392,90.00000000000001,246.20384108446723
2.2400000000000015,-0.0,-50.0,193.69094211857384,34.26544800044463,90.00000000000001,114.66295509977463,124.26544800044462,89.99999999999999,129.66295509977465
2.2400000000000015,0.0,-50.0,180.0,40.52689647501644,90.0,102.91379779086434,130.52689647501643,90.0,102.91379779086434
2.2400000000000015,0.0,50.0,180.0,40.52689647501644,90.0,102.91379779086434,49.47310352498356,90.0,257.08620220913565
2.2400000000000015,-0.0,50.0,193.69094211857384,34.26544800044463,90.00000000000001,114.66295509977463,55.73455199955537,90.00000000000001,245.33704490022535
2.2600000000000016,-0.0,-50.0,194.5793725484283,33.82694708452787,90.0,115.48951493464982,123.82694708452787,90.0,130.48951493464983
2.2600000000000016,0.0,-50.0,180.0,40.52689647501644,90.0,102.91379779086434,130.52689647501643,90.0,102.91379779086434
2.2600000000000016,0.0,50.0,180.0,40.52689647501644,90.0,102.91379779086434,49.47310352498356,90.0,257.08620220913565
2.2600000000000016,-0.0,50.0,194.5793725484283,33.82694708452787,90.0,115.48951493464982,56.17305291547213,90.0,244.51048506535017
2.2800000000000016,-0.0,-50.0,195.41026485551583,33.41247536588888,90.0,116.27117604786426,123.41247536588888,90.0,131.27117604786426
2.2800000000000016,0.0,-50.0,180.0,40.52689647501644,90.0,102.91379779086434,130.52689647501643,90.0,102.91379779086434
2.2800000000000016,0.0,50.0,180.0,40.52689647501644,90.0,102.91379779086434,49.47310352498356,90.0,257.08620220913565
2.2800000000000016,-0.0,50.0,195.41026485551583,33.41247536588888,90.0,116.27117604786426,56.58752463411112,90.0,243.72882395213574
2.3000000000000016,-0.0,-50.0,196.180339887499,33.02442302792541,90.0,117.00335305825637,123.02442302792541,90.0,132.00335305825638
2.3000000000000016,0.0,-50.0,180.0,40.52689647501644,90.0,102.91379779086434,130.52689647501643,90.0,102.91379779086434
2.3000000000000016,0.0,50.0,180.0,40.52689647501644,90.0,102.91379779086434,49.47310352498356,90.0,257.08620220913565
2.3000000000000016,-0.0,50.0,196.180339887499,33.02442302792541,90.0,117.00335305825637,56.97557697207459,90.0,242.99664694174362
2.3200000000000016,-0.0,-50.0,196.88655851004035,32.665113829680905,90.0,117.68158532761399,122.6651138296809,90.0,132.681585327614
2.3200000000000016,0.0,-50.0,180.0,40.52689647501644,90.0,102.91379779086434,130.52689647501643,90.0,102.91379779086434
2.3200000000000016,0.0,50.0,180.0,40.52689647501644,90.0,102.91379779086434,49.47310352498356,90.0,257.08620220913565
2.3200000000000016,-0.0,50.0,196.88655851004035,32.665113829680905,90.0,117.68158532761399,57.334886170319095,90.0,242.318414672386
2.3400000000000016,-0.0,-50.0,197.52613360087733,32.33677820526463,90.0,118.30158922721722,122.33677820526464,90.0,133.30158922721722
2.3400000000000016,0.0,-50.0,180.0,40.52689647501644,90.0,102.91379779086434,130.52689647501643,90.0,102.91379779086434
2.3400000000000016,0.0,50.0,180.0,40.52689647501644,90.0,102.91379779086434,49.47310352498356,90.0,257.08620220913565
2.3400000000000016,-0.0,50.0,197.52613360087733,32.33677820526463,90.0,118.30158922721722,57.66322179473537,90.0,241.69841077278278
2.3600000000000017,-0.0,-50.0,198.09654104932042,32.04152447419345,90.00000000000001,118.85931399794808,122.04152447419345,89.99999999999999,133.85931399794808
2.3600000000000017,0.0,-50.0,180.0,40.52689647501644,90.0,102.91379779086434,130.52689647501643,90.0,102.91379779086434
2.3600000000000017,0.0,50.0,180.0,40.52689647501644,90.0,102.91379779086434,49.47310352498356,90.0,257.08620220913565
2.3600000000000017,-0.0,50.0,198.09654104932042,32.04152447419345,90.00000000000001,118.85931399794808,57.95847552580655,90.00000000000001,241.14068600205192
2.3800000000000017,-0.0,-50.0,198.59552971776506,31.781308832421388,90.0,119.35099991085724,121.78130883242139,90.0,134.35099991085724
2.3800000000000017,0.0,-50.0,180.0,40.52689647501644,90.0,102.91379779086434,130.52689647501643,90.0,102.91379779086434
2.3800000000000017,0.0,50.0,180.0,40.52689647501644,90.0,102.91379779086434,49.47310352498356,90.0,257.08620220913565
2.3800000000000017,-0.0,50.0,198.59552971776506,31.781308832421388,90.0,119.35099991085724,58.21869116757861,90.0,240.64900008914276
2.4000000000000017,-0.0,-50.0,199.0211303259031,31.55790498144689,90.0,119.77323707536699,121.55790498144688,90.0,134.77323707536698
2.4000000000000017,0.0,-50.0,180.0,40.52689647501644,90.0,102.91379779086434,130.52689647501643,90.0,102.91379779086434
2.4000000000000017,0.0,50.0,180.0,40.52689647501644,90.0,102.91379779086434,49.47310352498356,90.0,257.08620220913565
2.4000000000000017,-0.0,50.0,199.0211303259031,31.55790498144689,90.0,119.77323707536699,58.44209501855311,90.0,240.22676292463302
2.4200000000000017,-0.0,-50.0,199.37166322257264,31.37287441457636,90.00000000000001,120.12302293244008,121.37287441457636,89.99999999999999,135.12302293244008
2.4200000000000017,0.0,-50.0,180.0,40.52689647501644,90.0,102.91379779086434,130.52689647501643,90.0,102.91379779086434
2.4200000000000017,0.0,50.0,180.0,40.52689647501644,90.0,102.91379779086434,49.47310352498356,90.0,257.08620220913565
2.4200000000000017,-0.0,50.0,199.37166322257264,31.37287441457636,90.00000000000001,120.12302293244008,58.62712558542364,90.00000000000001,239.87697706755992
2.4400000000000017,-0.0,-50.0,199.6457450145738,31.22753849387129,90.0,120.39781625095996,121.2275384938713,90.0,135.39781625095998
2.4400000000000017,0.0,-50.0,180.0,40.52689647501644,90.0,102.91379779086434,130.52689647501643,90.0,102.91379779086434
2.4400000000000017,0.0,50.0,180.0,40.52689647501644,90.0,102.91379779086434,49.47310352498356,90.0,257.08620220913565
2.4400000000000017,-0.0,50.0,199.6457450145738,31.22753849387129,90.0,120.39781625095996,58.77246150612871,90.0,239.60218374904002
2.4600000000000017,-0.0,-50.0,199.84229402628958,31.122953498331867,90.0,120.5955853560061,121.12295349833187,90.0,135.5955853560061
2.4600000000000017,0.0,-50.0,180.0,40.52689647501644,90.0,102.91379779086434,130.52689647501643,90.0,102.91379779086434
2.4600000000000017,0.0,50.0,180.0,40.52689647501644,90.0,102.91379779086434,49.47310352498356,90.0,257.08620220913565
2.4600000000000017,-0.0,50.0,199.84229402628958,31.122953498331867,90.0,120.5955853560061,58.87704650166813,90.0,239.4044146439939
2.4800000000000018,-0.0,-50.0,199.96053456856544,31.059889787850604,90.00000000000001,120.71484838764496,121.05988978785061,89.99999999999999,135.71484838764496
2.4800000000000018,0.0,-50.0,180.0,40.52689647501644,90.0,102.91379779086434,130.52689647501643,90.0,102.91379779086434
2.4800000000000018,0.0,50.0,180.0,40.52689647501644,90.0,102.91379779086434,49.47310352498356,90.0,257.08620220913565
2.4800000000000018,-0.0,50.0,199.96053456856544,31.059889787850604,90.00000000000001,120.71484838764496,58.94011021214939,90.00000000000001,239.28515161235504
2.5000000000000018,0.0,-50.0,200.0,31.038816100725942,90.00000000000001,120.75470363303134,121.03881610072594,89.99999999999999,135.75470363303134
2.5000000000000018,0.0,-50.0,180.0,40.52689647501644,90.0,102.91379779086434,130.52689647501643,90.0,102.91379779086434
2.5000000000000018,0.0,50.0,180.0,40.52689647501644,90.0,102.91379779086434,49.47310352498356,90.0,257.08620220913565
2.5000000000000018,0.0,50.0,200.0,31.038816100725942,90.00000000000001,120.75470363303134,58.96118389927406,90.00000000000001,239.24529636696866
2.520000000000002,0.0,-50.0,199.96053456856544,31.059889787850604,90.00000000000001,120.71484838764496,121.05988978785061,89.99999999999999,135.71484838764496
2.520000000000002,0.0,-50.0,180.0,40.52689647501644,90.0,102.91379779086434,130.52689647501643,90.0,102.91379779086434
2.520000000000002,0.0,50.0,180.0,40.52689647501644,90.0,102.91379779086434,49.47310352498356,90.0,257.08620220913565
2.520000000000002,0.0,50.0,199.96053456856544,31.059889787850604,90.00000000000001,120.71484838764496,58.94011021214939,90.00000000000001,239.28515161235504
2.540000000000002,0.0,-50.0,199.84229402628955,31.122953498331878,90.00000000000001,120.59558535600608,121.12295349833188,89.99999999999999,135.5955853560061
2.540000000000002,0.0,-50.0,180.0,40.52689647501644,90.0,102.91379779086434,130.52689647501643,90.0,102.91379779086434
2.540000000000002,0.0,50.0,180.0,40.52689647501644,90.0,102.91379779086434,49.47310352498356,90.0,257.08620220913565
2.540000000000002,0.0,50.0,199.84229402628955,31.122953498331878,90.00000000000001,120.59558535600608,58.87704650166812,90.00000000000001,239.4044146439939
2.560000000000002,0.0,-50.0,199.64574501457375,31.22753849387132,90.0,120.39781625095992,121.22753849387132,90.0,135.39781625095992
2.560000000000002,0.0,-50.0,180.0,40.52689647501644,90.0,102.91379779086434,130.52689647501643,90.0,102.91379779086434
2.560000000000002,0.0,50.0,180.0,40.52689647501644,90.0,102.91379779086434,49.47310352498356,90.0,257.08620220913565
2.560000000000002,0.0,50.0,199.64574501457375,31.22753849387132,90.0,120.39781625095992,58.77246150612868,90.0,239.60218374904008
2.580000000000002,0.0,-50.0,199.37166322257258,31.372874414576376,90.0,120.12302293244004,121.37287441457637,90.0,135.12302293244005
2.580000000000002,0.0,-50.0,180.0,40.52689647501644,90.0,102.91379779086434,130.52689647501643,90.0,102.91379779086434
2.580000000000002,0.0,50.0,180.0,40.52689647501644,90.0,102.91379779086434,49.47310352498356,90.0,257.08620220913565
2.580000000000002,0.0,50.0,199.37166322257258,31.372874414576376,90.0,120.12302293244004,58.62712558542363,90.0,239.87697706755995
2.600000000000002,0.0,-50.0,199.02113032590304,31.557904981446917,90.0,119.77323707536694,121.55790498144691,90.0,134.77323707536692
2.600000000000002,0.0,-50.0,180.0,40.52689647501644,90.0,102.91379779086434,130.52689647501643,90.0,102.91379779086434
2.600000000000002,0.0,50.0,180.0,40.52689647501644,90.0,102.91379779086434,49.47310352498356,90.0,257.08620220913565
2.600000000000002,0.0,50.0,199.02113032590304,31.557904981446917,90.0,119.77323707536694,58.44209501855308,90.0,240.22676292463308
2.620000000000002,0.0,-50.0,198.59552971776498,31.781308832421434,90.0,119.35099991085714,121.78130883242143,90.0,134.35099991085713
2.620000000000002,0.0,-50.0,180.0,40.52689647501644,90.0,102.91379779086434,130.52689647501643,90.0,102.91379779086434
2.620000000000002,0.0,50.0,180.0,40.52689647501644,90.0,102.91379779086434,49.47310352498356,90.0,257.08620220913565
2.620000000000002,0.0,50.0,198.59552971776498,31.781308832421434,90.0,119.35099991085714,58.21869116757857,90.0,240.64900008914287
2.640000000000002,0.0,-50.0,198.09654104932034,32.041524474193494,90.0,118.85931399794801,122.0415244741935,90.0,133.859313997948
2.640000000000002,0.0,-50.0,180.0,40.52689647501644,90.0,102.91379779086434,130.52689647501643,90.0,102.91379779086434
2.640000000000002,0.0,50.0,180.0,40.52689647501644,90.0,102.91379779086434,49.47310352498356,90.0,257.08620220913565
2.640000000000002,0.0,50.0,198.09654104932034,32.041524474193494,90.0,118.85931399794801,57.958475525806506,90.0,241.140686002052
2.660000000000002,0.0,-50.0,197.52613360087722,32.33677820526471,90.0,118.3015892272171,122.33677820526471,90.0,133.3015892272171
2.660000000000002,0.0,-50.0,180.0,40.52689647501644,90.0,102.91379779086434,130.52689647501643,90.0,102.91379779086434
2.660000000000002,0.0,50.0,180.0,40.52689647501644,90.0,102.91379779086434,49.47310352498356,90.0,257.08620220913565
2.660000000000002,0.0,50.0,197.52613360087722,32.33677820526471,90.0,118.3015892272171,57.66322179473529,90.0,241.6984107727829
2.680000000000002,0.0,-50.0,196.88655851004023,32.66511382968097,90.0,117.68158532761389,122.66511382968096,90.0,132.6815853276139
2.680000000000002,0.0,-50.0,180.0,40.52689647501644,90.0,102.91379779086434,130.52689647501643,90.0,102.91379779086434
2.680000000000002,0.0,50.0,180.0,40.52689647501644,90.0,102.91379779086434,49.47310352498356,90.0,257.08620220913565
2.680000000000002,0.0,50.0,196.88655851004023,32.66511382968097,90.0,117.68158532761389,57.33488617031903,90.0,242.3184146723861
2.700000000000002,0.0,-50.0,196.18033988749886,33.02442302792548,90.0,117.00335305825621,123.02442302792548,90.0,132.0033530582562
2.700000000000002,0.0,-50.0,180.0,40.52689647501644,90.0,102.91379779086434,130.52689647501643,90.0,102.91379779086434
2.700000000000002,0.0,50.0,180.0,40.52689647501644,90.0,102.91379779086434,49.47310352498356,90.0,257.08620220913565
2.700000000000002,0.0,50.0,196.18033988749886,33.02442302792548,90.0,117.00335305825621,56.97557697207452,90.0,242.9966469417438
2.720000000000002,0.0,-50.0,195.41026485551572,33.41247536588893,90.0,116.27117604786416,123.41247536588892,90.0,131.27117604786417
2.720000000000002,0.0,-50.0,180.0,40.52689647501644,90.0,102.91379779086434,130.52689647501643,90.0,102.91379779086434
2.720000000000002,0.0,50.0,180.0,40.52689647501644,90.0,102.91379779086434,49.47310352498356,90.0,257.08620220913565
2.720000000000002,0.0,50.0,195.41026485551572,33.41247536588893,90.0,116.27117604786416,56.58752463411107,90.0,243.72882395213583
2.740000000000002,0.0,-50.0,194.57937254842815,33.826947084527944,90.00000000000001,115.48951493464969,123.82694708452794,89.99999999999999,130.4895149346497
2.740000000000002,0.0,-50.0,180.0,40.52689647501644,90.0,102.91379779086434,130.52689647501643,90.0,102.91379779086434
2.740000000000002,0.0,50.0,180.0,40.52689647501644,90.0,102.91379779086434,49.47310352498356,90.0,257.08620220913565
2.740000000000002,0.0,50.0,194.57937254842815,33.826947084527944,90.00000000000001,115.48951493464969,56.173052915472056,90.00000000000001,244.5104850653503
2.760000000000002,0.0,-50.0,193.69094211857367,34.265448000444714,90.00000000000001,114.66295509977448,124.2654480004447,89.99999999999999,129.66295509977448
2.760000000000002,0.0,-50.0,180.0,40.52689647501644,90.0,102.91379779086434,130.52689647501643,90.0,102.91379779086434
2.760000000000002,0.0,50.0,180.0,40.52689647501644,90.0,102.91379779086434,49.47310352498356,90.0,257.08620220913565
2.760000000000002,0.0,50.0,193.69094211857367,34.265448000444714,90.00000000000001,114.66295509977448,55.734551999555286,90.00000000000001,245.33704490022552
2.780000000000002,0.0,-50.0,192.7484797949737,34.72554604159617,90.00000000000001,113.7961589155326,124.72554604159617,89.99999999999999,128.7961589155326
2.780000000000002,0.0,-50.0,180.0,40.52689647501644,90.0,102.91379779086434,130.52689647501643,90.0,102.91379779086434
2.780000000000002,0.0,50.0,180.0,40.52689647501644,90.0,102.91379779086434,49.47310352498356,90.0,257.08620220913565
2.780000000000002,0.0,50.0,192.7484797949737,34.72554604159617,90.00000000000001,113.7961589155326,55.27445395840383,90.00000000000001,246.2038410844674
2.800000000000002,0.0,-50.0,191.75570504584937,35.20478912675105,90.0,112.89382307579457,125.20478912675105,90.0,127.89382307579457
2.800000000000002,0.0,-50.0,180.0,40.52689647501644,90.0,102.91379779086434,130.52689647501643,90.0,102.91379779086434
2.800000000000002,0.0,50.0,180.0,40.52689647501644,90.0,102.91379779086434,49.47310352498356,90.0,257.08620220913565
2.800000000000002,0.0,50.0,191.75570504584937,35.20478912675105,90.0,112.89382307579457,54.79521087324895,90.0,247.10617692420544
2.820000000000002,0.0,-50.0,190.71653589957984,35.700724260838705,90.0,111.96064126271749,125.70072426083871,90.0,126.96064126271749
2.820000000000002,0.0,-50.0,180.0,40.52689647501644,90.0,102.91379779086434,130.52689647501643,90.0,102.91379779086434
2.820000000000002,0.0,50.0,180.0,40.52689647501644,90.0,102.91379779086434,49.47310352498356,90.0,257.08620220913565
2.820000000000002,0.0,50.0,190.71653589957984,35.700724260838705,90.0,111.96064126271749,54.299275739161295,90.0,248.0393587372825
2.840000000000002,0.0,-50.0,189.6350734820342,36.210913854303676,90.0,111.00127214311323,126.21091385430367,90.0,126.00127214311323
2.840000000000002,0.0,-50.0,180.0,40.52689647501644,90.0,102.91379779086434,130.52689647501643,90.0,102.91379779086434
2.840000000000002,0.0,50.0,180.0,40.52689647501644,90.0,102.91379779086434,49.47310352498356,90.0,257.08620220913565
2.840000000000002,0.0,50.0,189.6350734820342,36.210913854303676,90.0,111.00127214311323,53.789086145696324,90.0,248.99872785688677
2.860000000000002,0.0,-50.0,188.51558583130134,36.73294938041948,90.0,110.0203124851347,126.73294938041948,90.0,125.0203124851347
2.860000000000002,0.0,-50.0,180.0,40.52689647501644,90.0,102.91379779086434,130.52689647501643,90.0,102.91379779086434
2.860000000000002,0.0,50.0,180.0,40.52689647501644,90.0,102.91379779086434,49.47310352498356,90.0,257.08620220913565
2.860000000000002,0.0,50.0,188.51558583130134,36.73294938041948,90.0,110.0203124851347,53.26705061958052,90.0,249.9796875148653
2.880000000000002,0.0,-50.0,187.36249105369345,37.264462560833515,90.00000000000001,109.02227503993042,127.26446256083352,89.99999999999999,124.02227503993042
2.880000000000002,0.0,-50.0,180.0,40.52689647501644,90.0,102.91379779086434,130.52689647501643,90.0,102.91379779086434
2.880000000000002,0.0,50.0,180.0,40.52689647501644,90.0,102.91379779086434,49.47310352498356,90.0,257.08620220913565
2.880000000000002,0.0,50.0,187.36249105369345,37.264462560833515,90.00000000000001,109.02227503993042,52.735537439166485,90.00000000000001,250.97772496006957
2.900000000000002,0.0,-50.0,186.18033988749883,37.80313431920596,90.0,108.01157073826631,127.80313431920595,90.0,123.01157073826631
2.900000000000002,0.0,-50.0,180.0,40.52689647501644,90.0,102.91379779086434,130.52689647501643,90.0,102.91379779086434
2.900000000000002,0.0,50.0,180.0,40.52689647501644,90.0,102.91379779086434,49.47310352498356,90.0,257.08620220913565
2.900000000000002,0.0,50.0,186.18033988749883,37.80313431920596,90.0,108.01157073826631,52.19686568079404,90.0,251.9884292617337
2.920000000000002,0.0,-50.0,184.97379774329696,38.34670176971181,90.0,106.99249470105228,128.3467017697118,90.0,121.99249470105228
2.920000000000002,0.0,-50.0,180.0,40.52689647501644,90.0,102.91379779086434,130.52689647501643,90.0,102.91379779086434
2.920000000000002,0.0,50.0,180.0,40.52689647501644,90.0,102.91379779086434,49.47310352498356,90.0,257.08620220913565
2.920000000000002,0.0,50.0,184.97379774329696,38.34670176971181,90.0,106.99249470105228,51.65329823028819,90.0,253.0075052989477
2.940000000000002,0.0,-50.0,183.74762629171437,38.89296351592253,90.0,105.96921554652661,128.89296351592253,90.0,120.96921554652661
2.940000000000002,0.0,-50.0,180.0,40.52689647501644,90.0,102.91379779086434,130.52689647501643,90.0,102.91379779086434
2.940000000000002,0.0,50.0,180.0,40.52689647501644,90.0,102.91379779086434,49.47310352498356,90.0,257.08620220913565
2.940000000000002,0.0,50.0,183.74762629171437,38.89296351592253,90.0,105.96921554652661,51.10703648407747,90.0,254.0307844534734
2.960000000000002,0.0,-50.0,182.50666467128596,39.4397835306316,90.0,104.94576748695312,129.4397835306316,90.0,119.94576748695312
2.960000000000002,0.0,-50.0,180.0,40.52689647501644,90.0,102.91379779086434,130.52689647501643,90.0,102.91379779086434
2.960000000000002,0.0,50.0,180.0,40.52689647501644,90.0,102.91379779086434,49.47310352498356,90.0,257.08620220913565
2.960000000000002,0.0,50.0,182.50666467128596,39.4397835306316,90.0,104.94576748695312,50.5602164693684,90.0,255.05423251304688
2.980000000000002,0.0,-50.0,181.25581039058613,39.98509387256263,90.0,103.92604473629768,129.98509387256263,90.0,118.92604473629768
2.980000000000002,0.0,-50.0,180.0,40.52689647501644,90.0,102.91379779086434,130.52689647501643,90.0,102.91379779086434
2.980000000000002,0.0,50.0,180.0,40.52689647501644,90.0,102.91379779086434,49.47310352498356,90.0,257.08620220913565
2.980000000000002,0.0,50.0,181.25581039058613,39.98509387256263,90.0,103.92604473629768,50.01490612743737,90.0,256.0739552637023
3.000000000000002,0.0,-50.0,180.0,40.52689647501644,90.0,102.91379779086434,130.52689647501643,90.0,117.91379779086434
3.000000000000002,-0.0,-50.0,180.0000000000001,40.5268964750164,90.0,102.91379779086442,130.5268964750164,90.0,102.91379779086442
3.000000000000002,-0.0,50.0,180.0000000000001,40.5268964750164,90.0,102.91379779086442,49.4731035249836,90.0,257.0862022091356
3.000000000000002,0.0,50.0,180.0,40.52689647501644,90.0,102.91379779086434,49.47310352498356,90.0,257.08620220913565
3.0200000000000022,0.0,-50.0,180.0,40.52689647501644,90.0,102.91379779086434,130.52689647501643,90.0,117.91379779086434
3.0200000000000022,-0.0,-50.0,181.25581039058642,39.985093872562516,90.0,103.92604473629791,129.98509387256252,90.0,103.92604473629791
3.0200000000000022,-0.0,50.0,181.25581039058642,39.985093872562516,90.0,103.92604473629791,50.014906127437484,90.0,256.0739552637021
3.0200000000000022,0.0,50.0,180.0,40.52689647501644,90.0,102.91379779086434,49.47310352498356,90.0,257.08620220913565
3.0400000000000023,0.0,-50.0,180.0,40.52689647501644,90.0,102.91379779086434,130.52689647501643,90.0,117.91379779086434
3.0400000000000023,-0.0,-50.0,182.50666467128625,39.43978353063148,90.0,104.94576748695334,129.43978353063147,90.0,104.94576748695334
3.0400000000000023,-0.0,50.0,182.50666467128625,39.43978353063148,90.0,104.94576748695334,50.56021646936852,90.0,255.05423251304666
3.0400000000000023,0.0,50.0,180.0,40.52689647501644,90.0,102.91379779086434,49.47310352498356,90.0,257.08620220913565
3.0600000000000023,0.0,-50.0,180.0,40.52689647501644,90.0,102.91379779086434,130.52689647501643,90.0,117.91379779086434
3.0600000000000023,-0.0,-50.0,183.74762629171462,38.89296351592242,90.0,105.96921554652684,128.89296351592242,90.0,105.96921554652684
3.0600000000000023,-0.0,50.0,183.74762629171462,38.89296351592242,90.0,105.96921554652684,51.10703648407758,90.0,254.03078445347316
3.0600000000000023,0.0,50.0,180.0,40.52689647501644,90.0,102.91379779086434,49.47310352498356,90.0,257.08620220913565
3.0800000000000023,0.0,-50.0,180.0,40.52689647501644,90.0,102.91379779086434,130.52689647501643,90.0,117.91379779086434
3.0800000000000023,-0.0,-50.0,184.9737977432972,38.346701769711686,90.0,106.9924947010525,128.34670176971167,90.0,106.9924947010525
3.0800000000000023,-0.0,50.0,184.9737977432972,38.346701769711686,90.0,106.9924947010525,51.653298230288314,90.0,253.0075052989475
3.0800000000000023,0.0,50.0,180.0,40.52689647501644,90.0,102.91379779086434,49.47310352498356,90.0,257.08620220913565
3.1000000000000023,0.0,-50.0,180.0,40.52689647501644,90.0,102.91379779086434,130.52689647501643,90.0,117.91379779086434
3.1000000000000023,-0.0,-50.0,186.1803398874991,37.803134319205846,90.00000000000001,108.01157073826653,127.80313431920584,89.99999999999999,108.01157073826653
3.1000000000000023,-0.0,50.0,186.1803398874991,37.803134319205846,90.00000000000001,108.01157073826653,52.196865680794154,90.00000000000001,251.98842926173347
3.1000000000000023,0.0,50.0,180.0,40.52689647501644,90.0,102.91379779086434,49.47310352498356,90.0,257.08620220913565
3.1200000000000023,0.0,-50.0,180.0,40.52689647501644,90.0,102.91379779086434,130.52689647501643,90.0,117.91379779086434
3.1200000000000023,-0.0,-50.0,187.36249105369373,37.26446256083338,90.0,109.02227503993068,127.26446256083338,90.0,109.02227503993068
3.1200000000000023,-0.0,50.0,187.36249105369373,37.26446256083338,90.0,109.02227503993068,52.73553743916662,90.0,250.97772496006934
3.1200000000000023,0.0,50.0,180.0,40.52689647501644,90.0,102.91379779086434,49.47310352498356,90.0,257.08620220913565
3.1400000000000023,0.0,-50.0,180.0,40.52689647501644,90.0,102.91379779086434,130.52689647501643,90.0,117.91379779086434
3.1400000000000023,-0.0,-50.0,188.5155858313016,36.732949380419356,90.00000000000001,110.02031248513494,126.73294938041936,89.99999999999999,110.02031248513494
3.1400000000000023,-0.0,50.0,188.5155858313016,36.732949380419356,90.00000000000001,110.02031248513494,53.267050619580644,90.00000000000001,249.97968751486508
3.1400000000000023,0.0,50.0,180.0,40.52689647501644,90.0,102.91379779086434,49.47310352498356,90.0,257.08620220913565
3.1600000000000024,0.0,-50.0,180.0,40.52689647501644,90.0,102.91379779086434,130.52689647501643,90.0,117.91379779086434
3.1600000000000024,-0.0,-50.0,189.63507348203441,36.21091385430357,90.0,111.00127214311343,126.21091385430357,90.0,111.00127214311343
3.1600000000000024,-0.0,50.0,189.63507348203441,36.21091385430357,90.0,111.00127214311343,53.78908614569643,90.0,248.99872785688657
3.1600000000000024,0.0,50.0,180.0,40.52689647501644,90.0,102.91379779086434,49.47310352498356,90.0,257.08620220913565
3.1800000000000024,0.0,-50.0,180.0,40.52689647501644,90.0,102.91379779086434,130.52689647501643,90.0,117.91379779086434
3.1800000000000024,-0.0,-50.0,190.71653589958007,35.70072426083859,90.0,111.9606412627177,125.7007242608386,90.0,111.9606412627177
3.1800000000000024,-0.0,50.0,190.71653589958007,35.70072426083859,90.0,111.9606412627177,54.29927573916141,90.0,248.0393587372823
3.1800000000000024,0.0,50.0,180.0,40.52689647501644,90.0,102.91379779086434,49.47310352498356,90.0,257.08620220913565
3.2000000000000024,0.0,-50.0,180.0,40.52689647501644,90.0,102.91379779086434,130.52689647501643,90.0,117.91379779086434
3.2000000000000024,-0.0,-50.0,191.7557050458496,35.20478912675094,90.0,112.89382307579477,125.20478912675094,90.0,112.89382307579477
3.2000000000000024,-0.0,50.0,191.7557050458496,35.20478912675094,90.0,112.89382307579477,54.79521087324906,90.0,247.10617692420522
3.2000000000000024,0.0,50.0,180.0,40.52689647501644,90.0,102.91379779086434,49.47310352498356,90.0,257.08620220913565
3.2200000000000024,0.0,-50.0,180.0,40.52689647501644,90.0,102.91379779086434,130.52689647501643,90.0,117.91379779086434
3.2200000000000024,-0.0,-50.0,192.74847979497392,34.72554604159605,90.0,113.79615891553283,124.72554604159605,90.0,113.79615891553283
3.2200000000000024,-0.0,50.0,192.74847979497392,34.72554604159605,90.0,113.79615891553283,55.27445395840395,90.0,246.20384108446717
3.2200000000000024,0.0,50.0,180.0,40.52689647501644,90.0,102.91379779086434,49.47310352498356,90.0,257.08620220913565
3.2400000000000024,0.0,-50.0,180.0,40.52689647501644,90.0,102.91379779086434,130.52689647501643,90.0,117.91379779086434
3.2400000000000024,-0.0,-50.0,193.69094211857387,34.265448000444614,90.0,114.66295509977466,124.26544800044462,90.0,114.66295509977466
3.2400000000000024,-0.0,50.0,193.69094211857387,34.265448000444614,90.0,114.66295509977466,55.734551999555386,90.0,245.33704490022535
3.2400000000000024,0.0,50.0,180.0,40.52689647501644,90.0,102.91379779086434,49.47310352498356,90.0,257.08620220913565
3.2600000000000025,0.0,-50.0,180.0,40.52689647501644,90.0,102.91379779086434,130.52689647501643,90.0,117.91379779086434
3.2600000000000025,-0.0,-50.0,194.57937254842832,33.82694708452786,90.00000000000001,115.48951493464983,123.82694708452786,89.99999999999999,115.48951493464983
3.2600000000000025,-0.0,50.0,194.57937254842832,33.82694708452786,90.00000000000001,115.48951493464983,56.17305291547214,90.00000000000001,244.51048506535017
3.2600000000000025,0.0,50.0,180.0,40.52689647501644,90.0,102.91379779086434,49.47310352498356,90.0,257.08620220913565
3.2800000000000025,0.0,-50.0,180.0,40.52689647501644,90.0,102.91379779086434,130.52689647501643,90.0,117.91379779086434
3.2800000000000025,-0.0,-50.0,195.4102648555159,33.412475365888845,90.0,116.2711760478643,123.41247536588884,90.0,116.2711760478643
3.2800000000000025,-0.0,50.0,195.4102648555159,33.412475365888845,90.0,116.2711760478643,56.587524634111155,90.0,243.7288239521357
3.2800000000000025,0.0,50.0,180.0,40.52689647501644,90.0,102.91379779086434,49.47310352498356,90.0,257.08620220913565
3.3000000000000025,0.0,-50.0,180.0,40.52689647501644,90.0,102.91379779086434,130.52689647501643,90.0,117.91379779086434
3.3000000000000025,-0.0,-50.0,196.18033988749903,33.024423027925394,90.0,117.0033530582564,123.0244230279254,90.0,117.0033530582564
3.3000000000000025,-0.0,50.0,196.18033988749903,33.024423027925394,90.0,117.0033530582564,56.975576972074606,90.0,242.99664694174362
3.3000000000000025,0.0,50.0,180.0,40.52689647501644,90.0,102.91379779086434,49.47310352498356,90.0,257.08620220913565
3.3200000000000025,0.0,-50.0,180.0,40.52689647501644,90.0,102.91379779086434,130.52689647501643,90.0,117.91379779086434
3.3200000000000025,-0.0,-50.0,196.88655851004037,32.66511382968089,90.00000000000001,117.68158532761402,122.66511382968089,89.99999999999999,117.68158532761402
3.3200000000000025,-0.0,50.0,196.88655851004037,32.66511382968089,90.00000000000001,117.68158532761402,57.33488617031911,90.00000000000001,242.31841467238598
3.3200000000000025,0.0,50.0,180.0,40.52689647501644,90.0,102.91379779086434,49.47310352498356,90.0,257.08620220913565
3.3400000000000025,0.0,-50.0,180.0,40.52689647501644,90.0,102.91379779086434,130.52689647501643,90.0,117.91379779086434
3.3400000000000025,-0.0,-50.0,197.52613360087736,32.33677820526463,90.0,118.30158922721722,122.33677820526464,90.0,118.30158922721722
3.3400000000000025,-0.0,50.0,197.52613360087736,32.33677820526463,90.0,118.30158922721722,57.66322179473537,90.0,241.69841077278278
3.3400000000000025,0.0,50.0,180.0,40.52689647501644,90.0,102.91379779086434,49.47310352498356,90.0,257.08620220913565
3.3600000000000025,0.0,-50.0,180.0,40.52689647501644,90.0,102.91379779086434,130.52689647501643,90.0,117.91379779086434
3.3600000000000025,-0.0,-50.0,198.09654104932048,32.04152447419342,90.0,118.85931399794815,122.04152447419342,90.0,118.85931399794815
3.3600000000000025,-0.0,50.0,198.09654104932048,32.04152447419342,90.0,118.85931399794815,57.95847552580658,90.0,241.14068600205184
3.3600000000000025,0.0,50.0,180.0,40.52689647501644,90.0,102.91379779086434,49.47310352498356,90.0,257.08620220913565
3.3800000000000026,0.0,-50.0,180.0,40.52689647501644,90.0,102.91379779086434,130.52689647501643,90.0,117.91379779086434
3.3800000000000026,-0.0,-50.0,198.5955297177651,31.781308832421377,90.0,119.35099991085727,121.78130883242137,90.0,119.35099991085727
3.3800000000000026,-0.0,50.0,198.5955297177651,31.781308832421377,90.0,119.35099991085727,58.218691167578626,90.0,240.64900008914273
3.3800000000000026,0.0,50.0,180.0,40.52689647501644,90.0,102.91379779086434,49.47310352498356,90.0,257.08620220913565
3.4000000000000026,0.0,-50.0,180.0,40.52689647501644,90.0,102.91379779086434,130.52689647501643,90.0,117.91379779086434
3.4000000000000026,-0.0,-50.0,199.0211303259031,31.55790498144689,90.0,119.77323707536699,121.55790498144688,90.0,119.77323707536699
3.4000000000000026,-0.0,50.0,199.0211303259031,31.55790498144689,90.0,119.77323707536699,58.44209501855311,90.0,240.22676292463302
3.4000000000000026,0.0,50.0,180.0,40.52689647501644,90.0,102.91379779086434,49.47310352498356,90.0,257.08620220913565
3.4200000000000026,0.0,-50.0,180.0,40.52689647501644,90.0,102.91379779086434,130.52689647501643,90.0,117.91379779086434
3.4200000000000026,-0.0,-50.0,199.37166322257266,31.372874414576344,90.0,120.12302293244011,121.37287441457634,90.0,120.12302293244011
3.4200000000000026,-0.0,50.0,199.37166322257266,31.372874414576344,90.0,120.12302293244011,58.627125585423656,90.0,239.8769770675599
3.4200000000000026,0.0,50.0,180.0,40.52689647501644,90.0,102.91379779086434,49.47310352498356,90.0,257.08620220913565
3.4400000000000026,0.0,-50.0,180.0,40.52689647501644,90.0,102.91379779086434,130.52689647501643,90.0,117.91379779086434
3.4400000000000026,-0.0,-50.0,199.6457450145738,31.22753849387129,90.0,120.39781625095996,121.2275384938713,90.0,120.39781625095996
3.4400000000000026,-0.0,50.0,199.6457450145738,31.22753849387129,90.0,120.39781625095996,58.77246150612871,90.0,239.60218374904002
3.4400000000000026,0.0,50.0,180.0,40.52689647501644,90.0,102.91379779086434,49.47310352498356,90.0,257.08620220913565
3.4600000000000026,0.0,-50.0,180.0,40.52689647501644,90.0,102.91379779086434,130.52689647501643,90.0,117.91379779086434
3.4600000000000026,-0.0,-50.0,199.84229402628958,31.122953498331867,90.0,120.5955853560061,121.12295349833187,90.0,120.5955853560061
3.4600000000000026,-0.0,50.0,199.84229402628958,31.122953498331867,90.0,120.5955853560061,58.87704650166813,90.0,239.4044146439939
3.4600000000000026,0.0,50.0,180.0,40.52689647501644,90.0,102.91379779086434,49.47310352498356,90.0,257.08620220913565
3.4800000000000026,0.0,-50.0,180.0,40.52689647501644,90.0,102.91379779086434,130.52689647501643,90.0,117.91379779086434
3.4800000000000026,-0.0,-50.0,199.96053456856544,31.059889787850604,90.00000000000001,120.71484838764496,121.05988978785061,89.99999999999999,120.71484838764496
3.4800000000000026,-0.0,50.0,199.96053456856544,31.059889787850604,90.00000000000001,120.71484838764496,58.94011021214939,90.00000000000001,239.28515161235504
3.4800000000000026,0.0,50.0,180.0,40.52689647501644,90.0,102.91379779086434,49.47310352498356,90.0,257.08620220913565
3.5000000000000027,0.0,-50.0,180.0,40.52689647501644,90.0,102.91379779086434,130.52689647501643,90.0,117.91379779086434
3.5000000000000027,0.0,-50.0,200.0,31.038816100725942,90.00000000000001,120.75470363303134,121.03881610072594,89.99999999999999,120.75470363303134
3.5000000000000027,0.0,50.0,200.0,31.038816100725942,90.00000000000001,120.75470363303134,58.96118389927406,90.00000000000001,239.24529636696866
3.5000000000000027,0.0,50.0,180.0,40.52689647501644,90.0,102.91379779086434,49.47310352498356,90.0,257.08620220913565
3.5200000000000027,0.0,-50.0,180.0,40.52689647501644,90.0,102.91379779086434,130.52689647501643,90.0,117.91379779086434
3.5200000000000027,0.0,-50.0,199.9605345685654,31.059889787850604,90.0,120.71484838764496,121.05988978785061,90.0,120.71484838764496
3.5200000000000027,0.0,50.0,199.9605345685654,31.059889787850604,90.0,120.71484838764496,58.94011021214939,90.0,239.28515161235504
3.5200000000000027,0.0,50.0,180.0,40.52689647501644,90.0,102.91379779086434,49.47310352498356,90.0,257.08620220913565
3.5400000000000027,0.0,-50.0,180.0,40.52689647501644,90.0,102.91379779086434,130.52689647501643,90.0,117.91379779086434
3.5400000000000027,0.0,-50.0,199.84229402628955,31.122953498331878,90.00000000000001,120.59558535600608,121.12295349833188,89.99999999999999,120.59558535600608
3.5400000000000027,0.0,50.0,199.84229402628955,31.122953498331878,90.00000000000001,120.59558535600608,58.87704650166812,90.00000000000001,239.4044146439939
3.5400000000000027,0.0,50.0,180.0,40.52689647501644,90.0,102.91379779086434,49.47310352498356,90.0,257.08620220913565
3.5600000000000027,0.0,-50.0,180.0,40.52689647501644,90.0,102.91379779086434,130.52689647501643,90.0,117.91379779086434
3.5600000000000027,0.0,-50.0,199.64574501457375,31.22753849387132,90.0,120.39781625095992,121.22753849387132,90.0,120.39781625095992
3.5600000000000027,0.0,50.0,199.64574501457375,31.22753849387132,90.0,120.39781625095992,58.77246150612868,90.0,239.60218374904008
3.5600000000000027,0.0,50.0,180.0,40.52689647501644,90.0,102.91379779086434,49.47310352498356,90.0,257.08620220913565
3.5800000000000027,0.0,-50.0,180.0,40.52689647501644,90.0,102.91379779086434,130.52689647501643,90.0,117.91379779086434
3.5800000000000027,0.0,-50.0,199.37166322257258,31.372874414576376,90.0,120.12302293244004,121.37287441457637,90.0,120.12302293244004
3.5800000000000027,0.0,50.0,199.37166322257258,31.372874414576376,90.0,120.12302293244004,58.62712558542363,90.0,239.87697706755995
3.5800000000000027,0.0,50.0,180.0,40.52689647501644,90.0,102.91379779086434,49.47310352498356,90.0,257.08620220913565
3.6000000000000028,0.0,-50.0,180.0,40.52689647501644,90.0,102.91379779086434,130.52689647501643,90.0,117.91379779086434
3.6000000000000028,0.0,-50.0,199.02113032590302,31.557904981446928,90.0,119.77323707536691,121.55790498144692,90.0,119.77323707536691
3.6000000000000028,0.0,50.0,199.02113032590302,31.557904981446928,90.0,119.77323707536691,58.442095018553076,90.0,240.22676292463308
3.6000000000000028,0.0,50.0,180.0,40.52689647501644,90.0,102.91379779086434,49.47310352498356,90.0,257.08620220913565
3.6200000000000028,0.0,-50.0,180.0,40.52689647501644,90.0,102.91379779086434,130.52689647501643,90.0,117.91379779086434
3.6200000000000028,0.0,-50.0,198.59552971776498,31.781308832421434,90.0,119.35099991085714,121.78130883242143,90.0,119.35099991085714
3.6200000000000028,0.0,50.0,198.59552971776498,31.781308832421434,90.0,119.35099991085714,58.21869116757857,90.0,240.64900008914287
3.6200000000000028,0.0,50.0,180.0,40.52689647501644,90.0,102.91379779086434,49.47310352498356,90.0,257.08620220913565
3.640000000000003,0.0,-50.0,180.0,40.52689647501644,90.0,102.91379779086434,130.52689647501643,90.0,117.91379779086434
3.640000000000003,0.0,-50.0,198.09654104932034,32.041524474193494,90.0,118.85931399794801,122.0415244741935,90.0,118.85931399794801
3.640000000000003,0.0,50.0,198.09654104932034,32.041524474193494,90.0,118.85931399794801,57.958475525806506,90.0,241.140686002052
3.640000000000003,0.0,50.0,180.0,40.52689647501644,90.0,102.91379779086434,49.47310352498356,90.0,257.08620220913565
3.660000000000003,0.0,-50.0,180.0,40.52689647501644,90.0,102.91379779086434,130.52689647501643,90.0,117.91379779086434
3.660000000000003,0.0,-50.0,197.5261336008772,32.336778205264714,90.0,118.30158922721706,122.33677820526472,90.0,118.30158922721706
3.660000000000003,0.0,50.0,197.5261336008772,32.336778205264714,90.0,118.30158922721706,57.663221794735286,90.0,241.69841077278295
3.660000000000003,0.0,50.0,180.0,40.52689647501644,90.0,102.91379779086434,49.47310352498356,90.0,257.08620220913565
3.680000000000003,0.0,-50.0,180.0,40.52689647501644,90.0,102.91379779086434,130.52689647501643,90.0,117.91379779086434
3.680000000000003,0.0,-50.0,196.8865585100402,32.665113829680976,90.00000000000001,117.68158532761386,122.66511382968098,89.99999999999999,117.68158532761386
3.680000000000003,0.0,50.0,196.8865585100402,32.665113829680976,90.00000000000001,117.68158532761386,57.334886170319024,90.00000000000001,242.31841467238615
3.680000000000003,0.0,50.0,180.0,40.52689647501644,90.0,102.91379779086434,49.47310352498356,90.0,257.08620220913565
3.700000000000003,0.0,-50.0,180.0,40.52689647501644,90.0,102.91379779086434,130.52689647501643,90.0,117.91379779086434
3.700000000000003,0.0,-50.0,196.18033988749886,33.02442302792548,90.0,117.00335305825621,123.02442302792548,90.0,117.00335305825621
3.700000000000003,0.0,50.0,196.18033988749886,33.02442302792548,90.0,117.00335305825621,56.97557697207452,90.0,242.9966469417438
3.700000000000003,0.0,50.0,180.0,40.52689647501644,90.0,102.91379779086434,49.47310352498356,90.0,257.08620220913565
3.720000000000003,0.0,-50.0,180.0,40.52689647501644,90.0,102.91379779086434,130.52689647501643,90.0,117.91379779086434
3.720000000000003,0.0,-50.0,195.4102648555157,33.412475365888945,90.0,116.27117604786413,123.41247536588895,90.0,116.27117604786413
3.720000000000003,0.0,50.0,195.4102648555157,33.412475365888945,90.0,116.27117604786413,56.587524634111055,90.0,243.72882395213588
3.720000000000003,0.0,50.0,180.0,40.52689647501644,90.0,102.91379779086434,49.47310352498356,90.0,257.08620220913565
3.740000000000003,0.0,-50.0,180.0,40.52689647501644,90.0,102.91379779086434,130.52689647501643,90.0,117.91379779086434
3.740000000000003,0.0,-50.0,194.5793725484281,33.82694708452797,90.0,115.48951493464963,123.82694708452797,90.0,115.48951493464963
3.740000000000003,0.0,50.0,194.5793725484281,33.82694708452797,90.0,115.48951493464963,56.17305291547203,90.0,244.51048506535037
3.740000000000003,0.0,50.0,180.0,40.52689647501644,90.0,102.91379779086434,49.47310352498356,90.0,257.08620220913565
3.760000000000003,0.0,-50.0,180.0,40.52689647501644,90.0,102.91379779086434,130.52689647501643,90.0,117.91379779086434
3.760000000000003,0.0,-50.0,193.69094211857362,34.26544800044475,90.0,114.66295509977441,124.26544800044475,90.0,114.66295509977441
3.760000000000003,0.0,50.0,193.69094211857362,34.26544800044475,90.0,114.66295509977441,55.73455199955525,90.0,245.33704490022558
3.760000000000003,0.0,50.0,180.0,40.52689647501644,90.0,102.91379779086434,49.47310352498356,90.0,257.08620220913565
3.780000000000003,0.0,-50.0,180.0,40.52689647501644,90.0,102.91379779086434,130.52689647501643,90.0,117.91379779086434
3.780000000000003,0.0,-50.0,192.74847979497366,34.725546041596175,90.0,113.7961589155326,124.72554604159617,90.0,113.7961589155326
3.780000000000003,0.0,50.0,192.74847979497366,34.725546041596175,90.0,113.7961589155326,55.274453958403825,90.0,246.2038410844674
3.780000000000003,0.0,50.0,180.0,40.52689647501644,90.0,102.91379779086434,49.47310352498356,90.0,257.08620220913565
3.800000000000003,0.0,-50.0,180.0,40.52689647501644,90.0,102.91379779086434,130.52689647501643,90.0,117.91379779086434
3.800000000000003,0.0,-50.0,191.75570504584934,35.20478912675106,90.0,112.89382307579456,125.20478912675105,90.0,112.89382307579456
3.800000000000003,0.0,50.0,191.75570504584934,35.20478912675106,90.0,112.89382307579456,54.79521087324894,90.0,247.10617692420544
3.800000000000003,0.0,50.0,180.0,40.52689647501644,90.0,102.91379779086434,49.47310352498356,90.0,257.08620220913565
3.820000000000003,0.0,-50.0,180.0,40.52689647501644,90.0,102.91379779086434,130.52689647501643,90.0,117.91379779086434
3.820000000000003,0.0,-50.0,190.71653589957978,35.70072426083873,90.0,111.96064126271744,125.70072426083874,90.0,111.96064126271744
3.820000000000003,0.0,50.0,190.71653589957978,35.70072426083873,90.0,111.96064126271744,54.29927573916127,90.0,248.03935873728256
3.820000000000003,0.0,50.0,180.0,40.52689647501644,90.0,102.91379779086434,49.47310352498356,90.0,257.08620220913565
3.840000000000003,0.0,-50.0,180.0,40.52689647501644,90.0,102.91379779086434,130.52689647501643,90.0,117.91379779086434
3.840000000000003,0.0,-50.0,189.63507348203413,36.2109138543037,90.0,111.00127214311317,126.2109138543037,90.0,111.00127214311317
3.840000000000003,0.0,50.0,189.63507348203413,36.2109138543037,90.0,111.00127214311317,53.7890861456963,90.0,248.99872785688683
3.840000000000003,0.0,50.0,180.0,40.52689647501644,90.0,102.91379779086434,49.47310352498356,90.0,257.08620220913565
3.860000000000003,0.0,-50.0,180.0,40.52689647501644,90.0,102.91379779086434,130.52689647501643,90.0,117.91379779086434
3.860000000000003,0.0,-50.0,188.51558583130128,36.732949380419505,90.0,110.02031248513465,126.73294938041951,90.0,110.02031248513465
3.860000000000003,0.0,50.0,188.51558583130128,36.732949380419505,90.0,110.02031248513465,53.267050619580495,90.0,249.97968751486536
3.860000000000003,0.0,50.0,180.0,40.52689647501644,90.0,102.91379779086434,49.47310352498356,90.0,257.08620220913565
3.880000000000003,0.0,-50.0,180.0,40.52689647501644,90.0,102.91379779086434,130.52689647501643,90.0,117.91379779086434
3.880000000000003,0.0,-50.0,187.36249105369342,37.26446256083352,90.0,109.02227503993042,127.26446256083352,90.0,109.02227503993042
3.880000000000003,0.0,50.0,187.36249105369342,37.26446256083352,90.0,109.02227503993042,52.73553743916648,90.0,250.97772496006957
3.880000000000003,0.0,50.0,180.0,40.52689647501644,90.0,102.91379779086434,49.47310352498356,90.0,257.08620220913565
3.900000000000003,0.0,-50.0,180.0,40.52689647501644,90.0,102.91379779086434,130.52689647501643,90.0,117.91379779086434
3.900000000000003,0.0,-50.0,186.18033988749877,37.80313431920599,90.0,108.01157073826627,127.80313431920598,90.0,108.01157073826627
3.900000000000003,0.0,50.0,186.18033988749877,37.80313431920599,90.0,108.01157073826627,52.19686568079401,90.0,251.98842926173373
3.900000000000003,0.0,50.0,180.0,40.52689647501644,90.0,102.91379779086434,49.47310352498356,90.0,257.08620220913565
3.920000000000003,0.0,-50.0,180.0,40.52689647501644,90.0,102.91379779086434,130.52689647501643,90.0,117.91379779086434
3.920000000000003,0.0,-50.0,184.9737977432969,38.34670176971183,90.0,106.99249470105222,128.34670176971184,90.0,106.99249470105222
3.920000000000003,0.0,50.0,184.9737977432969,38.34670176971183,90.0,106.99249470105222,51.65329823028817,90.0,253.00750529894776
3.920000000000003,0.0,50.0,180.0,40.52689647501644,90.0,102.91379779086434,49.47310352498356,90.0,257.08620220913565
3.940000000000003,0.0,-50.0,180.0,40.52689647501644,90.0,102.91379779086434,130.52689647501643,90.0,117.91379779086434
3.940000000000003,0.0,-50.0,183.7476262917143,38.892963515922546,90.0,105.96921554652657,128.89296351592253,90.0,105.96921554652657
3.940000000000003,0.0,50.0,183.7476262917143,38.892963515922546,90.0,105.96921554652657,51.107036484077454,90.0,254.03078445347342
3.940000000000003,0.0,50.0,180.0,40.52689647501644,90.0,102.91379779086434,49.47310352498356,90.0,257.08620220913565
3.960000000000003,0.0,-50.0,180.0,40.52689647501644,90.0,102.91379779086434,130.52689647501643,90.0,117.91379779086434
3.960000000000003,0.0,-50.0,182.50666467128593,39.43978353063162,90.0,104.94576748695307,129.43978353063162,90.0,104.94576748695307
3.960000000000003,0.0,50.0,182.50666467128593,39.43978353063162,90.0,104.94576748695307,50.56021646936838,90.0,255.05423251304694
3.960000000000003,0.0,50.0,180.0,40.52689647501644,90.0,102.91379779086434,49.47310352498356,90.0,257.08620220913565
3.980000000000003,0.0,-50.0,180.0,40.52689647501644,90.0,102.91379779086434,130.52689647501643,90.0,117.91379779086434
3.980000000000003,0.0,-50.0,181.25581039058608,39.985093872562665,90.0,103.92604473629764,129.98509387256266,90.0,103.92604473629764
3.980000000000003,0.0,50.0,181.25581039058608,39.985093872562665,90.0,103.92604473629764,50.014906127437335,90.0,256.0739552637024
3.980000000000003,0.0,50.0,180.0,40.52689647501644,90.0,102.91379779086434,49.47310352498356,90.0,257.08620220913565
4.000000000000003,-0.0,-50.0,180.00000000000017,40.52689647501638,90.0,102.91379779086448,130.52689647501637,90.0,117.91379779086448
4.000000000000003,0.0,-50.0,180.0,40.52689647501644,90.0,102.91379779086434,130.52689647501643,90.0,102.91379779086434
4.000000000000003,0.0,50.0,180.0,40.52689647501644,90.0,102.91379779086434,49.47310352498356,90.0,257.08620220913565
4.000000000000003,-0.0,50.0,180.00000000000017,40.52689647501638,90.0,102.91379779086448,49.47310352498362,90.0,257.08620220913554
4.020000000000002,-0.0,-50.0,181.25581039058642,39.985093872562516,90.0,103.92604473629791,129.98509387256252,90.0,118.92604473629791
4.020000000000002,0.0,-50.0,180.0,40.52689647501644,90.0,102.91379779086434,130.52689647501643,90.0,102.91379779086434
4.020000000000002,0.0,50.0,180.0,40.52689647501644,90.0,102.91379779086434,49.47310352498356,90.0,257.08620220913565
4.020000000000002,-0.0,50.0,181.25581039058642,39.985093872562516,90.0,103.92604473629791,50.014906127437484,90.0,256.0739552637021
4.040000000000002,-0.0,-50.0,182.5066646712862,39.43978353063151,90.0,104.9457674869533,129.4397835306315,90.0,119.9457674869533
4.040000000000002,0.0,-50.0,180.0,40.52689647501644,90.0,102.91379779086434,130.52689647501643,90.0,102.91379779086434
4.040000000000002,0.0,50.0,180.0,40.52689647501644,90.0,102.91379779086434,49.47310352498356,90.0,257.08620220913565
4.040000000000002,-0.0,50.0,182.5066646712862,39.43978353063151,90.0,104.9457674869533,50.56021646936849,90.0,255.0542325130467
4.060000000000001,-0.0,-50.0,183.74762629171457,38.892963515922446,90.00000000000001,105.96921554652678,128.89296351592245,89.99999999999999,120.96921554652678
4.060000000000001,0.0,-50.0,180.0,40.52689647501644,90.0,102.91379779086434,130.52689647501643,90.0,102.91379779086434
4.060000000000001,0.0,50.0,180.0,40.52689647501644,90.0,102.91379779086434,49.47310352498356,90.0,257.08620220913565
4.060000000000001,-0.0,50.0,183.74762629171457,38.892963515922446,90.00000000000001,105.96921554652678,51.107036484077554,90.00000000000001,254.03078445347322
4.080000000000001,-0.0,-50.0,184.97379774329715,38.34670176971171,90.0,106.99249470105245,128.3467017697117,90.0,121.99249470105245
4.080000000000001,0.0,-50.0,180.0,40.52689647501644,90.0,102.91379779086434,130.52689647501643,90.0,102.91379779086434
4.080000000000001,0.0,50.0,180.0,40.52689647501644,90.0,102.91379779086434,49.47310352498356,90.0,257.08620220913565
4.080000000000001,-0.0,50.0,184.97379774329715,38.34670176971171,90.0,106.99249470105245,51.65329823028829,90.0,253.00750529894754
4.1000000000000005,-0.0,-50.0,186.18033988749897,37.803134319205896,90.0,108.01157073826643,127.8031343192059,90.0,123.01157073826643
4.1000000000000005,0.0,-50.0,180.0,40.52689647501644,90.0,102.91379779086434,130.52689647501643,90.0,102.91379779086434
4.1000000000000005,0.0,50.0,180.0,40.52689647501644,90.0,102.91379779086434,49.47310352498356,90.0,257.08620220913565
4.1000000000000005,-0.0,50.0,186.18033988749897,37.803134319205896,90.0,108.01157073826643,52.196865680794104,90.0,251.9884292617336
4.12,-0.0,-50.0,187.36249105369356,37.26446256083346,90.0,109.02227503993053,127.26446256083346,90.0,124.02227503993053
4.12,0.0,-50.0,180.0,40.52689647501644,90.0,102.91379779086434,130.52689647501643,90.0,102.91379779086434
4.12,0.0,50.0,180.0,40.52689647501644,90.0,102.91379779086434,49.47310352498356,90.0,257.08620220913565
4.12,-0.0,50.0,187.36249105369356,37.26446256083346,90.0,109.02227503993053,52.73553743916654,90.0,250.97772496006945
4.14,-0.0,-50.0,188.51558583130142,36.732949380419434,90.00000000000001,110.0203124851348,126.73294938041943,89.99999999999999,125.0203124851348
4.14,0.0,-50.0,180.0,40.52689647501644,90.0,102.91379779086434,130.52689647501643,90.0,102.91379779086434
4.14,0.0,50.0,180.0,40.52689647501644,90.0,102.91379779086434,49.47310352498356,90.0,257.08620220913565
4.14,-0.0,50.0,188.51558583130142,36.732949380419434,90.00000000000001,110.0203124851348,53.267050619580566,90.00000000000001,249.9796875148652
4.159999999999999,-0.0,-50.0,189.63507348203427,36.21091385430364,90.0,111.00127214311328,126.21091385430364,90.0,126.00127214311328
4.159999999999999,0.0,-50.0,180.0,40.52689647501644,90.0,102.91379779086434,130.52689647501643,90.0,102.91379779086434
4.159999999999999,0.0,50.0,180.0,40.52689647501644,90.0,102.91379779086434,49.47310352498356,90.0,257.08620220913565
4.159999999999999,-0.0,50.0,189.63507348203427,36.21091385430364,90.0,111.00127214311328,53.78908614569636,90.0,248.99872785688672
4.179999999999999,-0.0,-50.0,190.71653589957987,35.70072426083869,90.0,111.96064126271752,125.70072426083868,90.0,126.96064126271752
4.179999999999999,0.0,-50.0,180.0,40.52689647501644,90.0,102.91379779086434,130.52689647501643,90.0,102.91379779086434
4.179999999999999,0.0,50.0,180.0,40.52689647501644,90.0,102.91379779086434,49.47310352498356,90.0,257.08620220913565
4.179999999999999,-0.0,50.0,190.71653589957987,35.70072426083869,90.0,111.96064126271752,54.29927573916131,90.0,248.0393587372825
4.199999999999998,-0.0,-50.0,191.75570504584937,35.20478912675105,90.0,112.89382307579457,125.20478912675105,90.0,127.89382307579457
4.199999999999998,0.0,-50.0,180.0,40.52689647501644,90.0,102.91379779086434,130.52689647501643,90.0,102.91379779086434
4.199999999999998,0.0,50.0,180.0,40.52689647501644,90.0,102.91379779086434,49.47310352498356,90.0,257.08620220913565
4.199999999999998,-0.0,50.0,191.75570504584937,35.20478912675105,90.0,112.89382307579457,54.79521087324895,90.0,247.10617692420544
4.219999999999998,-0.0,-50.0,192.7484797949737,34.72554604159617,90.00000000000001,113.7961589155326,124.72554604159617,89.99999999999999,128.7961589155326
4.219999999999998,0.0,-50.0,180.0,40.52689647501644,90.0,102.91379779086434,130.52689647501643,90.0,102.91379779086434
4.219999999999998,0.0,50.0,180.0,40.52689647501644,90.0,102.91379779086434,49.47310352498356,90.0,257.08620220913565
4.219999999999998,-0.0,50.0,192.7484797949737,34.72554604159617,90.00000000000001,113.7961589155326,55.27445395840383,90.00000000000001,246.2038410844674
4.2399999999999975,-0.0,-50.0,193.69094211857367,34.265448000444714,90.00000000000001,114.66295509977448,124.2654480004447,89.99999999999999,129.66295509977448
4.2399999999999975,0.0,-50.0,180.0,40.52689647501644,90.0,102.91379779086434,130.52689647501643,90.0,102.91379779086434
4.2399999999999975,0.0,50.0,180.0,40.52689647501644,90.0,102.91379779086434,49.47310352498356,90.0,257.08620220913565
4.2399999999999975,-0.0,50.0,193.69094211857367,34.265448000444714,90.00000000000001,114.66295509977448,55.734551999555286,90.00000000000001,245.33704490022552
4.259999999999997,-0.0,-50.0,194.5793725484281,33.82694708452797,90.0,115.48951493464963,123.82694708452797,90.0,130.48951493464963
4.259999999999997,0.0,-50.0,180.0,40.52689647501644,90.0,102.91379779086434,130.52689647501643,90.0,102.91379779086434
4.259999999999997,0.0,50.0,180.0,40.52689647501644,90.0,102.91379779086434,49.47310352498356,90.0,257.08620220913565
4.259999999999997,-0.0,50.0,194.5793725484281,33.82694708452797,90.0,115.48951493464963,56.17305291547203,90.0,244.51048506535037
4.279999999999997,-0.0,-50.0,195.41026485551566,33.412475365888966,90.0,116.27117604786407,123.41247536588897,90.0,131.27117604786406
4.279999999999997,0.0,-50.0,180.0,40.52689647501644,90.0,102.91379779086434,130.52689647501643,90.0,102.91379779086434
4.279999999999997,0.0,50.0,180.0,40.52689647501644,90.0,102.91379779086434,49.47310352498356,90.0,257.08620220913565
4.279999999999997,-0.0,50.0,195.41026485551566,33.412475365888966,90.0,116.27117604786407,56.587524634111034,90.0,243.72882395213594
4.299999999999996,-0.0,-50.0,196.1803398874988,33.024423027925515,90.00000000000001,117.00335305825617,123.02442302792551,89.99999999999999,132.00335305825615
4.299999999999996,0.0,-50.0,180.0,40.52689647501644,90.0,102.91379779086434,130.52689647501643,90.0,102.91379779086434
4.299999999999996,0.0,50.0,180.0,40.52689647501644,90.0,102.91379779086434,49.47310352498356,90.0,257.08620220913565
4.299999999999996,-0.0,50.0,196.1803398874988,33.024423027925515,90.00000000000001,117.00335305825617,56.975576972074485,90.00000000000001,242.99664694174385
4.319999999999996,-0.0,-50.0,196.88655851004017,32.66511382968099,90.0,117.68158532761385,122.66511382968099,90.0,132.68158532761385
4.319999999999996,0.0,-50.0,180.0,40.52689647501644,90.0,102.91379779086434,130.52689647501643,90.0,102.91379779086434
4.319999999999996,0.0,50.0,180.0,40.52689647501644,90.0,102.91379779086434,49.47310352498356,90.0,257.08620220913565
4.319999999999996,-0.0,50.0,196.88655851004017,32.66511382968099,90.0,117.68158532761385,57.33488617031901,90.0,242.31841467238615
4.339999999999995,-0.0,-50.0,197.52613360087713,32.336778205264736,90.0,118.30158922721701,122.33677820526474,90.0,133.301589227217
4.339999999999995,0.0,-50.0,180.0,40.52689647501644,90.0,102.91379779086434,130.52689647501643,90.0,102.91379779086434
4.339999999999995,0.0,50.0,180.0,40.52689647501644,90.0,102.91379779086434,49.47310352498356,90.0,257.08620220913565
4.339999999999995,-0.0,50.0,197.52613360087713,32.336778205264736,90.0,118.30158922721701,57.663221794735264,90.0,241.698410772783
4.359999999999995,-0.0,-50.0,198.09654104932025,32.04152447419354,90.00000000000001,118.85931399794792,122.04152447419354,89.99999999999999,133.85931399794794
4.359999999999995,0.0,-50.0,180.0,40.52689647501644,90.0,102.91379779086434,130.52689647501643,90.0,102.91379779086434
4.359999999999995,0.0,50.0,180.0,40.52689647501644,90.0,102.91379779086434,49.47310352498356,90.0,257.08620220913565
4.359999999999995,-0.0,50.0,198.09654104932025,32.04152447419354,90.00000000000001,118.85931399794792,57.95847552580646,90.00000000000001,241.14068600205206
4.379999999999995,-0.0,-50.0,198.5955297177649,31.781308832421477,90.0,119.35099991085706,121.78130883242147,90.0,134.35099991085707
4.379999999999995,0.0,-50.0,180.0,40.52689647501644,90.0,102.91379779086434,130.52689647501643,90.0,102.91379779086434
4.379999999999995,0.0,50.0,180.0,40.52689647501644,90.0,102.91379779086434,49.47310352498356,90.0,257.08620220913565
4.379999999999995,-0.0,50.0,198.5955297177649,31.781308832421477,90.0,119.35099991085706,58.21869116757853,90.0,240.64900008914293
4.399999999999994,-0.0,-50.0,199.02113032590296,31.55790498144696,90.00000000000001,119.77323707536686,121.55790498144697,89.99999999999999,134.77323707536686
4.399999999999994,0.0,-50.0,180.0,40.52689647501644,90.0,102.91379779086434,130.52689647501643,90.0,102.91379779086434
4.399999999999994,0.0,50.0,180.0,40.52689647501644,90.0,102.91379779086434,49.47310352498356,90.0,257.08620220913565
4.399999999999994,-0.0,50.0,199.02113032590296,31.55790498144696,90.00000000000001,119.77323707536686,58.44209501855304,90.00000000000001,240.22676292463314
4.419999999999994,-0.0,-50.0,199.37166322257252,31.37287441457641,90.0,120.12302293243998,121.37287441457642,90.0,135.12302293244
4.419999999999994,0.0,-50.0,180.0,40.52689647501644,90.0,102.91379779086434,130.52689647501643,90.0,102.91379779086434
4.419999999999994,0.0,50.0,180.0,40.52689647501644,90.0,102.91379779086434,49.47310352498356,90.0,257.08620220913565
4.419999999999994,-0.0,50.0,199.37166322257252,31.37287441457641,90.0,120.12302293243998,58.62712558542359,90.0,239.87697706756
4.439999999999993,-0.0,-50.0,199.6457450145737,31.227538493871343,90.0,120.39781625095986,121.22753849387135,90.0,135.39781625095986
4.439999999999993,0.0,-50.0,180.0,40.52689647501644,90.0,102.91379779086434,130.52689647501643,90.0,102.91379779086434
4.439999999999993,0.0,50.0,180.0,40.52689647501644,90.0,102.91379779086434,49.47310352498356,90.0,257.08620220913565
4.439999999999993,-0.0,50.0,199.6457450145737,31.227538493871343,90.0,120.39781625095986,58.77246150612866,90.0,239.60218374904014
4.459999999999993,-0.0,-50.0,199.8422940262895,31.12295349833191,90.0,120.59558535600603,121.12295349833191,90.0,135.59558535600604
4.459999999999993,0.0,-50.0,180.0,40.52689647501644,90.0,102.91379779086434,130.52689647501643,90.0,102.91379779086434
4.459999999999993,0.0,50.0,180.0,40.52689647501644,90.0,102.91379779086434,49.47310352498356,90.0,257.08620220913565
4.459999999999993,-0.0,50.0,199.8422940262895,31.12295349833191,90.0,120.59558535600603,58.87704650166809,90.0,239.40441464399396
4.479999999999992,-0.0,-50.0,199.9605345685654,31.059889787850604,90.0,120.71484838764496,121.05988978785061,90.0,135.71484838764496
4.479999999999992,0.0,-50.0,180.0,40.52689647501644,90.0,102.91379779086434,130.52689647501643,90.0,102.91379779086434
4.479999999999992,0.0,50.0,180.0,40.52689647501644,90.0,102.91379779086434,49.47310352498356,90.0,257.08620220913565
4.479999999999992,-0.0,50.0,199.9605345685654,31.059889787850604,90.0,120.71484838764496,58.94011021214939,90.0,239.28515161235504
4.499999999999992,-0.0,-50.0,200.0,31.038816100725942,90.00000000000001,120.75470363303134,121.03881610072594,89.99999999999999,135.75470363303134
4.499999999999992,0.0,-50.0,180.0,40.52689647501644,90.0,102.91379779086434,130.52689647501643,90.0,102.91379779086434
4.499999999999992,0.0,50.0,180.0,40.52689647501644,90.0,102.91379779086434,49.47310352498356,90.0,257.08620220913565
4.499999999999992,-0.0,50.0,200.0,31.038816100725942,90.00000000000001,120.75470363303134,58.96118389927406,90.00000000000001,239.24529636696866
4.519999999999992,0.0,-50.0,199.96053456856546,31.059889787850576,90.0,120.71484838764502,121.05988978785058,90.0,135.71484838764502
4.519999999999992,0.0,-50.0,180.0,40.52689647501644,90.0,102.91379779086434,130.52689647501643,90.0,102.91379779086434
4.519999999999992,0.0,50.0,180.0,40.52689647501644,90.0,102.91379779086434,49.47310352498356,90.0,257.08620220913565
4.519999999999992,0.0,50.0,199.96053456856546,31.059889787850576,90.0,120.71484838764502,58.94011021214942,90.0,239.28515161235498
4.539999999999991,0.0,-50.0,199.84229402628964,31.122953498331835,90.0,120.59558535600615,121.12295349833184,90.0,135.59558535600615
4.539999999999991,0.0,-50.0,180.0,40.52689647501644,90.0,102.91379779086434,130.52689647501643,90.0,102.91379779086434
4.539999999999991,0.0,50.0,180.0,40.52689647501644,90.0,102.91379779086434,49.47310352498356,90.0,257.08620220913565
4.539999999999991,0.0,50.0,199.84229402628964,31.122953498331835,90.0,120.59558535600615,58.87704650166816,90.0,239.40441464399385
4.559999999999991,0.0,-50.0,199.6457450145739,31.227538493871247,90.00000000000001,120.39781625096005,121.22753849387125,89.99999999999999,135.39781625096003
4.559999999999991,0.0,-50.0,180.0,40.52689647501644,90.0,102.91379779086434,130.52689647501643,90.0,102.91379779086434
4.559999999999991,0.0,50.0,180.0,40.52689647501644,90.0,102.91379779086434,49.47310352498356,90.0,257.08620220913565
4.559999999999991,0.0,50.0,199.6457450145739,31.227538493871247,90.00000000000001,120.39781625096005,58.77246150612875,90.00000000000001,239.60218374903997
4.57999999999999,0.0,-50.0,199.37166322257278,31.372874414576273,90.0,120.12302293244024,121.37287441457627,90.0,135.12302293244022
4.57999999999999,0.0,-50.0,180.0,40.52689647501644,90.0,102.91379779086434,130.52689647501643,90.0,102.91379779086434
4.57999999999999,0.0,50.0,180.0,40.52689647501644,90.0,102.91379779086434,49.47310352498356,90.0,257.08620220913565
4.57999999999999,0.0,50.0,199.37166322257278,31.372874414576273,90.0,120.12302293244024,58.62712558542373,90.0,239.87697706755978
4.59999999999999,0.0,-50.0,199.02113032590327,31.5579049814468,90.0,119.77323707536716,121.5579049814468,90.0,134.77323707536715
4.59999999999999,0.0,-50.0,180.0,40.52689647501644,90.0,102.91379779086434,130.52689647501643,90.0,102.91379779086434
4.59999999999999,0.0,50.0,180.0,40.52689647501644,90.0,102.91379779086434,49.47310352498356,90.0,257.08620220913565
4.59999999999999,0.0,50.0,199.02113032590327,31.5579049814468,90.0,119.77323707536716,58.4420950185532,90.0,240.22676292463285
4.6199999999999894,0.0,-50.0,198.59552971776526,31.781308832421274,90.0,119.35099991085744,121.78130883242127,90.0,134.35099991085744
4.6199999999999894,0.0,-50.0,180.0,40.52689647501644,90.0,102.91379779086434,130.52689647501643,90.0,102.91379779086434
4.6199999999999894,0.0,50.0,180.0,40.52689647501644,90.0,102.91379779086434,49.47310352498356,90.0,257.08620220913565
4.6199999999999894,0.0,50.0,198.59552971776526,31.781308832421274,90.0,119.35099991085744,58.218691167578726,90.0,240.64900008914256
4.639999999999989,0.0,-50.0,198.09654104932068,32.04152447419332,90.0,118.85931399794833,122.04152447419332,90.0,133.85931399794833
4.639999999999989,0.0,-50.0,180.0,40.52689647501644,90.0,102.91379779086434,130.52689647501643,90.0,102.91379779086434
4.639999999999989,0.0,50.0,180.0,40.52689647501644,90.0,102.91379779086434,49.47310352498356,90.0,257.08620220913565
4.639999999999989,0.0,50.0,198.09654104932068,32.04152447419332,90.0,118.85931399794833,57.95847552580668,90.0,241.14068600205167
4.659999999999989,0.0,-50.0,197.5261336008776,32.336778205264494,90.0,118.30158922721748,122.3367782052645,90.0,133.30158922721748
4.659999999999989,0.0,-50.0,180.0,40.52689647501644,90.0,102.91379779086434,130.52689647501643,90.0,102.91379779086434
4.659999999999989,0.0,50.0,180.0,40.52689647501644,90.0,102.91379779086434,49.47310352498356,90.0,257.08620220913565
4.659999999999989,0.0,50.0,197.5261336008776,32.336778205264494,90.0,118.30158922721748,57.663221794735506,90.0,241.69841077278252
4.679999999999988,0.0,-50.0,196.8865585100407,32.665113829680735,90.0,117.68158532761433,122.66511382968073,90.0,132.68158532761433
4.679999999999988,0.0,-50.0,180.0,40.52689647501644,90.0,102.91379779086434,130.52689647501643,90.0,102.91379779086434
4.679999999999988,0.0,50.0,180.0,40.52689647501644,90.0,102.91379779086434,49.47310352498356,90.0,257.08620220913565
4.679999999999988,0.0,50.0,196.8865585100407,32.665113829680735,90.0,117.68158532761433,57.334886170319265,90.0,242.31841467238567
4.699999999999988,0.0,-50.0,196.1803398874994,33.02442302792521,90.0,117.00335305825675,123.02442302792521,90.0,132.00335305825675
4.699999999999988,0.0,-50.0,180.0,40.52689647501644,90.0,102.91379779086434,130.52689647501643,90.0,102.91379779086434
4.699999999999988,0.0,50.0,180.0,40.52689647501644,90.0,102.91379779086434,49.47310352498356,90.0,257.08620220913565
4.699999999999988,0.0,50.0,196.1803398874994,33.02442302792521,90.0,117.00335305825675,56.97557697207479,90.0,242.99664694174325
4.719999999999987,0.0,-50.0,195.4102648555163,33.412475365888646,90.00000000000001,116.27117604786469,123.41247536588864,89.99999999999999,131.27117604786469
4.719999999999987,0.0,-50.0,180.0,40.52689647501644,90.0,102.91379779086434,130.52689647501643,90.0,102.91379779086434
4.719999999999987,0.0,50.0,180.0,40.52689647501644,90.0,102.91379779086434,49.47310352498356,90.0,257.08620220913565
4.719999999999987,0.0,50.0,195.4102648555163,33.412475365888646,90.00000000000001,116.27117604786469,56.587524634111354,90.00000000000001,243.72882395213531
4.739999999999987,0.0,-50.0,194.5793725484288,33.82694708452762,90.0,115.4895149346503,123.82694708452762,90.0,130.4895149346503
4.739999999999987,0.0,-50.0,180.0,40.52689647501644,90.0,102.91379779086434,130.52689647501643,90.0,102.91379779086434
4.739999999999987,0.0,50.0,180.0,40.52689647501644,90.0,102.91379779086434,49.47310352498356,90.0,257.08620220913565
4.739999999999987,0.0,50.0,194.5793725484288,33.82694708452762,90.0,115.4895149346503,56.17305291547238,90.0,244.5104850653497
4.7599999999999865,0.0,-50.0,193.69094211857438,34.265448000444366,90.00000000000001,114.66295509977512,124.26544800044437,89.99999999999999,129.6629550997751
4.7599999999999865,0.0,-50.0,180.0,40.52689647501644,90.0,102.91379779086434,130.52689647501643,90.0,102.91379779086434
4.7599999999999865,0.0,50.0,180.0,40.52689647501644,90.0,102.91379779086434,49.47310352498356,90.0,257.08620220913565
4.7599999999999865,0.0,50.0,193.69094211857438,34.265448000444366,90.00000000000001,114.66295509977512,55.734551999555634,90.00000000000001,245.3370449002249
4.779999999999986,0.0,-50.0,192.7484797949745,34.725546041595784,90.0,113.79615891553334,124.72554604159578,90.0,128.79615891553334
4.779999999999986,0.0,-50.0,180.0,40.52689647501644,90.0,102.91379779086434,130.52689647501643,90.0,102.91379779086434
4.779999999999986,0.0,50.0,180.0,40.52689647501644,90.0,102.91379779086434,49.47310352498356,90.0,257.08620220913565
4.779999999999986,0.0,50.0,192.7484797949745,34.725546041595784,90.0,113.79615891553334,55.274453958404216,90.0,246.20384108446666
4.799999999999986,0.0,-50.0,191.7557050458502,35.20478912675065,90.00000000000001,112.89382307579532,125.20478912675065,89.99999999999999,127.89382307579532
4.799999999999986,0.0,-50.0,180.0,40.52689647501644,90.0,102.91379779086434,130.52689647501643,90.0,102.91379779086434
4.799999999999986,0.0,50.0,180.0,40.52689647501644,90.0,102.91379779086434,49.47310352498356,90.0,257.08620220913565
4.799999999999986,0.0,50.0,191.7557050458502,35.20478912675065,90.00000000000001,112.89382307579532,54.79521087324935,90.00000000000001,247.10617692420468
4.819999999999985,0.0,-50.0,190.71653589958072,35.70072426083828,90.0,111.96064126271828,125.70072426083829,90.0,126.96064126271828
4.819999999999985,0.0,-50.0,180.0,40.52689647501644,90.0,102.91379779086434,130.52689647501643,90.0,102.91379779086434
4.819999999999985,0.0,50.0,180.0,40.52689647501644,90.0,102.91379779086434,49.47310352498356,90.0,257.08620220913565
4.819999999999985,0.0,50.0,190.71653589958072,35.70072426083828,90.0,111.96064126271828,54.29927573916172,90.0,248.0393587372817
4.839999999999985,0.0,-50.0,189.63507348203515,36.21091385430323,90.0,111.00127214311406,126.21091385430323,90.0,126.00127214311406
4.839999999999985,0.0,-50.0,180.0,40.52689647501644,90.0,102.91379779086434,130.52689647501643,90.0,102.91379779086434
4.839999999999985,0.0,50.0,180.0,40.52689647501644,90.0,102.91379779086434,49.47310352498356,90.0,257.08620220913565
4.839999999999985,0.0,50.0,189.63507348203515,36.21091385430323,90.0,111.00127214311406,53.78908614569677,90.0,248.99872785688592
4.859999999999984,0.0,-50.0,188.51558583130233,36.732949380419015,90.0,110.02031248513558,126.73294938041902,90.0,125.02031248513558
4.859999999999984,0.0,-50.0,180.0,40.52689647501644,90.0,102.91379779086434,130.52689647501643,90.0,102.91379779086434
4.859999999999984,0.0,50.0,180.0,40.52689647501644,90.0,102.91379779086434,49.47310352498356,90.0,257.08620220913565
4.859999999999984,0.0,50.0,188.51558583130233,36.732949380419015,90.0,110.02031248513558,53.267050619580985,90.0,249.97968751486442
4.879999999999984,0.0,-50.0,187.3624910536945,37.26446256083303,90.0,109.02227503993133,127.26446256083304,90.0,124.02227503993133
4.879999999999984,0.0,-50.0,180.0,40.52689647501644,90.0,102.91379779086434,130.52689647501643,90.0,102.91379779086434
4.879999999999984,0.0,50.0,180.0,40.52689647501644,90.0,102.91379779086434,49.47310352498356,90.0,257.08620220913565
4.879999999999984,0.0,50.0,187.3624910536945,37.26446256083303,90.0,109.02227503993133,52.73553743916697,90.0,250.97772496006866
4.8999999999999835,0.0,-50.0,186.18033988749994,37.803134319205455,90.0,108.01157073826725,127.80313431920545,90.0,123.01157073826725
4.8999999999999835,0.0,-50.0,180.0,40.52689647501644,90.0,102.91379779086434,130.52689647501643,90.0,102.91379779086434
4.8999999999999835,0.0,50.0,180.0,40.52689647501644,90.0,102.91379779086434,49.47310352498356,90.0,257.08620220913565
4.8999999999999835,0.0,50.0,186.18033988749994,37.803134319205455,90.0,108.01157073826725,52.196865680794545,90.0,251.98842926173273
4.919999999999983,0.0,-50.0,184.97379774329812,38.34670176971129,90.0,106.99249470105326,128.34670176971127,90.0,121.99249470105326
4.919999999999983,0.0,-50.0,180.0,40.52689647501644,90.0,102.91379779086434,130.52689647501643,90.0,102.91379779086434
4.919999999999983,0.0,50.0,180.0,40.52689647501644,90.0,102.91379779086434,49.47310352498356,90.0,257.08620220913565
4.919999999999983,0.0,50.0,184.97379774329812,38.34670176971129,90.0,106.99249470105326,51.65329823028871,90.0,253.00750529894674
4.939999999999983,0.0,-50.0,183.74762629171556,38.892963515922,90.0,105.9692155465276,128.892963515922,90.0,120.9692155465276
4.939999999999983,0.0,-50.0,180.0,40.52689647501644,90.0,102.91379779086434,130.52689647501643,90.0,102.91379779086434
4.939999999999983,0.0,50.0,180.0,40.52689647501644,90.0,102.91379779086434,49.47310352498356,90.0,257.08620220913565
4.939999999999983,0.0,50.0,183.74762629171556,38.892963515922,90.0,105.9692155465276,51.107036484078,90.0,254.0307844534724
4.959999999999982,0.0,-50.0,182.5066646712872,39.43978353063106,90.0,104.94576748695413,129.43978353063108,90.0,119.94576748695413
4.959999999999982,0.0,-50.0,180.0,40.52689647501644,90.0,102.91379779086434,130.52689647501643,90.0,102.91379779086434
4.959999999999982,0.0,50.0,180.0,40.52689647501644,90.0,102.91379779086434,49.47310352498356,90.0,257.08620220913565
4.959999999999982,0.0,50.0,182.5066646712872,39.43978353063106,90.0,104.94576748695413,50.56021646936894,90.0,255.05423251304586
4.979999999999982,0.0,-50.0,181.2558103905874,39.985093872562075,90.0,103.92604473629873,129.98509387256206,90.0,118.92604473629873
4.979999999999982,0.0,-50.0,180.0,40.52689647501644,90.0,102.91379779086434,130.52689647501643,90.0,102.91379779086434
4.979999999999982,0.0,50.0,180.0,40.52689647501644,90.0,102.91379779086434,49.47310352498356,90.0,257.08620220913565
4.979999999999982,0.0,50.0,181.2558103905874,39.985093872562075,90.0,103.92604473629873,50.014906127437925,90.0,256.07395526370124
4.999999999999981,0.0,-50.0,180.00000000000117,40.52689647501595,90.0,102.91379779086526,130.52689647501595,90.0,117.91379779086526
4.999999999999981,0.0,-50.0,180.0,40.52689647501644,90.0,102.91379779086434,130.52689647501643,90.0,102.91379779086434
4.999999999999981,0.0,50.0,180.0,40.52689647501644,90.0,102.91379779086434,49.47310352498356,90.0,257.08620220913565
4.999999999999981,0.0,50.0,180.00000000000117,40.52689647501595,90.0,102.91379779086526,49.47310352498405,90.0,257.08620220913474
5.019999999999981,0.0,-50.0,180.0,40.52689647501644,90.0,102.91379779086434,130.52689647501643,90.0,117.91379779086434
5.019999999999981,-0.0,-50.0,181.25581039058508,39.98509387256309,90.00000000000001,103.92604473629684,129.98509387256308,89.99999999999999,103.92604473629684
5.019999999999981,-0.0,50.0,181.25581039058508,39.98509387256309,90.00000000000001,103.92604473629684,50.01490612743691,90.00000000000001,256.07395526370317
5.019999999999981,0.0,50.0,180.0,40.52689647501644,90.0,102.91379779086434,49.47310352498356,90.0,257.08620220913565
5.0399999999999805,0.0,-50.0,180.0,40.52689647501644,90.0,102.91379779086434,130.52689647501643,90.0,117.91379779086434
5.0399999999999805,-0.0,-50.0,182.50666467128488,39.43978353063208,90.00000000000001,104.9457674869522,129.43978353063207,89.99999999999999,104.9457674869522
5.0399999999999805,-0.0,50.0,182.50666467128488,39.43978353063208,90.00000000000001,104.9457674869522,50.56021646936792,90.00000000000001,255.0542325130478
5.0399999999999805,0.0,50.0,180.0,40.52689647501644,90.0,102.91379779086434,49.47310352498356,90.0,257.08620220913565
5.05999999999998,0.0,-50.0,180.0,40.52689647501644,90.0,102.91379779086434,130.52689647501643,90.0,117.91379779086434
5.05999999999998,-0.0,-50.0,183.74762629171326,38.89296351592302,90.0,105.9692155465257,128.89296351592301,90.0,105.9692155465257
5.05999999999998,-0.0,50.0,183.74762629171326,38.89296351592302,90.0,105.9692155465257,51.10703648407698,90.0,254.0307844534743
5.05999999999998,0.0,50.0,180.0,40.52689647501644,90.0,102.91379779086434,49.47310352498356,90.0,257.08620220913565
5.07999999999998,0.0,-50.0,180.0,40.52689647501644,90.0,102.91379779086434,130.52689647501643,90.0,117.91379779086434
5.07999999999998,-0.0,-50.0,184.97379774329585,38.3467017697123,90.0,106.99249470105136,128.3467017697123,90.0,106.99249470105136
5.07999999999998,-0.0,50.0,184.97379774329585,38.3467017697123,90.0,106.99249470105136,51.6532982302877,90.0,253.00750529894864
5.07999999999998,0.0,50.0,180.0,40.52689647501644,90.0,102.91379779086434,49.47310352498356,90.0,257.08620220913565
5.099999999999979,0.0,-50.0,180.0,40.52689647501644,90.0,102.91379779086434,130.52689647501643,90.0,117.91379779086434
5.099999999999979,-0.0,-50.0,186.1803398874977,37.80313431920648,90.0,108.01157073826535,127.80313431920648,90.0,108.01157073826535
5.099999999999979,-0.0,50.0,186.1803398874977,37.80313431920648,90.0,108.01157073826535,52.19686568079352,90.0,251.98842926173467
5.099999999999979,0.0,50.0,180.0,40.52689647501644,90.0,102.91379779086434,49.47310352498356,90.0,257.08620220913565
5.119999999999979,0.0,-50.0,180.0,40.52689647501644,90.0,102.91379779086434,130.52689647501643,90.0,117.91379779086434
5.119999999999979,-0.0,-50.0,187.3624910536923,37.264462560834026,90.0,109.02227503992945,127.26446256083403,90.0,109.02227503992945
5.119999999999979,-0.0,50.0,187.3624910536923,37.264462560834026,90.0,109.02227503992945,52.735537439165974,90.0,250.97772496007053
5.119999999999979,0.0,50.0,180.0,40.52689647501644,90.0,102.91379779086434,49.47310352498356,90.0,257.08620220913565
5.139999999999978,0.0,-50.0,180.0,40.52689647501644,90.0,102.91379779086434,130.52689647501643,90.0,117.91379779086434
5.139999999999978,-0.0,-50.0,188.51558583130023,36.73294938041999,90.0,110.02031248513374,126.73294938042,90.0,110.02031248513374
5.139999999999978,-0.0,50.0,188.51558583130023,36.73294938041999,90.0,110.02031248513374,53.26705061958001,90.0,249.97968751486627
5.139999999999978,0.0,50.0,180.0,40.52689647501644,90.0,102.91379779086434,49.47310352498356,90.0,257.08620220913565
5.159999999999978,0.0,-50.0,180.0,40.52689647501644,90.0,102.91379779086434,130.52689647501643,90.0,117.91379779086434
5.159999999999978,-0.0,-50.0,189.63507348203308,36.21091385430419,90.0,111.00127214311225,126.21091385430418,90.0,111.00127214311225
5.159999999999978,-0.0,50.0,189.63507348203308,36.21091385430419,90.0,111.00127214311225,53.78908614569581,90.0,248.99872785688774
5.159999999999978,0.0,50.0,180.0,40.52689647501644,90.0,102.91379779086434,49.47310352498356,90.0,257.08620220913565
5.1799999999999775,0.0,-50.0,180.0,40.52689647501644,90.0,102.91379779086434,130.52689647501643,90.0,117.91379779086434
5.1799999999999775,-0.0,-50.0,190.71653589957873,35.70072426083922,90.0,111.9606412627165,125.70072426083922,90.0,111.9606412627165
5.1799999999999775,-0.0,50.0,190.71653589957873,35.70072426083922,90.0,111.9606412627165,54.29927573916078,90.0,248.0393587372835
5.1799999999999775,0.0,50.0,180.0,40.52689647501644,90.0,102.91379779086434,49.47310352498356,90.0,257.08620220913565
5.199999999999977,0.0,-50.0,180.0,40.52689647501644,90.0,102.91379779086434,130.52689647501643,90.0,117.91379779086434
5.199999999999977,-0.0,-50.0,191.7557050458483,35.204789126751564,90.00000000000001,112.89382307579362,125.20478912675156,89.99999999999999,112.89382307579362
5.199999999999977,-0.0,50.0,191.7557050458483,35.204789126751564,90.00000000000001,112.89382307579362,54.795210873248436,90.00000000000001,247.10617692420638
5.199999999999977,0.0,50.0,180.0,40.52689647501644,90.0,102.91379779086434,49.47310352498356,90.0,257.08620220913565
5.219999999999977,0.0,-50.0,180.0,40.52689647501644,90.0,102.91379779086434,130.52689647501643,90.0,117.91379779086434
5.219999999999977,-0.0,-50.0,192.74847979497267,34.72554604159666,90.0,113.79615891553168,124.72554604159666,90.0,113.79615891553168
5.219999999999977,-0.0,50.0,192.74847979497267,34.72554604159666,90.0,113.79615891553168,55.27445395840334,90.0,246.2038410844683
5.219999999999977,0.0,50.0,180.0,40.52689647501644,90.0,102.91379779086434,49.47310352498356,90.0,257.08620220913565
5.239999999999976,0.0,-50.0,180.0,40.52689647501644,90.0,102.91379779086434,130.52689647501643,90.0,117.91379779086434
5.239999999999976,-0.0,-50.0,193.69094211857268,34.265448000445204,90.0,114.66295509977354,124.2654480004452,90.0,114.66295509977354
5.239999999999976,-0.0,50.0,193.69094211857268,34.265448000445204,90.0,114.66295509977354,55.734551999554796,90.0,245.33704490022646
5.239999999999976,0.0,50.0,180.0,40.52689647501644,90.0,102.91379779086434,49.47310352498356,90.0,257.08620220913565
5.259999999999976,0.0,-50.0,180.0,40.52689647501644,90.0,102.91379779086434,130.52689647501643,90.0,117.91379779086434
5.259999999999976,-0.0,-50.0,194.5793725484272,33.82694708452842,90.0,115.48951493464877,123.82694708452843,90.0,115.48951493464877
5.259999999999976,-0.0,50.0,194.5793725484272,33.82694708452842,90.0,115.48951493464877,56.17305291547158,90.0,244.51048506535125
5.259999999999976,0.0,50.0,180.0,40.52689647501644,90.0,102.91379779086434,49.47310352498356,90.0,257.08620220913565
5.279999999999975,0.0,-50.0,180.0,40.52689647501644,90.0,102.91379779086434,130.52689647501643,90.0,117.91379779086434
5.279999999999975,-0.0,-50.0,195.4102648555148,33.41247536588939,90.0,116.27117604786329,123.41247536588939,90.0,116.27117604786329
5.279999999999975,-0.0,50.0,195.4102648555148,33.41247536588939,90.0,116.27117604786329,56.58752463411061,90.0,243.7288239521367
5.279999999999975,0.0,50.0,180.0,40.52689647501644,90.0,102.91379779086434,49.47310352498356,90.0,257.08620220913565
5.299999999999975,0.0,-50.0,180.0,40.52689647501644,90.0,102.91379779086434,130.52689647501643,90.0,117.91379779086434
5.299999999999975,-0.0,-50.0,196.180339887498,33.02442302792592,90.0,117.0033530582554,123.02442302792592,90.0,117.0033530582554
5.299999999999975,-0.0,50.0,196.180339887498,33.02442302792592,90.0,117.0033530582554,56.97557697207408,90.0,242.9966469417446
5.299999999999975,0.0,50.0,180.0,40.52689647501644,90.0,102.91379779086434,49.47310352498356,90.0,257.08620220913565
5.3199999999999745,0.0,-50.0,180.0,40.52689647501644,90.0,102.91379779086434,130.52689647501643,90.0,117.91379779086434
5.3199999999999745,-0.0,-50.0,196.88655851003944,32.66511382968137,90.0,117.68158532761312,122.66511382968136,90.0,117.68158532761312
5.3199999999999745,-0.0,50.0,196.88655851003944,32.66511382968137,90.0,117.68158532761312,57.33488617031863,90.0,242.3184146723869
5.3199999999999745,0.0,50.0,180.0,40.52689647501644,90.0,102.91379779086434,49.47310352498356,90.0,257.08620220913565
5.339999999999974,0.0,-50.0,180.0,40.52689647501644,90.0,102.91379779086434,130.52689647501643,90.0,117.91379779086434
5.339999999999974,-0.0,-50.0,197.52613360087648,32.336778205265084,90.0,118.30158922721635,122.33677820526509,90.0,118.30158922721635
5.339999999999974,-0.0,50.0,197.52613360087648,32.336778205265084,90.0,118.30158922721635,57.663221794734916,90.0,241.69841077278363
5.339999999999974,0.0,50.0,180.0,40.52689647501644,90.0,102.91379779086434,49.47310352498356,90.0,257.08620220913565
5.359999999999974,0.0,-50.0,180.0,40.52689647501644,90.0,102.91379779086434,130.52689647501643,90.0,117.91379779086434
5.359999999999974,-0.0,-50.0,198.09654104931968,32.041524474193835,90.00000000000001,118.85931399794737,122.04152447419384,89.99999999999999,118.85931399794737
5.359999999999974,-0.0,50.0,198.09654104931968,32.041524474193835,90.00000000000001,118.85931399794737,57.958475525806165,90.00000000000001,241.14068600205263
5.359999999999974,0.0,50.0,180.0,40.52689647501644,90.0,102.91379779086434,49.47310352498356,90.0,257.08620220913565
5.379999999999973,0.0,-50.0,180.0,40.52689647501644,90.0,102.91379779086434,130.52689647501643,90.0,117.91379779086434
5.379999999999973,-0.0,-50.0,198.5955297177644,31.781308832421733,90.0,119.35099991085657,121.78130883242173,90.0,119.35099991085657
5.379999999999973,-0.0,50.0,198.5955297177644,31.781308832421733,90.0,119.35099991085657,58.21869116757827,90.0,240.64900008914344
5.379999999999973,0.0,50.0,180.0,40.52689647501644,90.0,102.91379779086434,49.47310352498356,90.0,257.08620220913565
5.399999999999973,0.0,-50.0,180.0,40.52689647501644,90.0,102.91379779086434,130.52689647501643,90.0,117.91379779086434
5.399999999999973,-0.0,-50.0,199.02113032590253,31.55790498144719,90.0,119.77323707536642,121.5579049814472,90.0,119.77323707536642
5.399999999999973,-0.0,50.0,199.02113032590253,31.55790498144719,90.0,119.77323707536642,58.442095018552806,90.0,240.2267629246336
5.399999999999973,0.0,50.0,180.0,40.52689647501644,90.0,102.91379779086434,49.47310352498356,90.0,257.08620220913565
5.419999999999972,0.0,-50.0,180.0,40.52689647501644,90.0,102.91379779086434,130.52689647501643,90.0,117.91379779086434
5.419999999999972,-0.0,-50.0,199.37166322257218,31.372874414576593,90.0,120.12302293243962,121.37287441457659,90.0,120.12302293243962
5.419999999999972,-0.0,50.0,199.37166322257218,31.372874414576593,90.0,120.12302293243962,58.62712558542341,90.0,239.87697706756038
5.419999999999972,0.0,50.0,180.0,40.52689647501644,90.0,102.91379779086434,49.47310352498356,90.0,257.08620220913565
5.439999999999972,0.0,-50.0,180.0,40.52689647501644,90.0,102.91379779086434,130.52689647501643,90.0,117.91379779086434
5.439999999999972,-0.0,-50.0,199.64574501457344,31.22753849387148,90.0,120.39781625095961,121.22753849387148,90.0,120.39781625095961
5.439999999999972,-0.0,50.0,199.64574501457344,31.22753849387148,90.0,120.39781625095961,58.77246150612852,90.0,239.6021837490404
5.439999999999972,0.0,50.0,180.0,40.52689647501644,90.0,102.91379779086434,49.47310352498356,90.0,257.08620220913565
5.4599999999999715,0.0,-50.0,180.0,40.52689647501644,90.0,102.91379779086434,130.52689647501643,90.0,117.91379779086434
5.4599999999999715,-0.0,-50.0,199.84229402628932,31.122953498332006,90.0,120.59558535600586,121.12295349833201,90.0,120.59558535600586
5.4599999999999715,-0.0,50.0,199.84229402628932,31.122953498332006,90.0,120.59558535600586,58.87704650166799,90.0,239.40441464399413
5.4599999999999715,0.0,50.0,180.0,40.52689647501644,90.0,102.91379779086434,49.47310352498356,90.0,257.08620220913565
5.479999999999971,0.0,-50.0,180.0,40.52689647501644,90.0,102.91379779086434,130.52689647501643,90.0,117.91379779086434
5.479999999999971,-0.0,-50.0,199.96053456856532,31.059889787850654,90.0,120.71484838764486,121.05988978785065,90.0,120.71484838764486
5.479999999999971,-0.0,50.0,199.96053456856532,31.059889787850654,90.0,120.71484838764486,58.94011021214935,90.0,239.28515161235515
5.479999999999971,0.0,50.0,180.0,40.52689647501644,90.0,102.91379779086434,49.47310352498356,90.0,257.08620220913565
5.499999999999971,0.0,-50.0,180.0,40.52689647501644,90.0,102.91379779086434,130.52689647501643,90.0,117.91379779086434
5.499999999999971,-0.0,-50.0,200.0,31.038816100725942,90.00000000000001,120.75470363303134,121.03881610072594,89.99999999999999,120.75470363303134
5.499999999999971,-0.0,50.0,200.0,31.038816100725942,90.00000000000001,120.75470363303134,58.96118389927406,90.00000000000001,239.24529636696866
5.499999999999971,0.0,50.0,180.0,40.52689647501644,90.0,102.91379779086434,49.47310352498356,90.0,257.08620220913565
5.51999999999997,0.0,-50.0,180.0,40.52689647501644,90.0,102.91379779086434,130.52689647501643,90.0,117.91379779086434
5.51999999999997,0.0,-50.0,199.96053456856555,31.059889787850533,90.0,120.71484838764509,121.05988978785054,90.0,120.71484838764509
5.51999999999997,0.0,50.0,199.96053456856555,31.059889787850533,90.0,120.71484838764509,58.94011021214946,90.0,239.28515161235492
5.51999999999997,0.0,50.0,180.0,40.52689647501644,90.0,102.91379779086434,49.47310352498356,90.0,257.08620220913565
5.53999999999997,0.0,-50.0,180.0,40.52689647501644,90.0,102.91379779086434,130.52689647501643,90.0,117.91379779086434
5.53999999999997,0.0,-50.0,199.8422940262898,31.122953498331746,90.0,120.59558535600634,121.12295349833175,90.0,120.59558535600634
5.53999999999997,0.0,50.0,199.8422940262898,31.122953498331746,90.0,120.59558535600634,58.877046501668254,90.0,239.40441464399368
5.53999999999997,0.0,50.0,180.0,40.52689647501644,90.0,102.91379779086434,49.47310352498356,90.0,257.08620220913565
5.559999999999969,0.0,-50.0,180.0,40.52689647501644,90.0,102.91379779086434,130.52689647501643,90.0,117.91379779086434
5.559999999999969,0.0,-50.0,199.64574501457415,31.2275384938711,90.0,120.39781625096033,121.2275384938711,90.0,120.39781625096033
5.559999999999969,0.0,50.0,199.64574501457415,31.2275384938711,90.0,120.39781625096033,58.7724615061289,90.0,239.60218374903968
5.559999999999969,0.0,50.0,180.0,40.52689647501644,90.0,102.91379779086434,49.47310352498356,90.0,257.08620220913565
5.579999999999969,0.0,-50.0,180.0,40.52689647501644,90.0,102.91379779086434,130.52689647501643,90.0,117.91379779086434
5.579999999999969,0.0,-50.0,199.37166322257312,31.372874414576096,90.0,120.12302293244056,121.3728744145761,90.0,120.12302293244056
5.579999999999969,0.0,50.0,199.37166322257312,31.372874414576096,90.0,120.12302293244056,58.627125585423904,90.0,239.87697706755944
5.579999999999969,0.0,50.0,180.0,40.52689647501644,90.0,102.91379779086434,49.47310352498356,90.0,257.08620220913565
5.599999999999969,0.0,-50.0,180.0,40.52689647501644,90.0,102.91379779086434,130.52689647501643,90.0,117.91379779086434
5.599999999999969,0.0,-50.0,199.0211303259037,31.55790498144658,90.00000000000001,119.77323707536758,121.55790498144658,89.99999999999999,119.77323707536758
5.599999999999969,0.0,50.0,199.0211303259037,31.55790498144658,90.00000000000001,119.77323707536758,58.44209501855342,90.00000000000001,240.22676292463242
5.599999999999969,0.0,50.0,180.0,40.52689647501644,90.0,102.91379779086434,49.47310352498356,90.0,257.08620220913565
5.619999999999968,0.0,-50.0,180.0,40.52689647501644,90.0,102.91379779086434,130.52689647501643,90.0,117.91379779086434
5.619999999999968,0.0,-50.0,198.59552971776577,31.781308832421008,90.00000000000001,119.35099991085795,121.781308832421,89.99999999999999,119.35099991085795
5.619999999999968,0.0,50.0,198.59552971776577,31.781308832421008,90.00000000000001,119.35099991085795,58.218691167578996,90.00000000000001,240.64900008914205
5.619999999999968,0.0,50.0,180.0,40.52689647501644,90.0,102.91379779086434,49.47310352498356,90.0,257.08620220913565
5.639999999999968,0.0,-50.0,180.0,40.52689647501644,90.0,102.91379779086434,130.52689647501643,90.0,117.91379779086434
5.639999999999968,0.0,-50.0,198.09654104932125,32.041524474193025,90.0,118.85931399794889,122.04152447419303,90.0,118.85931399794889
5.639999999999968,0.0,50.0,198.09654104932125,32.041524474193025,90.0,118.85931399794889,57.958475525806975,90.0,241.1406860020511
5.639999999999968,0.0,50.0,180.0,40.52689647501644,90.0,102.91379779086434,49.47310352498356,90.0,257.08620220913565
5.659999999999967,0.0,-50.0,180.0,40.52689647501644,90.0,102.91379779086434,130.52689647501643,90.0,117.91379779086434
5.659999999999967,0.0,-50.0,197.52613360087827,32.33677820526416,90.0,118.30158922721813,122.33677820526415,90.0,118.30158922721813
5.659999999999967,0.0,50.0,197.52613360087827,32.33677820526416,90.0,118.30158922721813,57.66322179473584,90.0,241.69841077278187
5.659999999999967,0.0,50.0,180.0,40.52689647501644,90.0,102.91379779086434,49.47310352498356,90.0,257.08620220913565
5.679999999999967,0.0,-50.0,180.0,40.52689647501644,90.0,102.91379779086434,130.52689647501643,90.0,117.91379779086434
5.679999999999967,0.0,-50.0,196.88655851004143,32.66511382968036,90.0,117.68158532761504,122.66511382968037,90.0,117.68158532761504
5.679999999999967,0.0,50.0,196.88655851004143,32.66511382968036,90.0,117.68158532761504,57.33488617031964,90.0,242.31841467238496
5.679999999999967,0.0,50.0,180.0,40.52689647501644,90.0,102.91379779086434,49.47310352498356,90.0,257.08620220913565
5.699999999999966,0.0,-50.0,180.0,40.52689647501644,90.0,102.91379779086434,130.52689647501643,90.0,117.91379779086434
5.699999999999966,0.0,-50.0,196.1803398875002,33.024423027924804,90.0,117.0033530582575,123.0244230279248,90.0,117.0033530582575
5.699999999999966,0.0,50.0,196.1803398875002,33.024423027924804,90.0,117.0033530582575,56.975576972075196,90.0,242.99664694174248
5.699999999999966,0.0,50.0,180.0,40.52689647501644,90.0,102.91379779086434,49.47310352498356,90.0,257.08620220913565
5.719999999999966,0.0,-50.0,180.0,40.52689647501644,90.0,102.91379779086434,130.52689647501643,90.0,117.91379779086434
5.719999999999966,0.0,-50.0,195.41026485551714,33.41247536588822,90.0,116.27117604786551,123.41247536588821,90.0,116.27117604786551
5.719999999999966,0.0,50.0,195.41026485551714,33.41247536588822,90.0,116.27117604786551,56.58752463411178,90.0,243.7288239521345
5.719999999999966,0.0,50.0,180.0,40.52689647501644,90.0,102.91379779086434,49.47310352498356,90.0,257.08620220913565
5.739999999999966,0.0,-50.0,180.0,40.52689647501644,90.0,102.91379779086434,130.52689647501643,90.0,117.91379779086434
5.739999999999966,0.0,-50.0,194.57937254842972,33.82694708452717,90.0,115.48951493465114,123.82694708452718,90.0,115.48951493465114
5.739999999999966,0.0,50.0,194.57937254842972,33.82694708452717,90.0,115.48951493465114,56.17305291547283,90.0,244.51048506534886
5.739999999999966,0.0,50.0,180.0,40.52689647501644,90.0,102.91379779086434,49.47310352498356,90.0,257.08620220913565
5.759999999999965,0.0,-50.0,180.0,40.52689647501644,90.0,102.91379779086434,130.52689647501643,90.0,117.91379779086434
5.759999999999965,0.0,-50.0,193.69094211857538,34.265448000443875,90.0,114.66295509977606,124.26544800044388,90.0,114.66295509977606
5.759999999999965,0.0,50.0,193.69094211857538,34.265448000443875,90.0,114.66295509977606,55.734551999556125,90.0,245.33704490022393
5.759999999999965,0.0,50.0,180.0,40.52689647501644,90.0,102.91379779086434,49.47310352498356,90.0,257.08620220913565
5.779999999999965,0.0,-50.0,180.0,40.52689647501644,90.0,102.91379779086434,130.52689647501643,90.0,117.91379779086434
5.779999999999965,0.0,-50.0,192.7484797949755,34.72554604159528,90.0,113.79615891553429,124.72554604159528,90.0,113.79615891553429
5.779999999999965,0.0,50.0,192.7484797949755,34.72554604159528,90.0,113.79615891553429,55.27445395840472,90.0,246.2038410844657
5.779999999999965,0.0,50.0,180.0,40.52689647501644,90.0,102.91379779086434,49.47310352498356,90.0,257.08620220913565
5.799999999999964,0.0,-50.0,180.0,40.52689647501644,90.0,102.91379779086434,130.52689647501643,90.0,117.91379779086434
5.799999999999964,0.0,-50.0,191.75570504585127,35.204789126750136,90.0,112.89382307579629,125.20478912675014,90.0,112.89382307579629
5.799999999999964,0.0,50.0,191.75570504585127,35.204789126750136,90.0,112.89382307579629,54.795210873249864,90.0,247.1061769242037
5.799999999999964,0.0,50.0,180.0,40.52689647501644,90.0,102.91379779086434,49.47310352498356,90.0,257.08620220913565
5.819999999999964,0.0,-50.0,180.0,40.52689647501644,90.0,102.91379779086434,130.52689647501643,90.0,117.91379779086434
5.819999999999964,0.0,-50.0,190.71653589958186,35.700724260837745,90.0,111.96064126271928,125.70072426083775,90.0,111.96064126271928
5.819999999999964,0.0,50.0,190.71653589958186,35.700724260837745,90.0,111.96064126271928,54.299275739162255,90.0,248.03935873728074
5.819999999999964,0.0,50.0,180.0,40.52689647501644,90.0,102.91379779086434,49.47310352498356,90.0,257.08620220913565
5.839999999999963,0.0,-50.0,180.0,40.52689647501644,90.0,102.91379779086434,130.52689647501643,90.0,117.91379779086434
5.839999999999963,0.0,-50.0,189.63507348203632,36.210913854302675,90.0,111.0012721431151,126.21091385430267,90.0,111.0012721431151
5.839999999999963,0.0,50.0,189.63507348203632,36.210913854302675,90.0,111.0012721431151,53.789086145697325,90.0,248.9987278568849
5.839999999999963,0.0,50.0,180.0,40.52689647501644,90.0,102.91379779086434,49.47310352498356,90.0,257.08620220913565
5.859999999999963,0.0,-50.0,180.0,40.52689647501644,90.0,102.91379779086434,130.52689647501643,90.0,117.91379779086434
5.859999999999963,0.0,-50.0,188.51558583130355,36.732949380418454,90.0,110.02031248513663,126.73294938041846,90.0,110.02031248513663
5.859999999999963,0.0,50.0,188.51558583130355,36.732949380418454,90.0,110.02031248513663,53.267050619581546,90.0,249.97968751486337
5.859999999999963,0.0,50.0,180.0,40.52689647501644,90.0,102.91379779086434,49.47310352498356,90.0,257.08620220913565
5.879999999999963,0.0,-50.0,180.0,40.52689647501644,90.0,102.91379779086434,130.52689647501643,90.0,117.91379779086434
5.879999999999963,0.0,-50.0,187.36249105369575,37.26446256083245,90.0,109.02227503993241,127.26446256083244,90.0,109.02227503993241
5.879999999999963,0.0,50.0,187.36249105369575,37.26446256083245,90.0,109.02227503993241,52.73553743916755,90.0,250.97772496006758
5.879999999999963,0.0,50.0,180.0,40.52689647501644,90.0,102.91379779086434,49.47310352498356,90.0,257.08620220913565
5.899999999999962,0.0,-50.0,180.0,40.52689647501644,90.0,102.91379779086434,130.52689647501643,90.0,117.91379779086434
5.899999999999962,0.0,-50.0,186.18033988750122,37.80313431920487,90.00000000000001,108.01157073826835,127.80313431920487,89.99999999999999,108.01157073826835
5.899999999999962,0.0,50.0,186.18033988750122,37.80313431920487,90.00000000000001,108.01157073826835,52.19686568079513,90.00000000000001,251.98842926173165
5.899999999999962,0.0,50.0,180.0,40.52689647501644,90.0,102.91379779086434,49.47310352498356,90.0,257.08620220913565
5.919999999999962,0.0,-50.0,180.0,40.52689647501644,90.0,102.91379779086434,130.52689647501643,90.0,117.91379779086434
5.919999999999962,0.0,-50.0,184.97379774329943,38.3467017697107,90.0,106.99249470105437,128.3467017697107,90.0,106.99249470105437
5.919999999999962,0.0,50.0,184.97379774329943,38.3467017697107,90.0,106.99249470105437,51.6532982302893,90.0,253.00750529894563
5.919999999999962,0.0,50.0,180.0,40.52689647501644,90.0,102.91379779086434,49.47310352498356,90.0,257.08620220913565
5.939999999999961,0.0,-50.0,180.0,40.52689647501644,90.0,102.91379779086434,130.52689647501643,90.0,117.91379779086434
5.939999999999961,0.0,-50.0,183.74762629171687,38.89296351592142,90.0,105.96921554652867,128.89296351592142,90.0,105.96921554652867
5.939999999999961,0.0,50.0,183.74762629171687,38.89296351592142,90.0,105.96921554652867,51.10703648407858,90.0,254.0307844534713
5.939999999999961,0.0,50.0,180.0,40.52689647501644,90.0,102.91379779086434,49.47310352498356,90.0,257.08620220913565
5.959999999999961,0.0,-50.0,180.0,40.52689647501644,90.0,102.91379779086434,130.52689647501643,90.0,117.91379779086434
5.959999999999961,0.0,-50.0,182.50666467128852,39.439783530630486,90.0,104.9457674869552,129.43978353063048,90.0,104.9457674869552
5.959999999999961,0.0,50.0,182.50666467128852,39.439783530630486,90.0,104.9457674869552,50.560216469369514,90.0,255.05423251304478
5.959999999999961,0.0,50.0,180.0,40.52689647501644,90.0,102.91379779086434,49.47310352498356,90.0,257.08620220913565
5.9799999999999605,0.0,-50.0,180.0,40.52689647501644,90.0,102.91379779086434,130.52689647501643,90.0,117.91379779086434
5.9799999999999605,0.0,-50.0,181.25581039058875,39.98509387256149,90.0,103.92604473629983,129.9850938725615,90.0,103.92604473629983
5.9799999999999605,0.0,50.0,181.25581039058875,39.98509387256149,90.0,103.92604473629983,50.01490612743851,90.0,256.07395526370016
5.9799999999999605,0.0,50.0,180.0,40.52689647501644,90.0,102.91379779086434,49.47310352498356,90.0,257.08620220913565
5.99999999999996,0.0,-50.0,180.0,40.52689647501644,90.0,102.91379779086434,130.52689647501643,90.0,117.91379779086434
5.99999999999996,0.0,-50.0,180.00000000000253,40.52689647501536,90.0,102.91379779086635,130.52689647501535,90.0,102.91379779086635
5.99999999999996,0.0,50.0,180.00000000000253,40.52689647501536,90.0,102.91379779086635,49.47310352498464,90.0,257.08620220913366
5.99999999999996,0.0,50.0,180.0,40.52689647501644,90.0,102.91379779086434,49.47310352498356,90.0,257.08620220913565
6.01999999999996,-0.0,-50.0,181.25581039058375,39.98509387256367,90.0,103.92604473629575,129.98509387256365,90.0,118.92604473629575
6.01999999999996,0.0,-50.0,180.0,40.52689647501644,90.0,102.91379779086434,130.52689647501643,90.0,102.91379779086434
6.01999999999996,0.0,50.0,180.0,40.52689647501644,90.0,102.91379779086434,49.47310352498356,90.0,257.08620220913565
6.01999999999996,-0.0,50.0,181.25581039058375,39.98509387256367,90.0,103.92604473629575,50.01490612743633,90.0,256.07395526370425
6.039999999999959,-0.0,-50.0,182.50666467128354,39.43978353063267,90.0,104.94576748695111,129.43978353063267,90.0,119.94576748695111
6.039999999999959,0.0,-50.0,180.0,40.52689647501644,90.0,102.91379779086434,130.52689647501643,90.0,102.91379779086434
6.039999999999959,0.0,50.0,180.0,40.52689647501644,90.0,102.91379779086434,49.47310352498356,90.0,257.08620220913565
6.039999999999959,-0.0,50.0,182.50666467128354,39.43978353063267,90.0,104.94576748695111,50.56021646936733,90.0,255.05423251304887
6.059999999999959,-0.0,-50.0,183.74762629171195,38.8929635159236,90.0,105.96921554652461,128.8929635159236,90.0,120.96921554652461
6.059999999999959,0.0,-50.0,180.0,40.52689647501644,90.0,102.91379779086434,130.52689647501643,90.0,102.91379779086434
6.059999999999959,0.0,50.0,180.0,40.52689647501644,90.0,102.91379779086434,49.47310352498356,90.0,257.08620220913565
6.059999999999959,-0.0,50.0,183.74762629171195,38.8929635159236,90.0,105.96921554652461,51.1070364840764,90.0,254.0307844534754
6.079999999999958,-0.0,-50.0,184.97379774329457,38.346701769712865,90.0,106.99249470105028,128.34670176971287,90.0,121.99249470105028
6.079999999999958,0.0,-50.0,180.0,40.52689647501644,90.0,102.91379779086434,130.52689647501643,90.0,102.91379779086434
6.079999999999958,0.0,50.0,180.0,40.52689647501644,90.0,102.91379779086434,49.47310352498356,90.0,257.08620220913565
6.079999999999958,-0.0,50.0,184.97379774329457,38.346701769712865,90.0,106.99249470105028,51.653298230287135,90.0,253.00750529894972
6.099999999999958,-0.0,-50.0,186.18033988749644,37.80313431920703,90.00000000000001,108.0115707382643,127.80313431920703,89.99999999999999,123.0115707382643
6.099999999999958,0.0,-50.0,180.0,40.52689647501644,90.0,102.91379779086434,130.52689647501643,90.0,102.91379779086434
6.099999999999958,0.0,50.0,180.0,40.52689647501644,90.0,102.91379779086434,49.47310352498356,90.0,257.08620220913565
6.099999999999958,-0.0,50.0,186.18033988749644,37.80313431920703,90.00000000000001,108.0115707382643,52.19686568079297,90.00000000000001,251.9884292617357
6.1199999999999575,-0.0,-50.0,187.3624910536911,37.264462560834595,90.0,109.0222750399284,127.2644625608346,90.0,124.0222750399284
6.1199999999999575,0.0,-50.0,180.0,40.52689647501644,90.0,102.91379779086434,130.52689647501643,90.0,102.91379779086434
6.1199999999999575,0.0,50.0,180.0,40.52689647501644,90.0,102.91379779086434,49.47310352498356,90.0,257.08620220913565
6.1199999999999575,-0.0,50.0,187.3624910536911,37.264462560834595,90.0,109.0222750399284,52.735537439165405,90.0,250.9777249600716
6.139999999999957,-0.0,-50.0,188.515585831299,36.73294938042056,90.0,110.02031248513266,126.73294938042056,90.0,125.02031248513266
6.139999999999957,0.0,-50.0,180.0,40.52689647501644,90.0,102.91379779086434,130.52689647501643,90.0,102.91379779086434
6.139999999999957,0.0,50.0,180.0,40.52689647501644,90.0,102.91379779086434,49.47310352498356,90.0,257.08620220913565
6.139999999999957,-0.0,50.0,188.515585831299,36.73294938042056,90.0,110.02031248513266,53.26705061957944,90.0,249.97968751486735
6.159999999999957,-0.0,-50.0,189.6350734820319,36.21091385430475,90.0,111.00127214311121,126.21091385430475,90.0,126.00127214311121
6.159999999999957,0.0,-50.0,180.0,40.52689647501644,90.0,102.91379779086434,130.52689647501643,90.0,102.91379779086434
6.159999999999957,0.0,50.0,180.0,40.52689647501644,90.0,102.91379779086434,49.47310352498356,90.0,257.08620220913565
6.159999999999957,-0.0,50.0,189.6350734820319,36.21091385430475,90.0,111.00127214311121,53.78908614569525,90.0,248.9987278568888
6.179999999999956,-0.0,-50.0,190.7165358995776,35.70072426083977,90.0,111.9606412627155,125.70072426083976,90.0,126.9606412627155
6.179999999999956,0.0,-50.0,180.0,40.52689647501644,90.0,102.91379779086434,130.52689647501643,90.0,102.91379779086434
6.179999999999956,0.0,50.0,180.0,40.52689647501644,90.0,102.91379779086434,49.47310352498356,90.0,257.08620220913565
6.179999999999956,-0.0,50.0,190.7165358995776,35.70072426083977,90.0,111.9606412627155,54.29927573916023,90.0,248.0393587372845
6.199999999999956,-0.0,-50.0,191.7557050458472,35.20478912675208,90.0,112.89382307579264,125.20478912675208,90.0,127.89382307579264
6.199999999999956,0.0,-50.0,180.0,40.52689647501644,90.0,102.91379779086434,130.52689647501643,90.0,102.91379779086434
6.199999999999956,0.0,50.0,180.0,40.52689647501644,90.0,102.91379779086434,49.47310352498356,90.0,257.08620220913565
6.199999999999956,-0.0,50.0,191.7557050458472,35.20478912675208,90.0,112.89382307579264,54.79521087324792,90.0,247.10617692420738
6.219999999999955,-0.0,-50.0,192.74847979497164,34.725546041597156,90.0,113.79615891553075,124.72554604159716,90.0,128.79615891553075
6.219999999999955,0.0,-50.0,180.0,40.52689647501644,90.0,102.91379779086434,130.52689647501643,90.0,102.91379779086434
6.219999999999955,0.0,50.0,180.0,40.52689647501644,90.0,102.91379779086434,49.47310352498356,90.0,257.08620220913565
6.219999999999955,-0.0,50.0,192.74847979497164,34.725546041597156,90.0,113.79615891553075,55.274453958402844,90.0,246.20384108446925
6.239999999999955,-0.0,-50.0,193.6909421185717,34.26544800044568,90.00000000000001,114.66295509977265,124.26544800044567,89.99999999999999,129.66295509977266
6.239999999999955,0.0,-50.0,180.0,40.52689647501644,90.0,102.91379779086434,130.52689647501643,90.0,102.91379779086434
6.239999999999955,0.0,50.0,180.0,40.52689647501644,90.0,102.91379779086434,49.47310352498356,90.0,257.08620220913565
6.239999999999955,-0.0,50.0,193.6909421185717,34.26544800044568,90.00000000000001,114.66295509977265,55.73455199955432,90.00000000000001,245.33704490022734
6.2599999999999545,-0.0,-50.0,194.57937254842628,33.826947084528875,90.0,115.48951493464793,123.82694708452888,90.0,130.48951493464793
6.2599999999999545,0.0,-50.0,180.0,40.52689647501644,90.0,102.91379779086434,130.52689647501643,90.0,102.91379779086434
6.2599999999999545,0.0,50.0,180.0,40.52689647501644,90.0,102.91379779086434,49.47310352498356,90.0,257.08620220913565
6.2599999999999545,-0.0,50.0,194.57937254842628,33.826947084528875,90.0,115.48951493464793,56.173052915471125,90.0,244.51048506535207
6.279999999999954,-0.0,-50.0,195.41026485551396,33.41247536588981,90.00000000000001,116.27117604786248,123.4124753658898,89.99999999999999,131.27117604786247
6.279999999999954,0.0,-50.0,180.0,40.52689647501644,90.0,102.91379779086434,130.52689647501643,90.0,102.91379779086434
6.279999999999954,0.0,50.0,180.0,40.52689647501644,90.0,102.91379779086434,49.47310352498356,90.0,257.08620220913565
6.279999999999954,-0.0,50.0,195.41026485551396,33.41247536588981,90.00000000000001,116.27117604786248,56.58752463411019,90.00000000000001,243.72882395213753
6.299999999999954,-0.0,-50.0,196.18033988749724,33.024423027926304,90.0,117.00335305825469,123.0244230279263,90.0,132.00335305825467
6.299999999999954,0.0,-50.0,180.0,40.52689647501644,90.0,102.91379779086434,130.52689647501643,90.0,102.91379779086434
6.299999999999954,0.0,50.0,180.0,40.52689647501644,90.0,102.91379779086434,49.47310352498356,90.0,257.08620220913565
6.299999999999954,-0.0,50.0,196.18033988749724,33.024423027926304,90.0,117.00335305825469,56.975576972073696,90.0,242.99664694174533
6.319999999999953,-0.0,-50.0,196.88655851003872,32.66511382968173,90.00000000000001,117.68158532761244,122.66511382968173,89.99999999999999,132.68158532761242
6.319999999999953,0.0,-50.0,180.0,40.52689647501644,90.0,102.91379779086434,130.52689647501643,90.0,102.91379779086434
6.319999999999953,0.0,50.0,180.0,40.52689647501644,90.0,102.91379779086434,49.47310352498356,90.0,257.08620220913565
6.319999999999953,-0.0,50.0,196.88655851003872,32.66511382968173,90.00000000000001,117.68158532761244,57.33488617031827,90.00000000000001,242.31841467238758
6.339999999999953,-0.0,-50.0,197.52613360087585,32.336778205265404,90.0,118.30158922721577,122.3367782052654,90.0,133.30158922721577
6.339999999999953,0.0,-50.0,180.0,40.52689647501644,90.0,102.91379779086434,130.52689647501643,90.0,102.91379779086434
6.339999999999953,0.0,50.0,180.0,40.52689647501644,90.0,102.91379779086434,49.47310352498356,90.0,257.08620220913565
6.339999999999953,-0.0,50.0,197.52613360087585,32.336778205265404,90.0,118.30158922721577,57.663221794734596,90.0,241.69841077278423
6.359999999999952,-0.0,-50.0,198.09654104931911,32.04152447419413,90.00000000000001,118.85931399794681,122.04152447419412,89.99999999999999,133.8593139979468
6.359999999999952,0.0,-50.0,180.0,40.52689647501644,90.0,102.91379779086434,130.52689647501643,90.0,102.91379779086434
6.359999999999952,0.0,50.0,180.0,40.52689647501644,90.0,102.91379779086434,49.47310352498356,90.0,257.08620220913565
6.359999999999952,-0.0,50.0,198.09654104931911,32.04152447419413,90.00000000000001,118.85931399794681,57.95847552580587,90.00000000000001,241.1406860020532
6.379999999999952,-0.0,-50.0,198.59552971776392,31.78130883242198,90.00000000000001,119.35099991085612,121.78130883242198,89.99999999999999,134.3509999108561
6.379999999999952,0.0,-50.0,180.0,40.52689647501644,90.0,102.91379779086434,130.52689647501643,90.0,102.91379779086434
6.379999999999952,0.0,50.0,180.0,40.52689647501644,90.0,102.91379779086434,49.47310352498356,90.0,257.08620220913565
6.379999999999952,-0.0,50.0,198.59552971776392,31.78130883242198,90.00000000000001,119.35099991085612,58.218691167578015,90.00000000000001,240.6490000891439
6.3999999999999515,-0.0,-50.0,199.02113032590213,31.557904981447404,90.0,119.77323707536603,121.55790498144741,90.0,134.773237075366
6.3999999999999515,0.0,-50.0,180.0,40.52689647501644,90.0,102.91379779086434,130.52689647501643,90.0,102.91379779086434
6.3999999999999515,0.0,50.0,180.0,40.52689647501644,90.0,102.91379779086434,49.47310352498356,90.0,257.08620220913565
6.3999999999999515,-0.0,50.0,199.02113032590213,31.557904981447404,90.0,119.77323707536603,58.44209501855259,90.0,240.226762924634
6.419999999999951,-0.0,-50.0,199.37166322257187,31.372874414576756,90.00000000000001,120.12302293243933,121.37287441457676,89.99999999999999,135.1230229324393
6.419999999999951,0.0,-50.0,180.0,40.52689647501644,90.0,102.91379779086434,130.52689647501643,90.0,102.91379779086434
6.419999999999951,0.0,50.0,180.0,40.52689647501644,90.0,102.91379779086434,49.47310352498356,90.0,257.08620220913565
6.419999999999951,-0.0,50.0,199.37166322257187,31.372874414576756,90.00000000000001,120.12302293243933,58.627125585423244,90.00000000000001,239.8769770675607
6.439999999999951,-0.0,-50.0,199.6457450145732,31.227538493871602,90.0,120.39781625095937,121.2275384938716,90.0,135.39781625095935
6.439999999999951,0.0,-50.0,180.0,40.52689647501644,90.0,102.91379779086434,130.52689647501643,90.0,102.91379779086434
6.439999999999951,0.0,50.0,180.0,40.52689647501644,90.0,102.91379779086434,49.47310352498356,90.0,257.08620220913565
6.439999999999951,-0.0,50.0,199.6457450145732,31.227538493871602,90.0,120.39781625095937,58.772461506128394,90.0,239.60218374904065
6.45999999999995,-0.0,-50.0,199.84229402628915,31.122953498332095,90.00000000000001,120.59558535600567,121.1229534983321,89.99999999999999,135.59558535600567
6.45999999999995,0.0,-50.0,180.0,40.52689647501644,90.0,102.91379779086434,130.52689647501643,90.0,102.91379779086434
6.45999999999995,0.0,50.0,180.0,40.52689647501644,90.0,102.91379779086434,49.47310352498356,90.0,257.08620220913565
6.45999999999995,-0.0,50.0,199.84229402628915,31.122953498332095,90.00000000000001,120.59558535600567,58.877046501667905,90.00000000000001,239.40441464399433
6.47999999999995,-0.0,-50.0,199.96053456856524,31.059889787850704,90.00000000000001,120.71484838764476,121.05988978785071,89.99999999999999,135.71484838764476
6.47999999999995,0.0,-50.0,180.0,40.52689647501644,90.0,102.91379779086434,130.52689647501643,90.0,102.91379779086434
6.47999999999995,0.0,50.0,180.0,40.52689647501644,90.0,102.91379779086434,49.47310352498356,90.0,257.08620220913565
6.47999999999995,-0.0,50.0,199.96053456856524,31.059889787850704,90.00000000000001,120.71484838764476,58.94011021214929,90.00000000000001,239.28515161235524
6.499999999999949,-0.0,-50.0,200.0,31.038816100725942,90.00000000000001,120.75470363303134,121.03881610072594,89.99999999999999,135.75470363303134
6.499999999999949,0.0,-50.0,180.0,40.52689647501644,90.0,102.91379779086434,130.52689647501643,90.0,102.91379779086434
6.499999999999949,0.0,50.0,180.0,40.52689647501644,90.0,102.91379779086434,49.47310352498356,90.0,257.08620220913565
6.499999999999949,-0.0,50.0,200.0,31.038816100725942,90.00000000000001,120.75470363303134,58.96118389927406,90.00000000000001,239.24529636696866
6.519999999999949,0.0,-50.0,199.96053456856563,31.059889787850487,90.00000000000001,120.71484838764518,121.0598897878505,89.99999999999999,135.7148483876452
6.519999999999949,0.0,-50.0,180.0,40.52689647501644,90.0,102.91379779086434,130.52689647501643,90.0,102.91379779086434
6.519999999999949,0.0,50.0,180.0,40.52689647501644,90.0,102.91379779086434,49.47310352498356,90.0,257.08620220913565
6.519999999999949,0.0,50.0,199.96053456856563,31.059889787850487,90.00000000000001,120.71484838764518,58.94011021214951,90.00000000000001,239.2851516123548
6.5399999999999485,0.0,-50.0,199.84229402628995,31.12295349833167,90.0,120.59558535600648,121.12295349833167,90.0,135.5955853560065
6.5399999999999485,0.0,-50.0,180.0,40.52689647501644,90.0,102.91379779086434,130.52689647501643,90.0,102.91379779086434
6.5399999999999485,0.0,50.0,180.0,40.52689647501644,90.0,102.91379779086434,49.47310352498356,90.0,257.08620220913565
6.5399999999999485,0.0,50.0,199.84229402628995,31.12295349833167,90.0,120.59558535600648,58.87704650166833,90.0,239.4044146439935
6.559999999999948,0.0,-50.0,199.64574501457437,31.227538493870984,90.0,120.39781625096053,121.22753849387098,90.0,135.39781625096055
6.559999999999948,0.0,-50.0,180.0,40.52689647501644,90.0,102.91379779086434,130.52689647501643,90.0,102.91379779086434
6.559999999999948,0.0,50.0,180.0,40.52689647501644,90.0,102.91379779086434,49.47310352498356,90.0,257.08620220913565
6.559999999999948,0.0,50.0,199.64574501457437,31.227538493870984,90.0,120.39781625096053,58.77246150612902,90.0,239.60218374903945
6.579999999999948,0.0,-50.0,199.37166322257343,31.372874414575925,90.0,120.1230229324409,121.37287441457593,90.0,135.1230229324409
6.579999999999948,0.0,-50.0,180.0,40.52689647501644,90.0,102.91379779086434,130.52689647501643,90.0,102.91379779086434
6.579999999999948,0.0,50.0,180.0,40.52689647501644,90.0,102.91379779086434,49.47310352498356,90.0,257.08620220913565
6.579999999999948,0.0,50.0,199.37166322257343,31.372874414575925,90.0,120.1230229324409,58.627125585424075,90.0,239.8769770675591
6.599999999999947,0.0,-50.0,199.0211303259041,31.55790498144637,90.00000000000001,119.77323707536799,121.55790498144637,89.99999999999999,134.773237075368
6.599999999999947,0.0,-50.0,180.0,40.52689647501644,90.0,102.91379779086434,130.52689647501643,90.0,102.91379779086434
6.599999999999947,0.0,50.0,180.0,40.52689647501644,90.0,102.91379779086434,49.47310352498356,90.0,257.08620220913565
6.599999999999947,0.0,50.0,199.0211303259041,31.55790498144637,90.00000000000001,119.77323707536799,58.44209501855363,90.00000000000001,240.226762924632
6.619999999999947,0.0,-50.0,198.59552971776625,31.78130883242076,90.0,119.3509999108584,121.78130883242076,90.0,134.3509999108584
6.619999999999947,0.0,-50.0,180.0,40.52689647501644,90.0,102.91379779086434,130.52689647501643,90.0,102.91379779086434
6.619999999999947,0.0,50.0,180.0,40.52689647501644,90.0,102.91379779086434,49.47310352498356,90.0,257.08620220913565
6.619999999999947,0.0,50.0,198.59552971776625,31.78130883242076,90.0,119.3509999108584,58.21869116757924,90.0,240.6490000891416
6.639999999999946,0.0,-50.0,198.09654104932181,32.041524474192734,90.0,118.85931399794946,122.04152447419273,90.0,133.85931399794947
6.639999999999946,0.0,-50.0,180.0,40.52689647501644,90.0,102.91379779086434,130.52689647501643,90.0,102.91379779086434
6.639999999999946,0.0,50.0,180.0,40.52689647501644,90.0,102.91379779086434,49.47310352498356,90.0,257.08620220913565
6.639999999999946,0.0,50.0,198.09654104932181,32.041524474192734,90.0,118.85931399794946,57.958475525807266,90.0,241.14068600205053
6.659999999999946,0.0,-50.0,197.5261336008789,32.33677820526383,90.0,118.30158922721874,122.33677820526384,90.0,133.30158922721876
6.659999999999946,0.0,-50.0,180.0,40.52689647501644,90.0,102.91379779086434,130.52689647501643,90.0,102.91379779086434
6.659999999999946,0.0,50.0,180.0,40.52689647501644,90.0,102.91379779086434,49.47310352498356,90.0,257.08620220913565
6.659999999999946,0.0,50.0,197.5261336008789,32.33677820526383,90.0,118.30158922721874,57.66322179473617,90.0,241.69841077278124
6.6799999999999455,0.0,-50.0,196.88655851004214,32.665113829679996,90.0,117.68158532761572,122.66511382968,90.0,132.68158532761572
6.6799999999999455,0.0,-50.0,180.0,40.52689647501644,90.0,102.91379779086434,130.52689647501643,90.0,102.91379779086434
6.6799999999999455,0.0,50.0,180.0,40.52689647501644,90.0,102.91379779086434,49.47310352498356,90.0,257.08620220913565
6.6799999999999455,0.0,50.0,196.88655851004214,32.665113829679996,90.0,117.68158532761572,57.334886170320004,90.0,242.31841467238428
6.699999999999945,0.0,-50.0,196.18033988750096,33.02442302792441,90.00000000000001,117.00335305825824,123.02442302792441,89.99999999999999,132.00335305825826
6.699999999999945,0.0,-50.0,180.0,40.52689647501644,90.0,102.91379779086434,130.52689647501643,90.0,102.91379779086434
6.699999999999945,0.0,50.0,180.0,40.52689647501644,90.0,102.91379779086434,49.47310352498356,90.0,257.08620220913565
6.699999999999945,0.0,50.0,196.18033988750096,33.02442302792441,90.00000000000001,117.00335305825824,56.97557697207559,90.00000000000001,242.99664694174174
6.719999999999945,0.0,-50.0,195.410264855518,33.41247536588779,90.0,116.27117604786632,123.41247536588779,90.0,131.27117604786633
6.719999999999945,0.0,-50.0,180.0,40.52689647501644,90.0,102.91379779086434,130.52689647501643,90.0,102.91379779086434
6.719999999999945,0.0,50.0,180.0,40.52689647501644,90.0,102.91379779086434,49.47310352498356,90.0,257.08620220913565
6.719999999999945,0.0,50.0,195.410264855518,33.41247536588779,90.0,116.27117604786632,56.58752463411221,90.0,243.72882395213367
6.739999999999944,0.0,-50.0,194.57937254843063,33.826947084526715,90.0,115.48951493465201,123.82694708452672,90.0,130.489514934652
6.739999999999944,0.0,-50.0,180.0,40.52689647501644,90.0,102.91379779086434,130.52689647501643,90.0,102.91379779086434
6.739999999999944,0.0,50.0,180.0,40.52689647501644,90.0,102.91379779086434,49.47310352498356,90.0,257.08620220913565
6.739999999999944,0.0,50.0,194.57937254843063,33.826947084526715,90.0,115.48951493465201,56.173052915473285,90.0,244.510485065348
6.759999999999944,0.0,-50.0,193.69094211857634,34.265448000443406,90.00000000000001,114.66295509977695,124.2654480004434,89.99999999999999,129.66295509977695
6.759999999999944,0.0,-50.0,180.0,40.52689647501644,90.0,102.91379779086434,130.52689647501643,90.0,102.91379779086434
6.759999999999944,0.0,50.0,180.0,40.52689647501644,90.0,102.91379779086434,49.47310352498356,90.0,257.08620220913565
6.759999999999944,0.0,50.0,193.69094211857634,34.265448000443406,90.00000000000001,114.66295509977695,55.734551999556594,90.00000000000001,245.33704490022305
6.779999999999943,0.0,-50.0,192.74847979497653,34.72554604159478,90.0,113.79615891553522,124.72554604159478,90.0,128.79615891553522
6.779999999999943,0.0,-50.0,180.0,40.52689647501644,90.0,102.91379779086434,130.52689647501643,90.0,102.91379779086434
6.779999999999943,0.0,50.0,180.0,40.52689647501644,90.0,102.91379779086434,49.47310352498356,90.0,257.08620220913565
6.779999999999943,0.0,50.0,192.74847979497653,34.72554604159478,90.0,113.79615891553522,55.27445395840522,90.0,246.20384108446478
6.799999999999943,0.0,-50.0,191.75570504585235,35.20478912674961,90.0,112.89382307579727,125.2047891267496,90.0,127.89382307579727
6.799999999999943,0.0,-50.0,180.0,40.52689647501644,90.0,102.91379779086434,130.52689647501643,90.0,102.91379779086434
6.799999999999943,0.0,50.0,180.0,40.52689647501644,90.0,102.91379779086434,49.47310352498356,90.0,257.08620220913565
6.799999999999943,0.0,50.0,191.75570504585235,35.20478912674961,90.0,112.89382307579727,54.79521087325039,90.0,247.1061769242027
6.8199999999999426,0.0,-50.0,190.716535899583,35.7007242608372,90.0,111.96064126272032,125.7007242608372,90.0,126.96064126272032
6.8199999999999426,0.0,-50.0,180.0,40.52689647501644,90.0,102.91379779086434,130.52689647501643,90.0,102.91379779086434
6.8199999999999426,0.0,50.0,180.0,40.52689647501644,90.0,102.91379779086434,49.47310352498356,90.0,257.08620220913565
6.8199999999999426,0.0,50.0,190.716535899583,35.7007242608372,90.0,111.96064126272032,54.2992757391628,90.0,248.03935873727968
6.839999999999942,0.0,-50.0,189.63507348203748,36.21091385430213,90.0,111.00127214311613,126.21091385430213,90.0,126.00127214311613
6.839999999999942,0.0,-50.0,180.0,40.52689647501644,90.0,102.91379779086434,130.52689647501643,90.0,102.91379779086434
6.839999999999942,0.0,50.0,180.0,40.52689647501644,90.0,102.91379779086434,49.47310352498356,90.0,257.08620220913565
6.839999999999942,0.0,50.0,189.63507348203748,36.21091385430213,90.0,111.00127214311613,53.78908614569787,90.0,248.99872785688387
6.859999999999942,0.0,-50.0,188.51558583130478,36.732949380417885,90.0,110.0203124851377,126.73294938041789,90.0,125.0203124851377
6.859999999999942,0.0,-50.0,180.0,40.52689647501644,90.0,102.91379779086434,130.52689647501643,90.0,102.91379779086434
6.859999999999942,0.0,50.0,180.0,40.52689647501644,90.0,102.91379779086434,49.47310352498356,90.0,257.08620220913565
6.859999999999942,0.0,50.0,188.51558583130478,36.732949380417885,90.0,110.0203124851377,53.267050619582115,90.0,249.9796875148623
6.879999999999941,0.0,-50.0,187.362491053697,37.26446256083188,90.0,109.02227503993348,127.26446256083187,90.0,124.02227503993348
6.879999999999941,0.0,-50.0,180.0,40.52689647501644,90.0,102.91379779086434,130.52689647501643,90.0,102.91379779086434
6.879999999999941,0.0,50.0,180.0,40.52689647501644,90.0,102.91379779086434,49.47310352498356,90.0,257.08620220913565
6.879999999999941,0.0,50.0,187.362491053697,37.26446256083188,90.0,109.02227503993348,52.73553743916812,90.0,250.97772496006652
6.899999999999941,0.0,-50.0,186.18033988750247,37.803134319204304,90.0,108.01157073826941,127.8031343192043,90.0,123.01157073826941
6.899999999999941,0.0,-50.0,180.0,40.52689647501644,90.0,102.91379779086434,130.52689647501643,90.0,102.91379779086434
6.899999999999941,0.0,50.0,180.0,40.52689647501644,90.0,102.91379779086434,49.47310352498356,90.0,257.08620220913565
6.899999999999941,0.0,50.0,186.18033988750247,37.803134319204304,90.0,108.01157073826941,52.196865680795696,90.0,251.98842926173057
6.91999999999994,0.0,-50.0,184.97379774330074,38.34670176971011,90.0,106.99249470105546,128.3467017697101,90.0,121.99249470105546
6.91999999999994,0.0,-50.0,180.0,40.52689647501644,90.0,102.91379779086434,130.52689647501643,90.0,102.91379779086434
6.91999999999994,0.0,50.0,180.0,40.52689647501644,90.0,102.91379779086434,49.47310352498356,90.0,257.08620220913565
6.91999999999994,0.0,50.0,184.97379774330074,38.34670176971011,90.0,106.99249470105546,51.65329823028989,90.0,253.00750529894452
6.93999999999994,0.0,-50.0,183.7476262917182,38.892963515920826,90.0,105.9692155465298,128.89296351592083,90.0,120.9692155465298
6.93999999999994,0.0,-50.0,180.0,40.52689647501644,90.0,102.91379779086434,130.52689647501643,90.0,102.91379779086434
6.93999999999994,0.0,50.0,180.0,40.52689647501644,90.0,102.91379779086434,49.47310352498356,90.0,257.08620220913565
6.93999999999994,0.0,50.0,183.7476262917182,38.892963515920826,90.0,105.9692155465298,51.107036484079174,90.0,254.0307844534702
6.95999999999994,0.0,-50.0,182.50666467128985,39.439783530629896,90.0,104.9457674869563,129.43978353062988,90.0,119.9457674869563
6.95999999999994,0.0,-50.0,180.0,40.52689647501644,90.0,102.91379779086434,130.52689647501643,90.0,102.91379779086434
6.95999999999994,0.0,50.0,180.0,40.52689647501644,90.0,102.91379779086434,49.47310352498356,90.0,257.08620220913565
6.95999999999994,0.0,50.0,182.50666467128985,39.439783530629896,90.0,104.9457674869563,50.560216469370104,90.0,255.0542325130437
6.979999999999939,0.0,-50.0,181.25581039059009,39.985093872560924,90.0,103.9260447363009,129.98509387256092,90.0,118.9260447363009
6.979999999999939,0.0,-50.0,180.0,40.52689647501644,90.0,102.91379779086434,130.52689647501643,90.0,102.91379779086434
6.979999999999939,0.0,50.0,180.0,40.52689647501644,90.0,102.91379779086434,49.47310352498356,90.0,257.08620220913565
6.979999999999939,0.0,50.0,181.25581039059009,39.985093872560924,90.0,103.9260447363009,50.014906127439076,90.0,256.0739552636991
6.999999999999939,0.0,-50.0,180.00000000000387,40.52689647501478,90.0,102.91379779086745,130.52689647501478,90.0,117.91379779086745
6.999999999999939,0.0,-50.0,180.0,40.52689647501644,90.0,102.91379779086434,130.52689647501643,90.0,102.91379779086434
6.999999999999939,0.0,50.0,180.0,40.52689647501644,90.0,102.91379779086434,49.47310352498356,90.0,257.08620220913565
6.999999999999939,0.0,50.0,180.00000000000387,40.52689647501478,90.0,102.91379779086745,49.47310352498522,90.0,257.0862022091326
7.019999999999938,0.0,-50.0,180.0,40.52689647501644,90.0,102.91379779086434,130.52689647501643,90.0,117.91379779086434
7.019999999999938,-0.0,-50.0,181.25581039058244,39.985093872564235,90.0,103.9260447362947,129.98509387256422,90.0,103.9260447362947
7.019999999999938,-0.0,50.0,181.25581039058244,39.985093872564235,90.0,103.9260447362947,50.014906127435765,90.0,256.07395526370533
7.019999999999938,0.0,50.0,180.0,40.52689647501644,90.0,102.91379779086434,49.47310352498356,90.0,257.08620220913565
7.039999999999938,0.0,-50.0,180.0,40.52689647501644,90.0,102.91379779086434,130.52689647501643,90.0,117.91379779086434
7.039999999999938,-0.0,-50.0,182.50666467128227,39.43978353063322,90.0,104.94576748695007,129.43978353063324,90.0,104.94576748695007
7.039999999999938,-0.0,50.0,182.50666467128227,39.43978353063322,90.0,104.94576748695007,50.56021646936678,90.0,255.05423251304993
7.039999999999938,0.0,50.0,180.0,40.52689647501644,90.0,102.91379779086434,49.47310352498356,90.0,257.08620220913565
7.059999999999937,0.0,-50.0,180.0,40.52689647501644,90.0,102.91379779086434,130.52689647501643,90.0,117.91379779086434
7.059999999999937,-0.0,-50.0,183.74762629171067,38.89296351592417,90.0,105.96921554652354,128.89296351592418,90.0,105.96921554652354
7.059999999999937,-0.0,50.0,183.74762629171067,38.89296351592417,90.0,105.96921554652354,51.10703648407583,90.0,254.03078445347646
7.059999999999937,0.0,50.0,180.0,40.52689647501644,90.0,102.91379779086434,49.47310352498356,90.0,257.08620220913565
7.079999999999937,0.0,-50.0,180.0,40.52689647501644,90.0,102.91379779086434,130.52689647501643,90.0,117.91379779086434
7.079999999999937,-0.0,-50.0,184.97379774329332,38.34670176971344,90.0,106.99249470104922,128.34670176971343,90.0,106.99249470104922
7.079999999999937,-0.0,50.0,184.97379774329332,38.34670176971344,90.0,106.99249470104922,51.65329823028656,90.0,253.00750529895078
7.079999999999937,0.0,50.0,180.0,40.52689647501644,90.0,102.91379779086434,49.47310352498356,90.0,257.08620220913565
7.099999999999937,0.0,-50.0,180.0,40.52689647501644,90.0,102.91379779086434,130.52689647501643,90.0,117.91379779086434
7.099999999999937,-0.0,-50.0,186.18033988749522,37.803134319207594,90.0,108.01157073826325,127.8031343192076,90.0,108.01157073826325
7.099999999999937,-0.0,50.0,186.18033988749522,37.803134319207594,90.0,108.01157073826325,52.196865680792406,90.0,251.98842926173677
7.099999999999937,0.0,50.0,180.0,40.52689647501644,90.0,102.91379779086434,49.47310352498356,90.0,257.08620220913565
7.119999999999936,0.0,-50.0,180.0,40.52689647501644,90.0,102.91379779086434,130.52689647501643,90.0,117.91379779086434
7.119999999999936,-0.0,-50.0,187.3624910536899,37.264462560835135,90.0,109.02227503992738,127.26446256083514,90.0,109.02227503992738
7.119999999999936,-0.0,50.0,187.3624910536899,37.264462560835135,90.0,109.02227503992738,52.735537439164865,90.0,250.97772496007263
7.119999999999936,0.0,50.0,180.0,40.52689647501644,90.0,102.91379779086434,49.47310352498356,90.0,257.08620220913565
7.139999999999936,0.0,-50.0,180.0,40.52689647501644,90.0,102.91379779086434,130.52689647501643,90.0,117.91379779086434
7.139999999999936,-0.0,-50.0,188.51558583129784,36.732949380421104,90.0,110.02031248513165,126.7329493804211,90.0,110.02031248513165
7.139999999999936,-0.0,50.0,188.51558583129784,36.732949380421104,90.0,110.02031248513165,53.267050619578896,90.0,249.97968751486835
7.139999999999936,0.0,50.0,180.0,40.52689647501644,90.0,102.91379779086434,49.47310352498356,90.0,257.08620220913565
7.159999999999935,0.0,-50.0,180.0,40.52689647501644,90.0,102.91379779086434,130.52689647501643,90.0,117.91379779086434
7.159999999999935,-0.0,-50.0,189.6350734820308,36.210913854305254,90.00000000000001,111.00127214311024,126.21091385430526,89.99999999999999,111.00127214311024
7.159999999999935,-0.0,50.0,189.6350734820308,36.210913854305254,90.00000000000001,111.00127214311024,53.789086145694746,90.00000000000001,248.99872785688976
7.159999999999935,0.0,50.0,180.0,40.52689647501644,90.0,102.91379779086434,49.47310352498356,90.0,257.08620220913565
7.179999999999935,0.0,-50.0,180.0,40.52689647501644,90.0,102.91379779086434,130.52689647501643,90.0,117.91379779086434
7.179999999999935,-0.0,-50.0,190.7165358995765,35.70072426084028,90.0,111.96064126271452,125.70072426084027,90.0,111.96064126271452
7.179999999999935,-0.0,50.0,190.7165358995765,35.70072426084028,90.0,111.96064126271452,54.29927573915972,90.0,248.03935873728548
7.179999999999935,0.0,50.0,180.0,40.52689647501644,90.0,102.91379779086434,49.47310352498356,90.0,257.08620220913565
7.1999999999999345,0.0,-50.0,180.0,40.52689647501644,90.0,102.91379779086434,130.52689647501643,90.0,117.91379779086434
7.1999999999999345,-0.0,-50.0,191.75570504584618,35.20478912675257,90.00000000000001,112.8938230757917,125.20478912675257,89.99999999999999,112.8938230757917
7.1999999999999345,-0.0,50.0,191.75570504584618,35.20478912675257,90.00000000000001,112.8938230757917,54.79521087324743,90.00000000000001,247.10617692420828
7.1999999999999345,0.0,50.0,180.0,40.52689647501644,90.0,102.91379779086434,49.47310352498356,90.0,257.08620220913565
7.219999999999934,0.0,-50.0,180.0,40.52689647501644,90.0,102.91379779086434,130.52689647501643,90.0,117.91379779086434
7.219999999999934,-0.0,-50.0,192.74847979497065,34.72554604159764,90.0,113.79615891552983,124.72554604159764,90.0,113.79615891552983
7.219999999999934,-0.0,50.0,192.74847979497065,34.72554604159764,90.0,113.79615891552983,55.27445395840236,90.0,246.20384108447018
7.219999999999934,0.0,50.0,180.0,40.52689647501644,90.0,102.91379779086434,49.47310352498356,90.0,257.08620220913565
7.239999999999934,0.0,-50.0,180.0,40.52689647501644,90.0,102.91379779086434,130.52689647501643,90.0,117.91379779086434
7.239999999999934,-0.0,-50.0,193.69094211857077,34.26544800044614,90.0,114.66295509977178,124.26544800044614,90.0,114.66295509977178
7.239999999999934,-0.0,50.0,193.69094211857077,34.26544800044614,90.0,114.66295509977178,55.73455199955386,90.0,245.33704490022822
7.239999999999934,0.0,50.0,180.0,40.52689647501644,90.0,102.91379779086434,49.47310352498356,90.0,257.08620220913565
7.259999999999933,0.0,-50.0,180.0,40.52689647501644,90.0,102.91379779086434,130.52689647501643,90.0,117.91379779086434
7.259999999999933,-0.0,-50.0,194.5793725484254,33.826947084529316,90.0,115.48951493464709,123.82694708452931,90.0,115.48951493464709
7.259999999999933,-0.0,50.0,194.5793725484254,33.826947084529316,90.0,115.48951493464709,56.173052915470684,90.0,244.5104850653529
7.259999999999933,0.0,50.0,180.0,40.52689647501644,90.0,102.91379779086434,49.47310352498356,90.0,257.08620220913565
7.279999999999933,0.0,-50.0,180.0,40.52689647501644,90.0,102.91379779086434,130.52689647501643,90.0,117.91379779086434
7.279999999999933,-0.0,-50.0,195.41026485551313,33.41247536589023,90.0,116.27117604786172,123.41247536589023,90.0,116.27117604786172
7.279999999999933,-0.0,50.0,195.41026485551313,33.41247536589023,90.0,116.27117604786172,56.58752463410977,90.0,243.72882395213827
7.279999999999933,0.0,50.0,180.0,40.52689647501644,90.0,102.91379779086434,49.47310352498356,90.0,257.08620220913565
7.299999999999932,0.0,-50.0,180.0,40.52689647501644,90.0,102.91379779086434,130.52689647501643,90.0,117.91379779086434
7.299999999999932,-0.0,-50.0,196.18033988749647,33.024423027926694,90.0,117.00335305825395,123.0244230279267,90.0,117.00335305825395
7.299999999999932,-0.0,50.0,196.18033988749647,33.024423027926694,90.0,117.00335305825395,56.975576972073306,90.0,242.99664694174606
7.299999999999932,0.0,50.0,180.0,40.52689647501644,90.0,102.91379779086434,49.47310352498356,90.0,257.08620220913565
7.319999999999932,0.0,-50.0,180.0,40.52689647501644,90.0,102.91379779086434,130.52689647501643,90.0,117.91379779086434
7.319999999999932,-0.0,-50.0,196.88655851003804,32.66511382968209,90.0,117.68158532761178,122.6651138296821,90.0,117.68158532761178
7.319999999999932,-0.0,50.0,196.88655851003804,32.66511382968209,90.0,117.68158532761178,57.33488617031791,90.0,242.3184146723882
7.319999999999932,0.0,50.0,180.0,40.52689647501644,90.0,102.91379779086434,49.47310352498356,90.0,257.08620220913565
7.3399999999999315,0.0,-50.0,180.0,40.52689647501644,90.0,102.91379779086434,130.52689647501643,90.0,117.91379779086434
7.3399999999999315,-0.0,-50.0,197.52613360087523,32.33677820526573,90.00000000000001,118.30158922721516,122.33677820526573,89.99999999999999,118.30158922721516
7.3399999999999315,-0.0,50.0,197.52613360087523,32.33677820526573,90.00000000000001,118.30158922721516,57.66322179473427,90.00000000000001,241.69841077278483
7.3399999999999315,0.0,50.0,180.0,40.52689647501644,90.0,102.91379779086434,49.47310352498356,90.0,257.08620220913565
7.359999999999931,0.0,-50.0,180.0,40.52689647501644,90.0,102.91379779086434,130.52689647501643,90.0,117.91379779086434
7.359999999999931,-0.0,-50.0,198.09654104931857,32.04152447419441,90.00000000000001,118.85931399794627,122.0415244741944,89.99999999999999,118.85931399794627
7.359999999999931,-0.0,50.0,198.09654104931857,32.04152447419441,90.00000000000001,118.85931399794627,57.95847552580559,90.00000000000001,241.1406860020537
7.359999999999931,0.0,50.0,180.0,40.52689647501644,90.0,102.91379779086434,49.47310352498356,90.0,257.08620220913565
7.379999999999931,0.0,-50.0,180.0,40.52689647501644,90.0,102.91379779086434,130.52689647501643,90.0,117.91379779086434
7.379999999999931,-0.0,-50.0,198.59552971776344,31.781308832422233,90.0,119.35099991085563,121.78130883242224,90.0,119.35099991085563
7.379999999999931,-0.0,50.0,198.59552971776344,31.781308832422233,90.0,119.35099991085563,58.21869116757777,90.0,240.64900008914435
7.379999999999931,0.0,50.0,180.0,40.52689647501644,90.0,102.91379779086434,49.47310352498356,90.0,257.08620220913565
7.39999999999993,0.0,-50.0,180.0,40.52689647501644,90.0,102.91379779086434,130.52689647501643,90.0,117.91379779086434
7.39999999999993,-0.0,-50.0,199.02113032590174,31.55790498144761,90.0,119.77323707536564,121.5579049814476,90.0,119.77323707536564
7.39999999999993,-0.0,50.0,199.02113032590174,31.55790498144761,90.0,119.77323707536564,58.44209501855239,90.0,240.22676292463436
7.39999999999993,0.0,50.0,180.0,40.52689647501644,90.0,102.91379779086434,49.47310352498356,90.0,257.08620220913565
7.41999999999993,0.0,-50.0,180.0,40.52689647501644,90.0,102.91379779086434,130.52689647501643,90.0,117.91379779086434
7.41999999999993,-0.0,-50.0,199.37166322257153,31.37287441457693,90.0,120.12302293243899,121.37287441457693,90.0,120.12302293243899
7.41999999999993,-0.0,50.0,199.37166322257153,31.37287441457693,90.0,120.12302293243899,58.62712558542307,90.0,239.87697706756103
7.41999999999993,0.0,50.0,180.0,40.52689647501644,90.0,102.91379779086434,49.47310352498356,90.0,257.08620220913565
7.439999999999929,0.0,-50.0,180.0,40.52689647501644,90.0,102.91379779086434,130.52689647501643,90.0,117.91379779086434
7.439999999999929,-0.0,-50.0,199.64574501457295,31.227538493871744,90.00000000000001,120.39781625095911,121.22753849387175,89.99999999999999,120.39781625095911
7.439999999999929,-0.0,50.0,199.64574501457295,31.227538493871744,90.00000000000001,120.39781625095911,58.77246150612825,90.00000000000001,239.60218374904088
7.439999999999929,0.0,50.0,180.0,40.52689647501644,90.0,102.91379779086434,49.47310352498356,90.0,257.08620220913565
7.459999999999929,0.0,-50.0,180.0,40.52689647501644,90.0,102.91379779086434,130.52689647501643,90.0,117.91379779086434
7.459999999999929,-0.0,-50.0,199.842294026289,31.122953498332166,90.0,120.59558535600554,121.12295349833217,90.0,120.59558535600554
7.459999999999929,-0.0,50.0,199.842294026289,31.122953498332166,90.0,120.59558535600554,58.877046501667834,90.0,239.40441464399447
7.459999999999929,0.0,50.0,180.0,40.52689647501644,90.0,102.91379779086434,49.47310352498356,90.0,257.08620220913565
7.4799999999999285,0.0,-50.0,180.0,40.52689647501644,90.0,102.91379779086434,130.52689647501643,90.0,117.91379779086434
7.4799999999999285,-0.0,-50.0,199.96053456856515,31.05988978785075,90.0,120.7148483876447,121.05988978785075,90.0,120.7148483876447
7.4799999999999285,-0.0,50.0,199.96053456856515,31.05988978785075,90.0,120.7148483876447,58.94011021214925,90.0,239.28515161235532
7.4799999999999285,0.0,50.0,180.0,40.52689647501644,90.0,102.91379779086434,49.47310352498356,90.0,257.08620220913565
7.499999999999928,0.0,-50.0,180.0,40.52689647501644,90.0,102.91379779086434,130.52689647501643,90.0,117.91379779086434
7.499999999999928,-0.0,-50.0,200.0,31.038816100725942,90.00000000000001,120.75470363303134,121.03881610072594,89.99999999999999,120.75470363303134
7.499999999999928,-0.0,50.0,200.0,31.038816100725942,90.00000000000001,120.75470363303134,58.96118389927406,90.00000000000001,239.24529636696866
7.499999999999928,0.0,50.0,180.0,40.52689647501644,90.0,102.91379779086434,49.47310352498356,90.0,257.08620220913565
7.519999999999928,0.0,-50.0,180.0,40.52689647501644,90.0,102.91379779086434,130.52689647501643,90.0,117.91379779086434
7.519999999999928,0.0,-50.0,199.96053456856572,31.059889787850437,90.0,120.71484838764528,121.05988978785044,90.0,120.71484838764528
7.519999999999928,0.0,50.0,199.96053456856572,31.059889787850437,90.0,120.71484838764528,58.94011021214956,90.0,239.28515161235472
7.519999999999928,0.0,50.0,180.0,40.52689647501644,90.0,102.91379779086434,49.47310352498356,90.0,257.08620220913565
7.539999999999927,0.0,-50.0,180.0,40.52689647501644,90.0,102.91379779086434,130.52689647501643,90.0,117.91379779086434
7.539999999999927,0.0,-50.0,199.84229402629012,31.122953498331587,90.00000000000001,120.59558535600664,121.12295349833158,89.99999999999999,120.59558535600664
7.539999999999927,0.0,50.0,199.84229402629012,31.122953498331587,90.00000000000001,120.59558535600664,58.87704650166842,90.00000000000001,239.40441464399336
7.539999999999927,0.0,50.0,180.0,40.52689647501644,90.0,102.91379779086434,49.47310352498356,90.0,257.08620220913565
7.559999999999927,0.0,-50.0,180.0,40.52689647501644,90.0,102.91379779086434,130.52689647501643,90.0,117.91379779086434
7.559999999999927,0.0,-50.0,199.64574501457463,31.227538493870853,90.0,120.39781625096079,121.22753849387085,90.0,120.39781625096079
7.559999999999927,0.0,50.0,199.64574501457463,31.227538493870853,90.0,120.39781625096079,58.77246150612915,90.0,239.60218374903923
7.559999999999927,0.0,50.0,180.0,40.52689647501644,90.0,102.91379779086434,49.47310352498356,90.0,257.08620220913565
7.579999999999926,0.0,-50.0,180.0,40.52689647501644,90.0,102.91379779086434,130.52689647501643,90.0,117.91379779086434
7.579999999999926,0.0,-50.0,199.37166322257377,31.372874414575747,90.0,120.12302293244123,121.37287441457575,90.0,120.12302293244123
7.579999999999926,0.0,50.0,199.37166322257377,31.372874414575747,90.0,120.12302293244123,58.62712558542425,90.0,239.87697706755876
7.579999999999926,0.0,50.0,180.0,40.52689647501644,90.0,102.91379779086434,49.47310352498356,90.0,257.08620220913565
7.599999999999926,0.0,-50.0,180.0,40.52689647501644,90.0,102.91379779086434,130.52689647501643,90.0,117.91379779086434
7.599999999999926,0.0,-50.0,199.0211303259045,31.557904981446153,90.0,119.77323707536839,121.55790498144616,90.0,119.77323707536839
7.599999999999926,0.0,50.0,199.0211303259045,31.557904981446153,90.0,119.77323707536839,58.44209501855384,90.0,240.2267629246316
7.599999999999926,0.0,50.0,180.0,40.52689647501644,90.0,102.91379779086434,49.47310352498356,90.0,257.08620220913565
7.6199999999999255,0.0,-50.0,180.0,40.52689647501644,90.0,102.91379779086434,130.52689647501643,90.0,117.91379779086434
7.6199999999999255,0.0,-50.0,198.59552971776674,31.781308832420503,90.0,119.35099991085889,121.7813088324205,90.0,119.35099991085889
7.6199999999999255,0.0,50.0,198.59552971776674,31.781308832420503,90.0,119.35099991085889,58.21869116757949,90.0,240.6490000891411
7.6199999999999255,0.0,50.0,180.0,40.52689647501644,90.0,102.91379779086434,49.47310352498356,90.0,257.08620220913565
7.639999999999925,0.0,-50.0,180.0,40.52689647501644,90.0,102.91379779086434,130.52689647501643,90.0,117.91379779086434
7.639999999999925,0.0,-50.0,198.09654104932238,32.041524474192435,90.0,118.85931399795001,122.04152447419244,90.0,118.85931399795001
7.639999999999925,0.0,50.0,198.09654104932238,32.041524474192435,90.0,118.85931399795001,57.958475525807565,90.0,241.14068600205
7.639999999999925,0.0,50.0,180.0,40.52689647501644,90.0,102.91379779086434,49.47310352498356,90.0,257.08620220913565
7.659999999999925,0.0,-50.0,180.0,40.52689647501644,90.0,102.91379779086434,130.52689647501643,90.0,117.91379779086434
7.659999999999925,0.0,-50.0,197.52613360087952,32.33677820526351,90.0,118.30158922721932,122.33677820526351,90.0,118.30158922721932
7.659999999999925,0.0,50.0,197.52613360087952,32.33677820526351,90.0,118.30158922721932,57.66322179473649,90.0,241.69841077278068
7.659999999999925,0.0,50.0,180.0,40.52689647501644,90.0,102.91379779086434,49.47310352498356,90.0,257.08620220913565
7.679999999999924,0.0,-50.0,180.0,40.52689647501644,90.0,102.91379779086434,130.52689647501643,90.0,117.91379779086434
7.679999999999924,0.0,-50.0,196.88655851004282,32.66511382967965,90.0,117.68158532761639,122.66511382967965,90.0,117.68158532761639
7.679999999999924,0.0,50.0,196.88655851004282,32.66511382967965,90.0,117.68158532761639,57.33488617032035,90.0,242.3184146723836
7.679999999999924,0.0,50.0,180.0,40.52689647501644,90.0,102.91379779086434,49.47310352498356,90.0,257.08620220913565
7.699999999999924,0.0,-50.0,180.0,40.52689647501644,90.0,102.91379779086434,130.52689647501643,90.0,117.91379779086434
7.699999999999924,0.0,-50.0,196.18033988750173,33.02442302792403,90.0,117.00335305825895,123.02442302792403,90.0,117.00335305825895
7.699999999999924,0.0,50.0,196.18033988750173,33.02442302792403,90.0,117.00335305825895,56.97557697207597,90.0,242.99664694174106
7.699999999999924,0.0,50.0,180.0,40.52689647501644,90.0,102.91379779086434,49.47310352498356,90.0,257.08620220913565
7.719999999999923,0.0,-50.0,180.0,40.52689647501644,90.0,102.91379779086434,130.52689647501643,90.0,117.91379779086434
7.719999999999923,0.0,-50.0,195.41026485551882,33.41247536588738,90.00000000000001,116.27117604786709,123.41247536588739,89.99999999999999,116.27117604786709
7.719999999999923,0.0,50.0,195.41026485551882,33.41247536588738,90.00000000000001,116.27117604786709,56.58752463411262,90.00000000000001,243.72882395213293
7.719999999999923,0.0,50.0,180.0,40.52689647501644,90.0,102.91379779086434,49.47310352498356,90.0,257.08620220913565
7.739999999999923,0.0,-50.0,180.0,40.52689647501644,90.0,102.91379779086434,130.52689647501643,90.0,117.91379779086434
7.739999999999923,0.0,-50.0,194.5793725484315,33.826947084526275,90.0,115.48951493465282,123.82694708452627,90.0,115.48951493465282
7.739999999999923,0.0,50.0,194.5793725484315,33.826947084526275,90.0,115.48951493465282,56.173052915473725,90.0,244.51048506534718
7.739999999999923,0.0,50.0,180.0,40.52689647501644,90.0,102.91379779086434,49.47310352498356,90.0,257.08620220913565
7.7599999999999225,0.0,-50.0,180.0,40.52689647501644,90.0,102.91379779086434,130.52689647501643,90.0,117.91379779086434
7.7599999999999225,0.0,-50.0,193.69094211857728,34.26544800044294,90.0,114.66295509977782,124.26544800044294,90.0,114.66295509977782
7.7599999999999225,0.0,50.0,193.69094211857728,34.26544800044294,90.0,114.66295509977782,55.73455199955706,90.0,245.33704490022217
7.7599999999999225,0.0,50.0,180.0,40.52689647501644,90.0,102.91379779086434,49.47310352498356,90.0,257.08620220913565
7.779999999999922,0.0,-50.0,180.0,40.52689647501644,90.0,102.91379779086434,130.52689647501643,90.0,117.91379779086434
7.779999999999922,0.0,-50.0,192.74847979497753,34.72554604159429,90.0,113.79615891553613,124.7255460415943,90.0,113.79615891553613
7.779999999999922,0.0,50.0,192.74847979497753,34.72554604159429,90.0,113.79615891553613,55.27445395840571,90.0,246.20384108446387
7.779999999999922,0.0,50.0,180.0,40.52689647501644,90.0,102.91379779086434,49.47310352498356,90.0,257.08620220913565
7.799999999999922,0.0,-50.0,180.0,40.52689647501644,90.0,102.91379779086434,130.52689647501643,90.0,117.91379779086434
7.799999999999922,0.0,-50.0,191.7557050458534,35.20478912674911,90.0,112.89382307579822,125.20478912674912,90.0,112.89382307579822
7.799999999999922,0.0,50.0,191.7557050458534,35.20478912674911,90.0,112.89382307579822,54.79521087325089,90.0,247.10617692420178
7.799999999999922,0.0,50.0,180.0,40.52689647501644,90.0,102.91379779086434,49.47310352498356,90.0,257.08620220913565
7.819999999999921,0.0,-50.0,180.0,40.52689647501644,90.0,102.91379779086434,130.52689647501643,90.0,117.91379779086434
7.819999999999921,0.0,-50.0,190.71653589958407,35.700724260836694,90.0,111.96064126272128,125.7007242608367,90.0,111.96064126272128
7.819999999999921,0.0,50.0,190.71653589958407,35.700724260836694,90.0,111.96064126272128,54.299275739163306,90.0,248.03935873727872
7.819999999999921,0.0,50.0,180.0,40.52689647501644,90.0,102.91379779086434,49.47310352498356,90.0,257.08620220913565
7.839999999999921,0.0,-50.0,180.0,40.52689647501644,90.0,102.91379779086434,130.52689647501643,90.0,117.91379779086434
7.839999999999921,0.0,-50.0,189.63507348203862,36.21091385430159,90.0,111.00127214311713,126.2109138543016,90.0,111.00127214311713
7.839999999999921,0.0,50.0,189.63507348203862,36.21091385430159,90.0,111.00127214311713,53.78908614569841,90.0,248.99872785688285
7.839999999999921,0.0,50.0,180.0,40.52689647501644,90.0,102.91379779086434,49.47310352498356,90.0,257.08620220913565
7.85999999999992,0.0,-50.0,180.0,40.52689647501644,90.0,102.91379779086434,130.52689647501643,90.0,117.91379779086434
7.85999999999992,0.0,-50.0,188.51558583130594,36.732949380417345,90.0,110.02031248513872,126.73294938041735,90.0,110.02031248513872
7.85999999999992,0.0,50.0,188.51558583130594,36.732949380417345,90.0,110.02031248513872,53.267050619582655,90.0,249.97968751486127
7.85999999999992,0.0,50.0,180.0,40.52689647501644,90.0,102.91379779086434,49.47310352498356,90.0,257.08620220913565
7.87999999999992,0.0,-50.0,180.0,40.52689647501644,90.0,102.91379779086434,130.52689647501643,90.0,117.91379779086434
7.87999999999992,0.0,-50.0,187.3624910536982,37.26446256083133,90.0,109.02227503993453,127.26446256083133,90.0,109.02227503993453
7.87999999999992,0.0,50.0,187.3624910536982,37.26446256083133,90.0,109.02227503993453,52.73553743916867,90.0,250.97772496006547
7.87999999999992,0.0,50.0,180.0,40.52689647501644,90.0,102.91379779086434,49.47310352498356,90.0,257.08620220913565
7.8999999999999195,0.0,-50.0,180.0,40.52689647501644,90.0,102.91379779086434,130.52689647501643,90.0,117.91379779086434
7.8999999999999195,0.0,-50.0,186.1803398875037,37.80313431920376,90.00000000000001,108.01157073827045,127.80313431920376,89.99999999999999,108.01157073827045
7.8999999999999195,0.0,50.0,186.1803398875037,37.80313431920376,90.00000000000001,108.01157073827045,52.19686568079624,90.00000000000001,251.98842926172955
7.8999999999999195,0.0,50.0,180.0,40.52689647501644,90.0,102.91379779086434,49.47310352498356,90.0,257.08620220913565
7.919999999999919,0.0,-50.0,180.0,40.52689647501644,90.0,102.91379779086434,130.52689647501643,90.0,117.91379779086434
7.919999999999919,0.0,-50.0,184.97379774330196,38.34670176970957,90.0,106.99249470105647,128.34670176970957,90.0,106.99249470105647
7.919999999999919,0.0,50.0,184.97379774330196,38.34670176970957,90.0,106.99249470105647,51.65329823029043,90.0,253.00750529894353
7.919999999999919,0.0,50.0,180.0,40.52689647501644,90.0,102.91379779086434,49.47310352498356,90.0,257.08620220913565
7.939999999999919,0.0,-50.0,180.0,40.52689647501644,90.0,102.91379779086434,130.52689647501643,90.0,117.91379779086434
7.939999999999919,0.0,-50.0,183.74762629171946,38.89296351592027,90.0,105.96921554653085,128.89296351592026,90.0,105.96921554653085
7.939999999999919,0.0,50.0,183.74762629171946,38.89296351592027,90.0,105.96921554653085,51.10703648407973,90.0,254.03078445346915
7.939999999999919,0.0,50.0,180.0,40.52689647501644,90.0,102.91379779086434,49.47310352498356,90.0,257.08620220913565
7.959999999999918,0.0,-50.0,180.0,40.52689647501644,90.0,102.91379779086434,130.52689647501643,90.0,117.91379779086434
7.959999999999918,0.0,-50.0,182.50666467129113,39.439783530629335,90.0,104.94576748695734,129.43978353062934,90.0,104.94576748695734
7.959999999999918,0.0,50.0,182.50666467129113,39.439783530629335,90.0,104.94576748695734,50.560216469370665,90.0,255.05423251304268
7.959999999999918,0.0,50.0,180.0,40.52689647501644,90.0,102.91379779086434,49.47310352498356,90.0,257.08620220913565
7.979999999999918,0.0,-50.0,180.0,40.52689647501644,90.0,102.91379779086434,130.52689647501643,90.0,117.91379779086434
7.979999999999918,0.0,-50.0,181.25581039059136,39.98509387256036,90.00000000000001,103.92604473630193,129.98509387256036,89.99999999999999,103.92604473630193
7.979999999999918,0.0,50.0,181.25581039059136,39.98509387256036,90.00000000000001,103.92604473630193,50.01490612743964,90.00000000000001,256.07395526369805
7.979999999999918,0.0,50.0,180.0,40.52689647501644,90.0,102.91379779086434,49.47310352498356,90.0,257.08620220913565
7.999999999999917,0.0,-50.0,180.0,40.52689647501644,90.0,102.91379779086434,130.52689647501643,90.0,117.91379779086434
7.999999999999917,0.0,-50.0,180.00000000000514,40.52689647501424,90.0,102.91379779086846,130.52689647501424,90.0,102.91379779086846
7.999999999999917,0.0,50.0,180.00000000000514,40.52689647501424,90.0,102.91379779086846,49.47310352498576,90.0,257.08620220913156
7.999999999999917,0.0,50.0,180.0,40.52689647501644,90.0,102.91379779086434,49.47310352498356,90.0,257.08620220913565
8.019999999999918,-0.0,-50.0,181.2558103905811,39.98509387256481,90.0,103.92604473629362,129.98509387256482,90.0,118.92604473629362
8.019999999999918,0.0,-50.0,180.0,40.52689647501644,90.0,102.91379779086434,130.52689647501643,90.0,102.91379779086434
8.019999999999918,0.0,50.0,180.0,40.52689647501644,90.0,102.91379779086434,49.47310352498356,90.0,257.08620220913565
8.019999999999918,-0.0,50.0,181.2558103905811,39.98509387256481,90.0,103.92604473629362,50.01490612743519,90.0,256.07395526370635
8.039999999999917,-0.0,-50.0,182.50666467128093,39.439783530633804,90.0,104.94576748694898,129.4397835306338,90.0,119.94576748694898
8.039999999999917,0.0,-50.0,180.0,40.52689647501644,90.0,102.91379779086434,130.52689647501643,90.0,102.91379779086434
8.039999999999917,0.0,50.0,180.0,40.52689647501644,90.0,102.91379779086434,49.47310352498356,90.0,257.08620220913565
8.039999999999917,-0.0,50.0,182.50666467128093,39.439783530633804,90.0,104.94576748694898,50.560216469366196,90.0,255.05423251305103
8.059999999999917,-0.0,-50.0,183.74762629170937,38.89296351592475,90.0,105.96921554652246,128.89296351592475,90.0,120.96921554652246
8.059999999999917,0.0,-50.0,180.0,40.52689647501644,90.0,102.91379779086434,130.52689647501643,90.0,102.91379779086434
8.059999999999917,0.0,50.0,180.0,40.52689647501644,90.0,102.91379779086434,49.47310352498356,90.0,257.08620220913565
8.059999999999917,-0.0,50.0,183.74762629170937,38.89296351592475,90.0,105.96921554652246,51.10703648407525,90.0,254.03078445347754
8.079999999999917,-0.0,-50.0,184.973797743292,38.346701769714024,90.0,106.99249470104812,128.34670176971403,90.0,121.99249470104812
8.079999999999917,0.0,-50.0,180.0,40.52689647501644,90.0,102.91379779086434,130.52689647501643,90.0,102.91379779086434
8.079999999999917,0.0,50.0,180.0,40.52689647501644,90.0,102.91379779086434,49.47310352498356,90.0,257.08620220913565
8.079999999999917,-0.0,50.0,184.973797743292,38.346701769714024,90.0,106.99249470104812,51.653298230285976,90.0,253.00750529895188
8.099999999999916,-0.0,-50.0,186.18033988749394,37.803134319208176,90.0,108.01157073826217,127.80313431920817,90.0,123.01157073826217
8.099999999999916,0.0,-50.0,180.0,40.52689647501644,90.0,102.91379779086434,130.52689647501643,90.0,102.91379779086434
8.099999999999916,0.0,50.0,180.0,40.52689647501644,90.0,102.91379779086434,49.47310352498356,90.0,257.08620220913565
8.099999999999916,-0.0,50.0,186.18033988749394,37.803134319208176,90.0,108.01157073826217,52.196865680791824,90.0,251.98842926173785
8.119999999999916,-0.0,-50.0,187.36249105368864,37.26446256083571,90.0,109.0222750399263,127.26446256083571,90.0,124.0222750399263
8.119999999999916,0.0,-50.0,180.0,40.52689647501644,90.0,102.91379779086434,130.52689647501643,90.0,102.91379779086434
8.119999999999916,0.0,50.0,180.0,40.52689647501644,90.0,102.91379779086434,49.47310352498356,90.0,257.08620220913565
8.119999999999916,-0.0,50.0,187.36249105368864,37.26446256083571,90.0,109.0222750399263,52.73553743916429,90.0,250.97772496007372
8.139999999999915,-0.0,-50.0,188.51558583129665,36.732949380421644,90.0,110.02031248513062,126.73294938042164,90.0,125.02031248513062
8.139999999999915,0.0,-50.0,180.0,40.52689647501644,90.0,102.91379779086434,130.52689647501643,90.0,102.91379779086434
8.139999999999915,0.0,50.0,180.0,40.52689647501644,90.0,102.91379779086434,49.47310352498356,90.0,257.08620220913565
8.139999999999915,-0.0,50.0,188.51558583129665,36.732949380421644,90.0,110.02031248513062,53.267050619578356,90.0,249.9796875148694
8.159999999999915,-0.0,-50.0,189.6350734820296,36.21091385430582,90.00000000000001,111.00127214310918,126.21091385430583,89.99999999999999,126.00127214310918
8.159999999999915,0.0,-50.0,180.0,40.52689647501644,90.0,102.91379779086434,130.52689647501643,90.0,102.91379779086434
8.159999999999915,0.0,50.0,180.0,40.52689647501644,90.0,102.91379779086434,49.47310352498356,90.0,257.08620220913565
8.159999999999915,-0.0,50.0,189.6350734820296,36.21091385430582,90.00000000000001,111.00127214310918,53.78908614569418,90.00000000000001,248.9987278568908
8.179999999999914,-0.0,-50.0,190.7165358995754,35.700724260840815,90.0,111.96064126271354,125.70072426084081,90.0,126.96064126271354
8.179999999999914,0.0,-50.0,180.0,40.52689647501644,90.0,102.91379779086434,130.52689647501643,90.0,102.91379779086434
8.179999999999914,0.0,50.0,180.0,40.52689647501644,90.0,102.91379779086434,49.47310352498356,90.0,257.08620220913565
8.179999999999914,-0.0,50.0,190.7165358995754,35.700724260840815,90.0,111.96064126271354,54.299275739159185,90.0,248.03935873728648
8.199999999999914,-0.0,-50.0,191.7557050458451,35.20478912675309,90.0,112.89382307579072,125.2047891267531,90.0,127.89382307579072
8.199999999999914,0.0,-50.0,180.0,40.52689647501644,90.0,102.91379779086434,130.52689647501643,90.0,102.91379779086434
8.199999999999914,0.0,50.0,180.0,40.52689647501644,90.0,102.91379779086434,49.47310352498356,90.0,257.08620220913565
8.199999999999914,-0.0,50.0,191.7557050458451,35.20478912675309,90.0,112.89382307579072,54.79521087324691,90.0,247.10617692420928
8.219999999999914,-0.0,-50.0,192.7484797949696,34.72554604159815,90.0,113.79615891552886,124.72554604159815,90.0,128.79615891552885
8.219999999999914,0.0,-50.0,180.0,40.52689647501644,90.0,102.91379779086434,130.52689647501643,90.0,102.91379779086434
8.219999999999914,0.0,50.0,180.0,40.52689647501644,90.0,102.91379779086434,49.47310352498356,90.0,257.08620220913565
8.219999999999914,-0.0,50.0,192.7484797949696,34.72554604159815,90.0,113.79615891552886,55.27445395840185,90.0,246.20384108447115
8.239999999999913,-0.0,-50.0,193.6909421185698,34.265448000446604,90.0,114.66295509977093,124.26544800044661,90.0,129.66295509977093
8.239999999999913,0.0,-50.0,180.0,40.52689647501644,90.0,102.91379779086434,130.52689647501643,90.0,102.91379779086434
8.239999999999913,0.0,50.0,180.0,40.52689647501644,90.0,102.91379779086434,49.47310352498356,90.0,257.08620220913565
8.239999999999913,-0.0,50.0,193.6909421185698,34.265448000446604,90.0,114.66295509977093,55.734551999553396,90.0,245.33704490022907
8.259999999999913,-0.0,-50.0,194.5793725484245,33.82694708452976,90.0,115.48951493464625,123.82694708452976,90.0,130.48951493464625
8.259999999999913,0.0,-50.0,180.0,40.52689647501644,90.0,102.91379779086434,130.52689647501643,90.0,102.91379779086434
8.259999999999913,0.0,50.0,180.0,40.52689647501644,90.0,102.91379779086434,49.47310352498356,90.0,257.08620220913565
8.259999999999913,-0.0,50.0,194.5793725484245,33.82694708452976,90.0,115.48951493464625,56.17305291547024,90.0,244.51048506535375
8.279999999999912,-0.0,-50.0,195.41026485551228,33.41247536589066,90.0,116.2711760478609,123.41247536589066,90.0,131.2711760478609
8.279999999999912,0.0,-50.0,180.0,40.52689647501644,90.0,102.91379779086434,130.52689647501643,90.0,102.91379779086434
8.279999999999912,0.0,50.0,180.0,40.52689647501644,90.0,102.91379779086434,49.47310352498356,90.0,257.08620220913565
8.279999999999912,-0.0,50.0,195.41026485551228,33.41247536589066,90.0,116.2711760478609,56.58752463410934,90.0,243.7288239521391
8.299999999999912,-0.0,-50.0,196.1803398874957,33.02442302792707,90.00000000000001,117.00335305825321,123.02442302792707,89.99999999999999,132.0033530582532
8.299999999999912,0.0,-50.0,180.0,40.52689647501644,90.0,102.91379779086434,130.52689647501643,90.0,102.91379779086434
8.299999999999912,0.0,50.0,180.0,40.52689647501644,90.0,102.91379779086434,49.47310352498356,90.0,257.08620220913565
8.299999999999912,-0.0,50.0,196.1803398874957,33.02442302792707,90.00000000000001,117.00335305825321,56.97557697207293,90.00000000000001,242.9966469417468
8.319999999999911,-0.0,-50.0,196.88655851003733,32.66511382968245,90.0,117.68158532761109,122.66511382968244,90.0,132.6815853276111
8.319999999999911,0.0,-50.0,180.0,40.52689647501644,90.0,102.91379779086434,130.52689647501643,90.0,102.91379779086434
8.319999999999911,0.0,50.0,180.0,40.52689647501644,90.0,102.91379779086434,49.47310352498356,90.0,257.08620220913565
8.319999999999911,-0.0,50.0,196.88655851003733,32.66511382968245,90.0,117.68158532761109,57.33488617031755,90.0,242.3184146723889
8.339999999999911,-0.0,-50.0,197.52613360087457,32.33677820526606,90.0,118.30158922721452,122.33677820526606,90.0,133.30158922721452
8.339999999999911,0.0,-50.0,180.0,40.52689647501644,90.0,102.91379779086434,130.52689647501643,90.0,102.91379779086434
8.339999999999911,0.0,50.0,180.0,40.52689647501644,90.0,102.91379779086434,49.47310352498356,90.0,257.08620220913565
8.339999999999911,-0.0,50.0,197.52613360087457,32.33677820526606,90.0,118.30158922721452,57.66322179473394,90.0,241.69841077278548
8.35999999999991,-0.0,-50.0,198.096541049318,32.0415244741947,90.00000000000001,118.85931399794572,122.0415244741947,89.99999999999999,133.85931399794572
8.35999999999991,0.0,-50.0,180.0,40.52689647501644,90.0,102.91379779086434,130.52689647501643,90.0,102.91379779086434
8.35999999999991,0.0,50.0,180.0,40.52689647501644,90.0,102.91379779086434,49.47310352498356,90.0,257.08620220913565
8.35999999999991,-0.0,50.0,198.096541049318,32.0415244741947,90.00000000000001,118.85931399794572,57.9584755258053,90.00000000000001,241.14068600205428
8.37999999999991,-0.0,-50.0,198.59552971776296,31.78130883242249,90.00000000000001,119.35099991085515,121.7813088324225,89.99999999999999,134.35099991085514
8.37999999999991,0.0,-50.0,180.0,40.52689647501644,90.0,102.91379779086434,130.52689647501643,90.0,102.91379779086434
8.37999999999991,0.0,50.0,180.0,40.52689647501644,90.0,102.91379779086434,49.47310352498356,90.0,257.08620220913565
8.37999999999991,-0.0,50.0,198.59552971776296,31.78130883242249,90.00000000000001,119.35099991085515,58.21869116757751,90.00000000000001,240.64900008914486
8.39999999999991,-0.0,-50.0,199.0211303259013,31.55790498144783,90.0,119.7732370753652,121.55790498144783,90.0,134.77323707536522
8.39999999999991,0.0,-50.0,180.0,40.52689647501644,90.0,102.91379779086434,130.52689647501643,90.0,102.91379779086434
8.39999999999991,0.0,50.0,180.0,40.52689647501644,90.0,102.91379779086434,49.47310352498356,90.0,257.08620220913565
8.39999999999991,-0.0,50.0,199.0211303259013,31.55790498144783,90.0,119.7732370753652,58.442095018552166,90.0,240.22676292463478
8.41999999999991,-0.0,-50.0,199.37166322257121,31.372874414577094,90.0,120.12302293243869,121.3728744145771,90.0,135.1230229324387
8.41999999999991,0.0,-50.0,180.0,40.52689647501644,90.0,102.91379779086434,130.52689647501643,90.0,102.91379779086434
8.41999999999991,0.0,50.0,180.0,40.52689647501644,90.0,102.91379779086434,49.47310352498356,90.0,257.08620220913565
8.41999999999991,-0.0,50.0,199.37166322257121,31.372874414577094,90.0,120.12302293243869,58.6271255854229,90.0,239.8769770675613
8.439999999999909,-0.0,-50.0,199.6457450145727,31.227538493871876,90.0,120.39781625095885,121.22753849387188,90.0,135.39781625095884
8.439999999999909,0.0,-50.0,180.0,40.52689647501644,90.0,102.91379779086434,130.52689647501643,90.0,102.91379779086434
8.439999999999909,0.0,50.0,180.0,40.52689647501644,90.0,102.91379779086434,49.47310352498356,90.0,257.08620220913565
8.439999999999909,-0.0,50.0,199.6457450145727,31.227538493871876,90.0,120.39781625095885,58.772461506128124,90.0,239.60218374904116
8.459999999999908,-0.0,-50.0,199.84229402628884,31.122953498332254,90.0,120.59558535600537,121.12295349833225,90.0,135.59558535600536
8.459999999999908,0.0,-50.0,180.0,40.52689647501644,90.0,102.91379779086434,130.52689647501643,90.0,102.91379779086434
8.459999999999908,0.0,50.0,180.0,40.52689647501644,90.0,102.91379779086434,49.47310352498356,90.0,257.08620220913565
8.459999999999908,-0.0,50.0,199.84229402628884,31.122953498332254,90.0,120.59558535600537,58.87704650166775,90.0,239.40441464399464
8.479999999999908,-0.0,-50.0,199.96053456856507,31.059889787850786,90.00000000000001,120.71484838764461,121.05988978785078,89.99999999999999,135.71484838764462
8.479999999999908,0.0,-50.0,180.0,40.52689647501644,90.0,102.91379779086434,130.52689647501643,90.0,102.91379779086434
8.479999999999908,0.0,50.0,180.0,40.52689647501644,90.0,102.91379779086434,49.47310352498356,90.0,257.08620220913565
8.479999999999908,-0.0,50.0,199.96053456856507,31.059889787850786,90.00000000000001,120.71484838764461,58.940110212149214,90.00000000000001,239.28515161235538
8.499999999999908,-0.0,-50.0,200.0,31.038816100725942,90.00000000000001,120.75470363303134,121.03881610072594,89.99999999999999,135.75470363303134
8.499999999999908,0.0,-50.0,180.0,40.52689647501644,90.0,102.91379779086434,130.52689647501643,90.0,102.91379779086434
8.499999999999908,0.0,50.0,180.0,40.52689647501644,90.0,102.91379779086434,49.47310352498356,90.0,257.08620220913565
8.499999999999908,-0.0,50.0,200.0,31.038816100725942,90.00000000000001,120.75470363303134,58.96118389927406,90.00000000000001,239.24529636696866
8.519999999999907,0.0,-50.0,199.9605345685658,31.05988978785039,90.00000000000001,120.71484838764535,121.0598897878504,89.99999999999999,135.71484838764536
8.519999999999907,0.0,-50.0,180.0,40.52689647501644,90.0,102.91379779086434,130.52689647501643,90.0,102.91379779086434
8.519999999999907,0.0,50.0,180.0,40.52689647501644,90.0,102.91379779086434,49.47310352498356,90.0,257.08620220913565
8.519999999999907,0.0,50.0,199.9605345685658,31.05988978785039,90.00000000000001,120.71484838764535,58.940110212149605,90.00000000000001,239.28515161235464
8.539999999999907,0.0,-50.0,199.8422940262903,31.12295349833149,90.00000000000001,120.59558535600682,121.1229534983315,89.99999999999999,135.59558535600684
8.539999999999907,0.0,-50.0,180.0,40.52689647501644,90.0,102.91379779086434,130.52689647501643,90.0,102.91379779086434
8.539999999999907,0.0,50.0,180.0,40.52689647501644,90.0,102.91379779086434,49.47310352498356,90.0,257.08620220913565
8.539999999999907,0.0,50.0,199.8422940262903,31.12295349833149,90.00000000000001,120.59558535600682,58.87704650166851,90.00000000000001,239.40441464399316
8.559999999999906,0.0,-50.0,199.64574501457489,31.227538493870725,90.0,120.39781625096104,121.22753849387072,90.0,135.39781625096106
8.559999999999906,0.0,-50.0,180.0,40.52689647501644,90.0,102.91379779086434,130.52689647501643,90.0,102.91379779086434
8.559999999999906,0.0,50.0,180.0,40.52689647501644,90.0,102.91379779086434,49.47310352498356,90.0,257.08620220913565
8.559999999999906,0.0,50.0,199.64574501457489,31.227538493870725,90.0,120.39781625096104,58.772461506129275,90.0,239.60218374903894
8.579999999999906,0.0,-50.0,199.37166322257409,31.372874414575573,90.0,120.12302293244156,121.37287441457558,90.0,135.12302293244156
8.579999999999906,0.0,-50.0,180.0,40.52689647501644,90.0,102.91379779086434,130.52689647501643,90.0,102.91379779086434
8.579999999999906,0.0,50.0,180.0,40.52689647501644,90.0,102.91379779086434,49.47310352498356,90.0,257.08620220913565
8.579999999999906,0.0,50.0,199.37166322257409,31.372874414575573,90.0,120.12302293244156,58.62712558542442,90.0,239.87697706755844
8.599999999999905,0.0,-50.0,199.0211303259049,31.557904981445947,90.0,119.77323707536877,121.55790498144594,90.0,134.77323707536877
8.599999999999905,0.0,-50.0,180.0,40.52689647501644,90.0,102.91379779086434,130.52689647501643,90.0,102.91379779086434
8.599999999999905,0.0,50.0,180.0,40.52689647501644,90.0,102.91379779086434,49.47310352498356,90.0,257.08620220913565
8.599999999999905,0.0,50.0,199.0211303259049,31.557904981445947,90.0,119.77323707536877,58.442095018554056,90.0,240.22676292463123
8.619999999999905,0.0,-50.0,198.59552971776722,31.78130883242025,90.0,119.35099991085937,121.78130883242025,90.0,134.35099991085937
8.619999999999905,0.0,-50.0,180.0,40.52689647501644,90.0,102.91379779086434,130.52689647501643,90.0,102.91379779086434
8.619999999999905,0.0,50.0,180.0,40.52689647501644,90.0,102.91379779086434,49.47310352498356,90.0,257.08620220913565
8.619999999999905,0.0,50.0,198.59552971776722,31.78130883242025,90.0,119.35099991085937,58.21869116757975,90.0,240.64900008914063
8.639999999999905,0.0,-50.0,198.09654104932295,32.041524474192144,90.0,118.85931399795058,122.04152447419214,90.0,133.85931399795058
8.639999999999905,0.0,-50.0,180.0,40.52689647501644,90.0,102.91379779086434,130.52689647501643,90.0,102.91379779086434
8.639999999999905,0.0,50.0,180.0,40.52689647501644,90.0,102.91379779086434,49.47310352498356,90.0,257.08620220913565
8.639999999999905,0.0,50.0,198.09654104932295,32.041524474192144,90.0,118.85931399795058,57.958475525807856,90.0,241.14068600204942
8.659999999999904,0.0,-50.0,197.52613360088017,32.33677820526318,90.0,118.30158922721996,122.33677820526319,90.0,133.30158922721995
8.659999999999904,0.0,-50.0,180.0,40.52689647501644,90.0,102.91379779086434,130.52689647501643,90.0,102.91379779086434
8.659999999999904,0.0,50.0,180.0,40.52689647501644,90.0,102.91379779086434,49.47310352498356,90.0,257.08620220913565
8.659999999999904,0.0,50.0,197.52613360088017,32.33677820526318,90.0,118.30158922721996,57.66322179473682,90.0,241.69841077278005
8.679999999999904,0.0,-50.0,196.88655851004353,32.66511382967928,90.0,117.68158532761707,122.66511382967929,90.0,132.68158532761709
8.679999999999904,0.0,-50.0,180.0,40.52689647501644,90.0,102.91379779086434,130.52689647501643,90.0,102.91379779086434
8.679999999999904,0.0,50.0,180.0,40.52689647501644,90.0,102.91379779086434,49.47310352498356,90.0,257.08620220913565
8.679999999999904,0.0,50.0,196.88655851004353,32.66511382967928,90.0,117.68158532761707,57.33488617032072,90.0,242.31841467238291
8.699999999999903,0.0,-50.0,196.18033988750253,33.024423027923625,90.0,117.00335305825972,123.02442302792363,90.0,132.00335305825973
8.699999999999903,0.0,-50.0,180.0,40.52689647501644,90.0,102.91379779086434,130.52689647501643,90.0,102.91379779086434
8.699999999999903,0.0,50.0,180.0,40.52689647501644,90.0,102.91379779086434,49.47310352498356,90.0,257.08620220913565
8.699999999999903,0.0,50.0,196.18033988750253,33.024423027923625,90.0,117.00335305825972,56.975576972076375,90.0,242.99664694174027
8.719999999999903,0.0,-50.0,195.41026485551967,33.41247536588695,90.0,116.2711760478679,123.41247536588695,90.0,131.2711760478679
8.719999999999903,0.0,-50.0,180.0,40.52689647501644,90.0,102.91379779086434,130.52689647501643,90.0,102.91379779086434
8.719999999999903,0.0,50.0,180.0,40.52689647501644,90.0,102.91379779086434,49.47310352498356,90.0,257.08620220913565
8.719999999999903,0.0,50.0,195.41026485551967,33.41247536588695,90.0,116.2711760478679,56.58752463411305,90.0,243.7288239521321
8.739999999999903,0.0,-50.0,194.57937254843242,33.82694708452582,90.0,115.48951493465368,123.82694708452581,90.0,130.4895149346537
8.739999999999903,0.0,-50.0,180.0,40.52689647501644,90.0,102.91379779086434,130.52689647501643,90.0,102.91379779086434
8.739999999999903,0.0,50.0,180.0,40.52689647501644,90.0,102.91379779086434,49.47310352498356,90.0,257.08620220913565
8.739999999999903,0.0,50.0,194.57937254843242,33.82694708452582,90.0,115.48951493465368,56.17305291547418,90.0,244.5104850653463
8.759999999999902,0.0,-50.0,193.69094211857825,34.265448000442476,90.0,114.6629550997787,124.26544800044248,90.0,129.66295509977869
8.759999999999902,0.0,-50.0,180.0,40.52689647501644,90.0,102.91379779086434,130.52689647501643,90.0,102.91379779086434
8.759999999999902,0.0,50.0,180.0,40.52689647501644,90.0,102.91379779086434,49.47310352498356,90.0,257.08620220913565
8.759999999999902,0.0,50.0,193.69094211857825,34.265448000442476,90.0,114.6629550997787,55.734551999557524,90.0,245.33704490022131
8.779999999999902,0.0,-50.0,192.74847979497855,34.7255460415938,90.0,113.79615891553706,124.7255460415938,90.0,128.79615891553706
8.779999999999902,0.0,-50.0,180.0,40.52689647501644,90.0,102.91379779086434,130.52689647501643,90.0,102.91379779086434
8.779999999999902,0.0,50.0,180.0,40.52689647501644,90.0,102.91379779086434,49.47310352498356,90.0,257.08620220913565
8.779999999999902,0.0,50.0,192.74847979497855,34.7255460415938,90.0,113.79615891553706,55.2744539584062,90.0,246.20384108446294
8.799999999999901,0.0,-50.0,191.75570504585448,35.204789126748594,90.0,112.8938230757992,125.2047891267486,90.0,127.8938230757992
8.799999999999901,0.0,-50.0,180.0,40.52689647501644,90.0,102.91379779086434,130.52689647501643,90.0,102.91379779086434
8.799999999999901,0.0,50.0,180.0,40.52689647501644,90.0,102.91379779086434,49.47310352498356,90.0,257.08620220913565
8.799999999999901,0.0,50.0,191.75570504585448,35.204789126748594,90.0,112.8938230757992,54.795210873251406,90.0,247.10617692420078
8.8199999999999,0.0,-50.0,190.7165358995852,35.700724260836154,90.0,111.96064126272229,125.70072426083615,90.0,126.96064126272229
8.8199999999999,0.0,-50.0,180.0,40.52689647501644,90.0,102.91379779086434,130.52689647501643,90.0,102.91379779086434
8.8199999999999,0.0,50.0,180.0,40.52689647501644,90.0,102.91379779086434,49.47310352498356,90.0,257.08620220913565
8.8199999999999,0.0,50.0,190.7165358995852,35.700724260836154,90.0,111.96064126272229,54.299275739163846,90.0,248.03935873727772
8.8399999999999,0.0,-50.0,189.6350734820398,36.21091385430104,90.0,111.00127214311816,126.21091385430104,90.0,126.00127214311816
8.8399999999999,0.0,-50.0,180.0,40.52689647501644,90.0,102.91379779086434,130.52689647501643,90.0,102.91379779086434
8.8399999999999,0.0,50.0,180.0,40.52689647501644,90.0,102.91379779086434,49.47310352498356,90.0,257.08620220913565
8.8399999999999,0.0,50.0,189.6350734820398,36.21091385430104,90.0,111.00127214311816,53.78908614569896,90.0,248.99872785688183
8.8599999999999,0.0,-50.0,188.51558583130713,36.73294938041679,90.0,110.02031248513977,126.73294938041678,90.0,125.02031248513977
8.8599999999999,0.0,-50.0,180.0,40.52689647501644,90.0,102.91379779086434,130.52689647501643,90.0,102.91379779086434
8.8599999999999,0.0,50.0,180.0,40.52689647501644,90.0,102.91379779086434,49.47310352498356,90.0,257.08620220913565
8.8599999999999,0.0,50.0,188.51558583130713,36.73294938041679,90.0,110.02031248513977,53.26705061958321,90.0,249.97968751486025
8.8799999999999,0.0,-50.0,187.36249105369944,37.264462560830765,90.0,109.0222750399356,127.26446256083076,90.0,124.0222750399356
8.8799999999999,0.0,-50.0,180.0,40.52689647501644,90.0,102.91379779086434,130.52689647501643,90.0,102.91379779086434
8.8799999999999,0.0,50.0,180.0,40.52689647501644,90.0,102.91379779086434,49.47310352498356,90.0,257.08620220913565
8.8799999999999,0.0,50.0,187.36249105369944,37.264462560830765,90.0,109.0222750399356,52.735537439169235,90.0,250.9777249600644
8.899999999999899,0.0,-50.0,186.18033988750497,37.803134319203174,90.0,108.01157073827153,127.80313431920317,90.0,123.01157073827153
8.899999999999899,0.0,-50.0,180.0,40.52689647501644,90.0,102.91379779086434,130.52689647501643,90.0,102.91379779086434
8.899999999999899,0.0,50.0,180.0,40.52689647501644,90.0,102.91379779086434,49.47310352498356,90.0,257.08620220913565
8.899999999999899,0.0,50.0,186.18033988750497,37.803134319203174,90.0,108.01157073827153,52.196865680796826,90.0,251.98842926172847
8.919999999999899,0.0,-50.0,184.97379774330327,38.34670176970897,90.0,106.99249470105758,128.34670176970897,90.0,121.99249470105758
8.919999999999899,0.0,-50.0,180.0,40.52689647501644,90.0,102.91379779086434,130.52689647501643,90.0,102.91379779086434
8.919999999999899,0.0,50.0,180.0,40.52689647501644,90.0,102.91379779086434,49.47310352498356,90.0,257.08620220913565
8.919999999999899,0.0,50.0,184.97379774330327,38.34670176970897,90.0,106.99249470105758,51.65329823029103,90.0,253.00750529894242
8.939999999999898,0.0,-50.0,183.74762629172076,38.892963515919696,90.0,105.96921554653193,128.8929635159197,90.0,120.96921554653193
8.939999999999898,0.0,-50.0,180.0,40.52689647501644,90.0,102.91379779086434,130.52689647501643,90.0,102.91379779086434
8.939999999999898,0.0,50.0,180.0,40.52689647501644,90.0,102.91379779086434,49.47310352498356,90.0,257.08620220913565
8.939999999999898,0.0,50.0,183.74762629172076,38.892963515919696,90.0,105.96921554653193,51.107036484080304,90.0,254.03078445346807
8.959999999999898,0.0,-50.0,182.50666467129244,39.43978353062876,90.0,104.94576748695842,129.43978353062874,90.0,119.94576748695842
8.959999999999898,0.0,-50.0,180.0,40.52689647501644,90.0,102.91379779086434,130.52689647501643,90.0,102.91379779086434
8.959999999999898,0.0,50.0,180.0,40.52689647501644,90.0,102.91379779086434,49.47310352498356,90.0,257.08620220913565
8.959999999999898,0.0,50.0,182.50666467129244,39.43978353062876,90.0,104.94576748695842,50.56021646937124,90.0,255.0542325130416
8.979999999999897,0.0,-50.0,181.2558103905927,39.98509387255979,90.0,103.92604473630301,129.9850938725598,90.0,118.92604473630301
8.979999999999897,0.0,-50.0,180.0,40.52689647501644,90.0,102.91379779086434,130.52689647501643,90.0,102.91379779086434
8.979999999999897,0.0,50.0,180.0,40.52689647501644,90.0,102.91379779086434,49.47310352498356,90.0,257.08620220913565
8.979999999999897,0.0,50.0,181.2558103905927,39.98509387255979,90.0,103.92604473630301,50.01490612744021,90.0,256.073955263697
8.999999999999897,0.0,-50.0,180.00000000000648,40.526896475013665,90.0,102.91379779086952,130.52689647501367,90.0,117.91379779086952
8.999999999999897,0.0,-50.0,180.0,40.52689647501644,90.0,102.91379779086434,130.52689647501643,90.0,102.91379779086434
8.999999999999897,0.0,50.0,180.0,40.52689647501644,90.0,102.91379779086434,49.47310352498356,90.0,257.08620220913565
8.999999999999897,0.0,50.0,180.00000000000648,40.526896475013665,90.0,102.91379779086952,49.473103524986335,90.0,257.0862022091305
9.019999999999897,0.0,-50.0,180.0,40.52689647501644,90.0,102.91379779086434,130.52689647501643,90.0,117.91379779086434
9.019999999999897,-0.0,-50.0,181.25581039057977,39.98509387256539,90.0,103.92604473629254,129.9850938725654,90.0,103.92604473629254
9.019999999999897,-0.0,50.0,181.25581039057977,39.98509387256539,90.0,103.92604473629254,50.01490612743461,90.0,256.0739552637075
9.019999999999897,0.0,50.0,180.0,40.52689647501644,90.0,102.91379779086434,49.47310352498356,90.0,257.08620220913565
9.039999999999896,0.0,-50.0,180.0,40.52689647501644,90.0,102.91379779086434,130.52689647501643,90.0,117.91379779086434
9.039999999999896,-0.0,-50.0,182.50666467127962,39.43978353063438,90.00000000000001,104.94576748694791,129.43978353063437,89.99999999999999,104.94576748694791
9.039999999999896,-0.0,50.0,182.50666467127962,39.43978353063438,90.00000000000001,104.94576748694791,50.56021646936562,90.00000000000001,255.05423251305209
9.039999999999896,0.0,50.0,180.0,40.52689647501644,90.0,102.91379779086434,49.47310352498356,90.0,257.08620220913565
9.059999999999896,0.0,-50.0,180.0,40.52689647501644,90.0,102.91379779086434,130.52689647501643,90.0,117.91379779086434
9.059999999999896,-0.0,-50.0,183.74762629170806,38.892963515925324,90.0,105.96921554652138,128.89296351592532,90.0,105.96921554652138
9.059999999999896,-0.0,50.0,183.74762629170806,38.892963515925324,90.0,105.96921554652138,51.107036484074676,90.0,254.03078445347862
9.059999999999896,0.0,50.0,180.0,40.52689647501644,90.0,102.91379779086434,49.47310352498356,90.0,257.08620220913565
9.079999999999895,0.0,-50.0,180.0,40.52689647501644,90.0,102.91379779086434,130.52689647501643,90.0,117.91379779086434
9.079999999999895,-0.0,-50.0,184.97379774329073,38.3467017697146,90.00000000000001,106.99249470104705,128.3467017697146,89.99999999999999,106.99249470104705
9.079999999999895,-0.0,50.0,184.97379774329073,38.3467017697146,90.00000000000001,106.99249470104705,51.6532982302854,90.00000000000001,253.00750529895294
9.079999999999895,0.0,50.0,180.0,40.52689647501644,90.0,102.91379779086434,49.47310352498356,90.0,257.08620220913565
9.099999999999895,0.0,-50.0,180.0,40.52689647501644,90.0,102.91379779086434,130.52689647501643,90.0,117.91379779086434
9.099999999999895,-0.0,-50.0,186.18033988749266,37.80313431920875,90.0,108.01157073826107,127.80313431920875,90.0,108.01157073826107
9.099999999999895,-0.0,50.0,186.18033988749266,37.80313431920875,90.0,108.01157073826107,52.19686568079125,90.0,251.98842926173893
9.099999999999895,0.0,50.0,180.0,40.52689647501644,90.0,102.91379779086434,49.47310352498356,90.0,257.08620220913565
9.119999999999894,0.0,-50.0,180.0,40.52689647501644,90.0,102.91379779086434,130.52689647501643,90.0,117.91379779086434
9.119999999999894,-0.0,-50.0,187.3624910536874,37.26446256083628,90.0,109.02227503992523,127.26446256083628,90.0,109.02227503992523
9.119999999999894,-0.0,50.0,187.3624910536874,37.26446256083628,90.0,109.02227503992523,52.73553743916372,90.0,250.97772496007477
9.119999999999894,0.0,50.0,180.0,40.52689647501644,90.0,102.91379779086434,49.47310352498356,90.0,257.08620220913565
9.139999999999894,0.0,-50.0,180.0,40.52689647501644,90.0,102.91379779086434,130.52689647501643,90.0,117.91379779086434
9.139999999999894,-0.0,-50.0,188.51558583129543,36.73294938042222,90.0,110.02031248512957,126.73294938042221,90.0,110.02031248512957
9.139999999999894,-0.0,50.0,188.51558583129543,36.73294938042222,90.0,110.02031248512957,53.26705061957778,90.0,249.97968751487042
9.139999999999894,0.0,50.0,180.0,40.52689647501644,90.0,102.91379779086434,49.47310352498356,90.0,257.08620220913565
9.159999999999894,0.0,-50.0,180.0,40.52689647501644,90.0,102.91379779086434,130.52689647501643,90.0,117.91379779086434
9.159999999999894,-0.0,-50.0,189.63507348202845,36.21091385430637,90.0,111.00127214310817,126.21091385430637,90.0,111.00127214310817
9.159999999999894,-0.0,50.0,189.63507348202845,36.21091385430637,90.0,111.00127214310817,53.78908614569363,90.0,248.99872785689183
9.159999999999894,0.0,50.0,180.0,40.52689647501644,90.0,102.91379779086434,49.47310352498356,90.0,257.08620220913565
9.179999999999893,0.0,-50.0,180.0,40.52689647501644,90.0,102.91379779086434,130.52689647501643,90.0,117.91379779086434
9.179999999999893,-0.0,-50.0,190.71653589957427,35.70072426084134,90.0,111.96064126271253,125.70072426084134,90.0,111.96064126271253
9.179999999999893,-0.0,50.0,190.71653589957427,35.70072426084134,90.0,111.96064126271253,54.29927573915866,90.0,248.03935873728747
9.179999999999893,0.0,50.0,180.0,40.52689647501644,90.0,102.91379779086434,49.47310352498356,90.0,257.08620220913565
9.199999999999893,0.0,-50.0,180.0,40.52689647501644,90.0,102.91379779086434,130.52689647501643,90.0,117.91379779086434
9.199999999999893,-0.0,-50.0,191.75570504584402,35.20478912675361,90.0,112.89382307578974,125.20478912675361,90.0,112.89382307578974
9.199999999999893,-0.0,50.0,191.75570504584402,35.20478912675361,90.0,112.89382307578974,54.79521087324639,90.0,247.10617692421027
9.199999999999893,0.0,50.0,180.0,40.52689647501644,90.0,102.91379779086434,49.47310352498356,90.0,257.08620220913565
9.219999999999892,0.0,-50.0,180.0,40.52689647501644,90.0,102.91379779086434,130.52689647501643,90.0,117.91379779086434
9.219999999999892,-0.0,-50.0,192.74847979496857,34.72554604159865,90.00000000000001,113.79615891552794,124.72554604159865,89.99999999999999,113.79615891552794
9.219999999999892,-0.0,50.0,192.74847979496857,34.72554604159865,90.00000000000001,113.79615891552794,55.27445395840135,90.00000000000001,246.20384108447206
9.219999999999892,0.0,50.0,180.0,40.52689647501644,90.0,102.91379779086434,49.47310352498356,90.0,257.08620220913565
9.239999999999892,0.0,-50.0,180.0,40.52689647501644,90.0,102.91379779086434,130.52689647501643,90.0,117.91379779086434
9.239999999999892,-0.0,-50.0,193.6909421185688,34.2654480004471,90.0,114.66295509976997,124.2654480004471,90.0,114.66295509976997
9.239999999999892,-0.0,50.0,193.6909421185688,34.2654480004471,90.0,114.66295509976997,55.7345519995529,90.0,245.33704490023
9.239999999999892,0.0,50.0,180.0,40.52689647501644,90.0,102.91379779086434,49.47310352498356,90.0,257.08620220913565
9.259999999999891,0.0,-50.0,180.0,40.52689647501644,90.0,102.91379779086434,130.52689647501643,90.0,117.91379779086434
9.259999999999891,-0.0,-50.0,194.57937254842355,33.82694708453023,90.0,115.48951493464536,123.82694708453023,90.0,115.48951493464536
9.259999999999891,-0.0,50.0,194.57937254842355,33.82694708453023,90.0,115.48951493464536,56.17305291546977,90.0,244.51048506535466
9.259999999999891,0.0,50.0,180.0,40.52689647501644,90.0,102.91379779086434,49.47310352498356,90.0,257.08620220913565
9.279999999999891,0.0,-50.0,180.0,40.52689647501644,90.0,102.91379779086434,130.52689647501643,90.0,117.91379779086434
9.279999999999891,-0.0,-50.0,195.41026485551143,33.4124753658911,90.00000000000001,116.27117604786008,123.4124753658911,89.99999999999999,116.27117604786008
9.279999999999891,-0.0,50.0,195.41026485551143,33.4124753658911,90.00000000000001,116.27117604786008,56.5875246341089,90.00000000000001,243.72882395213992
9.279999999999891,0.0,50.0,180.0,40.52689647501644,90.0,102.91379779086434,49.47310352498356,90.0,257.08620220913565
9.29999999999989,0.0,-50.0,180.0,40.52689647501644,90.0,102.91379779086434,130.52689647501643,90.0,117.91379779086434
9.29999999999989,-0.0,-50.0,196.1803398874949,33.02442302792748,90.0,117.00335305825244,123.02442302792748,90.0,117.00335305825244
9.29999999999989,-0.0,50.0,196.1803398874949,33.02442302792748,90.0,117.00335305825244,56.97557697207252,90.0,242.99664694174754
9.29999999999989,0.0,50.0,180.0,40.52689647501644,90.0,102.91379779086434,49.47310352498356,90.0,257.08620220913565
9.31999999999989,0.0,-50.0,180.0,40.52689647501644,90.0,102.91379779086434,130.52689647501643,90.0,117.91379779086434
9.31999999999989,-0.0,-50.0,196.8865585100366,32.66511382968282,90.0,117.68158532761038,122.66511382968281,90.0,117.68158532761038
9.31999999999989,-0.0,50.0,196.8865585100366,32.66511382968282,90.0,117.68158532761038,57.33488617031718,90.0,242.31841467238962
9.31999999999989,0.0,50.0,180.0,40.52689647501644,90.0,102.91379779086434,49.47310352498356,90.0,257.08620220913565
9.33999999999989,0.0,-50.0,180.0,40.52689647501644,90.0,102.91379779086434,130.52689647501643,90.0,117.91379779086434
9.33999999999989,-0.0,-50.0,197.52613360087395,32.336778205266384,90.00000000000001,118.30158922721391,122.33677820526638,89.99999999999999,118.30158922721391
9.33999999999989,-0.0,50.0,197.52613360087395,32.336778205266384,90.00000000000001,118.30158922721391,57.663221794733616,90.00000000000001,241.69841077278608
9.33999999999989,0.0,50.0,180.0,40.52689647501644,90.0,102.91379779086434,49.47310352498356,90.0,257.08620220913565
9.35999999999989,0.0,-50.0,180.0,40.52689647501644,90.0,102.91379779086434,130.52689647501643,90.0,117.91379779086434
9.35999999999989,-0.0,-50.0,198.09654104931744,32.041524474195,90.00000000000001,118.85931399794518,122.041524474195,89.99999999999999,118.85931399794518
9.35999999999989,-0.0,50.0,198.09654104931744,32.041524474195,90.00000000000001,118.85931399794518,57.958475525805,90.00000000000001,241.14068600205482
9.35999999999989,0.0,50.0,180.0,40.52689647501644,90.0,102.91379779086434,49.47310352498356,90.0,257.08620220913565
9.379999999999889,0.0,-50.0,180.0,40.52689647501644,90.0,102.91379779086434,130.52689647501643,90.0,117.91379779086434
9.379999999999889,-0.0,-50.0,198.59552971776245,31.781308832422756,90.0,119.35099991085464,121.78130883242275,90.0,119.35099991085464
9.379999999999889,-0.0,50.0,198.59552971776245,31.781308832422756,90.0,119.35099991085464,58.21869116757725,90.0,240.64900008914537
9.379999999999889,0.0,50.0,180.0,40.52689647501644,90.0,102.91379779086434,49.47310352498356,90.0,257.08620220913565
9.399999999999888,0.0,-50.0,180.0,40.52689647501644,90.0,102.91379779086434,130.52689647501643,90.0,117.91379779086434
9.399999999999888,-0.0,-50.0,199.0211303259009,31.557904981448043,90.00000000000001,119.77323707536483,121.55790498144805,89.99999999999999,119.77323707536483
9.399999999999888,-0.0,50.0,199.0211303259009,31.557904981448043,90.00000000000001,119.77323707536483,58.44209501855195,90.00000000000001,240.22676292463518
9.399999999999888,0.0,50.0,180.0,40.52689647501644,90.0,102.91379779086434,49.47310352498356,90.0,257.08620220913565
9.419999999999888,0.0,-50.0,180.0,40.52689647501644,90.0,102.91379779086434,130.52689647501643,90.0,117.91379779086434
9.419999999999888,-0.0,-50.0,199.37166322257087,31.37287441457728,90.0,120.12302293243833,121.37287441457728,90.0,120.12302293243833
9.419999999999888,-0.0,50.0,199.37166322257087,31.37287441457728,90.0,120.12302293243833,58.62712558542272,90.0,239.87697706756165
9.419999999999888,0.0,50.0,180.0,40.52689647501644,90.0,102.91379779086434,49.47310352498356,90.0,257.08620220913565
9.439999999999888,0.0,-50.0,180.0,40.52689647501644,90.0,102.91379779086434,130.52689647501643,90.0,117.91379779086434
9.439999999999888,-0.0,-50.0,199.64574501457244,31.22753849387202,90.0,120.3978162509586,121.22753849387202,90.0,120.3978162509586
9.439999999999888,-0.0,50.0,199.64574501457244,31.22753849387202,90.0,120.3978162509586,58.77246150612798,90.0,239.6021837490414
9.439999999999888,0.0,50.0,180.0,40.52689647501644,90.0,102.91379779086434,49.47310352498356,90.0,257.08620220913565
9.459999999999887,0.0,-50.0,180.0,40.52689647501644,90.0,102.91379779086434,130.52689647501643,90.0,117.91379779086434
9.459999999999887,-0.0,-50.0,199.84229402628867,31.12295349833235,90.0,120.59558535600519,121.12295349833235,90.0,120.59558535600519
9.459999999999887,-0.0,50.0,199.84229402628867,31.12295349833235,90.0,120.59558535600519,58.87704650166765,90.0,239.4044146439948
9.459999999999887,0.0,50.0,180.0,40.52689647501644,90.0,102.91379779086434,49.47310352498356,90.0,257.08620220913565
9.479999999999887,0.0,-50.0,180.0,40.52689647501644,90.0,102.91379779086434,130.52689647501643,90.0,117.91379779086434
9.479999999999887,-0.0,-50.0,199.96053456856498,31.059889787850846,90.0,120.71484838764451,121.05988978785085,90.0,120.71484838764451
9.479999999999887,-0.0,50.0,199.96053456856498,31.059889787850846,90.0,120.71484838764451,58.94011021214915,90.0,239.2851516123555
9.479999999999887,0.0,50.0,180.0,40.52689647501644,90.0,102.91379779086434,49.47310352498356,90.0,257.08620220913565
9.499999999999886,0.0,-50.0,180.0,40.52689647501644,90.0,102.91379779086434,130.52689647501643,90.0,117.91379779086434
9.499999999999886,-0.0,-50.0,200.0,31.038816100725942,90.00000000000001,120.75470363303134,121.03881610072594,89.99999999999999,120.75470363303134
9.499999999999886,-0.0,50.0,200.0,31.038816100725942,90.00000000000001,120.75470363303134,58.96118389927406,90.00000000000001,239.24529636696866
9.499999999999886,0.0,50.0,180.0,40.52689647501644,90.0,102.91379779086434,49.47310352498356,90.0,257.08620220913565
9.519999999999886,0.0,-50.0,180.0,40.52689647501644,90.0,102.91379779086434,130.52689647501643,90.0,117.91379779086434
9.519999999999886,0.0,-50.0,199.9605345685659,31.059889787850356,90.0,120.71484838764543,121.05988978785035,90.0,120.71484838764543
9.519999999999886,0.0,50.0,199.9605345685659,31.059889787850356,90.0,120.71484838764543,58.94011021214965,90.0,239.28515161235458
9.519999999999886,0.0,50.0,180.0,40.52689647501644,90.0,102.91379779086434,49.47310352498356,90.0,257.08620220913565
9.539999999999885,0.0,-50.0,180.0,40.52689647501644,90.0,102.91379779086434,130.52689647501643,90.0,117.91379779086434
9.539999999999885,0.0,-50.0,199.84229402629046,31.122953498331388,90.0,120.59558535600699,121.12295349833138,90.0,120.59558535600699
9.539999999999885,0.0,50.0,199.84229402629046,31.122953498331388,90.0,120.59558535600699,58.877046501668616,90.0,239.404414643993
9.539999999999885,0.0,50.0,180.0,40.52689647501644,90.0,102.91379779086434,49.47310352498356,90.0,257.08620220913565
9.559999999999885,0.0,-50.0,180.0,40.52689647501644,90.0,102.91379779086434,130.52689647501643,90.0,117.91379779086434
9.559999999999885,0.0,-50.0,199.64574501457514,31.227538493870586,90.0,120.3978162509613,121.22753849387058,90.0,120.3978162509613
9.559999999999885,0.0,50.0,199.64574501457514,31.227538493870586,90.0,120.3978162509613,58.77246150612942,90.0,239.60218374903872
9.559999999999885,0.0,50.0,180.0,40.52689647501644,90.0,102.91379779086434,49.47310352498356,90.0,257.08620220913565
9.579999999999885,0.0,-50.0,180.0,40.52689647501644,90.0,102.91379779086434,130.52689647501643,90.0,117.91379779086434
9.579999999999885,0.0,-50.0,199.37166322257443,31.372874414575396,90.0,120.1230229324419,121.37287441457539,90.0,120.1230229324419
9.579999999999885,0.0,50.0,199.37166322257443,31.372874414575396,90.0,120.1230229324419,58.62712558542461,90.0,239.8769770675581
9.579999999999885,0.0,50.0,180.0,40.52689647501644,90.0,102.91379779086434,49.47310352498356,90.0,257.08620220913565
9.599999999999884,0.0,-50.0,180.0,40.52689647501644,90.0,102.91379779086434,130.52689647501643,90.0,117.91379779086434
9.599999999999884,0.0,-50.0,199.02113032590532,31.557904981445727,90.0,119.77323707536921,121.55790498144573,90.0,119.77323707536921
9.599999999999884,0.0,50.0,199.02113032590532,31.557904981445727,90.0,119.77323707536921,58.44209501855427,90.0,240.2267629246308
9.599999999999884,0.0,50.0,180.0,40.52689647501644,90.0,102.91379779086434,49.47310352498356,90.0,257.08620220913565
9.619999999999884,0.0,-50.0,180.0,40.52689647501644,90.0,102.91379779086434,130.52689647501643,90.0,117.91379779086434
9.619999999999884,0.0,-50.0,198.5955297177677,31.781308832420002,90.0,119.35099991085983,121.78130883242,90.0,119.35099991085983
9.619999999999884,0.0,50.0,198.5955297177677,31.781308832420002,90.0,119.35099991085983,58.21869116758,90.0,240.64900008914017
9.619999999999884,0.0,50.0,180.0,40.52689647501644,90.0,102.91379779086434,49.47310352498356,90.0,257.08620220913565
9.639999999999883,0.0,-50.0,180.0,40.52689647501644,90.0,102.91379779086434,130.52689647501643,90.0,117.91379779086434
9.639999999999883,0.0,-50.0,198.09654104932352,32.04152447419184,90.0,118.85931399795113,122.04152447419185,90.0,118.85931399795113
9.639999999999883,0.0,50.0,198.09654104932352,32.04152447419184,90.0,118.85931399795113,57.95847552580816,90.0,241.14068600204888
9.639999999999883,0.0,50.0,180.0,40.52689647501644,90.0,102.91379779086434,49.47310352498356,90.0,257.08620220913565
9.659999999999883,0.0,-50.0,180.0,40.52689647501644,90.0,102.91379779086434,130.52689647501643,90.0,117.91379779086434
9.659999999999883,0.0,-50.0,197.52613360088083,32.336778205262824,90.0,118.30158922722063,122.33677820526282,90.0,118.30158922722063
9.659999999999883,0.0,50.0,197.52613360088083,32.336778205262824,90.0,118.30158922722063,57.663221794737176,90.0,241.69841077277937
9.659999999999883,0.0,50.0,180.0,40.52689647501644,90.0,102.91379779086434,49.47310352498356,90.0,257.08620220913565
9.679999999999882,0.0,-50.0,180.0,40.52689647501644,90.0,102.91379779086434,130.52689647501643,90.0,117.91379779086434
9.679999999999882,0.0,-50.0,196.88655851004427,32.665113829678894,90.0,117.68158532761778,122.66511382967889,90.0,117.68158532761778
9.679999999999882,0.0,50.0,196.88655851004427,32.665113829678894,90.0,117.68158532761778,57.334886170321106,90.0,242.31841467238223
9.679999999999882,0.0,50.0,180.0,40.52689647501644,90.0,102.91379779086434,49.47310352498356,90.0,257.08620220913565
9.699999999999882,0.0,-50.0,180.0,40.52689647501644,90.0,102.91379779086434,130.52689647501643,90.0,117.91379779086434
9.699999999999882,0.0,-50.0,196.1803398875033,33.024423027923234,90.0,117.00335305826046,123.02442302792323,90.0,117.00335305826046
9.699999999999882,0.0,50.0,196.1803398875033,33.024423027923234,90.0,117.00335305826046,56.975576972076766,90.0,242.99664694173953
9.699999999999882,0.0,50.0,180.0,40.52689647501644,90.0,102.91379779086434,49.47310352498356,90.0,257.08620220913565
9.719999999999882,0.0,-50.0,180.0,40.52689647501644,90.0,102.91379779086434,130.52689647501643,90.0,117.91379779086434
9.719999999999882,0.0,-50.0,195.41026485552052,33.41247536588652,90.0,116.2711760478687,123.41247536588652,90.0,116.2711760478687
9.719999999999882,0.0,50.0,195.41026485552052,33.41247536588652,90.0,116.2711760478687,56.58752463411348,90.0,243.72882395213128
9.719999999999882,0.0,50.0,180.0,40.52689647501644,90.0,102.91379779086434,49.47310352498356,90.0,257.08620220913565
9.739999999999881,0.0,-50.0,180.0,40.52689647501644,90.0,102.91379779086434,130.52689647501643,90.0,117.91379779086434
9.739999999999881,0.0,-50.0,194.57937254843335,33.826947084525365,90.00000000000001,115.48951493465455,123.82694708452536,89.99999999999999,115.48951493465455
9.739999999999881,0.0,50.0,194.57937254843335,33.826947084525365,90.00000000000001,115.48951493465455,56.173052915474635,90.00000000000001,244.51048506534545
9.739999999999881,0.0,50.0,180.0,40.52689647501644,90.0,102.91379779086434,49.47310352498356,90.0,257.08620220913565
9.75999999999988,0.0,-50.0,180.0,40.52689647501644,90.0,102.91379779086434,130.52689647501643,90.0,117.91379779086434
9.75999999999988,0.0,-50.0,193.69094211857924,34.26544800044198,90.0,114.66295509977962,124.26544800044198,90.0,114.66295509977962
9.75999999999988,0.0,50.0,193.69094211857924,34.26544800044198,90.0,114.66295509977962,55.73455199955802,90.0,245.33704490022038
9.75999999999988,0.0,50.0,180.0,40.52689647501644,90.0,102.91379779086434,49.47310352498356,90.0,257.08620220913565
9.77999999999988,0.0,-50.0,180.0,40.52689647501644,90.0,102.91379779086434,130.52689647501643,90.0,117.91379779086434
9.77999999999988,0.0,-50.0,192.74847979497957,34.72554604159331,90.0,113.79615891553799,124.7255460415933,90.0,113.79615891553799
9.77999999999988,0.0,50.0,192.74847979497957,34.72554604159331,90.0,113.79615891553799,55.27445395840669,90.0,246.203841084462
9.77999999999988,0.0,50.0,180.0,40.52689647501644,90.0,102.91379779086434,49.47310352498356,90.0,257.08620220913565
9.79999999999988,0.0,-50.0,180.0,40.52689647501644,90.0,102.91379779086434,130.52689647501643,90.0,117.91379779086434
9.79999999999988,0.0,-50.0,191.75570504585556,35.204789126748075,90.0,112.89382307580017,125.20478912674807,90.0,112.89382307580017
9.79999999999988,0.0,50.0,191.75570504585556,35.204789126748075,90.0,112.89382307580017,54.795210873251925,90.0,247.10617692419981
9.79999999999988,0.0,50.0,180.0,40.52689647501644,90.0,102.91379779086434,49.47310352498356,90.0,257.08620220913565
9.81999999999988,0.0,-50.0,180.0,40.52689647501644,90.0,102.91379779086434,130.52689647501643,90.0,117.91379779086434
9.81999999999988,0.0,-50.0,190.71653589958632,35.70072426083563,90.0,111.96064126272327,125.70072426083563,90.0,111.96064126272327
9.81999999999988,0.0,50.0,190.71653589958632,35.70072426083563,90.0,111.96064126272327,54.29927573916437,90.0,248.03935873727673
9.81999999999988,0.0,50.0,180.0,40.52689647501644,90.0,102.91379779086434,49.47310352498356,90.0,257.08620220913565
9.839999999999879,0.0,-50.0,180.0,40.52689647501644,90.0,102.91379779086434,130.52689647501643,90.0,117.91379779086434
9.839999999999879,0.0,-50.0,189.63507348204098,36.21091385430049,90.0,111.00127214311922,126.21091385430049,90.0,111.00127214311922
9.839999999999879,0.0,50.0,189.63507348204098,36.21091385430049,90.0,111.00127214311922,53.78908614569951,90.0,248.99872785688078
9.839999999999879,0.0,50.0,180.0,40.52689647501644,90.0,102.91379779086434,49.47310352498356,90.0,257.08620220913565
9.859999999999879,0.0,-50.0,180.0,40.52689647501644,90.0,102.91379779086434,130.52689647501643,90.0,117.91379779086434
9.859999999999879,0.0,-50.0,188.51558583130836,36.73294938041623,90.00000000000001,110.02031248514082,126.73294938041623,89.99999999999999,110.02031248514082
9.859999999999879,0.0,50.0,188.51558583130836,36.73294938041623,90.00000000000001,110.02031248514082,53.26705061958377,90.00000000000001,249.97968751485917
9.859999999999879,0.0,50.0,180.0,40.52689647501644,90.0,102.91379779086434,49.47310352498356,90.0,257.08620220913565
9.879999999999878,0.0,-50.0,180.0,40.52689647501644,90.0,102.91379779086434,130.52689647501643,90.0,117.91379779086434
9.879999999999878,0.0,-50.0,187.36249105370067,37.2644625608302,90.0,109.02227503993664,127.2644625608302,90.0,109.02227503993664
9.879999999999878,0.0,50.0,187.36249105370067,37.2644625608302,90.0,109.02227503993664,52.7355374391698,90.0,250.97772496006337
9.879999999999878,0.0,50.0,180.0,40.52689647501644,90.0,102.91379779086434,49.47310352498356,90.0,257.08620220913565
9.899999999999878,0.0,-50.0,180.0,40.52689647501644,90.0,102.91379779086434,130.52689647501643,90.0,117.91379779086434
9.899999999999878,0.0,-50.0,186.18033988750625,37.8031343192026,90.0,108.01157073827261,127.8031343192026,90.0,108.01157073827261
9.899999999999878,0.0,50.0,186.18033988750625,37.8031343192026,90.0,108.01157073827261,52.1968656807974,90.0,251.9884292617274
9.899999999999878,0.0,50.0,180.0,40.52689647501644,90.0,102.91379779086434,49.47310352498356,90.0,257.08620220913565
9.919999999999877,0.0,-50.0,180.0,40.52689647501644,90.0,102.91379779086434,130.52689647501643,90.0,117.91379779086434
9.919999999999877,0.0,-50.0,184.97379774330457,38.346701769708396,90.0,106.99249470105867,128.3467017697084,90.0,106.99249470105867
9.919999999999877,0.0,50.0,184.97379774330457,38.346701769708396,90.0,106.99249470105867,51.653298230291604,90.0,253.00750529894134
9.919999999999877,0.0,50.0,180.0,40.52689647501644,90.0,102.91379779086434,49.47310352498356,90.0,257.08620220913565
9.939999999999877,0.0,-50.0,180.0,40.52689647501644,90.0,102.91379779086434,130.52689647501643,90.0,117.91379779086434
9.939999999999877,0.0,-50.0,183.7476262917221,38.892963515919114,90.0,105.96921554653302,128.89296351591912,90.0,105.96921554653302
9.939999999999877,0.0,50.0,183.7476262917221,38.892963515919114,90.0,105.96921554653302,51.107036484080886,90.0,254.030784453467
9.939999999999877,0.0,50.0,180.0,40.52689647501644,90.0,102.91379779086434,49.47310352498356,90.0,257.08620220913565
9.959999999999877,0.0,-50.0,180.0,40.52689647501644,90.0,102.91379779086434,130.52689647501643,90.0,117.91379779086434
9.959999999999877,0.0,-50.0,182.50666467129378,39.43978353062818,90.00000000000001,104.94576748695951,129.43978353062818,89.99999999999999,104.94576748695951
9.959999999999877,0.0,50.0,182.50666467129378,39.43978353062818,90.00000000000001,104.94576748695951,50.56021646937182,90.00000000000001,255.0542325130405
9.959999999999877,0.0,50.0,180.0,40.52689647501644,90.0,102.91379779086434,49.47310352498356,90.0,257.08620220913565
9.979999999999876,0.0,-50.0,180.0,40.52689647501644,90.0,102.91379779086434,130.52689647501643,90.0,117.91379779086434
9.979999999999876,0.0,-50.0,181.25581039059404,39.985093872559204,90.00000000000001,103.9260447363041,129.98509387255922,89.99999999999999,103.9260447363041
9.979999999999876,0.0,50.0,181.25581039059404,39.985093872559204,90.00000000000001,103.9260447363041,50.014906127440796,90.00000000000001,256.0739552636959
9.979999999999876,0.0,50.0,180.0,40.52689647501644,90.0,102.91379779086434,49.47310352498356,90.0,257.08620220913565
