time (s),target_x (mm),target_y (mm),target_z (mm),joint_hip (deg),joint_shoulder (deg),joint_knee (deg),servo_hip (deg),servo_shoulder (deg),servo_knee (deg)
0.0,0.0,-50.0,229.0,5.583150537107256,90.0,169.30025916731785,95.58315053710726,90.0,184.30025916731785
0.0,0.0,-40.0,239.0,5.232182951909889,90.0,169.53563409618022,95.23218295190989,90.0,169.53563409618022
0.0,0.0,40.0,239.0,5.232182951909889,90.0,169.53563409618022,84.76781704809011,90.0,190.46436590381978
0.0,0.0,40.0,239.0,5.232182951909889,90.0,169.53563409618022,84.76781704809011,90.0,190.46436590381978
0.02,0.0,-49.993977856,228.9704914944,5.66862873676962,89.99849306160222,169.1364866027442,95.66862873676962,90.00150693839778,184.1364866027442
0.02,0.0,-40.0,238.9644693504,5.32438886457046,90.0,169.3512222708591,95.32438886457047,90.0,169.3512222708591
0.02,0.0,40.0,238.9644693504,5.32438886457046,90.0,169.3512222708591,84.67561113542953,90.0,190.6487777291409
0.02,0.0,40.0,238.9644693504,5.32438886457046,90.0,169.3512222708591,84.67561113542953,90.0,190.6487777291409
0.04,0.0,-49.954747391999994,228.77826222080003,6.19679867843265,89.98866658293203,168.12457816150604,96.19679867843266,90.01133341706797,183.12457816150604
0.04,0.0,-40.0,238.7330096128,5.88992700409701,90.0,168.220145991806,95.889927004097,90.0,168.220145991806
0.04,0.0,40.0,238.7330096128,5.88992700409701,90.0,168.220145991806,84.110072995903,90.0,191.779854008194
0.04,0.0,40.0,238.7330096128,5.88992700409701,90.0,168.220145991806,84.110072995903,90.0,191.779854008194
0.06,0.0,-49.856811007999994,228.2983739392,7.352361827279987,89.96406156009255,165.91094355064325,97.35236182727999,90.03593843990745,180.91094355064325
0.06,0.0,-40.0,238.15518494719998,7.108648021815505,90.0,165.782703956369,97.1086480218155,90.0,165.782703956369
0.06,0.0,40.0,238.15518494719998,7.108648021815505,90.0,165.782703956369,82.8913519781845,90.0,194.217296043631
0.06,0.0,40.0,238.15518494719998,7.108648021815505,90.0,165.782703956369,82.8913519781845,90.0,194.217296043631
0.08,0.0,-49.682412544,227.44382146560002,9.054280643066427,89.91998374556754,162.65152515645426,99.05428064306642,90.08001625443246,177.65152515645426
0.08,0.0,-40.0,237.12623400959998,8.875483453355386,90.0,162.24903309328923,98.87548345335539,90.0,162.24903309328923
0.08,0.0,40.0,237.12623400959998,8.875483453355386,90.0,162.24903309328923,81.12451654664461,90.0,197.75096690671077
0.08,0.0,40.0,237.12623400959998,8.875483453355386,90.0,162.24903309328923,81.12451654664461,90.0,197.75096690671077
0.1,0.0,-49.42080000000001,226.16192,11.134097972110146,89.85322443830457,158.67003411982452,101.13409797211014,90.14677556169543,173.67003411982452
0.1,0.0,-40.0,235.58272,11.00975980375667,90.0,157.98048039248667,101.00975980375667,90.0,157.98048039248667
0.1,0.0,40.0,235.58272,11.00975980375667,90.0,157.98048039248667,78.99024019624333,90.0,202.01951960751333
0.1,0.0,40.0,235.58272,11.00975980375667,90.0,157.98048039248667,78.99024019624333,90.0,202.01951960751333
0.12000000000000001,0.0,-49.067488256000004,224.4306924544,13.448766227621844,89.76182655490128,154.2416117458359,103.44876622762185,90.23817344509872,169.2416117458359
0.12000000000000001,0.0,-40.0,233.4981807104,13.367026708967732,90.0,153.26594658206454,103.36702670896773,90.0,153.26594658206454
0.12000000000000001,0.0,40.0,233.4981807104,13.367026708967732,90.0,153.26594658206454,76.63297329103227,90.0,206.73405341793546
0.12000000000000001,0.0,40.0,233.4981807104,13.367026708967732,90.0,153.26594658206454,76.63297329103227,90.0,206.73405341793546
0.14,0.0,-48.623521792000005,222.25525678079998,15.896340906713492,89.6449109916823,149.56264430129593,105.89634090671349,90.3550890083177,164.56264430129593
0.14,0.0,-40.0,230.87877857279997,15.846875432127112,90.0,148.3062491357458,105.8468754321271,90.0,148.3062491357458
0.14,0.0,40.0,230.87877857279997,15.846875432127112,90.0,148.3062491357458,74.1531245678729,90.0,211.6937508642542
0.14,0.0,40.0,230.87877857279997,15.846875432127112,90.0,148.3062491357458,74.1531245678729,90.0,211.6937508642542
0.16,0.0,-48.094737408,219.6642132992,18.404289112148415,89.50256471661059,144.77307026598314,108.40428911214842,90.49743528338941,159.77307026598314
0.16,0.0,-40.0,227.7589507072,18.378275182979383,90.0,143.24344963404124,108.37827518297938,90.0,143.24344963404124
0.16,0.0,40.0,227.7589507072,18.378275182979383,90.0,143.24344963404124,71.62172481702062,90.0,216.75655036595876
0.16,0.0,40.0,227.7589507072,18.378275182979383,90.0,143.24344963404124,71.62172481702062,90.0,216.75655036595876
0.18,0.0,-47.491026944000005,216.70603202560002,20.91843233066533,89.33578391705684,139.9774802941262,110.91843233066533,90.66421608294316,154.9774802941262
0.18,0.0,-40.0,224.1970589696,20.908038985127124,90.00000000000001,138.18392202974576,110.90803898512712,89.99999999999999,138.18392202974576
0.18,0.0,40.0,224.1970589696,20.908038985127124,90.00000000000001,138.18392202974576,69.09196101487288,90.00000000000001,221.81607797025424
0.18,0.0,40.0,224.1970589696,20.908038985127124,90.00000000000001,138.18392202974576,69.09196101487288,90.00000000000001,221.81607797025424
0.19999999999999998,0.0,-46.8256,213.44544000000002,23.39601351462787,89.14646030891537,135.2583201728248,113.39601351462787,90.85353969108463,150.2583201728248
0.19999999999999998,0.0,-40.0,220.27104,23.39403028653548,90.0,133.21193942692906,113.39403028653548,90.0,133.21193942692906
0.19999999999999998,0.0,40.0,220.27104,23.39403028653548,90.0,133.21193942692906,66.60596971346452,90.0,226.78806057307094
0.19999999999999998,0.0,40.0,220.27104,23.39403028653548,90.0,133.21193942692906,66.60596971346452,90.0,226.78806057307094
0.21999999999999997,0.0,-46.114246656,209.9598086144,25.801669684559403,88.93739457894738,130.6835333817627,115.8016696845594,91.06260542105262,145.6835333817627
0.21999999999999997,0.0,-40.0,216.0740552704,25.80134376488677,90.0,128.39731247022647,115.80134376488677,90.0,128.39731247022647
0.21999999999999997,0.0,40.0,216.0740552704,25.80134376488677,90.0,128.39731247022647,64.19865623511323,90.0,231.60268752977353
0.21999999999999997,0.0,40.0,216.0740552704,25.80134376488677,90.0,128.39731247022647,64.19865623511323,90.0,231.60268752977353
0.23999999999999996,0.0,-45.374600192,206.33554094080003,28.105113810038205,88.71231688601607,126.31093904983548,118.1051138100382,91.28768311398393,141.3109390498355
0.23999999999999996,0.0,-40.0,211.71014113280006,28.100155456326263,90.00000000000001,123.79968908734747,118.10015545632626,89.99999999999999,123.79968908734747
0.23999999999999996,0.0,40.0,211.71014113280006,28.100155456326263,90.00000000000001,123.79968908734747,61.89984454367374,90.00000000000001,236.20031091265253
0.23999999999999996,0.0,40.0,211.71014113280006,28.100155456326263,90.00000000000001,123.79968908734747,61.89984454367374,90.00000000000001,236.20031091265253
0.25999999999999995,0.0,-44.625399808,202.66445905920003,30.27981979606719,88.475890182087,122.19070466883278,120.27981979606719,91.524109817913,137.19070466883278
0.25999999999999995,0.0,-40.0,207.28985886720002,30.264527375240863,90.0,119.47094524951828,120.26452737524086,90.0,119.47094524951828
0.25999999999999995,0.0,40.0,207.28985886720002,30.264527375240863,90.0,119.47094524951828,59.73547262475914,90.0,240.52905475048172
0.25999999999999995,0.0,40.0,207.28985886720002,30.264527375240863,90.0,119.47094524951828,59.73547262475914,90.0,240.52905475048172
0.27999999999999997,0.0,-43.885753344,199.0401913856,32.30233431306493,88.23366842644202,118.36664340879969,122.30233431306493,91.76633157355798,133.3666434087997
0.27999999999999997,0.0,-40.0,202.92594472960002,32.27179572768316,90.0,115.45640854463367,122.27179572768316,90.0,115.45640854463367
0.27999999999999997,0.0,40.0,202.92594472960002,32.27179572768316,90.0,115.45640854463367,57.72820427231684,90.0,244.5435914553663
0.27999999999999997,0.0,40.0,202.92594472960002,32.27179572768316,90.0,115.45640854463367,57.72820427231684,90.0,244.5435914553663
0.3,0.0,-43.174400000000006,195.55456,34.152021046229635,87.991979940438,114.87671938701837,124.15202104622963,92.008020059562,129.87671938701837
0.3,0.0,-40.0,198.72896000000003,34.10235059794001,90.0,111.79529880411998,124.10235059794002,90.0,111.79529880411998
0.3,0.0,40.0,198.72896000000003,34.10235059794001,90.0,111.79529880411998,55.89764940205999,90.0,248.20470119588003
0.3,0.0,40.0,198.72896000000003,34.10235059794001,90.0,111.79529880411998,55.89764940205999,90.0,248.20470119588003
0.32,0.0,-42.508973055999995,192.2939679744,35.811139438143584,87.75770819165774,111.75295952528245,125.81113943814358,92.24229180834226,126.75295952528245
0.32,0.0,-40.0,194.80294103039995,35.73970763330283,90.0,108.52058473339434,125.73970763330283,90.0,108.52058473339434
0.32,0.0,40.0,194.80294103039995,35.73970763330283,90.0,108.52058473339434,54.26029236669717,90.0,251.47941526660566
0.32,0.0,40.0,194.80294103039995,35.73970763330283,90.0,108.52058473339434,54.26029236669717,90.0,251.47941526660566
0.34,0.0,-41.90526259200001,189.3357867008,37.26521092547825,87.53795034956471,109.02087034466989,127.26521092547824,92.46204965043529,124.02087034466989
0.34,0.0,-40.0,191.24104929280008,37.17082226076259,90.0,105.65835547847482,127.17082226076259,90.0,105.65835547847482
0.34,0.0,40.0,191.24104929280008,37.17082226076259,90.0,105.65835547847482,52.82917773923741,90.0,254.34164452152518
0.34,0.0,40.0,191.24104929280008,37.17082226076259,90.0,105.65835547847482,52.82917773923741,90.0,254.34164452152518
0.36000000000000004,0.0,-41.376478207999995,186.7447432192,38.5036520414269,87.33954939132376,106.69840108874894,128.5036520414269,92.66045060867624,121.69840108874894
0.36000000000000004,0.0,-40.0,188.12122142720006,38.386626173819636,90.0,103.22674765236073,128.38662617381965,90.0,103.22674765236073
0.36000000000000004,0.0,40.0,188.12122142720006,38.386626173819636,90.0,103.22674765236073,51.613373826180364,90.0,256.7732523476393
0.36000000000000004,0.0,40.0,188.12122142720006,38.386626173819636,90.0,103.22674765236073,51.613373826180364,90.0,256.7732523476393
0.38000000000000006,0.0,-40.932511744,184.5693075456,39.52066679046601,87.16851772761414,104.79445952426902,129.520666790466,92.83148227238586,119.79445952426902
0.38000000000000006,0.0,-40.0,185.50181928960006,39.38278515432877,90.0,101.23442969134246,129.38278515432876,90.0,101.23442969134246
0.38000000000000006,0.0,40.0,185.50181928960006,39.38278515432877,90.0,101.23442969134246,50.61721484567123,90.0,258.7655703086575
0.38000000000000006,0.0,40.0,185.50181928960006,39.38278515432877,90.0,101.23442969134246,50.61721484567123,90.0,258.7655703086575
0.4000000000000001,0.0,-40.57919999999999,182.83808,40.31639717785263,87.02939555292882,103.30696229637083,130.31639717785262,92.97060444707118,118.30696229637083
0.4000000000000001,0.0,-40.0,183.41727999999995,40.160692091344764,90.00000000000001,99.67861581731047,130.16069209134477,89.99999999999999,99.67861581731047
0.4000000000000001,0.0,40.0,183.41727999999995,40.160692091344764,90.00000000000001,99.67861581731047,49.839307908655236,90.00000000000001,260.32138418268954
0.4000000000000001,0.0,40.0,183.41727999999995,40.160692091344764,90.00000000000001,99.67861581731047,49.839307908655236,90.00000000000001,260.32138418268954
0.4200000000000001,0.0,-40.317587455999984,181.55617853439998,40.89833515771768,86.92460844856208,102.2203826504508,130.89833515771767,93.07539155143792,117.2203826504508
0.4200000000000001,0.0,-40.0,181.87376599039993,40.72872112100525,90.0,98.5425577579895,130.72872112100526,90.0,98.5425577579895
0.4200000000000001,0.0,40.0,181.87376599039993,40.72872112100525,90.0,98.5425577579895,49.27127887899475,90.0,261.45744224201053
0.4200000000000001,0.0,40.0,181.87376599039993,40.72872112100525,90.0,98.5425577579895,49.27127887899475,90.0,261.45744224201053
0.4400000000000001,0.0,-40.14318899199999,180.7016260608,41.28300325825564,86.85389744611005,101.50274590147502,131.28300325825563,93.14610255388995,116.50274590147502
0.4400000000000001,0.0,-40.0,180.84481505279996,41.10377639467121,90.00000000000001,97.79244721065758,131.1037763946712,89.99999999999999,97.79244721065758
0.4400000000000001,0.0,40.0,180.84481505279996,41.10377639467121,90.00000000000001,97.79244721065758,48.89622360532879,90.00000000000001,262.2075527893424
0.4400000000000001,0.0,40.0,180.84481505279996,41.10377639467121,90.00000000000001,97.79244721065758,48.89622360532879,90.00000000000001,262.2075527893424
0.46000000000000013,0.0,-40.04525260799999,180.22173777920005,41.4979110588813,86.81388334055102,101.1020283471679,131.4979110588813,93.18611665944898,116.1020283471679
0.46000000000000013,0.0,-40.0,180.2669903872,41.31316529767613,90.00000000000001,97.37366940464776,131.31316529767614,89.99999999999999,97.37366940464776
0.46000000000000013,0.0,40.0,180.2669903872,41.31316529767613,90.00000000000001,97.37366940464776,48.68683470232387,90.00000000000001,262.6263305953522
0.46000000000000013,0.0,40.0,180.2669903872,41.31316529767613,90.00000000000001,97.37366940464776,48.68683470232387,90.00000000000001,262.6263305953522
0.48000000000000015,0.0,-40.00602214399999,180.0295085056,41.583777376991044,86.79779273846033,100.94196533217098,131.58377737699104,93.20220726153967,115.94196533217098
0.48000000000000015,0.0,-40.0,180.03553064960005,41.39679642237198,90.0,97.20640715525606,131.39679642237198,90.0,97.20640715525606
0.48000000000000015,0.0,40.0,180.03553064960005,41.39679642237198,90.0,97.20640715525606,48.60320357762802,90.0,262.79359284474396
0.48000000000000015,0.0,40.0,180.03553064960005,41.39679642237198,90.0,97.20640715525606,48.60320357762802,90.0,262.79359284474396
0.5000000000000001,0.0,-40.0,180.0,41.59694742464398,86.79531956251773,100.9174173158139,131.596947424644,93.20468043748227,115.9174173158139
0.5000000000000001,0.0,-40.0,180.0,41.40962210927086,90.0,97.18075578145829,131.40962210927086,90.0,97.18075578145829
0.5000000000000001,0.0,40.0,180.0,41.40962210927086,90.0,97.18075578145829,48.59037789072914,90.0,262.8192442185417
0.5000000000000001,0.0,40.0,180.0,41.40962210927086,90.0,97.18075578145829,48.59037789072914,90.0,262.8192442185417
0.5200000000000001,0.0,-40.006022144,180.0295085056,41.583777376991044,86.79779273846034,100.94196533217098,131.58377737699104,93.20220726153966,115.94196533217098
0.5200000000000001,0.0,-40.0,180.0355306496,41.39679642237199,90.0,97.20640715525602,131.396796422372,90.0,97.20640715525602
0.5200000000000001,0.0,40.0,180.0355306496,41.39679642237199,90.0,97.20640715525602,48.60320357762801,90.0,262.793592844744
0.5200000000000001,0.0,40.0,180.0355306496,41.39679642237199,90.0,97.20640715525602,48.60320357762801,90.0,262.793592844744
0.5400000000000001,0.0,-40.045252608000006,180.22173777919997,41.497911058881336,86.81388334055102,101.10202834716782,131.49791105888133,93.18611665944898,116.10202834716782
0.5400000000000001,0.0,-40.0,180.2669903872,41.31316529767613,90.00000000000001,97.37366940464776,131.31316529767614,89.99999999999999,97.37366940464776
0.5400000000000001,0.0,40.0,180.2669903872,41.31316529767613,90.00000000000001,97.37366940464776,48.68683470232387,90.00000000000001,262.6263305953522
0.5400000000000001,0.0,40.0,180.2669903872,41.31316529767613,90.00000000000001,97.37366940464776,48.68683470232387,90.00000000000001,262.6263305953522
0.5600000000000002,0.0,-40.143188992000006,180.7016260608,41.28300325825563,86.85389744611008,101.50274590147504,131.28300325825563,93.14610255388992,116.50274590147504
0.5600000000000002,0.0,-40.0,180.84481505280002,41.1037763946712,90.0,97.79244721065761,131.1037763946712,90.0,97.79244721065761
0.5600000000000002,0.0,40.0,180.84481505280002,41.1037763946712,90.0,97.79244721065761,48.8962236053288,90.0,262.2075527893424
0.5600000000000002,0.0,40.0,180.84481505280002,41.1037763946712,90.0,97.79244721065761,48.8962236053288,90.0,262.2075527893424
0.5800000000000002,0.0,-40.317587456000005,181.5561785344,40.89833515771768,86.92460844856208,102.2203826504508,130.89833515771767,93.07539155143792,117.2203826504508
0.5800000000000002,0.0,-40.0,181.87376599040005,40.72872112100521,90.00000000000001,98.54255775798958,130.7287211210052,89.99999999999999,98.54255775798958
0.5800000000000002,0.0,40.0,181.87376599040005,40.72872112100521,90.00000000000001,98.54255775798958,49.27127887899479,90.00000000000001,261.4574422420104
0.5800000000000002,0.0,40.0,181.87376599040005,40.72872112100521,90.00000000000001,98.54255775798958,49.27127887899479,90.00000000000001,261.4574422420104
0.6000000000000002,0.0,-40.5792,182.83808,40.31639717785263,87.02939555292882,103.30696229637083,130.31639717785262,92.97060444707118,118.30696229637083
0.6000000000000002,0.0,-40.0,183.41728,40.16069209134475,90.0,99.67861581731053,130.16069209134474,90.0,99.67861581731053
0.6000000000000002,0.0,40.0,183.41728,40.16069209134475,90.0,99.67861581731053,49.83930790865525,90.0,260.3213841826895
0.6000000000000002,0.0,40.0,183.41728,40.16069209134475,90.0,99.67861581731053,49.83930790865525,90.0,260.3213841826895
0.6200000000000002,0.0,-40.932511744,184.56930754560003,39.520666790466,87.16851772761414,104.79445952426903,129.520666790466,92.83148227238586,119.79445952426903
0.6200000000000002,0.0,-40.0,185.50181928960004,39.382785154328786,90.0,101.23442969134243,129.3827851543288,90.0,101.23442969134243
0.6200000000000002,0.0,40.0,185.50181928960004,39.382785154328786,90.0,101.23442969134243,50.617214845671214,90.0,258.7655703086576
0.6200000000000002,0.0,40.0,185.50181928960004,39.382785154328786,90.0,101.23442969134243,50.617214845671214,90.0,258.7655703086576
0.6400000000000002,0.0,-41.37647820800001,186.74474321920005,38.50365204142689,87.33954939132377,106.698401088749,128.5036520414269,92.66045060867623,121.698401088749
0.6400000000000002,0.0,-40.0,188.12122142720006,38.386626173819636,90.0,103.22674765236073,128.38662617381965,90.0,103.22674765236073
0.6400000000000002,0.0,40.0,188.12122142720006,38.386626173819636,90.0,103.22674765236073,51.613373826180364,90.0,256.7732523476393
0.6400000000000002,0.0,40.0,188.12122142720006,38.386626173819636,90.0,103.22674765236073,51.613373826180364,90.0,256.7732523476393
0.6600000000000003,0.0,-41.90526259200001,189.33578670080004,37.26521092547825,87.53795034956471,109.0208703446699,127.26521092547824,92.46204965043529,124.0208703446699
0.6600000000000003,0.0,-40.0,191.24104929280006,37.1708222607626,90.0,105.6583554784748,127.1708222607626,90.0,105.6583554784748
0.6600000000000003,0.0,40.0,191.24104929280006,37.1708222607626,90.0,105.6583554784748,52.8291777392374,90.0,254.3416445215252
0.6600000000000003,0.0,40.0,191.24104929280006,37.1708222607626,90.0,105.6583554784748,52.8291777392374,90.0,254.3416445215252
0.6800000000000003,0.0,-42.50897305600001,192.29396797440003,35.81113943814357,87.75770819165776,111.7529595252825,125.81113943814357,92.24229180834224,126.7529595252825
0.6800000000000003,0.0,-40.0,194.80294103040004,35.739707633302785,90.00000000000001,108.52058473339441,125.73970763330279,89.99999999999999,108.52058473339441
0.6800000000000003,0.0,40.0,194.80294103040004,35.739707633302785,90.00000000000001,108.52058473339441,54.260292366697215,90.00000000000001,251.4794152666056
0.6800000000000003,0.0,40.0,194.80294103040004,35.739707633302785,90.00000000000001,108.52058473339441,54.260292366697215,90.00000000000001,251.4794152666056
0.7000000000000003,0.0,-43.174400000000006,195.55456000000004,34.15202104622963,87.99197994043799,114.8767193870184,124.15202104622963,92.00802005956201,129.8767193870184
0.7000000000000003,0.0,-40.0,198.72896000000006,34.10235059794,90.0,111.79529880412,124.10235059794,90.0,111.79529880412
0.7000000000000003,0.0,40.0,198.72896000000006,34.10235059794,90.0,111.79529880412,55.89764940206,90.0,248.20470119588
0.7000000000000003,0.0,40.0,198.72896000000006,34.10235059794,90.0,111.79529880412,55.89764940206,90.0,248.20470119588
0.7200000000000003,0.0,-43.885753344000015,199.04019138560005,32.3023343130649,88.23366842644202,118.36664340879975,122.3023343130649,91.76633157355798,133.36664340879975
0.7200000000000003,0.0,-40.0,202.92594472960008,32.27179572768313,90.0,115.45640854463375,122.27179572768313,90.0,115.45640854463375
0.7200000000000003,0.0,40.0,202.92594472960008,32.27179572768313,90.0,115.45640854463375,57.72820427231687,90.0,244.54359145536625
0.7200000000000003,0.0,40.0,202.92594472960008,32.27179572768313,90.0,115.45640854463375,57.72820427231687,90.0,244.54359145536625
0.7400000000000003,0.0,-44.62539980800002,202.66445905920006,30.279819796067173,88.475890182087,122.19070466883281,120.27981979606717,91.524109817913,137.1907046688328
0.7400000000000003,0.0,-40.0,207.28985886720008,30.264527375240842,90.0,119.47094524951832,120.26452737524085,90.0,119.47094524951832
0.7400000000000003,0.0,40.0,207.28985886720008,30.264527375240842,90.0,119.47094524951832,59.735472624759154,90.0,240.5290547504817
0.7400000000000003,0.0,40.0,207.28985886720008,30.264527375240842,90.0,119.47094524951832,59.735472624759154,90.0,240.5290547504817
0.7600000000000003,0.0,-45.37460019200002,206.3355409408001,28.10511381003817,88.71231688601607,126.31093904983555,118.10511381003818,91.28768311398393,141.31093904983555
0.7600000000000003,0.0,-40.0,211.71014113280006,28.100155456326263,90.00000000000001,123.79968908734747,118.10015545632626,89.99999999999999,123.79968908734747
0.7600000000000003,0.0,40.0,211.71014113280006,28.100155456326263,90.00000000000001,123.79968908734747,61.89984454367374,90.00000000000001,236.20031091265253
0.7600000000000003,0.0,40.0,211.71014113280006,28.100155456326263,90.00000000000001,123.79968908734747,61.89984454367374,90.00000000000001,236.20031091265253
0.7800000000000004,0.0,-46.11424665600002,209.95980861440006,25.801669684559343,88.93739457894738,130.68353338176277,115.80166968455934,91.06260542105262,145.68353338176277
0.7800000000000004,0.0,-40.0,216.07405527040004,25.801343764886756,90.0,128.3973124702265,115.80134376488675,90.0,128.3973124702265
0.7800000000000004,0.0,40.0,216.07405527040004,25.801343764886756,90.0,128.3973124702265,64.19865623511325,90.0,231.6026875297735
0.7800000000000004,0.0,40.0,216.07405527040004,25.801343764886756,90.0,128.3973124702265,64.19865623511325,90.0,231.6026875297735
0.8000000000000004,0.0,-46.82560000000001,213.44544000000002,23.39601351462787,89.14646030891537,135.2583201728248,113.39601351462787,90.85353969108463,150.2583201728248
0.8000000000000004,0.0,-40.0,220.27104000000006,23.39403028653545,90.0,133.2119394269291,113.39403028653545,90.0,133.2119394269291
0.8000000000000004,0.0,40.0,220.27104000000006,23.39403028653545,90.0,133.2119394269291,66.60596971346455,90.0,226.7880605730709
0.8000000000000004,0.0,40.0,220.27104000000006,23.39403028653545,90.0,133.2119394269291,66.60596971346455,90.0,226.7880605730709
0.8200000000000004,0.0,-47.49102694400001,216.70603202560002,20.91843233066533,89.33578391705686,139.9774802941262,110.91843233066533,90.66421608294314,154.9774802941262
0.8200000000000004,0.0,-40.0,224.19705896960005,20.90803898512709,90.0,138.18392202974584,110.90803898512709,90.0,138.18392202974584
0.8200000000000004,0.0,40.0,224.19705896960005,20.90803898512709,90.0,138.18392202974584,69.09196101487291,90.0,221.81607797025416
0.8200000000000004,0.0,40.0,224.19705896960005,20.90803898512709,90.0,138.18392202974584,69.09196101487291,90.0,221.81607797025416
0.8400000000000004,0.0,-48.094737408,219.66421329920007,18.40428911214835,89.50256471661059,144.77307026598325,108.40428911214835,90.49743528338941,159.77307026598325
0.8400000000000004,0.0,-40.0,227.75895070720003,18.378275182979365,90.0,143.24344963404127,108.37827518297937,90.0,143.24344963404127
0.8400000000000004,0.0,40.0,227.75895070720003,18.378275182979365,90.0,143.24344963404127,71.62172481702063,90.0,216.75655036595873
0.8400000000000004,0.0,40.0,227.75895070720003,18.378275182979365,90.0,143.24344963404127,71.62172481702063,90.0,216.75655036595873
0.8600000000000004,0.0,-48.623521792000005,222.25525678080004,15.896340906713439,89.64491099168231,149.56264430129605,105.89634090671343,90.35508900831769,164.56264430129605
0.8600000000000004,0.0,-40.0,230.8787785728001,15.84687543212701,90.0,148.306249135746,105.846875432127,90.0,148.306249135746
0.8600000000000004,0.0,40.0,230.8787785728001,15.84687543212701,90.0,148.306249135746,74.153124567873,90.0,211.693750864254
0.8600000000000004,0.0,40.0,230.8787785728001,15.84687543212701,90.0,148.306249135746,74.153124567873,90.0,211.693750864254
0.8800000000000004,0.0,-49.06748825600002,224.4306924544,13.448766227621844,89.76182655490129,154.2416117458359,103.44876622762185,90.23817344509871,169.2416117458359
0.8800000000000004,0.0,-40.0,233.4981807104,13.367026708967732,90.0,153.26594658206454,103.36702670896773,90.0,153.26594658206454
0.8800000000000004,0.0,40.0,233.4981807104,13.367026708967732,90.0,153.26594658206454,76.63297329103227,90.0,206.73405341793546
0.8800000000000004,0.0,40.0,233.4981807104,13.367026708967732,90.0,153.26594658206454,76.63297329103227,90.0,206.73405341793546
0.9000000000000005,0.0,-49.420800000000014,226.16192000000007,11.13409797211011,89.85322443830457,158.6700341198246,101.13409797211011,90.14677556169543,173.6700341198246
0.9000000000000005,0.0,-40.0,235.58272000000005,11.00975980375662,90.00000000000001,157.98048039248675,101.00975980375662,89.99999999999999,157.98048039248675
0.9000000000000005,0.0,40.0,235.58272000000005,11.00975980375662,90.00000000000001,157.98048039248675,78.99024019624338,90.00000000000001,202.01951960751325
0.9000000000000005,0.0,40.0,235.58272000000005,11.00975980375662,90.00000000000001,157.98048039248675,78.99024019624338,90.00000000000001,202.01951960751325
0.9200000000000005,0.0,-49.682412544,227.44382146560002,9.054280643066427,89.91998374556754,162.65152515645426,99.05428064306642,90.08001625443246,177.65152515645426
0.9200000000000005,0.0,-40.0,237.1262340095999,8.875483453355514,90.00000000000001,162.24903309328897,98.87548345335551,89.99999999999999,162.24903309328897
0.9200000000000005,0.0,40.0,237.1262340095999,8.875483453355514,90.00000000000001,162.24903309328897,81.12451654664449,90.00000000000001,197.75096690671103
0.9200000000000005,0.0,40.0,237.1262340095999,8.875483453355514,90.00000000000001,162.24903309328897,81.12451654664449,90.00000000000001,197.75096690671103
0.9400000000000005,0.0,-49.856811007999994,228.29837393920005,7.35236182727984,89.96406156009255,165.91094355064354,97.35236182727984,90.03593843990745,180.91094355064354
0.9400000000000005,0.0,-40.0,238.15518494719996,7.1086480218155685,90.0,165.78270395636886,97.10864802181557,90.0,165.78270395636886
0.9400000000000005,0.0,40.0,238.15518494719996,7.1086480218155685,90.0,165.78270395636886,82.89135197818443,90.0,194.21729604363114
0.9400000000000005,0.0,40.0,238.15518494719996,7.1086480218155685,90.0,165.78270395636886,82.89135197818443,90.0,194.21729604363114
0.9600000000000005,0.0,-49.95474739200001,228.7782622208001,6.196798678432542,89.98866658293203,168.12457816150624,96.19679867843254,90.01133341706797,183.12457816150624
0.9600000000000005,0.0,-40.0,238.73300961280006,5.88992700409687,90.0,168.22014599180628,95.88992700409688,90.0,168.22014599180628
0.9600000000000005,0.0,40.0,238.73300961280006,5.88992700409687,90.0,168.22014599180628,84.11007299590312,90.0,191.77985400819372
0.9600000000000005,0.0,40.0,238.73300961280006,5.88992700409687,90.0,168.22014599180628,84.11007299590312,90.0,191.77985400819372
0.9800000000000005,0.0,-49.993977856,228.97049149439985,5.668628736770005,89.99849306160222,169.13648660274347,95.66862873677,90.00150693839778,184.13648660274347
0.9800000000000005,0.0,-40.0,238.96446935039995,5.3243888645706114,90.0,169.35122227085878,95.32438886457061,90.0,169.35122227085878
0.9800000000000005,0.0,40.0,238.96446935039995,5.3243888645706114,90.0,169.35122227085878,84.67561113542939,90.0,190.64877772914122
0.9800000000000005,0.0,40.0,238.96446935039995,5.3243888645706114,90.0,169.35122227085878,84.67561113542939,90.0,190.64877772914122
1.0000000000000004,0.0,-50.0,229.0,5.583150537107256,90.0,169.30025916731785,95.58315053710726,90.0,184.30025916731785
1.0000000000000004,0.0,-40.0,239.0,5.232182951909889,90.0,169.53563409618022,95.23218295190989,90.0,169.53563409618022
1.0000000000000004,0.0,40.0,239.0,5.232182951909889,90.0,169.53563409618022,84.76781704809011,90.0,190.46436590381978
1.0000000000000004,0.0,40.0,239.0,5.232182951909889,90.0,169.53563409618022,84.76781704809011,90.0,190.46436590381978
1.0200000000000005,0.0,-49.993977856,228.9704914944,5.66862873676962,89.99849306160222,169.1364866027442,95.66862873676962,90.00150693839778,184.1364866027442
1.0200000000000005,0.0,-40.0,238.9644693504,5.32438886457046,90.0,169.3512222708591,95.32438886457047,90.0,169.3512222708591
1.0200000000000005,0.0,40.0,238.9644693504,5.32438886457046,90.0,169.3512222708591,84.67561113542953,90.0,190.6487777291409
1.0200000000000005,0.0,40.0,238.9644693504,5.32438886457046,90.0,169.3512222708591,84.67561113542953,90.0,190.6487777291409
1.0400000000000005,0.0,-49.954747391999994,228.77826222080003,6.19679867843265,89.98866658293203,168.12457816150604,96.19679867843266,90.01133341706797,183.12457816150604
1.0400000000000005,0.0,-40.0,238.73300961279998,5.889927004097073,90.0,168.22014599180585,95.88992700409707,90.0,168.22014599180585
1.0400000000000005,0.0,40.0,238.73300961279998,5.889927004097073,90.0,168.22014599180585,84.11007299590293,90.0,191.77985400819415
1.0400000000000005,0.0,40.0,238.73300961279998,5.889927004097073,90.0,168.22014599180585,84.11007299590293,90.0,191.77985400819415
1.0600000000000005,0.0,-49.856811007999994,228.29837393919996,7.3523618272800135,89.96406156009255,165.9109435506432,97.35236182728002,90.03593843990745,180.9109435506432
1.0600000000000005,0.0,-40.0,238.15518494719996,7.1086480218155685,90.0,165.78270395636886,97.10864802181557,90.0,165.78270395636886
1.0600000000000005,0.0,40.0,238.15518494719996,7.1086480218155685,90.0,165.78270395636886,82.89135197818443,90.0,194.21729604363114
1.0600000000000005,0.0,40.0,238.15518494719996,7.1086480218155685,90.0,165.78270395636886,82.89135197818443,90.0,194.21729604363114
1.0800000000000005,0.0,-49.682412544,227.44382146559997,9.054280643066509,89.91998374556755,162.65152515645408,99.0542806430665,90.08001625443245,177.65152515645408
1.0800000000000005,0.0,-40.0,237.12623400959995,8.875483453355411,90.0,162.24903309328917,98.87548345335541,90.0,162.24903309328917
1.0800000000000005,0.0,40.0,237.12623400959995,8.875483453355411,90.0,162.24903309328917,81.12451654664459,90.0,197.75096690671083
1.0800000000000005,0.0,40.0,237.12623400959995,8.875483453355411,90.0,162.24903309328917,81.12451654664459,90.0,197.75096690671083
1.1000000000000005,0.0,-49.42079999999999,226.16191999999995,11.134097972110256,89.85322443830455,158.67003411982432,101.13409797211025,90.14677556169545,173.67003411982432
1.1000000000000005,0.0,-40.0,235.58271999999994,11.009759803756745,90.0,157.98048039248653,101.00975980375675,90.0,157.98048039248653
1.1000000000000005,0.0,40.0,235.58271999999994,11.009759803756745,90.0,157.98048039248653,78.99024019624325,90.0,202.01951960751347
1.1000000000000005,0.0,40.0,235.58271999999994,11.009759803756745,90.0,157.98048039248653,78.99024019624325,90.0,202.01951960751347
1.1200000000000006,0.0,-49.06748825599999,224.43069245439995,13.448766227621924,89.76182655490128,154.24161174583574,103.44876622762192,90.23817344509872,169.24161174583574
1.1200000000000006,0.0,-40.0,233.49818071039994,13.367026708967783,90.0,153.26594658206443,103.36702670896778,90.0,153.26594658206443
1.1200000000000006,0.0,40.0,233.49818071039994,13.367026708967783,90.0,153.26594658206443,76.63297329103222,90.0,206.73405341793557
1.1200000000000006,0.0,40.0,233.49818071039994,13.367026708967783,90.0,153.26594658206443,76.63297329103222,90.0,206.73405341793557
1.1400000000000006,0.0,-48.623521791999984,222.25525678079993,15.89634090671356,89.6449109916823,149.56264430129582,105.89634090671356,90.3550890083177,164.56264430129582
1.1400000000000006,0.0,-40.0,230.87877857279992,15.846875432127163,90.00000000000001,148.30624913574567,105.84687543212716,89.99999999999999,148.30624913574567
1.1400000000000006,0.0,40.0,230.87877857279992,15.846875432127163,90.00000000000001,148.30624913574567,74.15312456787284,90.00000000000001,211.69375086425433
1.1400000000000006,0.0,40.0,230.87877857279992,15.846875432127163,90.00000000000001,148.30624913574567,74.15312456787284,90.00000000000001,211.69375086425433
1.1600000000000006,0.0,-48.094737407999986,219.6642132991999,18.404289112148483,89.50256471661059,144.773070265983,108.40428911214849,90.49743528338941,159.773070265983
1.1600000000000006,0.0,-40.0,227.75895070719992,18.378275182979447,90.00000000000001,143.2434496340411,108.37827518297945,89.99999999999999,143.2434496340411
1.1600000000000006,0.0,40.0,227.75895070719992,18.378275182979447,90.00000000000001,143.2434496340411,71.62172481702055,90.00000000000001,216.7565503659589
1.1600000000000006,0.0,40.0,227.75895070719992,18.378275182979447,90.00000000000001,143.2434496340411,71.62172481702055,90.00000000000001,216.7565503659589
1.1800000000000006,0.0,-47.491026943999984,216.70603202559994,20.918432330665393,89.33578391705683,139.97748029412608,110.9184323306654,90.66421608294317,154.97748029412608
1.1800000000000006,0.0,-40.0,224.19705896959988,20.908038985127195,90.0,138.18392202974562,110.90803898512719,90.0,138.18392202974562
1.1800000000000006,0.0,40.0,224.19705896959988,20.908038985127195,90.0,138.18392202974562,69.09196101487281,90.0,221.81607797025438
1.1800000000000006,0.0,40.0,224.19705896959988,20.908038985127195,90.0,138.18392202974562,69.09196101487281,90.0,221.81607797025438
1.2000000000000006,0.0,-46.82559999999997,213.44543999999988,23.396013514627978,89.14646030891537,135.25832017282457,113.39601351462798,90.85353969108463,150.25832017282457
1.2000000000000006,0.0,-40.0,220.2710399999999,23.394030286535532,90.0,133.21193942692895,113.39403028653552,90.0,133.21193942692895
1.2000000000000006,0.0,40.0,220.2710399999999,23.394030286535532,90.0,133.21193942692895,66.60596971346448,90.0,226.78806057307105
1.2000000000000006,0.0,40.0,220.2710399999999,23.394030286535532,90.0,133.21193942692895,66.60596971346448,90.0,226.78806057307105
1.2200000000000006,0.0,-46.11424665599998,209.9598086143999,25.80166968455947,88.93739457894736,130.68353338176254,115.80166968455947,91.06260542105264,145.68353338176254
1.2200000000000006,0.0,-40.0,216.07405527039987,25.80134376488684,90.00000000000001,128.39731247022632,115.80134376488684,89.99999999999999,128.39731247022632
1.2200000000000006,0.0,40.0,216.07405527039987,25.80134376488684,90.00000000000001,128.39731247022632,64.19865623511316,90.00000000000001,231.60268752977368
1.2200000000000006,0.0,40.0,216.07405527039987,25.80134376488684,90.00000000000001,128.39731247022632,64.19865623511316,90.00000000000001,231.60268752977368
1.2400000000000007,0.0,-45.374600191999974,206.33554094079986,28.105113810038315,88.71231688601607,126.31093904983527,118.10511381003832,91.28768311398393,141.31093904983527
1.2400000000000007,0.0,-40.0,211.71014113279986,28.10015545632637,90.0,123.79968908734728,118.10015545632638,90.0,123.79968908734728
1.2400000000000007,0.0,40.0,211.71014113279986,28.10015545632637,90.0,123.79968908734728,61.89984454367363,90.0,236.20031091265272
1.2400000000000007,0.0,40.0,211.71014113279986,28.10015545632637,90.0,123.79968908734728,61.89984454367363,90.0,236.20031091265272
1.2600000000000007,0.0,-44.625399807999976,202.6644590591999,30.279819796067255,88.475890182087,122.19070466883265,120.27981979606726,91.524109817913,137.19070466883267
1.2600000000000007,0.0,-40.0,207.28985886719985,30.264527375240945,90.0,119.47094524951812,120.26452737524095,90.0,119.47094524951812
1.2600000000000007,0.0,40.0,207.28985886719985,30.264527375240945,90.0,119.47094524951812,59.735472624759055,90.0,240.52905475048186
1.2600000000000007,0.0,40.0,207.28985886719985,30.264527375240945,90.0,119.47094524951812,59.735472624759055,90.0,240.52905475048186
1.2800000000000007,0.0,-43.88575334399998,199.04019138559985,32.30233431306502,88.23366842644201,118.36664340879952,122.30233431306502,91.76633157355799,133.36664340879952
1.2800000000000007,0.0,-40.0,202.92594472959985,32.271795727683234,90.0,115.45640854463355,122.27179572768324,90.0,115.45640854463355
1.2800000000000007,0.0,40.0,202.92594472959985,32.271795727683234,90.0,115.45640854463355,57.728204272316766,90.0,244.54359145536645
1.2800000000000007,0.0,40.0,202.92594472959985,32.271795727683234,90.0,115.45640854463355,57.728204272316766,90.0,244.54359145536645
1.3000000000000007,0.0,-43.17439999999998,195.5545599999999,34.15202104622969,87.99197994043799,114.87671938701824,124.15202104622969,92.00802005956201,129.87671938701823
1.3000000000000007,0.0,-40.0,198.7289599999999,34.102350597940074,90.0,111.79529880411985,124.10235059794007,90.0,111.79529880411985
1.3000000000000007,0.0,40.0,198.7289599999999,34.102350597940074,90.0,111.79529880411985,55.897649402059926,90.0,248.20470119588015
1.3000000000000007,0.0,40.0,198.7289599999999,34.102350597940074,90.0,111.79529880411985,55.897649402059926,90.0,248.20470119588015
1.3200000000000007,0.0,-42.50897305599998,192.29396797439992,35.81113943814364,87.75770819165774,111.75295952528236,125.81113943814364,92.24229180834226,126.75295952528236
1.3200000000000007,0.0,-40.0,194.8029410303999,35.73970763330285,90.0,108.5205847333943,125.73970763330286,90.0,108.5205847333943
1.3200000000000007,0.0,40.0,194.8029410303999,35.73970763330285,90.0,108.5205847333943,54.26029236669715,90.0,251.4794152666057
1.3200000000000007,0.0,40.0,194.8029410303999,35.73970763330285,90.0,108.5205847333943,54.26029236669715,90.0,251.4794152666057
1.3400000000000007,0.0,-41.905262591999985,189.3357867007999,37.26521092547832,87.5379503495647,109.02087034466975,127.26521092547833,92.4620496504353,124.02087034466975
1.3400000000000007,0.0,-40.0,191.24104929279991,37.17082226076266,90.00000000000001,105.65835547847469,127.17082226076266,89.99999999999999,105.65835547847469
1.3400000000000007,0.0,40.0,191.24104929279991,37.17082226076266,90.00000000000001,105.65835547847469,52.82917773923734,90.00000000000001,254.34164452152532
1.3400000000000007,0.0,40.0,191.24104929279991,37.17082226076266,90.00000000000001,105.65835547847469,52.82917773923734,90.00000000000001,254.34164452152532
1.3600000000000008,0.0,-41.37647820799999,186.74474321919993,38.503652041426946,87.33954939132376,106.6984010887489,128.50365204142696,92.66045060867624,121.6984010887489
1.3600000000000008,0.0,-40.0,188.1212214271999,38.38662617381969,90.00000000000001,103.22674765236063,128.3866261738197,89.99999999999999,103.22674765236063
1.3600000000000008,0.0,40.0,188.1212214271999,38.38662617381969,90.00000000000001,103.22674765236063,51.61337382618031,90.00000000000001,256.77325234763936
1.3600000000000008,0.0,40.0,188.1212214271999,38.38662617381969,90.00000000000001,103.22674765236063,51.61337382618031,90.00000000000001,256.77325234763936
1.3800000000000008,0.0,-40.93251174399999,184.56930754559994,39.52066679046604,87.16851772761413,104.79445952426896,129.52066679046604,92.83148227238587,119.79445952426896
1.3800000000000008,0.0,-40.0,185.5018192896,39.382785154328786,90.00000000000001,101.23442969134243,129.3827851543288,89.99999999999999,101.23442969134243
1.3800000000000008,0.0,40.0,185.5018192896,39.382785154328786,90.00000000000001,101.23442969134243,50.617214845671214,90.00000000000001,258.7655703086576
1.3800000000000008,0.0,40.0,185.5018192896,39.382785154328786,90.00000000000001,101.23442969134243,50.617214845671214,90.00000000000001,258.7655703086576
1.4000000000000008,0.0,-40.579199999999986,182.8380799999999,40.31639717785267,87.0293955529288,103.30696229637074,130.31639717785268,92.9706044470712,118.30696229637074
1.4000000000000008,0.0,-40.0,183.41727999999995,40.160692091344764,90.00000000000001,99.67861581731047,130.16069209134477,89.99999999999999,99.67861581731047
1.4000000000000008,0.0,40.0,183.41727999999995,40.160692091344764,90.00000000000001,99.67861581731047,49.839307908655236,90.00000000000001,260.32138418268954
1.4000000000000008,0.0,40.0,183.41727999999995,40.160692091344764,90.00000000000001,99.67861581731047,49.839307908655236,90.00000000000001,260.32138418268954
1.4200000000000008,0.0,-40.317587455999984,181.55617853439998,40.89833515771768,86.92460844856208,102.2203826504508,130.89833515771767,93.07539155143792,117.2203826504508
1.4200000000000008,0.0,-40.0,181.87376599039996,40.72872112100523,90.0,98.54255775798954,130.72872112100524,90.0,98.54255775798954
1.4200000000000008,0.0,40.0,181.87376599039996,40.72872112100523,90.0,98.54255775798954,49.27127887899477,90.0,261.4574422420105
1.4200000000000008,0.0,40.0,181.87376599039996,40.72872112100523,90.0,98.54255775798954,49.27127887899477,90.0,261.4574422420105
1.4400000000000008,0.0,-40.143188991999985,180.7016260608,41.28300325825564,86.85389744611005,101.50274590147502,131.28300325825563,93.14610255388995,116.50274590147502
1.4400000000000008,0.0,-40.0,180.84481505280002,41.1037763946712,90.0,97.79244721065761,131.1037763946712,90.0,97.79244721065761
1.4400000000000008,0.0,40.0,180.84481505280002,41.1037763946712,90.0,97.79244721065761,48.8962236053288,90.0,262.2075527893424
1.4400000000000008,0.0,40.0,180.84481505280002,41.1037763946712,90.0,97.79244721065761,48.8962236053288,90.0,262.2075527893424
1.4600000000000009,0.0,-40.04525260799997,180.2217377792,41.49791105888131,86.81388334055102,101.10202834716787,131.4979110588813,93.18611665944898,116.10202834716787
1.4600000000000009,0.0,-40.0,180.26699038719997,41.31316529767614,90.00000000000001,97.37366940464773,131.31316529767614,89.99999999999999,97.37366940464773
1.4600000000000009,0.0,40.0,180.26699038719997,41.31316529767614,90.00000000000001,97.37366940464773,48.68683470232386,90.00000000000001,262.6263305953523
1.4600000000000009,0.0,40.0,180.26699038719997,41.31316529767614,90.00000000000001,97.37366940464773,48.68683470232386,90.00000000000001,262.6263305953523
1.4800000000000009,0.0,-40.006022144,180.02950850559998,41.583777376991044,86.79779273846034,100.94196533217098,131.58377737699104,93.20220726153966,115.94196533217098
1.4800000000000009,0.0,-40.0,180.03553064960005,41.39679642237198,90.0,97.20640715525606,131.39679642237198,90.0,97.20640715525606
1.4800000000000009,0.0,40.0,180.03553064960005,41.39679642237198,90.0,97.20640715525606,48.60320357762802,90.0,262.79359284474396
1.4800000000000009,0.0,40.0,180.03553064960005,41.39679642237198,90.0,97.20640715525606,48.60320357762802,90.0,262.79359284474396
1.5000000000000009,0.0,-40.0,180.0,41.59694742464398,86.79531956251773,100.9174173158139,131.596947424644,93.20468043748227,115.9174173158139
1.5000000000000009,0.0,-40.0,180.0,41.40962210927086,90.0,97.18075578145829,131.40962210927086,90.0,97.18075578145829
1.5000000000000009,0.0,40.0,180.0,41.40962210927086,90.0,97.18075578145829,48.59037789072914,90.0,262.8192442185417
1.5000000000000009,0.0,40.0,180.0,41.40962210927086,90.0,97.18075578145829,48.59037789072914,90.0,262.8192442185417
1.520000000000001,0.0,-40.006022144,180.0295085056,41.583777376991044,86.79779273846034,100.94196533217098,131.58377737699104,93.20220726153966,115.94196533217098
1.520000000000001,0.0,-40.0,180.0355306496,41.39679642237199,90.0,97.20640715525602,131.396796422372,90.0,97.20640715525602
1.520000000000001,0.0,40.0,180.0355306496,41.39679642237199,90.0,97.20640715525602,48.60320357762801,90.0,262.793592844744
1.520000000000001,0.0,40.0,180.0355306496,41.39679642237199,90.0,97.20640715525602,48.60320357762801,90.0,262.793592844744
1.540000000000001,0.0,-40.045252608000006,180.2217377792,41.49791105888131,86.81388334055103,101.10202834716787,131.4979110588813,93.18611665944897,116.10202834716787
1.540000000000001,0.0,-40.0,180.26699038720002,41.313165297676115,90.0,97.37366940464777,131.3131652976761,90.0,97.37366940464777
1.540000000000001,0.0,40.0,180.26699038720002,41.313165297676115,90.0,97.37366940464777,48.686834702323885,90.0,262.6263305953522
1.540000000000001,0.0,40.0,180.26699038720002,41.313165297676115,90.0,97.37366940464777,48.686834702323885,90.0,262.6263305953522
1.560000000000001,0.0,-40.14318899200001,180.70162606080004,41.28300325825561,86.85389744611008,101.50274590147507,131.2830032582556,93.14610255388992,116.50274590147507
1.560000000000001,0.0,-40.0,180.84481505280007,41.10377639467117,90.0,97.79244721065767,131.10377639467117,90.0,97.79244721065767
1.560000000000001,0.0,40.0,180.84481505280007,41.10377639467117,90.0,97.79244721065767,48.89622360532883,90.0,262.20755278934234
1.560000000000001,0.0,40.0,180.84481505280007,41.10377639467117,90.0,97.79244721065767,48.89622360532883,90.0,262.20755278934234
1.580000000000001,0.0,-40.317587456000005,181.55617853440006,40.89833515771764,86.92460844856208,102.22038265045087,130.89833515771764,93.07539155143792,117.22038265045087
1.580000000000001,0.0,-40.0,181.87376599040007,40.728721121005194,90.0,98.54255775798961,130.7287211210052,90.0,98.54255775798961
1.580000000000001,0.0,40.0,181.87376599040007,40.728721121005194,90.0,98.54255775798961,49.271278878994806,90.0,261.4574422420104
1.580000000000001,0.0,40.0,181.87376599040007,40.728721121005194,90.0,98.54255775798961,49.271278878994806,90.0,261.4574422420104
1.600000000000001,0.0,-40.579200000000014,182.83808000000005,40.31639717785261,87.02939555292882,103.30696229637087,130.3163971778526,92.97060444707118,118.30696229637087
1.600000000000001,0.0,-40.0,183.4172800000001,40.160692091344714,90.0,99.67861581731057,130.1606920913447,90.0,99.67861581731057
1.600000000000001,0.0,40.0,183.4172800000001,40.160692091344714,90.0,99.67861581731057,49.839307908655286,90.0,260.3213841826894
1.600000000000001,0.0,40.0,183.4172800000001,40.160692091344714,90.0,99.67861581731057,49.839307908655286,90.0,260.3213841826894
1.620000000000001,0.0,-40.93251174400002,184.5693075456001,39.52066679046597,87.16851772761414,104.79445952426909,129.52066679046595,92.83148227238586,119.79445952426909
1.620000000000001,0.0,-40.0,185.5018192896001,39.38278515432876,90.0,101.23442969134248,129.38278515432876,90.0,101.23442969134248
1.620000000000001,0.0,40.0,185.5018192896001,39.38278515432876,90.0,101.23442969134248,50.61721484567124,90.0,258.7655703086575
1.620000000000001,0.0,40.0,185.5018192896001,39.38278515432876,90.0,101.23442969134248,50.61721484567124,90.0,258.7655703086575
1.640000000000001,0.0,-41.37647820800003,186.74474321920013,38.50365204142684,87.33954939132379,106.69840108874907,128.50365204142685,92.66045060867621,121.69840108874907
1.640000000000001,0.0,-40.0,188.1212214272001,38.38662617381962,90.00000000000001,103.22674765236076,128.38662617381962,89.99999999999999,103.22674765236076
1.640000000000001,0.0,40.0,188.1212214272001,38.38662617381962,90.00000000000001,103.22674765236076,51.61337382618038,90.00000000000001,256.77325234763924
1.640000000000001,0.0,40.0,188.1212214272001,38.38662617381962,90.00000000000001,103.22674765236076,51.61337382618038,90.00000000000001,256.77325234763924
1.660000000000001,0.0,-41.905262592000035,189.33578670080016,37.265210925478186,87.53795034956472,109.02087034467003,127.26521092547819,92.46204965043528,124.02087034467003
1.660000000000001,0.0,-40.0,191.2410492928002,37.17082226076254,90.0,105.65835547847492,127.17082226076255,90.0,105.65835547847492
1.660000000000001,0.0,40.0,191.2410492928002,37.17082226076254,90.0,105.65835547847492,52.82917773923746,90.0,254.3416445215251
1.660000000000001,0.0,40.0,191.2410492928002,37.17082226076254,90.0,105.65835547847492,52.82917773923746,90.0,254.3416445215251
1.680000000000001,0.0,-42.50897305600004,192.29396797440015,35.81113943814351,87.75770819165776,111.7529595252826,125.81113943814351,92.24229180834224,126.7529595252826
1.680000000000001,0.0,-40.0,194.80294103040018,35.73970763330273,90.0,108.52058473339454,125.73970763330273,90.0,108.52058473339454
1.680000000000001,0.0,40.0,194.80294103040018,35.73970763330273,90.0,108.52058473339454,54.26029236669727,90.0,251.47941526660546
1.680000000000001,0.0,40.0,194.80294103040018,35.73970763330273,90.0,108.52058473339454,54.26029236669727,90.0,251.47941526660546
1.700000000000001,0.0,-43.17440000000004,195.55456000000018,34.15202104622954,87.991979940438,114.87671938701855,124.15202104622955,92.008020059562,129.87671938701857
1.700000000000001,0.0,-40.0,198.72896000000023,34.102350597939925,90.0,111.79529880412016,124.10235059793993,90.0,111.79529880412016
1.700000000000001,0.0,40.0,198.72896000000023,34.102350597939925,90.0,111.79529880412016,55.897649402060075,90.0,248.20470119587984
1.700000000000001,0.0,40.0,198.72896000000023,34.102350597939925,90.0,111.79529880412016,55.897649402060075,90.0,248.20470119587984
1.720000000000001,0.0,-43.88575334400004,199.0401913856002,32.302334313064826,88.23366842644204,118.36664340879987,122.30233431306482,91.76633157355796,133.36664340879986
1.720000000000001,0.0,-40.0,202.92594472960022,32.27179572768307,90.0,115.45640854463387,122.27179572768307,90.0,115.45640854463387
1.720000000000001,0.0,40.0,202.92594472960022,32.27179572768307,90.0,115.45640854463387,57.72820427231693,90.0,244.54359145536614
1.720000000000001,0.0,40.0,202.92594472960022,32.27179572768307,90.0,115.45640854463387,57.72820427231693,90.0,244.54359145536614
1.740000000000001,0.0,-44.62539980800003,202.6644590592002,30.279819796067084,88.47589018208701,122.19070466883298,120.27981979606709,91.52410981791299,137.19070466883298
1.740000000000001,0.0,-40.0,207.28985886720022,30.264527375240778,90.00000000000001,119.47094524951845,120.26452737524077,89.99999999999999,119.47094524951845
1.740000000000001,0.0,40.0,207.28985886720022,30.264527375240778,90.00000000000001,119.47094524951845,59.735472624759225,90.00000000000001,240.52905475048155
1.740000000000001,0.0,40.0,207.28985886720022,30.264527375240778,90.00000000000001,119.47094524951845,59.735472624759225,90.00000000000001,240.52905475048155
1.7600000000000011,0.0,-45.37460019200004,206.3355409408002,28.105113810038112,88.71231688601608,126.31093904983565,118.10511381003812,91.28768311398392,141.31093904983567
1.7600000000000011,0.0,-40.0,211.71014113280023,28.10015545632618,90.0,123.79968908734764,118.10015545632618,90.0,123.79968908734764
1.7600000000000011,0.0,40.0,211.71014113280023,28.10015545632618,90.0,123.79968908734764,61.89984454367382,90.0,236.20031091265236
1.7600000000000011,0.0,40.0,211.71014113280023,28.10015545632618,90.0,123.79968908734764,61.89984454367382,90.0,236.20031091265236
1.7800000000000011,0.0,-46.11424665600004,209.9598086144002,25.80166968455926,88.93739457894739,130.68353338176294,115.80166968455926,91.06260542105261,145.68353338176294
1.7800000000000011,0.0,-40.0,216.0740552704002,25.801343764886667,90.0,128.39731247022667,115.80134376488667,90.0,128.39731247022667
1.7800000000000011,0.0,40.0,216.0740552704002,25.801343764886667,90.0,128.39731247022667,64.19865623511333,90.0,231.60268752977333
1.7800000000000011,0.0,40.0,216.0740552704002,25.801343764886667,90.0,128.39731247022667,64.19865623511333,90.0,231.60268752977333
1.8000000000000012,0.0,-46.825600000000044,213.44544000000022,23.39601351462771,89.14646030891538,135.25832017282508,113.39601351462771,90.85353969108462,150.25832017282508
1.8000000000000012,0.0,-40.0,220.2710400000002,23.39403028653536,90.0,133.2119394269293,113.39403028653535,90.0,133.2119394269293
1.8000000000000012,0.0,40.0,220.2710400000002,23.39403028653536,90.0,133.2119394269293,66.60596971346465,90.0,226.7880605730707
1.8000000000000012,0.0,40.0,220.2710400000002,23.39403028653536,90.0,133.2119394269293,66.60596971346465,90.0,226.7880605730707
1.8200000000000012,0.0,-47.49102694400003,216.70603202560017,20.918432330665215,89.33578391705684,139.97748029412642,110.91843233066521,90.66421608294316,154.97748029412642
1.8200000000000012,0.0,-40.0,224.1970589696002,20.908038985126982,90.0,138.18392202974604,110.90803898512698,90.0,138.18392202974604
1.8200000000000012,0.0,40.0,224.1970589696002,20.908038985126982,90.0,138.18392202974604,69.09196101487302,90.0,221.81607797025396
1.8200000000000012,0.0,40.0,224.1970589696002,20.908038985126982,90.0,138.18392202974604,69.09196101487302,90.0,221.81607797025396
1.8400000000000012,0.0,-48.094737408000036,219.66421329920018,18.404289112148216,89.5025647166106,144.7730702659835,108.40428911214822,90.4974352833894,159.7730702659835
1.8400000000000012,0.0,-40.0,227.75895070720017,18.37827518297926,90.00000000000001,143.2434496340415,108.37827518297925,89.99999999999999,143.2434496340415
1.8400000000000012,0.0,40.0,227.75895070720017,18.37827518297926,90.00000000000001,143.2434496340415,71.62172481702075,90.00000000000001,216.7565503659585
1.8400000000000012,0.0,40.0,227.75895070720017,18.37827518297926,90.00000000000001,143.2434496340415,71.62172481702075,90.00000000000001,216.7565503659585
1.8600000000000012,0.0,-48.62352179200002,222.25525678080015,15.89634090671333,89.64491099168231,149.56264430129625,105.89634090671333,90.35508900831769,164.56264430129625
1.8600000000000012,0.0,-40.0,230.87877857280012,15.846875432126984,90.0,148.30624913574604,105.84687543212698,90.0,148.30624913574604
1.8600000000000012,0.0,40.0,230.87877857280012,15.846875432126984,90.0,148.30624913574604,74.15312456787302,90.0,211.69375086425396
1.8600000000000012,0.0,40.0,230.87877857280012,15.846875432126984,90.0,148.30624913574604,74.15312456787302,90.0,211.69375086425396
1.8800000000000012,0.0,-49.06748825600001,224.43069245440012,13.448766227621727,89.76182655490129,154.24161174583614,103.44876622762173,90.23817344509871,169.24161174583614
1.8800000000000012,0.0,-40.0,233.49818071040005,13.367026708967668,90.0,153.26594658206466,103.36702670896767,90.0,153.26594658206466
1.8800000000000012,0.0,40.0,233.49818071040005,13.367026708967668,90.0,153.26594658206466,76.63297329103233,90.0,206.73405341793534
1.8800000000000012,0.0,40.0,233.49818071040005,13.367026708967668,90.0,153.26594658206466,76.63297329103233,90.0,206.73405341793534
1.9000000000000012,0.0,-49.42080000000003,226.16192000000012,11.134097972109991,89.85322443830457,158.67003411982483,101.13409797211,90.14677556169543,173.67003411982483
1.9000000000000012,0.0,-40.0,235.58272000000014,11.009759803756504,90.0,157.980480392487,101.00975980375651,90.0,157.980480392487
1.9000000000000012,0.0,40.0,235.58272000000014,11.009759803756504,90.0,157.980480392487,78.99024019624349,90.0,202.019519607513
1.9000000000000012,0.0,40.0,235.58272000000014,11.009759803756504,90.0,157.980480392487,78.99024019624349,90.0,202.019519607513
1.9200000000000013,0.0,-49.682412544000016,227.44382146560002,9.054280643066427,89.91998374556755,162.65152515645426,99.05428064306642,90.08001625443245,177.65152515645426
1.9200000000000013,0.0,-40.0,237.12623400960007,8.875483453355246,90.0,162.2490330932895,98.87548345335524,90.0,162.2490330932895
1.9200000000000013,0.0,40.0,237.12623400960007,8.875483453355246,90.0,162.2490330932895,81.12451654664476,90.0,197.7509669067105
1.9200000000000013,0.0,40.0,237.12623400960007,8.875483453355246,90.0,162.2490330932895,81.12451654664476,90.0,197.7509669067105
1.9400000000000013,0.0,-49.85681100800001,228.2983739392,7.352361827279987,89.96406156009255,165.91094355064325,97.35236182727999,90.03593843990745,180.91094355064325
1.9400000000000013,0.0,-40.0,238.1551849472,7.108648021815455,90.0,165.7827039563691,97.10864802181545,90.0,165.7827039563691
1.9400000000000013,0.0,40.0,238.1551849472,7.108648021815455,90.0,165.7827039563691,82.89135197818455,90.0,194.2172960436309
1.9400000000000013,0.0,40.0,238.1551849472,7.108648021815455,90.0,165.7827039563691,82.89135197818455,90.0,194.2172960436309
1.9600000000000013,0.0,-49.95474739200001,228.77826222079995,6.196798678432888,89.98866658293203,168.12457816150558,96.19679867843288,90.01133341706797,183.12457816150558
1.9600000000000013,0.0,-40.0,238.73300961280003,5.889927004096933,90.0,168.22014599180613,95.88992700409693,90.0,168.22014599180613
1.9600000000000013,0.0,40.0,238.73300961280003,5.889927004096933,90.0,168.22014599180613,84.11007299590307,90.0,191.77985400819387
1.9600000000000013,0.0,40.0,238.73300961280003,5.889927004096933,90.0,168.22014599180613,84.11007299590307,90.0,191.77985400819387
1.9800000000000013,0.0,-49.993977856,228.9704914944001,5.668628736769275,89.99849306160222,169.13648660274487,95.66862873676928,90.00150693839778,184.13648660274487
1.9800000000000013,0.0,-40.0,238.96446935039995,5.3243888645706114,90.0,169.35122227085878,95.32438886457061,90.0,169.35122227085878
1.9800000000000013,0.0,40.0,238.96446935039995,5.3243888645706114,90.0,169.35122227085878,84.67561113542939,90.0,190.64877772914122
1.9800000000000013,0.0,40.0,238.96446935039995,5.3243888645706114,90.0,169.35122227085878,84.67561113542939,90.0,190.64877772914122
2.0000000000000013,0.0,-50.0,229.0,5.583150537107256,90.0,169.30025916731785,95.58315053710726,90.0,184.30025916731785
2.0000000000000013,0.0,-40.0,239.0,5.232182951909889,90.0,169.53563409618022,95.23218295190989,90.0,169.53563409618022
2.0000000000000013,0.0,40.0,239.0,5.232182951909889,90.0,169.53563409618022,84.76781704809011,90.0,190.46436590381978
2.0000000000000013,0.0,40.0,239.0,5.232182951909889,90.0,169.53563409618022,84.76781704809011,90.0,190.46436590381978
2.0200000000000014,0.0,-49.993977856,228.9704914944,5.66862873676962,89.99849306160222,169.1364866027442,95.66862873676962,90.00150693839778,184.1364866027442
2.0200000000000014,0.0,-40.0,238.96446935039998,5.324388864570549,90.0,169.3512222708589,95.32438886457055,90.0,169.3512222708589
2.0200000000000014,0.0,40.0,238.96446935039998,5.324388864570549,90.0,169.3512222708589,84.67561113542945,90.0,190.6487777291411
2.0200000000000014,0.0,40.0,238.96446935039998,5.324388864570549,90.0,169.3512222708589,84.67561113542945,90.0,190.6487777291411
2.0400000000000014,0.0,-49.95474739199999,228.7782622208,6.196798678432729,89.98866658293203,168.1245781615059,96.19679867843273,90.01133341706797,183.1245781615059
2.0400000000000014,0.0,-40.0,238.73300961279998,5.889927004097073,90.0,168.22014599180585,95.88992700409707,90.0,168.22014599180585
2.0400000000000014,0.0,40.0,238.73300961279998,5.889927004097073,90.0,168.22014599180585,84.11007299590293,90.0,191.77985400819415
2.0400000000000014,0.0,40.0,238.73300961279998,5.889927004097073,90.0,168.22014599180585,84.11007299590293,90.0,191.77985400819415
2.0600000000000014,0.0,-49.856811007999994,228.29837393919996,7.3523618272800135,89.96406156009255,165.9109435506432,97.35236182728002,90.03593843990745,180.9109435506432
2.0600000000000014,0.0,-40.0,238.15518494719996,7.1086480218155685,90.0,165.78270395636886,97.10864802181557,90.0,165.78270395636886
2.0600000000000014,0.0,40.0,238.15518494719996,7.1086480218155685,90.0,165.78270395636886,82.89135197818443,90.0,194.21729604363114
2.0600000000000014,0.0,40.0,238.15518494719996,7.1086480218155685,90.0,165.78270395636886,82.89135197818443,90.0,194.21729604363114
2.0800000000000014,0.0,-49.68241254399999,227.44382146559994,9.054280643066626,89.91998374556754,162.65152515645386,99.05428064306662,90.08001625443246,177.65152515645386
2.0800000000000014,0.0,-40.0,237.12623400959993,8.875483453355448,90.00000000000001,162.2490330932891,98.87548345335544,89.99999999999999,162.2490330932891
2.0800000000000014,0.0,40.0,237.12623400959993,8.875483453355448,90.00000000000001,162.2490330932891,81.12451654664456,90.00000000000001,197.7509669067109
2.0800000000000014,0.0,40.0,237.12623400959993,8.875483453355448,90.00000000000001,162.2490330932891,81.12451654664456,90.00000000000001,197.7509669067109
2.1000000000000014,0.0,-49.420799999999986,226.1619199999999,11.134097972110307,89.85322443830455,158.67003411982424,101.13409797211031,90.14677556169545,173.67003411982424
2.1000000000000014,0.0,-40.0,235.58271999999988,11.009759803756824,90.0,157.98048039248636,101.00975980375682,90.0,157.98048039248636
2.1000000000000014,0.0,40.0,235.58271999999988,11.009759803756824,90.0,157.98048039248636,78.99024019624318,90.0,202.01951960751364
2.1000000000000014,0.0,40.0,235.58271999999988,11.009759803756824,90.0,157.98048039248636,78.99024019624318,90.0,202.01951960751364
2.1200000000000014,0.0,-49.06748825599997,224.43069245439986,13.448766227622016,89.76182655490128,154.24161174583557,103.44876622762202,90.23817344509872,169.24161174583557
2.1200000000000014,0.0,-40.0,233.49818071039982,13.36702670896791,90.0,153.26594658206417,103.36702670896791,90.0,153.26594658206417
2.1200000000000014,0.0,40.0,233.49818071039982,13.36702670896791,90.0,153.26594658206417,76.63297329103209,90.0,206.73405341793583
2.1200000000000014,0.0,40.0,233.49818071039982,13.36702670896791,90.0,153.26594658206417,76.63297329103209,90.0,206.73405341793583
2.1400000000000015,0.0,-48.62352179199996,222.25525678079984,15.896340906713677,89.6449109916823,149.5626443012956,105.89634090671368,90.3550890083177,164.5626443012956
2.1400000000000015,0.0,-40.0,230.87877857279977,15.846875432127286,90.0,148.30624913574542,105.84687543212729,90.0,148.30624913574542
2.1400000000000015,0.0,40.0,230.87877857279977,15.846875432127286,90.0,148.30624913574542,74.15312456787271,90.0,211.69375086425458
2.1400000000000015,0.0,40.0,230.87877857279977,15.846875432127286,90.0,148.30624913574542,74.15312456787271,90.0,211.69375086425458
2.1600000000000015,0.0,-48.09473740799996,219.6642132991998,18.40428911214859,89.50256471661058,144.7730702659828,108.40428911214859,90.49743528338942,159.7730702659828
2.1600000000000015,0.0,-40.0,227.75895070719977,18.378275182979557,90.0,143.2434496340409,108.37827518297956,90.0,143.2434496340409
2.1600000000000015,0.0,40.0,227.75895070719977,18.378275182979557,90.0,143.2434496340409,71.62172481702044,90.0,216.7565503659591
2.1600000000000015,0.0,40.0,227.75895070719977,18.378275182979557,90.0,143.2434496340409,71.62172481702044,90.0,216.7565503659591
2.1800000000000015,0.0,-47.491026943999955,216.70603202559977,20.918432330665528,89.33578391705684,139.97748029412583,110.91843233066552,90.66421608294316,154.97748029412583
2.1800000000000015,0.0,-40.0,224.19705896959974,20.908038985127288,90.00000000000001,138.18392202974542,110.90803898512729,89.99999999999999,138.18392202974542
2.1800000000000015,0.0,40.0,224.19705896959974,20.908038985127288,90.00000000000001,138.18392202974542,69.09196101487271,90.00000000000001,221.81607797025458
2.1800000000000015,0.0,40.0,224.19705896959974,20.908038985127288,90.00000000000001,138.18392202974542,69.09196101487271,90.00000000000001,221.81607797025458
2.2000000000000015,0.0,-46.82559999999995,213.44543999999976,23.396013514628056,89.14646030891535,135.25832017282443,113.39601351462805,90.85353969108465,150.25832017282443
2.2000000000000015,0.0,-40.0,220.27103999999972,23.394030286535653,90.0,133.2119394269287,113.39403028653565,90.0,133.2119394269287
2.2000000000000015,0.0,40.0,220.27103999999972,23.394030286535653,90.0,133.2119394269287,66.60596971346435,90.0,226.7880605730713
2.2000000000000015,0.0,40.0,220.27103999999972,23.394030286535653,90.0,133.2119394269287,66.60596971346435,90.0,226.7880605730713
2.2200000000000015,0.0,-46.11424665599994,209.95980861439975,25.801669684559563,88.93739457894735,130.68353338176237,115.80166968455956,91.06260542105265,145.68353338176237
2.2200000000000015,0.0,-40.0,216.0740552703997,25.801343764886944,90.0,128.39731247022613,115.80134376488695,90.0,128.39731247022613
2.2200000000000015,0.0,40.0,216.0740552703997,25.801343764886944,90.0,128.39731247022613,64.19865623511305,90.0,231.60268752977387
2.2200000000000015,0.0,40.0,216.0740552703997,25.801343764886944,90.0,128.39731247022613,64.19865623511305,90.0,231.60268752977387
2.2400000000000015,0.0,-45.374600191999946,206.33554094079972,28.105113810038397,88.71231688601605,126.31093904983513,118.1051138100384,91.28768311398395,141.31093904983513
2.2400000000000015,0.0,-40.0,211.71014113279966,28.10015545632647,90.0,123.79968908734706,118.10015545632646,90.0,123.79968908734706
2.2400000000000015,0.0,40.0,211.71014113279966,28.10015545632647,90.0,123.79968908734706,61.89984454367353,90.0,236.20031091265292
2.2400000000000015,0.0,40.0,211.71014113279966,28.10015545632647,90.0,123.79968908734706,61.89984454367353,90.0,236.20031091265292
2.2600000000000016,0.0,-44.62539980799995,202.66445905919971,30.279819796067365,88.47589018208699,122.19070466883245,120.27981979606736,91.52410981791301,137.19070466883244
2.2600000000000016,0.0,-40.0,207.28985886719965,30.264527375241034,90.0,119.47094524951794,120.26452737524103,90.0,119.47094524951794
2.2600000000000016,0.0,40.0,207.28985886719965,30.264527375241034,90.0,119.47094524951794,59.73547262475897,90.0,240.52905475048206
2.2600000000000016,0.0,40.0,207.28985886719965,30.264527375241034,90.0,119.47094524951794,59.73547262475897,90.0,240.52905475048206
2.2800000000000016,0.0,-43.88575334399994,199.0401913855997,32.302334313065096,88.233668426442,118.36664340879936,122.3023343130651,91.766331573558,133.36664340879935
2.2800000000000016,0.0,-40.0,202.92594472959965,32.271795727683326,90.00000000000001,115.45640854463336,122.27179572768333,89.99999999999999,115.45640854463336
2.2800000000000016,0.0,40.0,202.92594472959965,32.271795727683326,90.00000000000001,115.45640854463336,57.728204272316674,90.00000000000001,244.54359145536665
2.2800000000000016,0.0,40.0,202.92594472959965,32.271795727683326,90.00000000000001,115.45640854463336,57.728204272316674,90.00000000000001,244.54359145536665
2.3000000000000016,0.0,-43.17439999999994,195.55455999999973,34.15202104622978,87.99197994043797,114.8767193870181,124.15202104622978,92.00802005956203,129.8767193870181
2.3000000000000016,0.0,-40.0,198.7289599999997,34.10235059794015,90.00000000000001,111.7952988041197,124.10235059794016,89.99999999999999,111.7952988041197
2.3000000000000016,0.0,40.0,198.7289599999997,34.10235059794015,90.00000000000001,111.7952988041197,55.89764940205985,90.00000000000001,248.20470119588032
2.3000000000000016,0.0,40.0,198.7289599999997,34.10235059794015,90.00000000000001,111.7952988041197,55.89764940205985,90.00000000000001,248.20470119588032
2.3200000000000016,0.0,-42.508973055999945,192.29396797439978,35.811139438143705,87.75770819165773,111.75295952528225,125.8111394381437,92.24229180834227,126.75295952528225
2.3200000000000016,0.0,-40.0,194.80294103039972,35.73970763330292,90.0,108.52058473339417,125.73970763330291,90.0,108.52058473339417
2.3200000000000016,0.0,40.0,194.80294103039972,35.73970763330292,90.0,108.52058473339417,54.26029236669708,90.0,251.47941526660583
2.3200000000000016,0.0,40.0,194.80294103039972,35.73970763330292,90.0,108.52058473339417,54.26029236669708,90.0,251.47941526660583
2.3400000000000016,0.0,-41.90526259199996,189.3357867007998,37.26521092547838,87.53795034956468,109.02087034466966,127.26521092547839,92.46204965043532,124.02087034466966
2.3400000000000016,0.0,-40.0,191.24104929279974,37.170822260762726,90.0,105.65835547847455,127.17082226076272,90.0,105.65835547847455
2.3400000000000016,0.0,40.0,191.24104929279974,37.170822260762726,90.0,105.65835547847455,52.829177739237274,90.0,254.34164452152544
2.3400000000000016,0.0,40.0,191.24104929279974,37.170822260762726,90.0,105.65835547847455,52.829177739237274,90.0,254.34164452152544
2.3600000000000017,0.0,-41.376478207999966,186.74474321919982,38.50365204142699,87.33954939132376,106.69840108874881,128.503652041427,92.66045060867624,121.69840108874881
2.3600000000000017,0.0,-40.0,188.12122142719983,38.386626173819735,90.0,103.22674765236054,128.38662617381974,90.0,103.22674765236054
2.3600000000000017,0.0,40.0,188.12122142719983,38.386626173819735,90.0,103.22674765236054,51.613373826180265,90.0,256.77325234763947
2.3600000000000017,0.0,40.0,188.12122142719983,38.386626173819735,90.0,103.22674765236054,51.613373826180265,90.0,256.77325234763947
2.3800000000000017,0.0,-40.93251174399997,184.56930754559986,39.52066679046608,87.16851772761413,104.79445952426886,129.52066679046607,92.83148227238587,119.79445952426886
2.3800000000000017,0.0,-40.0,185.5018192895998,39.38278515432887,90.00000000000001,101.23442969134226,129.38278515432887,89.99999999999999,101.23442969134226
2.3800000000000017,0.0,40.0,185.5018192895998,39.38278515432887,90.00000000000001,101.23442969134226,50.61721484567113,90.00000000000001,258.76557030865774
2.3800000000000017,0.0,40.0,185.5018192895998,39.38278515432887,90.00000000000001,101.23442969134226,50.61721484567113,90.00000000000001,258.76557030865774
2.4000000000000017,0.0,-40.57919999999997,182.8380799999999,40.31639717785268,87.0293955529288,103.30696229637074,130.31639717785268,92.9706044470712,118.30696229637074
2.4000000000000017,0.0,-40.0,183.4172799999999,40.16069209134479,90.0,99.67861581731043,130.1606920913448,90.0,99.67861581731043
2.4000000000000017,0.0,40.0,183.4172799999999,40.16069209134479,90.0,99.67861581731043,49.83930790865521,90.0,260.3213841826896
2.4000000000000017,0.0,40.0,183.4172799999999,40.16069209134479,90.0,99.67861581731043,49.83930790865521,90.0,260.3213841826896
2.4200000000000017,0.0,-40.31758745599997,181.5561785343999,40.89833515771771,86.92460844856208,102.22038265045073,130.89833515771772,93.07539155143792,117.22038265045073
2.4200000000000017,0.0,-40.0,181.87376599039996,40.72872112100523,90.0,98.54255775798954,130.72872112100524,90.0,98.54255775798954
2.4200000000000017,0.0,40.0,181.87376599039996,40.72872112100523,90.0,98.54255775798954,49.27127887899477,90.0,261.4574422420105
2.4200000000000017,0.0,40.0,181.87376599039996,40.72872112100523,90.0,98.54255775798954,49.27127887899477,90.0,261.4574422420105
2.4400000000000017,0.0,-40.143188992000006,180.70162606079995,41.28300325825565,86.85389744611007,101.50274590147501,131.28300325825563,93.14610255388993,116.50274590147501
2.4400000000000017,0.0,-40.0,180.84481505280002,41.1037763946712,90.0,97.79244721065761,131.1037763946712,90.0,97.79244721065761
2.4400000000000017,0.0,40.0,180.84481505280002,41.1037763946712,90.0,97.79244721065761,48.8962236053288,90.0,262.2075527893424
2.4400000000000017,0.0,40.0,180.84481505280002,41.1037763946712,90.0,97.79244721065761,48.8962236053288,90.0,262.2075527893424
2.4600000000000017,0.0,-40.04525260799999,180.22173777920005,41.4979110588813,86.81388334055102,101.1020283471679,131.4979110588813,93.18611665944898,116.1020283471679
2.4600000000000017,0.0,-40.0,180.2669903872,41.31316529767613,90.00000000000001,97.37366940464776,131.31316529767614,89.99999999999999,97.37366940464776
2.4600000000000017,0.0,40.0,180.2669903872,41.31316529767613,90.00000000000001,97.37366940464776,48.68683470232387,90.00000000000001,262.6263305953522
2.4600000000000017,0.0,40.0,180.2669903872,41.31316529767613,90.00000000000001,97.37366940464776,48.68683470232387,90.00000000000001,262.6263305953522
2.4800000000000018,0.0,-40.006022143999985,180.02950850559992,41.58377737699107,86.79779273846034,100.94196533217092,131.58377737699107,93.20220726153966,115.94196533217092
2.4800000000000018,0.0,-40.0,180.0355306496,41.39679642237199,90.0,97.20640715525602,131.396796422372,90.0,97.20640715525602
2.4800000000000018,0.0,40.0,180.0355306496,41.39679642237199,90.0,97.20640715525602,48.60320357762801,90.0,262.793592844744
2.4800000000000018,0.0,40.0,180.0355306496,41.39679642237199,90.0,97.20640715525602,48.60320357762801,90.0,262.793592844744
2.5000000000000018,0.0,-40.0,180.0,41.59694742464398,86.79531956251773,100.9174173158139,131.596947424644,93.20468043748227,115.9174173158139
2.5000000000000018,0.0,-40.0,180.0,41.40962210927086,90.0,97.18075578145829,131.40962210927086,90.0,97.18075578145829
2.5000000000000018,0.0,40.0,180.0,41.40962210927086,90.0,97.18075578145829,48.59037789072914,90.0,262.8192442185417
2.5000000000000018,0.0,40.0,180.0,41.40962210927086,90.0,97.18075578145829,48.59037789072914,90.0,262.8192442185417
2.520000000000002,0.0,-40.006022144,180.0295085056,41.583777376991044,86.79779273846034,100.94196533217098,131.58377737699104,93.20220726153966,115.94196533217098
2.520000000000002,0.0,-40.0,180.03553064960002,41.396796422371985,90.0,97.20640715525603,131.39679642237198,90.0,97.20640715525603
2.520000000000002,0.0,40.0,180.03553064960002,41.396796422371985,90.0,97.20640715525603,48.603203577628015,90.0,262.79359284474396
2.520000000000002,0.0,40.0,180.03553064960002,41.396796422371985,90.0,97.20640715525603,48.603203577628015,90.0,262.79359284474396
2.540000000000002,0.0,-40.04525260800001,180.2217377792,41.49791105888131,86.81388334055103,101.10202834716787,131.4979110588813,93.18611665944897,116.10202834716787
2.540000000000002,0.0,-40.0,180.26699038720002,41.313165297676115,90.0,97.37366940464777,131.3131652976761,90.0,97.37366940464777
2.540000000000002,0.0,40.0,180.26699038720002,41.313165297676115,90.0,97.37366940464777,48.686834702323885,90.0,262.6263305953522
2.540000000000002,0.0,40.0,180.26699038720002,41.313165297676115,90.0,97.37366940464777,48.686834702323885,90.0,262.6263305953522
2.560000000000002,0.0,-40.14318899200001,180.70162606080007,41.2830032582556,86.85389744611008,101.5027459014751,131.2830032582556,93.14610255388992,116.5027459014751
2.560000000000002,0.0,-40.0,180.84481505280007,41.10377639467117,90.0,97.79244721065767,131.10377639467117,90.0,97.79244721065767
2.560000000000002,0.0,40.0,180.84481505280007,41.10377639467117,90.0,97.79244721065767,48.89622360532883,90.0,262.20755278934234
2.560000000000002,0.0,40.0,180.84481505280007,41.10377639467117,90.0,97.79244721065767,48.89622360532883,90.0,262.20755278934234
2.580000000000002,0.0,-40.31758745600002,181.5561785344001,40.89833515771761,86.9246084485621,102.22038265045092,130.8983351577176,93.0753915514379,117.22038265045092
2.580000000000002,0.0,-40.0,181.87376599040013,40.72872112100517,90.0,98.54255775798966,130.72872112100518,90.0,98.54255775798966
2.580000000000002,0.0,40.0,181.87376599040013,40.72872112100517,90.0,98.54255775798966,49.27127887899483,90.0,261.45744224201036
2.580000000000002,0.0,40.0,181.87376599040013,40.72872112100517,90.0,98.54255775798966,49.27127887899483,90.0,261.45744224201036
2.600000000000002,0.0,-40.579200000000036,182.83808000000013,40.31639717785256,87.02939555292883,103.30696229637094,130.31639717785256,92.97060444707117,118.30696229637094
2.600000000000002,0.0,-40.0,183.41728000000015,40.16069209134469,90.00000000000001,99.67861581731063,130.16069209134469,89.99999999999999,99.67861581731063
2.600000000000002,0.0,40.0,183.41728000000015,40.16069209134469,90.00000000000001,99.67861581731063,49.83930790865531,90.00000000000001,260.32138418268937
2.600000000000002,0.0,40.0,183.41728000000015,40.16069209134469,90.00000000000001,99.67861581731063,49.83930790865531,90.00000000000001,260.32138418268937
2.620000000000002,0.0,-40.932511744000045,184.5693075456002,39.52066679046593,87.16851772761416,104.79445952426917,129.52066679046592,92.83148227238584,119.79445952426917
2.620000000000002,0.0,-40.0,185.5018192896002,39.38278515432872,90.00000000000001,101.23442969134257,129.38278515432873,89.99999999999999,101.23442969134257
2.620000000000002,0.0,40.0,185.5018192896002,39.38278515432872,90.00000000000001,101.23442969134257,50.61721484567128,90.00000000000001,258.7655703086574
2.620000000000002,0.0,40.0,185.5018192896002,39.38278515432872,90.00000000000001,101.23442969134257,50.61721484567128,90.00000000000001,258.7655703086574
2.640000000000002,0.0,-41.376478208000044,186.74474321920022,38.50365204142681,87.33954939132379,106.69840108874915,128.50365204142682,92.66045060867621,121.69840108874915
2.640000000000002,0.0,-40.0,188.12122142720025,38.38662617381956,90.0,103.22674765236088,128.38662617381956,90.0,103.22674765236088
2.640000000000002,0.0,40.0,188.12122142720025,38.38662617381956,90.0,103.22674765236088,51.61337382618044,90.0,256.77325234763913
2.640000000000002,0.0,40.0,188.12122142720025,38.38662617381956,90.0,103.22674765236088,51.61337382618044,90.0,256.77325234763913
2.660000000000002,0.0,-41.90526259200006,189.33578670080027,37.26521092547813,87.53795034956472,109.02087034467012,127.26521092547813,92.46204965043528,124.02087034467012
2.660000000000002,0.0,-40.0,191.2410492928003,37.1708222607625,90.0,105.658355478475,127.17082226076249,90.0,105.658355478475
2.660000000000002,0.0,40.0,191.2410492928003,37.1708222607625,90.0,105.658355478475,52.8291777392375,90.0,254.34164452152498
2.660000000000002,0.0,40.0,191.2410492928003,37.1708222607625,90.0,105.658355478475,52.8291777392375,90.0,254.34164452152498
2.680000000000002,0.0,-42.508973056000066,192.2939679744003,35.811139438143464,87.75770819165777,111.75295952528269,125.81113943814347,92.24229180834223,126.75295952528269
2.680000000000002,0.0,-40.0,194.80294103040035,35.739707633302665,90.0,108.52058473339468,125.73970763330266,90.0,108.52058473339468
2.680000000000002,0.0,40.0,194.80294103040035,35.739707633302665,90.0,108.52058473339468,54.260292366697335,90.0,251.47941526660532
2.680000000000002,0.0,40.0,194.80294103040035,35.739707633302665,90.0,108.52058473339468,54.260292366697335,90.0,251.47941526660532
2.700000000000002,0.0,-43.17440000000007,195.55456000000032,34.15202104622947,87.99197994043801,114.87671938701868,124.15202104622946,92.00802005956199,129.87671938701868
2.700000000000002,0.0,-40.0,198.7289600000004,34.102350597939854,90.00000000000001,111.7952988041203,124.10235059793985,89.99999999999999,111.7952988041203
2.700000000000002,0.0,40.0,198.7289600000004,34.102350597939854,90.00000000000001,111.7952988041203,55.897649402060146,90.00000000000001,248.2047011958797
2.700000000000002,0.0,40.0,198.7289600000004,34.102350597939854,90.00000000000001,111.7952988041203,55.897649402060146,90.00000000000001,248.2047011958797
2.720000000000002,0.0,-43.885753344000065,199.04019138560034,32.30233431306475,88.23366842644204,118.36664340880003,122.30233431306475,91.76633157355796,133.36664340880003
2.720000000000002,0.0,-40.0,202.92594472960042,32.271795727682985,90.0,115.45640854463404,122.27179572768298,90.0,115.45640854463404
2.720000000000002,0.0,40.0,202.92594472960042,32.271795727682985,90.0,115.45640854463404,57.728204272317015,90.0,244.54359145536597
2.720000000000002,0.0,40.0,202.92594472960042,32.271795727682985,90.0,115.45640854463404,57.728204272317015,90.0,244.54359145536597
2.740000000000002,0.0,-44.625399808000076,202.66445905920034,30.279819796067013,88.47589018208703,122.1907046688331,120.27981979606702,91.52410981791297,137.19070466883312
2.740000000000002,0.0,-40.0,207.28985886720042,30.26452737524067,90.0,119.47094524951866,120.26452737524068,90.0,119.47094524951866
2.740000000000002,0.0,40.0,207.28985886720042,30.26452737524067,90.0,119.47094524951866,59.735472624759325,90.0,240.52905475048135
2.740000000000002,0.0,40.0,207.28985886720042,30.26452737524067,90.0,119.47094524951866,59.735472624759325,90.0,240.52905475048135
2.760000000000002,0.0,-45.37460019200008,206.33554094080037,28.105113810038006,88.7123168860161,126.31093904983587,118.105113810038,91.2876831139839,141.31093904983587
2.760000000000002,0.0,-40.0,211.71014113280043,28.100155456326075,90.0,123.79968908734786,118.10015545632608,90.0,123.79968908734786
2.760000000000002,0.0,40.0,211.71014113280043,28.100155456326075,90.0,123.79968908734786,61.89984454367392,90.0,236.20031091265213
2.760000000000002,0.0,40.0,211.71014113280043,28.100155456326075,90.0,123.79968908734786,61.89984454367392,90.0,236.20031091265213
2.780000000000002,0.0,-46.11424665600008,209.95980861440034,25.80166968455917,88.93739457894739,130.6835333817631,115.80166968455917,91.06260542105261,145.6835333817631
2.780000000000002,0.0,-40.0,216.07405527040044,25.80134376488654,90.0,128.39731247022692,115.80134376488654,90.0,128.39731247022692
2.780000000000002,0.0,40.0,216.07405527040044,25.80134376488654,90.0,128.39731247022692,64.19865623511346,90.0,231.60268752977308
2.780000000000002,0.0,40.0,216.07405527040044,25.80134376488654,90.0,128.39731247022692,64.19865623511346,90.0,231.60268752977308
2.800000000000002,0.0,-46.82560000000007,213.44544000000033,23.396013514627644,89.1464603089154,135.25832017282522,113.39601351462764,90.8535396910846,150.25832017282522
2.800000000000002,0.0,-40.0,220.2710400000004,23.394030286535248,90.00000000000001,133.21193942692952,113.39403028653524,89.99999999999999,133.21193942692952
2.800000000000002,0.0,40.0,220.2710400000004,23.394030286535248,90.00000000000001,133.21193942692952,66.60596971346476,90.00000000000001,226.78806057307048
2.800000000000002,0.0,40.0,220.2710400000004,23.394030286535248,90.00000000000001,133.21193942692952,66.60596971346476,90.00000000000001,226.78806057307048
2.820000000000002,0.0,-47.49102694400006,216.70603202560034,20.918432330665095,89.33578391705686,139.97748029412665,110.9184323306651,90.66421608294314,154.97748029412665
2.820000000000002,0.0,-40.0,224.19705896960033,20.90803898512689,90.0,138.1839220297462,110.9080389851269,90.0,138.1839220297462
2.820000000000002,0.0,40.0,224.19705896960033,20.90803898512689,90.0,138.1839220297462,69.0919610148731,90.0,221.8160779702538
2.820000000000002,0.0,40.0,224.19705896960033,20.90803898512689,90.0,138.1839220297462,69.0919610148731,90.0,221.8160779702538
2.840000000000002,0.0,-48.09473740800006,219.6642132992003,18.404289112148113,89.5025647166106,144.7730702659837,108.40428911214812,90.4974352833894,159.7730702659837
2.840000000000002,0.0,-40.0,227.7589507072003,18.37827518297914,90.0,143.24344963404172,108.37827518297914,90.0,143.24344963404172
2.840000000000002,0.0,40.0,227.7589507072003,18.37827518297914,90.0,143.24344963404172,71.62172481702086,90.0,216.75655036595828
2.840000000000002,0.0,40.0,227.7589507072003,18.37827518297914,90.0,143.24344963404172,71.62172481702086,90.0,216.75655036595828
2.860000000000002,0.0,-48.623521792000055,222.2552567808003,15.89634090671317,89.64491099168231,149.56264430129656,105.89634090671316,90.35508900831769,164.56264430129656
2.860000000000002,0.0,-40.0,230.8787785728003,15.846875432126831,90.0,148.30624913574636,105.84687543212684,90.0,148.30624913574636
2.860000000000002,0.0,40.0,230.8787785728003,15.846875432126831,90.0,148.30624913574636,74.15312456787316,90.0,211.69375086425364
2.860000000000002,0.0,40.0,230.8787785728003,15.846875432126831,90.0,148.30624913574636,74.15312456787316,90.0,211.69375086425364
2.880000000000002,0.0,-49.06748825600004,224.43069245440017,13.44876622762166,89.76182655490129,154.24161174583625,103.44876622762166,90.23817344509871,169.24161174583625
2.880000000000002,0.0,-40.0,233.49818071040022,13.3670267089675,90.00000000000001,153.265946582065,103.3670267089675,89.99999999999999,153.265946582065
2.880000000000002,0.0,40.0,233.49818071040022,13.3670267089675,90.00000000000001,153.265946582065,76.6329732910325,90.00000000000001,206.734053417935
2.880000000000002,0.0,40.0,233.49818071040022,13.3670267089675,90.00000000000001,153.265946582065,76.6329732910325,90.00000000000001,206.734053417935
2.900000000000002,0.0,-49.420800000000035,226.16192000000018,11.134097972109949,89.85322443830457,158.67003411982492,101.13409797210994,90.14677556169543,173.67003411982492
2.900000000000002,0.0,-40.0,235.58272000000017,11.009759803756468,90.0,157.98048039248707,101.00975980375647,90.0,157.98048039248707
2.900000000000002,0.0,40.0,235.58272000000017,11.009759803756468,90.0,157.98048039248707,78.99024019624353,90.0,202.01951960751293
2.900000000000002,0.0,40.0,235.58272000000017,11.009759803756468,90.0,157.98048039248707,78.99024019624353,90.0,202.01951960751293
2.920000000000002,0.0,-49.68241254400003,227.44382146560014,9.054280643066214,89.91998374556755,162.65152515645465,99.05428064306622,90.08001625443245,177.65152515645465
2.920000000000002,0.0,-40.0,237.1262340096002,8.875483453355029,90.00000000000001,162.24903309328994,98.87548345335503,89.99999999999999,162.24903309328994
2.920000000000002,0.0,40.0,237.1262340096002,8.875483453355029,90.00000000000001,162.24903309328994,81.12451654664497,90.00000000000001,197.75096690671006
2.920000000000002,0.0,40.0,237.1262340096002,8.875483453355029,90.00000000000001,162.24903309328994,81.12451654664497,90.00000000000001,197.75096690671006
2.940000000000002,0.0,-49.85681100800001,228.29837393920008,7.352361827279774,89.96406156009255,165.91094355064365,97.35236182727978,90.03593843990745,180.91094355064365
2.940000000000002,0.0,-40.0,238.15518494720007,7.108648021815364,90.0,165.7827039563693,97.10864802181537,90.0,165.7827039563693
2.940000000000002,0.0,40.0,238.15518494720007,7.108648021815364,90.0,165.7827039563693,82.89135197818463,90.0,194.2172960436307
2.940000000000002,0.0,40.0,238.15518494720007,7.108648021815364,90.0,165.7827039563693,82.89135197818463,90.0,194.2172960436307
2.960000000000002,0.0,-49.954747392000016,228.7782622208001,6.196798678432542,89.98866658293203,168.12457816150624,96.19679867843254,90.01133341706797,183.12457816150624
2.960000000000002,0.0,-40.0,238.7330096128,5.88992700409701,90.0,168.220145991806,95.889927004097,90.0,168.220145991806
2.960000000000002,0.0,40.0,238.7330096128,5.88992700409701,90.0,168.220145991806,84.110072995903,90.0,191.779854008194
2.960000000000002,0.0,40.0,238.7330096128,5.88992700409701,90.0,168.220145991806,84.110072995903,90.0,191.779854008194
2.980000000000002,0.0,-49.993977856,228.97049149439994,5.668628736769714,89.99849306160222,169.13648660274401,95.66862873676972,90.00150693839778,184.13648660274401
2.980000000000002,0.0,-40.0,238.9644693503999,5.324388864570739,90.00000000000001,169.35122227085853,95.32438886457074,89.99999999999999,169.35122227085853
2.980000000000002,0.0,40.0,238.9644693503999,5.324388864570739,90.00000000000001,169.35122227085853,84.67561113542926,90.00000000000001,190.64877772914147
2.980000000000002,0.0,40.0,238.9644693503999,5.324388864570739,90.00000000000001,169.35122227085853,84.67561113542926,90.00000000000001,190.64877772914147
3.000000000000002,0.0,-50.0,229.0,5.583150537107256,90.0,169.30025916731785,95.58315053710726,90.0,184.30025916731785
3.000000000000002,0.0,-40.0,239.0,5.232182951909889,90.0,169.53563409618022,95.23218295190989,90.0,169.53563409618022
3.000000000000002,0.0,40.0,239.0,5.232182951909889,90.0,169.53563409618022,84.76781704809011,90.0,190.46436590381978
3.000000000000002,0.0,40.0,239.0,5.232182951909889,90.0,169.53563409618022,84.76781704809011,90.0,190.46436590381978
3.0200000000000022,0.0,-49.993977856,228.9704914944,5.66862873676962,89.99849306160222,169.1364866027442,95.66862873676962,90.00150693839778,184.1364866027442
3.0200000000000022,0.0,-40.0,238.96446935039998,5.324388864570549,90.0,169.3512222708589,95.32438886457055,90.0,169.3512222708589
3.0200000000000022,0.0,40.0,238.96446935039998,5.324388864570549,90.0,169.3512222708589,84.67561113542945,90.0,190.6487777291411
3.0200000000000022,0.0,40.0,238.96446935039998,5.324388864570549,90.0,169.3512222708589,84.67561113542945,90.0,190.6487777291411
3.0400000000000023,0.0,-49.95474739199999,228.77826222079997,6.196798678432809,89.98866658293203,168.12457816150572,96.19679867843281,90.01133341706797,183.12457816150572
3.0400000000000023,0.0,-40.0,238.73300961279998,5.889927004097073,90.0,168.22014599180585,95.88992700409707,90.0,168.22014599180585
3.0400000000000023,0.0,40.0,238.73300961279998,5.889927004097073,90.0,168.22014599180585,84.11007299590293,90.0,191.77985400819415
3.0400000000000023,0.0,40.0,238.73300961279998,5.889927004097073,90.0,168.22014599180585,84.11007299590293,90.0,191.77985400819415
3.0600000000000023,0.0,-49.85681100799999,228.29837393919993,7.352361827280078,89.96406156009255,165.91094355064308,97.35236182728008,90.03593843990745,180.91094355064308
3.0600000000000023,0.0,-40.0,238.1551849471999,7.108648021815683,90.0,165.78270395636864,97.10864802181568,90.0,165.78270395636864
3.0600000000000023,0.0,40.0,238.1551849471999,7.108648021815683,90.0,165.78270395636864,82.89135197818432,90.0,194.21729604363136
3.0600000000000023,0.0,40.0,238.1551849471999,7.108648021815683,90.0,165.78270395636864,82.89135197818432,90.0,194.21729604363136
3.0800000000000023,0.0,-49.68241254399998,227.4438214655999,9.054280643066626,89.91998374556754,162.65152515645386,99.05428064306662,90.08001625443246,177.65152515645386
3.0800000000000023,0.0,-40.0,237.12623400959987,8.87548345335555,90.00000000000001,162.24903309328892,98.87548345335554,89.99999999999999,162.24903309328892
3.0800000000000023,0.0,40.0,237.12623400959987,8.87548345335555,90.00000000000001,162.24903309328892,81.12451654664446,90.00000000000001,197.75096690671108
3.0800000000000023,0.0,40.0,237.12623400959987,8.87548345335555,90.00000000000001,162.24903309328892,81.12451654664446,90.00000000000001,197.75096690671108
3.1000000000000023,0.0,-49.420799999999964,226.1619199999998,11.134097972110467,89.85322443830455,158.67003411982392,101.13409797211047,90.14677556169545,173.67003411982392
3.1000000000000023,0.0,-40.0,235.58271999999982,11.009759803756886,90.0,157.98048039248624,101.00975980375688,90.0,157.98048039248624
3.1000000000000023,0.0,40.0,235.58271999999982,11.009759803756886,90.0,157.98048039248624,78.99024019624312,90.0,202.01951960751376
3.1000000000000023,0.0,40.0,235.58271999999982,11.009759803756886,90.0,157.98048039248624,78.99024019624312,90.0,202.01951960751376
3.1200000000000023,0.0,-49.06748825599995,224.43069245439978,13.448766227622151,89.76182655490128,154.2416117458353,103.44876622762214,90.23817344509872,169.2416117458353
3.1200000000000023,0.0,-40.0,233.4981807103997,13.367026708968025,90.0,153.26594658206395,103.36702670896803,90.0,153.26594658206395
3.1200000000000023,0.0,40.0,233.4981807103997,13.367026708968025,90.0,153.26594658206395,76.63297329103197,90.0,206.73405341793605
3.1200000000000023,0.0,40.0,233.4981807103997,13.367026708968025,90.0,153.26594658206395,76.63297329103197,90.0,206.73405341793605
3.1400000000000023,0.0,-48.623521791999934,222.2552567807997,15.896340906713798,89.64491099168228,149.56264430129536,105.8963409067138,90.35508900831772,164.56264430129536
3.1400000000000023,0.0,-40.0,230.8787785727997,15.846875432127353,90.0,148.3062491357453,105.84687543212735,90.0,148.3062491357453
3.1400000000000023,0.0,40.0,230.8787785727997,15.846875432127353,90.0,148.3062491357453,74.15312456787265,90.0,211.6937508642547
3.1400000000000023,0.0,40.0,230.8787785727997,15.846875432127353,90.0,148.3062491357453,74.15312456787265,90.0,211.6937508642547
3.1600000000000024,0.0,-48.094737407999936,219.66421329919967,18.404289112148714,89.50256471661058,144.77307026598257,108.40428911214872,90.49743528338942,159.77307026598257
3.1600000000000024,0.0,-40.0,227.7589507071996,18.378275182979692,90.00000000000001,143.24344963404062,108.37827518297969,89.99999999999999,143.24344963404062
3.1600000000000024,0.0,40.0,227.7589507071996,18.378275182979692,90.00000000000001,143.24344963404062,71.62172481702031,90.00000000000001,216.75655036595938
3.1600000000000024,0.0,40.0,227.7589507071996,18.378275182979692,90.00000000000001,143.24344963404062,71.62172481702031,90.00000000000001,216.75655036595938
3.1800000000000024,0.0,-47.49102694399993,216.70603202559963,20.918432330665663,89.33578391705683,139.97748029412557,110.91843233066567,90.66421608294317,154.97748029412557
3.1800000000000024,0.0,-40.0,224.19705896959957,20.9080389851274,90.0,138.1839220297452,110.9080389851274,90.0,138.1839220297452
3.1800000000000024,0.0,40.0,224.19705896959957,20.9080389851274,90.0,138.1839220297452,69.0919610148726,90.0,221.8160779702548
3.1800000000000024,0.0,40.0,224.19705896959957,20.9080389851274,90.0,138.1839220297452,69.0919610148726,90.0,221.8160779702548
3.2000000000000024,0.0,-46.82559999999991,213.44543999999962,23.396013514628166,89.14646030891534,135.25832017282423,113.39601351462817,90.85353969108466,150.25832017282423
3.2000000000000024,0.0,-40.0,220.27103999999952,23.394030286535784,90.0,133.21193942692844,113.39403028653578,90.0,133.21193942692844
3.2000000000000024,0.0,40.0,220.27103999999952,23.394030286535784,90.0,133.21193942692844,66.60596971346422,90.0,226.78806057307156
3.2000000000000024,0.0,40.0,220.27103999999952,23.394030286535784,90.0,133.21193942692844,66.60596971346422,90.0,226.78806057307156
3.2200000000000024,0.0,-46.11424665599991,209.95980861439955,25.80166968455971,88.93739457894733,130.6835333817621,115.80166968455971,91.06260542105267,145.6835333817621
3.2200000000000024,0.0,-40.0,216.07405527039953,25.801343764887037,90.0,128.39731247022593,115.80134376488704,90.0,128.39731247022593
3.2200000000000024,0.0,40.0,216.07405527039953,25.801343764887037,90.0,128.39731247022593,64.19865623511296,90.0,231.60268752977407
3.2200000000000024,0.0,40.0,216.07405527039953,25.801343764887037,90.0,128.39731247022593,64.19865623511296,90.0,231.60268752977407
3.2400000000000024,0.0,-45.37460019199992,206.33554094079955,28.105113810038517,88.71231688601605,126.3109390498349,118.10511381003852,91.28768311398395,141.3109390498349
3.2400000000000024,0.0,-40.0,211.71014113279946,28.100155456326576,90.0,123.79968908734686,118.10015545632658,90.0,123.79968908734686
3.2400000000000024,0.0,40.0,211.71014113279946,28.100155456326576,90.0,123.79968908734686,61.899844543673424,90.0,236.20031091265315
3.2400000000000024,0.0,40.0,211.71014113279946,28.100155456326576,90.0,123.79968908734686,61.899844543673424,90.0,236.20031091265315
3.2600000000000025,0.0,-44.625399807999905,202.66445905919957,30.279819796067454,88.47589018208697,122.19070466883227,120.27981979606746,91.52410981791303,137.19070466883227
3.2600000000000025,0.0,-40.0,207.28985886719948,30.264527375241116,90.00000000000001,119.47094524951777,120.26452737524112,89.99999999999999,119.47094524951777
3.2600000000000025,0.0,40.0,207.28985886719948,30.264527375241116,90.00000000000001,119.47094524951777,59.735472624758884,90.00000000000001,240.52905475048223
3.2600000000000025,0.0,40.0,207.28985886719948,30.264527375241116,90.00000000000001,119.47094524951777,59.735472624758884,90.00000000000001,240.52905475048223
3.2800000000000025,0.0,-43.8857533439999,199.04019138559957,32.30233431306515,88.23366842644198,118.36664340879926,122.30233431306516,91.76633157355802,133.36664340879926
3.2800000000000025,0.0,-40.0,202.92594472959945,32.27179572768341,90.0,115.45640854463319,122.27179572768341,90.0,115.45640854463319
3.2800000000000025,0.0,40.0,202.92594472959945,32.27179572768341,90.0,115.45640854463319,57.72820427231659,90.0,244.54359145536682
3.2800000000000025,0.0,40.0,202.92594472959945,32.27179572768341,90.0,115.45640854463319,57.72820427231659,90.0,244.54359145536682
3.3000000000000025,0.0,-43.174399999999906,195.55455999999955,34.152021046229876,87.99197994043794,114.87671938701791,124.15202104622988,92.00802005956206,129.8767193870179
3.3000000000000025,0.0,-40.0,198.72895999999952,34.10235059794023,90.0,111.79529880411955,124.10235059794023,90.0,111.79529880411955
3.3000000000000025,0.0,40.0,198.72895999999952,34.10235059794023,90.0,111.79529880411955,55.89764940205977,90.0,248.20470119588043
3.3000000000000025,0.0,40.0,198.72895999999952,34.10235059794023,90.0,111.79529880411955,55.89764940205977,90.0,248.20470119588043
3.3200000000000025,0.0,-42.508973055999924,192.2939679743996,35.8111394381438,87.75770819165771,111.75295952528205,125.8111394381438,92.24229180834229,126.75295952528205
3.3200000000000025,0.0,-40.0,194.80294103039955,35.73970763330299,90.0,108.52058473339403,125.739707633303,90.0,108.52058473339403
3.3200000000000025,0.0,40.0,194.80294103039955,35.73970763330299,90.0,108.52058473339403,54.26029236669701,90.0,251.47941526660597
3.3200000000000025,0.0,40.0,194.80294103039955,35.73970763330299,90.0,108.52058473339403,54.26029236669701,90.0,251.47941526660597
3.3400000000000025,0.0,-41.905262591999936,189.33578670079967,37.26521092547842,87.53795034956468,109.02087034466956,127.26521092547841,92.46204965043532,124.02087034466956
3.3400000000000025,0.0,-40.0,191.2410492927996,37.170822260762776,90.0,105.65835547847445,127.17082226076278,90.0,105.65835547847445
3.3400000000000025,0.0,40.0,191.2410492927996,37.170822260762776,90.0,105.65835547847445,52.829177739237224,90.0,254.34164452152555
3.3400000000000025,0.0,40.0,191.2410492927996,37.170822260762776,90.0,105.65835547847445,52.829177739237224,90.0,254.34164452152555
3.3600000000000025,0.0,-41.37647820799994,186.74474321919968,38.50365204142707,87.33954939132374,106.69840108874867,128.50365204142707,92.66045060867626,121.69840108874867
3.3600000000000025,0.0,-40.0,188.12122142719966,38.38662617381979,90.0,103.22674765236043,128.3866261738198,90.0,103.22674765236043
3.3600000000000025,0.0,40.0,188.12122142719966,38.38662617381979,90.0,103.22674765236043,51.61337382618021,90.0,256.7732523476396
3.3600000000000025,0.0,40.0,188.12122142719966,38.38662617381979,90.0,103.22674765236043,51.61337382618021,90.0,256.7732523476396
3.3800000000000026,0.0,-40.93251174399995,184.56930754559977,39.52066679046613,87.16851772761412,104.7944595242688,129.52066679046612,92.83148227238588,119.7944595242688
3.3800000000000026,0.0,-40.0,185.50181928959972,39.38278515432891,90.0,101.2344296913422,129.3827851543289,90.0,101.2344296913422
3.3800000000000026,0.0,40.0,185.50181928959972,39.38278515432891,90.0,101.2344296913422,50.61721484567109,90.0,258.7655703086578
3.3800000000000026,0.0,40.0,185.50181928959972,39.38278515432891,90.0,101.2344296913422,50.61721484567109,90.0,258.7655703086578
3.4000000000000026,0.0,-40.57919999999996,182.8380799999998,40.31639717785272,87.0293955529288,103.30696229637063,130.3163971778527,92.9706044470712,118.30696229637063
3.4000000000000026,0.0,-40.0,183.41727999999978,40.16069209134483,90.0,99.67861581731034,130.16069209134483,90.0,99.67861581731034
3.4000000000000026,0.0,40.0,183.41727999999978,40.16069209134483,90.0,99.67861581731034,49.83930790865517,90.0,260.32138418268966
3.4000000000000026,0.0,40.0,183.41727999999978,40.16069209134483,90.0,99.67861581731034,49.83930790865517,90.0,260.32138418268966
3.4200000000000026,0.0,-40.31758745599998,181.5561785343999,40.89833515771771,86.92460844856208,102.22038265045073,130.89833515771772,93.07539155143792,117.22038265045073
3.4200000000000026,0.0,-40.0,181.87376599039985,40.72872112100528,90.00000000000001,98.54255775798944,130.72872112100526,89.99999999999999,98.54255775798944
3.4200000000000026,0.0,40.0,181.87376599039985,40.72872112100528,90.00000000000001,98.54255775798944,49.27127887899472,90.00000000000001,261.45744224201053
3.4200000000000026,0.0,40.0,181.87376599039985,40.72872112100528,90.00000000000001,98.54255775798944,49.27127887899472,90.00000000000001,261.45744224201053
3.4400000000000026,0.0,-40.14318899199997,180.70162606079987,41.2830032582557,86.85389744611005,101.50274590147491,131.2830032582557,93.14610255388995,116.50274590147491
3.4400000000000026,0.0,-40.0,180.84481505279982,41.10377639467127,90.0,97.79244721065749,131.10377639467129,90.0,97.79244721065749
3.4400000000000026,0.0,40.0,180.84481505279982,41.10377639467127,90.0,97.79244721065749,48.89622360532873,90.0,262.2075527893425
3.4400000000000026,0.0,40.0,180.84481505279982,41.10377639467127,90.0,97.79244721065749,48.89622360532873,90.0,262.2075527893425
3.4600000000000026,0.0,-40.045252607999984,180.2217377791999,41.49791105888136,86.81388334055102,101.10202834716779,131.49791105888136,93.18611665944898,116.10202834716779
3.4600000000000026,0.0,-40.0,180.26699038719997,41.31316529767614,90.00000000000001,97.37366940464773,131.31316529767614,89.99999999999999,97.37366940464773
3.4600000000000026,0.0,40.0,180.26699038719997,41.31316529767614,90.00000000000001,97.37366940464773,48.68683470232386,90.00000000000001,262.6263305953523
3.4600000000000026,0.0,40.0,180.26699038719997,41.31316529767614,90.00000000000001,97.37366940464773,48.68683470232386,90.00000000000001,262.6263305953523
3.4800000000000026,0.0,-40.006022143999985,180.02950850559998,41.583777376991044,86.79779273846033,100.94196533217098,131.58377737699104,93.20220726153967,115.94196533217098
3.4800000000000026,0.0,-40.0,180.03553064960005,41.39679642237198,90.0,97.20640715525606,131.39679642237198,90.0,97.20640715525606
3.4800000000000026,0.0,40.0,180.03553064960005,41.39679642237198,90.0,97.20640715525606,48.60320357762802,90.0,262.79359284474396
3.4800000000000026,0.0,40.0,180.03553064960005,41.39679642237198,90.0,97.20640715525606,48.60320357762802,90.0,262.79359284474396
3.5000000000000027,0.0,-40.0,180.0,41.59694742464398,86.79531956251773,100.9174173158139,131.596947424644,93.20468043748227,115.9174173158139
3.5000000000000027,0.0,-40.0,180.0,41.40962210927086,90.0,97.18075578145829,131.40962210927086,90.0,97.18075578145829
3.5000000000000027,0.0,40.0,180.0,41.40962210927086,90.0,97.18075578145829,48.59037789072914,90.0,262.8192442185417
3.5000000000000027,0.0,40.0,180.0,41.40962210927086,90.0,97.18075578145829,48.59037789072914,90.0,262.8192442185417
3.5200000000000027,0.0,-40.006022144,180.0295085056,41.583777376991044,86.79779273846034,100.94196533217098,131.58377737699104,93.20220726153966,115.94196533217098
3.5200000000000027,0.0,-40.0,180.0355306496,41.39679642237199,90.0,97.20640715525602,131.396796422372,90.0,97.20640715525602
3.5200000000000027,0.0,40.0,180.0355306496,41.39679642237199,90.0,97.20640715525602,48.60320357762801,90.0,262.793592844744
3.5200000000000027,0.0,40.0,180.0355306496,41.39679642237199,90.0,97.20640715525602,48.60320357762801,90.0,262.793592844744
3.5400000000000027,0.0,-40.04525260800001,180.22173777920003,41.4979110588813,86.81388334055103,101.1020283471679,131.4979110588813,93.18611665944897,116.1020283471679
3.5400000000000027,0.0,-40.0,180.26699038720005,41.31316529767611,90.0,97.37366940464779,131.3131652976761,90.0,97.37366940464779
3.5400000000000027,0.0,40.0,180.26699038720005,41.31316529767611,90.0,97.37366940464779,48.68683470232389,90.0,262.6263305953522
3.5400000000000027,0.0,40.0,180.26699038720005,41.31316529767611,90.0,97.37366940464779,48.68683470232389,90.0,262.6263305953522
3.5600000000000027,0.0,-40.14318899200002,180.7016260608001,41.28300325825559,86.85389744611008,101.50274590147512,131.28300325825558,93.14610255388992,116.50274590147512
3.5600000000000027,0.0,-40.0,180.84481505280013,41.10377639467115,90.0,97.79244721065771,131.10377639467114,90.0,97.79244721065771
3.5600000000000027,0.0,40.0,180.84481505280013,41.10377639467115,90.0,97.79244721065771,48.89622360532885,90.0,262.2075527893423
3.5600000000000027,0.0,40.0,180.84481505280013,41.10377639467115,90.0,97.79244721065771,48.89622360532885,90.0,262.2075527893423
3.5800000000000027,0.0,-40.31758745600003,181.55617853440015,40.898335157717604,86.9246084485621,102.22038265045094,130.8983351577176,93.0753915514379,117.22038265045094
3.5800000000000027,0.0,-40.0,181.8737659904002,40.72872112100516,90.0,98.54255775798968,130.72872112100515,90.0,98.54255775798968
3.5800000000000027,0.0,40.0,181.8737659904002,40.72872112100516,90.0,98.54255775798968,49.27127887899484,90.0,261.4574422420103
3.5800000000000027,0.0,40.0,181.8737659904002,40.72872112100516,90.0,98.54255775798968,49.27127887899484,90.0,261.4574422420103
3.6000000000000028,0.0,-40.57920000000005,182.83808000000022,40.31639717785252,87.02939555292883,103.30696229637103,130.31639717785254,92.97060444707117,118.30696229637103
3.6000000000000028,0.0,-40.0,183.41728000000023,40.160692091344664,90.0,99.67861581731067,130.16069209134466,90.0,99.67861581731067
3.6000000000000028,0.0,40.0,183.41728000000023,40.160692091344664,90.0,99.67861581731067,49.839307908655336,90.0,260.3213841826893
3.6000000000000028,0.0,40.0,183.41728000000023,40.160692091344664,90.0,99.67861581731067,49.839307908655336,90.0,260.3213841826893
3.6200000000000028,0.0,-40.93251174400006,184.56930754560025,39.5206667904659,87.16851772761416,104.7944595242692,129.5206667904659,92.83148227238584,119.7944595242692
3.6200000000000028,0.0,-40.0,185.50181928960032,39.38278515432868,90.0,101.23442969134265,129.38278515432867,90.0,101.23442969134265
3.6200000000000028,0.0,40.0,185.50181928960032,39.38278515432868,90.0,101.23442969134265,50.61721484567132,90.0,258.76557030865735
3.6200000000000028,0.0,40.0,185.50181928960032,39.38278515432868,90.0,101.23442969134265,50.61721484567132,90.0,258.76557030865735
3.640000000000003,0.0,-41.376478208000066,186.74474321920033,38.50365204142675,87.33954939132379,106.69840108874926,128.50365204142673,92.66045060867621,121.69840108874926
3.640000000000003,0.0,-40.0,188.12122142720042,38.3866261738195,90.0,103.226747652361,128.3866261738195,90.0,103.226747652361
3.640000000000003,0.0,40.0,188.12122142720042,38.3866261738195,90.0,103.226747652361,51.6133738261805,90.0,256.773252347639
3.640000000000003,0.0,40.0,188.12122142720042,38.3866261738195,90.0,103.226747652361,51.6133738261805,90.0,256.773252347639
3.660000000000003,0.0,-41.90526259200008,189.3357867008004,37.26521092547807,87.53795034956472,109.02087034467024,127.26521092547807,92.46204965043528,124.02087034467024
3.660000000000003,0.0,-40.0,191.24104929280045,37.17082226076245,90.0,105.65835547847512,127.17082226076245,90.0,105.65835547847512
3.660000000000003,0.0,40.0,191.24104929280045,37.17082226076245,90.0,105.65835547847512,52.82917773923755,90.0,254.34164452152487
3.660000000000003,0.0,40.0,191.24104929280045,37.17082226076245,90.0,105.65835547847512,52.82917773923755,90.0,254.34164452152487
3.680000000000003,0.0,-42.50897305600009,192.29396797440043,35.81113943814338,87.75770819165778,111.75295952528283,125.81113943814339,92.24229180834222,126.75295952528283
3.680000000000003,0.0,-40.0,194.80294103040052,35.739707633302594,90.0,108.52058473339481,125.7397076333026,90.0,108.52058473339481
3.680000000000003,0.0,40.0,194.80294103040052,35.739707633302594,90.0,108.52058473339481,54.260292366697406,90.0,251.4794152666052
3.680000000000003,0.0,40.0,194.80294103040052,35.739707633302594,90.0,108.52058473339481,54.260292366697406,90.0,251.4794152666052
3.700000000000003,0.0,-43.174400000000105,195.5545600000005,34.15202104622937,87.99197994043803,114.87671938701885,124.15202104622938,92.00802005956197,129.87671938701885
3.700000000000003,0.0,-40.0,198.72896000000057,34.10235059793978,90.0,111.79529880412045,124.10235059793979,90.0,111.79529880412045
3.700000000000003,0.0,40.0,198.72896000000057,34.10235059793978,90.0,111.79529880412045,55.89764940206022,90.0,248.20470119587955
3.700000000000003,0.0,40.0,198.72896000000057,34.10235059793978,90.0,111.79529880412045,55.89764940206022,90.0,248.20470119587955
3.720000000000003,0.0,-43.88575334400011,199.0401913856005,32.30233431306464,88.23366842644207,118.36664340880023,122.30233431306465,91.76633157355793,133.36664340880023
3.720000000000003,0.0,-40.0,202.92594472960062,32.271795727682886,90.00000000000001,115.45640854463423,122.27179572768289,89.99999999999999,115.45640854463423
3.720000000000003,0.0,40.0,202.92594472960062,32.271795727682886,90.00000000000001,115.45640854463423,57.728204272317114,90.00000000000001,244.54359145536577
3.720000000000003,0.0,40.0,202.92594472960062,32.271795727682886,90.00000000000001,115.45640854463423,57.728204272317114,90.00000000000001,244.54359145536577
3.740000000000003,0.0,-44.625399808000104,202.66445905920054,30.2798197960669,88.47589018208704,122.19070466883332,120.2798197960669,91.52410981791296,137.19070466883332
3.740000000000003,0.0,-40.0,207.28985886720062,30.264527375240583,90.0,119.47094524951883,120.26452737524059,90.0,119.47094524951883
3.740000000000003,0.0,40.0,207.28985886720062,30.264527375240583,90.0,119.47094524951883,59.73547262475942,90.0,240.52905475048118
3.740000000000003,0.0,40.0,207.28985886720062,30.264527375240583,90.0,119.47094524951883,59.73547262475942,90.0,240.52905475048118
3.760000000000003,0.0,-45.3746001920001,206.3355409408005,28.10511381003791,88.7123168860161,126.31093904983604,118.1051138100379,91.2876831139839,141.31093904983604
3.760000000000003,0.0,-40.0,211.71014113280063,28.10015545632597,90.0,123.79968908734806,118.10015545632598,90.0,123.79968908734806
3.760000000000003,0.0,40.0,211.71014113280063,28.10015545632597,90.0,123.79968908734806,61.89984454367403,90.0,236.20031091265196
3.760000000000003,0.0,40.0,211.71014113280063,28.10015545632597,90.0,123.79968908734806,61.89984454367403,90.0,236.20031091265196
3.780000000000003,0.0,-46.11424665600011,209.95980861440057,25.801669684559034,88.9373945789474,130.68353338176337,115.80166968455903,91.0626054210526,145.68353338176337
3.780000000000003,0.0,-40.0,216.0740552704006,25.80134376488644,90.0,128.39731247022712,115.80134376488644,90.0,128.39731247022712
3.780000000000003,0.0,40.0,216.0740552704006,25.80134376488644,90.0,128.39731247022712,64.19865623511356,90.0,231.60268752977288
3.780000000000003,0.0,40.0,216.0740552704006,25.80134376488644,90.0,128.39731247022712,64.19865623511356,90.0,231.60268752977288
3.800000000000003,0.0,-46.8256000000001,213.4454400000005,23.39601351462752,89.14646030891541,135.25832017282545,113.39601351462753,90.85353969108459,150.25832017282545
3.800000000000003,0.0,-40.0,220.27104000000057,23.394030286535145,90.0,133.21193942692972,113.39403028653514,90.0,133.21193942692972
3.800000000000003,0.0,40.0,220.27104000000057,23.394030286535145,90.0,133.21193942692972,66.60596971346486,90.0,226.78806057307028
3.800000000000003,0.0,40.0,220.27104000000057,23.394030286535145,90.0,133.21193942692972,66.60596971346486,90.0,226.78806057307028
3.820000000000003,0.0,-47.4910269440001,216.70603202560045,20.918432330665013,89.33578391705687,139.97748029412682,110.91843233066501,90.66421608294313,154.97748029412682
3.820000000000003,0.0,-40.0,224.19705896960056,20.90803898512674,90.00000000000001,138.18392202974653,110.90803898512674,89.99999999999999,138.18392202974653
3.820000000000003,0.0,40.0,224.19705896960056,20.90803898512674,90.00000000000001,138.18392202974653,69.09196101487326,90.00000000000001,221.81607797025347
3.820000000000003,0.0,40.0,224.19705896960056,20.90803898512674,90.00000000000001,138.18392202974653,69.09196101487326,90.00000000000001,221.81607797025347
3.840000000000003,0.0,-48.09473740800008,219.66421329920038,18.404289112148046,89.5025647166106,144.77307026598385,108.40428911214805,90.4974352833894,159.77307026598385
3.840000000000003,0.0,-40.0,227.75895070720048,18.378275182979035,90.00000000000001,143.24344963404195,108.37827518297904,89.99999999999999,143.24344963404195
3.840000000000003,0.0,40.0,227.75895070720048,18.378275182979035,90.00000000000001,143.24344963404195,71.62172481702096,90.00000000000001,216.75655036595805
3.840000000000003,0.0,40.0,227.75895070720048,18.378275182979035,90.00000000000001,143.24344963404195,71.62172481702096,90.00000000000001,216.75655036595805
3.860000000000003,0.0,-48.623521792000076,222.2552567808004,15.89634090671305,89.64491099168231,149.56264430129679,105.89634090671305,90.35508900831769,164.56264430129679
3.860000000000003,0.0,-40.0,230.87877857280043,15.846875432126717,90.0,148.30624913574658,105.84687543212672,90.0,148.30624913574658
3.860000000000003,0.0,40.0,230.87877857280043,15.846875432126717,90.0,148.30624913574658,74.15312456787328,90.0,211.69375086425342
3.860000000000003,0.0,40.0,230.87877857280043,15.846875432126717,90.0,148.30624913574658,74.15312456787328,90.0,211.69375086425342
3.880000000000003,0.0,-49.06748825600006,224.43069245440032,13.448766227621446,89.7618265549013,154.24161174583668,103.44876622762145,90.2381734450987,169.24161174583668
3.880000000000003,0.0,-40.0,233.49818071040033,13.367026708967387,90.0,153.26594658206523,103.36702670896739,90.0,153.26594658206523
3.880000000000003,0.0,40.0,233.49818071040033,13.367026708967387,90.0,153.26594658206523,76.63297329103261,90.0,206.73405341793477
3.880000000000003,0.0,40.0,233.49818071040033,13.367026708967387,90.0,153.26594658206523,76.63297329103261,90.0,206.73405341793477
3.900000000000003,0.0,-49.42080000000006,226.1619200000002,11.13409797210987,89.85322443830458,158.67003411982506,101.13409797210987,90.14677556169542,173.67003411982506
3.900000000000003,0.0,-40.0,235.58272000000022,11.00975980375639,90.0,157.98048039248724,101.0097598037564,90.0,157.98048039248724
3.900000000000003,0.0,40.0,235.58272000000022,11.00975980375639,90.0,157.98048039248724,78.9902401962436,90.0,202.01951960751276
3.900000000000003,0.0,40.0,235.58272000000022,11.00975980375639,90.0,157.98048039248724,78.9902401962436,90.0,202.01951960751276
3.920000000000003,0.0,-49.68241254400003,227.4438214656002,9.054280643066175,89.91998374556755,162.65152515645474,99.05428064306618,90.08001625443245,177.65152515645474
3.920000000000003,0.0,-40.0,237.12623400960018,8.87548345335508,90.00000000000001,162.24903309328985,98.87548345335509,89.99999999999999,162.24903309328985
3.920000000000003,0.0,40.0,237.12623400960018,8.87548345335508,90.00000000000001,162.24903309328985,81.12451654664491,90.00000000000001,197.75096690671015
3.920000000000003,0.0,40.0,237.12623400960018,8.87548345335508,90.00000000000001,162.24903309328985,81.12451654664491,90.00000000000001,197.75096690671015
3.940000000000003,0.0,-49.85681100800002,228.2983739392,7.352361827279987,89.96406156009256,165.91094355064325,97.35236182727999,90.03593843990744,180.91094355064325
3.940000000000003,0.0,-40.0,238.15518494720004,7.10864802181539,90.0,165.78270395636923,97.10864802181538,90.0,165.78270395636923
3.940000000000003,0.0,40.0,238.15518494720004,7.10864802181539,90.0,165.78270395636923,82.89135197818462,90.0,194.21729604363077
3.940000000000003,0.0,40.0,238.15518494720004,7.10864802181539,90.0,165.78270395636923,82.89135197818462,90.0,194.21729604363077
3.960000000000003,0.0,-49.954747392,228.77826222080014,6.196798678432369,89.98866658293203,168.12457816150658,96.19679867843237,90.01133341706797,183.12457816150658
3.960000000000003,0.0,-40.0,238.73300961279998,5.889927004097073,90.0,168.22014599180585,95.88992700409707,90.0,168.22014599180585
3.960000000000003,0.0,40.0,238.73300961279998,5.889927004097073,90.0,168.22014599180585,84.11007299590293,90.0,191.77985400819415
3.960000000000003,0.0,40.0,238.73300961279998,5.889927004097073,90.0,168.22014599180585,84.11007299590293,90.0,191.77985400819415
3.980000000000003,0.0,-49.993977856,228.9704914944001,5.668628736769275,89.99849306160222,169.13648660274487,95.66862873676928,90.00150693839778,184.13648660274487
3.980000000000003,0.0,-40.0,238.96446935040007,5.324388864570307,90.0,169.35122227085938,95.32438886457031,90.0,169.35122227085938
3.980000000000003,0.0,40.0,238.96446935040007,5.324388864570307,90.0,169.35122227085938,84.67561113542969,90.0,190.64877772914062
3.980000000000003,0.0,40.0,238.96446935040007,5.324388864570307,90.0,169.35122227085938,84.67561113542969,90.0,190.64877772914062
4.000000000000003,0.0,-50.0,229.0,5.583150537107256,90.0,169.30025916731785,95.58315053710726,90.0,184.30025916731785
4.000000000000003,0.0,-40.0,239.0,5.232182951909889,90.0,169.53563409618022,95.23218295190989,90.0,169.53563409618022
4.000000000000003,0.0,40.0,239.0,5.232182951909889,90.0,169.53563409618022,84.76781704809011,90.0,190.46436590381978
4.000000000000003,0.0,40.0,239.0,5.232182951909889,90.0,169.53563409618022,84.76781704809011,90.0,190.46436590381978
4.020000000000002,0.0,-49.993977856,228.9704914944,5.66862873676962,89.99849306160222,169.1364866027442,95.66862873676962,90.00150693839778,184.1364866027442
4.020000000000002,0.0,-40.0,238.96446935039998,5.324388864570549,90.0,169.3512222708589,95.32438886457055,90.0,169.3512222708589
4.020000000000002,0.0,40.0,238.96446935039998,5.324388864570549,90.0,169.3512222708589,84.67561113542945,90.0,190.6487777291411
4.020000000000002,0.0,40.0,238.96446935039998,5.324388864570549,90.0,169.3512222708589,84.67561113542945,90.0,190.6487777291411
4.040000000000002,0.0,-49.95474739199999,228.7782622208,6.196798678432729,89.98866658293203,168.1245781615059,96.19679867843273,90.01133341706797,183.1245781615059
4.040000000000002,0.0,-40.0,238.73300961279998,5.889927004097073,90.0,168.22014599180585,95.88992700409707,90.0,168.22014599180585
4.040000000000002,0.0,40.0,238.73300961279998,5.889927004097073,90.0,168.22014599180585,84.11007299590293,90.0,191.77985400819415
4.040000000000002,0.0,40.0,238.73300961279998,5.889927004097073,90.0,168.22014599180585,84.11007299590293,90.0,191.77985400819415
4.060000000000001,0.0,-49.856811007999994,228.29837393919996,7.3523618272800135,89.96406156009255,165.9109435506432,97.35236182728002,90.03593843990745,180.9109435506432
4.060000000000001,0.0,-40.0,238.15518494719996,7.1086480218155685,90.0,165.78270395636886,97.10864802181557,90.0,165.78270395636886
4.060000000000001,0.0,40.0,238.15518494719996,7.1086480218155685,90.0,165.78270395636886,82.89135197818443,90.0,194.21729604363114
4.060000000000001,0.0,40.0,238.15518494719996,7.1086480218155685,90.0,165.78270395636886,82.89135197818443,90.0,194.21729604363114
4.080000000000001,0.0,-49.682412543999995,227.44382146559994,9.054280643066626,89.91998374556755,162.65152515645386,99.05428064306662,90.08001625443245,177.65152515645386
4.080000000000001,0.0,-40.0,237.12623400959993,8.875483453355448,90.00000000000001,162.2490330932891,98.87548345335544,89.99999999999999,162.2490330932891
4.080000000000001,0.0,40.0,237.12623400959993,8.875483453355448,90.00000000000001,162.2490330932891,81.12451654664456,90.00000000000001,197.7509669067109
4.080000000000001,0.0,40.0,237.12623400959993,8.875483453355448,90.00000000000001,162.2490330932891,81.12451654664456,90.00000000000001,197.7509669067109
4.1000000000000005,0.0,-49.42079999999999,226.16191999999995,11.134097972110256,89.85322443830455,158.67003411982432,101.13409797211025,90.14677556169545,173.67003411982432
4.1000000000000005,0.0,-40.0,235.58271999999994,11.009759803756745,90.0,157.98048039248653,101.00975980375675,90.0,157.98048039248653
4.1000000000000005,0.0,40.0,235.58271999999994,11.009759803756745,90.0,157.98048039248653,78.99024019624325,90.0,202.01951960751347
4.1000000000000005,0.0,40.0,235.58271999999994,11.009759803756745,90.0,157.98048039248653,78.99024019624325,90.0,202.01951960751347
4.12,0.0,-49.067488256,224.4306924544,13.448766227621844,89.76182655490128,154.2416117458359,103.44876622762185,90.23817344509872,169.2416117458359
4.12,0.0,-40.0,233.4981807104,13.367026708967732,90.0,153.26594658206454,103.36702670896773,90.0,153.26594658206454
4.12,0.0,40.0,233.4981807104,13.367026708967732,90.0,153.26594658206454,76.63297329103227,90.0,206.73405341793546
4.12,0.0,40.0,233.4981807104,13.367026708967732,90.0,153.26594658206454,76.63297329103227,90.0,206.73405341793546
4.14,0.0,-48.62352179200001,222.25525678080004,15.896340906713439,89.64491099168231,149.56264430129605,105.89634090671343,90.35508900831769,164.56264430129605
4.14,0.0,-40.0,230.87877857280006,15.846875432127051,90.0,148.3062491357459,105.84687543212705,90.0,148.3062491357459
4.14,0.0,40.0,230.87877857280006,15.846875432127051,90.0,148.3062491357459,74.15312456787295,90.0,211.6937508642541
4.14,0.0,40.0,230.87877857280006,15.846875432127051,90.0,148.3062491357459,74.15312456787295,90.0,211.6937508642541
4.159999999999999,0.0,-48.09473740800002,219.6642132992001,18.404289112148284,89.5025647166106,144.7730702659834,108.40428911214829,90.4974352833894,159.7730702659834
4.159999999999999,0.0,-40.0,227.75895070720014,18.37827518297929,90.0,143.24344963404144,108.3782751829793,90.0,143.24344963404144
4.159999999999999,0.0,40.0,227.75895070720014,18.37827518297929,90.0,143.24344963404144,71.6217248170207,90.0,216.75655036595856
4.159999999999999,0.0,40.0,227.75895070720014,18.37827518297929,90.0,143.24344963404144,71.6217248170207,90.0,216.75655036595856
4.179999999999999,0.0,-47.49102694400004,216.7060320256002,20.918432330665212,89.33578391705684,139.97748029412642,110.91843233066521,90.66421608294316,154.97748029412642
4.179999999999999,0.0,-40.0,224.19705896960022,20.90803898512697,90.0,138.18392202974607,110.90803898512698,90.0,138.18392202974607
4.179999999999999,0.0,40.0,224.19705896960022,20.90803898512697,90.0,138.18392202974607,69.09196101487302,90.0,221.81607797025393
4.179999999999999,0.0,40.0,224.19705896960022,20.90803898512697,90.0,138.18392202974607,69.09196101487302,90.0,221.81607797025393
4.199999999999998,0.0,-46.82560000000006,213.44544000000027,23.39601351462768,89.1464603089154,135.25832017282514,113.39601351462768,90.8535396910846,150.25832017282514
4.199999999999998,0.0,-40.0,220.27104000000034,23.394030286535287,90.0,133.21193942692943,113.39403028653528,90.0,133.21193942692943
4.199999999999998,0.0,40.0,220.27104000000034,23.394030286535287,90.0,133.21193942692943,66.60596971346472,90.0,226.78806057307057
4.199999999999998,0.0,40.0,220.27104000000034,23.394030286535287,90.0,133.21193942692943,66.60596971346472,90.0,226.78806057307057
4.219999999999998,0.0,-46.11424665600007,209.95980861440037,25.80166968455915,88.9373945789474,130.68353338176317,115.80166968455916,91.0626054210526,145.68353338176317
4.219999999999998,0.0,-40.0,216.07405527040044,25.80134376488654,90.0,128.39731247022692,115.80134376488654,90.0,128.39731247022692
4.219999999999998,0.0,40.0,216.07405527040044,25.80134376488654,90.0,128.39731247022692,64.19865623511346,90.0,231.60268752977308
4.219999999999998,0.0,40.0,216.07405527040044,25.80134376488654,90.0,128.39731247022692,64.19865623511346,90.0,231.60268752977308
4.2399999999999975,0.0,-45.37460019200009,206.33554094080046,28.105113810037942,88.7123168860161,126.310939049836,118.10511381003795,91.2876831139839,141.310939049836
4.2399999999999975,0.0,-40.0,211.71014113280057,28.10015545632601,90.00000000000001,123.79968908734799,118.10015545632601,89.99999999999999,123.79968908734799
4.2399999999999975,0.0,40.0,211.71014113280057,28.10015545632601,90.00000000000001,123.79968908734799,61.89984454367399,90.00000000000001,236.20031091265201
4.2399999999999975,0.0,40.0,211.71014113280057,28.10015545632601,90.00000000000001,123.79968908734799,61.89984454367399,90.00000000000001,236.20031091265201
4.259999999999997,0.0,-44.625399808000104,202.66445905920057,30.279819796066878,88.47589018208704,122.19070466883336,120.27981979606687,91.52410981791296,137.19070466883335
4.259999999999997,0.0,-40.0,207.28985886720065,30.26452737524056,90.0,119.47094524951889,120.26452737524056,90.0,119.47094524951889
4.259999999999997,0.0,40.0,207.28985886720065,30.26452737524056,90.0,119.47094524951889,59.73547262475944,90.0,240.52905475048112
4.259999999999997,0.0,40.0,207.28985886720065,30.26452737524056,90.0,119.47094524951889,59.73547262475944,90.0,240.52905475048112
4.279999999999997,0.0,-43.88575334400012,199.04019138560056,32.30233431306462,88.23366842644207,118.36664340880029,122.30233431306462,91.76633157355793,133.3666434088003
4.279999999999997,0.0,-40.0,202.92594472960073,32.27179572768284,90.0,115.45640854463433,122.27179572768284,90.0,115.45640854463433
4.279999999999997,0.0,40.0,202.92594472960073,32.27179572768284,90.0,115.45640854463433,57.72820427231716,90.0,244.54359145536569
4.279999999999997,0.0,40.0,202.92594472960073,32.27179572768284,90.0,115.45640854463433,57.72820427231716,90.0,244.54359145536569
4.299999999999996,0.0,-43.17440000000013,195.55456000000063,34.15202104622932,87.99197994043803,114.87671938701897,124.15202104622932,92.00802005956197,129.87671938701897
4.299999999999996,0.0,-40.0,198.72896000000077,34.102350597939704,90.0,111.7952988041206,124.1023505979397,90.0,111.7952988041206
4.299999999999996,0.0,40.0,198.72896000000077,34.102350597939704,90.0,111.7952988041206,55.897649402060296,90.0,248.2047011958794
4.299999999999996,0.0,40.0,198.72896000000077,34.102350597939704,90.0,111.7952988041206,55.897649402060296,90.0,248.2047011958794
4.319999999999996,0.0,-42.50897305600014,192.2939679744007,35.81113943814325,87.75770819165778,111.75295952528307,125.81113943814324,92.24229180834222,126.75295952528307
4.319999999999996,0.0,-40.0,194.8029410304008,35.73970763330247,90.0,108.52058473339505,125.73970763330247,90.0,108.52058473339505
4.319999999999996,0.0,40.0,194.8029410304008,35.73970763330247,90.0,108.52058473339505,54.26029236669753,90.0,251.47941526660495
4.319999999999996,0.0,40.0,194.8029410304008,35.73970763330247,90.0,108.52058473339505,54.26029236669753,90.0,251.47941526660495
4.339999999999995,0.0,-41.90526259200013,189.33578670080064,37.26521092547796,87.53795034956475,109.02087034467043,127.26521092547796,92.46204965043525,124.02087034467043
4.339999999999995,0.0,-40.0,191.2410492928008,37.17082226076231,90.0,105.65835547847539,127.17082226076231,90.0,105.65835547847539
4.339999999999995,0.0,40.0,191.2410492928008,37.17082226076231,90.0,105.65835547847539,52.82917773923769,90.0,254.34164452152461
4.339999999999995,0.0,40.0,191.2410492928008,37.17082226076231,90.0,105.65835547847539,52.82917773923769,90.0,254.34164452152461
4.359999999999995,0.0,-41.376478208000115,186.7447432192006,38.50365204142663,87.3395493913238,106.69840108874948,128.50365204142662,92.6604506086762,121.69840108874948
4.359999999999995,0.0,-40.0,188.12122142720074,38.38662617381938,90.0,103.22674765236125,128.38662617381937,90.0,103.22674765236125
4.359999999999995,0.0,40.0,188.12122142720074,38.38662617381938,90.0,103.22674765236125,51.61337382618062,90.0,256.77325234763873
4.359999999999995,0.0,40.0,188.12122142720074,38.38662617381938,90.0,103.22674765236125,51.61337382618062,90.0,256.77325234763873
4.379999999999995,0.0,-40.93251174400011,184.56930754560057,39.52066679046575,87.16851772761419,104.79445952426948,129.52066679046575,92.83148227238581,119.79445952426948
4.379999999999995,0.0,-40.0,185.50181928960063,39.38278515432856,90.0,101.23442969134288,129.38278515432856,90.0,101.23442969134288
4.379999999999995,0.0,40.0,185.50181928960063,39.38278515432856,90.0,101.23442969134288,50.61721484567144,90.0,258.7655703086571
4.379999999999995,0.0,40.0,185.50181928960063,39.38278515432856,90.0,101.23442969134288,50.61721484567144,90.0,258.7655703086571
4.399999999999994,0.0,-40.579200000000085,182.83808000000042,40.31639717785244,87.02939555292885,103.30696229637118,130.31639717785242,92.97060444707115,118.30696229637118
4.399999999999994,0.0,-40.0,183.41728000000063,40.160692091344515,90.0,99.67861581731097,130.16069209134452,90.0,99.67861581731097
4.399999999999994,0.0,40.0,183.41728000000063,40.160692091344515,90.0,99.67861581731097,49.839307908655485,90.0,260.32138418268903
4.399999999999994,0.0,40.0,183.41728000000063,40.160692091344515,90.0,99.67861581731097,49.839307908655485,90.0,260.32138418268903
4.419999999999994,0.0,-40.317587456000055,181.55617853440032,40.898335157717526,86.92460844856211,102.22038265045107,130.89833515771753,93.07539155143789,117.22038265045107
4.419999999999994,0.0,-40.0,181.87376599040044,40.72872112100506,90.00000000000001,98.54255775798988,130.72872112100507,89.99999999999999,98.54255775798988
4.419999999999994,0.0,40.0,181.87376599040044,40.72872112100506,90.00000000000001,98.54255775798988,49.27127887899494,90.00000000000001,261.45744224201013
4.419999999999994,0.0,40.0,181.87376599040044,40.72872112100506,90.00000000000001,98.54255775798988,49.27127887899494,90.00000000000001,261.45744224201013
4.439999999999993,0.0,-40.14318899200005,180.70162606080024,41.28300325825553,86.8538974461101,101.50274590147525,131.28300325825552,93.1461025538899,116.50274590147525
4.439999999999993,0.0,-40.0,180.84481505280036,41.103776394671065,90.00000000000001,97.79244721065787,131.10377639467106,89.99999999999999,97.79244721065787
4.439999999999993,0.0,40.0,180.84481505280036,41.103776394671065,90.00000000000001,97.79244721065787,48.896223605328935,90.00000000000001,262.2075527893421
4.439999999999993,0.0,40.0,180.84481505280036,41.103776394671065,90.00000000000001,97.79244721065787,48.896223605328935,90.00000000000001,262.2075527893421
4.459999999999993,0.0,-40.04525260800001,180.2217377792001,41.497911058881265,86.81388334055103,101.10202834716796,131.49791105888127,93.18611665944897,116.10202834716796
4.459999999999993,0.0,-40.0,180.26699038720025,41.31316529767603,90.0,97.37366940464793,131.31316529767602,90.0,97.37366940464793
4.459999999999993,0.0,40.0,180.26699038720025,41.31316529767603,90.0,97.37366940464793,48.68683470232397,90.0,262.6263305953521
4.459999999999993,0.0,40.0,180.26699038720025,41.31316529767603,90.0,97.37366940464793,48.68683470232397,90.0,262.6263305953521
4.479999999999992,0.0,-40.006022144000006,180.0295085056001,41.583777376990994,86.79779273846034,100.94196533217107,131.583777376991,93.20220726153966,115.94196533217107
4.479999999999992,0.0,-40.0,180.0355306496001,41.396796422371956,90.0,97.20640715525609,131.39679642237195,90.0,97.20640715525609
4.479999999999992,0.0,40.0,180.0355306496001,41.396796422371956,90.0,97.20640715525609,48.603203577628044,90.0,262.7935928447439
4.479999999999992,0.0,40.0,180.0355306496001,41.396796422371956,90.0,97.20640715525609,48.603203577628044,90.0,262.7935928447439
4.499999999999992,0.0,-40.0,180.0,41.59694742464398,86.79531956251773,100.9174173158139,131.596947424644,93.20468043748227,115.9174173158139
4.499999999999992,0.0,-40.0,180.00000000000006,41.40962210927084,90.0,97.18075578145832,131.40962210927086,90.0,97.18075578145832
4.499999999999992,0.0,40.0,180.00000000000006,41.40962210927084,90.0,97.18075578145832,48.59037789072916,90.0,262.8192442185417
4.499999999999992,0.0,40.0,180.00000000000006,41.40962210927084,90.0,97.18075578145832,48.59037789072916,90.0,262.8192442185417
4.519999999999992,0.0,-40.00602214399999,180.02950850559995,41.58377737699107,86.79779273846034,100.94196533217092,131.58377737699107,93.20220726153966,115.94196533217092
4.519999999999992,0.0,-40.0,180.03553064959996,41.396796422372006,90.0,97.20640715525599,131.396796422372,90.0,97.20640715525599
4.519999999999992,0.0,40.0,180.03553064959996,41.396796422372006,90.0,97.20640715525599,48.603203577627994,90.0,262.793592844744
4.519999999999992,0.0,40.0,180.03553064959996,41.396796422372006,90.0,97.20640715525599,48.603203577627994,90.0,262.793592844744
4.539999999999991,0.0,-40.04525260799998,180.22173777919983,41.49791105888139,86.813883340551,101.10202834716772,131.49791105888139,93.186116659449,116.10202834716772
4.539999999999991,0.0,-40.0,180.26699038719983,41.31316529767619,90.0,97.37366940464763,131.3131652976762,90.0,97.37366940464763
4.539999999999991,0.0,40.0,180.26699038719983,41.31316529767619,90.0,97.37366940464763,48.68683470232381,90.0,262.6263305953524
4.539999999999991,0.0,40.0,180.26699038719983,41.31316529767619,90.0,97.37366940464763,48.68683470232381,90.0,262.6263305953524
4.559999999999991,0.0,-40.143188991999935,180.7016260607997,41.283003258255775,86.85389744611004,101.50274590147478,131.28300325825577,93.14610255388996,116.50274590147478
4.559999999999991,0.0,-40.0,180.84481505279962,41.103776394671335,90.0,97.79244721065734,131.10377639467134,90.0,97.79244721065734
4.559999999999991,0.0,40.0,180.84481505279962,41.103776394671335,90.0,97.79244721065734,48.896223605328665,90.0,262.2075527893427
4.559999999999991,0.0,40.0,180.84481505279962,41.103776394671335,90.0,97.79244721065734,48.896223605328665,90.0,262.2075527893427
4.57999999999999,0.0,-40.3175874559999,181.5561785343995,40.898335157717895,86.92460844856204,102.2203826504504,130.8983351577179,93.07539155143796,117.2203826504504
4.57999999999999,0.0,-40.0,181.8737659903994,40.72872112100544,90.0,98.5425577579891,130.72872112100544,90.0,98.5425577579891
4.57999999999999,0.0,40.0,181.8737659903994,40.72872112100544,90.0,98.5425577579891,49.27127887899456,90.0,261.45744224201087
4.57999999999999,0.0,40.0,181.8737659903994,40.72872112100544,90.0,98.5425577579891,49.27127887899456,90.0,261.45744224201087
4.59999999999999,0.0,-40.579199999999844,182.83807999999925,40.31639717785298,87.02939555292875,103.30696229637017,130.316397177853,92.97060444707125,118.30696229637017
4.59999999999999,0.0,-40.0,183.4172799999991,40.16069209134509,90.0,99.67861581730985,130.16069209134508,90.0,99.67861581730985
4.59999999999999,0.0,40.0,183.4172799999991,40.16069209134509,90.0,99.67861581730985,49.83930790865491,90.0,260.32138418269017
4.59999999999999,0.0,40.0,183.4172799999991,40.16069209134509,90.0,99.67861581730985,49.83930790865491,90.0,260.32138418269017
4.6199999999999894,0.0,-40.93251174399979,184.56930754559897,39.5206667904665,87.16851772761406,104.79445952426809,129.5206667904665,92.83148227238594,119.79445952426809
4.6199999999999894,0.0,-40.0,185.50181928959876,39.38278515432927,90.0,101.23442969134148,129.38278515432927,90.0,101.23442969134148
4.6199999999999894,0.0,40.0,185.50181928959876,39.38278515432927,90.0,101.23442969134148,50.61721484567073,90.0,258.76557030865854
4.6199999999999894,0.0,40.0,185.50181928959876,39.38278515432927,90.0,101.23442969134148,50.61721484567073,90.0,258.76557030865854
4.639999999999989,0.0,-41.37647820799973,186.74474321919868,38.503652041427536,87.33954939132366,106.69840108874779,128.50365204142753,92.66045060867634,121.69840108874779
4.639999999999989,0.0,-40.0,188.1212214271984,38.386626173820275,90.0,103.22674765235946,128.38662617382028,90.0,103.22674765235946
4.639999999999989,0.0,40.0,188.1212214271984,38.386626173820275,90.0,103.22674765235946,51.613373826179725,90.0,256.77325234764055
4.639999999999989,0.0,40.0,188.1212214271984,38.386626173820275,90.0,103.22674765235946,51.613373826179725,90.0,256.77325234764055
4.659999999999989,0.0,-41.90526259199968,189.33578670079842,37.26521092547903,87.53795034956458,109.02087034466842,127.26521092547904,92.46204965043542,124.02087034466842
4.659999999999989,0.0,-40.0,191.24104929279807,37.170822260763394,90.0,105.65835547847323,127.1708222607634,90.0,105.65835547847323
4.659999999999989,0.0,40.0,191.24104929279807,37.170822260763394,90.0,105.65835547847323,52.829177739236606,90.0,254.34164452152677
4.659999999999989,0.0,40.0,191.24104929279807,37.170822260763394,90.0,105.65835547847323,52.829177739236606,90.0,254.34164452152677
4.679999999999988,0.0,-42.50897305599962,192.29396797439816,35.81113943814452,87.75770819165761,111.7529595252807,125.81113943814452,92.24229180834239,126.7529595252807
4.679999999999988,0.0,-40.0,194.80294103039776,35.739707633303716,90.0,108.52058473339257,125.73970763330371,90.0,108.52058473339257
4.679999999999988,0.0,40.0,194.80294103039776,35.739707633303716,90.0,108.52058473339257,54.260292366696284,90.0,251.47941526660742
4.679999999999988,0.0,40.0,194.80294103039776,35.739707633303716,90.0,108.52058473339257,54.260292366696284,90.0,251.47941526660742
4.699999999999988,0.0,-43.17439999999958,195.55455999999793,34.15202104623071,87.99197994043784,114.87671938701634,124.15202104623071,92.00802005956216,129.87671938701635
4.699999999999988,0.0,-40.0,198.7289599999975,34.10235059794108,90.0,111.79529880411783,124.10235059794108,90.0,111.79529880411783
4.699999999999988,0.0,40.0,198.7289599999975,34.10235059794108,90.0,111.79529880411783,55.89764940205892,90.0,248.20470119588217
4.699999999999988,0.0,40.0,198.7289599999975,34.10235059794108,90.0,111.79529880411783,55.89764940205892,90.0,248.20470119588217
4.719999999999987,0.0,-43.88575334399954,199.04019138559775,32.30233431306616,88.23366842644185,118.36664340879736,122.30233431306615,91.76633157355815,133.36664340879736
4.719999999999987,0.0,-40.0,202.92594472959726,32.27179572768439,90.00000000000001,115.45640854463123,122.27179572768439,89.99999999999999,115.45640854463123
4.719999999999987,0.0,40.0,202.92594472959726,32.27179572768439,90.00000000000001,115.45640854463123,57.72820427231561,90.00000000000001,244.54359145536876
4.719999999999987,0.0,40.0,202.92594472959726,32.27179572768439,90.00000000000001,115.45640854463123,57.72820427231561,90.00000000000001,244.54359145536876
4.739999999999987,0.0,-44.62539980799951,202.6644590591976,30.279819796068566,88.47589018208684,122.19070466883018,120.27981979606857,91.52410981791316,137.19070466883016
4.739999999999987,0.0,-40.0,207.28985886719713,30.264527375242242,90.0,119.47094524951552,120.26452737524224,90.0,119.47094524951552
4.739999999999987,0.0,40.0,207.28985886719713,30.264527375242242,90.0,119.47094524951552,59.73547262475776,90.0,240.52905475048448
4.739999999999987,0.0,40.0,207.28985886719713,30.264527375242242,90.0,119.47094524951552,59.73547262475776,90.0,240.52905475048448
4.7599999999999865,0.0,-45.37460019199949,206.3355409407975,28.10511381003976,88.71231688601591,126.31093904983253,118.10511381003977,91.28768311398409,141.31093904983254
4.7599999999999865,0.0,-40.0,211.710141132797,28.100155456327823,90.0,123.79968908734436,118.10015545632783,90.0,123.79968908734436
4.7599999999999865,0.0,40.0,211.710141132797,28.100155456327823,90.0,123.79968908734436,61.899844543672174,90.0,236.20031091265565
4.7599999999999865,0.0,40.0,211.710141132797,28.100155456327823,90.0,123.79968908734436,61.899844543672174,90.0,236.20031091265565
4.779999999999986,0.0,-46.114246655999494,209.9598086143975,25.801669684561045,88.93739457894722,130.68353338175956,115.80166968456105,91.06260542105278,145.68353338175956
4.779999999999986,0.0,-40.0,216.07405527039703,25.801343764888404,90.0,128.3973124702232,115.8013437648884,90.0,128.3973124702232
4.779999999999986,0.0,40.0,216.07405527039703,25.801343764888404,90.0,128.3973124702232,64.1986562351116,90.0,231.6026875297768
4.779999999999986,0.0,40.0,216.07405527039703,25.801343764888404,90.0,128.3973124702232,64.1986562351116,90.0,231.6026875297768
4.799999999999986,0.0,-46.825599999999504,213.44543999999757,23.39601351462963,89.14646030891522,135.2583201728214,113.39601351462963,90.85353969108478,150.2583201728214
4.799999999999986,0.0,-40.0,220.27103999999707,23.39403028653724,90.00000000000001,133.2119394269255,113.39403028653724,89.99999999999999,133.2119394269255
4.799999999999986,0.0,40.0,220.27103999999707,23.39403028653724,90.00000000000001,133.2119394269255,66.60596971346276,90.00000000000001,226.7880605730745
4.799999999999986,0.0,40.0,220.27103999999707,23.39403028653724,90.00000000000001,133.2119394269255,66.60596971346276,90.00000000000001,226.7880605730745
4.819999999999985,0.0,-47.49102694399952,216.7060320255977,20.918432330667198,89.3357839170567,139.97748029412264,110.9184323306672,90.6642160829433,154.97748029412264
4.819999999999985,0.0,-40.0,224.1970589695972,20.90803898512898,90.0,138.18392202974204,110.90803898512898,90.0,138.18392202974204
4.819999999999985,0.0,40.0,224.1970589695972,20.90803898512898,90.0,138.18392202974204,69.09196101487102,90.0,221.81607797025796
4.819999999999985,0.0,40.0,224.1970589695972,20.90803898512898,90.0,138.18392202974204,69.09196101487102,90.0,221.81607797025796
4.839999999999985,0.0,-48.094737407999574,219.66421329919783,18.40428911215035,89.50256471661048,144.77307026597944,108.40428911215035,90.49743528338952,159.77307026597944
4.839999999999985,0.0,-40.0,227.75895070719739,18.378275182981373,90.0,143.24344963403726,108.37827518298137,90.0,143.24344963403726
4.839999999999985,0.0,40.0,227.75895070719739,18.378275182981373,90.0,143.24344963403726,71.62172481701863,90.0,216.75655036596274
4.839999999999985,0.0,40.0,227.75895070719739,18.378275182981373,90.0,143.24344963403726,71.62172481701863,90.0,216.75655036596274
4.859999999999984,0.0,-48.623521791999615,222.25525678079816,15.896340906715398,89.6449109916822,149.5626443012923,105.8963409067154,90.3550890083178,164.5626443012923
4.859999999999984,0.0,-40.0,230.87877857279776,15.846875432129059,90.0,148.3062491357419,105.84687543212905,90.0,148.3062491357419
4.859999999999984,0.0,40.0,230.87877857279776,15.846875432129059,90.0,148.3062491357419,74.15312456787095,90.0,211.6937508642581
4.859999999999984,0.0,40.0,230.87877857279776,15.846875432129059,90.0,148.3062491357419,74.15312456787095,90.0,211.6937508642581
4.879999999999984,0.0,-49.06748825599968,224.4306924543984,13.448766227623786,89.7618265549012,154.2416117458322,103.44876622762379,90.2381734450988,169.2416117458322
4.879999999999984,0.0,-40.0,233.49818071039812,13.367026708969666,90.0,153.26594658206068,103.36702670896966,90.0,153.26594658206068
4.879999999999984,0.0,40.0,233.49818071039812,13.367026708969666,90.0,153.26594658206068,76.63297329103034,90.0,206.73405341793932
4.879999999999984,0.0,40.0,233.49818071039812,13.367026708969666,90.0,153.26594658206068,76.63297329103034,90.0,206.73405341793932
4.8999999999999835,0.0,-49.420799999999744,226.16191999999876,11.134097972112036,89.8532244383045,158.6700341198209,101.13409797211203,90.1467755616955,173.6700341198209
4.8999999999999835,0.0,-40.0,235.5827199999985,11.009759803758566,90.00000000000001,157.9804803924829,101.00975980375857,89.99999999999999,157.9804803924829
4.8999999999999835,0.0,40.0,235.5827199999985,11.009759803758566,90.00000000000001,157.9804803924829,78.99024019624143,90.00000000000001,202.0195196075171
4.8999999999999835,0.0,40.0,235.5827199999985,11.009759803758566,90.00000000000001,157.9804803924829,78.99024019624143,90.00000000000001,202.0195196075171
4.919999999999983,0.0,-49.68241254399981,227.44382146559906,9.054280643068209,89.9199837455675,162.65152515645084,99.05428064306821,90.0800162544325,177.65152515645084
4.919999999999983,0.0,-40.0,237.1262340095989,8.875483453357052,90.00000000000001,162.2490330932859,98.87548345335705,89.99999999999999,162.2490330932859
4.919999999999983,0.0,40.0,237.1262340095989,8.875483453357052,90.00000000000001,162.2490330932859,81.12451654664295,90.00000000000001,197.7509669067141
4.919999999999983,0.0,40.0,237.1262340095989,8.875483453357052,90.00000000000001,162.2490330932859,81.12451654664295,90.00000000000001,197.7509669067141
4.939999999999983,0.0,-49.85681100799988,228.29837393919945,7.352361827281128,89.96406156009252,165.91094355064106,97.35236182728113,90.03593843990748,180.91094355064106
4.939999999999983,0.0,-40.0,238.1551849471992,7.108648021817045,90.0,165.7827039563659,97.10864802181705,90.0,165.7827039563659
4.939999999999983,0.0,40.0,238.1551849471992,7.108648021817045,90.0,165.7827039563659,82.89135197818295,90.0,194.2172960436341
4.939999999999983,0.0,40.0,238.1551849471992,7.108648021817045,90.0,165.7827039563659,82.89135197818295,90.0,194.2172960436341
4.959999999999982,0.0,-49.95474739199992,228.7782622207996,6.196798678433725,89.98866658293201,168.12457816150396,96.19679867843372,90.01133341706799,183.12457816150396
4.959999999999982,0.0,-40.0,238.73300961279944,5.88992700409832,90.0,168.22014599180338,95.88992700409833,90.0,168.22014599180338
4.959999999999982,0.0,40.0,238.73300961279944,5.88992700409832,90.0,168.22014599180338,84.11007299590167,90.0,191.77985400819662
4.959999999999982,0.0,40.0,238.73300961279944,5.88992700409832,90.0,168.22014599180338,84.11007299590167,90.0,191.77985400819662
4.979999999999982,0.0,-49.99397785600001,228.97049149439997,5.66862873676962,89.99849306160222,169.1364866027442,95.66862873676962,90.00150693839778,184.1364866027442
4.979999999999982,0.0,-40.0,238.96446935039984,5.324388864570891,90.0,169.35122227085822,95.32438886457089,90.0,169.35122227085822
4.979999999999982,0.0,40.0,238.96446935039984,5.324388864570891,90.0,169.35122227085822,84.67561113542911,90.0,190.64877772914178
4.979999999999982,0.0,40.0,238.96446935039984,5.324388864570891,90.0,169.35122227085822,84.67561113542911,90.0,190.64877772914178
4.999999999999981,0.0,-50.0,229.0,5.583150537107256,90.0,169.30025916731785,95.58315053710726,90.0,184.30025916731785
4.999999999999981,0.0,-40.0,238.99999999999994,5.232182951910053,90.00000000000001,169.5356340961799,95.23218295191005,89.99999999999999,169.5356340961799
4.999999999999981,0.0,40.0,238.99999999999994,5.232182951910053,90.00000000000001,169.5356340961799,84.76781704808995,90.00000000000001,190.4643659038201
4.999999999999981,0.0,40.0,238.99999999999994,5.232182951910053,90.00000000000001,169.5356340961799,84.76781704808995,90.00000000000001,190.4643659038201
5.019999999999981,0.0,-49.993977856000015,228.97049149440008,5.668628736769315,89.99849306160223,169.13648660274478,95.66862873676932,90.00150693839777,184.13648660274478
5.019999999999981,0.0,-40.0,238.96446935040012,5.324388864570192,90.0,169.3512222708596,95.3243888645702,90.0,169.3512222708596
5.019999999999981,0.0,40.0,238.96446935040012,5.324388864570192,90.0,169.3512222708596,84.6756111354298,90.0,190.6487777291404
5.019999999999981,0.0,40.0,238.96446935040012,5.324388864570192,90.0,169.3512222708596,84.6756111354298,90.0,190.6487777291404
5.0399999999999805,0.0,-49.954747392000066,228.77826222080031,6.196798678431891,89.98866658293205,168.1245781615075,96.19679867843189,90.01133341706795,183.1245781615075
5.0399999999999805,0.0,-40.0,238.73300961280037,5.889927004096157,90.0,168.2201459918077,95.88992700409615,90.0,168.2201459918077
5.0399999999999805,0.0,40.0,238.73300961280037,5.889927004096157,90.0,168.2201459918077,84.11007299590385,90.0,191.7798540081923
5.0399999999999805,0.0,40.0,238.73300961280037,5.889927004096157,90.0,168.2201459918077,84.11007299590385,90.0,191.7798540081923
5.05999999999998,0.0,-49.856811008000136,228.29837393920067,7.352361827278458,89.96406156009257,165.91094355064618,97.35236182727846,90.03593843990743,180.91094355064618
5.05999999999998,0.0,-40.0,238.15518494720078,7.108648021813978,90.00000000000001,165.78270395637205,97.10864802181398,89.99999999999999,165.78270395637205
5.05999999999998,0.0,40.0,238.15518494720078,7.108648021813978,90.00000000000001,165.78270395637205,82.89135197818602,90.00000000000001,194.21729604362795
5.05999999999998,0.0,40.0,238.15518494720078,7.108648021813978,90.00000000000001,165.78270395637205,82.89135197818602,90.00000000000001,194.21729604362795
5.07999999999998,0.0,-49.68241254400022,227.44382146560108,9.054280643064502,89.9199837455676,162.65152515645792,99.0542806430645,90.0800162544324,177.65152515645792
5.07999999999998,0.0,-40.0,237.1262340096013,8.875483453353352,90.0,162.2490330932933,98.87548345335335,90.0,162.2490330932933
5.07999999999998,0.0,40.0,237.1262340096013,8.875483453353352,90.0,162.2490330932933,81.12451654664665,90.0,197.7509669067067
5.07999999999998,0.0,40.0,237.1262340096013,8.875483453353352,90.0,162.2490330932933,81.12451654664665,90.0,197.7509669067067
5.099999999999979,0.0,-49.42080000000033,226.16192000000157,11.134097972107888,89.85322443830464,158.67003411982887,101.1340979721079,90.14677556169536,173.67003411982887
5.099999999999979,0.0,-40.0,235.5827200000019,11.00975980375429,90.0,157.98048039249142,101.00975980375429,90.0,157.98048039249142
5.099999999999979,0.0,40.0,235.5827200000019,11.00975980375429,90.0,157.98048039249142,78.99024019624571,90.0,202.01951960750858
5.099999999999979,0.0,40.0,235.5827200000019,11.00975980375429,90.0,157.98048039249142,78.99024019624571,90.0,202.01951960750858
5.119999999999979,0.0,-49.06748825600042,224.43069245440208,13.448766227619291,89.7618265549014,154.2416117458408,103.44876622761929,90.2381734450986,169.2416117458408
5.119999999999979,0.0,-40.0,233.4981807104025,13.36702670896515,90.0,153.26594658206972,103.36702670896516,90.0,153.26594658206972
5.119999999999979,0.0,40.0,233.4981807104025,13.36702670896515,90.0,153.26594658206972,76.63297329103484,90.0,206.73405341793028
5.119999999999979,0.0,40.0,233.4981807104025,13.36702670896515,90.0,153.26594658206972,76.63297329103484,90.0,206.73405341793028
5.139999999999978,0.0,-48.62352179200053,222.2552567808026,15.896340906710789,89.64491099168244,149.5626443013011,105.89634090671079,90.35508900831756,164.5626443013011
5.139999999999978,0.0,-40.0,230.87877857280313,15.846875432124351,90.0,148.3062491357513,105.84687543212435,90.0,148.3062491357513
5.139999999999978,0.0,40.0,230.87877857280313,15.846875432124351,90.0,148.3062491357513,74.15312456787565,90.0,211.6937508642487
5.139999999999978,0.0,40.0,230.87877857280313,15.846875432124351,90.0,148.3062491357513,74.15312456787565,90.0,211.6937508642487
5.159999999999978,0.0,-48.094737408000626,219.66421329920308,18.40428911214562,89.50256471661076,144.77307026598848,108.40428911214562,90.49743528338924,159.77307026598848
5.159999999999978,0.0,-40.0,227.7589507072037,18.378275182976605,90.0,143.2434496340468,108.37827518297661,90.0,143.2434496340468
5.159999999999978,0.0,40.0,227.7589507072037,18.378275182976605,90.0,143.2434496340468,71.62172481702339,90.0,216.7565503659532
5.159999999999978,0.0,40.0,227.7589507072037,18.378275182976605,90.0,143.2434496340468,71.62172481702339,90.0,216.7565503659532
5.1799999999999775,0.0,-47.49102694400072,216.70603202560352,20.91843233066255,89.33578391705704,139.97748029413148,110.91843233066255,90.66421608294296,154.97748029413148
5.1799999999999775,0.0,-40.0,224.19705896960423,20.908038985124286,90.0,138.18392202975144,110.90803898512428,90.0,138.18392202975144
5.1799999999999775,0.0,40.0,224.19705896960423,20.908038985124286,90.0,138.18392202975144,69.09196101487572,90.0,221.81607797024856
5.1799999999999775,0.0,40.0,224.19705896960423,20.908038985124286,90.0,138.18392202975144,69.09196101487572,90.0,221.81607797024856
5.199999999999977,0.0,-46.82560000000079,213.44544000000388,23.39601351462509,89.1464603089156,135.25832017283008,113.39601351462508,90.8535396910844,150.25832017283008
5.199999999999977,0.0,-40.0,220.27104000000466,23.39403028653268,90.0,133.21193942693466,113.39403028653268,90.0,133.21193942693466
5.199999999999977,0.0,40.0,220.27104000000466,23.39403028653268,90.0,133.21193942693466,66.60596971346732,90.0,226.78806057306534
5.199999999999977,0.0,40.0,220.27104000000466,23.39403028653268,90.0,133.21193942693466,66.60596971346732,90.0,226.78806057306534
5.219999999999977,0.0,-46.11424665600085,209.95980861440418,25.80166968455664,88.93739457894762,130.68353338176792,115.80166968455664,91.06260542105238,145.68353338176792
5.219999999999977,0.0,-40.0,216.07405527040504,25.80134376488402,90.0,128.39731247023198,115.80134376488402,90.0,128.39731247023198
5.219999999999977,0.0,40.0,216.07405527040504,25.80134376488402,90.0,128.39731247023198,64.19865623511598,90.0,231.60268752976802
5.219999999999977,0.0,40.0,216.07405527040504,25.80134376488402,90.0,128.39731247023198,64.19865623511598,90.0,231.60268752976802
5.239999999999976,0.0,-45.374600192000884,206.33554094080438,28.10511381003556,88.71231688601635,126.31093904984048,118.10511381003556,91.28768311398365,141.3109390498405
5.239999999999976,0.0,-40.0,211.71014113280526,28.100155456323638,90.0,123.79968908735275,118.10015545632363,90.0,123.79968908735275
5.239999999999976,0.0,40.0,211.71014113280526,28.100155456323638,90.0,123.79968908735275,61.899844543676366,90.0,236.20031091264724
5.239999999999976,0.0,40.0,211.71014113280526,28.100155456323638,90.0,123.79968908735275,61.899844543676366,90.0,236.20031091264724
5.259999999999976,0.0,-44.62539980800091,202.66445905920443,30.27981979606466,88.47589018208728,122.19070466883757,120.27981979606466,91.52410981791272,137.19070466883755
5.259999999999976,0.0,-40.0,207.28985886720534,30.264527375238345,90.0,119.47094524952331,120.26452737523834,90.0,119.47094524952331
5.259999999999976,0.0,40.0,207.28985886720534,30.264527375238345,90.0,119.47094524952331,59.735472624761655,90.0,240.5290547504767
5.259999999999976,0.0,40.0,207.28985886720534,30.264527375238345,90.0,119.47094524952331,59.735472624761655,90.0,240.5290547504767
5.279999999999975,0.0,-43.8857533440009,199.0401913856044,32.302334313062545,88.23366842644232,118.3666434088042,122.30233431306254,91.76633157355768,133.36664340880418
5.279999999999975,0.0,-40.0,202.9259447296053,32.271795727680804,90.0,115.4564085446384,122.2717957276808,90.0,115.4564085446384
5.279999999999975,0.0,40.0,202.9259447296053,32.271795727680804,90.0,115.4564085446384,57.728204272319196,90.0,244.5435914553616
5.279999999999975,0.0,40.0,202.9259447296053,32.271795727680804,90.0,115.4564085446384,57.728204272319196,90.0,244.5435914553616
5.299999999999975,0.0,-43.174400000000865,195.55456000000424,34.152021046227446,87.99197994043828,114.87671938702249,124.15202104622745,92.00802005956172,129.8767193870225
5.299999999999975,0.0,-40.0,198.72896000000515,34.10235059793783,90.0,111.79529880412433,124.10235059793783,90.0,111.79529880412433
5.299999999999975,0.0,40.0,198.72896000000515,34.10235059793783,90.0,111.79529880412433,55.89764940206217,90.0,248.20470119587566
5.299999999999975,0.0,40.0,198.72896000000515,34.10235059793783,90.0,111.79529880412433,55.89764940206217,90.0,248.20470119587566
5.3199999999999745,0.0,-42.50897305600081,192.29396797440398,35.811139438141616,87.75770819165804,111.75295952528616,125.81113943814162,92.24229180834196,126.75295952528616
5.3199999999999745,0.0,-40.0,194.8029410304048,35.73970763330084,90.0,108.52058473339832,125.73970763330084,90.0,108.52058473339832
5.3199999999999745,0.0,40.0,194.8029410304048,35.73970763330084,90.0,108.52058473339832,54.26029236669916,90.0,251.47941526660168
5.3199999999999745,0.0,40.0,194.8029410304048,35.73970763330084,90.0,108.52058473339832,54.26029236669916,90.0,251.47941526660168
5.339999999999974,0.0,-41.90526259200073,189.33578670080362,37.26521092547652,87.53795034956497,109.02087034467316,127.26521092547651,92.46204965043503,124.02087034467316
5.339999999999974,0.0,-40.0,191.24104929280438,37.1708222607609,90.00000000000001,105.65835547847821,127.1708222607609,89.99999999999999,105.65835547847821
5.339999999999974,0.0,40.0,191.24104929280438,37.1708222607609,90.00000000000001,105.65835547847821,52.8291777392391,90.00000000000001,254.3416445215218
5.339999999999974,0.0,40.0,191.24104929280438,37.1708222607609,90.00000000000001,105.65835547847821,52.8291777392391,90.00000000000001,254.3416445215218
5.359999999999974,0.0,-41.37647820800065,186.74474321920317,38.50365204142541,87.33954939132401,106.69840108875177,128.50365204142543,92.66045060867599,121.69840108875177
5.359999999999974,0.0,-40.0,188.12122142720386,38.38662617381817,90.0,103.22674765236366,128.38662617381817,90.0,103.22674765236366
5.359999999999974,0.0,40.0,188.12122142720386,38.38662617381817,90.0,103.22674765236366,51.61337382618183,90.0,256.77325234763634
5.359999999999974,0.0,40.0,188.12122142720386,38.38662617381817,90.0,103.22674765236366,51.61337382618183,90.0,256.77325234763634
5.379999999999973,0.0,-40.932511744000536,184.5693075456026,39.52066679046481,87.16851772761434,104.79445952427126,129.52066679046482,92.83148227238566,119.79445952427126
5.379999999999973,0.0,-40.0,185.5018192896032,39.3827851543276,90.00000000000001,101.23442969134481,129.3827851543276,89.99999999999999,101.23442969134481
5.379999999999973,0.0,40.0,185.5018192896032,39.3827851543276,90.00000000000001,101.23442969134481,50.6172148456724,90.00000000000001,258.7655703086552
5.379999999999973,0.0,40.0,185.5018192896032,39.3827851543276,90.00000000000001,101.23442969134481,50.6172148456724,90.00000000000001,258.7655703086552
5.399999999999973,0.0,-40.57920000000041,182.83808000000204,40.3163971778517,87.02939555292897,103.30696229637256,130.31639717785168,92.97060444707103,118.30696229637256
5.399999999999973,0.0,-40.0,183.41728000000248,40.160692091343826,90.00000000000001,99.67861581731235,130.16069209134383,89.99999999999999,99.67861581731235
5.399999999999973,0.0,40.0,183.41728000000248,40.160692091343826,90.00000000000001,99.67861581731235,49.839307908656174,90.00000000000001,260.32138418268767
5.399999999999973,0.0,40.0,183.41728000000248,40.160692091343826,90.00000000000001,99.67861581731235,49.839307908656174,90.00000000000001,260.32138418268767
5.419999999999972,0.0,-40.3175874560003,181.55617853440145,40.89833515771701,86.92460844856221,102.22038265045204,130.898335157717,93.07539155143779,117.22038265045204
5.419999999999972,0.0,-40.0,181.8737659904018,40.72872112100456,90.0,98.54255775799088,130.72872112100455,90.0,98.54255775799088
5.419999999999972,0.0,40.0,181.8737659904018,40.72872112100456,90.0,98.54255775799088,49.27127887899544,90.0,261.4574422420091
5.419999999999972,0.0,40.0,181.8737659904018,40.72872112100456,90.0,98.54255775799088,49.27127887899544,90.0,261.4574422420091
5.439999999999972,0.0,-40.14318899200018,180.70162606080092,41.28300325825523,86.85389744611014,101.5027459014758,131.28300325825523,93.14610255388986,116.5027459014758
5.439999999999972,0.0,-40.0,180.84481505280115,41.10377639467078,90.0,97.79244721065845,131.10377639467077,90.0,97.79244721065845
5.439999999999972,0.0,40.0,180.84481505280115,41.10377639467078,90.0,97.79244721065845,48.89622360532922,90.0,262.20755278934155
5.439999999999972,0.0,40.0,180.84481505280115,41.10377639467078,90.0,97.79244721065845,48.89622360532922,90.0,262.20755278934155
5.4599999999999715,0.0,-40.04525260800009,180.22173777920048,41.4979110588811,86.81388334055106,101.10202834716829,131.4979110588811,93.18611665944894,116.10202834716829
5.4599999999999715,0.0,-40.0,180.26699038720062,41.3131652976759,90.0,97.3736694046482,131.3131652976759,90.0,97.3736694046482
5.4599999999999715,0.0,40.0,180.26699038720062,41.3131652976759,90.0,97.3736694046482,48.6868347023241,90.0,262.6263305953518
5.4599999999999715,0.0,40.0,180.26699038720062,41.3131652976759,90.0,97.3736694046482,48.6868347023241,90.0,262.6263305953518
5.479999999999971,0.0,-40.00602214400002,180.0295085056001,41.583777376990994,86.79779273846034,100.94196533217107,131.583777376991,93.20220726153966,115.94196533217107
5.479999999999971,0.0,-40.0,180.03553064960028,41.396796422371885,90.00000000000001,97.20640715525623,131.3967964223719,89.99999999999999,97.20640715525623
5.479999999999971,0.0,40.0,180.03553064960028,41.396796422371885,90.00000000000001,97.20640715525623,48.603203577628115,90.00000000000001,262.7935928447438
5.479999999999971,0.0,40.0,180.03553064960028,41.396796422371885,90.00000000000001,97.20640715525623,48.603203577628115,90.00000000000001,262.7935928447438
5.499999999999971,0.0,-40.0,180.0,41.59694742464398,86.79531956251773,100.9174173158139,131.596947424644,93.20468043748227,115.9174173158139
5.499999999999971,0.0,-40.0,180.0000000000001,41.40962210927082,90.00000000000001,97.18075578145836,131.40962210927083,89.99999999999999,97.18075578145836
5.499999999999971,0.0,40.0,180.0000000000001,41.40962210927082,90.00000000000001,97.18075578145836,48.59037789072918,90.00000000000001,262.81924421854166
5.499999999999971,0.0,40.0,180.0000000000001,41.40962210927082,90.00000000000001,97.18075578145836,48.59037789072918,90.00000000000001,262.81924421854166
5.51999999999997,0.0,-40.00602214399997,180.02950850559986,41.58377737699111,86.79779273846032,100.94196533217087,131.58377737699112,93.20220726153968,115.94196533217087
5.51999999999997,0.0,-40.0,180.03553064959982,41.396796422372056,90.0,97.20640715525589,131.39679642237206,90.0,97.20640715525589
5.51999999999997,0.0,40.0,180.03553064959982,41.396796422372056,90.0,97.20640715525589,48.603203577627944,90.0,262.7935928447441
5.51999999999997,0.0,40.0,180.03553064959982,41.396796422372056,90.0,97.20640715525589,48.603203577627944,90.0,262.7935928447441
5.53999999999997,0.0,-40.04525260799989,180.22173777919951,41.49791105888152,86.81388334055097,101.10202834716748,131.49791105888153,93.18611665944903,116.10202834716748
5.53999999999997,0.0,-40.0,180.26699038719943,41.313165297676335,90.00000000000001,97.37366940464733,131.31316529767633,89.99999999999999,97.37366940464733
5.53999999999997,0.0,40.0,180.26699038719943,41.313165297676335,90.00000000000001,97.37366940464733,48.686834702323665,90.00000000000001,262.62633059535267
5.53999999999997,0.0,40.0,180.26699038719943,41.313165297676335,90.00000000000001,97.37366940464733,48.686834702323665,90.00000000000001,262.62633059535267
5.559999999999969,0.0,-40.14318899199979,180.701626060799,41.28300325825609,86.85389744610997,101.50274590147419,131.2830032582561,93.14610255389003,116.50274590147419
5.559999999999969,0.0,-40.0,180.8448150527988,41.103776394671634,90.0,97.79244721065675,131.10377639467163,90.0,97.79244721065675
5.559999999999969,0.0,40.0,180.8448150527988,41.103776394671634,90.0,97.79244721065675,48.896223605328366,90.0,262.20755278934325
5.559999999999969,0.0,40.0,180.8448150527988,41.103776394671634,90.0,97.79244721065675,48.896223605328366,90.0,262.20755278934325
5.579999999999969,0.0,-40.31758745599966,181.55617853439836,40.89833515771841,86.92460844856197,102.22038265044945,130.8983351577184,93.07539155143803,117.22038265044945
5.579999999999969,0.0,-40.0,181.873765990398,40.728721121005954,90.0,98.54255775798809,130.72872112100595,90.0,98.54255775798809
5.579999999999969,0.0,40.0,181.873765990398,40.728721121005954,90.0,98.54255775798809,49.271278878994046,90.0,261.4574422420119
5.579999999999969,0.0,40.0,181.873765990398,40.728721121005954,90.0,98.54255775798809,49.271278878994046,90.0,261.4574422420119
5.599999999999969,0.0,-40.57919999999952,182.83807999999763,40.3163971778537,87.02939555292862,103.30696229636881,130.3163971778537,92.97060444707138,118.30696229636881
5.599999999999969,0.0,-40.0,183.41727999999716,40.1606920913458,90.0,99.6786158173084,130.1606920913458,90.0,99.6786158173084
5.599999999999969,0.0,40.0,183.41727999999716,40.1606920913458,90.0,99.6786158173084,49.8393079086542,90.0,260.3213841826916
5.599999999999969,0.0,40.0,183.41727999999716,40.1606920913458,90.0,99.6786158173084,49.8393079086542,90.0,260.3213841826916
5.619999999999968,0.0,-40.932511743999356,184.56930754559687,39.520666790467466,87.16851772761389,104.79445952426629,129.52066679046746,92.83148227238611,119.79445952426629
5.619999999999968,0.0,-40.0,185.50181928959623,39.38278515433022,90.0,101.23442969133957,129.38278515433024,90.0,101.23442969133957
5.619999999999968,0.0,40.0,185.50181928959623,39.38278515433022,90.0,101.23442969133957,50.61721484566978,90.0,258.7655703086604
5.619999999999968,0.0,40.0,185.50181928959623,39.38278515433022,90.0,101.23442969133957,50.61721484566978,90.0,258.7655703086604
5.639999999999968,0.0,-41.37647820799921,186.74474321919615,38.50365204142873,87.33954939132346,106.69840108874554,128.50365204142872,92.66045060867654,121.69840108874554
5.639999999999968,0.0,-40.0,188.12122142719537,38.38662617382144,90.00000000000001,103.22674765235712,128.38662617382144,89.99999999999999,103.22674765235712
5.639999999999968,0.0,40.0,188.12122142719537,38.38662617382144,90.00000000000001,103.22674765235712,51.61337382617856,90.00000000000001,256.7732523476429
5.639999999999968,0.0,40.0,188.12122142719537,38.38662617382144,90.00000000000001,103.22674765235712,51.61337382617856,90.00000000000001,256.7732523476429
5.659999999999967,0.0,-41.90526259199907,189.3357867007954,37.265210925480496,87.53795034956437,109.0208703446657,127.26521092548049,92.46204965043563,124.0208703446657
5.659999999999967,0.0,-40.0,191.24104929279451,37.170822260764794,90.0,105.65835547847041,127.1708222607648,90.0,105.65835547847041
5.659999999999967,0.0,40.0,191.24104929279451,37.170822260764794,90.0,105.65835547847041,52.829177739235206,90.0,254.3416445215296
5.659999999999967,0.0,40.0,191.24104929279451,37.170822260764794,90.0,105.65835547847041,52.829177739235206,90.0,254.3416445215296
5.679999999999967,0.0,-42.50897305599894,192.29396797439483,35.81113943814618,87.75770819165737,111.75295952527759,125.81113943814617,92.24229180834263,126.75295952527759
5.679999999999967,0.0,-40.0,194.80294103039378,35.73970763330535,90.0,108.52058473338931,125.73970763330536,90.0,108.52058473338931
5.679999999999967,0.0,40.0,194.80294103039378,35.73970763330535,90.0,108.52058473338931,54.26029236669465,90.0,251.4794152666107
5.679999999999967,0.0,40.0,194.80294103039378,35.73970763330535,90.0,108.52058473338931,54.26029236669465,90.0,251.4794152666107
5.699999999999966,0.0,-43.17439999999883,195.55455999999432,34.15202104623258,87.99197994043759,114.8767193870128,124.15202104623259,92.00802005956241,129.8767193870128
5.699999999999966,0.0,-40.0,198.72895999999315,34.10235059794294,90.0,111.79529880411413,124.10235059794294,90.0,111.79529880411413
5.699999999999966,0.0,40.0,198.72895999999315,34.10235059794294,90.0,111.79529880411413,55.89764940205706,90.0,248.2047011958859
5.699999999999966,0.0,40.0,198.72895999999315,34.10235059794294,90.0,111.79529880411413,55.89764940205706,90.0,248.2047011958859
5.719999999999966,0.0,-43.88575334399876,199.04019138559391,32.30233431306824,88.23366842644161,118.36664340879341,122.30233431306824,91.76633157355839,133.3666434087934
5.719999999999966,0.0,-40.0,202.9259447295927,32.27179572768644,90.0,115.45640854462712,122.27179572768644,90.0,115.45640854462712
5.719999999999966,0.0,40.0,202.9259447295927,32.27179572768644,90.0,115.45640854462712,57.72820427231356,90.0,244.54359145537288
5.719999999999966,0.0,40.0,202.9259447295927,32.27179572768644,90.0,115.45640854462712,57.72820427231356,90.0,244.54359145537288
5.739999999999966,0.0,-44.62539980799872,202.66445905919366,30.279819796070836,88.47589018208657,122.19070466882589,120.27981979607084,91.52410981791343,137.1907046688259
5.739999999999966,0.0,-40.0,207.2898588671924,30.26452737524447,90.0,119.47094524951108,120.26452737524447,90.0,119.47094524951108
5.739999999999966,0.0,40.0,207.2898588671924,30.26452737524447,90.0,119.47094524951108,59.73547262475553,90.0,240.5290547504889
5.739999999999966,0.0,40.0,207.2898588671924,30.26452737524447,90.0,119.47094524951108,59.73547262475553,90.0,240.5290547504889
5.759999999999965,0.0,-45.374600191998695,206.3355409407936,28.10511381004215,88.71231688601567,126.310939049828,118.10511381004216,91.28768311398433,141.310939049828
5.759999999999965,0.0,-40.0,211.71014113279227,28.100155456330214,90.0,123.79968908733959,118.10015545633021,90.0,123.79968908733959
5.759999999999965,0.0,40.0,211.71014113279227,28.100155456330214,90.0,123.79968908733959,61.899844543669786,90.0,236.20031091266043
5.759999999999965,0.0,40.0,211.71014113279227,28.100155456330214,90.0,123.79968908733959,61.899844543669786,90.0,236.20031091266043
5.779999999999965,0.0,-46.11424665599872,209.9598086143937,25.801669684563564,88.93739457894698,130.68353338175476,115.80166968456356,91.06260542105302,145.68353338175476
5.779999999999965,0.0,-40.0,216.0740552703924,25.80134376489095,90.0,128.3973124702181,115.80134376489096,90.0,128.3973124702181
5.779999999999965,0.0,40.0,216.0740552703924,25.80134376489095,90.0,128.3973124702181,64.19865623510904,90.0,231.6026875297819
5.779999999999965,0.0,40.0,216.0740552703924,25.80134376489095,90.0,128.3973124702181,64.19865623510904,90.0,231.6026875297819
5.799999999999964,0.0,-46.82559999999877,213.44543999999397,23.396013514632234,89.14646030891501,135.2583201728165,113.39601351463223,90.85353969108499,150.2583201728165
5.799999999999964,0.0,-40.0,220.2710399999927,23.394030286539877,90.0,133.21193942692025,113.39403028653987,90.0,133.21193942692025
5.799999999999964,0.0,40.0,220.2710399999927,23.394030286539877,90.0,133.21193942692025,66.60596971346013,90.0,226.78806057307975
5.799999999999964,0.0,40.0,220.2710399999927,23.394030286539877,90.0,133.21193942692025,66.60596971346013,90.0,226.78806057307975
5.819999999999964,0.0,-47.49102694399885,216.70603202559434,20.91843233066991,89.33578391705652,139.97748029411747,110.9184323306699,90.66421608294348,154.97748029411747
5.819999999999964,0.0,-40.0,224.1970589695932,20.908038985131668,90.0,138.18392202973666,110.90803898513167,90.0,138.18392202973666
5.819999999999964,0.0,40.0,224.1970589695932,20.908038985131668,90.0,138.18392202973666,69.09196101486833,90.0,221.81607797026334
5.819999999999964,0.0,40.0,224.1970589695932,20.908038985131668,90.0,138.18392202973666,69.09196101486833,90.0,221.81607797026334
5.839999999999963,0.0,-48.094737407998956,219.6642132991949,18.404289112153002,89.50256471661031,144.77307026597438,108.40428911215301,90.49743528338969,159.77307026597438
5.839999999999963,0.0,-40.0,227.75895070719386,18.37827518298403,90.0,143.24344963403195,108.37827518298403,90.0,143.24344963403195
5.839999999999963,0.0,40.0,227.75895070719386,18.37827518298403,90.0,143.24344963403195,71.62172481701597,90.0,216.75655036596805
5.839999999999963,0.0,40.0,227.75895070719386,18.37827518298403,90.0,143.24344963403195,71.62172481701597,90.0,216.75655036596805
5.859999999999963,0.0,-48.62352179199911,222.2552567807956,15.89634090671806,89.64491099168207,149.5626443012872,105.89634090671805,90.35508900831793,164.5626443012872
5.859999999999963,0.0,-40.0,230.87877857279466,15.846875432131759,90.0,148.3062491357365,105.84687543213175,90.0,148.3062491357365
5.859999999999963,0.0,40.0,230.87877857279466,15.846875432131759,90.0,148.3062491357365,74.15312456786825,90.0,211.6937508642635
5.859999999999963,0.0,40.0,230.87877857279466,15.846875432131759,90.0,148.3062491357365,74.15312456786825,90.0,211.6937508642635
5.879999999999963,0.0,-49.06748825599924,224.43069245439636,13.448766227626313,89.76182655490109,154.24161174582736,103.44876622762631,90.23817344509891,169.24161174582736
5.879999999999963,0.0,-40.0,233.4981807103956,13.367026708972276,90.0,153.26594658205545,103.36702670897228,90.0,153.26594658205545
5.879999999999963,0.0,40.0,233.4981807103956,13.367026708972276,90.0,153.26594658205545,76.63297329102772,90.0,206.73405341794455
5.879999999999963,0.0,40.0,233.4981807103956,13.367026708972276,90.0,153.26594658205545,76.63297329102772,90.0,206.73405341794455
5.899999999999962,0.0,-49.420799999999424,226.1619199999971,11.134097972114429,89.85322443830441,158.67003411981634,101.13409797211443,90.14677556169559,173.67003411981634
5.899999999999962,0.0,-40.0,235.58271999999653,11.00975980376102,90.0,157.98048039247797,101.00975980376101,90.0,157.98048039247797
5.899999999999962,0.0,40.0,235.58271999999653,11.00975980376102,90.0,157.98048039247797,78.99024019623899,90.0,202.01951960752203
5.899999999999962,0.0,40.0,235.58271999999653,11.00975980376102,90.0,157.98048039247797,78.99024019623899,90.0,202.01951960752203
5.919999999999962,0.0,-49.68241254399959,227.44382146559795,9.054280643070186,89.91998374556744,162.65152515644704,99.05428064307019,90.08001625443256,177.65152515644704
5.919999999999962,0.0,-40.0,237.1262340095976,8.875483453359065,90.0,162.24903309328187,98.87548345335907,90.0,162.24903309328187
5.919999999999962,0.0,40.0,237.1262340095976,8.875483453359065,90.0,162.24903309328187,81.12451654664093,90.0,197.75096690671813
5.919999999999962,0.0,40.0,237.1262340095976,8.875483453359065,90.0,162.24903309328187,81.12451654664093,90.0,197.75096690671813
5.939999999999961,0.0,-49.85681100799974,228.29837393919863,7.352361827283001,89.96406156009247,165.91094355063748,97.352361827283,90.03593843990753,180.91094355063748
5.939999999999961,0.0,-40.0,238.15518494719836,7.108648021818622,90.0,165.78270395636275,97.10864802181862,90.0,165.78270395636275
5.939999999999961,0.0,40.0,238.15518494719836,7.108648021818622,90.0,165.78270395636275,82.89135197818138,90.0,194.21729604363725
5.939999999999961,0.0,40.0,238.15518494719836,7.108648021818622,90.0,165.78270395636275,82.89135197818138,90.0,194.21729604363725
5.959999999999961,0.0,-49.954747391999874,228.7782622207994,6.196798678434321,89.988666582932,168.12457816150282,96.19679867843432,90.011333417068,183.12457816150282
5.959999999999961,0.0,-40.0,238.73300961279918,5.889927004098931,90.00000000000001,168.22014599180216,95.88992700409894,89.99999999999999,168.22014599180216
5.959999999999961,0.0,40.0,238.73300961279918,5.889927004098931,90.00000000000001,168.22014599180216,84.11007299590106,90.00000000000001,191.77985400819784
5.959999999999961,0.0,40.0,238.73300961279918,5.889927004098931,90.00000000000001,168.22014599180216,84.11007299590106,90.00000000000001,191.77985400819784
5.9799999999999605,0.0,-49.99397785599997,228.97049149439994,5.668628736769714,89.99849306160222,169.13648660274401,95.66862873676972,90.00150693839778,184.13648660274401
5.9799999999999605,0.0,-40.0,238.96446935039984,5.324388864570891,90.0,169.35122227085822,95.32438886457089,90.0,169.35122227085822
5.9799999999999605,0.0,40.0,238.96446935039984,5.324388864570891,90.0,169.35122227085822,84.67561113542911,90.0,190.64877772914178
5.9799999999999605,0.0,40.0,238.96446935039984,5.324388864570891,90.0,169.35122227085822,84.67561113542911,90.0,190.64877772914178
5.99999999999996,0.0,-50.0,229.0,5.583150537107256,90.0,169.30025916731785,95.58315053710726,90.0,184.30025916731785
5.99999999999996,0.0,-40.0,238.9999999999999,5.232182951910168,90.00000000000001,169.53563409617968,95.23218295191018,89.99999999999999,169.53563409617968
5.99999999999996,0.0,40.0,238.9999999999999,5.232182951910168,90.00000000000001,169.53563409617968,84.76781704808982,90.00000000000001,190.46436590382032
5.99999999999996,0.0,40.0,238.9999999999999,5.232182951910168,90.00000000000001,169.53563409617968,84.76781704808982,90.00000000000001,190.46436590382032
6.01999999999996,0.0,-49.993977856000036,228.9704914944002,5.66862873676901,89.99849306160222,169.13648660274538,95.66862873676901,90.00150693839778,184.13648660274538
6.01999999999996,0.0,-40.0,238.96446935040024,5.324388864569874,90.00000000000001,169.35122227086026,95.32438886456987,89.99999999999999,169.35122227086026
6.01999999999996,0.0,40.0,238.96446935040024,5.324388864569874,90.00000000000001,169.35122227086026,84.67561113543013,90.00000000000001,190.64877772913974
6.01999999999996,0.0,40.0,238.96446935040024,5.324388864569874,90.00000000000001,169.35122227086026,84.67561113543013,90.00000000000001,190.64877772913974
6.039999999999959,0.0,-49.95474739200014,228.77826222080066,6.196798678431003,89.98866658293205,168.1245781615092,96.19679867843101,90.01133341706795,183.1245781615092
6.039999999999959,0.0,-40.0,238.73300961280077,5.889927004095203,90.00000000000001,168.2201459918096,95.8899270040952,89.99999999999999,168.2201459918096
6.039999999999959,0.0,40.0,238.73300961280077,5.889927004095203,90.00000000000001,168.2201459918096,84.1100729959048,90.00000000000001,191.7798540081904
6.039999999999959,0.0,40.0,238.73300961280077,5.889927004095203,90.00000000000001,168.2201459918096,84.1100729959048,90.00000000000001,191.7798540081904
6.059999999999959,0.0,-49.85681100800027,228.29837393920135,7.352361827276944,89.96406156009262,165.91094355064908,97.35236182727695,90.03593843990738,180.91094355064908
6.059999999999959,0.0,-40.0,238.15518494720163,7.108648021812323,90.0,165.78270395637537,97.10864802181233,90.0,165.78270395637537
6.059999999999959,0.0,40.0,238.15518494720163,7.108648021812323,90.0,165.78270395637537,82.89135197818767,90.0,194.21729604362463
6.059999999999959,0.0,40.0,238.15518494720163,7.108648021812323,90.0,165.78270395637537,82.89135197818767,90.0,194.21729604362463
6.079999999999958,0.0,-49.68241254400045,227.4438214656022,9.05428064306248,89.91998374556766,162.6515251564618,99.05428064306248,90.08001625443234,177.6515251564618
6.079999999999958,0.0,-40.0,237.12623400960268,8.875483453351215,90.0,162.24903309329758,98.87548345335122,90.0,162.24903309329758
6.079999999999958,0.0,40.0,237.12623400960268,8.875483453351215,90.0,162.24903309329758,81.12451654664878,90.0,197.75096690670242
6.079999999999958,0.0,40.0,237.12623400960268,8.875483453351215,90.0,162.24903309329758,81.12451654664878,90.0,197.75096690670242
6.099999999999958,0.0,-49.420800000000646,226.1619200000032,11.134097972105495,89.85322443830474,158.67003411983345,101.1340979721055,90.14677556169526,173.67003411983345
6.099999999999958,0.0,-40.0,235.58272000000383,11.009759803751885,90.0,157.98048039249625,101.00975980375189,90.0,157.98048039249625
6.099999999999958,0.0,40.0,235.58272000000383,11.009759803751885,90.0,157.98048039249625,78.99024019624811,90.0,202.01951960750375
6.099999999999958,0.0,40.0,235.58272000000383,11.009759803751885,90.0,157.98048039249625,78.99024019624811,90.0,202.01951960750375
6.1199999999999575,0.0,-49.06748825600085,224.43069245440415,13.448766227616803,89.76182655490152,154.24161174584555,103.4487662276168,90.23817344509848,169.24161174584555
6.1199999999999575,0.0,-40.0,233.49818071040502,13.367026708962541,90.0,153.26594658207492,103.36702670896254,90.0,153.26594658207492
6.1199999999999575,0.0,40.0,233.49818071040502,13.367026708962541,90.0,153.26594658207492,76.63297329103746,90.0,206.73405341792508
6.1199999999999575,0.0,40.0,233.49818071040502,13.367026708962541,90.0,153.26594658207492,76.63297329103746,90.0,206.73405341792508
6.139999999999957,0.0,-48.62352179200104,222.25525678080513,15.896340906708152,89.64491099168258,149.56264430130614,105.89634090670815,90.35508900831742,164.56264430130614
6.139999999999957,0.0,-40.0,230.87877857280617,15.846875432121704,90.0,148.3062491357566,105.8468754321217,90.0,148.3062491357566
6.139999999999957,0.0,40.0,230.87877857280617,15.846875432121704,90.0,148.3062491357566,74.1531245678783,90.0,211.6937508642434
6.139999999999957,0.0,40.0,230.87877857280617,15.846875432121704,90.0,148.3062491357566,74.1531245678783,90.0,211.6937508642434
6.159999999999957,0.0,-48.09473740800124,219.66421329920604,18.404289112142937,89.50256471661092,144.7730702659936,108.40428911214293,90.49743528338908,159.7730702659936
6.159999999999957,0.0,-40.0,227.75895070720728,18.37827518297389,90.0,143.2434496340522,108.3782751829739,90.0,143.2434496340522
6.159999999999957,0.0,40.0,227.75895070720728,18.37827518297389,90.0,143.2434496340522,71.6217248170261,90.0,216.7565503659478
6.159999999999957,0.0,40.0,227.75895070720728,18.37827518297389,90.0,143.2434496340522,71.6217248170261,90.0,216.7565503659478
6.179999999999956,0.0,-47.4910269440014,216.70603202560685,20.91843233065987,89.33578391705723,139.9774802941366,110.91843233065987,90.66421608294277,154.9774802941366
6.179999999999956,0.0,-40.0,224.1970589696082,20.908038985121628,90.0,138.18392202975676,110.90803898512164,90.0,138.18392202975676
6.179999999999956,0.0,40.0,224.1970589696082,20.908038985121628,90.0,138.18392202975676,69.09196101487836,90.0,221.81607797024324
6.179999999999956,0.0,40.0,224.1970589696082,20.908038985121628,90.0,138.18392202975676,69.09196101487836,90.0,221.81607797024324
6.199999999999956,0.0,-46.82560000000153,213.4454400000075,23.396013514622467,89.1464603089158,135.25832017283506,113.39601351462247,90.8535396910842,150.25832017283506
6.199999999999956,0.0,-40.0,220.27104000000904,23.394030286530043,90.00000000000001,133.21193942693992,113.39403028653004,89.99999999999999,133.21193942693992
6.199999999999956,0.0,40.0,220.27104000000904,23.394030286530043,90.00000000000001,133.21193942693992,66.60596971346996,90.00000000000001,226.78806057306008
6.199999999999956,0.0,40.0,220.27104000000904,23.394030286530043,90.00000000000001,133.21193942693992,66.60596971346996,90.00000000000001,226.78806057306008
6.219999999999955,0.0,-46.114246656001626,209.959808614408,25.80166968455412,88.93739457894785,130.6835333817727,115.80166968455413,91.06260542105215,145.6835333817727
6.219999999999955,0.0,-40.0,216.07405527040962,25.8013437648815,90.0,128.397312470237,115.8013437648815,90.0,128.397312470237
6.219999999999955,0.0,40.0,216.07405527040962,25.8013437648815,90.0,128.397312470237,64.1986562351185,90.0,231.602687529763
6.219999999999955,0.0,40.0,216.07405527040962,25.8013437648815,90.0,128.397312470237,64.1986562351185,90.0,231.602687529763
6.239999999999955,0.0,-45.37460019200169,206.33554094080827,28.105113810033174,88.71231688601658,126.31093904984502,118.10511381003317,91.28768311398342,141.31093904984502
6.239999999999955,0.0,-40.0,211.71014113280995,28.100155456321257,90.0,123.79968908735749,118.10015545632126,90.0,123.79968908735749
6.239999999999955,0.0,40.0,211.71014113280995,28.100155456321257,90.0,123.79968908735749,61.89984454367874,90.0,236.20031091264252
6.239999999999955,0.0,40.0,211.71014113280995,28.100155456321257,90.0,123.79968908735749,61.89984454367874,90.0,236.20031091264252
6.2599999999999545,0.0,-44.6253998080017,202.66445905920835,30.279819796062394,88.47589018208754,122.19070466884186,120.2798197960624,91.52410981791246,137.19070466884187
6.2599999999999545,0.0,-40.0,207.28985886721003,30.264527375236124,90.0,119.47094524952777,120.26452737523613,90.0,119.47094524952777
6.2599999999999545,0.0,40.0,207.28985886721003,30.264527375236124,90.0,119.47094524952777,59.73547262476387,90.0,240.52905475047223
6.2599999999999545,0.0,40.0,207.28985886721003,30.264527375236124,90.0,119.47094524952777,59.73547262476387,90.0,240.52905475047223
6.279999999999954,0.0,-43.88575334400167,199.04019138560824,32.30233431306045,88.23366842644258,118.36664340880814,122.30233431306044,91.76633157355742,133.36664340880816
6.279999999999954,0.0,-40.0,202.92594472960988,32.27179572767875,90.00000000000001,115.4564085446425,122.27179572767875,89.99999999999999,115.4564085446425
6.279999999999954,0.0,40.0,202.92594472960988,32.27179572767875,90.00000000000001,115.4564085446425,57.72820427232125,90.00000000000001,244.5435914553575
6.279999999999954,0.0,40.0,202.92594472960988,32.27179572767875,90.00000000000001,115.4564085446425,57.72820427232125,90.00000000000001,244.5435914553575
6.299999999999954,0.0,-43.174400000001604,195.55456000000785,34.15202104622556,87.99197994043855,114.87671938702603,124.15202104622557,92.00802005956145,129.87671938702601
6.299999999999954,0.0,-40.0,198.72896000000947,34.102350597935995,90.0,111.79529880412802,124.102350597936,90.0,111.79529880412802
6.299999999999954,0.0,40.0,198.72896000000947,34.102350597935995,90.0,111.79529880412802,55.897649402064005,90.0,248.20470119587196
6.299999999999954,0.0,40.0,198.72896000000947,34.102350597935995,90.0,111.79529880412802,55.897649402064005,90.0,248.20470119587196
6.319999999999953,0.0,-42.50897305600149,192.29396797440734,35.81113943813994,87.75770819165827,111.75295952528933,125.81113943813995,92.24229180834173,126.75295952528933
6.319999999999953,0.0,-40.0,194.80294103040882,35.739707633299204,90.00000000000001,108.52058473340159,125.7397076332992,89.99999999999999,108.52058473340159
6.319999999999953,0.0,40.0,194.80294103040882,35.739707633299204,90.00000000000001,108.52058473340159,54.260292366700796,90.00000000000001,251.4794152665984
6.319999999999953,0.0,40.0,194.80294103040882,35.739707633299204,90.00000000000001,108.52058473340159,54.260292366700796,90.00000000000001,251.4794152665984
6.339999999999953,0.0,-41.90526259200134,189.33578670080658,37.26521092547508,87.5379503495652,109.02087034467584,127.26521092547509,92.4620496504348,124.02087034467584
6.339999999999953,0.0,-40.0,191.24104929280793,37.170822260759486,90.0,105.65835547848103,127.17082226075948,90.0,105.65835547848103
6.339999999999953,0.0,40.0,191.24104929280793,37.170822260759486,90.0,105.65835547848103,52.829177739240514,90.0,254.34164452151896
6.339999999999953,0.0,40.0,191.24104929280793,37.170822260759486,90.0,105.65835547848103,52.829177739240514,90.0,254.34164452151896
6.359999999999952,0.0,-41.37647820800116,186.7447432192057,38.50365204142422,87.3395493913242,106.698401088754,128.50365204142423,92.6604506086758,121.698401088754
6.359999999999952,0.0,-40.0,188.12122142720693,38.38662617381699,90.0,103.22674765236602,128.38662617381698,90.0,103.22674765236602
6.359999999999952,0.0,40.0,188.12122142720693,38.38662617381699,90.0,103.22674765236602,51.61337382618301,90.0,256.77325234763396
6.359999999999952,0.0,40.0,188.12122142720693,38.38662617381699,90.0,103.22674765236602,51.61337382618301,90.0,256.77325234763396
6.379999999999952,0.0,-40.93251174400096,184.5693075456047,39.52066679046385,87.16851772761451,104.79445952427305,129.52066679046385,92.83148227238549,119.79445952427305
6.379999999999952,0.0,-40.0,185.5018192896057,39.38278515432666,90.0,101.23442969134668,129.38278515432665,90.0,101.23442969134668
6.379999999999952,0.0,40.0,185.5018192896057,39.38278515432666,90.0,101.23442969134668,50.61721484567334,90.0,258.7655703086533
6.379999999999952,0.0,40.0,185.5018192896057,39.38278515432666,90.0,101.23442969134668,50.61721484567334,90.0,258.7655703086533
6.3999999999999515,0.0,-40.57920000000074,182.83808000000369,40.31639717785094,87.0293955529291,103.30696229637398,130.31639717785094,92.9706044470709,118.30696229637398
6.3999999999999515,0.0,-40.0,183.41728000000438,40.16069209134312,90.0,99.67861581731376,130.16069209134312,90.0,99.67861581731376
6.3999999999999515,0.0,40.0,183.41728000000438,40.16069209134312,90.0,99.67861581731376,49.83930790865688,90.0,260.32138418268624
6.3999999999999515,0.0,40.0,183.41728000000438,40.16069209134312,90.0,99.67861581731376,49.83930790865688,90.0,260.32138418268624
6.419999999999951,0.0,-40.317587456000524,181.5561785344026,40.898335157716495,86.92460844856231,102.220382650453,130.8983351577165,93.07539155143769,117.220382650453
6.419999999999951,0.0,-40.0,181.87376599040323,40.72872112100404,90.0,98.54255775799191,130.72872112100404,90.0,98.54255775799191
6.419999999999951,0.0,40.0,181.87376599040323,40.72872112100404,90.0,98.54255775799191,49.27127887899596,90.0,261.4574422420081
6.419999999999951,0.0,40.0,181.87376599040323,40.72872112100404,90.0,98.54255775799191,49.27127887899596,90.0,261.4574422420081
6.439999999999951,0.0,-40.14318899200033,180.70162606080166,41.283003258254894,86.85389744611021,101.50274590147642,131.2830032582549,93.14610255388979,116.50274590147642
6.439999999999951,0.0,-40.0,180.84481505280206,41.103776394670454,90.00000000000001,97.7924472106591,131.10377639467046,89.99999999999999,97.7924472106591
6.439999999999951,0.0,40.0,180.84481505280206,41.103776394670454,90.00000000000001,97.7924472106591,48.896223605329546,90.00000000000001,262.20755278934087
6.439999999999951,0.0,40.0,180.84481505280206,41.103776394670454,90.00000000000001,97.7924472106591,48.896223605329546,90.00000000000001,262.20755278934087
6.45999999999995,0.0,-40.04525260800015,180.22173777920068,41.49791105888101,86.81388334055109,101.10202834716843,131.49791105888102,93.18611665944891,116.10202834716843
6.45999999999995,0.0,-40.0,180.266990387201,41.313165297675766,90.0,97.37366940464847,131.31316529767577,90.0,97.37366940464847
6.45999999999995,0.0,40.0,180.266990387201,41.313165297675766,90.0,97.37366940464847,48.686834702324234,90.0,262.62633059535153
6.45999999999995,0.0,40.0,180.266990387201,41.313165297675766,90.0,97.37366940464847,48.686834702324234,90.0,262.62633059535153
6.47999999999995,0.0,-40.00602214400004,180.02950850560023,41.58377737699094,86.79779273846034,100.94196533217116,131.58377737699095,93.20220726153966,115.94196533217116
6.47999999999995,0.0,-40.0,180.03553064960022,41.396796422371914,90.0,97.20640715525619,131.39679642237192,90.0,97.20640715525619
6.47999999999995,0.0,40.0,180.03553064960022,41.396796422371914,90.0,97.20640715525619,48.603203577628086,90.0,262.7935928447438
6.47999999999995,0.0,40.0,180.03553064960022,41.396796422371914,90.0,97.20640715525619,48.603203577628086,90.0,262.7935928447438
6.499999999999949,0.0,-40.0,180.0,41.59694742464398,86.79531956251773,100.9174173158139,131.596947424644,93.20468043748227,115.9174173158139
6.499999999999949,0.0,-40.0,180.0,41.40962210927086,90.0,97.18075578145829,131.40962210927086,90.0,97.18075578145829
6.499999999999949,0.0,40.0,180.0,41.40962210927086,90.0,97.18075578145829,48.59037789072914,90.0,262.8192442185417
6.499999999999949,0.0,40.0,180.0,41.40962210927086,90.0,97.18075578145829,48.59037789072914,90.0,262.8192442185417
6.519999999999949,0.0,-40.00602214399995,180.02950850559975,41.58377737699116,86.79779273846032,100.94196533217077,131.58377737699115,93.20220726153968,115.94196533217077
6.519999999999949,0.0,-40.0,180.0355306495997,41.396796422372105,90.0,97.2064071552558,131.39679642237212,90.0,97.2064071552558
6.519999999999949,0.0,40.0,180.0355306495997,41.396796422372105,90.0,97.2064071552558,48.603203577627895,90.0,262.7935928447442
6.519999999999949,0.0,40.0,180.0355306495997,41.396796422372105,90.0,97.2064071552558,48.603203577627895,90.0,262.7935928447442
6.5399999999999485,0.0,-40.04525260799983,180.22173777919917,41.497911058881684,86.81388334055094,101.10202834716719,131.4979110588817,93.18611665944906,116.10202834716719
6.5399999999999485,0.0,-40.0,180.266990387199,41.313165297676484,90.0,97.37366940464703,131.31316529767648,90.0,97.37366940464703
6.5399999999999485,0.0,40.0,180.266990387199,41.313165297676484,90.0,97.37366940464703,48.686834702323516,90.0,262.62633059535295
6.5399999999999485,0.0,40.0,180.266990387199,41.313165297676484,90.0,97.37366940464703,48.686834702323516,90.0,262.62633059535295
6.559999999999948,0.0,-40.14318899199966,180.70162606079833,41.283003258256386,86.85389744610993,101.50274590147363,131.28300325825637,93.14610255389007,116.50274590147363
6.559999999999948,0.0,-40.0,180.84481505279794,41.10377639467195,90.0,97.79244721065612,131.10377639467194,90.0,97.79244721065612
6.559999999999948,0.0,40.0,180.84481505279794,41.10377639467195,90.0,97.79244721065612,48.89622360532805,90.0,262.2075527893439
6.559999999999948,0.0,40.0,180.84481505279794,41.10377639467195,90.0,97.79244721065612,48.89622360532805,90.0,262.2075527893439
6.579999999999948,0.0,-40.31758745599943,181.55617853439725,40.89833515771891,86.92460844856186,102.2203826504485,130.89833515771892,93.07539155143814,117.2203826504485
6.579999999999948,0.0,-40.0,181.87376599039663,40.72872112100645,90.0,98.54255775798711,130.72872112100646,90.0,98.54255775798711
6.579999999999948,0.0,40.0,181.87376599039663,40.72872112100645,90.0,98.54255775798711,49.27127887899355,90.0,261.4574422420129
6.579999999999948,0.0,40.0,181.87376599039663,40.72872112100645,90.0,98.54255775798711,49.27127887899355,90.0,261.4574422420129
6.599999999999947,0.0,-40.57919999999919,182.83807999999604,40.316397177854434,87.02939555292849,103.30696229636746,130.31639717785444,92.97060444707151,118.30696229636746
6.599999999999947,0.0,-40.0,183.4172799999952,40.160692091346526,90.0,99.67861581730695,130.16069209134653,90.0,99.67861581730695
6.599999999999947,0.0,40.0,183.4172799999952,40.160692091346526,90.0,99.67861581730695,49.839307908653474,90.0,260.32138418269307
6.599999999999947,0.0,40.0,183.4172799999952,40.160692091346526,90.0,99.67861581730695,49.839307908653474,90.0,260.32138418269307
6.619999999999947,0.0,-40.93251174399894,184.5693075455948,39.52066679046843,87.16851772761372,104.79445952426448,129.52066679046843,92.83148227238628,119.79445952426448
6.619999999999947,0.0,-40.0,185.50181928959373,39.38278515433115,90.0,101.2344296913377,129.38278515433115,90.0,101.2344296913377
6.619999999999947,0.0,40.0,185.50181928959373,39.38278515433115,90.0,101.2344296913377,50.61721484566885,90.0,258.7655703086623
6.619999999999947,0.0,40.0,185.50181928959373,39.38278515433115,90.0,101.2344296913377,50.61721484566885,90.0,258.7655703086623
6.639999999999946,0.0,-41.376478207998694,186.7447432191936,38.50365204142993,87.33954939132327,106.6984010887433,128.50365204142992,92.66045060867673,121.6984010887433
6.639999999999946,0.0,-40.0,188.1212214271923,38.38662617382262,90.00000000000001,103.22674765235476,128.3866261738226,89.99999999999999,103.22674765235476
6.639999999999946,0.0,40.0,188.1212214271923,38.38662617382262,90.00000000000001,103.22674765235476,51.61337382617738,90.00000000000001,256.7732523476452
6.639999999999946,0.0,40.0,188.1212214271923,38.38662617382262,90.00000000000001,103.22674765235476,51.61337382617738,90.00000000000001,256.7732523476452
6.659999999999946,0.0,-41.905262591998465,189.33578670079248,37.2652109254819,87.53795034956414,109.02087034466302,127.26521092548191,92.46204965043586,124.02087034466302
6.659999999999946,0.0,-40.0,191.24104929279093,37.170822260766215,90.0,105.65835547846758,127.17082226076622,90.0,105.65835547846758
6.659999999999946,0.0,40.0,191.24104929279093,37.170822260766215,90.0,105.65835547846758,52.829177739233785,90.0,254.34164452153243
6.659999999999946,0.0,40.0,191.24104929279093,37.170822260766215,90.0,105.65835547846758,52.829177739233785,90.0,254.34164452153243
6.6799999999999455,0.0,-42.50897305599826,192.2939679743915,35.81113943814784,87.75770819165712,111.75295952527443,125.81113943814785,92.24229180834288,126.75295952527443
6.6799999999999455,0.0,-40.0,194.80294103038975,35.73970763330699,90.0,108.52058473338602,125.73970763330699,90.0,108.52058473338602
6.6799999999999455,0.0,40.0,194.80294103038975,35.73970763330699,90.0,108.52058473338602,54.26029236669301,90.0,251.47941526661398
6.6799999999999455,0.0,40.0,194.80294103038975,35.73970763330699,90.0,108.52058473338602,54.26029236669301,90.0,251.47941526661398
6.699999999999945,0.0,-43.17439999999811,195.55455999999072,34.15202104623445,87.99197994043733,114.87671938700929,124.15202104623445,92.00802005956267,129.8767193870093
6.699999999999945,0.0,-40.0,198.7289599999888,34.10235059794479,90.0,111.79529880411042,124.10235059794479,90.0,111.79529880411042
6.699999999999945,0.0,40.0,198.7289599999888,34.10235059794479,90.0,111.79529880411042,55.89764940205521,90.0,248.20470119588958
6.699999999999945,0.0,40.0,198.7289599999888,34.10235059794479,90.0,111.79529880411042,55.89764940205521,90.0,248.20470119588958
6.719999999999945,0.0,-43.88575334399799,199.04019138559013,32.30233431307029,88.23366842644135,118.36664340878954,122.30233431307029,91.76633157355865,133.36664340878954
6.719999999999945,0.0,-40.0,202.9259447295881,32.271795727688485,90.0,115.45640854462303,122.27179572768848,90.0,115.45640854462303
6.719999999999945,0.0,40.0,202.9259447295881,32.271795727688485,90.0,115.45640854462303,57.728204272311515,90.0,244.54359145537697
6.719999999999945,0.0,40.0,202.9259447295881,32.271795727688485,90.0,115.45640854462303,57.728204272311515,90.0,244.54359145537697
6.739999999999944,0.0,-44.625399807997916,202.66445905918977,30.279819796073074,88.47589018208632,122.19070466882164,120.27981979607307,91.52410981791368,137.19070466882164
6.739999999999944,0.0,-40.0,207.2898588671877,30.264527375246708,90.0,119.4709452495066,120.2645273752467,90.0,119.4709452495066
6.739999999999944,0.0,40.0,207.2898588671877,30.264527375246708,90.0,119.4709452495066,59.73547262475329,90.0,240.5290547504934
6.739999999999944,0.0,40.0,207.2898588671877,30.264527375246708,90.0,119.4709452495066,59.73547262475329,90.0,240.5290547504934
6.759999999999944,0.0,-45.3746001919979,206.33554094078968,28.10511381004455,88.71231688601543,126.31093904982345,118.10511381004454,91.28768311398457,141.31093904982345
6.759999999999944,0.0,-40.0,211.71014113278758,28.10015545633259,90.0,123.79968908733483,118.10015545633259,90.0,123.79968908733483
6.759999999999944,0.0,40.0,211.71014113278758,28.10015545633259,90.0,123.79968908733483,61.89984454366741,90.0,236.20031091266517
6.759999999999944,0.0,40.0,211.71014113278758,28.10015545633259,90.0,123.79968908733483,61.89984454366741,90.0,236.20031091266517
6.779999999999943,0.0,-46.114246655997945,209.95980861438989,25.801669684566093,88.93739457894675,130.68353338174995,115.8016696845661,91.06260542105325,145.68353338174995
6.779999999999943,0.0,-40.0,216.07405527038782,25.801343764893456,90.00000000000001,128.39731247021308,115.80134376489346,89.99999999999999,128.39731247021308
6.779999999999943,0.0,40.0,216.07405527038782,25.801343764893456,90.00000000000001,128.39731247021308,64.19865623510654,90.00000000000001,231.60268752978692
6.779999999999943,0.0,40.0,216.07405527038782,25.801343764893456,90.00000000000001,128.39731247021308,64.19865623510654,90.00000000000001,231.60268752978692
6.799999999999943,0.0,-46.82559999999803,213.44543999999038,23.396013514634824,89.14646030891481,135.25832017281155,113.39601351463483,90.85353969108519,150.25832017281155
6.799999999999943,0.0,-40.0,220.27103999998835,23.3940302865425,90.0,133.211939426915,113.3940302865425,90.0,133.211939426915
6.799999999999943,0.0,40.0,220.27103999998835,23.3940302865425,90.0,133.211939426915,66.6059697134575,90.0,226.788060573085
6.799999999999943,0.0,40.0,220.27103999998835,23.3940302865425,90.0,133.211939426915,66.6059697134575,90.0,226.788060573085
6.8199999999999426,0.0,-47.49102694399818,216.70603202559104,20.918432330672537,89.33578391705633,139.97748029411247,110.91843233067254,90.66421608294367,154.97748029411247
6.8199999999999426,0.0,-40.0,224.1970589695892,20.908038985134347,90.0,138.18392202973132,110.90803898513434,90.0,138.18392202973132
6.8199999999999426,0.0,40.0,224.1970589695892,20.908038985134347,90.0,138.18392202973132,69.09196101486566,90.0,221.81607797026868
6.8199999999999426,0.0,40.0,224.1970589695892,20.908038985134347,90.0,138.18392202973132,69.09196101486566,90.0,221.81607797026868
6.839999999999942,0.0,-48.09473740799835,219.66421329919197,18.40428911215566,89.50256471661014,144.77307026596932,108.40428911215565,90.49743528338986,159.77307026596932
6.839999999999942,0.0,-40.0,227.7589507071903,18.37827518298673,90.0,143.24344963402655,108.37827518298673,90.0,143.24344963402655
6.839999999999942,0.0,40.0,227.7589507071903,18.37827518298673,90.0,143.24344963402655,71.62172481701327,90.0,216.75655036597345
6.839999999999942,0.0,40.0,227.7589507071903,18.37827518298673,90.0,143.24344963402655,71.62172481701327,90.0,216.75655036597345
6.859999999999942,0.0,-48.62352179199858,222.255256780793,15.896340906720763,89.64491099168193,149.56264430128203,105.89634090672077,90.35508900831807,164.56264430128203
6.859999999999942,0.0,-40.0,230.87877857279153,15.846875432134494,90.0,148.30624913573104,105.8468754321345,90.0,148.30624913573104
6.859999999999942,0.0,40.0,230.87877857279153,15.846875432134494,90.0,148.30624913573104,74.1531245678655,90.0,211.69375086426896
6.859999999999942,0.0,40.0,230.87877857279153,15.846875432134494,90.0,148.30624913573104,74.1531245678655,90.0,211.69375086426896
6.879999999999941,0.0,-49.06748825599882,224.4306924543942,13.448766227628937,89.76182655490098,154.24161174582235,103.44876622762894,90.23817344509902,169.24161174582235
6.879999999999941,0.0,-40.0,233.49818071039303,13.367026708974933,90.00000000000001,153.26594658205013,103.36702670897493,89.99999999999999,153.26594658205013
6.879999999999941,0.0,40.0,233.49818071039303,13.367026708974933,90.00000000000001,153.26594658205013,76.63297329102507,90.00000000000001,206.73405341794987
6.879999999999941,0.0,40.0,233.49818071039303,13.367026708974933,90.00000000000001,153.26594658205013,76.63297329102507,90.00000000000001,206.73405341794987
6.899999999999941,0.0,-49.42079999999909,226.16191999999558,11.134097972116729,89.85322443830432,158.67003411981193,101.13409797211673,90.14677556169568,173.67003411981193
6.899999999999941,0.0,-40.0,235.58271999999465,11.009759803763362,90.0,157.98048039247328,101.00975980376336,90.0,157.98048039247328
6.899999999999941,0.0,40.0,235.58271999999465,11.009759803763362,90.0,157.98048039247328,78.99024019623664,90.0,202.01951960752672
6.899999999999941,0.0,40.0,235.58271999999465,11.009759803763362,90.0,157.98048039247328,78.99024019623664,90.0,202.01951960752672
6.91999999999994,0.0,-49.682412543999355,227.4438214655968,9.05428064307222,89.91998374556738,162.65152515644314,99.05428064307222,90.08001625443262,177.65152515644314
6.91999999999994,0.0,-40.0,237.12623400959617,8.875483453361277,90.0,162.24903309327746,98.87548345336128,90.0,162.24903309327746
6.91999999999994,0.0,40.0,237.12623400959617,8.875483453361277,90.0,162.24903309327746,81.12451654663872,90.0,197.75096690672254
6.91999999999994,0.0,40.0,237.12623400959617,8.875483453361277,90.0,162.24903309327746,81.12451654663872,90.0,197.75096690672254
6.93999999999994,0.0,-49.85681100799961,228.2983739391981,7.3523618272841835,89.96406156009245,165.9109435506352,97.35236182728418,90.03593843990755,180.9109435506352
6.93999999999994,0.0,-40.0,238.1551849471976,7.108648021820098,90.0,165.78270395635982,97.1086480218201,90.0,165.78270395635982
6.93999999999994,0.0,40.0,238.1551849471976,7.108648021820098,90.0,165.78270395635982,82.8913519781799,90.0,194.21729604364018
6.93999999999994,0.0,40.0,238.1551849471976,7.108648021820098,90.0,165.78270395635982,82.8913519781799,90.0,194.21729604364018
6.95999999999994,0.0,-49.95474739199982,228.77826222079904,6.1967986784352656,89.988666582932,168.12457816150103,96.19679867843527,90.011333417068,183.12457816150103
6.95999999999994,0.0,-40.0,238.73300961279875,5.889927004099911,90.0,168.2201459918002,95.88992700409992,90.0,168.2201459918002
6.95999999999994,0.0,40.0,238.73300961279875,5.889927004099911,90.0,168.2201459918002,84.11007299590008,90.0,191.7798540081998
6.95999999999994,0.0,40.0,238.73300961279875,5.889927004099911,90.0,168.2201459918002,84.11007299590008,90.0,191.7798540081998
6.979999999999939,0.0,-49.99397785599995,228.9704914943998,5.668628736770097,89.9984930616022,169.1364866027433,95.6686287367701,90.0015069383978,184.1364866027433
6.979999999999939,0.0,-40.0,238.96446935039967,5.324388864571325,90.0,169.35122227085736,95.32438886457132,90.0,169.35122227085736
6.979999999999939,0.0,40.0,238.96446935039967,5.324388864571325,90.0,169.35122227085736,84.67561113542868,90.0,190.64877772914264
6.979999999999939,0.0,40.0,238.96446935039967,5.324388864571325,90.0,169.35122227085736,84.67561113542868,90.0,190.64877772914264
6.999999999999939,0.0,-50.0,228.99999999999994,5.583150537107429,90.00000000000001,169.3002591673175,95.58315053710743,89.99999999999999,184.3002591673175
6.999999999999939,0.0,-40.0,239.0,5.232182951909889,90.0,169.53563409618022,95.23218295190989,90.0,169.53563409618022
6.999999999999939,0.0,40.0,239.0,5.232182951909889,90.0,169.53563409618022,84.76781704809011,90.0,190.46436590381978
6.999999999999939,0.0,40.0,239.0,5.232182951909889,90.0,169.53563409618022,84.76781704809011,90.0,190.46436590381978
7.019999999999938,0.0,-49.99397785600006,228.97049149440028,5.668628736768796,89.99849306160223,169.13648660274578,95.6686287367688,90.00150693839777,184.13648660274578
7.019999999999938,0.0,-40.0,238.96446935040032,5.324388864569632,90.0,169.35122227086075,95.32438886456963,90.0,169.35122227086075
7.019999999999938,0.0,40.0,238.96446935040032,5.324388864569632,90.0,169.35122227086075,84.67561113543037,90.0,190.64877772913925
7.019999999999938,0.0,40.0,238.96446935040032,5.324388864569632,90.0,169.35122227086075,84.67561113543037,90.0,190.64877772913925
7.039999999999938,0.0,-49.95474739200021,228.778262220801,6.196798678430086,89.98866658293208,168.12457816151095,96.19679867843008,90.01133341706792,183.12457816151095
7.039999999999938,0.0,-40.0,238.73300961280117,5.889927004094262,90.0,168.22014599181148,95.88992700409426,90.0,168.22014599181148
7.039999999999938,0.0,40.0,238.73300961280117,5.889927004094262,90.0,168.22014599181148,84.11007299590574,90.0,191.77985400818852
7.039999999999938,0.0,40.0,238.73300961280117,5.889927004094262,90.0,168.22014599181148,84.11007299590574,90.0,191.77985400818852
7.059999999999937,0.0,-49.85681100800041,228.29837393920204,7.352361827275443,89.96406156009266,165.91094355065195,97.35236182727544,90.03593843990734,180.91094355065195
7.059999999999937,0.0,-40.0,238.15518494720246,7.108648021810734,90.0,165.78270395637853,97.10864802181074,90.0,165.78270395637853
7.059999999999937,0.0,40.0,238.15518494720246,7.108648021810734,90.0,165.78270395637853,82.89135197818926,90.0,194.21729604362147
7.059999999999937,0.0,40.0,238.15518494720246,7.108648021810734,90.0,165.78270395637853,82.89135197818926,90.0,194.21729604362147
7.079999999999937,0.0,-49.682412544000684,227.44382146560332,9.054280643060487,89.9199837455677,162.65152515646562,99.05428064306048,90.0800162544323,177.65152515646562
7.079999999999937,0.0,-40.0,237.12623400960405,8.87548345334909,90.00000000000001,162.24903309330182,98.87548345334909,89.99999999999999,162.24903309330182
7.079999999999937,0.0,40.0,237.12623400960405,8.87548345334909,90.00000000000001,162.24903309330182,81.12451654665091,90.00000000000001,197.75096690669818
7.079999999999937,0.0,40.0,237.12623400960405,8.87548345334909,90.00000000000001,162.24903309330182,81.12451654665091,90.00000000000001,197.75096690669818
7.099999999999937,0.0,-49.42080000000097,226.16192000000476,11.13409797210318,89.85322443830482,158.67003411983788,101.13409797210318,90.14677556169518,173.67003411983788
7.099999999999937,0.0,-40.0,235.58272000000576,11.009759803749471,90.00000000000001,157.98048039250108,101.00975980374947,89.99999999999999,157.98048039250108
7.099999999999937,0.0,40.0,235.58272000000576,11.009759803749471,90.00000000000001,157.98048039250108,78.99024019625053,90.00000000000001,202.01951960749892
7.099999999999937,0.0,40.0,235.58272000000576,11.009759803749471,90.00000000000001,157.98048039250108,78.99024019625053,90.00000000000001,202.01951960749892
7.119999999999936,0.0,-49.067488256001276,224.43069245440626,13.448766227614195,89.76182655490162,154.24161174585055,103.4487662276142,90.23817344509838,169.24161174585055
7.119999999999936,0.0,-40.0,233.4981807104075,13.367026708959983,90.0,153.26594658208003,103.36702670895998,90.0,153.26594658208003
7.119999999999936,0.0,40.0,233.4981807104075,13.367026708959983,90.0,153.26594658208003,76.63297329104002,90.0,206.73405341791997
7.119999999999936,0.0,40.0,233.4981807104075,13.367026708959983,90.0,153.26594658208003,76.63297329104002,90.0,206.73405341791997
7.139999999999936,0.0,-48.62352179200157,222.2552567808077,15.896340906705433,89.64491099168272,149.56264430131134,105.89634090670543,90.35508900831728,164.56264430131134
7.139999999999936,0.0,-40.0,230.87877857280927,15.846875432118981,90.0,148.30624913576204,105.84687543211898,90.0,148.30624913576204
7.139999999999936,0.0,40.0,230.87877857280927,15.846875432118981,90.0,148.30624913576204,74.15312456788102,90.0,211.69375086423796
7.139999999999936,0.0,40.0,230.87877857280927,15.846875432118981,90.0,148.30624913576204,74.15312456788102,90.0,211.69375086423796
7.159999999999935,0.0,-48.09473740800184,219.664213299209,18.404289112140255,89.50256471661109,144.7730702659987,108.40428911214025,90.49743528338891,159.7730702659987
7.159999999999935,0.0,-40.0,227.75895070721086,18.37827518297117,90.00000000000001,143.24344963405767,108.37827518297117,89.99999999999999,143.24344963405767
7.159999999999935,0.0,40.0,227.75895070721086,18.37827518297117,90.00000000000001,143.24344963405767,71.62172481702883,90.00000000000001,216.75655036594233
7.159999999999935,0.0,40.0,227.75895070721086,18.37827518297117,90.00000000000001,143.24344963405767,71.62172481702883,90.00000000000001,216.75655036594233
7.179999999999935,0.0,-47.49102694400207,216.70603202561017,20.91843233065719,89.33578391705741,139.9774802941417,110.9184323306572,90.66421608294259,154.9774802941417
7.179999999999935,0.0,-40.0,224.19705896961224,20.908038985118917,90.0,138.18392202976216,110.90803898511892,90.0,138.18392202976216
7.179999999999935,0.0,40.0,224.19705896961224,20.908038985118917,90.0,138.18392202976216,69.09196101488108,90.0,221.81607797023784
7.179999999999935,0.0,40.0,224.19705896961224,20.908038985118917,90.0,138.18392202976216,69.09196101488108,90.0,221.81607797023784
7.1999999999999345,0.0,-46.82560000000226,213.4454400000111,23.39601351461986,89.14646030891603,135.25832017284003,113.39601351461985,90.85353969108397,150.25832017284003
7.1999999999999345,0.0,-40.0,220.2710400000134,23.394030286527435,90.0,133.21193942694512,113.39403028652744,90.0,133.21193942694512
7.1999999999999345,0.0,40.0,220.2710400000134,23.394030286527435,90.0,133.21193942694512,66.60596971347256,90.0,226.78806057305488
7.1999999999999345,0.0,40.0,220.2710400000134,23.394030286527435,90.0,133.21193942694512,66.60596971347256,90.0,226.78806057305488
7.219999999999934,0.0,-46.11424665600241,209.9598086144118,25.8016696845516,88.93739457894809,130.6835333817775,115.8016696845516,91.06260542105191,145.6835333817775
7.219999999999934,0.0,-40.0,216.0740552704142,25.801343764878997,90.0,128.397312470242,115.801343764879,90.0,128.397312470242
7.219999999999934,0.0,40.0,216.0740552704142,25.801343764878997,90.0,128.397312470242,64.198656235121,90.0,231.602687529758
7.219999999999934,0.0,40.0,216.0740552704142,25.801343764878997,90.0,128.397312470242,64.198656235121,90.0,231.602687529758
7.239999999999934,0.0,-45.37460019200248,206.33554094081217,28.105113810030783,88.71231688601684,126.31093904984955,118.10511381003079,91.28768311398316,141.31093904984954
7.239999999999934,0.0,-40.0,211.71014113281464,28.10015545631888,90.0,123.79968908736225,118.10015545631887,90.0,123.79968908736225
7.239999999999934,0.0,40.0,211.71014113281464,28.10015545631888,90.0,123.79968908736225,61.89984454368112,90.0,236.20031091263775
7.239999999999934,0.0,40.0,211.71014113281464,28.10015545631888,90.0,123.79968908736225,61.89984454368112,90.0,236.20031091263775
7.259999999999933,0.0,-44.6253998080025,202.66445905921225,30.27981979606018,88.4758901820878,122.19070466884604,120.27981979606018,91.5241098179122,137.19070466884602
7.259999999999933,0.0,-40.0,207.28985886721475,30.26452737523389,90.0,119.47094524953222,120.26452737523388,90.0,119.47094524953222
7.259999999999933,0.0,40.0,207.28985886721475,30.26452737523389,90.0,119.47094524953222,59.73547262476611,90.0,240.52905475046776
7.259999999999933,0.0,40.0,207.28985886721475,30.26452737523389,90.0,119.47094524953222,59.73547262476611,90.0,240.52905475046776
7.279999999999933,0.0,-43.88575334400245,199.040191385612,32.30233431305841,88.23366842644285,118.36664340881198,122.30233431305841,91.76633157355715,133.36664340881197
7.279999999999933,0.0,-40.0,202.92594472961446,32.271795727676704,90.0,115.45640854464659,122.2717957276767,90.0,115.45640854464659
7.279999999999933,0.0,40.0,202.92594472961446,32.271795727676704,90.0,115.45640854464659,57.728204272323296,90.0,244.5435914553534
7.279999999999933,0.0,40.0,202.92594472961446,32.271795727676704,90.0,115.45640854464659,57.728204272323296,90.0,244.5435914553534
7.299999999999932,0.0,-43.174400000002336,195.55456000001146,34.15202104622369,87.9919799404388,114.87671938702957,124.1520210462237,92.0080200595612,129.87671938702957
7.299999999999932,0.0,-40.0,198.7289600000138,34.102350597934134,90.0,111.79529880413173,124.10235059793413,90.0,111.79529880413173
7.299999999999932,0.0,40.0,198.7289600000138,34.102350597934134,90.0,111.79529880413173,55.897649402065866,90.0,248.20470119586827
7.299999999999932,0.0,40.0,198.7289600000138,34.102350597934134,90.0,111.79529880413173,55.897649402065866,90.0,248.20470119586827
7.319999999999932,0.0,-42.50897305600217,192.29396797441063,35.811139438138284,87.75770819165851,111.75295952529243,125.81113943813828,92.24229180834149,126.75295952529243
7.319999999999932,0.0,-40.0,194.80294103041282,35.73970763329756,90.0,108.52058473340487,125.73970763329757,90.0,108.52058473340487
7.319999999999932,0.0,40.0,194.80294103041282,35.73970763329756,90.0,108.52058473340487,54.26029236670244,90.0,251.47941526659514
7.319999999999932,0.0,40.0,194.80294103041282,35.73970763329756,90.0,108.52058473340487,54.26029236670244,90.0,251.47941526659514
7.3399999999999315,0.0,-41.90526259200195,189.33578670080954,37.265210925473646,87.53795034956542,109.02087034467853,127.26521092547364,92.46204965043458,124.02087034467853
7.3399999999999315,0.0,-40.0,191.24104929281148,37.170822260758094,90.0,105.65835547848381,127.17082226075809,90.0,105.65835547848381
7.3399999999999315,0.0,40.0,191.24104929281148,37.170822260758094,90.0,105.65835547848381,52.829177739241906,90.0,254.34164452151617
7.3399999999999315,0.0,40.0,191.24104929281148,37.170822260758094,90.0,105.65835547848381,52.829177739241906,90.0,254.34164452151617
7.359999999999931,0.0,-41.37647820800168,186.74474321920823,38.50365204142303,87.3395493913244,106.69840108875623,128.50365204142304,92.6604506086756,121.69840108875623
7.359999999999931,0.0,-40.0,188.12122142720992,38.38662617381585,90.0,103.2267476523683,128.38662617381584,90.0,103.2267476523683
7.359999999999931,0.0,40.0,188.12122142720992,38.38662617381585,90.0,103.2267476523683,51.61337382618415,90.0,256.7732523476317
7.359999999999931,0.0,40.0,188.12122142720992,38.38662617381585,90.0,103.2267476523683,51.61337382618415,90.0,256.7732523476317
7.379999999999931,0.0,-40.93251174400138,184.5693075456068,39.520666790462876,87.16851772761468,104.79445952427487,129.52066679046288,92.83148227238532,119.79445952427487
7.379999999999931,0.0,-40.0,185.5018192896082,39.38278515432572,90.00000000000001,101.23442969134858,129.38278515432572,89.99999999999999,101.23442969134858
7.379999999999931,0.0,40.0,185.5018192896082,39.38278515432572,90.00000000000001,101.23442969134858,50.61721484567428,90.00000000000001,258.76557030865143
7.379999999999931,0.0,40.0,185.5018192896082,39.38278515432572,90.00000000000001,101.23442969134858,50.61721484567428,90.00000000000001,258.76557030865143
7.39999999999993,0.0,-40.57920000000108,182.83808000000522,40.31639717785024,87.02939555292924,103.30696229637529,130.31639717785023,92.97060444707076,118.30696229637529
7.39999999999993,0.0,-40.0,183.41728000000643,40.16069209134236,90.0,99.67861581731526,130.16069209134236,90.0,99.67861581731526
7.39999999999993,0.0,40.0,183.41728000000643,40.16069209134236,90.0,99.67861581731526,49.83930790865764,90.0,260.3213841826847
7.39999999999993,0.0,40.0,183.41728000000643,40.16069209134236,90.0,99.67861581731526,49.83930790865764,90.0,260.3213841826847
7.41999999999993,0.0,-40.317587456000744,181.55617853440367,40.89833515771601,86.92460844856238,102.2203826504539,130.89833515771602,93.07539155143762,117.2203826504539
7.41999999999993,0.0,-40.0,181.87376599040454,40.72872112100357,90.0,98.54255775799288,130.72872112100356,90.0,98.54255775799288
7.41999999999993,0.0,40.0,181.87376599040454,40.72872112100357,90.0,98.54255775799288,49.27127887899643,90.0,261.4574422420071
7.41999999999993,0.0,40.0,181.87376599040454,40.72872112100357,90.0,98.54255775799288,49.27127887899643,90.0,261.4574422420071
7.439999999999929,0.0,-40.143188992000475,180.7016260608023,41.28300325825461,86.85389744611025,101.50274590147696,131.2830032582546,93.14610255388975,116.50274590147696
7.439999999999929,0.0,-40.0,180.8448150528029,41.10377639467015,90.0,97.7924472106597,131.10377639467015,90.0,97.7924472106597
7.439999999999929,0.0,40.0,180.8448150528029,41.10377639467015,90.0,97.7924472106597,48.89622360532985,90.0,262.2075527893403
7.439999999999929,0.0,40.0,180.8448150528029,41.10377639467015,90.0,97.7924472106597,48.89622360532985,90.0,262.2075527893403
7.459999999999929,0.0,-40.04525260800021,180.2217377792011,41.497911058880824,86.81388334055111,101.10202834716878,131.49791105888082,93.18611665944889,116.10202834716878
7.459999999999929,0.0,-40.0,180.26699038720136,41.31316529767563,90.0,97.37366940464874,131.31316529767562,90.0,97.37366940464874
7.459999999999929,0.0,40.0,180.26699038720136,41.31316529767563,90.0,97.37366940464874,48.68683470232437,90.0,262.62633059535125
7.459999999999929,0.0,40.0,180.26699038720136,41.31316529767563,90.0,97.37366940464874,48.68683470232437,90.0,262.62633059535125
7.4799999999999285,0.0,-40.00602214400006,180.02950850560026,41.583777376990916,86.79779273846036,100.94196533217122,131.58377737699092,93.20220726153964,115.94196533217122
7.4799999999999285,0.0,-40.0,180.03553064960045,41.396796422371835,90.0,97.20640715525633,131.39679642237184,90.0,97.20640715525633
7.4799999999999285,0.0,40.0,180.03553064960045,41.396796422371835,90.0,97.20640715525633,48.603203577628165,90.0,262.79359284474367
7.4799999999999285,0.0,40.0,180.03553064960045,41.396796422371835,90.0,97.20640715525633,48.603203577628165,90.0,262.79359284474367
7.499999999999928,0.0,-40.0,180.0,41.59694742464398,86.79531956251773,100.9174173158139,131.596947424644,93.20468043748227,115.9174173158139
7.499999999999928,0.0,-40.0,180.00000000000006,41.40962210927084,90.0,97.18075578145832,131.40962210927086,90.0,97.18075578145832
7.499999999999928,0.0,40.0,180.00000000000006,41.40962210927084,90.0,97.18075578145832,48.59037789072916,90.0,262.8192442185417
7.499999999999928,0.0,40.0,180.00000000000006,41.40962210927084,90.0,97.18075578145832,48.59037789072916,90.0,262.8192442185417
7.519999999999928,0.0,-40.00602214399993,180.0295085055997,41.58377737699117,86.79779273846032,100.94196533217072,131.58377737699118,93.20220726153968,115.94196533217072
7.519999999999928,0.0,-40.0,180.03553064959962,41.396796422372134,90.0,97.20640715525575,131.39679642237212,90.0,97.20640715525575
7.519999999999928,0.0,40.0,180.03553064959962,41.396796422372134,90.0,97.20640715525575,48.603203577627866,90.0,262.79359284474424
7.519999999999928,0.0,40.0,180.03553064959962,41.396796422372134,90.0,97.20640715525575,48.603203577627866,90.0,262.79359284474424
7.539999999999927,0.0,-40.04525260799976,180.22173777919883,41.49791105888183,86.81388334055093,101.1020283471669,131.49791105888184,93.18611665944907,116.1020283471669
7.539999999999927,0.0,-40.0,180.2669903871986,41.31316529767663,90.0,97.37366940464673,131.31316529767662,90.0,97.37366940464673
7.539999999999927,0.0,40.0,180.2669903871986,41.31316529767663,90.0,97.37366940464673,48.68683470232337,90.0,262.62633059535324
7.539999999999927,0.0,40.0,180.2669903871986,41.31316529767663,90.0,97.37366940464673,48.68683470232337,90.0,262.62633059535324
7.559999999999927,0.0,-40.14318899199951,180.7016260607976,41.28300325825672,86.85389744610987,101.502745901473,131.2830032582567,93.14610255389013,116.502745901473
7.559999999999927,0.0,-40.0,180.84481505279712,41.10377639467224,90.00000000000001,97.79244721065552,131.10377639467225,89.99999999999999,97.79244721065552
7.559999999999927,0.0,40.0,180.84481505279712,41.10377639467224,90.00000000000001,97.79244721065552,48.89622360532776,90.00000000000001,262.2075527893445
7.559999999999927,0.0,40.0,180.84481505279712,41.10377639467224,90.00000000000001,97.79244721065552,48.89622360532776,90.00000000000001,262.2075527893445
7.579999999999926,0.0,-40.3175874559992,181.55617853439608,40.89833515771943,86.92460844856177,102.22038265044752,130.89833515771943,93.07539155143823,117.22038265044752
7.579999999999926,0.0,-40.0,181.8737659903953,40.72872112100695,90.0,98.54255775798613,130.72872112100694,90.0,98.54255775798613
7.579999999999926,0.0,40.0,181.8737659903953,40.72872112100695,90.0,98.54255775798613,49.27127887899305,90.0,261.4574422420139
7.579999999999926,0.0,40.0,181.8737659903953,40.72872112100695,90.0,98.54255775798613,49.27127887899305,90.0,261.4574422420139
7.599999999999926,0.0,-40.579199999998856,182.83807999999442,40.31639717785517,87.02939555292836,103.30696229636607,130.31639717785518,92.97060444707164,118.30696229636607
7.599999999999926,0.0,-40.0,183.4172799999933,40.16069209134722,90.00000000000001,99.67861581730556,130.16069209134722,89.99999999999999,99.67861581730556
7.599999999999926,0.0,40.0,183.4172799999933,40.16069209134722,90.00000000000001,99.67861581730556,49.83930790865278,90.00000000000001,260.32138418269443
7.599999999999926,0.0,40.0,183.4172799999933,40.16069209134722,90.00000000000001,99.67861581730556,49.83930790865278,90.00000000000001,260.32138418269443
7.6199999999999255,0.0,-40.93251174399851,184.56930754559272,39.520666790469384,87.16851772761356,104.7944595242627,129.5206667904694,92.83148227238644,119.7944595242627
7.6199999999999255,0.0,-40.0,185.5018192895912,39.38278515433211,90.00000000000001,101.23442969133578,129.3827851543321,89.99999999999999,101.23442969133578
7.6199999999999255,0.0,40.0,185.5018192895912,39.38278515433211,90.00000000000001,101.23442969133578,50.61721484566789,90.00000000000001,258.7655703086642
7.6199999999999255,0.0,40.0,185.5018192895912,39.38278515433211,90.00000000000001,101.23442969133578,50.61721484566789,90.00000000000001,258.7655703086642
7.639999999999925,0.0,-41.376478207998176,186.74474321919107,38.50365204143113,87.33954939132306,106.69840108874104,128.50365204143114,92.66045060867694,121.69840108874104
7.639999999999925,0.0,-40.0,188.12122142718923,38.3866261738238,90.00000000000001,103.22674765235239,128.3866261738238,89.99999999999999,103.22674765235239
7.639999999999925,0.0,40.0,188.12122142718923,38.3866261738238,90.00000000000001,103.22674765235239,51.6133738261762,90.00000000000001,256.7732523476476
7.639999999999925,0.0,40.0,188.12122142718923,38.3866261738238,90.00000000000001,103.22674765235239,51.6133738261762,90.00000000000001,256.7732523476476
7.659999999999925,0.0,-41.905262591997854,189.3357867007895,37.26521092548336,87.53795034956391,109.02087034466031,127.26521092548336,92.46204965043609,124.02087034466031
7.659999999999925,0.0,-40.0,191.24104929278735,37.17082226076763,90.0,105.65835547846476,127.17082226076764,90.0,105.65835547846476
7.659999999999925,0.0,40.0,191.24104929278735,37.17082226076763,90.0,105.65835547846476,52.82917773923237,90.0,254.34164452153524
7.659999999999925,0.0,40.0,191.24104929278735,37.17082226076763,90.0,105.65835547846476,52.82917773923237,90.0,254.34164452153524
7.679999999999924,0.0,-42.508973055997586,192.29396797438815,35.81113943814952,87.75770819165689,111.75295952527131,125.81113943814952,92.24229180834311,126.75295952527131
7.679999999999924,0.0,-40.0,194.80294103038574,35.73970763330863,90.00000000000001,108.52058473338273,125.73970763330863,89.99999999999999,108.52058473338273
7.679999999999924,0.0,40.0,194.80294103038574,35.73970763330863,90.00000000000001,108.52058473338273,54.26029236669137,90.00000000000001,251.47941526661725
7.679999999999924,0.0,40.0,194.80294103038574,35.73970763330863,90.00000000000001,108.52058473338273,54.26029236669137,90.00000000000001,251.47941526661725
7.699999999999924,0.0,-43.17439999999736,195.55455999998708,34.152021046236364,87.99197994043708,114.8767193870057,124.15202104623637,92.00802005956292,129.87671938700572
7.699999999999924,0.0,-40.0,198.72895999998443,34.10235059794666,90.00000000000001,111.7952988041067,124.10235059794667,89.99999999999999,111.7952988041067
7.699999999999924,0.0,40.0,198.72895999998443,34.10235059794666,90.00000000000001,111.7952988041067,55.89764940205334,90.00000000000001,248.2047011958933
7.699999999999924,0.0,40.0,198.72895999998443,34.10235059794666,90.00000000000001,111.7952988041067,55.89764940205334,90.00000000000001,248.2047011958933
7.719999999999923,0.0,-43.8857533439972,199.04019138558633,32.30233431307235,88.23366842644108,118.36664340878565,122.30233431307235,91.76633157355892,133.36664340878565
7.719999999999923,0.0,-40.0,202.92594472958353,32.27179572769053,90.00000000000001,115.45640854461894,122.27179572769053,89.99999999999999,115.45640854461894
7.719999999999923,0.0,40.0,202.92594472958353,32.27179572769053,90.00000000000001,115.45640854461894,57.72820427230947,90.00000000000001,244.54359145538106
7.719999999999923,0.0,40.0,202.92594472958353,32.27179572769053,90.00000000000001,115.45640854461894,57.72820427230947,90.00000000000001,244.54359145538106
7.739999999999923,0.0,-44.62539980799712,202.66445905918584,30.27981979607532,88.47589018208608,122.19070466881739,120.27981979607532,91.52410981791392,137.19070466881738
7.739999999999923,0.0,-40.0,207.28985886718297,30.264527375248946,90.0,119.47094524950212,120.26452737524895,90.0,119.47094524950212
7.739999999999923,0.0,40.0,207.28985886718297,30.264527375248946,90.0,119.47094524950212,59.735472624751054,90.0,240.5290547504979
7.739999999999923,0.0,40.0,207.28985886718297,30.264527375248946,90.0,119.47094524950212,59.735472624751054,90.0,240.5290547504979
7.7599999999999225,0.0,-45.3746001919971,206.3355409407858,28.10511381004693,88.71231688601517,126.31093904981894,118.10511381004693,91.28768311398483,141.31093904981896
7.7599999999999225,0.0,-40.0,211.7101411327829,28.100155456334967,90.0,123.79968908733007,118.10015545633496,90.0,123.79968908733007
7.7599999999999225,0.0,40.0,211.7101411327829,28.100155456334967,90.0,123.79968908733007,61.89984454366503,90.0,236.20031091266992
7.7599999999999225,0.0,40.0,211.7101411327829,28.100155456334967,90.0,123.79968908733007,61.89984454366503,90.0,236.20031091266992
7.779999999999922,0.0,-46.114246655997164,209.95980861438605,25.8016696845686,88.93739457894651,130.6835333817452,115.8016696845686,91.06260542105349,145.6835333817452
7.779999999999922,0.0,-40.0,216.07405527038318,25.801343764895996,90.0,128.397312470208,115.80134376489599,90.0,128.397312470208
7.779999999999922,0.0,40.0,216.07405527038318,25.801343764895996,90.0,128.397312470208,64.19865623510401,90.0,231.602687529792
7.779999999999922,0.0,40.0,216.07405527038318,25.801343764895996,90.0,128.397312470208,64.19865623510401,90.0,231.602687529792
7.799999999999922,0.0,-46.825599999997294,213.44543999998675,23.396013514637442,89.14646030891458,135.25832017280658,113.39601351463745,90.85353969108542,150.25832017280658
7.799999999999922,0.0,-40.0,220.27103999998397,23.39403028654513,90.00000000000001,133.21193942690974,113.39403028654513,89.99999999999999,133.21193942690974
7.799999999999922,0.0,40.0,220.27103999998397,23.39403028654513,90.00000000000001,133.21193942690974,66.60596971345487,90.00000000000001,226.78806057309026
7.799999999999922,0.0,40.0,220.27103999998397,23.39403028654513,90.00000000000001,133.21193942690974,66.60596971345487,90.00000000000001,226.78806057309026
7.819999999999921,0.0,-47.4910269439975,216.70603202558772,20.91843233067522,89.33578391705615,139.97748029410735,110.91843233067522,90.66421608294385,154.97748029410735
7.819999999999921,0.0,-40.0,224.19705896958516,20.908038985137036,90.0,138.18392202972595,110.90803898513704,90.0,138.18392202972595
7.819999999999921,0.0,40.0,224.19705896958516,20.908038985137036,90.0,138.18392202972595,69.09196101486296,90.0,221.81607797027405
7.819999999999921,0.0,40.0,224.19705896958516,20.908038985137036,90.0,138.18392202972595,69.09196101486296,90.0,221.81607797027405
7.839999999999921,0.0,-48.09473740799775,219.66421329918902,18.404289112158377,89.50256471660998,144.77307026596412,108.40428911215838,90.49743528339002,159.77307026596412
7.839999999999921,0.0,-40.0,227.75895070718673,18.378275182989437,90.0,143.24344963402112,108.37827518298944,90.0,143.24344963402112
7.839999999999921,0.0,40.0,227.75895070718673,18.378275182989437,90.0,143.24344963402112,71.62172481701056,90.0,216.75655036597888
7.839999999999921,0.0,40.0,227.75895070718673,18.378275182989437,90.0,143.24344963402112,71.62172481701056,90.0,216.75655036597888
7.85999999999992,0.0,-48.62352179199806,222.25525678079052,15.896340906723374,89.64491099168178,149.56264430127706,105.89634090672337,90.35508900831822,164.56264430127706
7.85999999999992,0.0,-40.0,230.87877857278858,15.84687543213707,90.0,148.30624913572586,105.84687543213707,90.0,148.30624913572586
7.85999999999992,0.0,40.0,230.87877857278858,15.84687543213707,90.0,148.30624913572586,74.15312456786293,90.0,211.69375086427414
7.85999999999992,0.0,40.0,230.87877857278858,15.84687543213707,90.0,148.30624913572586,74.15312456786293,90.0,211.69375086427414
7.87999999999992,0.0,-49.0674882559984,224.4306924543922,13.448766227631449,89.76182655490086,154.24161174581752,103.44876622763145,90.23817344509914,169.24161174581752
7.87999999999992,0.0,-40.0,233.49818071039056,13.367026708977464,90.00000000000001,153.26594658204507,103.36702670897746,89.99999999999999,153.26594658204507
7.87999999999992,0.0,40.0,233.49818071039056,13.367026708977464,90.00000000000001,153.26594658204507,76.63297329102254,90.00000000000001,206.73405341795493
7.87999999999992,0.0,40.0,233.49818071039056,13.367026708977464,90.00000000000001,153.26594658204507,76.63297329102254,90.00000000000001,206.73405341795493
7.8999999999999195,0.0,-49.42079999999876,226.16191999999393,11.134097972119175,89.85322443830424,158.67003411980727,101.13409797211918,90.14677556169576,173.67003411980727
7.8999999999999195,0.0,-40.0,235.58271999999266,11.009759803765842,90.0,157.9804803924683,101.00975980376585,90.0,157.9804803924683
7.8999999999999195,0.0,40.0,235.58271999999266,11.009759803765842,90.0,157.9804803924683,78.99024019623415,90.0,202.0195196075317
7.8999999999999195,0.0,40.0,235.58271999999266,11.009759803765842,90.0,157.9804803924683,78.99024019623415,90.0,202.0195196075317
7.919999999999919,0.0,-49.68241254399913,227.44382146559568,9.05428064307428,89.91998374556732,162.6515251564392,99.05428064307428,90.08001625443268,177.6515251564392
7.919999999999919,0.0,-40.0,237.12623400959475,8.875483453363454,90.00000000000001,162.2490330932731,98.87548345336346,89.99999999999999,162.2490330932731
7.919999999999919,0.0,40.0,237.12623400959475,8.875483453363454,90.00000000000001,162.2490330932731,81.12451654663654,90.00000000000001,197.7509669067269
7.919999999999919,0.0,40.0,237.12623400959475,8.875483453363454,90.00000000000001,162.2490330932731,81.12451654663654,90.00000000000001,197.7509669067269
7.939999999999919,0.0,-49.85681100799947,228.29837393919735,7.352361827285831,89.96406156009242,165.91094355063206,97.35236182728583,90.03593843990758,180.91094355063206
7.939999999999919,0.0,-40.0,238.1551849471967,7.108648021821878,90.0,165.78270395635624,97.10864802182188,90.0,165.78270395635624
7.939999999999919,0.0,40.0,238.1551849471967,7.108648021821878,90.0,165.78270395635624,82.89135197817812,90.0,194.21729604364376
7.939999999999919,0.0,40.0,238.1551849471967,7.108648021821878,90.0,165.78270395635624,82.89135197817812,90.0,194.21729604364376
7.959999999999918,0.0,-49.95474739199974,228.7782622207986,6.196798678436341,89.98866658293197,168.12457816149896,96.19679867843634,90.01133341706803,183.12457816149896
7.959999999999918,0.0,-40.0,238.7330096127985,5.889927004100508,90.00000000000001,168.220145991799,95.88992700410051,89.99999999999999,168.220145991799
7.959999999999918,0.0,40.0,238.7330096127985,5.889927004100508,90.00000000000001,168.220145991799,84.11007299589949,90.00000000000001,191.779854008201
7.959999999999918,0.0,40.0,238.7330096127985,5.889927004100508,90.00000000000001,168.220145991799,84.11007299589949,90.00000000000001,191.779854008201
7.979999999999918,0.0,-49.99397785599995,228.9704914943998,5.668628736770097,89.9984930616022,169.1364866027433,95.6686287367701,90.0015069383978,184.1364866027433
7.979999999999918,0.0,-40.0,238.9644693503996,5.3243888645714765,90.0,169.35122227085705,95.32438886457147,90.0,169.35122227085705
7.979999999999918,0.0,40.0,238.9644693503996,5.3243888645714765,90.0,169.35122227085705,84.67561113542853,90.0,190.64877772914295
7.979999999999918,0.0,40.0,238.9644693503996,5.3243888645714765,90.0,169.35122227085705,84.67561113542853,90.0,190.64877772914295
7.999999999999917,0.0,-50.0,229.00000000000006,5.58315053710707,90.0,169.30025916731822,95.58315053710707,90.0,184.30025916731822
7.999999999999917,0.0,-40.0,238.99999999999994,5.232182951910053,90.00000000000001,169.5356340961799,95.23218295191005,89.99999999999999,169.5356340961799
7.999999999999917,0.0,40.0,238.99999999999994,5.232182951910053,90.00000000000001,169.5356340961799,84.76781704808995,90.00000000000001,190.4643659038201
7.999999999999917,0.0,40.0,238.99999999999994,5.232182951910053,90.00000000000001,169.5356340961799,84.76781704808995,90.00000000000001,190.4643659038201
8.019999999999918,0.0,-49.99397785600008,228.97049149440036,5.668628736768532,89.99849306160225,169.1364866027463,95.66862873676854,90.00150693839775,184.1364866027463
8.019999999999918,0.0,-40.0,238.96446935040044,5.324388864569365,90.0,169.35122227086129,95.32438886456937,90.0,169.35122227086129
8.019999999999918,0.0,40.0,238.96446935040044,5.324388864569365,90.0,169.35122227086129,84.67561113543063,90.0,190.64877772913871
8.019999999999918,0.0,40.0,238.96446935040044,5.324388864569365,90.0,169.35122227086129,84.67561113543063,90.0,190.64877772913871
8.039999999999917,0.0,-49.95474739200027,228.7782622208013,6.196798678429288,89.9886665829321,168.12457816151246,96.19679867842929,90.0113334170679,183.12457816151246
8.039999999999917,0.0,-40.0,238.73300961280157,5.889927004093345,90.0,168.22014599181333,95.88992700409335,90.0,168.22014599181333
8.039999999999917,0.0,40.0,238.73300961280157,5.889927004093345,90.0,168.22014599181333,84.11007299590665,90.0,191.77985400818667
8.039999999999917,0.0,40.0,238.73300961280157,5.889927004093345,90.0,168.22014599181333,84.11007299590665,90.0,191.77985400818667
8.059999999999917,0.0,-49.856811008000555,228.29837393920272,7.352361827273888,89.96406156009269,165.91094355065493,97.35236182727388,90.03593843990731,180.91094355065493
8.059999999999917,0.0,-40.0,238.15518494720328,7.108648021809144,90.0,165.7827039563817,97.10864802180915,90.0,165.7827039563817
8.059999999999917,0.0,40.0,238.15518494720328,7.108648021809144,90.0,165.7827039563817,82.89135197819085,90.0,194.2172960436183
8.059999999999917,0.0,40.0,238.15518494720328,7.108648021809144,90.0,165.7827039563817,82.89135197819085,90.0,194.2172960436183
8.079999999999917,0.0,-49.682412544000904,227.44382146560446,9.054280643058465,89.91998374556776,162.6515251564695,99.05428064305846,90.08001625443224,177.6515251564695
8.079999999999917,0.0,-40.0,237.12623400960533,8.875483453347105,90.00000000000001,162.2490330933058,98.8754834533471,89.99999999999999,162.2490330933058
8.079999999999917,0.0,40.0,237.12623400960533,8.875483453347105,90.00000000000001,162.2490330933058,81.1245165466529,90.00000000000001,197.7509669066942
8.079999999999917,0.0,40.0,237.12623400960533,8.875483453347105,90.00000000000001,162.2490330933058,81.1245165466529,90.00000000000001,197.7509669066942
8.099999999999916,0.0,-49.420800000001286,226.16192000000635,11.13409797210087,89.85322443830489,158.67003411984228,101.13409797210088,90.14677556169511,173.67003411984228
8.099999999999916,0.0,-40.0,235.5827200000076,11.009759803747153,90.0,157.9804803925057,101.00975980374716,90.0,157.9804803925057
8.099999999999916,0.0,40.0,235.5827200000076,11.009759803747153,90.0,157.9804803925057,78.99024019625284,90.0,202.0195196074943
8.099999999999916,0.0,40.0,235.5827200000076,11.009759803747153,90.0,157.9804803925057,78.99024019625284,90.0,202.0195196074943
8.119999999999916,0.0,-49.067488256001674,224.43069245440824,13.44876622761172,89.76182655490173,154.24161174585527,103.44876622761171,90.23817344509827,169.24161174585527
8.119999999999916,0.0,-40.0,233.49818071040994,13.367026708957452,90.0,153.2659465820851,103.36702670895745,90.0,153.2659465820851
8.119999999999916,0.0,40.0,233.49818071040994,13.367026708957452,90.0,153.2659465820851,76.63297329104255,90.0,206.7340534179149
8.119999999999916,0.0,40.0,233.49818071040994,13.367026708957452,90.0,153.2659465820851,76.63297329104255,90.0,206.7340534179149
8.139999999999915,0.0,-48.62352179200207,222.25525678081013,15.89634090670292,89.64491099168285,149.56264430131614,105.89634090670292,90.35508900831715,164.56264430131614
8.139999999999915,0.0,-40.0,230.8787785728122,15.846875432116429,90.0,148.30624913576716,105.84687543211643,90.0,148.30624913576716
8.139999999999915,0.0,40.0,230.8787785728122,15.846875432116429,90.0,148.30624913576716,74.15312456788357,90.0,211.69375086423284
8.139999999999915,0.0,40.0,230.8787785728122,15.846875432116429,90.0,148.30624913576716,74.15312456788357,90.0,211.69375086423284
8.159999999999915,0.0,-48.094737408002416,219.66421329921184,18.4042891121377,89.50256471661123,144.77307026600357,108.4042891121377,90.49743528338877,159.77307026600357
8.159999999999915,0.0,-40.0,227.75895070721427,18.378275182968586,90.0,143.24344963406284,108.3782751829686,90.0,143.24344963406284
8.159999999999915,0.0,40.0,227.75895070721427,18.378275182968586,90.0,143.24344963406284,71.6217248170314,90.0,216.75655036593716
8.159999999999915,0.0,40.0,227.75895070721427,18.378275182968586,90.0,143.24344963406284,71.6217248170314,90.0,216.75655036593716
8.179999999999914,0.0,-47.491026944002726,216.70603202561335,20.918432330654653,89.33578391705761,139.97748029414655,110.91843233065465,90.66421608294239,154.97748029414655
8.179999999999914,0.0,-40.0,224.19705896961608,20.908038985116363,90.0,138.18392202976727,110.90803898511636,90.0,138.18392202976727
8.179999999999914,0.0,40.0,224.19705896961608,20.908038985116363,90.0,138.18392202976727,69.09196101488364,90.0,221.81607797023273
8.179999999999914,0.0,40.0,224.19705896961608,20.908038985116363,90.0,138.18392202976727,69.09196101488364,90.0,221.81607797023273
8.199999999999914,0.0,-46.825600000002964,213.44544000001457,23.39601351461735,89.14646030891623,135.2583201728448,113.39601351461735,90.85353969108377,150.2583201728448
8.199999999999914,0.0,-40.0,220.27104000001754,23.39403028652494,90.0,133.21193942695012,113.39403028652494,90.0,133.21193942695012
8.199999999999914,0.0,40.0,220.27104000001754,23.39403028652494,90.0,133.21193942695012,66.60596971347506,90.0,226.78806057304988
8.199999999999914,0.0,40.0,220.27104000001754,23.39403028652494,90.0,133.21193942695012,66.60596971347506,90.0,226.78806057304988
8.219999999999914,0.0,-46.11424665600315,209.95980861441544,25.801669684549196,88.93739457894831,130.68353338178207,115.8016696845492,91.06260542105169,145.68353338178207
8.219999999999914,0.0,-40.0,216.0740552704186,25.801343764876577,90.0,128.39731247024685,115.80134376487658,90.0,128.39731247024685
8.219999999999914,0.0,40.0,216.0740552704186,25.801343764876577,90.0,128.39731247024685,64.19865623512342,90.0,231.60268752975315
8.219999999999914,0.0,40.0,216.0740552704186,25.801343764876577,90.0,128.39731247024685,64.19865623512342,90.0,231.60268752975315
8.239999999999913,0.0,-45.37460019200324,206.3355409408159,28.105113810028502,88.71231688601708,126.31093904985387,118.1051138100285,91.28768311398292,141.31093904985386
8.239999999999913,0.0,-40.0,211.71014113281916,28.10015545631659,90.0,123.79968908736683,118.10015545631659,90.0,123.79968908736683
8.239999999999913,0.0,40.0,211.71014113281916,28.10015545631659,90.0,123.79968908736683,61.899844543683415,90.0,236.20031091263317
8.239999999999913,0.0,40.0,211.71014113281916,28.10015545631659,90.0,123.79968908736683,61.899844543683415,90.0,236.20031091263317
8.259999999999913,0.0,-44.625399808003266,202.664459059216,30.279819796058025,88.47589018208805,122.1907046688501,120.27981979605802,91.52410981791195,137.19070466885012
8.259999999999913,0.0,-40.0,207.28985886721924,30.264527375231758,90.0,119.4709452495365,120.26452737523175,90.0,119.4709452495365
8.259999999999913,0.0,40.0,207.28985886721924,30.264527375231758,90.0,119.4709452495365,59.73547262476824,90.0,240.5290547504635
8.259999999999913,0.0,40.0,207.28985886721924,30.264527375231758,90.0,119.4709452495365,59.73547262476824,90.0,240.5290547504635
8.279999999999912,0.0,-43.8857533440032,199.04019138561566,32.30233431305643,88.23366842644309,118.36664340881575,122.30233431305643,91.76633157355691,133.36664340881575
8.279999999999912,0.0,-40.0,202.92594472961883,32.27179572767475,90.0,115.45640854465051,122.27179572767474,90.0,115.45640854465051
8.279999999999912,0.0,40.0,202.92594472961883,32.27179572767475,90.0,115.45640854465051,57.72820427232525,90.0,244.54359145534949
8.279999999999912,0.0,40.0,202.92594472961883,32.27179572767475,90.0,115.45640854465051,57.72820427232525,90.0,244.54359145534949
8.299999999999912,0.0,-43.17440000000305,195.55456000001493,34.152021046221904,87.99197994043904,114.87671938703295,124.1520210462219,92.00802005956096,129.87671938703295
8.299999999999912,0.0,-40.0,198.728960000018,34.102350597932364,90.0,111.79529880413527,124.10235059793237,90.0,111.79529880413527
8.299999999999912,0.0,40.0,198.728960000018,34.102350597932364,90.0,111.79529880413527,55.897649402067636,90.0,248.20470119586474
8.299999999999912,0.0,40.0,198.728960000018,34.102350597932364,90.0,111.79529880413527,55.897649402067636,90.0,248.20470119586474
8.319999999999911,0.0,-42.508973056002816,192.2939679744138,35.811139438136706,87.75770819165875,111.7529595252954,125.8111394381367,92.24229180834125,126.7529595252954
8.319999999999911,0.0,-40.0,194.80294103041666,35.739707633296,90.0,108.52058473340801,125.739707633296,90.0,108.52058473340801
8.319999999999911,0.0,40.0,194.80294103041666,35.739707633296,90.0,108.52058473340801,54.260292366704,90.0,251.47941526659199
8.319999999999911,0.0,40.0,194.80294103041666,35.739707633296,90.0,108.52058473340801,54.260292366704,90.0,251.47941526659199
8.339999999999911,0.0,-41.90526259200252,189.33578670081238,37.26521092547227,87.53795034956565,109.02087034468111,127.26521092547227,92.46204965043435,124.02087034468111
8.339999999999911,0.0,-40.0,191.24104929281492,37.17082226075674,90.0,105.65835547848654,127.17082226075674,90.0,105.65835547848654
8.339999999999911,0.0,40.0,191.24104929281492,37.17082226075674,90.0,105.65835547848654,52.82917773924326,90.0,254.34164452151344
8.339999999999911,0.0,40.0,191.24104929281492,37.17082226075674,90.0,105.65835547848654,52.82917773924326,90.0,254.34164452151344
8.35999999999991,0.0,-41.37647820800218,186.7447432192107,38.50365204142186,87.3395493913246,106.6984010887584,128.50365204142184,92.6604506086754,121.6984010887584
8.35999999999991,0.0,-40.0,188.12122142721293,38.38662617381469,90.0,103.22674765237062,128.3866261738147,90.0,103.22674765237062
8.35999999999991,0.0,40.0,188.12122142721293,38.38662617381469,90.0,103.22674765237062,51.61337382618531,90.0,256.7732523476294
8.35999999999991,0.0,40.0,188.12122142721293,38.38662617381469,90.0,103.22674765237062,51.61337382618531,90.0,256.7732523476294
8.37999999999991,0.0,-40.932511744001786,184.56930754560875,39.52066679046197,87.16851772761483,104.79445952427656,129.52066679046197,92.83148227238517,119.79445952427656
8.37999999999991,0.0,-40.0,185.50181928961058,39.382785154324814,90.00000000000001,101.23442969135037,129.3827851543248,89.99999999999999,101.23442969135037
8.37999999999991,0.0,40.0,185.50181928961058,39.382785154324814,90.00000000000001,101.23442969135037,50.617214845675186,90.00000000000001,258.7655703086496
8.37999999999991,0.0,40.0,185.50181928961058,39.382785154324814,90.00000000000001,101.23442969135037,50.617214845675186,90.00000000000001,258.7655703086496
8.39999999999991,0.0,-40.579200000001386,182.83808000000676,40.316397177849545,87.02939555292936,103.30696229637658,130.31639717784955,92.97060444707064,118.30696229637658
8.39999999999991,0.0,-40.0,183.4172800000082,40.16069209134172,90.0,99.67861581731657,130.16069209134173,90.0,99.67861581731657
8.39999999999991,0.0,40.0,183.4172800000082,40.16069209134172,90.0,99.67861581731657,49.83930790865828,90.0,260.32138418268346
8.39999999999991,0.0,40.0,183.4172800000082,40.16069209134172,90.0,99.67861581731657,49.83930790865828,90.0,260.32138418268346
8.41999999999991,0.0,-40.31758745600098,181.5561785344048,40.89833515771549,86.92460844856248,102.22038265045487,130.8983351577155,93.07539155143752,117.22038265045487
8.41999999999991,0.0,-40.0,181.87376599040584,40.72872112100309,90.0,98.54255775799383,130.7287211210031,90.0,98.54255775799383
8.41999999999991,0.0,40.0,181.87376599040584,40.72872112100309,90.0,98.54255775799383,49.27127887899691,90.0,261.45744224200615
8.41999999999991,0.0,40.0,181.87376599040584,40.72872112100309,90.0,98.54255775799383,49.27127887899691,90.0,261.45744224200615
8.439999999999909,0.0,-40.14318899200062,180.70162606080302,41.283003258254276,86.85389744611032,101.50274590147757,131.28300325825427,93.14610255388968,116.50274590147757
8.439999999999909,0.0,-40.0,180.84481505280365,41.103776394669865,90.0,97.79244721066027,131.10377639466986,90.0,97.79244721066027
8.439999999999909,0.0,40.0,180.84481505280365,41.103776394669865,90.0,97.79244721066027,48.896223605330135,90.0,262.20755278933973
8.439999999999909,0.0,40.0,180.84481505280365,41.103776394669865,90.0,97.79244721066027,48.896223605330135,90.0,262.20755278933973
8.459999999999908,0.0,-40.04525260800029,180.2217377792014,41.497911058880696,86.81388334055113,101.10202834716902,131.4979110588807,93.18611665944887,116.10202834716902
8.459999999999908,0.0,-40.0,180.26699038720176,41.313165297675496,90.0,97.37366940464901,131.31316529767548,90.0,97.37366940464901
8.459999999999908,0.0,40.0,180.26699038720176,41.313165297675496,90.0,97.37366940464901,48.686834702324504,90.0,262.62633059535096
8.459999999999908,0.0,40.0,180.26699038720176,41.313165297675496,90.0,97.37366940464901,48.686834702324504,90.0,262.62633059535096
8.479999999999908,0.0,-40.00602214400009,180.02950850560046,41.583777376990824,86.79779273846037,100.94196533217136,131.58377737699084,93.20220726153963,115.94196533217136
8.479999999999908,0.0,-40.0,180.03553064960062,41.39679642237178,90.0,97.20640715525646,131.39679642237178,90.0,97.20640715525646
8.479999999999908,0.0,40.0,180.03553064960062,41.39679642237178,90.0,97.20640715525646,48.60320357762822,90.0,262.79359284474356
8.479999999999908,0.0,40.0,180.03553064960062,41.39679642237178,90.0,97.20640715525646,48.60320357762822,90.0,262.79359284474356
8.499999999999908,0.0,-39.99999999999999,180.0,41.59694742464398,86.79531956251773,100.9174173158139,131.596947424644,93.20468043748227,115.9174173158139
8.499999999999908,0.0,-40.0,180.00000000000006,41.40962210927084,90.0,97.18075578145832,131.40962210927086,90.0,97.18075578145832
8.499999999999908,0.0,40.0,180.00000000000006,41.40962210927084,90.0,97.18075578145832,48.59037789072916,90.0,262.8192442185417
8.499999999999908,0.0,40.0,180.00000000000006,41.40962210927084,90.0,97.18075578145832,48.59037789072916,90.0,262.8192442185417
8.519999999999907,0.0,-40.00602214399992,180.02950850559958,41.58377737699122,86.7977927384603,100.94196533217064,131.58377737699124,93.2022072615397,115.94196533217064
8.519999999999907,0.0,-40.0,180.0355306495995,41.39679642237217,90.0,97.20640715525568,131.39679642237218,90.0,97.20640715525568
8.519999999999907,0.0,40.0,180.0355306495995,41.39679642237217,90.0,97.20640715525568,48.60320357762783,90.0,262.79359284474435
8.519999999999907,0.0,40.0,180.0355306495995,41.39679642237217,90.0,97.20640715525568,48.60320357762783,90.0,262.79359284474435
8.539999999999907,0.0,-40.04525260799969,180.2217377791985,41.497911058881996,86.8138833405509,101.1020283471666,131.49791105888198,93.1861166594491,116.1020283471666
8.539999999999907,0.0,-40.0,180.26699038719823,41.313165297676775,90.0,97.37366940464646,131.3131652976768,90.0,97.37366940464646
8.539999999999907,0.0,40.0,180.26699038719823,41.313165297676775,90.0,97.37366940464646,48.686834702323225,90.0,262.6263305953535
8.539999999999907,0.0,40.0,180.26699038719823,41.313165297676775,90.0,97.37366940464646,48.686834702323225,90.0,262.6263305953535
8.559999999999906,0.0,-40.143188991999374,180.7016260607969,41.283003258257025,86.85389744610981,101.50274590147244,131.28300325825703,93.14610255389019,116.50274590147244
8.559999999999906,0.0,-40.0,180.8448150527963,41.10377639467254,90.0,97.79244721065493,131.10377639467254,90.0,97.79244721065493
8.559999999999906,0.0,40.0,180.8448150527963,41.10377639467254,90.0,97.79244721065493,48.89622360532746,90.0,262.2075527893451
8.559999999999906,0.0,40.0,180.8448150527963,41.10377639467254,90.0,97.79244721065493,48.89622360532746,90.0,262.2075527893451
8.579999999999906,0.0,-40.31758745599898,181.556178534395,40.89833515771993,86.92460844856167,102.2203826504466,130.89833515771994,93.07539155143833,117.2203826504466
8.579999999999906,0.0,-40.0,181.873765990394,40.728721121007425,90.0,98.54255775798516,130.72872112100742,90.0,98.54255775798516
8.579999999999906,0.0,40.0,181.873765990394,40.728721121007425,90.0,98.54255775798516,49.271278878992575,90.0,261.45744224201485
8.579999999999906,0.0,40.0,181.873765990394,40.728721121007425,90.0,98.54255775798516,49.271278878992575,90.0,261.45744224201485
8.599999999999905,0.0,-40.57919999999855,182.83807999999289,40.316397177855855,87.02939555292824,103.30696229636479,130.31639717785586,92.97060444707176,118.30696229636479
8.599999999999905,0.0,-40.0,183.41727999999142,40.160692091347926,90.0,99.67861581730416,130.16069209134793,90.0,99.67861581730416
8.599999999999905,0.0,40.0,183.41727999999142,40.160692091347926,90.0,99.67861581730416,49.839307908652074,90.0,260.32138418269585
8.599999999999905,0.0,40.0,183.41727999999142,40.160692091347926,90.0,99.67861581730416,49.839307908652074,90.0,260.32138418269585
8.619999999999905,0.0,-40.93251174399811,184.56930754559073,39.520666790470315,87.1685177276134,104.79445952426096,129.52066679047033,92.8314822723866,119.79445952426096
8.619999999999905,0.0,-40.0,185.50181928958884,39.382785154333,90.0,101.23442969133401,129.382785154333,90.0,101.23442969133401
8.619999999999905,0.0,40.0,185.50181928958884,39.382785154333,90.0,101.23442969133401,50.617214845667,90.0,258.765570308666
8.619999999999905,0.0,40.0,185.50181928958884,39.382785154333,90.0,101.23442969133401,50.617214845667,90.0,258.765570308666
8.639999999999905,0.0,-41.37647820799768,186.74474321918862,38.50365204143228,87.33954939132288,106.69840108873888,128.50365204143228,92.66045060867712,121.69840108873888
8.639999999999905,0.0,-40.0,188.12122142718627,38.386626173824936,90.0,103.22674765235013,128.38662617382494,90.0,103.22674765235013
8.639999999999905,0.0,40.0,188.12122142718627,38.386626173824936,90.0,103.22674765235013,51.613373826175064,90.0,256.7732523476499
8.639999999999905,0.0,40.0,188.12122142718627,38.386626173824936,90.0,103.22674765235013,51.613373826175064,90.0,256.7732523476499
8.659999999999904,0.0,-41.90526259199727,189.33578670078666,37.26521092548473,87.5379503495637,109.02087034465772,127.26521092548472,92.4620496504363,124.02087034465772
8.659999999999904,0.0,-40.0,191.24104929278394,37.170822260768965,90.0,105.65835547846207,127.17082226076897,90.0,105.65835547846207
8.659999999999904,0.0,40.0,191.24104929278394,37.170822260768965,90.0,105.65835547846207,52.829177739231035,90.0,254.34164452153794
8.659999999999904,0.0,40.0,191.24104929278394,37.170822260768965,90.0,105.65835547846207,52.829177739231035,90.0,254.34164452153794
8.679999999999904,0.0,-42.50897305599693,192.293967974385,35.81113943815108,87.75770819165665,111.75295952526835,125.81113943815109,92.24229180834335,126.75295952526835
8.679999999999904,0.0,-40.0,194.80294103038193,35.739707633310196,90.0,108.52058473337961,125.73970763331019,90.0,108.52058473337961
8.679999999999904,0.0,40.0,194.80294103038193,35.739707633310196,90.0,108.52058473337961,54.260292366689804,90.0,251.47941526662038
8.679999999999904,0.0,40.0,194.80294103038193,35.739707633310196,90.0,108.52058473337961,54.260292366689804,90.0,251.47941526662038
8.699999999999903,0.0,-43.17439999999666,195.55455999998364,34.15202104623812,87.99197994043682,114.87671938700237,124.15202104623812,92.00802005956318,129.87671938700237
8.699999999999903,0.0,-40.0,198.72895999998028,34.102350597948416,90.0,111.79529880410317,124.10235059794842,90.0,111.79529880410317
8.699999999999903,0.0,40.0,198.72895999998028,34.102350597948416,90.0,111.79529880410317,55.897649402051584,90.0,248.20470119589683
8.699999999999903,0.0,40.0,198.72895999998028,34.102350597948416,90.0,111.79529880410317,55.897649402051584,90.0,248.20470119589683
8.719999999999903,0.0,-43.88575334399646,199.04019138558266,32.302334313074354,88.23366842644084,118.36664340878188,122.30233431307435,91.76633157355916,133.3666434087819
8.719999999999903,0.0,-40.0,202.92594472957913,32.271795727692506,90.0,115.45640854461499,122.2717957276925,90.0,115.45640854461499
8.719999999999903,0.0,40.0,202.92594472957913,32.271795727692506,90.0,115.45640854461499,57.728204272307494,90.0,244.543591455385
8.719999999999903,0.0,40.0,202.92594472957913,32.271795727692506,90.0,115.45640854461499,57.728204272307494,90.0,244.543591455385
8.739999999999903,0.0,-44.62539980799635,202.66445905918215,30.27981979607744,88.47589018208583,122.19070466881337,120.27981979607745,91.52410981791417,137.19070466881337
8.739999999999903,0.0,-40.0,207.2898588671785,30.26452737525106,90.0,119.47094524949789,120.26452737525106,90.0,119.47094524949789
8.739999999999903,0.0,40.0,207.2898588671785,30.26452737525106,90.0,119.47094524949789,59.73547262474894,90.0,240.5290547505021
8.739999999999903,0.0,40.0,207.2898588671785,30.26452737525106,90.0,119.47094524949789,59.73547262474894,90.0,240.5290547505021
8.759999999999902,0.0,-45.374600191996336,206.33554094078207,28.105113810049208,88.71231688601495,126.31093904981462,118.1051138100492,91.28768311398505,141.31093904981464
8.759999999999902,0.0,-40.0,211.71014113277838,28.100155456337262,90.00000000000001,123.79968908732549,118.10015545633726,89.99999999999999,123.79968908732549
8.759999999999902,0.0,40.0,211.71014113277838,28.100155456337262,90.00000000000001,123.79968908732549,61.89984454366274,90.00000000000001,236.20031091267452
8.759999999999902,0.0,40.0,211.71014113277838,28.100155456337262,90.00000000000001,123.79968908732549,61.89984454366274,90.00000000000001,236.20031091267452
8.779999999999902,0.0,-46.11424665599642,209.95980861438247,25.801669684570985,88.9373945789463,130.68353338174066,115.80166968457098,91.0626054210537,145.68353338174066
8.779999999999902,0.0,-40.0,216.07405527037886,25.80134376489837,90.0,128.39731247020327,115.80134376489838,90.0,128.39731247020327
8.779999999999902,0.0,40.0,216.07405527037886,25.80134376489837,90.0,128.39731247020327,64.19865623510162,90.0,231.60268752979673
8.779999999999902,0.0,40.0,216.07405527037886,25.80134376489837,90.0,128.39731247020327,64.19865623510162,90.0,231.60268752979673
8.799999999999901,0.0,-46.82559999999659,213.44543999998328,23.39601351463998,89.14646030891437,135.25832017280172,113.39601351463998,90.85353969108563,150.25832017280172
8.799999999999901,0.0,-40.0,220.27103999997985,23.394030286547604,90.0,133.2119394269048,113.3940302865476,90.0,133.2119394269048
8.799999999999901,0.0,40.0,220.27103999997985,23.394030286547604,90.0,133.2119394269048,66.6059697134524,90.0,226.7880605730952
8.799999999999901,0.0,40.0,220.27103999997985,23.394030286547604,90.0,133.2119394269048,66.6059697134524,90.0,226.7880605730952
8.8199999999999,0.0,-47.49102694399684,216.7060320255845,20.918432330677785,89.33578391705595,139.97748029410246,110.91843233067779,90.66421608294405,154.97748029410246
8.8199999999999,0.0,-40.0,224.19705896958135,20.90803898513959,90.0,138.18392202972083,110.9080389851396,90.0,138.18392202972083
8.8199999999999,0.0,40.0,224.19705896958135,20.90803898513959,90.0,138.18392202972083,69.0919610148604,90.0,221.81607797027917
8.8199999999999,0.0,40.0,224.19705896958135,20.90803898513959,90.0,138.18392202972083,69.0919610148604,90.0,221.81607797027917
8.8399999999999,0.0,-48.094737407997165,219.66421329918614,18.404289112160946,89.50256471660983,144.7730702659592,108.40428911216094,90.49743528339017,159.7730702659592
8.8399999999999,0.0,-40.0,227.7589507071833,18.378275182992045,90.00000000000001,143.24344963401592,108.37827518299204,89.99999999999999,143.24344963401592
8.8399999999999,0.0,40.0,227.7589507071833,18.378275182992045,90.00000000000001,143.24344963401592,71.62172481700796,90.00000000000001,216.75655036598408
8.8399999999999,0.0,40.0,227.7589507071833,18.378275182992045,90.00000000000001,143.24344963401592,71.62172481700796,90.00000000000001,216.75655036598408
8.8599999999999,0.0,-48.62352179199756,222.25525678078807,15.896340906725916,89.64491099168164,149.5626443012722,105.89634090672591,90.35508900831836,164.5626443012722
8.8599999999999,0.0,-40.0,230.87877857278562,15.846875432139656,90.00000000000001,148.3062491357207,105.84687543213965,89.99999999999999,148.3062491357207
8.8599999999999,0.0,40.0,230.87877857278562,15.846875432139656,90.00000000000001,148.3062491357207,74.15312456786035,90.00000000000001,211.6937508642793
8.8599999999999,0.0,40.0,230.87877857278562,15.846875432139656,90.00000000000001,148.3062491357207,74.15312456786035,90.00000000000001,211.6937508642793
8.8799999999999,0.0,-49.067488255997986,224.4306924543902,13.448766227633831,89.76182655490078,154.24161174581297,103.44876622763383,90.23817344509922,169.24161174581297
8.8799999999999,0.0,-40.0,233.4981807103881,13.367026708979997,90.0,153.26594658204002,103.36702670897999,90.0,153.26594658204002
8.8799999999999,0.0,40.0,233.4981807103881,13.367026708979997,90.0,153.26594658204002,76.63297329102001,90.0,206.73405341795998
8.8799999999999,0.0,40.0,233.4981807103881,13.367026708979997,90.0,153.26594658204002,76.63297329102001,90.0,206.73405341795998
8.899999999999899,0.0,-49.42079999999846,226.1619199999924,11.134097972121396,89.85322443830415,158.670034119803,101.1340979721214,90.14677556169585,173.670034119803
8.899999999999899,0.0,-40.0,235.58271999999084,11.00975980376812,90.0,157.98048039246376,101.00975980376812,90.0,157.98048039246376
8.899999999999899,0.0,40.0,235.58271999999084,11.00975980376812,90.0,157.98048039246376,78.99024019623188,90.0,202.01951960753624
8.899999999999899,0.0,40.0,235.58271999999084,11.00975980376812,90.0,157.98048039246376,78.99024019623188,90.0,202.01951960753624
8.919999999999899,0.0,-49.68241254399891,227.44382146559465,9.054280643076142,89.91998374556727,162.65152515643564,99.05428064307614,90.08001625443273,177.65152515643564
8.919999999999899,0.0,-40.0,237.12623400959356,8.875483453365309,90.0,162.2490330932694,98.8754834533653,90.0,162.2490330932694
8.919999999999899,0.0,40.0,237.12623400959356,8.875483453365309,90.0,162.2490330932694,81.1245165466347,90.0,197.7509669067306
8.919999999999899,0.0,40.0,237.12623400959356,8.875483453365309,90.0,162.2490330932694,81.1245165466347,90.0,197.7509669067306
8.939999999999898,0.0,-49.856811007999326,228.29837393919672,7.3523618272872255,89.96406156009238,165.91094355062938,97.35236182728723,90.03593843990762,180.91094355062938
8.939999999999898,0.0,-40.0,238.15518494719595,7.108648021823291,90.00000000000001,165.78270395635343,97.10864802182329,89.99999999999999,165.78270395635343
8.939999999999898,0.0,40.0,238.15518494719595,7.108648021823291,90.00000000000001,165.78270395635343,82.89135197817671,90.00000000000001,194.21729604364657
8.939999999999898,0.0,40.0,238.15518494719595,7.108648021823291,90.00000000000001,165.78270395635343,82.89135197817671,90.00000000000001,194.21729604364657
8.959999999999898,0.0,-49.95474739199967,228.77826222079847,6.196798678436727,89.98866658293196,168.12457816149822,96.19679867843672,90.01133341706804,183.12457816149822
8.959999999999898,0.0,-40.0,238.73300961279807,5.889927004101513,90.0,168.22014599179698,95.88992700410151,90.0,168.22014599179698
8.959999999999898,0.0,40.0,238.73300961279807,5.889927004101513,90.0,168.22014599179698,84.11007299589849,90.0,191.77985400820302
8.959999999999898,0.0,40.0,238.73300961279807,5.889927004101513,90.0,168.22014599179698,84.11007299589849,90.0,191.77985400820302
8.979999999999897,0.0,-49.99397785599991,228.97049149439948,5.668628736771067,89.9984930616022,169.13648660274143,95.66862873677107,90.0015069383978,184.13648660274143
8.979999999999897,0.0,-40.0,238.96446935039944,5.324388864571909,90.0,169.3512222708562,95.32438886457192,90.0,169.3512222708562
8.979999999999897,0.0,40.0,238.96446935039944,5.324388864571909,90.0,169.3512222708562,84.67561113542808,90.0,190.6487777291438
8.979999999999897,0.0,40.0,238.96446935039944,5.324388864571909,90.0,169.3512222708562,84.67561113542808,90.0,190.6487777291438
8.999999999999897,0.0,-49.99999999999999,229.0,5.583150537107256,90.0,169.30025916731785,95.58315053710726,90.0,184.30025916731785
8.999999999999897,0.0,-40.0,238.99999999999994,5.232182951910053,90.00000000000001,169.5356340961799,95.23218295191005,89.99999999999999,169.5356340961799
8.999999999999897,0.0,40.0,238.99999999999994,5.232182951910053,90.00000000000001,169.5356340961799,84.76781704808995,90.00000000000001,190.4643659038201
8.999999999999897,0.0,40.0,238.99999999999994,5.232182951910053,90.00000000000001,169.5356340961799,84.76781704808995,90.00000000000001,190.4643659038201
9.019999999999897,0.0,-49.99397785600009,228.97049149440045,5.668628736768226,89.99849306160225,169.13648660274688,95.66862873676823,90.00150693839775,184.13648660274688
9.019999999999897,0.0,-40.0,238.96446935040055,5.324388864569085,90.00000000000001,169.35122227086183,95.32438886456909,89.99999999999999,169.35122227086183
9.019999999999897,0.0,40.0,238.96446935040055,5.324388864569085,90.00000000000001,169.35122227086183,84.67561113543091,90.00000000000001,190.64877772913817
9.019999999999897,0.0,40.0,238.96446935040055,5.324388864569085,90.00000000000001,169.35122227086183,84.67561113543091,90.00000000000001,190.64877772913817
9.039999999999896,0.0,-49.954747392000336,228.77826222080168,6.196798678428293,89.98866658293211,168.1245781615144,96.1967986784283,90.01133341706789,183.1245781615144
9.039999999999896,0.0,-40.0,238.73300961280196,5.88992700409243,90.0,168.22014599181514,95.88992700409243,90.0,168.22014599181514
9.039999999999896,0.0,40.0,238.73300961280196,5.88992700409243,90.0,168.22014599181514,84.11007299590757,90.0,191.77985400818486
9.039999999999896,0.0,40.0,238.73300961280196,5.88992700409243,90.0,168.22014599181514,84.11007299590757,90.0,191.77985400818486
9.059999999999896,0.0,-49.8568110080007,228.29837393920343,7.352361827272282,89.96406156009272,165.910943550658,97.35236182727228,90.03593843990728,180.910943550658
9.059999999999896,0.0,-40.0,238.1551849472041,7.108648021807554,90.0,165.7827039563849,97.10864802180755,90.0,165.7827039563849
9.059999999999896,0.0,40.0,238.1551849472041,7.108648021807554,90.0,165.7827039563849,82.89135197819245,90.0,194.2172960436151
9.059999999999896,0.0,40.0,238.1551849472041,7.108648021807554,90.0,165.7827039563849,82.89135197819245,90.0,194.2172960436151
9.079999999999895,0.0,-49.68241254400114,227.44382146560557,9.054280643056396,89.91998374556783,162.65152515647344,99.0542806430564,90.08001625443217,177.65152515647344
9.079999999999895,0.0,-40.0,237.1262340096067,8.875483453344994,90.0,162.24903309331003,98.875483453345,90.0,162.24903309331003
9.079999999999895,0.0,40.0,237.1262340096067,8.875483453344994,90.0,162.24903309331003,81.124516546655,90.0,197.75096690668997
9.079999999999895,0.0,40.0,237.1262340096067,8.875483453344994,90.0,162.24903309331003,81.124516546655,90.0,197.75096690668997
9.099999999999895,0.0,-49.42080000000162,226.1619200000079,11.13409797209853,89.85322443830498,158.67003411984678,101.13409797209853,90.14677556169502,173.67003411984678
9.099999999999895,0.0,-40.0,235.58272000000954,11.00975980374475,90.0,157.98048039251051,101.00975980374474,90.0,157.98048039251051
9.099999999999895,0.0,40.0,235.58272000000954,11.00975980374475,90.0,157.98048039251051,78.99024019625526,90.0,202.01951960748949
9.099999999999895,0.0,40.0,235.58272000000954,11.00975980374475,90.0,157.98048039251051,78.99024019625526,90.0,202.01951960748949
9.119999999999894,0.0,-49.0674882560021,224.43069245441032,13.448766227609191,89.76182655490183,154.2416117458601,103.44876622760918,90.23817344509817,169.2416117458601
9.119999999999894,0.0,-40.0,233.49818071041247,13.367026708954844,90.0,153.26594658209032,103.36702670895484,90.0,153.26594658209032
9.119999999999894,0.0,40.0,233.49818071041247,13.367026708954844,90.0,153.26594658209032,76.63297329104516,90.0,206.73405341790968
9.119999999999894,0.0,40.0,233.49818071041247,13.367026708954844,90.0,153.26594658209032,76.63297329104516,90.0,206.73405341790968
9.139999999999894,0.0,-48.62352179200259,222.25525678081266,15.896340906700308,89.64491099168299,149.56264430132111,105.8963409067003,90.35508900831701,164.56264430132111
9.139999999999894,0.0,-40.0,230.87877857281526,15.846875432113753,90.0,148.3062491357725,105.84687543211375,90.0,148.3062491357725
9.139999999999894,0.0,40.0,230.87877857281526,15.846875432113753,90.0,148.3062491357725,74.15312456788625,90.0,211.6937508642275
9.139999999999894,0.0,40.0,230.87877857281526,15.846875432113753,90.0,148.3062491357725,74.15312456788625,90.0,211.6937508642275
9.159999999999894,0.0,-48.09473740800303,219.66421329921482,18.404289112134975,89.5025647166114,144.77307026600877,108.40428911213498,90.4974352833886,159.77307026600877
9.159999999999894,0.0,-40.0,227.75895070721785,18.37827518296588,90.0,143.24344963406824,108.37827518296588,90.0,143.24344963406824
9.159999999999894,0.0,40.0,227.75895070721785,18.37827518296588,90.0,143.24344963406824,71.62172481703412,90.0,216.75655036593176
9.159999999999894,0.0,40.0,227.75895070721785,18.37827518296588,90.0,143.24344963406824,71.62172481703412,90.0,216.75655036593176
9.179999999999893,0.0,-47.4910269440034,216.70603202561665,20.918432330651996,89.33578391705778,139.97748029415163,110.918432330652,90.66421608294222,154.97748029415163
9.179999999999893,0.0,-40.0,224.19705896962006,20.90803898511369,90.0,138.18392202977262,110.90803898511369,90.0,138.18392202977262
9.179999999999893,0.0,40.0,224.19705896962006,20.90803898511369,90.0,138.18392202977262,69.09196101488631,90.0,221.81607797022738
9.179999999999893,0.0,40.0,224.19705896962006,20.90803898511369,90.0,138.18392202977262,69.09196101488631,90.0,221.81607797022738
9.199999999999893,0.0,-46.8256000000037,213.44544000001815,23.39601351461474,89.14646030891645,135.25832017284978,113.39601351461474,90.85353969108355,150.25832017284978
9.199999999999893,0.0,-40.0,220.27104000002188,23.394030286522327,90.0,133.21193942695535,113.39403028652232,90.0,133.21193942695535
9.199999999999893,0.0,40.0,220.27104000002188,23.394030286522327,90.0,133.21193942695535,66.60596971347768,90.0,226.78806057304465
9.199999999999893,0.0,40.0,220.27104000002188,23.394030286522327,90.0,133.21193942695535,66.60596971347768,90.0,226.78806057304465
9.219999999999892,0.0,-46.11424665600392,209.95980861441925,25.80166968454667,88.93739457894854,130.68353338178687,115.80166968454667,91.06260542105146,145.68353338178687
9.219999999999892,0.0,-40.0,216.07405527042317,25.80134376487407,90.00000000000001,128.39731247025188,115.80134376487408,89.99999999999999,128.39731247025188
9.219999999999892,0.0,40.0,216.07405527042317,25.80134376487407,90.00000000000001,128.39731247025188,64.19865623512592,90.00000000000001,231.60268752974812
9.219999999999892,0.0,40.0,216.07405527042317,25.80134376487407,90.00000000000001,128.39731247025188,64.19865623512592,90.00000000000001,231.60268752974812
9.239999999999892,0.0,-45.374600192004046,206.33554094081978,28.10511381002612,88.71231688601733,126.3109390498584,118.10511381002613,91.28768311398267,141.3109390498584
9.239999999999892,0.0,-40.0,211.71014113282385,28.100155456314205,90.0,123.79968908737159,118.10015545631421,90.0,123.79968908737159
9.239999999999892,0.0,40.0,211.71014113282385,28.100155456314205,90.0,123.79968908737159,61.899844543685795,90.0,236.20031091262842
9.239999999999892,0.0,40.0,211.71014113282385,28.100155456314205,90.0,123.79968908737159,61.899844543685795,90.0,236.20031091262842
9.259999999999891,0.0,-44.62539980800406,202.6644590592199,30.279819796055786,88.47589018208829,122.19070466885435,120.27981979605579,91.52410981791171,137.19070466885435
9.259999999999891,0.0,-40.0,207.28985886722396,30.26452737522952,90.0,119.47094524954095,120.26452737522952,90.0,119.47094524954095
9.259999999999891,0.0,40.0,207.28985886722396,30.26452737522952,90.0,119.47094524954095,59.73547262477048,90.0,240.52905475045907
9.259999999999891,0.0,40.0,207.28985886722396,30.26452737522952,90.0,119.47094524954095,59.73547262477048,90.0,240.52905475045907
9.279999999999891,0.0,-43.885753344003966,199.04019138561947,32.302334313054345,88.23366842644334,118.36664340881967,122.30233431305435,91.76633157355666,133.36664340881967
9.279999999999891,0.0,-40.0,202.92594472962344,32.27179572767269,90.0,115.45640854465464,122.2717957276727,90.0,115.45640854465464
9.279999999999891,0.0,40.0,202.92594472962344,32.27179572767269,90.0,115.45640854465464,57.72820427232731,90.0,244.54359145534536
9.279999999999891,0.0,40.0,202.92594472962344,32.27179572767269,90.0,115.45640854465464,57.72820427232731,90.0,244.54359145534536
9.29999999999989,0.0,-43.17440000000378,195.55456000001854,34.152021046220035,87.9919799404393,114.87671938703646,124.15202104622003,92.0080200595607,129.87671938703647
9.29999999999989,0.0,-40.0,198.7289600000223,34.10235059793052,90.0,111.79529880413897,124.10235059793052,90.0,111.79529880413897
9.29999999999989,0.0,40.0,198.7289600000223,34.10235059793052,90.0,111.79529880413897,55.89764940206948,90.0,248.20470119586105
9.29999999999989,0.0,40.0,198.7289600000223,34.10235059793052,90.0,111.79529880413897,55.89764940206948,90.0,248.20470119586105
9.31999999999989,0.0,-42.5089730560035,192.29396797441717,35.81113943813502,87.75770819165899,111.75295952529856,125.81113943813503,92.24229180834101,126.75295952529856
9.31999999999989,0.0,-40.0,194.80294103042064,35.73970763329437,90.00000000000001,108.52058473341127,125.73970763329437,89.99999999999999,108.52058473341127
9.31999999999989,0.0,40.0,194.80294103042064,35.73970763329437,90.00000000000001,108.52058473341127,54.26029236670563,90.00000000000001,251.47941526658872
9.31999999999989,0.0,40.0,194.80294103042064,35.73970763329437,90.00000000000001,108.52058473341127,54.26029236670563,90.00000000000001,251.47941526658872
9.33999999999989,0.0,-41.905262592003126,189.33578670081536,37.26521092547082,87.53795034956588,109.02087034468384,127.26521092547083,92.46204965043412,124.02087034468384
9.33999999999989,0.0,-40.0,191.2410492928185,37.170822260755315,90.0,105.65835547848937,127.17082226075532,90.0,105.65835547848937
9.33999999999989,0.0,40.0,191.2410492928185,37.170822260755315,90.0,105.65835547848937,52.829177739244685,90.0,254.34164452151063
9.33999999999989,0.0,40.0,191.2410492928185,37.170822260755315,90.0,105.65835547848937,52.829177739244685,90.0,254.34164452151063
9.35999999999989,0.0,-41.376478208002695,186.7447432192132,38.503652041420665,87.33954939132478,106.69840108876065,128.50365204142065,92.66045060867522,121.69840108876065
9.35999999999989,0.0,-40.0,188.12122142721597,38.386626173813525,90.0,103.22674765237296,128.3866261738135,90.0,103.22674765237296
9.35999999999989,0.0,40.0,188.12122142721597,38.386626173813525,90.0,103.22674765237296,51.613373826186475,90.0,256.773252347627
9.35999999999989,0.0,40.0,188.12122142721597,38.386626173813525,90.0,103.22674765237296,51.613373826186475,90.0,256.773252347627
9.379999999999889,0.0,-40.93251174400221,184.5693075456109,39.520666790460965,87.168517727615,104.79445952427845,129.52066679046095,92.831482272385,119.79445952427845
9.379999999999889,0.0,-40.0,185.50181928961314,39.38278515432386,90.0,101.23442969135229,129.38278515432387,90.0,101.23442969135229
9.379999999999889,0.0,40.0,185.50181928961314,39.38278515432386,90.0,101.23442969135229,50.61721484567614,90.0,258.76557030864774
9.379999999999889,0.0,40.0,185.50181928961314,39.38278515432386,90.0,101.23442969135229,50.61721484567614,90.0,258.76557030864774
9.399999999999888,0.0,-40.57920000000171,182.83808000000843,40.316397177848785,87.02939555292949,103.306962296378,130.31639717784878,92.97060444707051,118.306962296378
9.399999999999888,0.0,-40.0,183.41728000001018,40.16069209134097,90.0,99.67861581731806,130.16069209134096,90.0,99.67861581731806
9.399999999999888,0.0,40.0,183.41728000001018,40.16069209134097,90.0,99.67861581731806,49.83930790865903,90.0,260.3213841826819
9.399999999999888,0.0,40.0,183.41728000001018,40.16069209134097,90.0,99.67861581731806,49.83930790865903,90.0,260.3213841826819
9.419999999999888,0.0,-40.317587456001206,181.55617853440594,40.898335157714975,86.92460844856257,102.22038265045583,130.89833515771497,93.07539155143743,117.22038265045583
9.419999999999888,0.0,-40.0,181.87376599040715,40.72872112100261,90.00000000000001,98.54255775799479,130.7287211210026,89.99999999999999,98.54255775799479
9.419999999999888,0.0,40.0,181.87376599040715,40.72872112100261,90.00000000000001,98.54255775799479,49.27127887899739,90.00000000000001,261.4574422420052
9.419999999999888,0.0,40.0,181.87376599040715,40.72872112100261,90.00000000000001,98.54255775799479,49.27127887899739,90.00000000000001,261.4574422420052
9.439999999999888,0.0,-40.14318899200076,180.70162606080368,41.28300325825399,86.85389744611037,101.5027459014781,131.28300325825398,93.14610255388963,116.5027459014781
9.439999999999888,0.0,-40.0,180.84481505280448,41.10377639466956,90.0,97.79244721066087,131.10377639466955,90.0,97.79244721066087
9.439999999999888,0.0,40.0,180.84481505280448,41.10377639466956,90.0,97.79244721066087,48.89622360533044,90.0,262.20755278933916
9.439999999999888,0.0,40.0,180.84481505280448,41.10377639466956,90.0,97.79244721066087,48.89622360533044,90.0,262.20755278933916
9.459999999999887,0.0,-40.04525260800037,180.22173777920185,41.4979110588805,86.81388334055119,101.1020283471694,131.4979110588805,93.18611665944881,116.1020283471694
9.459999999999887,0.0,-40.0,180.26699038720224,41.31316529767532,90.00000000000001,97.37366940464936,131.3131652976753,89.99999999999999,97.37366940464936
9.459999999999887,0.0,40.0,180.26699038720224,41.31316529767532,90.00000000000001,97.37366940464936,48.68683470232468,90.00000000000001,262.6263305953506
9.459999999999887,0.0,40.0,180.26699038720224,41.31316529767532,90.00000000000001,97.37366940464936,48.68683470232468,90.00000000000001,262.6263305953506
9.479999999999887,0.0,-40.00602214400009,180.02950850560046,41.583777376990824,86.79779273846037,100.94196533217136,131.58377737699084,93.20220726153963,115.94196533217136
9.479999999999887,0.0,-40.0,180.03553064960067,41.39679642237175,90.0,97.20640715525651,131.39679642237175,90.0,97.20640715525651
9.479999999999887,0.0,40.0,180.03553064960067,41.39679642237175,90.0,97.20640715525651,48.60320357762825,90.0,262.7935928447435
9.479999999999887,0.0,40.0,180.03553064960067,41.39679642237175,90.0,97.20640715525651,48.60320357762825,90.0,262.7935928447435
9.499999999999886,0.0,-39.99999999999999,180.0,41.59694742464398,86.79531956251773,100.9174173158139,131.596947424644,93.20468043748227,115.9174173158139
9.499999999999886,0.0,-40.0,180.00000000000006,41.40962210927084,90.0,97.18075578145832,131.40962210927086,90.0,97.18075578145832
9.499999999999886,0.0,40.0,180.00000000000006,41.40962210927084,90.0,97.18075578145832,48.59037789072916,90.0,262.8192442185417
9.499999999999886,0.0,40.0,180.00000000000006,41.40962210927084,90.0,97.18075578145832,48.59037789072916,90.0,262.8192442185417
9.519999999999886,0.0,-40.0060221439999,180.0295085055995,41.58377737699127,86.7977927384603,100.94196533217057,131.58377737699126,93.2022072615397,115.94196533217057
9.519999999999886,0.0,-40.0,180.0355306495994,41.39679642237221,90.0,97.20640715525559,131.3967964223722,90.0,97.20640715525559
9.519999999999886,0.0,40.0,180.0355306495994,41.39679642237221,90.0,97.20640715525559,48.60320357762779,90.0,262.7935928447444
9.519999999999886,0.0,40.0,180.0355306495994,41.39679642237221,90.0,97.20640715525559,48.60320357762779,90.0,262.7935928447444
9.539999999999885,0.0,-40.04525260799963,180.22173777919818,41.497911058882124,86.81388334055087,101.10202834716635,131.49791105888212,93.18611665944913,116.10202834716635
9.539999999999885,0.0,-40.0,180.26699038719778,41.313165297676925,90.0,97.37366940464614,131.31316529767693,90.0,97.37366940464614
9.539999999999885,0.0,40.0,180.26699038719778,41.313165297676925,90.0,97.37366940464614,48.686834702323075,90.0,262.62633059535386
9.539999999999885,0.0,40.0,180.26699038719778,41.313165297676925,90.0,97.37366940464614,48.686834702323075,90.0,262.62633059535386
9.559999999999885,0.0,-40.14318899199923,180.70162606079623,41.283003258257324,86.85389744610974,101.50274590147188,131.28300325825734,93.14610255389026,116.50274590147188
9.559999999999885,0.0,-40.0,180.84481505279547,41.103776394672835,90.0,97.79244721065433,131.10377639467282,90.0,97.79244721065433
9.559999999999885,0.0,40.0,180.84481505279547,41.103776394672835,90.0,97.79244721065433,48.896223605327165,90.0,262.20755278934564
9.559999999999885,0.0,40.0,180.84481505279547,41.103776394672835,90.0,97.79244721065433,48.896223605327165,90.0,262.20755278934564
9.579999999999885,0.0,-40.317587455998755,181.55617853439387,40.89833515772044,86.92460844856159,102.22038265044564,130.89833515772045,93.07539155143841,117.22038265044564
9.579999999999885,0.0,-40.0,181.87376599039263,40.72872112100792,90.0,98.54255775798416,130.72872112100794,90.0,98.54255775798416
9.579999999999885,0.0,40.0,181.87376599039263,40.72872112100792,90.0,98.54255775798416,49.27127887899208,90.0,261.4574422420159
9.579999999999885,0.0,40.0,181.87376599039263,40.72872112100792,90.0,98.54255775798416,49.27127887899208,90.0,261.4574422420159
9.599999999999884,0.0,-40.579199999998224,182.83807999999127,40.31639717785662,87.02939555292811,103.30696229636338,130.31639717785663,92.97060444707189,118.30696229636338
9.599999999999884,0.0,-40.0,183.41727999998952,40.16069209134863,90.0,99.67861581730276,130.16069209134864,90.0,99.67861581730276
9.599999999999884,0.0,40.0,183.41727999998952,40.16069209134863,90.0,99.67861581730276,49.83930790865137,90.0,260.3213841826972
9.599999999999884,0.0,40.0,183.41727999998952,40.16069209134863,90.0,99.67861581730276,49.83930790865137,90.0,260.3213841826972
9.619999999999884,0.0,-40.93251174399768,184.56930754558863,39.52066679047129,87.16851772761324,104.79445952425915,129.5206667904713,92.83148227238676,119.79445952425915
9.619999999999884,0.0,-40.0,185.5018192895863,39.382785154333945,90.0,101.2344296913321,129.38278515433393,90.0,101.2344296913321
9.619999999999884,0.0,40.0,185.5018192895863,39.382785154333945,90.0,101.2344296913321,50.617214845666055,90.0,258.7655703086679
9.619999999999884,0.0,40.0,185.5018192895863,39.382785154333945,90.0,101.2344296913321,50.617214845666055,90.0,258.7655703086679
9.639999999999883,0.0,-41.37647820799716,186.74474321918603,38.50365204143349,87.33954939132269,106.69840108873662,128.5036520414335,92.66045060867731,121.69840108873662
9.639999999999883,0.0,-40.0,188.1212214271832,38.386626173826116,90.0,103.22674765234777,128.38662617382613,90.0,103.22674765234777
9.639999999999883,0.0,40.0,188.1212214271832,38.386626173826116,90.0,103.22674765234777,51.613373826173884,90.0,256.77325234765226
9.639999999999883,0.0,40.0,188.1212214271832,38.386626173826116,90.0,103.22674765234777,51.613373826173884,90.0,256.77325234765226
9.659999999999883,0.0,-41.90526259199667,189.3357867007837,37.265210925486166,87.53795034956346,109.02087034465502,127.26521092548617,92.46204965043654,124.02087034465502
9.659999999999883,0.0,-40.0,191.24104929278036,37.17082226077039,90.0,105.65835547845923,127.1708222607704,90.0,105.65835547845923
9.659999999999883,0.0,40.0,191.24104929278036,37.17082226077039,90.0,105.65835547845923,52.82917773922961,90.0,254.3416445215408
9.659999999999883,0.0,40.0,191.24104929278036,37.17082226077039,90.0,105.65835547845923,52.82917773922961,90.0,254.3416445215408
9.679999999999882,0.0,-42.50897305599626,192.29396797438164,35.81113943815275,87.7577081916564,111.75295952526521,125.81113943815275,92.2422918083436,126.75295952526521
9.679999999999882,0.0,-40.0,194.80294103037792,35.73970763331183,90.0,108.52058473337634,125.73970763331184,90.0,108.52058473337634
9.679999999999882,0.0,40.0,194.80294103037792,35.73970763331183,90.0,108.52058473337634,54.26029236668817,90.0,251.47941526662368
9.679999999999882,0.0,40.0,194.80294103037792,35.73970763331183,90.0,108.52058473337634,54.26029236668817,90.0,251.47941526662368
9.699999999999882,0.0,-43.174399999995934,195.55455999998003,34.15202104623999,87.99197994043658,114.87671938699886,124.15202104623998,92.00802005956342,129.87671938699884
9.699999999999882,0.0,-40.0,198.72895999997596,34.10235059795026,90.00000000000001,111.79529880409949,124.10235059795026,89.99999999999999,111.79529880409949
9.699999999999882,0.0,40.0,198.72895999997596,34.10235059795026,90.00000000000001,111.79529880409949,55.89764940204974,90.00000000000001,248.2047011959005
9.699999999999882,0.0,40.0,198.72895999997596,34.10235059795026,90.00000000000001,111.79529880409949,55.89764940204974,90.00000000000001,248.2047011959005
9.719999999999882,0.0,-43.88575334399569,199.04019138557885,32.302334313076415,88.23366842644059,118.36664340877799,122.30233431307641,91.76633157355941,133.36664340877797
9.719999999999882,0.0,-40.0,202.92594472957458,32.27179572769453,90.0,115.45640854461095,122.27179572769452,90.0,115.45640854461095
9.719999999999882,0.0,40.0,202.92594472957458,32.27179572769453,90.0,115.45640854461095,57.72820427230547,90.0,244.54359145538905
9.719999999999882,0.0,40.0,202.92594472957458,32.27179572769453,90.0,115.45640854461095,57.72820427230547,90.0,244.54359145538905
9.739999999999881,0.0,-44.625399807995564,202.66445905917826,30.279819796079686,88.47589018208558,122.19070466880915,120.27981979607969,91.52410981791442,137.19070466880913
9.739999999999881,0.0,-40.0,207.2898588671738,30.264527375253298,90.00000000000001,119.47094524949341,120.2645273752533,89.99999999999999,119.47094524949341
9.739999999999881,0.0,40.0,207.2898588671738,30.264527375253298,90.00000000000001,119.47094524949341,59.735472624746706,90.00000000000001,240.5290547505066
9.739999999999881,0.0,40.0,207.2898588671738,30.264527375253298,90.00000000000001,119.47094524949341,59.735472624746706,90.00000000000001,240.5290547505066
9.75999999999988,0.0,-45.37460019199554,206.33554094077812,28.105113810051627,88.7123168860147,126.31093904981003,118.10511381005162,91.2876831139853,141.31093904981003
9.75999999999988,0.0,-40.0,211.71014113277369,28.10015545633964,90.0,123.79968908732073,118.10015545633964,90.0,123.79968908732073
9.75999999999988,0.0,40.0,211.71014113277369,28.10015545633964,90.0,123.79968908732073,61.899844543660365,90.0,236.20031091267927
9.75999999999988,0.0,40.0,211.71014113277369,28.10015545633964,90.0,123.79968908732073,61.899844543660365,90.0,236.20031091267927
9.77999999999988,0.0,-46.11424665599565,209.95980861437866,25.801669684573515,88.93739457894607,130.68353338173586,115.80166968457351,91.06260542105393,145.68353338173586
9.77999999999988,0.0,-40.0,216.07405527037432,25.801343764900864,90.0,128.39731247019827,115.80134376490086,90.0,128.39731247019827
9.77999999999988,0.0,40.0,216.07405527037432,25.801343764900864,90.0,128.39731247019827,64.19865623509914,90.0,231.60268752980173
9.77999999999988,0.0,40.0,216.07405527037432,25.801343764900864,90.0,128.39731247019827,64.19865623509914,90.0,231.60268752980173
9.79999999999988,0.0,-46.82559999999585,213.44543999997964,23.396013514642586,89.14646030891419,135.25832017279677,113.39601351464259,90.85353969108581,150.25832017279677
9.79999999999988,0.0,-40.0,220.27103999997547,23.394030286550223,90.0,133.21193942689956,113.39403028655022,90.0,133.21193942689956
9.79999999999988,0.0,40.0,220.27103999997547,23.394030286550223,90.0,133.21193942689956,66.60596971344978,90.0,226.78806057310044
9.79999999999988,0.0,40.0,220.27103999997547,23.394030286550223,90.0,133.21193942689956,66.60596971344978,90.0,226.78806057310044
9.81999999999988,0.0,-47.49102694399616,216.7060320255812,20.91843233068043,89.33578391705576,139.97748029409743,110.91843233068043,90.66421608294424,154.97748029409743
9.81999999999988,0.0,-40.0,224.1970589695773,20.908038985142287,90.0,138.18392202971543,110.90803898514228,90.0,138.18392202971543
9.81999999999988,0.0,40.0,224.1970589695773,20.908038985142287,90.0,138.18392202971543,69.09196101485772,90.0,221.81607797028457
9.81999999999988,0.0,40.0,224.1970589695773,20.908038985142287,90.0,138.18392202971543,69.09196101485772,90.0,221.81607797028457
9.839999999999879,0.0,-48.09473740799656,219.66421329918313,18.40428911216367,89.50256471660965,144.773070265954,108.40428911216367,90.49743528339035,159.773070265954
9.839999999999879,0.0,-40.0,227.7589507071797,18.37827518299477,90.00000000000001,143.24344963401046,108.37827518299477,89.99999999999999,143.24344963401046
9.839999999999879,0.0,40.0,227.7589507071797,18.37827518299477,90.00000000000001,143.24344963401046,71.62172481700523,90.00000000000001,216.75655036598954
9.839999999999879,0.0,40.0,227.7589507071797,18.37827518299477,90.00000000000001,143.24344963401046,71.62172481700523,90.00000000000001,216.75655036598954
9.859999999999879,0.0,-48.62352179199703,222.25525678078546,15.896340906728632,89.6449109916815,149.562644301267,105.89634090672862,90.3550890083185,164.562644301267
9.859999999999879,0.0,-40.0,230.8787785727825,15.846875432142392,90.0,148.30624913571523,105.8468754321424,90.0,148.30624913571523
9.859999999999879,0.0,40.0,230.8787785727825,15.846875432142392,90.0,148.30624913571523,74.1531245678576,90.0,211.69375086428477
9.859999999999879,0.0,40.0,230.8787785727825,15.846875432142392,90.0,148.30624913571523,74.1531245678576,90.0,211.69375086428477
9.879999999999878,0.0,-49.06748825599756,224.430692454388,13.448766227636533,89.76182655490067,154.24161174580783,103.44876622763653,90.23817344509933,169.24161174580783
9.879999999999878,0.0,-40.0,233.49818071038555,13.367026708982632,90.00000000000001,153.26594658203476,103.36702670898264,89.99999999999999,153.26594658203476
9.879999999999878,0.0,40.0,233.49818071038555,13.367026708982632,90.00000000000001,153.26594658203476,76.63297329101736,90.00000000000001,206.73405341796524
9.879999999999878,0.0,40.0,233.49818071038555,13.367026708982632,90.00000000000001,153.26594658203476,76.63297329101736,90.00000000000001,206.73405341796524
9.899999999999878,0.0,-49.420799999998124,226.1619199999908,11.134097972123776,89.85322443830407,158.67003411979846,101.13409797212378,90.14677556169593,173.67003411979846
9.899999999999878,0.0,-40.0,235.58271999998888,11.009759803770574,90.0,157.98048039245884,101.00975980377058,90.0,157.98048039245884
9.899999999999878,0.0,40.0,235.58271999998888,11.009759803770574,90.0,157.98048039245884,78.99024019622942,90.0,202.01951960754116
9.899999999999878,0.0,40.0,235.58271999998888,11.009759803770574,90.0,157.98048039245884,78.99024019622942,90.0,202.01951960754116
9.919999999999877,0.0,-49.682412543998666,227.44382146559343,9.054280643078293,89.91998374556721,162.65152515643152,99.0542806430783,90.08001625443279,177.65152515643152
9.919999999999877,0.0,-40.0,237.1262340095922,8.875483453367423,90.00000000000001,162.24903309326515,98.87548345336742,89.99999999999999,162.24903309326515
9.919999999999877,0.0,40.0,237.1262340095922,8.875483453367423,90.00000000000001,162.24903309326515,81.12451654663258,90.00000000000001,197.75096690673485
9.919999999999877,0.0,40.0,237.1262340095922,8.875483453367423,90.00000000000001,162.24903309326515,81.12451654663258,90.00000000000001,197.75096690673485
9.939999999999877,0.0,-49.85681100799918,228.29837393919598,7.352361827288847,89.96406156009233,165.91094355062629,97.35236182728885,90.03593843990767,180.91094355062629
9.939999999999877,0.0,-40.0,238.15518494719504,7.10864802182506,90.0,165.78270395634988,97.10864802182506,90.0,165.78270395634988
9.939999999999877,0.0,40.0,238.15518494719504,7.10864802182506,90.0,165.78270395634988,82.89135197817494,90.0,194.21729604365012
9.939999999999877,0.0,40.0,238.15518494719504,7.10864802182506,90.0,165.78270395634988,82.89135197817494,90.0,194.21729604365012
9.959999999999877,0.0,-49.95474739199961,228.77826222079798,6.196798678438028,89.98866658293193,168.12457816149572,96.19679867843803,90.01133341706807,183.12457816149572
9.959999999999877,0.0,-40.0,238.73300961279764,5.889927004102493,90.0,168.22014599179502,95.88992700410249,90.0,168.22014599179502
9.959999999999877,0.0,40.0,238.73300961279764,5.889927004102493,90.0,168.22014599179502,84.11007299589751,90.0,191.77985400820498
9.959999999999877,0.0,40.0,238.73300961279764,5.889927004102493,90.0,168.22014599179502,84.11007299589751,90.0,191.77985400820498
9.979999999999876,0.0,-49.993977855999916,228.97049149439945,5.668628736771121,89.9984930616022,169.13648660274134,95.66862873677113,90.0015069383978,184.13648660274134
9.979999999999876,0.0,-40.0,238.96446935039933,5.324388864572215,90.0,169.35122227085557,95.32438886457221,90.0,169.35122227085557
9.979999999999876,0.0,40.0,238.96446935039933,5.324388864572215,90.0,169.35122227085557,84.67561113542779,90.0,190.64877772914443
9.979999999999876,0.0,40.0,238.96446935039933,5.324388864572215,90.0,169.35122227085557,84.67561113542779,90.0,190.64877772914443
