time (s),target_x (mm),target_y (mm),target_z (mm),joint_hip (deg),joint_shoulder (deg),joint_knee (deg),servo_hip (deg),servo_shoulder (deg),servo_knee (deg)
0.0,-5.0,-50.0,180.0,42.08822576535166,90.0,102.96946928757873,132.08822576535167,90.0,117.96946928757873
0.0,5.0,-50.0,180.0,38.90594522296248,90.0,102.96946928757873,128.9059452229625,90.0,102.96946928757873
0.0,5.0,50.0,180.0,38.90594522296248,90.0,102.96946928757873,51.09405477703752,90.0,257.0305307124213
0.0,-5.0,50.0,180.0,42.08822576535166,90.0,102.96946928757873,47.91177423464834,90.0,257.0305307124213
0.02,-4.9605735065723895,-50.0,182.50666467128607,40.967163785236934,90.0,105.00104961665855,130.96716378523695,90.0,120.00104961665855
0.02,4.6,-50.0,180.0,39.03775794868477,90.0,102.96091733720753,129.03775794868477,90.0,102.96091733720753
0.02,4.6,50.0,180.0,39.03775794868477,90.0,102.96091733720753,50.96224205131523,90.0,257.03908266279245
0.02,-4.9605735065723895,50.0,182.50666467128607,40.967163785236934,90.0,105.00104961665855,49.032836214763066,90.0,254.99895038334145
0.04,-4.842915805643155,-50.0,184.9737977432971,39.81805107430683,90.00000000000001,107.04572765397585,129.81805107430682,89.99999999999999,122.04572765397585
0.04,4.199999999999999,-50.0,180.0,39.16920340194269,90.0,102.95307830743904,129.1692034019427,90.0,102.95307830743904
0.04,4.199999999999999,50.0,180.0,39.16920340194269,90.0,102.95307830743904,50.83079659805731,90.0,257.04692169256094
0.04,-4.842915805643155,50.0,184.9737977432971,39.81805107430683,90.00000000000001,107.04572765397585,50.18194892569317,90.00000000000001,252.95427234602414
0.06,-4.648882429441257,-50.0,187.36249105369356,38.65937161163509,90.0,109.07189641963953,128.6593716116351,90.0,124.07189641963953
0.06,3.799999999999999,-50.0,180.0,39.300280357625844,90.0,102.94595213080265,129.30028035762584,90.0,102.94595213080265
0.06,3.799999999999999,50.0,180.0,39.300280357625844,90.0,102.94595213080265,50.699719642374156,90.0,257.05404786919735
0.06,-4.648882429441257,50.0,187.36249105369356,38.65937161163509,90.0,109.07189641963953,51.34062838836491,90.0,250.92810358036047
0.08,-4.381533400219318,-50.0,189.6350734820343,37.51075671966899,90.0,111.04590841492683,127.51075671966899,90.0,126.04590841492683
0.08,3.400000000000001,-50.0,180.0,39.43098758726947,90.0,102.93953874602853,129.43098758726947,90.0,102.93953874602853
0.08,3.400000000000001,50.0,180.0,39.43098758726947,90.0,102.93953874602853,50.56901241273053,90.0,257.0604612539715
0.08,-4.381533400219318,50.0,189.6350734820343,37.51075671966899,90.0,111.04590841492683,52.48924328033101,90.0,248.95409158507317
0.1,-4.045084971874737,-50.0,191.75570504584945,36.39278138001271,90.0,112.93237702942882,126.3927813800127,90.0,127.93237702942882
0.1,3.0000000000000004,-50.0,180.0,39.561323859139186,90.0,102.93383809802842,129.56132385913918,90.0,102.93383809802842
0.1,3.0000000000000004,50.0,180.0,39.561323859139186,90.0,102.93383809802842,50.438676140860814,90.0,257.06616190197155
0.1,-4.045084971874737,50.0,191.75570504584945,36.39278138001271,90.0,112.93237702942882,53.60721861998729,90.0,247.06762297057116
0.12000000000000001,-3.644843137107058,-50.0,193.6909421185738,35.326665371772954,90.0,114.69468536855193,125.32666537177295,90.0,129.69468536855192
0.12000000000000001,2.6,-50.0,180.0,39.69128793831482,90.0,102.92885013787843,129.69128793831482,90.0,102.92885013787843
0.12000000000000001,2.6,50.0,180.0,39.69128793831482,90.0,102.92885013787843,50.30871206168518,90.0,257.07114986212156
0.12000000000000001,-3.644843137107058,50.0,193.6909421185738,35.326665371772954,90.0,114.69468536855193,54.673334628227046,90.0,245.30531463144808
0.14,-3.1871199487434483,-50.0,195.41026485551578,34.333846381268614,90.0,116.29576329476791,124.33384638126861,90.0,131.2957632947679
0.14,2.1999999999999997,-50.0,180.0,39.820878586773176,90.0,102.92457482280366,129.82087858677318,90.0,102.92457482280366
0.14,2.1999999999999997,50.0,180.0,39.820878586773176,90.0,102.92457482280366,50.179121413226824,90.0,257.07542517719634
0.14,-3.1871199487434483,50.0,195.41026485551578,34.333846381268614,90.0,116.29576329476791,55.666153618731386,90.0,243.7042367052321
0.16,-2.6791339748949827,-50.0,196.8865585100403,33.43539984768824,90.0,117.69917804440341,123.43539984768825,90.0,132.69917804440342
0.16,1.7999999999999994,-50.0,180.0,39.95009456346982,90.0,102.92101211616486,129.9500945634698,90.0,102.92101211616486
0.16,1.7999999999999994,50.0,180.0,39.95009456346982,90.0,102.92101211616486,50.04990543653018,90.0,257.0789878838351
0.16,-2.6791339748949827,50.0,196.8865585100403,33.43539984768824,90.0,117.69917804440341,56.56460015231176,90.0,242.30082195559658
0.18,-2.1288964578253635,-50.0,198.0965410493204,32.65129996177386,90.0,118.87054562289721,122.65129996177386,90.0,133.87054562289723
0.18,1.4000000000000012,-50.0,180.0,40.07893462441992,90.0,102.91816198744674,130.07893462441993,90.0,102.91816198744674
0.18,1.4000000000000012,50.0,180.0,40.07893462441992,90.0,102.91816198744674,49.92106537558008,90.0,257.08183801255325
0.18,-2.1288964578253635,50.0,198.0965410493204,32.65129996177386,90.0,118.87054562289721,57.34870003822614,90.0,241.12945437710277
0.19999999999999998,-1.5450849718747373,-50.0,199.02113032590307,31.9995494317186,90.0,119.77920629987486,121.9995494317186,90.0,134.77920629987486
0.19999999999999998,1.0000000000000009,-50.0,180.0,40.20739752277792,90.0,102.91602441224872,130.2073975227779,90.0,102.91602441224872
0.19999999999999998,1.0000000000000009,50.0,180.0,40.20739752277792,90.0,102.91602441224872,49.79260247722208,90.0,257.0839755877513
0.19999999999999998,-1.5450849718747373,50.0,199.02113032590307,31.9995494317186,90.0,119.77920629987486,58.0004505682814,90.0,240.22079370012514
0.21999999999999997,-0.9369065729286247,-50.0,199.64574501457378,31.49524865791163,90.0,120.40002497007916,121.49524865791163,90.0,135.40002497007916
0.21999999999999997,0.6000000000000005,-50.0,180.0,40.3354820089164,90.0,102.91459937227695,130.33548200891641,90.0,102.91459937227695
0.21999999999999997,0.6000000000000005,50.0,180.0,40.3354820089164,90.0,102.91459937227695,49.6645179910836,90.0,257.08540062772306
0.21999999999999997,-0.9369065729286247,50.0,199.64574501457378,31.49524865791163,90.0,120.40002497007916,58.50475134208837,90.0,239.59997502992084
0.23999999999999996,-0.31395259764656874,-50.0,199.96053456856544,31.149716691307674,90.00000000000001,120.71509721059267,121.14971669130767,89.99999999999999,135.71509721059266
0.23999999999999996,0.20000000000000018,-50.0,180.0,40.463186830503695,90.0,102.91388685533876,130.4631868305037,90.0,102.91388685533876
0.23999999999999996,0.20000000000000018,50.0,180.0,40.463186830503695,90.0,102.91388685533876,49.536813169496305,90.0,257.0861131446612
0.23999999999999996,-0.31395259764656874,50.0,199.96053456856544,31.149716691307674,90.00000000000001,120.71509721059267,58.850283308692326,90.00000000000001,239.28490278940734
0.25999999999999995,0.3139525976465648,-50.0,199.96053456856544,30.96979974849585,90.00000000000001,120.71509721059267,120.96979974849584,89.99999999999999,135.71509721059266
0.25999999999999995,-0.20000000000000018,-50.0,180.0,40.590510732580555,90.0,102.91388685533876,130.59051073258055,90.0,102.91388685533876
0.25999999999999995,-0.20000000000000018,50.0,180.0,40.590510732580555,90.0,102.91388685533876,49.409489267419445,90.0,257.0861131446612
0.25999999999999995,0.3139525976465648,50.0,199.96053456856544,30.96979974849585,90.00000000000001,120.71509721059267,59.030200251504155,90.00000000000001,239.28490278940734
0.27999999999999997,0.9369065729286219,-50.0,199.64574501457378,30.957492159659,90.0,120.40002497007916,120.957492159659,90.0,135.40002497007916
0.27999999999999997,-0.6000000000000005,-50.0,180.0,40.71745245763578,90.0,102.91459937227695,130.71745245763577,90.0,102.91459937227695
0.27999999999999997,-0.6000000000000005,50.0,180.0,40.71745245763578,90.0,102.91459937227695,49.28254754236422,90.0,257.08540062772306
0.27999999999999997,0.9369065729286219,50.0,199.64574501457378,30.957492159659,90.0,120.40002497007916,59.042507840341,90.0,239.59997502992084
0.3,1.5450849718747368,-50.0,199.02113032590307,31.109944702096943,90.0,119.77920629987486,121.10994470209694,90.0,134.77920629987486
0.3,-1.0000000000000009,-50.0,180.0,40.84401074568065,90.0,102.91602441224872,130.84401074568063,90.0,102.91602441224872
0.3,-1.0000000000000009,50.0,180.0,40.84401074568065,90.0,102.91602441224872,49.15598925431935,90.0,257.0839755877513
0.3,1.5450849718747368,50.0,199.02113032590307,31.109944702096943,90.0,119.77920629987486,58.89005529790306,90.0,240.22079370012514
0.32,2.1288964578253635,-50.0,198.0965410493204,31.419859110605845,90.0,118.87054562289721,121.41985911060584,90.0,133.87054562289723
0.32,-1.4000000000000012,-50.0,180.0,40.97018433432247,90.0,102.91816198744674,130.97018433432248,90.0,102.91816198744674
0.32,-1.4000000000000012,50.0,180.0,40.97018433432247,90.0,102.91816198744674,49.02981566567753,90.0,257.08183801255325
0.32,2.1288964578253635,50.0,198.0965410493204,31.419859110605845,90.0,118.87054562289721,58.58014088939416,90.0,241.12945437710277
0.34,2.6791339748949845,-50.0,196.8865585100403,31.87619136430872,90.0,117.69917804440341,121.87619136430872,90.0,132.69917804440342
0.34,-1.8000000000000016,-50.0,180.0,41.09597195883679,90.0,102.92101211616486,131.0959719588368,90.0,102.92101211616486
0.34,-1.8000000000000016,50.0,180.0,41.09597195883679,90.0,102.92101211616486,48.90402804116321,90.0,257.0789878838351
0.34,2.6791339748949845,50.0,196.8865585100403,31.87619136430872,90.0,117.69917804440341,58.123808635691276,90.0,242.30082195559658
0.36000000000000004,3.1871199487434487,-50.0,195.41026485551578,32.465036341703204,90.0,116.29576329476791,122.46503634170321,90.0,131.2957632947679
0.36000000000000004,-2.200000000000002,-50.0,180.0,41.22137235223879,90.0,102.92457482280366,131.2213723522388,90.0,102.92457482280366
0.36000000000000004,-2.200000000000002,50.0,180.0,41.22137235223879,90.0,102.92457482280366,48.77862764776121,90.0,257.07542517719634
0.36000000000000004,3.1871199487434487,50.0,195.41026485551578,32.465036341703204,90.0,116.29576329476791,57.534963658296796,90.0,243.7042367052321
0.38000000000000006,3.6448431371070584,-50.0,193.69094211857376,33.170555420923584,90.0,114.69468536855193,123.17055542092359,90.0,129.69468536855192
0.38000000000000006,-2.6000000000000023,-50.0,180.0,41.34638424535323,90.0,102.92885013787843,131.34638424535322,90.0,102.92885013787843
0.38000000000000006,-2.6000000000000023,50.0,180.0,41.34638424535323,90.0,102.92885013787843,48.65361575464677,90.0,257.07114986212156
0.38000000000000006,3.6448431371070584,50.0,193.69094211857376,33.170555420923584,90.0,114.69468536855193,56.829444579076416,90.0,245.30531463144808
0.4000000000000001,4.045084971874738,-50.0,191.75570504584945,33.975831884647576,90.0,112.93237702942882,123.97583188464758,90.0,127.93237702942882
0.4000000000000001,-3.0000000000000036,-50.0,180.0,41.47100636688357,90.0,102.93383809802842,131.47100636688356,90.0,102.93383809802842
0.4000000000000001,-3.0000000000000036,50.0,180.0,41.47100636688357,90.0,102.93383809802842,48.52899363311643,90.0,257.06616190197155
0.4000000000000001,4.045084971874738,50.0,191.75570504584945,33.975831884647576,90.0,112.93237702942882,56.024168115352424,90.0,247.06762297057116
0.4200000000000001,4.381533400219319,-50.0,189.6350734820343,34.863580660941615,90.0,111.04590841492683,124.86358066094161,90.0,126.04590841492683
0.4200000000000001,-3.400000000000002,-50.0,180.0,41.59523744347974,90.0,102.93953874602853,131.59523744347973,90.0,102.93953874602853
0.4200000000000001,-3.400000000000002,50.0,180.0,41.59523744347974,90.0,102.93953874602853,48.40476255652026,90.0,257.0604612539715
0.4200000000000001,4.381533400219319,50.0,189.6350734820343,34.863580660941615,90.0,111.04590841492683,55.136419339058385,90.0,248.95409158507317
0.4400000000000001,4.648882429441258,-50.0,187.36249105369353,35.816682022946274,90.0,109.07189641963953,125.81668202294628,90.0,124.07189641963953
0.4400000000000001,-3.8000000000000043,-50.0,180.0,41.7190761998049,90.0,102.94595213080265,131.7190761998049,90.0,102.94595213080265
0.4400000000000001,-3.8000000000000043,50.0,180.0,41.7190761998049,90.0,102.94595213080265,48.2809238001951,90.0,257.05404786919735
0.4400000000000001,4.648882429441258,50.0,187.36249105369353,35.816682022946274,90.0,109.07189641963953,54.183317977053726,90.0,250.92810358036047
0.46000000000000013,4.842915805643156,-50.0,184.97379774329707,36.81854234570743,90.0,107.04572765397585,126.81854234570743,90.0,122.04572765397585
0.46000000000000013,-4.200000000000003,-50.0,180.0,41.84252135860092,90.0,102.95307830743904,131.84252135860092,90.0,102.95307830743904
0.46000000000000013,-4.200000000000003,50.0,180.0,41.84252135860092,90.0,102.95307830743904,48.15747864139908,90.0,257.04692169256094
0.46000000000000013,4.842915805643156,50.0,184.97379774329707,36.81854234570743,90.0,107.04572765397585,53.18145765429257,90.0,252.95427234602414
0.48000000000000015,4.9605735065723895,-50.0,182.50666467128607,37.85330526581358,90.0,105.00104961665855,127.85330526581359,90.0,120.00104961665855
0.48000000000000015,-4.600000000000005,-50.0,180.0,41.96557164075277,90.0,102.96091733720753,131.96557164075278,90.0,102.96091733720753
0.48000000000000015,-4.600000000000005,50.0,180.0,41.96557164075277,90.0,102.96091733720753,48.03442835924723,90.0,257.03908266279245
0.48000000000000015,4.9605735065723895,50.0,182.50666467128607,37.85330526581358,90.0,105.00104961665855,52.14669473418642,90.0,254.99895038334145
0.5000000000000001,4.999999999999998,-50.0,180.0,38.90594522296248,90.0,102.96946928757873,128.9059452229625,90.0,117.96946928757873
0.5000000000000001,-5.0,-50.0,180.0,42.08822576535166,90.0,102.96946928757873,132.08822576535167,90.0,102.96946928757873
0.5000000000000001,-5.0,50.0,180.0,42.08822576535166,90.0,102.96946928757873,47.91177423464834,90.0,257.0305307124213
0.5000000000000001,4.999999999999998,50.0,180.0,38.90594522296248,90.0,102.96946928757873,51.09405477703752,90.0,257.0305307124213
0.5200000000000001,4.599999999999998,-50.0,180.0,39.03775794868478,90.0,102.96091733720753,129.03775794868477,90.0,117.96091733720753
0.5200000000000001,-4.960573506572389,-50.0,182.50666467128607,40.967163785236934,90.0,105.00104961665855,130.96716378523695,90.0,105.00104961665855
0.5200000000000001,-4.960573506572389,50.0,182.50666467128607,40.967163785236934,90.0,105.00104961665855,49.032836214763066,90.0,254.99895038334145
0.5200000000000001,4.599999999999998,50.0,180.0,39.03775794868478,90.0,102.96091733720753,50.96224205131522,90.0,257.03908266279245
0.5400000000000001,4.1999999999999975,-50.0,180.0,39.16920340194269,90.0,102.95307830743904,129.1692034019427,90.0,117.95307830743904
0.5400000000000001,-4.842915805643155,-50.0,184.9737977432971,39.81805107430683,90.00000000000001,107.04572765397585,129.81805107430682,89.99999999999999,107.04572765397585
0.5400000000000001,-4.842915805643155,50.0,184.9737977432971,39.81805107430683,90.00000000000001,107.04572765397585,50.18194892569317,90.00000000000001,252.95427234602414
0.5400000000000001,4.1999999999999975,50.0,180.0,39.16920340194269,90.0,102.95307830743904,50.83079659805731,90.0,257.04692169256094
0.5600000000000002,3.7999999999999967,-50.0,180.0,39.30028035762585,90.0,102.94595213080265,129.30028035762587,90.0,117.94595213080265
0.5600000000000002,-4.648882429441256,-50.0,187.36249105369356,38.65937161163509,90.0,109.07189641963953,128.6593716116351,90.0,109.07189641963953
0.5600000000000002,-4.648882429441256,50.0,187.36249105369356,38.65937161163509,90.0,109.07189641963953,51.34062838836491,90.0,250.92810358036047
0.5600000000000002,3.7999999999999967,50.0,180.0,39.30028035762585,90.0,102.94595213080265,50.69971964237415,90.0,257.05404786919735
0.5800000000000002,3.3999999999999964,-50.0,180.0,39.43098758726947,90.0,102.93953874602853,129.43098758726947,90.0,117.93953874602853
0.5800000000000002,-4.3815334002193165,-50.0,189.63507348203433,37.51075671966898,90.0,111.04590841492684,127.51075671966899,90.0,111.04590841492684
0.5800000000000002,-4.3815334002193165,50.0,189.63507348203433,37.51075671966898,90.0,111.04590841492684,52.48924328033102,90.0,248.95409158507317
0.5800000000000002,3.3999999999999964,50.0,180.0,39.43098758726947,90.0,102.93953874602853,50.56901241273053,90.0,257.0604612539715
0.6000000000000002,2.999999999999996,-50.0,180.0,39.56132385913919,90.0,102.93383809802842,129.56132385913918,90.0,117.93383809802842
0.6000000000000002,-4.0450849718747355,-50.0,191.75570504584948,36.392781380012686,90.0,112.93237702942885,126.39278138001268,90.0,112.93237702942885
0.6000000000000002,-4.0450849718747355,50.0,191.75570504584948,36.392781380012686,90.0,112.93237702942885,53.607218619987314,90.0,247.06762297057116
0.6000000000000002,2.999999999999996,50.0,180.0,39.56132385913919,90.0,102.93383809802842,50.43867614086081,90.0,257.06616190197155
0.6200000000000002,2.5999999999999956,-50.0,180.0,39.69128793831482,90.0,102.92885013787843,129.69128793831482,90.0,117.92885013787843
0.6200000000000002,-3.6448431371070553,-50.0,193.6909421185738,35.326665371772954,90.0,114.69468536855193,125.32666537177295,90.0,114.69468536855193
0.6200000000000002,-3.6448431371070553,50.0,193.6909421185738,35.326665371772954,90.0,114.69468536855193,54.673334628227046,90.0,245.30531463144808
0.6200000000000002,2.5999999999999956,50.0,180.0,39.69128793831482,90.0,102.92885013787843,50.30871206168518,90.0,257.07114986212156
0.6400000000000002,2.1999999999999953,-50.0,180.0,39.820878586773176,90.0,102.92457482280366,129.82087858677318,90.0,117.92457482280366
0.6400000000000002,-3.1871199487434456,-50.0,195.4102648555158,34.33384638126861,90.0,116.29576329476791,124.33384638126861,90.0,116.29576329476791
0.6400000000000002,-3.1871199487434456,50.0,195.4102648555158,34.33384638126861,90.0,116.29576329476791,55.66615361873139,90.0,243.7042367052321
0.6400000000000002,2.1999999999999953,50.0,180.0,39.820878586773176,90.0,102.92457482280366,50.179121413226824,90.0,257.07542517719634
0.6600000000000003,1.799999999999995,-50.0,180.0,39.95009456346982,90.0,102.92101211616486,129.9500945634698,90.0,117.92101211616486
0.6600000000000003,-2.679133974894979,-50.0,196.88655851004032,33.435399847688224,90.0,117.69917804440345,123.43539984768822,90.0,117.69917804440345
0.6600000000000003,-2.679133974894979,50.0,196.88655851004032,33.435399847688224,90.0,117.69917804440345,56.564600152311776,90.0,242.30082195559655
0.6600000000000003,1.799999999999995,50.0,180.0,39.95009456346982,90.0,102.92101211616486,50.04990543653018,90.0,257.0789878838351
0.6800000000000003,1.3999999999999946,-50.0,180.0,40.07893462441992,90.0,102.91816198744674,130.07893462441993,90.0,117.91816198744674
0.6800000000000003,-2.128896457825359,-50.0,198.0965410493204,32.65129996177385,90.0,118.87054562289721,122.65129996177384,90.0,118.87054562289721
0.6800000000000003,-2.128896457825359,50.0,198.0965410493204,32.65129996177385,90.0,118.87054562289721,57.34870003822615,90.0,241.12945437710277
0.6800000000000003,1.3999999999999946,50.0,180.0,40.07893462441992,90.0,102.91816198744674,49.92106537558008,90.0,257.08183801255325
0.7000000000000003,0.9999999999999947,-50.0,180.0,40.20739752277792,90.0,102.91602441224872,130.2073975227779,90.0,117.91602441224872
0.7000000000000003,-1.545084971874732,-50.0,199.02113032590307,31.99954943171859,90.0,119.77920629987486,121.99954943171859,90.0,119.77920629987486
0.7000000000000003,-1.545084971874732,50.0,199.02113032590307,31.99954943171859,90.0,119.77920629987486,58.00045056828141,90.0,240.22079370012514
0.7000000000000003,0.9999999999999947,50.0,180.0,40.20739752277792,90.0,102.91602441224872,49.79260247722208,90.0,257.0839755877513
0.7200000000000003,0.5999999999999943,-50.0,180.0,40.3354820089164,90.0,102.91459937227695,130.33548200891641,90.0,117.91459937227695
0.7200000000000003,-0.936906572928617,-50.0,199.64574501457378,31.49524865791163,90.0,120.40002497007916,121.49524865791163,90.0,120.40002497007916
0.7200000000000003,-0.936906572928617,50.0,199.64574501457378,31.49524865791163,90.0,120.40002497007916,58.50475134208837,90.0,239.59997502992084
0.7200000000000003,0.5999999999999943,50.0,180.0,40.3354820089164,90.0,102.91459937227695,49.6645179910836,90.0,257.08540062772306
0.7400000000000003,0.19999999999999396,-50.0,180.0,40.463186830503695,90.0,102.91388685533876,130.4631868305037,90.0,117.91388685533876
0.7400000000000003,-0.31395259764656097,-50.0,199.96053456856544,31.149716691307674,90.00000000000001,120.71509721059267,121.14971669130767,89.99999999999999,120.71509721059267
0.7400000000000003,-0.31395259764656097,50.0,199.96053456856544,31.149716691307674,90.00000000000001,120.71509721059267,58.850283308692326,90.00000000000001,239.28490278940734
0.7400000000000003,0.19999999999999396,50.0,180.0,40.463186830503695,90.0,102.91388685533876,49.536813169496305,90.0,257.0861131446612
0.7600000000000003,-0.2000000000000064,-50.0,180.0,40.59051073258056,90.0,102.91388685533876,130.59051073258055,90.0,117.91388685533876
0.7600000000000003,0.3139525976465737,-50.0,199.96053456856544,30.96979974849585,90.00000000000001,120.71509721059267,120.96979974849584,89.99999999999999,120.71509721059267
0.7600000000000003,0.3139525976465737,50.0,199.96053456856544,30.96979974849585,90.00000000000001,120.71509721059267,59.030200251504155,90.00000000000001,239.28490278940734
0.7600000000000003,-0.2000000000000064,50.0,180.0,40.59051073258056,90.0,102.91388685533876,49.40948926741944,90.0,257.0861131446612
0.7800000000000004,-0.6000000000000068,-50.0,180.0,40.71745245763578,90.0,102.91459937227695,130.71745245763577,90.0,117.91459937227695
0.7800000000000004,0.9369065729286307,-50.0,199.64574501457378,30.957492159658994,90.0,120.40002497007916,120.957492159659,90.0,120.40002497007916
0.7800000000000004,0.9369065729286307,50.0,199.64574501457378,30.957492159658994,90.0,120.40002497007916,59.042507840341,90.0,239.59997502992084
0.7800000000000004,-0.6000000000000068,50.0,180.0,40.71745245763578,90.0,102.91459937227695,49.28254754236422,90.0,257.08540062772306
0.8000000000000004,-1.000000000000007,-50.0,180.0,40.84401074568065,90.0,102.91602441224872,130.84401074568063,90.0,117.91602441224872
0.8000000000000004,1.5450849718747452,-50.0,199.02113032590307,31.109944702096943,90.0,119.77920629987486,121.10994470209694,90.0,119.77920629987486
0.8000000000000004,1.5450849718747452,50.0,199.02113032590307,31.109944702096943,90.0,119.77920629987486,58.89005529790306,90.0,240.22079370012514
0.8000000000000004,-1.000000000000007,50.0,180.0,40.84401074568065,90.0,102.91602441224872,49.15598925431935,90.0,257.0839755877513
0.8200000000000004,-1.4000000000000075,-50.0,180.0,40.97018433432247,90.0,102.91816198744674,130.97018433432248,90.0,117.91816198744674
0.8200000000000004,2.1288964578253715,-50.0,198.09654104932036,31.419859110605856,90.0,118.87054562289718,121.41985911060586,90.0,118.87054562289718
0.8200000000000004,2.1288964578253715,50.0,198.09654104932036,31.419859110605856,90.0,118.87054562289718,58.580140889394144,90.0,241.12945437710283
0.8200000000000004,-1.4000000000000075,50.0,180.0,40.97018433432247,90.0,102.91816198744674,49.02981566567753,90.0,257.08183801255325
0.8400000000000004,-1.8000000000000078,-50.0,180.0,41.09597195883679,90.0,102.92101211616486,131.0959719588368,90.0,117.92101211616486
0.8400000000000004,2.67913397489499,-50.0,196.8865585100403,31.87619136430872,90.0,117.69917804440341,121.87619136430872,90.0,117.69917804440341
0.8400000000000004,2.67913397489499,50.0,196.8865585100403,31.87619136430872,90.0,117.69917804440341,58.123808635691276,90.0,242.30082195559658
0.8400000000000004,-1.8000000000000078,50.0,180.0,41.09597195883679,90.0,102.92101211616486,48.90402804116321,90.0,257.0789878838351
0.8600000000000004,-2.200000000000008,-50.0,180.0,41.22137235223879,90.0,102.92457482280366,131.2213723522388,90.0,117.92457482280366
0.8600000000000004,3.1871199487434554,-50.0,195.41026485551578,32.465036341703204,90.0,116.29576329476791,122.46503634170321,90.0,116.29576329476791
0.8600000000000004,3.1871199487434554,50.0,195.41026485551578,32.465036341703204,90.0,116.29576329476791,57.534963658296796,90.0,243.7042367052321
0.8600000000000004,-2.200000000000008,50.0,180.0,41.22137235223879,90.0,102.92457482280366,48.77862764776121,90.0,257.07542517719634
0.8800000000000004,-2.6000000000000085,-50.0,180.0,41.34638424535323,90.0,102.92885013787843,131.34638424535322,90.0,117.92885013787843
0.8800000000000004,3.644843137107064,-50.0,193.69094211857376,33.17055542092358,90.0,114.69468536855193,123.17055542092358,90.0,114.69468536855193
0.8800000000000004,3.644843137107064,50.0,193.69094211857376,33.17055542092358,90.0,114.69468536855193,56.82944457907642,90.0,245.30531463144808
0.8800000000000004,-2.6000000000000085,50.0,180.0,41.34638424535323,90.0,102.92885013787843,48.65361575464677,90.0,257.07114986212156
0.9000000000000005,-3.000000000000009,-50.0,180.0,41.47100636688357,90.0,102.93383809802842,131.47100636688356,90.0,117.93383809802842
0.9000000000000005,4.0450849718747435,-50.0,191.75570504584942,33.975831884647576,90.0,112.9323770294288,123.97583188464758,90.0,112.9323770294288
0.9000000000000005,4.0450849718747435,50.0,191.75570504584942,33.975831884647576,90.0,112.9323770294288,56.024168115352424,90.0,247.0676229705712
0.9000000000000005,-3.000000000000009,50.0,180.0,41.47100636688357,90.0,102.93383809802842,48.52899363311643,90.0,257.06616190197155
0.9200000000000005,-3.4000000000000092,-50.0,180.0,41.595237443479746,90.0,102.93953874602853,131.59523744347973,90.0,117.93953874602853
0.9200000000000005,4.381533400219324,-50.0,189.63507348203427,34.86358066094162,90.0,111.04590841492683,124.86358066094162,90.0,111.04590841492683
0.9200000000000005,4.381533400219324,50.0,189.63507348203427,34.86358066094162,90.0,111.04590841492683,55.13641933905838,90.0,248.95409158507317
0.9200000000000005,-3.4000000000000092,50.0,180.0,41.595237443479746,90.0,102.93953874602853,48.404762556520254,90.0,257.0604612539715
0.9400000000000005,-3.8000000000000096,-50.0,180.0,41.7190761998049,90.0,102.94595213080265,131.7190761998049,90.0,117.94595213080265
0.9400000000000005,4.648882429441262,-50.0,187.3624910536935,35.81668202294629,90.0,109.07189641963947,125.81668202294628,90.0,109.07189641963947
0.9400000000000005,4.648882429441262,50.0,187.3624910536935,35.81668202294629,90.0,109.07189641963947,54.18331797705371,90.0,250.92810358036053
0.9400000000000005,-3.8000000000000096,50.0,180.0,41.7190761998049,90.0,102.94595213080265,48.2809238001951,90.0,257.05404786919735
0.9600000000000005,-4.20000000000001,-50.0,180.0,41.84252135860092,90.0,102.95307830743904,131.84252135860092,90.0,117.95307830743904
0.9600000000000005,4.842915805643159,-50.0,184.97379774329704,36.81854234570744,90.0,107.0457276539758,126.81854234570744,90.0,107.0457276539758
0.9600000000000005,4.842915805643159,50.0,184.97379774329704,36.81854234570744,90.0,107.0457276539758,53.18145765429256,90.0,252.9542723460242
0.9600000000000005,-4.20000000000001,50.0,180.0,41.84252135860092,90.0,102.95307830743904,48.15747864139908,90.0,257.04692169256094
0.9800000000000005,-4.60000000000001,-50.0,180.0,41.96557164075277,90.0,102.96091733720753,131.96557164075278,90.0,117.96091733720753
0.9800000000000005,4.96057350657239,-50.0,182.50666467128605,37.8533052658136,90.0,105.0010496166585,127.8533052658136,90.0,105.0010496166585
0.9800000000000005,4.96057350657239,50.0,182.50666467128605,37.8533052658136,90.0,105.0010496166585,52.1466947341864,90.0,254.99895038334148
0.9800000000000005,-4.60000000000001,50.0,180.0,41.96557164075277,90.0,102.96091733720753,48.03442835924723,90.0,257.03908266279245
1.0000000000000004,-5.0,-50.0,180.00000000000006,42.088225765351645,90.0,102.96946928757878,132.08822576535164,90.0,117.96946928757878
1.0000000000000004,4.999999999999991,-50.0,180.0,38.90594522296249,90.0,102.96946928757873,128.9059452229625,90.0,102.96946928757873
1.0000000000000004,4.999999999999991,50.0,180.0,38.90594522296249,90.0,102.96946928757873,51.09405477703751,90.0,257.0305307124213
1.0000000000000004,-5.0,50.0,180.00000000000006,42.088225765351645,90.0,102.96946928757878,47.911774234648355,90.0,257.03053071242124
1.0200000000000005,-4.960573506572387,-50.0,182.50666467128613,40.967163785236906,90.0,105.00104961665859,130.9671637852369,90.0,120.00104961665859
1.0200000000000005,4.599999999999991,-50.0,180.0,39.03775794868478,90.0,102.96091733720753,129.03775794868477,90.0,102.96091733720753
1.0200000000000005,4.599999999999991,50.0,180.0,39.03775794868478,90.0,102.96091733720753,50.96224205131522,90.0,257.03908266279245
1.0200000000000005,-4.960573506572387,50.0,182.50666467128613,40.967163785236906,90.0,105.00104961665859,49.032836214763094,90.0,254.99895038334142
1.0400000000000005,-4.842915805643152,-50.0,184.97379774329715,39.8180510743068,90.0,107.0457276539759,129.8180510743068,90.0,122.0457276539759
1.0400000000000005,4.19999999999999,-50.0,180.0,39.169203401942696,90.0,102.95307830743904,129.1692034019427,90.0,102.95307830743904
1.0400000000000005,4.19999999999999,50.0,180.0,39.169203401942696,90.0,102.95307830743904,50.830796598057304,90.0,257.04692169256094
1.0400000000000005,-4.842915805643152,50.0,184.97379774329715,39.8180510743068,90.0,107.0457276539759,50.1819489256932,90.0,252.95427234602408
1.0600000000000005,-4.648882429441251,-50.0,187.36249105369362,38.65937161163504,90.00000000000001,109.0718964196396,128.65937161163504,89.99999999999999,124.0718964196396
1.0600000000000005,3.79999999999999,-50.0,180.0,39.30028035762585,90.0,102.94595213080265,129.30028035762587,90.0,102.94595213080265
1.0600000000000005,3.79999999999999,50.0,180.0,39.30028035762585,90.0,102.94595213080265,50.69971964237415,90.0,257.05404786919735
1.0600000000000005,-4.648882429441251,50.0,187.36249105369362,38.65937161163504,90.00000000000001,109.0718964196396,51.34062838836496,90.00000000000001,250.9281035803604
1.0800000000000005,-4.38153340021931,-50.0,189.63507348203436,37.510756719668954,90.0,111.04590841492688,127.51075671966896,90.0,126.04590841492688
1.0800000000000005,3.3999999999999897,-50.0,180.0,39.43098758726947,90.0,102.93953874602853,129.43098758726947,90.0,102.93953874602853
1.0800000000000005,3.3999999999999897,50.0,180.0,39.43098758726947,90.0,102.93953874602853,50.56901241273053,90.0,257.0604612539715
1.0800000000000005,-4.38153340021931,50.0,189.63507348203436,37.510756719668954,90.0,111.04590841492688,52.489243280331046,90.0,248.95409158507312
1.1000000000000005,-4.0450849718747275,-50.0,191.7557050458495,36.39278138001268,90.00000000000001,112.93237702942886,126.39278138001268,89.99999999999999,127.93237702942886
1.1000000000000005,2.9999999999999893,-50.0,180.0,39.56132385913919,90.0,102.93383809802842,129.56132385913918,90.0,102.93383809802842
1.1000000000000005,2.9999999999999893,50.0,180.0,39.56132385913919,90.0,102.93383809802842,50.43867614086081,90.0,257.06616190197155
1.1000000000000005,-4.0450849718747275,50.0,191.7557050458495,36.39278138001268,90.00000000000001,112.93237702942886,53.60721861998732,90.00000000000001,247.06762297057114
1.1200000000000006,-3.6448431371070455,-50.0,193.69094211857382,35.326665371772926,90.0,114.69468536855199,125.32666537177292,90.0,129.69468536855197
1.1200000000000006,2.599999999999989,-50.0,180.0,39.69128793831483,90.0,102.92885013787843,129.69128793831482,90.0,102.92885013787843
1.1200000000000006,2.599999999999989,50.0,180.0,39.69128793831483,90.0,102.92885013787843,50.30871206168517,90.0,257.07114986212156
1.1200000000000006,-3.6448431371070455,50.0,193.69094211857382,35.326665371772926,90.0,114.69468536855199,54.673334628227074,90.0,245.30531463144803
1.1400000000000006,-3.187119948743435,-50.0,195.41026485551583,34.33384638126859,90.0,116.29576329476794,124.33384638126859,90.0,131.29576329476794
1.1400000000000006,2.1999999999999886,-50.0,180.0,39.82087858677318,90.0,102.92457482280366,129.82087858677318,90.0,102.92457482280366
1.1400000000000006,2.1999999999999886,50.0,180.0,39.82087858677318,90.0,102.92457482280366,50.17912141322682,90.0,257.07542517719634
1.1400000000000006,-3.187119948743435,50.0,195.41026485551583,34.33384638126859,90.0,116.29576329476794,55.66615361873141,90.0,243.70423670523206
1.1600000000000006,-2.6791339748949676,-50.0,196.88655851004035,33.4353998476882,90.0,117.69917804440345,123.4353998476882,90.0,132.69917804440345
1.1600000000000006,1.7999999999999883,-50.0,180.0,39.95009456346982,90.0,102.92101211616486,129.9500945634698,90.0,102.92101211616486
1.1600000000000006,1.7999999999999883,50.0,180.0,39.95009456346982,90.0,102.92101211616486,50.04990543653018,90.0,257.0789878838351
1.1600000000000006,-2.6791339748949676,50.0,196.88655851004035,33.4353998476882,90.0,117.69917804440345,56.5646001523118,90.0,242.30082195559655
1.1800000000000006,-2.128896457825346,-50.0,198.09654104932042,32.65129996177384,90.00000000000001,118.87054562289724,122.65129996177384,89.99999999999999,133.87054562289723
1.1800000000000006,1.399999999999988,-50.0,180.0,40.07893462441993,90.0,102.91816198744674,130.07893462441993,90.0,102.91816198744674
1.1800000000000006,1.399999999999988,50.0,180.0,40.07893462441993,90.0,102.91816198744674,49.92106537558007,90.0,257.08183801255325
1.1800000000000006,-2.128896457825346,50.0,198.09654104932042,32.65129996177384,90.00000000000001,118.87054562289724,57.34870003822616,90.00000000000001,241.12945437710277
1.2000000000000006,-1.5450849718747184,-50.0,199.0211303259031,31.99954943171859,90.0,119.77920629987486,121.99954943171859,90.0,134.77920629987486
1.2000000000000006,0.9999999999999876,-50.0,180.0,40.20739752277792,90.0,102.91602441224872,130.2073975227779,90.0,102.91602441224872
1.2000000000000006,0.9999999999999876,50.0,180.0,40.20739752277792,90.0,102.91602441224872,49.79260247722208,90.0,257.0839755877513
1.2000000000000006,-1.5450849718747184,50.0,199.0211303259031,31.99954943171859,90.0,119.77920629987486,58.00045056828141,90.0,240.22079370012514
1.2200000000000006,-0.936906572928604,-50.0,199.64574501457378,31.495248657911624,90.0,120.40002497007916,121.49524865791162,90.0,135.40002497007916
1.2200000000000006,0.5999999999999872,-50.0,180.0,40.33548200891641,90.0,102.91459937227695,130.33548200891641,90.0,102.91459937227695
1.2200000000000006,0.5999999999999872,50.0,180.0,40.33548200891641,90.0,102.91459937227695,49.66451799108359,90.0,257.08540062772306
1.2200000000000006,-0.936906572928604,50.0,199.64574501457378,31.495248657911624,90.0,120.40002497007916,58.504751342088376,90.0,239.59997502992084
1.2400000000000007,-0.31395259764654654,-50.0,199.96053456856544,31.149716691307667,90.00000000000001,120.71509721059267,121.14971669130767,89.99999999999999,135.71509721059266
1.2400000000000007,0.19999999999998685,-50.0,180.0,40.463186830503695,90.0,102.91388685533876,130.4631868305037,90.0,102.91388685533876
1.2400000000000007,0.19999999999998685,50.0,180.0,40.463186830503695,90.0,102.91388685533876,49.536813169496305,90.0,257.0861131446612
1.2400000000000007,-0.31395259764654654,50.0,199.96053456856544,31.149716691307667,90.00000000000001,120.71509721059267,58.85028330869233,90.00000000000001,239.28490278940734
1.2600000000000007,0.313952597646588,-50.0,199.96053456856544,30.969799748495845,90.00000000000001,120.71509721059267,120.96979974849584,89.99999999999999,135.71509721059266
1.2600000000000007,-0.2000000000000135,-50.0,180.0,40.59051073258056,90.0,102.91388685533876,130.59051073258055,90.0,102.91388685533876
1.2600000000000007,-0.2000000000000135,50.0,180.0,40.59051073258056,90.0,102.91388685533876,49.40948926741944,90.0,257.0861131446612
1.2600000000000007,0.313952597646588,50.0,199.96053456856544,30.969799748495845,90.00000000000001,120.71509721059267,59.030200251504155,90.00000000000001,239.28490278940734
1.2800000000000007,0.9369065729286439,-50.0,199.64574501457375,30.957492159659004,90.0,120.40002497007913,120.95749215965901,90.0,135.40002497007913
1.2800000000000007,-0.6000000000000139,-50.0,180.0,40.71745245763579,90.0,102.91459937227695,130.71745245763577,90.0,102.91459937227695
1.2800000000000007,-0.6000000000000139,50.0,180.0,40.71745245763579,90.0,102.91459937227695,49.28254754236421,90.0,257.08540062772306
1.2800000000000007,0.9369065729286439,50.0,199.64574501457375,30.957492159659004,90.0,120.40002497007913,59.042507840340996,90.0,239.59997502992087
1.3000000000000007,1.5450849718747577,-50.0,199.02113032590304,31.109944702096975,90.0,119.77920629987477,121.10994470209698,90.0,134.77920629987477
1.3000000000000007,-1.0000000000000142,-50.0,180.0,40.84401074568065,90.0,102.91602441224872,130.84401074568063,90.0,102.91602441224872
1.3000000000000007,-1.0000000000000142,50.0,180.0,40.84401074568065,90.0,102.91602441224872,49.15598925431935,90.0,257.0839755877513
1.3000000000000007,1.5450849718747577,50.0,199.02113032590304,31.109944702096975,90.0,119.77920629987477,58.890055297903025,90.0,240.22079370012523
1.3200000000000007,2.128896457825384,-50.0,198.09654104932036,31.419859110605856,90.0,118.87054562289718,121.41985911060586,90.0,133.87054562289717
1.3200000000000007,-1.4000000000000146,-50.0,180.0,40.970184334322475,90.0,102.91816198744674,130.97018433432248,90.0,102.91816198744674
1.3200000000000007,-1.4000000000000146,50.0,180.0,40.970184334322475,90.0,102.91816198744674,49.029815665677525,90.0,257.08183801255325
1.3200000000000007,2.128896457825384,50.0,198.09654104932036,31.419859110605856,90.0,118.87054562289718,58.580140889394144,90.0,241.12945437710283
1.3400000000000007,2.6791339748950027,-50.0,196.88655851004026,31.87619136430872,90.0,117.69917804440341,121.87619136430872,90.0,132.69917804440342
1.3400000000000007,-1.800000000000015,-50.0,180.0,41.09597195883679,90.0,102.92101211616486,131.0959719588368,90.0,102.92101211616486
1.3400000000000007,-1.800000000000015,50.0,180.0,41.09597195883679,90.0,102.92101211616486,48.90402804116321,90.0,257.0789878838351
1.3400000000000007,2.6791339748950027,50.0,196.88655851004026,31.87619136430872,90.0,117.69917804440341,58.123808635691276,90.0,242.30082195559658
1.3600000000000008,3.187119948743468,-50.0,195.41026485551572,32.46503634170323,90.0,116.29576329476787,122.46503634170324,90.0,131.29576329476788
1.3600000000000008,-2.2000000000000153,-50.0,180.0,41.221372352238795,90.0,102.92457482280366,131.2213723522388,90.0,102.92457482280366
1.3600000000000008,-2.2000000000000153,50.0,180.0,41.221372352238795,90.0,102.92457482280366,48.778627647761205,90.0,257.07542517719634
1.3600000000000008,3.187119948743468,50.0,195.41026485551572,32.46503634170323,90.0,116.29576329476787,57.53496365829677,90.0,243.70423670523212
1.3800000000000008,3.644843137107073,-50.0,193.6909421185737,33.17055542092361,90.0,114.69468536855187,123.17055542092362,90.0,129.69468536855186
1.3800000000000008,-2.6000000000000156,-50.0,180.0,41.346384245353235,90.0,102.92885013787843,131.34638424535325,90.0,102.92885013787843
1.3800000000000008,-2.6000000000000156,50.0,180.0,41.346384245353235,90.0,102.92885013787843,48.653615754646765,90.0,257.07114986212156
1.3800000000000008,3.644843137107073,50.0,193.6909421185737,33.17055542092361,90.0,114.69468536855187,56.82944457907639,90.0,245.30531463144814
1.4000000000000008,4.0450849718747515,-50.0,191.7557050458494,33.9758318846476,90.0,112.93237702942876,123.97583188464759,90.0,127.93237702942876
1.4000000000000008,-3.000000000000016,-50.0,180.0,41.47100636688357,90.0,102.93383809802842,131.47100636688356,90.0,102.93383809802842
1.4000000000000008,-3.000000000000016,50.0,180.0,41.47100636688357,90.0,102.93383809802842,48.52899363311643,90.0,257.06616190197155
1.4000000000000008,4.0450849718747515,50.0,191.7557050458494,33.9758318846476,90.0,112.93237702942876,56.0241681153524,90.0,247.06762297057122
1.4200000000000008,4.38153340021933,-50.0,189.63507348203422,34.86358066094165,90.00000000000001,111.04590841492677,124.86358066094165,89.99999999999999,126.04590841492677
1.4200000000000008,-3.4000000000000163,-50.0,180.0,41.595237443479746,90.0,102.93953874602853,131.59523744347973,90.0,102.93953874602853
1.4200000000000008,-3.4000000000000163,50.0,180.0,41.595237443479746,90.0,102.93953874602853,48.404762556520254,90.0,257.0604612539715
1.4200000000000008,4.38153340021933,50.0,189.63507348203422,34.86358066094165,90.00000000000001,111.04590841492677,55.13641933905835,90.00000000000001,248.95409158507323
1.4400000000000008,4.648882429441267,-50.0,187.36249105369347,35.81668202294629,90.0,109.07189641963947,125.81668202294628,90.0,124.07189641963947
1.4400000000000008,-3.8000000000000167,-50.0,180.0,41.7190761998049,90.0,102.94595213080265,131.7190761998049,90.0,102.94595213080265
1.4400000000000008,-3.8000000000000167,50.0,180.0,41.7190761998049,90.0,102.94595213080265,48.2809238001951,90.0,257.05404786919735
1.4400000000000008,4.648882429441267,50.0,187.36249105369347,35.81668202294629,90.0,109.07189641963947,54.18331797705371,90.0,250.92810358036053
1.4600000000000009,4.8429158056431625,-50.0,184.97379774329698,36.81854234570746,90.0,107.04572765397577,126.81854234570747,90.0,122.04572765397577
1.4600000000000009,-4.200000000000017,-50.0,180.0,41.842521358600926,90.0,102.95307830743904,131.84252135860092,90.0,102.95307830743904
1.4600000000000009,-4.200000000000017,50.0,180.0,41.842521358600926,90.0,102.95307830743904,48.157478641399074,90.0,257.04692169256094
1.4600000000000009,4.8429158056431625,50.0,184.97379774329698,36.81854234570746,90.0,107.04572765397577,53.18145765429254,90.0,252.95427234602423
1.4800000000000009,4.960573506572393,-50.0,182.506664671286,37.85330526581363,90.00000000000001,105.00104961665846,127.85330526581363,89.99999999999999,120.00104961665846
1.4800000000000009,-4.600000000000017,-50.0,180.0,41.96557164075277,90.0,102.96091733720753,131.96557164075278,90.0,102.96091733720753
1.4800000000000009,-4.600000000000017,50.0,180.0,41.96557164075277,90.0,102.96091733720753,48.03442835924723,90.0,257.03908266279245
1.4800000000000009,4.960573506572393,50.0,182.506664671286,37.85330526581363,90.00000000000001,105.00104961665846,52.14669473418637,90.00000000000001,254.99895038334154
1.5000000000000009,4.999999999999982,-50.0,180.0,38.90594522296249,90.0,102.96946928757873,128.9059452229625,90.0,117.96946928757873
1.5000000000000009,-5.0,-50.0,180.0000000000001,42.088225765351616,90.0,102.96946928757883,132.0882257653516,90.0,102.96946928757883
1.5000000000000009,-5.0,50.0,180.0000000000001,42.088225765351616,90.0,102.96946928757883,47.911774234648384,90.0,257.0305307124212
1.5000000000000009,4.999999999999982,50.0,180.0,38.90594522296249,90.0,102.96946928757873,51.09405477703751,90.0,257.0305307124213
1.520000000000001,4.599999999999982,-50.0,180.0,39.03775794868478,90.0,102.96091733720753,129.03775794868477,90.0,117.96091733720753
1.520000000000001,-4.960573506572386,-50.0,182.5066646712862,40.96716378523689,90.0,105.00104961665863,130.9671637852369,90.0,105.00104961665863
1.520000000000001,-4.960573506572386,50.0,182.5066646712862,40.96716378523689,90.0,105.00104961665863,49.03283621476311,90.0,254.99895038334137
1.520000000000001,4.599999999999982,50.0,180.0,39.03775794868478,90.0,102.96091733720753,50.96224205131522,90.0,257.03908266279245
1.540000000000001,4.1999999999999815,-50.0,180.0,39.169203401942696,90.0,102.95307830743904,129.1692034019427,90.0,117.95307830743904
1.540000000000001,-4.842915805643148,-50.0,184.9737977432972,39.818051074306766,90.0,107.04572765397596,129.81805107430677,90.0,107.04572765397596
1.540000000000001,-4.842915805643148,50.0,184.9737977432972,39.818051074306766,90.0,107.04572765397596,50.181948925693234,90.0,252.95427234602403
1.540000000000001,4.1999999999999815,50.0,180.0,39.169203401942696,90.0,102.95307830743904,50.830796598057304,90.0,257.04692169256094
1.560000000000001,3.799999999999981,-50.0,180.0,39.30028035762585,90.0,102.94595213080265,129.30028035762587,90.0,117.94595213080265
1.560000000000001,-4.6488824294412465,-50.0,187.36249105369367,38.65937161163502,90.0,109.07189641963964,128.659371611635,90.0,109.07189641963964
1.560000000000001,-4.6488824294412465,50.0,187.36249105369367,38.65937161163502,90.0,109.07189641963964,51.34062838836498,90.0,250.92810358036036
1.560000000000001,3.799999999999981,50.0,180.0,39.30028035762585,90.0,102.94595213080265,50.69971964237415,90.0,257.05404786919735
1.580000000000001,3.399999999999981,-50.0,180.0,39.43098758726948,90.0,102.93953874602853,129.43098758726947,90.0,117.93953874602853
1.580000000000001,-4.381533400219303,-50.0,189.63507348203441,37.510756719668926,90.0,111.04590841492694,127.51075671966893,90.0,111.04590841492694
1.580000000000001,-4.381533400219303,50.0,189.63507348203441,37.510756719668926,90.0,111.04590841492694,52.489243280331074,90.0,248.95409158507306
1.580000000000001,3.399999999999981,50.0,180.0,39.43098758726948,90.0,102.93953874602853,50.56901241273052,90.0,257.0604612539715
1.600000000000001,2.9999999999999805,-50.0,180.0,39.56132385913919,90.0,102.93383809802842,129.56132385913918,90.0,117.93383809802842
1.600000000000001,-4.0450849718747195,-50.0,191.75570504584957,36.39278138001265,90.0,112.93237702942892,126.39278138001265,90.0,112.93237702942892
1.600000000000001,-4.0450849718747195,50.0,191.75570504584957,36.39278138001265,90.0,112.93237702942892,53.60721861998735,90.0,247.06762297057108
1.600000000000001,2.9999999999999805,50.0,180.0,39.56132385913919,90.0,102.93383809802842,50.43867614086081,90.0,257.06616190197155
1.620000000000001,2.59999999999998,-50.0,180.0,39.69128793831483,90.0,102.92885013787843,129.69128793831482,90.0,117.92885013787843
1.620000000000001,-3.6448431371070362,-50.0,193.69094211857387,35.3266653717729,90.0,114.69468536855203,125.32666537177289,90.0,114.69468536855203
1.620000000000001,-3.6448431371070362,50.0,193.69094211857387,35.3266653717729,90.0,114.69468536855203,54.6733346282271,90.0,245.30531463144797
1.620000000000001,2.59999999999998,50.0,180.0,39.69128793831483,90.0,102.92885013787843,50.30871206168517,90.0,257.07114986212156
1.640000000000001,2.1999999999999797,-50.0,180.0,39.82087858677318,90.0,102.92457482280366,129.82087858677318,90.0,117.92457482280366
1.640000000000001,-3.1871199487434243,-50.0,195.41026485551586,34.33384638126857,90.0,116.29576329476797,124.33384638126857,90.0,116.29576329476797
1.640000000000001,-3.1871199487434243,50.0,195.41026485551586,34.33384638126857,90.0,116.29576329476797,55.66615361873143,90.0,243.70423670523203
1.640000000000001,2.1999999999999797,50.0,180.0,39.82087858677318,90.0,102.92457482280366,50.17912141322682,90.0,257.07542517719634
1.660000000000001,1.7999999999999794,-50.0,180.0,39.950094563469825,90.0,102.92101211616486,129.95009456346983,90.0,117.92101211616486
1.660000000000001,-2.6791339748949556,-50.0,196.88655851004037,33.435399847688174,90.00000000000001,117.69917804440351,123.43539984768817,89.99999999999999,117.69917804440351
1.660000000000001,-2.6791339748949556,50.0,196.88655851004037,33.435399847688174,90.00000000000001,117.69917804440351,56.564600152311826,90.00000000000001,242.3008219555965
1.660000000000001,1.7999999999999794,50.0,180.0,39.950094563469825,90.0,102.92101211616486,50.049905436530175,90.0,257.0789878838351
1.680000000000001,1.399999999999979,-50.0,180.0,40.07893462441993,90.0,102.91816198744674,130.07893462441993,90.0,117.91816198744674
1.680000000000001,-2.128896457825334,-50.0,198.09654104932045,32.651299961773795,90.0,118.87054562289731,122.65129996177379,90.0,118.87054562289731
1.680000000000001,-2.128896457825334,50.0,198.09654104932045,32.651299961773795,90.0,118.87054562289731,57.348700038226205,90.0,241.1294543771027
1.680000000000001,1.399999999999979,50.0,180.0,40.07893462441993,90.0,102.91816198744674,49.92106537558007,90.0,257.08183801255325
1.700000000000001,0.9999999999999787,-50.0,180.0,40.207397522777924,90.0,102.91602441224872,130.2073975227779,90.0,117.91602441224872
1.700000000000001,-1.5450849718747057,-50.0,199.0211303259031,31.999549431718588,90.0,119.77920629987486,121.99954943171859,90.0,119.77920629987486
1.700000000000001,-1.5450849718747057,50.0,199.0211303259031,31.999549431718588,90.0,119.77920629987486,58.00045056828141,90.0,240.22079370012514
1.700000000000001,0.9999999999999787,50.0,180.0,40.207397522777924,90.0,102.91602441224872,49.792602477222076,90.0,257.0839755877513
1.720000000000001,0.5999999999999783,-50.0,180.0,40.33548200891641,90.0,102.91459937227695,130.33548200891641,90.0,117.91459937227695
1.720000000000001,-0.9369065729285898,-50.0,199.6457450145738,31.495248657911617,90.0,120.40002497007919,121.49524865791162,90.0,120.40002497007919
1.720000000000001,-0.9369065729285898,50.0,199.6457450145738,31.495248657911617,90.0,120.40002497007919,58.50475134208838,90.0,239.5999750299208
1.720000000000001,0.5999999999999783,50.0,180.0,40.33548200891641,90.0,102.91459937227695,49.66451799108359,90.0,257.08540062772306
1.740000000000001,0.19999999999997797,-50.0,180.0,40.4631868305037,90.0,102.91388685533876,130.4631868305037,90.0,117.91388685533876
1.740000000000001,-0.31395259764653216,-50.0,199.96053456856544,31.149716691307667,90.00000000000001,120.71509721059267,121.14971669130767,89.99999999999999,120.71509721059267
1.740000000000001,-0.31395259764653216,50.0,199.96053456856544,31.149716691307667,90.00000000000001,120.71509721059267,58.85028330869233,90.00000000000001,239.28490278940734
1.740000000000001,0.19999999999997797,50.0,180.0,40.4631868305037,90.0,102.91388685533876,49.5368131694963,90.0,257.0861131446612
1.7600000000000011,-0.20000000000002238,-50.0,180.0,40.59051073258056,90.0,102.91388685533876,130.59051073258055,90.0,117.91388685533876
1.7600000000000011,0.31395259764660133,-50.0,199.96053456856544,30.969799748495838,90.00000000000001,120.71509721059267,120.96979974849583,89.99999999999999,120.71509721059267
1.7600000000000011,0.31395259764660133,50.0,199.96053456856544,30.969799748495838,90.00000000000001,120.71509721059267,59.03020025150416,90.00000000000001,239.28490278940734
1.7600000000000011,-0.20000000000002238,50.0,180.0,40.59051073258056,90.0,102.91388685533876,49.40948926741944,90.0,257.0861131446612
1.7800000000000011,-0.6000000000000227,-50.0,180.0,40.71745245763579,90.0,102.91459937227695,130.71745245763577,90.0,117.91459937227695
1.7800000000000011,0.936906572928658,-50.0,199.64574501457375,30.957492159659,90.0,120.40002497007913,120.957492159659,90.0,120.40002497007913
1.7800000000000011,0.936906572928658,50.0,199.64574501457375,30.957492159659,90.0,120.40002497007913,59.042507840341,90.0,239.59997502992087
1.7800000000000011,-0.6000000000000227,50.0,180.0,40.71745245763579,90.0,102.91459937227695,49.28254754236421,90.0,257.08540062772306
1.8000000000000012,-1.000000000000023,-50.0,180.0,40.844010745680656,90.0,102.91602441224872,130.84401074568066,90.0,117.91602441224872
1.8000000000000012,1.5450849718747717,-50.0,199.02113032590302,31.109944702096975,90.0,119.77920629987477,121.10994470209698,90.0,119.77920629987477
1.8000000000000012,1.5450849718747717,50.0,199.02113032590302,31.109944702096975,90.0,119.77920629987477,58.890055297903025,90.0,240.22079370012523
1.8000000000000012,-1.000000000000023,50.0,180.0,40.844010745680656,90.0,102.91602441224872,49.155989254319344,90.0,257.0839755877513
1.8200000000000012,-1.4000000000000234,-50.0,180.0,40.970184334322475,90.0,102.91816198744674,130.97018433432248,90.0,117.91816198744674
1.8200000000000012,2.128896457825396,-50.0,198.09654104932034,31.41985911060587,90.0,118.87054562289715,121.41985911060587,90.0,118.87054562289715
1.8200000000000012,2.128896457825396,50.0,198.09654104932034,31.41985911060587,90.0,118.87054562289715,58.58014088939413,90.0,241.12945437710283
1.8200000000000012,-1.4000000000000234,50.0,180.0,40.970184334322475,90.0,102.91816198744674,49.029815665677525,90.0,257.08183801255325
1.8400000000000012,-1.8000000000000238,-50.0,180.0,41.0959719588368,90.0,102.92101211616486,131.0959719588368,90.0,117.92101211616486
1.8400000000000012,2.6791339748950143,-50.0,196.88655851004023,31.87619136430874,90.0,117.69917804440335,121.87619136430874,90.0,117.69917804440335
1.8400000000000012,2.6791339748950143,50.0,196.88655851004023,31.87619136430874,90.0,117.69917804440335,58.12380863569126,90.0,242.30082195559663
1.8400000000000012,-1.8000000000000238,50.0,180.0,41.0959719588368,90.0,102.92101211616486,48.9040280411632,90.0,257.0789878838351
1.8600000000000012,-2.200000000000024,-50.0,180.0,41.221372352238795,90.0,102.92457482280366,131.2213723522388,90.0,117.92457482280366
1.8600000000000012,3.1871199487434776,-50.0,195.4102648555157,32.465036341703254,90.0,116.29576329476781,122.46503634170325,90.0,116.29576329476781
1.8600000000000012,3.1871199487434776,50.0,195.4102648555157,32.465036341703254,90.0,116.29576329476781,57.534963658296746,90.0,243.70423670523218
1.8600000000000012,-2.200000000000024,50.0,180.0,41.221372352238795,90.0,102.92457482280366,48.778627647761205,90.0,257.07542517719634
1.8800000000000012,-2.6000000000000245,-50.0,180.0,41.346384245353235,90.0,102.92885013787843,131.34638424535325,90.0,117.92885013787843
1.8800000000000012,3.6448431371070837,-50.0,193.69094211857367,33.17055542092363,90.00000000000001,114.69468536855183,123.17055542092362,89.99999999999999,114.69468536855183
1.8800000000000012,3.6448431371070837,50.0,193.69094211857367,33.17055542092363,90.00000000000001,114.69468536855183,56.82944457907637,90.00000000000001,245.30531463144817
1.8800000000000012,-2.6000000000000245,50.0,180.0,41.346384245353235,90.0,102.92885013787843,48.653615754646765,90.0,257.07114986212156
1.9000000000000012,-3.000000000000025,-50.0,180.0,41.47100636688358,90.0,102.93383809802842,131.47100636688359,90.0,117.93383809802842
1.9000000000000012,4.04508497187476,-50.0,191.75570504584934,33.97583188464761,90.0,112.93237702942871,123.97583188464762,90.0,112.93237702942871
1.9000000000000012,4.04508497187476,50.0,191.75570504584934,33.97583188464761,90.0,112.93237702942871,56.02416811535239,90.0,247.06762297057128
1.9000000000000012,-3.000000000000025,50.0,180.0,41.47100636688358,90.0,102.93383809802842,48.52899363311642,90.0,257.06616190197155
1.9200000000000013,-3.4000000000000252,-50.0,180.0,41.595237443479746,90.0,102.93953874602853,131.59523744347973,90.0,117.93953874602853
1.9200000000000013,4.381533400219336,-50.0,189.63507348203416,34.86358066094168,90.0,111.04590841492671,124.86358066094168,90.0,111.04590841492671
1.9200000000000013,4.381533400219336,50.0,189.63507348203416,34.86358066094168,90.0,111.04590841492671,55.13641933905832,90.0,248.9540915850733
1.9200000000000013,-3.4000000000000252,50.0,180.0,41.595237443479746,90.0,102.93953874602853,48.404762556520254,90.0,257.0604612539715
1.9400000000000013,-3.8000000000000256,-50.0,180.0,41.71907619980491,90.0,102.94595213080265,131.7190761998049,90.0,117.94595213080265
1.9400000000000013,4.648882429441271,-50.0,187.36249105369342,35.81668202294632,90.0,109.07189641963942,125.81668202294631,90.0,109.07189641963942
1.9400000000000013,4.648882429441271,50.0,187.36249105369342,35.81668202294632,90.0,109.07189641963942,54.18331797705368,90.0,250.92810358036058
1.9400000000000013,-3.8000000000000256,50.0,180.0,41.71907619980491,90.0,102.94595213080265,48.28092380019509,90.0,257.05404786919735
1.9600000000000013,-4.200000000000026,-50.0,180.0,41.842521358600926,90.0,102.95307830743904,131.84252135860092,90.0,117.95307830743904
1.9600000000000013,4.842915805643165,-50.0,184.97379774329693,36.81854234570749,90.00000000000001,107.04572765397573,126.8185423457075,89.99999999999999,107.04572765397573
1.9600000000000013,4.842915805643165,50.0,184.97379774329693,36.81854234570749,90.00000000000001,107.04572765397573,53.18145765429251,90.00000000000001,252.95427234602425
1.9600000000000013,-4.200000000000026,50.0,180.0,41.842521358600926,90.0,102.95307830743904,48.157478641399074,90.0,257.04692169256094
1.9800000000000013,-4.600000000000026,-50.0,180.0,41.96557164075278,90.0,102.96091733720753,131.96557164075278,90.0,117.96091733720753
1.9800000000000013,4.960573506572395,-50.0,182.50666467128593,37.85330526581365,90.0,105.00104961665843,127.85330526581365,90.0,105.00104961665843
1.9800000000000013,4.960573506572395,50.0,182.50666467128593,37.85330526581365,90.0,105.00104961665843,52.14669473418635,90.0,254.99895038334157
1.9800000000000013,-4.600000000000026,50.0,180.0,41.96557164075278,90.0,102.96091733720753,48.03442835924722,90.0,257.03908266279245
2.0000000000000013,-5.0,-50.0,180.00000000000017,42.08822576535159,90.0,102.96946928757887,132.08822576535158,90.0,117.96946928757887
2.0000000000000013,4.999999999999973,-50.0,180.0,38.90594522296249,90.0,102.96946928757873,128.9059452229625,90.0,102.96946928757873
2.0000000000000013,4.999999999999973,50.0,180.0,38.90594522296249,90.0,102.96946928757873,51.09405477703751,90.0,257.0305307124213
2.0000000000000013,-5.0,50.0,180.00000000000017,42.08822576535159,90.0,102.96946928757887,47.91177423464841,90.0,257.0305307124211
2.0200000000000014,-4.960573506572384,-50.0,182.50666467128625,40.967163785236856,90.0,105.0010496166587,130.96716378523686,90.0,120.0010496166587
2.0200000000000014,4.599999999999973,-50.0,180.0,39.037757948684785,90.0,102.96091733720753,129.03775794868477,90.0,102.96091733720753
2.0200000000000014,4.599999999999973,50.0,180.0,39.037757948684785,90.0,102.96091733720753,50.962242051315215,90.0,257.03908266279245
2.0200000000000014,-4.960573506572384,50.0,182.50666467128625,40.967163785236856,90.0,105.0010496166587,49.032836214763144,90.0,254.9989503833413
2.0400000000000014,-4.842915805643145,-50.0,184.97379774329727,39.818051074306744,90.0,107.045727653976,129.81805107430674,90.0,122.045727653976
2.0400000000000014,4.199999999999973,-50.0,180.0,39.169203401942696,90.0,102.95307830743904,129.1692034019427,90.0,102.95307830743904
2.0400000000000014,4.199999999999973,50.0,180.0,39.169203401942696,90.0,102.95307830743904,50.830796598057304,90.0,257.04692169256094
2.0400000000000014,-4.842915805643145,50.0,184.97379774329727,39.818051074306744,90.0,107.045727653976,50.181948925693256,90.0,252.954272346024
2.0600000000000014,-4.648882429441241,-50.0,187.36249105369373,38.65937161163499,90.0,109.0718964196397,128.65937161163498,90.0,124.0718964196397
2.0600000000000014,3.7999999999999723,-50.0,180.0,39.30028035762586,90.0,102.94595213080265,129.30028035762587,90.0,102.94595213080265
2.0600000000000014,3.7999999999999723,50.0,180.0,39.30028035762586,90.0,102.94595213080265,50.69971964237414,90.0,257.05404786919735
2.0600000000000014,-4.648882429441241,50.0,187.36249105369373,38.65937161163499,90.0,109.0718964196397,51.34062838836501,90.0,250.9281035803603
2.0800000000000014,-4.381533400219297,-50.0,189.63507348203447,37.5107567196689,90.0,111.04590841492698,127.5107567196689,90.0,126.04590841492698
2.0800000000000014,3.399999999999972,-50.0,180.0,39.43098758726948,90.0,102.93953874602853,129.43098758726947,90.0,102.93953874602853
2.0800000000000014,3.399999999999972,50.0,180.0,39.43098758726948,90.0,102.93953874602853,50.56901241273052,90.0,257.0604612539715
2.0800000000000014,-4.381533400219297,50.0,189.63507348203447,37.5107567196689,90.0,111.04590841492698,52.4892432803311,90.0,248.954091585073
2.1000000000000014,-4.0450849718747115,-50.0,191.7557050458496,36.392781380012636,90.0,112.93237702942895,126.39278138001264,90.0,127.93237702942895
2.1000000000000014,2.9999999999999716,-50.0,180.0,39.5613238591392,90.0,102.93383809802842,129.5613238591392,90.0,102.93383809802842
2.1000000000000014,2.9999999999999716,50.0,180.0,39.5613238591392,90.0,102.93383809802842,50.4386761408608,90.0,257.06616190197155
2.1000000000000014,-4.0450849718747115,50.0,191.7557050458496,36.392781380012636,90.0,112.93237702942895,53.607218619987364,90.0,247.06762297057105
2.1200000000000014,-3.644843137107027,-50.0,193.6909421185739,35.32666537177288,90.0,114.69468536855206,125.32666537177289,90.0,129.69468536855206
2.1200000000000014,2.5999999999999712,-50.0,180.0,39.69128793831483,90.0,102.92885013787843,129.69128793831482,90.0,102.92885013787843
2.1200000000000014,2.5999999999999712,50.0,180.0,39.69128793831483,90.0,102.92885013787843,50.30871206168517,90.0,257.07114986212156
2.1200000000000014,-3.644843137107027,50.0,193.6909421185739,35.32666537177288,90.0,114.69468536855206,54.67333462822712,90.0,245.30531463144794
2.1400000000000015,-3.1871199487434136,-50.0,195.4102648555159,34.33384638126855,90.0,116.295763294768,124.33384638126856,90.0,131.295763294768
2.1400000000000015,2.199999999999971,-50.0,180.0,39.82087858677319,90.0,102.92457482280366,129.82087858677318,90.0,102.92457482280366
2.1400000000000015,2.199999999999971,50.0,180.0,39.82087858677319,90.0,102.92457482280366,50.17912141322681,90.0,257.07542517719634
2.1400000000000015,-3.1871199487434136,50.0,195.4102648555159,34.33384638126855,90.0,116.295763294768,55.66615361873145,90.0,243.704236705232
2.1600000000000015,-2.6791339748949445,-50.0,196.8865585100404,33.43539984768816,90.00000000000001,117.69917804440354,123.43539984768816,89.99999999999999,132.69917804440354
2.1600000000000015,1.7999999999999705,-50.0,180.0,39.950094563469825,90.0,102.92101211616486,129.95009456346983,90.0,102.92101211616486
2.1600000000000015,1.7999999999999705,50.0,180.0,39.950094563469825,90.0,102.92101211616486,50.049905436530175,90.0,257.0789878838351
2.1600000000000015,-2.6791339748949445,50.0,196.8865585100404,33.43539984768816,90.00000000000001,117.69917804440354,56.56460015231184,90.00000000000001,242.30082195559646
2.1800000000000015,-2.128896457825321,-50.0,198.09654104932048,32.651299961773795,90.0,118.87054562289731,122.65129996177379,90.0,133.8705456228973
2.1800000000000015,1.3999999999999702,-50.0,180.0,40.07893462441993,90.0,102.91816198744674,130.07893462441993,90.0,102.91816198744674
2.1800000000000015,1.3999999999999702,50.0,180.0,40.07893462441993,90.0,102.91816198744674,49.92106537558007,90.0,257.08183801255325
2.1800000000000015,-2.128896457825321,50.0,198.09654104932048,32.651299961773795,90.0,118.87054562289731,57.348700038226205,90.0,241.1294543771027
2.2000000000000015,-1.545084971874692,-50.0,199.02113032590313,31.99954943171856,90.00000000000001,119.7792062998749,121.99954943171856,89.99999999999999,134.7792062998749
2.2000000000000015,0.9999999999999698,-50.0,180.0,40.207397522777924,90.0,102.91602441224872,130.2073975227779,90.0,102.91602441224872
2.2000000000000015,0.9999999999999698,50.0,180.0,40.207397522777924,90.0,102.91602441224872,49.792602477222076,90.0,257.0839755877513
2.2000000000000015,-1.545084971874692,50.0,199.02113032590313,31.99954943171856,90.00000000000001,119.7792062998749,58.00045056828144,90.00000000000001,240.2207937001251
2.2200000000000015,-0.9369065729285768,-50.0,199.6457450145738,31.49524865791161,90.0,120.40002497007919,121.49524865791162,90.0,135.4000249700792
2.2200000000000015,0.5999999999999694,-50.0,180.0,40.335482008916415,90.0,102.91459937227695,130.33548200891641,90.0,102.91459937227695
2.2200000000000015,0.5999999999999694,50.0,180.0,40.335482008916415,90.0,102.91459937227695,49.664517991083585,90.0,257.08540062772306
2.2200000000000015,-0.9369065729285768,50.0,199.6457450145738,31.49524865791161,90.0,120.40002497007919,58.50475134208839,90.0,239.5999750299208
2.2400000000000015,-0.31395259764651884,-50.0,199.96053456856544,31.149716691307663,90.00000000000001,120.71509721059267,121.14971669130766,89.99999999999999,135.71509721059266
2.2400000000000015,0.1999999999999691,-50.0,180.0,40.4631868305037,90.0,102.91388685533876,130.4631868305037,90.0,102.91388685533876
2.2400000000000015,0.1999999999999691,50.0,180.0,40.4631868305037,90.0,102.91388685533876,49.5368131694963,90.0,257.0861131446612
2.2400000000000015,-0.31395259764651884,50.0,199.96053456856544,31.149716691307663,90.00000000000001,120.71509721059267,58.85028330869234,90.00000000000001,239.28490278940734
2.2600000000000016,0.31395259764661576,-50.0,199.9605345685654,30.969799748495838,90.0,120.71509721059267,120.96979974849583,90.0,135.71509721059266
2.2600000000000016,-0.20000000000003126,-50.0,180.0,40.59051073258057,90.0,102.91388685533876,130.59051073258058,90.0,102.91388685533876
2.2600000000000016,-0.20000000000003126,50.0,180.0,40.59051073258057,90.0,102.91388685533876,49.40948926741943,90.0,257.0861131446612
2.2600000000000016,0.31395259764661576,50.0,199.9605345685654,30.969799748495838,90.0,120.71509721059267,59.03020025150416,90.0,239.28490278940734
2.2800000000000016,0.9369065729286721,-50.0,199.64574501457375,30.957492159659,90.0,120.40002497007913,120.957492159659,90.0,135.40002497007913
2.2800000000000016,-0.6000000000000316,-50.0,180.0,40.71745245763579,90.0,102.91459937227695,130.71745245763577,90.0,102.91459937227695
2.2800000000000016,-0.6000000000000316,50.0,180.0,40.71745245763579,90.0,102.91459937227695,49.28254754236421,90.0,257.08540062772306
2.2800000000000016,0.9369065729286721,50.0,199.64574501457375,30.957492159659,90.0,120.40002497007913,59.042507840341,90.0,239.59997502992087
2.3000000000000016,1.545084971874784,-50.0,199.02113032590302,31.109944702096968,90.0,119.77920629987477,121.10994470209697,90.0,134.77920629987477
2.3000000000000016,-1.000000000000032,-50.0,180.0,40.844010745680656,90.0,102.91602441224872,130.84401074568066,90.0,102.91602441224872
2.3000000000000016,-1.000000000000032,50.0,180.0,40.844010745680656,90.0,102.91602441224872,49.155989254319344,90.0,257.0839755877513
2.3000000000000016,1.545084971874784,50.0,199.02113032590302,31.109944702096968,90.0,119.77920629987477,58.89005529790303,90.0,240.22079370012523
2.3200000000000016,2.128896457825408,-50.0,198.0965410493203,31.41985911060587,90.0,118.87054562289714,121.41985911060587,90.0,133.87054562289714
2.3200000000000016,-1.4000000000000323,-50.0,180.0,40.97018433432248,90.0,102.91816198744674,130.97018433432248,90.0,102.91816198744674
2.3200000000000016,-1.4000000000000323,50.0,180.0,40.97018433432248,90.0,102.91816198744674,49.02981566567752,90.0,257.08183801255325
2.3200000000000016,2.128896457825408,50.0,198.0965410493203,31.41985911060587,90.0,118.87054562289714,58.58014088939413,90.0,241.12945437710286
2.3400000000000016,2.6791339748950254,-50.0,196.8865585100402,31.87619136430874,90.00000000000001,117.69917804440335,121.87619136430874,89.99999999999999,132.69917804440337
2.3400000000000016,-1.8000000000000327,-50.0,180.0,41.0959719588368,90.0,102.92101211616486,131.0959719588368,90.0,102.92101211616486
2.3400000000000016,-1.8000000000000327,50.0,180.0,41.0959719588368,90.0,102.92101211616486,48.9040280411632,90.0,257.0789878838351
2.3400000000000016,2.6791339748950254,50.0,196.8865585100402,31.87619136430874,90.00000000000001,117.69917804440335,58.12380863569126,90.00000000000001,242.30082195559663
2.3600000000000017,3.1871199487434883,-50.0,195.41026485551566,32.46503634170326,90.0,116.29576329476778,122.46503634170327,90.0,131.29576329476777
2.3600000000000017,-2.200000000000033,-50.0,180.0,41.221372352238795,90.0,102.92457482280366,131.2213723522388,90.0,102.92457482280366
2.3600000000000017,-2.200000000000033,50.0,180.0,41.221372352238795,90.0,102.92457482280366,48.778627647761205,90.0,257.07542517719634
2.3600000000000017,3.1871199487434883,50.0,195.41026485551566,32.46503634170326,90.0,116.29576329476778,57.53496365829674,90.0,243.70423670523223
2.3800000000000017,3.6448431371070935,-50.0,193.69094211857362,33.170555420923655,90.0,114.69468536855177,123.17055542092365,90.0,129.69468536855177
2.3800000000000017,-2.6000000000000334,-50.0,180.0,41.34638424535324,90.0,102.92885013787843,131.34638424535325,90.0,102.92885013787843
2.3800000000000017,-2.6000000000000334,50.0,180.0,41.34638424535324,90.0,102.92885013787843,48.65361575464676,90.0,257.07114986212156
2.3800000000000017,3.6448431371070935,50.0,193.69094211857362,33.170555420923655,90.0,114.69468536855177,56.829444579076345,90.0,245.30531463144823
2.4000000000000017,4.045084971874768,-50.0,191.75570504584928,33.97583188464764,90.0,112.93237702942866,123.97583188464765,90.0,127.93237702942866
2.4000000000000017,-3.0000000000000338,-50.0,180.0,41.47100636688358,90.0,102.93383809802842,131.47100636688359,90.0,102.93383809802842
2.4000000000000017,-3.0000000000000338,50.0,180.0,41.47100636688358,90.0,102.93383809802842,48.52899363311642,90.0,257.06616190197155
2.4000000000000017,4.045084971874768,50.0,191.75570504584928,33.97583188464764,90.0,112.93237702942866,56.02416811535236,90.0,247.06762297057134
2.4200000000000017,4.381533400219344,-50.0,189.63507348203413,34.86358066094169,90.0,111.04590841492669,124.8635806609417,90.0,126.04590841492669
2.4200000000000017,-3.400000000000034,-50.0,180.0,41.59523744347975,90.0,102.93953874602853,131.59523744347976,90.0,102.93953874602853
2.4200000000000017,-3.400000000000034,50.0,180.0,41.59523744347975,90.0,102.93953874602853,48.40476255652025,90.0,257.0604612539715
2.4200000000000017,4.381533400219344,50.0,189.63507348203413,34.86358066094169,90.0,111.04590841492669,55.13641933905831,90.0,248.95409158507331
2.4400000000000017,4.648882429441278,-50.0,187.36249105369336,35.816682022946345,90.0,109.07189641963937,125.81668202294634,90.0,124.07189641963937
2.4400000000000017,-3.8000000000000345,-50.0,180.0,41.71907619980491,90.0,102.94595213080265,131.7190761998049,90.0,102.94595213080265
2.4400000000000017,-3.8000000000000345,50.0,180.0,41.71907619980491,90.0,102.94595213080265,48.28092380019509,90.0,257.05404786919735
2.4400000000000017,4.648882429441278,50.0,187.36249105369336,35.816682022946345,90.0,109.07189641963937,54.183317977053655,90.0,250.92810358036064
2.4600000000000017,4.842915805643169,-50.0,184.9737977432969,36.8185423457075,90.0,107.04572765397569,126.8185423457075,90.0,122.04572765397569
2.4600000000000017,-4.200000000000035,-50.0,180.0,41.84252135860093,90.0,102.95307830743904,131.84252135860095,90.0,102.95307830743904
2.4600000000000017,-4.200000000000035,50.0,180.0,41.84252135860093,90.0,102.95307830743904,48.15747864139907,90.0,257.04692169256094
2.4600000000000017,4.842915805643169,50.0,184.9737977432969,36.8185423457075,90.0,107.04572765397569,53.1814576542925,90.0,252.9542723460243
2.4800000000000018,4.960573506572396,-50.0,182.50666467128588,37.85330526581368,90.0,105.00104961665838,127.85330526581367,90.0,120.00104961665838
2.4800000000000018,-4.600000000000035,-50.0,180.0,41.96557164075278,90.0,102.96091733720753,131.96557164075278,90.0,102.96091733720753
2.4800000000000018,-4.600000000000035,50.0,180.0,41.96557164075278,90.0,102.96091733720753,48.03442835924722,90.0,257.03908266279245
2.4800000000000018,4.960573506572396,50.0,182.50666467128588,37.85330526581368,90.0,105.00104961665838,52.14669473418632,90.0,254.99895038334162
2.5000000000000018,4.9999999999999645,-50.0,180.0,38.905945222962494,90.0,102.96946928757873,128.9059452229625,90.0,117.96946928757873
2.5000000000000018,-5.0,-50.0,180.00000000000023,42.088225765351545,90.00000000000001,102.96946928757895,132.08822576535155,89.99999999999999,102.96946928757895
2.5000000000000018,-5.0,50.0,180.00000000000023,42.088225765351545,90.00000000000001,102.96946928757895,47.911774234648455,90.00000000000001,257.03053071242107
2.5000000000000018,4.9999999999999645,50.0,180.0,38.905945222962494,90.0,102.96946928757873,51.094054777037506,90.0,257.0305307124213
2.520000000000002,4.599999999999964,-50.0,180.0,39.037757948684785,90.0,102.96091733720753,129.03775794868477,90.0,117.96091733720753
2.520000000000002,-4.960573506572382,-50.0,182.5066646712863,40.96716378523684,90.00000000000001,105.00104961665872,130.96716378523683,89.99999999999999,105.00104961665872
2.520000000000002,-4.960573506572382,50.0,182.5066646712863,40.96716378523684,90.00000000000001,105.00104961665872,49.03283621476316,90.00000000000001,254.99895038334128
2.520000000000002,4.599999999999964,50.0,180.0,39.037757948684785,90.0,102.96091733720753,50.962242051315215,90.0,257.03908266279245
2.540000000000002,4.199999999999964,-50.0,180.0,39.1692034019427,90.0,102.95307830743904,129.1692034019427,90.0,117.95307830743904
2.540000000000002,-4.842915805643141,-50.0,184.97379774329733,39.81805107430672,90.0,107.04572765397604,129.8180510743067,90.0,107.04572765397604
2.540000000000002,-4.842915805643141,50.0,184.97379774329733,39.81805107430672,90.0,107.04572765397604,50.18194892569328,90.0,252.95427234602397
2.540000000000002,4.199999999999964,50.0,180.0,39.1692034019427,90.0,102.95307830743904,50.8307965980573,90.0,257.04692169256094
2.560000000000002,3.7999999999999634,-50.0,180.0,39.30028035762586,90.0,102.94595213080265,129.30028035762587,90.0,117.94595213080265
2.560000000000002,-4.648882429441236,-50.0,187.36249105369376,38.65937161163499,90.0,109.0718964196397,128.65937161163498,90.0,109.0718964196397
2.560000000000002,-4.648882429441236,50.0,187.36249105369376,38.65937161163499,90.0,109.0718964196397,51.34062838836501,90.0,250.9281035803603
2.560000000000002,3.7999999999999634,50.0,180.0,39.30028035762586,90.0,102.94595213080265,50.69971964237414,90.0,257.05404786919735
2.580000000000002,3.399999999999963,-50.0,180.0,39.430987587269485,90.0,102.93953874602853,129.4309875872695,90.0,117.93953874602853
2.580000000000002,-4.38153340021929,-50.0,189.6350734820345,37.51075671966889,90.0,111.045908414927,127.51075671966889,90.0,111.045908414927
2.580000000000002,-4.38153340021929,50.0,189.6350734820345,37.51075671966889,90.0,111.045908414927,52.48924328033111,90.0,248.954091585073
2.580000000000002,3.399999999999963,50.0,180.0,39.430987587269485,90.0,102.93953874602853,50.569012412730515,90.0,257.0604612539715
2.600000000000002,2.9999999999999627,-50.0,180.0,39.5613238591392,90.0,102.93383809802842,129.5613238591392,90.0,117.93383809802842
2.600000000000002,-4.045084971874703,-50.0,191.75570504584965,36.39278138001259,90.0,112.932377029429,126.3927813800126,90.0,112.932377029429
2.600000000000002,-4.045084971874703,50.0,191.75570504584965,36.39278138001259,90.0,112.932377029429,53.60721861998741,90.0,247.067622970571
2.600000000000002,2.9999999999999627,50.0,180.0,39.5613238591392,90.0,102.93383809802842,50.4386761408608,90.0,257.06616190197155
2.620000000000002,2.5999999999999623,-50.0,180.0,39.69128793831484,90.0,102.92885013787843,129.69128793831484,90.0,117.92885013787843
2.620000000000002,-3.644843137107017,-50.0,193.69094211857396,35.326665371772854,90.0,114.69468536855211,125.32666537177286,90.0,114.69468536855211
2.620000000000002,-3.644843137107017,50.0,193.69094211857396,35.326665371772854,90.0,114.69468536855211,54.673334628227146,90.0,245.30531463144789
2.620000000000002,2.5999999999999623,50.0,180.0,39.69128793831484,90.0,102.92885013787843,50.30871206168516,90.0,257.07114986212156
2.640000000000002,2.199999999999962,-50.0,180.0,39.82087858677319,90.0,102.92457482280366,129.82087858677318,90.0,117.92457482280366
2.640000000000002,-3.1871199487434025,-50.0,195.41026485551595,34.33384638126853,90.00000000000001,116.29576329476804,124.33384638126853,89.99999999999999,116.29576329476804
2.640000000000002,-3.1871199487434025,50.0,195.41026485551595,34.33384638126853,90.00000000000001,116.29576329476804,55.66615361873147,90.00000000000001,243.70423670523195
2.640000000000002,2.199999999999962,50.0,180.0,39.82087858677319,90.0,102.92457482280366,50.17912141322681,90.0,257.07542517719634
2.660000000000002,1.7999999999999616,-50.0,180.0,39.950094563469825,90.0,102.92101211616486,129.95009456346983,90.0,117.92101211616486
2.660000000000002,-2.679133974894932,-50.0,196.88655851004043,33.43539984768814,90.0,117.69917804440355,123.43539984768813,90.0,117.69917804440355
2.660000000000002,-2.679133974894932,50.0,196.88655851004043,33.43539984768814,90.0,117.69917804440355,56.56460015231186,90.0,242.30082195559646
2.660000000000002,1.7999999999999616,50.0,180.0,39.950094563469825,90.0,102.92101211616486,50.049905436530175,90.0,257.0789878838351
2.680000000000002,1.3999999999999613,-50.0,180.0,40.07893462441993,90.0,102.91816198744674,130.07893462441993,90.0,117.91816198744674
2.680000000000002,-2.128896457825308,-50.0,198.09654104932048,32.65129996177379,90.0,118.87054562289731,122.65129996177379,90.0,118.87054562289731
2.680000000000002,-2.128896457825308,50.0,198.09654104932048,32.65129996177379,90.0,118.87054562289731,57.34870003822621,90.0,241.1294543771027
2.680000000000002,1.3999999999999613,50.0,180.0,40.07893462441993,90.0,102.91816198744674,49.92106537558007,90.0,257.08183801255325
2.700000000000002,0.9999999999999609,-50.0,180.0,40.20739752277793,90.0,102.91602441224872,130.20739752277794,90.0,117.91602441224872
2.700000000000002,-1.5450849718746793,-50.0,199.02113032590316,31.999549431718556,90.00000000000001,119.7792062998749,121.99954943171855,89.99999999999999,119.7792062998749
2.700000000000002,-1.5450849718746793,50.0,199.02113032590316,31.999549431718556,90.00000000000001,119.7792062998749,58.000450568281444,90.00000000000001,240.2207937001251
2.700000000000002,0.9999999999999609,50.0,180.0,40.20739752277793,90.0,102.91602441224872,49.79260247722207,90.0,257.0839755877513
2.720000000000002,0.5999999999999606,-50.0,180.0,40.335482008916415,90.0,102.91459937227695,130.33548200891641,90.0,117.91459937227695
2.720000000000002,-0.9369065729285625,-50.0,199.64574501457383,31.495248657911592,90.0,120.40002497007922,121.49524865791159,90.0,120.40002497007922
2.720000000000002,-0.9369065729285625,50.0,199.64574501457383,31.495248657911592,90.0,120.40002497007922,58.50475134208841,90.0,239.59997502992078
2.720000000000002,0.5999999999999606,50.0,180.0,40.335482008916415,90.0,102.91459937227695,49.664517991083585,90.0,257.08540062772306
2.740000000000002,0.1999999999999602,-50.0,180.0,40.46318683050371,90.0,102.91388685533876,130.4631868305037,90.0,117.91388685533876
2.740000000000002,-0.3139525976465045,-50.0,199.96053456856544,31.149716691307656,90.00000000000001,120.71509721059267,121.14971669130766,89.99999999999999,120.71509721059267
2.740000000000002,-0.3139525976465045,50.0,199.96053456856544,31.149716691307656,90.00000000000001,120.71509721059267,58.85028330869234,90.00000000000001,239.28490278940734
2.740000000000002,0.1999999999999602,50.0,180.0,40.46318683050371,90.0,102.91388685533876,49.53681316949629,90.0,257.0861131446612
2.760000000000002,-0.20000000000004015,-50.0,180.0,40.59051073258057,90.0,102.91388685533876,130.59051073258058,90.0,117.91388685533876
2.760000000000002,0.31395259764662903,-50.0,199.9605345685654,30.96979974849583,90.0,120.71509721059267,120.96979974849583,90.0,120.71509721059267
2.760000000000002,0.31395259764662903,50.0,199.9605345685654,30.96979974849583,90.0,120.71509721059267,59.03020025150417,90.0,239.28490278940734
2.760000000000002,-0.20000000000004015,50.0,180.0,40.59051073258057,90.0,102.91388685533876,49.40948926741943,90.0,257.0861131446612
2.780000000000002,-0.6000000000000405,-50.0,180.0,40.71745245763579,90.0,102.91459937227695,130.71745245763577,90.0,117.91459937227695
2.780000000000002,0.9369065729286852,-50.0,199.64574501457372,30.95749215965901,90.00000000000001,120.40002497007912,120.95749215965901,89.99999999999999,120.40002497007912
2.780000000000002,0.9369065729286852,50.0,199.64574501457372,30.95749215965901,90.00000000000001,120.40002497007912,59.04250784034099,90.00000000000001,239.59997502992087
2.780000000000002,-0.6000000000000405,50.0,180.0,40.71745245763579,90.0,102.91459937227695,49.28254754236421,90.0,257.08540062772306
2.800000000000002,-1.0000000000000409,-50.0,180.0,40.844010745680656,90.0,102.91602441224872,130.84401074568066,90.0,117.91602441224872
2.800000000000002,1.545084971874798,-50.0,199.021130325903,31.109944702096996,90.0,119.77920629987473,121.109944702097,90.0,119.77920629987473
2.800000000000002,1.545084971874798,50.0,199.021130325903,31.109944702096996,90.0,119.77920629987473,58.890055297903004,90.0,240.22079370012528
2.800000000000002,-1.0000000000000409,50.0,180.0,40.844010745680656,90.0,102.91602441224872,49.155989254319344,90.0,257.0839755877513
2.820000000000002,-1.4000000000000412,-50.0,180.0,40.97018433432248,90.0,102.91816198744674,130.97018433432248,90.0,117.91816198744674
2.820000000000002,2.1288964578254217,-50.0,198.09654104932028,31.419859110605884,90.0,118.87054562289711,121.41985911060588,90.0,118.87054562289711
2.820000000000002,2.1288964578254217,50.0,198.09654104932028,31.419859110605884,90.0,118.87054562289711,58.580140889394116,90.0,241.1294543771029
2.820000000000002,-1.4000000000000412,50.0,180.0,40.97018433432248,90.0,102.91816198744674,49.02981566567752,90.0,257.08183801255325
2.840000000000002,-1.8000000000000416,-50.0,180.0,41.095971958836806,90.0,102.92101211616486,131.0959719588368,90.0,117.92101211616486
2.840000000000002,2.6791339748950387,-50.0,196.88655851004017,31.87619136430876,90.0,117.69917804440331,121.87619136430877,90.0,117.69917804440331
2.840000000000002,2.6791339748950387,50.0,196.88655851004017,31.87619136430876,90.0,117.69917804440331,58.12380863569124,90.0,242.3008219555967
2.840000000000002,-1.8000000000000416,50.0,180.0,41.095971958836806,90.0,102.92101211616486,48.904028041163194,90.0,257.0789878838351
2.860000000000002,-2.200000000000042,-50.0,180.0,41.2213723522388,90.0,102.92457482280366,131.2213723522388,90.0,117.92457482280366
2.860000000000002,3.187119948743498,-50.0,195.4102648555156,32.46503634170329,90.0,116.29576329476771,122.4650363417033,90.0,116.29576329476771
2.860000000000002,3.187119948743498,50.0,195.4102648555156,32.46503634170329,90.0,116.29576329476771,57.53496365829671,90.0,243.7042367052323
2.860000000000002,-2.200000000000042,50.0,180.0,41.2213723522388,90.0,102.92457482280366,48.7786276477612,90.0,257.07542517719634
2.880000000000002,-2.6000000000000423,-50.0,180.0,41.34638424535324,90.0,102.92885013787843,131.34638424535325,90.0,117.92885013787843
2.880000000000002,3.6448431371071024,-50.0,193.6909421185736,33.170555420923655,90.0,114.69468536855177,123.17055542092365,90.0,114.69468536855177
2.880000000000002,3.6448431371071024,50.0,193.6909421185736,33.170555420923655,90.0,114.69468536855177,56.829444579076345,90.0,245.30531463144823
2.880000000000002,-2.6000000000000423,50.0,180.0,41.34638424535324,90.0,102.92885013787843,48.65361575464676,90.0,257.07114986212156
2.900000000000002,-3.0000000000000426,-50.0,180.0,41.471006366883586,90.0,102.93383809802842,131.47100636688359,90.0,117.93383809802842
2.900000000000002,4.045084971874776,-50.0,191.75570504584925,33.97583188464766,90.0,112.93237702942864,123.97583188464766,90.0,112.93237702942864
2.900000000000002,4.045084971874776,50.0,191.75570504584925,33.97583188464766,90.0,112.93237702942864,56.02416811535234,90.0,247.06762297057136
2.900000000000002,-3.0000000000000426,50.0,180.0,41.471006366883586,90.0,102.93383809802842,48.528993633116414,90.0,257.06616190197155
2.920000000000002,-3.400000000000043,-50.0,180.0,41.59523744347975,90.0,102.93953874602853,131.59523744347976,90.0,117.93953874602853
2.920000000000002,4.38153340021935,-50.0,189.63507348203407,34.863580660941714,90.0,111.04590841492663,124.86358066094172,90.0,111.04590841492663
2.920000000000002,4.38153340021935,50.0,189.63507348203407,34.863580660941714,90.0,111.04590841492663,55.136419339058286,90.0,248.95409158507337
2.920000000000002,-3.400000000000043,50.0,180.0,41.59523744347975,90.0,102.93953874602853,48.40476255652025,90.0,257.0604612539715
2.940000000000002,-3.8000000000000433,-50.0,180.0,41.71907619980492,90.0,102.94595213080265,131.71907619980493,90.0,117.94595213080265
2.940000000000002,4.648882429441282,-50.0,187.3624910536933,35.81668202294637,90.0,109.07189641963933,125.81668202294637,90.0,109.07189641963933
2.940000000000002,4.648882429441282,50.0,187.3624910536933,35.81668202294637,90.0,109.07189641963933,54.18331797705363,90.0,250.92810358036067
2.940000000000002,-3.8000000000000433,50.0,180.0,41.71907619980492,90.0,102.94595213080265,48.28092380019508,90.0,257.05404786919735
2.960000000000002,-4.200000000000044,-50.0,180.0,41.84252135860093,90.0,102.95307830743904,131.84252135860095,90.0,117.95307830743904
2.960000000000002,4.842915805643172,-50.0,184.97379774329684,36.81854234570753,90.0,107.04572765397563,126.81854234570753,90.0,107.04572765397563
2.960000000000002,4.842915805643172,50.0,184.97379774329684,36.81854234570753,90.0,107.04572765397563,53.18145765429247,90.0,252.95427234602437
2.960000000000002,-4.200000000000044,50.0,180.0,41.84252135860093,90.0,102.95307830743904,48.15747864139907,90.0,257.04692169256094
2.980000000000002,-4.600000000000044,-50.0,180.0,41.965571640752785,90.0,102.96091733720753,131.96557164075278,90.0,117.96091733720753
2.980000000000002,4.9605735065723975,-50.0,182.50666467128582,37.85330526581369,90.0,105.00104961665835,127.85330526581369,90.0,105.00104961665835
2.980000000000002,4.9605735065723975,50.0,182.50666467128582,37.85330526581369,90.0,105.00104961665835,52.14669473418631,90.0,254.99895038334165
2.980000000000002,-4.600000000000044,50.0,180.0,41.965571640752785,90.0,102.96091733720753,48.034428359247215,90.0,257.03908266279245
3.000000000000002,-5.0,-50.0,180.00000000000028,42.08822576535154,90.0,102.96946928757897,132.08822576535152,90.0,117.96946928757897
3.000000000000002,4.999999999999956,-50.0,180.0,38.905945222962494,90.0,102.96946928757873,128.9059452229625,90.0,102.96946928757873
3.000000000000002,4.999999999999956,50.0,180.0,38.905945222962494,90.0,102.96946928757873,51.094054777037506,90.0,257.0305307124213
3.000000000000002,-5.0,50.0,180.00000000000028,42.08822576535154,90.0,102.96946928757897,47.91177423464846,90.0,257.030530712421
3.0200000000000022,-4.960573506572381,-50.0,182.50666467128636,40.967163785236814,90.0,105.00104961665878,130.9671637852368,90.0,120.00104961665878
3.0200000000000022,4.599999999999955,-50.0,180.0,39.03775794868479,90.0,102.96091733720753,129.0377579486848,90.0,102.96091733720753
3.0200000000000022,4.599999999999955,50.0,180.0,39.03775794868479,90.0,102.96091733720753,50.96224205131521,90.0,257.03908266279245
3.0200000000000022,-4.960573506572381,50.0,182.50666467128636,40.967163785236814,90.0,105.00104961665878,49.032836214763186,90.0,254.99895038334122
3.0400000000000023,-4.8429158056431385,-50.0,184.97379774329738,39.81805107430668,90.0,107.04572765397609,129.81805107430668,90.0,122.04572765397609
3.0400000000000023,4.199999999999955,-50.0,180.0,39.1692034019427,90.0,102.95307830743904,129.1692034019427,90.0,102.95307830743904
3.0400000000000023,4.199999999999955,50.0,180.0,39.1692034019427,90.0,102.95307830743904,50.8307965980573,90.0,257.04692169256094
3.0400000000000023,-4.8429158056431385,50.0,184.97379774329738,39.81805107430668,90.0,107.04572765397609,50.18194892569332,90.0,252.9542723460239
3.0600000000000023,-4.6488824294412305,-50.0,187.36249105369382,38.65937161163495,90.0,109.07189641963974,128.65937161163495,90.0,124.07189641963974
3.0600000000000023,3.7999999999999545,-50.0,180.0,39.300280357625866,90.0,102.94595213080265,129.30028035762587,90.0,102.94595213080265
3.0600000000000023,3.7999999999999545,50.0,180.0,39.300280357625866,90.0,102.94595213080265,50.699719642374134,90.0,257.05404786919735
3.0600000000000023,-4.6488824294412305,50.0,187.36249105369382,38.65937161163495,90.0,109.07189641963974,51.34062838836505,90.0,250.92810358036024
3.0800000000000023,-4.381533400219284,-50.0,189.63507348203456,37.510756719668855,90.00000000000001,111.04590841492706,127.51075671966885,89.99999999999999,126.04590841492706
3.0800000000000023,3.399999999999954,-50.0,180.0,39.430987587269485,90.0,102.93953874602853,129.4309875872695,90.0,102.93953874602853
3.0800000000000023,3.399999999999954,50.0,180.0,39.430987587269485,90.0,102.93953874602853,50.569012412730515,90.0,257.0604612539715
3.0800000000000023,-4.381533400219284,50.0,189.63507348203456,37.510756719668855,90.00000000000001,111.04590841492706,52.489243280331145,90.00000000000001,248.95409158507294
3.1000000000000023,-4.045084971874695,-50.0,191.7557050458497,36.392781380012565,90.0,112.93237702942906,126.39278138001256,90.0,127.93237702942906
3.1000000000000023,2.999999999999954,-50.0,180.0,39.56132385913921,90.0,102.93383809802842,129.5613238591392,90.0,102.93383809802842
3.1000000000000023,2.999999999999954,50.0,180.0,39.56132385913921,90.0,102.93383809802842,50.43867614086079,90.0,257.06616190197155
3.1000000000000023,-4.045084971874695,50.0,191.7557050458497,36.392781380012565,90.0,112.93237702942906,53.607218619987435,90.0,247.06762297057094
3.1200000000000023,-3.644843137107008,-50.0,193.690942118574,35.32666537177283,90.0,114.69468536855213,125.32666537177283,90.0,129.69468536855214
3.1200000000000023,2.5999999999999535,-50.0,180.0,39.69128793831484,90.0,102.92885013787843,129.69128793831484,90.0,102.92885013787843
3.1200000000000023,2.5999999999999535,50.0,180.0,39.69128793831484,90.0,102.92885013787843,50.30871206168516,90.0,257.07114986212156
3.1200000000000023,-3.644843137107008,50.0,193.690942118574,35.32666537177283,90.0,114.69468536855213,54.67333462822717,90.0,245.30531463144786
3.1400000000000023,-3.1871199487433914,-50.0,195.41026485551598,34.33384638126851,90.0,116.29576329476807,124.3338463812685,90.0,131.29576329476805
3.1400000000000023,2.199999999999953,-50.0,180.0,39.8208785867732,90.0,102.92457482280366,129.8208785867732,90.0,102.92457482280366
3.1400000000000023,2.199999999999953,50.0,180.0,39.8208785867732,90.0,102.92457482280366,50.1791214132268,90.0,257.07542517719634
3.1400000000000023,-3.1871199487433914,50.0,195.41026485551598,34.33384638126851,90.0,116.29576329476807,55.66615361873149,90.0,243.70423670523195
3.1600000000000024,-2.679133974894921,-50.0,196.88655851004046,33.43539984768813,90.0,117.69917804440358,123.43539984768813,90.0,132.6991780444036
3.1600000000000024,1.7999999999999527,-50.0,180.0,39.95009456346983,90.0,102.92101211616486,129.95009456346983,90.0,102.92101211616486
3.1600000000000024,1.7999999999999527,50.0,180.0,39.95009456346983,90.0,102.92101211616486,50.04990543653017,90.0,257.0789878838351
3.1600000000000024,-2.679133974894921,50.0,196.88655851004046,33.43539984768813,90.0,117.69917804440358,56.56460015231187,90.0,242.3008219555964
3.1800000000000024,-2.128896457825296,-50.0,198.0965410493205,32.65129996177375,90.0,118.87054562289737,122.65129996177376,90.0,133.87054562289737
3.1800000000000024,1.3999999999999524,-50.0,180.0,40.07893462441993,90.0,102.91816198744674,130.07893462441993,90.0,102.91816198744674
3.1800000000000024,1.3999999999999524,50.0,180.0,40.07893462441993,90.0,102.91816198744674,49.92106537558007,90.0,257.08183801255325
3.1800000000000024,-2.128896457825296,50.0,198.0965410493205,32.65129996177375,90.0,118.87054562289737,57.34870003822625,90.0,241.12945437710263
3.2000000000000024,-1.5450849718746658,-50.0,199.02113032590316,31.99954943171855,90.00000000000001,119.7792062998749,121.99954943171855,89.99999999999999,134.7792062998749
3.2000000000000024,0.999999999999952,-50.0,180.0,40.20739752277793,90.0,102.91602441224872,130.20739752277794,90.0,102.91602441224872
3.2000000000000024,0.999999999999952,50.0,180.0,40.20739752277793,90.0,102.91602441224872,49.79260247722207,90.0,257.0839755877513
3.2000000000000024,-1.5450849718746658,50.0,199.02113032590316,31.99954943171855,90.00000000000001,119.7792062998749,58.00045056828145,90.00000000000001,240.2207937001251
3.2200000000000024,-0.9369065729285484,-50.0,199.64574501457383,31.495248657911592,90.0,120.40002497007922,121.49524865791159,90.0,135.40002497007922
3.2200000000000024,0.5999999999999517,-50.0,180.0,40.33548200891642,90.0,102.91459937227695,130.33548200891641,90.0,102.91459937227695
3.2200000000000024,0.5999999999999517,50.0,180.0,40.33548200891642,90.0,102.91459937227695,49.66451799108358,90.0,257.08540062772306
3.2200000000000024,-0.9369065729285484,50.0,199.64574501457383,31.495248657911592,90.0,120.40002497007922,58.50475134208841,90.0,239.59997502992078
3.2400000000000024,-0.3139525976464912,-50.0,199.96053456856544,31.149716691307656,90.00000000000001,120.71509721059267,121.14971669130766,89.99999999999999,135.71509721059266
3.2400000000000024,0.19999999999995133,-50.0,180.0,40.46318683050371,90.0,102.91388685533876,130.4631868305037,90.0,102.91388685533876
3.2400000000000024,0.19999999999995133,50.0,180.0,40.46318683050371,90.0,102.91388685533876,49.53681316949629,90.0,257.0861131446612
3.2400000000000024,-0.3139525976464912,50.0,199.96053456856544,31.149716691307656,90.00000000000001,120.71509721059267,58.85028330869234,90.00000000000001,239.28490278940734
3.2600000000000025,0.31395259764664346,-50.0,199.9605345685654,30.969799748495824,90.0,120.71509721059267,120.96979974849583,90.0,135.71509721059266
3.2600000000000025,-0.20000000000004903,-50.0,180.0,40.590510732580576,90.0,102.91388685533876,130.59051073258058,90.0,102.91388685533876
3.2600000000000025,-0.20000000000004903,50.0,180.0,40.590510732580576,90.0,102.91388685533876,49.409489267419424,90.0,257.0861131446612
3.2600000000000025,0.31395259764664346,50.0,199.9605345685654,30.969799748495824,90.0,120.71509721059267,59.030200251504176,90.0,239.28490278940734
3.2800000000000025,0.9369065729286994,-50.0,199.64574501457372,30.957492159659004,90.00000000000001,120.40002497007912,120.95749215965901,89.99999999999999,135.40002497007913
3.2800000000000025,-0.6000000000000494,-50.0,180.0,40.71745245763579,90.0,102.91459937227695,130.71745245763577,90.0,102.91459937227695
3.2800000000000025,-0.6000000000000494,50.0,180.0,40.71745245763579,90.0,102.91459937227695,49.28254754236421,90.0,257.08540062772306
3.2800000000000025,0.9369065729286994,50.0,199.64574501457372,30.957492159659004,90.00000000000001,120.40002497007912,59.042507840340996,90.00000000000001,239.59997502992087
3.3000000000000025,1.5450849718748108,-50.0,199.02113032590296,31.10994470209699,90.00000000000001,119.77920629987473,121.10994470209698,89.99999999999999,134.77920629987472
3.3000000000000025,-1.0000000000000497,-50.0,180.0,40.84401074568066,90.0,102.91602441224872,130.84401074568066,90.0,102.91602441224872
3.3000000000000025,-1.0000000000000497,50.0,180.0,40.84401074568066,90.0,102.91602441224872,49.15598925431934,90.0,257.0839755877513
3.3000000000000025,1.5450849718748108,50.0,199.02113032590296,31.10994470209699,90.00000000000001,119.77920629987473,58.89005529790301,90.00000000000001,240.22079370012528
3.3200000000000025,2.128896457825434,-50.0,198.09654104932025,31.419859110605877,90.00000000000001,118.87054562289711,121.41985911060587,89.99999999999999,133.8705456228971
3.3200000000000025,-1.40000000000005,-50.0,180.0,40.97018433432248,90.0,102.91816198744674,130.97018433432248,90.0,102.91816198744674
3.3200000000000025,-1.40000000000005,50.0,180.0,40.97018433432248,90.0,102.91816198744674,49.02981566567752,90.0,257.08183801255325
3.3200000000000025,2.128896457825434,50.0,198.09654104932025,31.419859110605877,90.00000000000001,118.87054562289711,58.58014088939412,90.00000000000001,241.1294543771029
3.3400000000000025,2.67913397489505,-50.0,196.88655851004012,31.876191364308784,90.0,117.69917804440325,121.87619136430878,90.0,132.69917804440325
3.3400000000000025,-1.8000000000000504,-50.0,180.0,41.095971958836806,90.0,102.92101211616486,131.0959719588368,90.0,102.92101211616486
3.3400000000000025,-1.8000000000000504,50.0,180.0,41.095971958836806,90.0,102.92101211616486,48.904028041163194,90.0,257.0789878838351
3.3400000000000025,2.67913397489505,50.0,196.88655851004012,31.876191364308784,90.0,117.69917804440325,58.12380863569122,90.0,242.30082195559675
3.3600000000000025,3.1871199487435105,-50.0,195.41026485551558,32.465036341703296,90.00000000000001,116.29576329476771,122.4650363417033,89.99999999999999,131.2957632947677
3.3600000000000025,-2.200000000000051,-50.0,180.0,41.2213723522388,90.0,102.92457482280366,131.2213723522388,90.0,102.92457482280366
3.3600000000000025,-2.200000000000051,50.0,180.0,41.2213723522388,90.0,102.92457482280366,48.7786276477612,90.0,257.07542517719634
3.3600000000000025,3.1871199487435105,50.0,195.41026485551558,32.465036341703296,90.00000000000001,116.29576329476771,57.534963658296704,90.00000000000001,243.7042367052323
3.3800000000000026,3.6448431371071126,-50.0,193.69094211857353,33.17055542092368,90.0,114.69468536855173,123.17055542092368,90.0,129.69468536855175
3.3800000000000026,-2.600000000000051,-50.0,180.0,41.34638424535325,90.0,102.92885013787843,131.34638424535325,90.0,102.92885013787843
3.3800000000000026,-2.600000000000051,50.0,180.0,41.34638424535325,90.0,102.92885013787843,48.65361575464675,90.0,257.07114986212156
3.3800000000000026,3.6448431371071126,50.0,193.69094211857353,33.17055542092368,90.0,114.69468536855173,56.82944457907632,90.0,245.30531463144825
3.4000000000000026,4.045084971874784,-50.0,191.7557050458492,33.975831884647675,90.0,112.93237702942858,123.97583188464768,90.0,127.93237702942858
3.4000000000000026,-3.0000000000000515,-50.0,180.0,41.471006366883586,90.0,102.93383809802842,131.47100636688359,90.0,102.93383809802842
3.4000000000000026,-3.0000000000000515,50.0,180.0,41.471006366883586,90.0,102.93383809802842,48.528993633116414,90.0,257.06616190197155
3.4000000000000026,4.045084971874784,50.0,191.7557050458492,33.975831884647675,90.0,112.93237702942858,56.024168115352325,90.0,247.06762297057142
3.4200000000000026,4.3815334002193564,-50.0,189.63507348203402,34.863580660941736,90.0,111.04590841492659,124.86358066094174,90.0,126.04590841492659
3.4200000000000026,-3.400000000000052,-50.0,180.0,41.59523744347976,90.0,102.93953874602853,131.59523744347976,90.0,102.93953874602853
3.4200000000000026,-3.400000000000052,50.0,180.0,41.59523744347976,90.0,102.93953874602853,48.40476255652024,90.0,257.0604612539715
3.4200000000000026,4.3815334002193564,50.0,189.63507348203402,34.863580660941736,90.0,111.04590841492659,55.136419339058264,90.0,248.9540915850734
3.4400000000000026,4.6488824294412865,-50.0,187.36249105369325,35.81668202294639,90.0,109.07189641963929,125.8166820229464,90.0,124.07189641963929
3.4400000000000026,-3.8000000000000522,-50.0,180.0,41.71907619980492,90.0,102.94595213080265,131.71907619980493,90.0,102.94595213080265
3.4400000000000026,-3.8000000000000522,50.0,180.0,41.71907619980492,90.0,102.94595213080265,48.28092380019508,90.0,257.05404786919735
3.4400000000000026,4.6488824294412865,50.0,187.36249105369325,35.81668202294639,90.0,109.07189641963929,54.18331797705361,90.0,250.9281035803607
3.4600000000000026,4.842915805643176,-50.0,184.97379774329679,36.81854234570755,90.0,107.04572765397559,126.81854234570756,90.0,122.04572765397559
3.4600000000000026,-4.200000000000053,-50.0,180.0,41.84252135860093,90.0,102.95307830743904,131.84252135860095,90.0,102.95307830743904
3.4600000000000026,-4.200000000000053,50.0,180.0,41.84252135860093,90.0,102.95307830743904,48.15747864139907,90.0,257.04692169256094
3.4600000000000026,4.842915805643176,50.0,184.97379774329679,36.81854234570755,90.0,107.04572765397559,53.18145765429245,90.0,252.95427234602442
3.4800000000000026,4.960573506572399,-50.0,182.50666467128576,37.85330526581372,90.0,105.0010496166583,127.85330526581372,90.0,120.0010496166583
3.4800000000000026,-4.600000000000053,-50.0,180.0,41.965571640752785,90.0,102.96091733720753,131.96557164075278,90.0,102.96091733720753
3.4800000000000026,-4.600000000000053,50.0,180.0,41.965571640752785,90.0,102.96091733720753,48.034428359247215,90.0,257.03908266279245
3.4800000000000026,4.960573506572399,50.0,182.50666467128576,37.85330526581372,90.0,105.0010496166583,52.14669473418628,90.0,254.9989503833417
3.5000000000000027,4.999999999999947,-50.0,180.0,38.9059452229625,90.0,102.96946928757873,128.9059452229625,90.0,117.96946928757873
3.5000000000000027,-5.0,-50.0,180.00000000000034,42.08822576535151,90.0,102.969469287579,132.08822576535152,90.0,102.969469287579
3.5000000000000027,-5.0,50.0,180.00000000000034,42.08822576535151,90.0,102.969469287579,47.91177423464849,90.0,257.030530712421
3.5000000000000027,4.999999999999947,50.0,180.0,38.9059452229625,90.0,102.96946928757873,51.0940547770375,90.0,257.0305307124213
3.5200000000000027,4.599999999999946,-50.0,180.0,39.03775794868479,90.0,102.96091733720753,129.0377579486848,90.0,117.96091733720753
3.5200000000000027,-4.960573506572377,-50.0,182.50666467128647,40.967163785236764,90.00000000000001,105.00104961665888,130.96716378523678,89.99999999999999,105.00104961665888
3.5200000000000027,-4.960573506572377,50.0,182.50666467128647,40.967163785236764,90.00000000000001,105.00104961665888,49.032836214763236,90.00000000000001,254.99895038334114
3.5200000000000027,4.599999999999946,50.0,180.0,39.03775794868479,90.0,102.96091733720753,50.96224205131521,90.0,257.03908266279245
3.5400000000000027,4.199999999999946,-50.0,180.0,39.16920340194271,90.0,102.95307830743904,129.1692034019427,90.0,117.95307830743904
3.5400000000000027,-4.842915805643134,-50.0,184.9737977432974,39.81805107430667,90.00000000000001,107.04572765397612,129.81805107430668,89.99999999999999,107.04572765397612
3.5400000000000027,-4.842915805643134,50.0,184.9737977432974,39.81805107430667,90.00000000000001,107.04572765397612,50.18194892569333,90.00000000000001,252.95427234602388
3.5400000000000027,4.199999999999946,50.0,180.0,39.16920340194271,90.0,102.95307830743904,50.83079659805729,90.0,257.04692169256094
3.5600000000000027,3.7999999999999456,-50.0,180.0,39.300280357625866,90.0,102.94595213080265,129.30028035762587,90.0,117.94595213080265
3.5600000000000027,-4.6488824294412305,-50.0,187.36249105369382,38.65937161163495,90.0,109.07189641963974,128.65937161163495,90.0,109.07189641963974
3.5600000000000027,-4.6488824294412305,50.0,187.36249105369382,38.65937161163495,90.0,109.07189641963974,51.34062838836505,90.0,250.92810358036024
3.5600000000000027,3.7999999999999456,50.0,180.0,39.300280357625866,90.0,102.94595213080265,50.699719642374134,90.0,257.05404786919735
3.5800000000000027,3.3999999999999453,-50.0,180.0,39.43098758726949,90.0,102.93953874602853,129.4309875872695,90.0,117.93953874602853
3.5800000000000027,-4.3815334002192765,-50.0,189.6350734820346,37.510756719668834,90.0,111.0459084149271,127.51075671966883,90.0,111.0459084149271
3.5800000000000027,-4.3815334002192765,50.0,189.6350734820346,37.510756719668834,90.0,111.0459084149271,52.489243280331166,90.0,248.9540915850729
3.5800000000000027,3.3999999999999453,50.0,180.0,39.43098758726949,90.0,102.93953874602853,50.56901241273051,90.0,257.0604612539715
3.6000000000000028,2.999999999999945,-50.0,180.0,39.56132385913921,90.0,102.93383809802842,129.5613238591392,90.0,117.93383809802842
3.6000000000000028,-4.045084971874678,-50.0,191.7557050458498,36.39278138001252,90.0,112.93237702942912,126.39278138001252,90.0,112.93237702942912
3.6000000000000028,-4.045084971874678,50.0,191.7557050458498,36.39278138001252,90.0,112.93237702942912,53.60721861998748,90.0,247.06762297057088
3.6000000000000028,2.999999999999945,50.0,180.0,39.56132385913921,90.0,102.93383809802842,50.43867614086079,90.0,257.06616190197155
3.6200000000000028,2.5999999999999446,-50.0,180.0,39.691287938314844,90.0,102.92885013787843,129.69128793831484,90.0,117.92885013787843
3.6200000000000028,-3.6448431371069985,-50.0,193.69094211857401,35.32666537177281,90.00000000000001,114.69468536855216,125.3266653717728,89.99999999999999,114.69468536855216
3.6200000000000028,-3.6448431371069985,50.0,193.69094211857401,35.32666537177281,90.00000000000001,114.69468536855216,54.67333462822719,90.00000000000001,245.30531463144786
3.6200000000000028,2.5999999999999446,50.0,180.0,39.691287938314844,90.0,102.92885013787843,50.308712061685156,90.0,257.07114986212156
3.640000000000003,2.1999999999999442,-50.0,180.0,39.8208785867732,90.0,102.92457482280366,129.8208785867732,90.0,117.92457482280366
3.640000000000003,-3.1871199487433914,-50.0,195.41026485551598,34.33384638126851,90.0,116.29576329476807,124.3338463812685,90.0,116.29576329476807
3.640000000000003,-3.1871199487433914,50.0,195.41026485551598,34.33384638126851,90.0,116.29576329476807,55.66615361873149,90.0,243.70423670523195
3.640000000000003,2.1999999999999442,50.0,180.0,39.8208785867732,90.0,102.92457482280366,50.1791214132268,90.0,257.07542517719634
3.660000000000003,1.7999999999999439,-50.0,180.0,39.95009456346983,90.0,102.92101211616486,129.95009456346983,90.0,117.92101211616486
3.660000000000003,-2.679133974894909,-50.0,196.8865585100405,33.43539984768811,90.0,117.69917804440361,123.4353998476881,90.0,117.69917804440361
3.660000000000003,-2.679133974894909,50.0,196.8865585100405,33.43539984768811,90.0,117.69917804440361,56.56460015231189,90.0,242.3008219555964
3.660000000000003,1.7999999999999439,50.0,180.0,39.95009456346983,90.0,102.92101211616486,50.04990543653017,90.0,257.0789878838351
3.680000000000003,1.3999999999999435,-50.0,180.0,40.07893462441994,90.0,102.91816198744674,130.07893462441993,90.0,117.91816198744674
3.680000000000003,-2.1288964578252707,-50.0,198.09654104932056,32.65129996177372,90.0,118.87054562289741,122.65129996177372,90.0,118.87054562289741
3.680000000000003,-2.1288964578252707,50.0,198.09654104932056,32.65129996177372,90.0,118.87054562289741,57.34870003822628,90.0,241.1294543771026
3.680000000000003,1.3999999999999435,50.0,180.0,40.07893462441994,90.0,102.91816198744674,49.92106537558006,90.0,257.08183801255325
3.700000000000003,0.9999999999999432,-50.0,180.0,40.20739752277793,90.0,102.91602441224872,130.20739752277794,90.0,117.91602441224872
3.700000000000003,-1.5450849718746529,-50.0,199.0211303259032,31.999549431718517,90.0,119.77920629987496,121.99954943171852,90.0,119.77920629987496
3.700000000000003,-1.5450849718746529,50.0,199.0211303259032,31.999549431718517,90.0,119.77920629987496,58.00045056828148,90.0,240.22079370012506
3.700000000000003,0.9999999999999432,50.0,180.0,40.20739752277793,90.0,102.91602441224872,49.79260247722207,90.0,257.0839755877513
3.720000000000003,0.5999999999999428,-50.0,180.0,40.33548200891642,90.0,102.91459937227695,130.33548200891641,90.0,117.91459937227695
3.720000000000003,-0.9369065729285484,-50.0,199.64574501457383,31.495248657911592,90.0,120.40002497007922,121.49524865791159,90.0,120.40002497007922
3.720000000000003,-0.9369065729285484,50.0,199.64574501457383,31.495248657911592,90.0,120.40002497007922,58.50475134208841,90.0,239.59997502992078
3.720000000000003,0.5999999999999428,50.0,180.0,40.33548200891642,90.0,102.91459937227695,49.66451799108358,90.0,257.08540062772306
3.740000000000003,0.19999999999994245,-50.0,180.0,40.463186830503716,90.0,102.91388685533876,130.46318683050373,90.0,117.91388685533876
3.740000000000003,-0.31395259764647676,-50.0,199.96053456856546,31.149716691307624,90.0,120.71509721059272,121.14971669130762,90.0,120.71509721059272
3.740000000000003,-0.31395259764647676,50.0,199.96053456856546,31.149716691307624,90.0,120.71509721059272,58.850283308692376,90.0,239.28490278940728
3.740000000000003,0.19999999999994245,50.0,180.0,40.463186830503716,90.0,102.91388685533876,49.536813169496284,90.0,257.0861131446612
3.760000000000003,-0.2000000000000579,-50.0,180.0,40.590510732580576,90.0,102.91388685533876,130.59051073258058,90.0,117.91388685533876
3.760000000000003,0.31395259764667116,-50.0,199.9605345685654,30.969799748495817,90.0,120.71509721059267,120.96979974849582,90.0,120.71509721059267
3.760000000000003,0.31395259764667116,50.0,199.9605345685654,30.969799748495817,90.0,120.71509721059267,59.03020025150418,90.0,239.28490278940734
3.760000000000003,-0.2000000000000579,50.0,180.0,40.590510732580576,90.0,102.91388685533876,49.409489267419424,90.0,257.0861131446612
3.780000000000003,-0.6000000000000583,-50.0,180.0,40.717452457635794,90.0,102.91459937227695,130.7174524576358,90.0,117.91459937227695
3.780000000000003,0.9369065729287125,-50.0,199.64574501457372,30.957492159659004,90.00000000000001,120.40002497007912,120.95749215965901,89.99999999999999,120.40002497007912
3.780000000000003,0.9369065729287125,50.0,199.64574501457372,30.957492159659004,90.00000000000001,120.40002497007912,59.042507840340996,90.00000000000001,239.59997502992087
3.780000000000003,-0.6000000000000583,50.0,180.0,40.717452457635794,90.0,102.91459937227695,49.282547542364206,90.0,257.08540062772306
3.800000000000003,-1.0000000000000586,-50.0,180.0,40.84401074568066,90.0,102.91602441224872,130.84401074568066,90.0,117.91602441224872
3.800000000000003,1.5450849718748108,-50.0,199.02113032590296,31.10994470209699,90.00000000000001,119.77920629987473,121.10994470209698,89.99999999999999,119.77920629987473
3.800000000000003,1.5450849718748108,50.0,199.02113032590296,31.10994470209699,90.00000000000001,119.77920629987473,58.89005529790301,90.00000000000001,240.22079370012528
3.800000000000003,-1.0000000000000586,50.0,180.0,40.84401074568066,90.0,102.91602441224872,49.15598925431934,90.0,257.0839755877513
3.820000000000003,-1.400000000000059,-50.0,180.0,40.97018433432249,90.0,102.91816198744674,130.97018433432248,90.0,117.91816198744674
3.820000000000003,2.128896457825446,-50.0,198.09654104932022,31.41985911060591,90.00000000000001,118.87054562289705,121.41985911060591,89.99999999999999,118.87054562289705
3.820000000000003,2.128896457825446,50.0,198.09654104932022,31.41985911060591,90.00000000000001,118.87054562289705,58.58014088939409,90.00000000000001,241.12945437710295
3.820000000000003,-1.400000000000059,50.0,180.0,40.97018433432249,90.0,102.91816198744674,49.02981566567751,90.0,257.08183801255325
3.840000000000003,-1.8000000000000593,-50.0,180.0,41.095971958836806,90.0,102.92101211616486,131.0959719588368,90.0,117.92101211616486
3.840000000000003,2.679133974895072,-50.0,196.88655851004006,31.876191364308802,90.0,117.6991780444032,121.8761913643088,90.0,117.6991780444032
3.840000000000003,2.679133974895072,50.0,196.88655851004006,31.876191364308802,90.0,117.6991780444032,58.1238086356912,90.0,242.3008219555968
3.840000000000003,-1.8000000000000593,50.0,180.0,41.095971958836806,90.0,102.92101211616486,48.904028041163194,90.0,257.0789878838351
3.860000000000003,-2.2000000000000597,-50.0,180.0,41.22137235223881,90.0,102.92457482280366,131.2213723522388,90.0,117.92457482280366
3.860000000000003,3.1871199487435202,-50.0,195.41026485551555,32.46503634170331,90.0,116.29576329476765,122.46503634170331,90.0,116.29576329476765
3.860000000000003,3.1871199487435202,50.0,195.41026485551555,32.46503634170331,90.0,116.29576329476765,57.53496365829669,90.0,243.70423670523235
3.860000000000003,-2.2000000000000597,50.0,180.0,41.22137235223881,90.0,102.92457482280366,48.77862764776119,90.0,257.07542517719634
3.880000000000003,-2.60000000000006,-50.0,180.0,41.34638424535325,90.0,102.92885013787843,131.34638424535325,90.0,117.92885013787843
3.880000000000003,3.6448431371071126,-50.0,193.69094211857353,33.17055542092368,90.0,114.69468536855173,123.17055542092368,90.0,114.69468536855173
3.880000000000003,3.6448431371071126,50.0,193.69094211857353,33.17055542092368,90.0,114.69468536855173,56.82944457907632,90.0,245.30531463144825
3.880000000000003,-2.60000000000006,50.0,180.0,41.34638424535325,90.0,102.92885013787843,48.65361575464675,90.0,257.07114986212156
3.900000000000003,-3.0000000000000604,-50.0,180.0,41.47100636688359,90.0,102.93383809802842,131.47100636688359,90.0,117.93383809802842
3.900000000000003,4.045084971874793,-50.0,191.75570504584914,33.9758318846477,90.00000000000001,112.93237702942854,123.9758318846477,89.99999999999999,112.93237702942854
3.900000000000003,4.045084971874793,50.0,191.75570504584914,33.9758318846477,90.00000000000001,112.93237702942854,56.0241681153523,90.00000000000001,247.06762297057145
3.900000000000003,-3.0000000000000604,50.0,180.0,41.47100636688359,90.0,102.93383809802842,48.52899363311641,90.0,257.06616190197155
3.920000000000003,-3.4000000000000608,-50.0,180.0,41.59523744347976,90.0,102.93953874602853,131.59523744347976,90.0,117.93953874602853
3.920000000000003,4.381533400219371,-50.0,189.63507348203393,34.86358066094177,90.0,111.04590841492652,124.86358066094178,90.0,111.04590841492652
3.920000000000003,4.381533400219371,50.0,189.63507348203393,34.86358066094177,90.0,111.04590841492652,55.13641933905823,90.0,248.95409158507348
3.920000000000003,-3.4000000000000608,50.0,180.0,41.59523744347976,90.0,102.93953874602853,48.40476255652024,90.0,257.0604612539715
3.940000000000003,-3.800000000000061,-50.0,180.0,41.719076199804924,90.0,102.94595213080265,131.71907619980493,90.0,117.94595213080265
3.940000000000003,4.648882429441292,-50.0,187.36249105369322,35.8166820229464,90.0,109.07189641963926,125.8166820229464,90.0,109.07189641963926
3.940000000000003,4.648882429441292,50.0,187.36249105369322,35.8166820229464,90.0,109.07189641963926,54.1833179770536,90.0,250.92810358036076
3.940000000000003,-3.800000000000061,50.0,180.0,41.719076199804924,90.0,102.94595213080265,48.280923800195076,90.0,257.05404786919735
3.960000000000003,-4.2000000000000615,-50.0,180.0,41.84252135860093,90.0,102.95307830743904,131.84252135860095,90.0,117.95307830743904
3.960000000000003,4.842915805643176,-50.0,184.97379774329679,36.81854234570755,90.0,107.04572765397559,126.81854234570756,90.0,107.04572765397559
3.960000000000003,4.842915805643176,50.0,184.97379774329679,36.81854234570755,90.0,107.04572765397559,53.18145765429245,90.0,252.95427234602442
3.960000000000003,-4.2000000000000615,50.0,180.0,41.84252135860093,90.0,102.95307830743904,48.15747864139907,90.0,257.04692169256094
3.980000000000003,-4.600000000000062,-50.0,180.0,41.965571640752785,90.0,102.96091733720753,131.96557164075278,90.0,117.96091733720753
3.980000000000003,4.960573506572401,-50.0,182.5066646712857,37.85330526581373,90.0,105.00104961665826,127.85330526581373,90.0,105.00104961665826
3.980000000000003,4.960573506572401,50.0,182.5066646712857,37.85330526581373,90.0,105.00104961665826,52.14669473418627,90.0,254.99895038334174
3.980000000000003,-4.600000000000062,50.0,180.0,41.965571640752785,90.0,102.96091733720753,48.034428359247215,90.0,257.03908266279245
4.000000000000003,-5.0,-50.0,180.00000000000034,42.08822576535151,90.0,102.969469287579,132.08822576535152,90.0,117.969469287579
4.000000000000003,4.999999999999947,-50.0,180.0,38.9059452229625,90.0,102.96946928757873,128.9059452229625,90.0,102.96946928757873
4.000000000000003,4.999999999999947,50.0,180.0,38.9059452229625,90.0,102.96946928757873,51.0940547770375,90.0,257.0305307124213
4.000000000000003,-5.0,50.0,180.00000000000034,42.08822576535151,90.0,102.969469287579,47.91177423464849,90.0,257.030530712421
4.020000000000002,-4.960573506572381,-50.0,182.50666467128636,40.967163785236814,90.0,105.00104961665878,130.9671637852368,90.0,120.00104961665878
4.020000000000002,4.599999999999955,-50.0,180.0,39.03775794868479,90.0,102.96091733720753,129.0377579486848,90.0,102.96091733720753
4.020000000000002,4.599999999999955,50.0,180.0,39.03775794868479,90.0,102.96091733720753,50.96224205131521,90.0,257.03908266279245
4.020000000000002,-4.960573506572381,50.0,182.50666467128636,40.967163785236814,90.0,105.00104961665878,49.032836214763186,90.0,254.99895038334122
4.040000000000002,-4.842915805643141,-50.0,184.97379774329733,39.81805107430672,90.0,107.04572765397604,129.8180510743067,90.0,122.04572765397604
4.040000000000002,4.199999999999964,-50.0,180.0,39.1692034019427,90.0,102.95307830743904,129.1692034019427,90.0,102.95307830743904
4.040000000000002,4.199999999999964,50.0,180.0,39.1692034019427,90.0,102.95307830743904,50.8307965980573,90.0,257.04692169256094
4.040000000000002,-4.842915805643141,50.0,184.97379774329733,39.81805107430672,90.0,107.04572765397604,50.18194892569328,90.0,252.95427234602397
4.060000000000001,-4.648882429441241,-50.0,187.36249105369373,38.65937161163499,90.0,109.0718964196397,128.65937161163498,90.0,124.0718964196397
4.060000000000001,3.7999999999999723,-50.0,180.0,39.30028035762586,90.0,102.94595213080265,129.30028035762587,90.0,102.94595213080265
4.060000000000001,3.7999999999999723,50.0,180.0,39.30028035762586,90.0,102.94595213080265,50.69971964237414,90.0,257.05404786919735
4.060000000000001,-4.648882429441241,50.0,187.36249105369373,38.65937161163499,90.0,109.0718964196397,51.34062838836501,90.0,250.9281035803603
4.080000000000001,-4.381533400219303,-50.0,189.63507348203441,37.510756719668926,90.0,111.04590841492694,127.51075671966893,90.0,126.04590841492694
4.080000000000001,3.399999999999981,-50.0,180.0,39.43098758726948,90.0,102.93953874602853,129.43098758726947,90.0,102.93953874602853
4.080000000000001,3.399999999999981,50.0,180.0,39.43098758726948,90.0,102.93953874602853,50.56901241273052,90.0,257.0604612539715
4.080000000000001,-4.381533400219303,50.0,189.63507348203441,37.510756719668926,90.0,111.04590841492694,52.489243280331074,90.0,248.95409158507306
4.1000000000000005,-4.0450849718747275,-50.0,191.7557050458495,36.39278138001268,90.00000000000001,112.93237702942886,126.39278138001268,89.99999999999999,127.93237702942886
4.1000000000000005,2.9999999999999893,-50.0,180.0,39.56132385913919,90.0,102.93383809802842,129.56132385913918,90.0,102.93383809802842
4.1000000000000005,2.9999999999999893,50.0,180.0,39.56132385913919,90.0,102.93383809802842,50.43867614086081,90.0,257.06616190197155
4.1000000000000005,-4.0450849718747275,50.0,191.7557050458495,36.39278138001268,90.00000000000001,112.93237702942886,53.60721861998732,90.00000000000001,247.06762297057114
4.12,-3.6448431371070553,-50.0,193.6909421185738,35.326665371772954,90.0,114.69468536855193,125.32666537177295,90.0,129.69468536855192
4.12,2.599999999999998,-50.0,180.0,39.69128793831482,90.0,102.92885013787843,129.69128793831482,90.0,102.92885013787843
4.12,2.599999999999998,50.0,180.0,39.69128793831482,90.0,102.92885013787843,50.30871206168518,90.0,257.07114986212156
4.12,-3.6448431371070553,50.0,193.6909421185738,35.326665371772954,90.0,114.69468536855193,54.673334628227046,90.0,245.30531463144808
4.14,-3.1871199487434563,-50.0,195.41026485551575,34.33384638126864,90.00000000000001,116.29576329476787,124.33384638126864,89.99999999999999,131.29576329476788
4.14,2.2000000000000064,-50.0,180.0,39.820878586773176,90.0,102.92457482280366,129.82087858677318,90.0,102.92457482280366
4.14,2.2000000000000064,50.0,180.0,39.820878586773176,90.0,102.92457482280366,50.179121413226824,90.0,257.07542517719634
4.14,-3.1871199487434563,50.0,195.41026485551575,34.33384638126864,90.00000000000001,116.29576329476787,55.66615361873136,90.00000000000001,243.70423670523212
4.159999999999999,-2.679133974895003,-50.0,196.88655851004026,33.43539984768825,90.0,117.69917804440341,123.43539984768825,90.0,132.69917804440342
4.159999999999999,1.800000000000015,-50.0,180.0,39.95009456346981,90.0,102.92101211616486,129.9500945634698,90.0,102.92101211616486
4.159999999999999,1.800000000000015,50.0,180.0,39.95009456346981,90.0,102.92101211616486,50.04990543653019,90.0,257.0789878838351
4.159999999999999,-2.679133974895003,50.0,196.88655851004026,33.43539984768825,90.0,117.69917804440341,56.56460015231175,90.0,242.30082195559658
4.179999999999999,-2.1288964578253964,-50.0,198.09654104932034,32.6512999617739,90.0,118.87054562289715,122.6512999617739,90.0,133.87054562289717
4.179999999999999,1.4000000000000234,-50.0,180.0,40.078934624419915,90.0,102.91816198744674,130.0789346244199,90.0,102.91816198744674
4.179999999999999,1.4000000000000234,50.0,180.0,40.078934624419915,90.0,102.91816198744674,49.921065375580085,90.0,257.08183801255325
4.179999999999999,-2.1288964578253964,50.0,198.09654104932034,32.6512999617739,90.0,118.87054562289715,57.3487000382261,90.0,241.12945437710283
4.199999999999998,-1.545084971874785,-50.0,199.02113032590302,31.999549431718652,90.0,119.77920629987477,121.99954943171865,90.0,134.77920629987477
4.199999999999998,1.000000000000032,-50.0,180.0,40.2073975227779,90.0,102.91602441224872,130.2073975227779,90.0,102.91602441224872
4.199999999999998,1.000000000000032,50.0,180.0,40.2073975227779,90.0,102.91602441224872,49.7926024772221,90.0,257.0839755877513
4.199999999999998,-1.545084971874785,50.0,199.02113032590302,31.999549431718652,90.0,119.77920629987477,58.00045056828135,90.0,240.22079370012523
4.219999999999998,-0.9369065729286857,-50.0,199.64574501457372,31.49524865791168,90.00000000000001,120.40002497007912,121.49524865791167,89.99999999999999,135.40002497007913
4.219999999999998,0.6000000000000405,-50.0,180.0,40.33548200891639,90.0,102.91459937227695,130.3354820089164,90.0,102.91459937227695
4.219999999999998,0.6000000000000405,50.0,180.0,40.33548200891639,90.0,102.91459937227695,49.66451799108361,90.0,257.08540062772306
4.219999999999998,-0.9369065729286857,50.0,199.64574501457372,31.49524865791168,90.00000000000001,120.40002497007912,58.50475134208832,90.00000000000001,239.59997502992087
4.2399999999999975,-0.31395259764664407,-50.0,199.9605345685654,31.1497166913077,90.0,120.71509721059267,121.1497166913077,90.0,135.71509721059266
4.2399999999999975,0.20000000000004903,-50.0,180.0,40.46318683050367,90.0,102.91388685533876,130.46318683050367,90.0,102.91388685533876
4.2399999999999975,0.20000000000004903,50.0,180.0,40.46318683050367,90.0,102.91388685533876,49.53681316949633,90.0,257.0861131446612
4.2399999999999975,-0.31395259764664407,50.0,199.9605345685654,31.1497166913077,90.0,120.71509721059267,58.8502833086923,90.0,239.28490278940734
4.259999999999997,0.3139525976464762,-50.0,199.96053456856546,30.96979974849585,90.0,120.71509721059272,120.96979974849584,90.0,135.71509721059272
4.259999999999997,-0.19999999999994245,-50.0,180.0,40.59051073258054,90.0,102.91388685533876,130.59051073258053,90.0,102.91388685533876
4.259999999999997,-0.19999999999994245,50.0,180.0,40.59051073258054,90.0,102.91388685533876,49.40948926741946,90.0,257.0861131446612
4.259999999999997,0.3139525976464762,50.0,199.96053456856546,30.96979974849585,90.0,120.71509721059272,59.030200251504155,90.0,239.28490278940728
4.279999999999997,0.9369065729285206,-50.0,199.64574501457386,30.957492159658987,90.0,120.40002497007924,120.95749215965898,90.0,135.40002497007924
4.279999999999997,-0.5999999999999339,-50.0,180.0,40.71745245763576,90.0,102.91459937227695,130.71745245763577,90.0,102.91459937227695
4.279999999999997,-0.5999999999999339,50.0,180.0,40.71745245763576,90.0,102.91459937227695,49.28254754236424,90.0,257.08540062772306
4.279999999999997,0.9369065729285206,50.0,199.64574501457386,30.957492159658987,90.0,120.40002497007924,59.04250784034102,90.0,239.59997502992076
4.299999999999996,1.545084971874625,-50.0,199.02113032590321,31.10994470209691,90.0,119.77920629987499,121.10994470209691,90.0,134.779206299875
4.299999999999996,-0.9999999999999254,-50.0,180.0,40.84401074568063,90.0,102.91602441224872,130.84401074568063,90.0,102.91602441224872
4.299999999999996,-0.9999999999999254,50.0,180.0,40.84401074568063,90.0,102.91602441224872,49.15598925431937,90.0,257.0839755877513
4.299999999999996,1.545084971874625,50.0,199.02113032590321,31.10994470209691,90.0,119.77920629987499,58.89005529790309,90.0,240.220793700125
4.319999999999996,2.128896457825245,-50.0,198.09654104932062,31.419859110605763,90.00000000000001,118.87054562289744,121.41985911060576,89.99999999999999,133.87054562289745
4.319999999999996,-1.3999999999999169,-50.0,180.0,40.97018433432245,90.0,102.91816198744674,130.97018433432245,90.0,102.91816198744674
4.319999999999996,-1.3999999999999169,50.0,180.0,40.97018433432245,90.0,102.91816198744674,49.02981566567755,90.0,257.08183801255325
4.319999999999996,2.128896457825245,50.0,198.09654104932062,31.419859110605763,90.00000000000001,118.87054562289744,58.58014088939424,90.00000000000001,241.12945437710255
4.339999999999995,2.6791339748948606,-50.0,196.8865585100406,31.8761913643086,90.0,117.69917804440371,121.8761913643086,90.0,132.6991780444037
4.339999999999995,-1.7999999999999083,-50.0,180.0,41.09597195883677,90.0,102.92101211616483,131.09597195883677,90.0,102.92101211616483
4.339999999999995,-1.7999999999999083,50.0,180.0,41.09597195883677,90.0,102.92101211616483,48.90402804116323,90.0,257.07898788383517
4.339999999999995,2.6791339748948606,50.0,196.8865585100406,31.8761913643086,90.0,117.69917804440371,58.123808635691404,90.0,242.3008219555963
4.359999999999995,3.187119948743327,-50.0,195.41026485551617,32.465036341703055,90.0,116.29576329476826,122.46503634170305,90.0,131.29576329476828
4.359999999999995,-2.1999999999999,-50.0,180.0,41.22137235223876,90.0,102.92457482280366,131.22137235223875,90.0,102.92457482280366
4.359999999999995,-2.1999999999999,50.0,180.0,41.22137235223876,90.0,102.92457482280366,48.77862764776124,90.0,257.07542517719634
4.359999999999995,3.187119948743327,50.0,195.41026485551617,32.465036341703055,90.0,116.29576329476826,57.534963658296945,90.0,243.70423670523172
4.379999999999995,3.6448431371069394,-50.0,193.69094211857427,33.170555420923385,90.0,114.69468536855238,123.17055542092339,90.0,129.69468536855237
4.379999999999995,-2.5999999999998913,-50.0,180.0,41.3463842453532,90.0,102.92885013787843,131.3463842453532,90.0,102.92885013787843
4.379999999999995,-2.5999999999998913,50.0,180.0,41.3463842453532,90.0,102.92885013787843,48.6536157546468,90.0,257.07114986212156
4.379999999999995,3.6448431371069394,50.0,193.69094211857427,33.170555420923385,90.0,114.69468536855238,56.829444579076615,90.0,245.30531463144763
4.399999999999994,4.045084971874628,-50.0,191.75570504585005,33.97583188464731,90.0,112.93237702942936,123.9758318846473,90.0,127.93237702942936
4.399999999999994,-2.9999999999998828,-50.0,180.0,41.471006366883536,90.0,102.93383809802842,131.47100636688353,90.0,102.93383809802842
4.399999999999994,-2.9999999999998828,50.0,180.0,41.471006366883536,90.0,102.93383809802842,48.528993633116464,90.0,257.06616190197155
4.399999999999994,4.045084971874628,50.0,191.75570504585005,33.97583188464731,90.0,112.93237702942936,56.02416811535269,90.0,247.06762297057065
4.419999999999994,4.381533400219223,-50.0,189.635073482035,34.86358066094132,90.0,111.04590841492745,124.86358066094132,90.0,126.04590841492745
4.419999999999994,-3.3999999999998742,-50.0,180.0,41.595237443479704,90.0,102.93953874602853,131.5952374434797,90.0,102.93953874602853
4.419999999999994,-3.3999999999998742,50.0,180.0,41.595237443479704,90.0,102.93953874602853,48.404762556520296,90.0,257.0604612539715
4.419999999999994,4.381533400219223,50.0,189.635073482035,34.86358066094132,90.0,111.04590841492745,55.13641933905868,90.0,248.95409158507255
4.439999999999993,4.648882429441179,-50.0,187.36249105369436,35.81668202294593,90.0,109.07189641964021,125.81668202294594,90.0,124.07189641964021
4.439999999999993,-3.7999999999998657,-50.0,180.0,41.71907619980486,90.0,102.94595213080265,131.71907619980487,90.0,102.94595213080265
4.439999999999993,-3.7999999999998657,50.0,180.0,41.71907619980486,90.0,102.94595213080265,48.28092380019514,90.0,257.05404786919735
4.439999999999993,4.648882429441179,50.0,187.36249105369436,35.81668202294593,90.0,109.07189641964021,54.18331797705407,90.0,250.9281035803598
4.459999999999993,4.8429158056431,-50.0,184.97379774329795,36.81854234570706,90.0,107.04572765397658,126.81854234570706,90.0,122.04572765397658
4.459999999999993,-4.199999999999857,-50.0,180.0,41.84252135860088,90.0,102.95307830743904,131.8425213586009,90.0,102.95307830743904
4.459999999999993,-4.199999999999857,50.0,180.0,41.84252135860088,90.0,102.95307830743904,48.15747864139912,90.0,257.04692169256094
4.459999999999993,4.8429158056431,50.0,184.97379774329795,36.81854234570706,90.0,107.04572765397658,53.18145765429294,90.0,252.9542723460234
4.479999999999992,4.960573506572359,-50.0,182.50666467128704,37.85330526581318,90.0,105.00104961665933,127.85330526581318,90.0,120.00104961665933
4.479999999999992,-4.599999999999849,-50.0,180.0,41.96557164075272,90.0,102.96091733720753,131.96557164075273,90.0,102.96091733720753
4.479999999999992,-4.599999999999849,50.0,180.0,41.96557164075272,90.0,102.96091733720753,48.03442835924728,90.0,257.03908266279245
4.479999999999992,4.960573506572359,50.0,182.50666467128704,37.85330526581318,90.0,105.00104961665933,52.14669473418682,90.0,254.99895038334068
4.499999999999992,5.0,-50.0,180.000000000001,38.90594522296207,90.0,102.96946928757954,128.90594522296206,90.0,117.96946928757954
4.499999999999992,-4.99999999999984,-50.0,180.0,42.08822576535161,90.0,102.96946928757873,132.0882257653516,90.0,102.96946928757873
4.499999999999992,-4.99999999999984,50.0,180.0,42.08822576535161,90.0,102.96946928757873,47.91177423464839,90.0,257.0305307124213
4.499999999999992,5.0,50.0,180.000000000001,38.90594522296207,90.0,102.96946928757954,51.09405477703793,90.0,257.03053071242044
4.519999999999992,4.600000000000168,-50.0,180.0,39.03775794868472,90.0,102.96091733720753,129.0377579486847,90.0,117.96091733720753
4.519999999999992,-4.960573506572422,-50.0,182.50666467128502,40.96716378523742,90.0,105.0010496166577,130.9671637852374,90.0,105.0010496166577
4.519999999999992,-4.960573506572422,50.0,182.50666467128502,40.96716378523742,90.0,105.0010496166577,49.03283621476258,90.0,254.9989503833423
4.519999999999992,4.600000000000168,50.0,180.0,39.03775794868472,90.0,102.96091733720753,50.96224205131528,90.0,257.03908266279245
4.539999999999991,4.200000000000177,-50.0,180.0,39.16920340194263,90.0,102.95307830743904,129.16920340194264,90.0,117.95307830743904
4.539999999999991,-4.842915805643225,-50.0,184.97379774329602,39.81805107430734,90.0,107.04572765397495,129.81805107430733,90.0,107.04572765397495
4.539999999999991,-4.842915805643225,50.0,184.97379774329602,39.81805107430734,90.0,107.04572765397495,50.18194892569266,90.0,252.95427234602505
4.539999999999991,4.200000000000177,50.0,180.0,39.16920340194263,90.0,102.95307830743904,50.83079659805737,90.0,257.04692169256094
4.559999999999991,3.8000000000001855,-50.0,180.0,39.30028035762579,90.0,102.94595213080265,129.30028035762578,90.0,117.94595213080265
4.559999999999991,-4.648882429441365,-50.0,187.36249105369248,38.6593716116356,90.0,109.07189641963862,128.6593716116356,90.0,109.07189641963862
4.559999999999991,-4.648882429441365,50.0,187.36249105369248,38.6593716116356,90.0,109.07189641963862,51.3406283883644,90.0,250.92810358036138
4.559999999999991,3.8000000000001855,50.0,180.0,39.30028035762579,90.0,102.94595213080265,50.69971964237421,90.0,257.05404786919735
4.57999999999999,3.400000000000194,-50.0,180.0,39.430987587269406,90.0,102.93953874602853,129.4309875872694,90.0,117.93953874602853
4.57999999999999,-4.381533400219465,-50.0,189.63507348203325,37.51075671966954,90.0,111.0459084149259,127.51075671966953,90.0,111.0459084149259
4.57999999999999,-4.381533400219465,50.0,189.63507348203325,37.51075671966954,90.0,111.0459084149259,52.48924328033046,90.0,248.95409158507408
4.57999999999999,3.400000000000194,50.0,180.0,39.430987587269406,90.0,102.93953874602853,50.569012412730594,90.0,257.0604612539715
4.59999999999999,3.0000000000002025,-50.0,180.0,39.56132385913912,90.0,102.93383809802842,129.56132385913912,90.0,117.93383809802842
4.59999999999999,-4.045084971874925,-50.0,191.75570504584843,36.39278138001324,90.0,112.93237702942793,126.39278138001325,90.0,112.93237702942793
4.59999999999999,-4.045084971874925,50.0,191.75570504584843,36.39278138001324,90.0,112.93237702942793,53.60721861998676,90.0,247.06762297057207
4.59999999999999,3.0000000000002025,50.0,180.0,39.56132385913912,90.0,102.93383809802842,50.43867614086088,90.0,257.06616190197155
4.6199999999999894,2.600000000000211,-50.0,180.0,39.69128793831475,90.0,102.92885013787843,129.69128793831476,90.0,117.92885013787843
4.6199999999999894,-3.644843137107285,-50.0,193.69094211857282,35.32666537177349,90.0,114.69468536855106,125.32666537177349,90.0,114.69468536855106
4.6199999999999894,-3.644843137107285,50.0,193.69094211857282,35.32666537177349,90.0,114.69468536855106,54.67333462822651,90.0,245.30531463144894
4.6199999999999894,2.600000000000211,50.0,180.0,39.69128793831475,90.0,102.92885013787843,50.30871206168525,90.0,257.07114986212156
4.639999999999989,2.2000000000002196,-50.0,180.0,39.820878586773105,90.0,102.92457482280366,129.82087858677312,90.0,117.92457482280366
4.639999999999989,-3.187119948743714,-50.0,195.4102648555149,34.33384638126915,90.0,116.29576329476704,124.33384638126915,90.0,116.29576329476704
4.639999999999989,-3.187119948743714,50.0,195.4102648555149,34.33384638126915,90.0,116.29576329476704,55.66615361873085,90.0,243.70423670523297
4.639999999999989,2.2000000000002196,50.0,180.0,39.820878586773105,90.0,102.92457482280366,50.179121413226895,90.0,257.07542517719634
4.659999999999989,1.800000000000228,-50.0,180.0,39.95009456346975,90.0,102.92101211616486,129.95009456346975,90.0,117.92101211616486
4.659999999999989,-2.6791339748952856,-50.0,196.88655851003955,33.435399847688714,90.0,117.6991780444027,123.43539984768871,90.0,117.6991780444027
4.659999999999989,-2.6791339748952856,50.0,196.88655851003955,33.435399847688714,90.0,117.6991780444027,56.564600152311286,90.0,242.3008219555973
4.659999999999989,1.800000000000228,50.0,180.0,39.95009456346975,90.0,102.92101211616486,50.04990543653025,90.0,257.0789878838351
4.679999999999988,1.4000000000002366,-50.0,180.0,40.078934624419844,90.0,102.91816198744674,130.07893462441984,90.0,117.91816198744674
4.679999999999988,-2.1288964578256997,-50.0,198.09654104931977,32.651299961774264,90.0,118.87054562289663,122.65129996177427,90.0,118.87054562289663
4.679999999999988,-2.1288964578256997,50.0,198.09654104931977,32.651299961774264,90.0,118.87054562289663,57.348700038225736,90.0,241.12945437710337
4.679999999999988,1.4000000000002366,50.0,180.0,40.078934624419844,90.0,102.91816198744674,49.921065375580156,90.0,257.08183801255325
4.699999999999988,1.0000000000002451,-50.0,180.0,40.20739752277784,90.0,102.91602441224872,130.20739752277785,90.0,117.91602441224872
4.699999999999988,-1.5450849718751036,-50.0,199.0211303259026,31.999549431718975,90.00000000000001,119.77920629987435,121.99954943171898,89.99999999999999,119.77920629987435
4.699999999999988,-1.5450849718751036,50.0,199.0211303259026,31.999549431718975,90.00000000000001,119.77920629987435,58.000450568281025,90.00000000000001,240.22079370012565
4.699999999999988,1.0000000000002451,50.0,180.0,40.20739752277784,90.0,102.91602441224872,49.79260247722216,90.0,257.0839755877513
4.719999999999987,0.6000000000002537,-50.0,180.0,40.335482008916316,90.0,102.91459937227695,130.3354820089163,90.0,117.91459937227695
4.719999999999987,-0.9369065729290151,-50.0,199.64574501457346,31.495248657911922,90.0,120.40002497007883,121.49524865791193,90.0,120.40002497007883
4.719999999999987,-0.9369065729290151,50.0,199.64574501457346,31.495248657911922,90.0,120.40002497007883,58.50475134208808,90.0,239.59997502992115
4.719999999999987,0.6000000000002537,50.0,180.0,40.335482008916316,90.0,102.91459937227695,49.664517991083684,90.0,257.08540062772306
4.739999999999987,0.2000000000002622,-50.0,180.0,40.46318683050361,90.0,102.91388685533876,130.46318683050362,90.0,117.91388685533876
4.739999999999987,-0.3139525976469787,-50.0,199.96053456856532,31.14971669130784,90.0,120.71509721059259,121.14971669130784,90.0,120.71509721059259
4.739999999999987,-0.3139525976469787,50.0,199.96053456856532,31.14971669130784,90.0,120.71509721059259,58.850283308692156,90.0,239.2849027894074
4.739999999999987,0.2000000000002622,50.0,180.0,40.46318683050361,90.0,102.91388685533876,49.53681316949639,90.0,257.0861131446612
4.7599999999999865,-0.19999999999972928,-50.0,180.0,40.590510732580476,90.0,102.91388685533876,130.59051073258047,90.0,117.91388685533876
4.7599999999999865,0.31395259764614264,-50.0,199.96053456856555,30.96979974849591,90.0,120.71509721059279,120.96979974849592,90.0,120.71509721059279
4.7599999999999865,0.31395259764614264,50.0,199.96053456856555,30.96979974849591,90.0,120.71509721059279,59.03020025150409,90.0,239.28490278940723
4.7599999999999865,-0.19999999999972928,50.0,180.0,40.590510732580476,90.0,102.91388685533876,49.409489267419524,90.0,257.0861131446612
4.779999999999986,-0.5999999999997208,-50.0,180.0,40.71745245763569,90.0,102.91459937227695,130.7174524576357,90.0,117.91459937227695
4.779999999999986,0.9369065729281922,-50.0,199.64574501457412,30.957492159658944,90.0,120.4000249700795,120.95749215965894,90.0,120.4000249700795
4.779999999999986,0.9369065729281922,50.0,199.64574501457412,30.957492159658944,90.0,120.4000249700795,59.04250784034106,90.0,239.5999750299205
4.779999999999986,-0.5999999999997208,50.0,180.0,40.71745245763569,90.0,102.91459937227695,49.28254754236431,90.0,257.08540062772306
4.799999999999986,-0.9999999999997122,-50.0,180.0,40.844010745680556,90.0,102.91602441224872,130.84401074568055,90.0,117.91602441224872
4.799999999999986,1.545084971874307,-50.0,199.02113032590364,31.10994470209679,90.0,119.77920629987538,121.10994470209678,90.0,119.77920629987538
4.799999999999986,1.545084971874307,50.0,199.02113032590364,31.10994470209679,90.0,119.77920629987538,58.89005529790321,90.0,240.2207937001246
4.799999999999986,-0.9999999999997122,50.0,180.0,40.844010745680556,90.0,102.91602441224872,49.155989254319444,90.0,257.0839755877513
4.819999999999985,-1.3999999999997037,-50.0,180.0,40.970184334322376,90.0,102.91816198744674,130.97018433432237,90.0,117.91816198744674
4.819999999999985,2.1288964578249416,-50.0,198.0965410493212,31.419859110605557,90.0,118.87054562289799,121.41985911060556,90.0,118.87054562289799
4.819999999999985,2.1288964578249416,50.0,198.0965410493212,31.419859110605557,90.0,118.87054562289799,58.58014088939444,90.0,241.129454377102
4.819999999999985,-1.3999999999997037,50.0,180.0,40.970184334322376,90.0,102.91816198744674,49.029815665677624,90.0,257.08183801255325
4.839999999999985,-1.7999999999996952,-50.0,180.0,41.09597195883671,90.0,102.92101211616483,131.0959719588367,90.0,117.92101211616483
4.839999999999985,2.679133974894579,-50.0,196.8865585100413,31.87619136430831,90.00000000000001,117.69917804440442,121.87619136430831,89.99999999999999,117.69917804440442
4.839999999999985,2.679133974894579,50.0,196.8865585100413,31.87619136430831,90.00000000000001,117.69917804440442,58.12380863569169,90.00000000000001,242.30082195559558
4.839999999999985,-1.7999999999996952,50.0,180.0,41.09597195883671,90.0,102.92101211616483,48.90402804116329,90.0,257.07898788383517
4.859999999999984,-2.1999999999996867,-50.0,180.0,41.22137235223869,90.0,102.92457482280366,131.2213723522387,90.0,117.92457482280366
4.859999999999984,3.1871199487430686,-50.0,195.41026485551703,32.465036341702714,90.00000000000001,116.29576329476906,122.46503634170271,89.99999999999999,116.29576329476906
4.859999999999984,3.1871199487430686,50.0,195.41026485551703,32.465036341702714,90.00000000000001,116.29576329476906,57.534963658297286,90.00000000000001,243.70423670523093
4.859999999999984,-2.1999999999996867,50.0,180.0,41.22137235223869,90.0,102.92457482280366,48.77862764776131,90.0,257.07542517719634
4.879999999999984,-2.599999999999678,-50.0,180.0,41.34638424535313,90.0,102.92885013787843,131.34638424535314,90.0,117.92885013787843
4.879999999999984,3.6448431371067116,-50.0,193.69094211857524,33.17055542092297,90.0,114.69468536855328,123.17055542092297,90.0,114.69468536855328
4.879999999999984,3.6448431371067116,50.0,193.69094211857524,33.17055542092297,90.0,114.69468536855328,56.82944457907703,90.0,245.30531463144672
4.879999999999984,-2.599999999999678,50.0,180.0,41.34638424535313,90.0,102.92885013787843,48.65361575464687,90.0,257.07114986212156
4.8999999999999835,-2.9999999999996696,-50.0,180.0,41.471006366883465,90.0,102.93383809802842,131.47100636688347,90.0,117.93383809802842
4.8999999999999835,4.045084971874432,-50.0,191.75570504585116,33.97583188464685,90.0,112.93237702943036,123.97583188464685,90.0,112.93237702943036
4.8999999999999835,4.045084971874432,50.0,191.75570504585116,33.97583188464685,90.0,112.93237702943036,56.02416811535315,90.0,247.06762297056963
4.8999999999999835,-2.9999999999996696,50.0,180.0,41.471006366883465,90.0,102.93383809802842,48.528993633116535,90.0,257.06616190197155
4.919999999999983,-3.399999999999661,-50.0,180.0,41.59523744347963,90.0,102.93953874602853,131.59523744347962,90.0,117.93953874602853
4.919999999999983,4.381533400219062,-50.0,189.63507348203618,34.863580660940826,90.0,111.04590841492849,124.86358066094083,90.0,111.04590841492849
4.919999999999983,4.381533400219062,50.0,189.63507348203618,34.863580660940826,90.0,111.04590841492849,55.136419339059174,90.0,248.95409158507152
4.919999999999983,-3.399999999999661,50.0,180.0,41.59523744347963,90.0,102.93953874602853,48.40476255652037,90.0,257.0604612539715
4.939999999999983,-3.7999999999996525,-50.0,180.0,41.71907619980479,90.0,102.94595213080265,131.7190761998048,90.0,117.94595213080265
4.939999999999983,4.648882429441056,-50.0,187.3624910536956,35.81668202294539,90.0,109.0718964196413,125.8166820229454,90.0,109.0718964196413
4.939999999999983,4.648882429441056,50.0,187.3624910536956,35.81668202294539,90.0,109.0718964196413,54.18331797705461,90.0,250.9281035803587
4.939999999999983,-3.7999999999996525,50.0,180.0,41.71907619980479,90.0,102.94595213080265,48.28092380019521,90.0,257.05404786919735
4.959999999999982,-4.199999999999644,-50.0,180.0,41.84252135860081,90.0,102.95307830743903,131.8425213586008,90.0,117.95307830743903
4.959999999999982,4.842915805643017,-50.0,184.97379774329926,36.81854234570651,90.0,107.04572765397768,126.8185423457065,90.0,107.04572765397768
4.959999999999982,4.842915805643017,50.0,184.97379774329926,36.81854234570651,90.0,107.04572765397768,53.18145765429349,90.0,252.95427234602232
4.959999999999982,-4.199999999999644,50.0,180.0,41.84252135860081,90.0,102.95307830743903,48.15747864139919,90.0,257.046921692561
4.979999999999982,-4.5999999999996355,-50.0,180.0,41.965571640752664,90.0,102.9609173372075,131.96557164075267,90.0,117.9609173372075
4.979999999999982,4.9605735065723175,-50.0,182.50666467128835,37.85330526581266,90.0,105.00104961666038,127.85330526581265,90.0,105.00104961666038
4.979999999999982,4.9605735065723175,50.0,182.50666467128835,37.85330526581266,90.0,105.00104961666038,52.14669473418734,90.0,254.9989503833396
4.979999999999982,-4.5999999999996355,50.0,180.0,41.965571640752664,90.0,102.9609173372075,48.034428359247336,90.0,257.0390826627925
4.999999999999981,-4.999999999999627,-50.0,180.0,42.08822576535154,90.0,102.96946928757873,132.08822576535152,90.0,117.96946928757873
4.999999999999981,5.0,-50.0,180.00000000000236,38.905945222961506,90.0,102.96946928758061,128.90594522296152,90.0,102.96946928758061
4.999999999999981,5.0,50.0,180.00000000000236,38.905945222961506,90.0,102.96946928758061,51.094054777038494,90.0,257.03053071241936
4.999999999999981,-4.999999999999627,50.0,180.0,42.08822576535154,90.0,102.96946928757873,47.91177423464846,90.0,257.0305307124213
5.019999999999981,-4.960573506572464,-50.0,182.50666467128372,40.96716378523802,90.0,105.0010496166566,130.96716378523803,90.0,120.0010496166566
5.019999999999981,4.600000000000382,-50.0,180.0,39.03775794868465,90.0,102.96091733720753,129.03775794868466,90.0,102.96091733720753
5.019999999999981,4.600000000000382,50.0,180.0,39.03775794868465,90.0,102.96091733720753,50.96224205131535,90.0,257.03908266279245
5.019999999999981,-4.960573506572464,50.0,182.50666467128372,40.96716378523802,90.0,105.0010496166566,49.03283621476198,90.0,254.9989503833434
5.0399999999999805,-4.842915805643308,-50.0,184.9737977432947,39.81805107430795,90.0,107.04572765397386,129.81805107430796,90.0,122.04572765397386
5.0399999999999805,4.20000000000039,-50.0,180.0,39.16920340194257,90.0,102.95307830743904,129.16920340194258,90.0,102.95307830743904
5.0399999999999805,4.20000000000039,50.0,180.0,39.16920340194257,90.0,102.95307830743904,50.83079659805743,90.0,257.04692169256094
5.0399999999999805,-4.842915805643308,50.0,184.9737977432947,39.81805107430795,90.0,107.04572765397386,50.18194892569205,90.0,252.95427234602613
5.05999999999998,-4.648882429441487,-50.0,187.36249105369123,38.659371611636224,90.0,109.07189641963755,128.65937161163623,90.0,124.07189641963755
5.05999999999998,3.8000000000003986,-50.0,180.0,39.300280357625724,90.0,102.94595213080265,129.30028035762572,90.0,102.94595213080265
5.05999999999998,3.8000000000003986,50.0,180.0,39.300280357625724,90.0,102.94595213080265,50.699719642374276,90.0,257.05404786919735
5.05999999999998,-4.648882429441487,50.0,187.36249105369123,38.659371611636224,90.0,109.07189641963755,51.340628388363776,90.0,250.92810358036246
5.07999999999998,-4.381533400219626,-50.0,189.63507348203206,37.51075671967015,90.0,111.04590841492485,127.51075671967016,90.0,126.04590841492485
5.07999999999998,3.400000000000407,-50.0,180.0,39.43098758726934,90.0,102.93953874602853,129.43098758726933,90.0,102.93953874602853
5.07999999999998,3.400000000000407,50.0,180.0,39.43098758726934,90.0,102.93953874602853,50.56901241273066,90.0,257.0604612539715
5.07999999999998,-4.381533400219626,50.0,189.63507348203206,37.51075671967015,90.0,111.04590841492485,52.48924328032985,90.0,248.95409158507516
5.099999999999979,-4.045084971875121,-50.0,191.75570504584735,36.392781380013844,90.0,112.9323770294269,126.39278138001384,90.0,127.9323770294269
5.099999999999979,3.0000000000004157,-50.0,180.0,39.56132385913906,90.0,102.93383809802842,129.56132385913907,90.0,102.93383809802842
5.099999999999979,3.0000000000004157,50.0,180.0,39.56132385913906,90.0,102.93383809802842,50.43867614086094,90.0,257.06616190197155
5.099999999999979,-4.045084971875121,50.0,191.75570504584735,36.392781380013844,90.0,112.9323770294269,53.607218619986156,90.0,247.0676229705731
5.119999999999979,-3.644843137107514,-50.0,193.69094211857183,35.326665371774055,90.0,114.69468536855013,125.32666537177406,90.0,129.69468536855013
5.119999999999979,2.600000000000424,-50.0,180.0,39.691287938314694,90.0,102.92885013787843,129.6912879383147,90.0,102.92885013787843
5.119999999999979,2.600000000000424,50.0,180.0,39.691287938314694,90.0,102.92885013787843,50.308712061685306,90.0,257.07114986212156
5.119999999999979,-3.644843137107514,50.0,193.69094211857183,35.326665371774055,90.0,114.69468536855013,54.673334628225945,90.0,245.30531463144987
5.139999999999978,-3.1871199487439728,-50.0,195.41026485551404,34.33384638126964,90.0,116.29576329476629,124.33384638126964,90.0,131.2957632947663
5.139999999999978,2.2000000000004327,-50.0,180.0,39.82087858677304,90.0,102.92457482280366,129.82087858677303,90.0,102.92457482280366
5.139999999999978,2.2000000000004327,50.0,180.0,39.82087858677304,90.0,102.92457482280366,50.17912141322696,90.0,257.07542517719634
5.139999999999978,-3.1871199487439728,50.0,195.41026485551404,34.33384638126964,90.0,116.29576329476629,55.66615361873036,90.0,243.7042367052337
5.159999999999978,-2.679133974895569,-50.0,196.8865585100388,33.43539984768917,90.0,117.69917804440198,123.43539984768917,90.0,132.69917804440198
5.159999999999978,1.8000000000004412,-50.0,180.0,39.950094563469676,90.0,102.92101211616486,129.9500945634697,90.0,102.92101211616486
5.159999999999978,1.8000000000004412,50.0,180.0,39.950094563469676,90.0,102.92101211616486,50.049905436530324,90.0,257.0789878838351
5.159999999999978,-2.679133974895569,50.0,196.8865585100388,33.43539984768917,90.0,117.69917804440198,56.56460015231083,90.0,242.30082195559802
5.1799999999999775,-2.128896457826003,-50.0,198.09654104931917,32.65129996177466,90.0,118.87054562289605,122.65129996177467,90.0,133.87054562289603
5.1799999999999775,1.4000000000004498,-50.0,180.0,40.07893462441976,90.0,102.91816198744677,130.07893462441976,90.0,102.91816198744677
5.1799999999999775,1.4000000000004498,50.0,180.0,40.07893462441976,90.0,102.91816198744677,49.92106537558024,90.0,257.08183801255325
5.1799999999999775,-2.128896457826003,50.0,198.09654104931917,32.65129996177466,90.0,118.87054562289605,57.34870003822534,90.0,241.12945437710397
5.199999999999977,-1.5450849718754214,-50.0,199.0211303259022,31.99954943171926,90.00000000000001,119.77920629987396,121.99954943171926,89.99999999999999,134.77920629987398
5.199999999999977,1.0000000000004583,-50.0,180.0,40.207397522777775,90.0,102.91602441224872,130.20739752277777,90.0,102.91602441224872
5.199999999999977,1.0000000000004583,50.0,180.0,40.207397522777775,90.0,102.91602441224872,49.792602477222225,90.0,257.0839755877513
5.199999999999977,-1.5450849718754214,50.0,199.0211303259022,31.99954943171926,90.00000000000001,119.77920629987396,58.00045056828074,90.00000000000001,240.22079370012602
5.219999999999977,-0.9369065729293434,-50.0,199.6457450145732,31.495248657912146,90.0,120.4000249700786,121.49524865791214,90.0,135.40002497007862
5.219999999999977,0.6000000000004668,-50.0,180.0,40.33548200891625,90.0,102.91459937227695,130.33548200891624,90.0,102.91459937227695
5.219999999999977,0.6000000000004668,50.0,180.0,40.33548200891625,90.0,102.91459937227695,49.66451799108375,90.0,257.08540062772306
5.219999999999977,-0.9369065729293434,50.0,199.6457450145732,31.495248657912146,90.0,120.4000249700786,58.50475134208786,90.0,239.59997502992138
5.239999999999976,-0.31395259764731226,-50.0,199.96053456856524,31.149716691307997,90.00000000000001,120.71509721059246,121.149716691308,89.99999999999999,135.71509721059246
5.239999999999976,0.20000000000047535,-50.0,180.0,40.463186830503545,90.0,102.91388685533876,130.46318683050356,90.0,102.91388685533876
5.239999999999976,0.20000000000047535,50.0,180.0,40.463186830503545,90.0,102.91388685533876,49.536813169496455,90.0,257.0861131446612
5.239999999999976,-0.31395259764731226,50.0,199.96053456856524,31.149716691307997,90.00000000000001,120.71509721059246,58.850283308692,90.00000000000001,239.28490278940754
5.259999999999976,0.313952597645808,-50.0,199.9605345685656,30.96979974849597,90.0,120.71509721059287,120.96979974849597,90.0,135.7150972105929
5.259999999999976,-0.19999999999951612,-50.0,180.0,40.590510732580405,90.0,102.91388685533876,130.5905107325804,90.0,102.91388685533876
5.259999999999976,-0.19999999999951612,50.0,180.0,40.590510732580405,90.0,102.91388685533876,49.409489267419595,90.0,257.0861131446612
5.259999999999976,0.313952597645808,50.0,199.9605345685656,30.96979974849597,90.0,120.71509721059287,59.03020025150403,90.0,239.2849027894071
5.279999999999975,0.936906572927863,-50.0,199.64574501457435,30.957492159658912,90.0,120.40002497007974,120.95749215965891,90.0,135.40002497007976
5.279999999999975,-0.5999999999995076,-50.0,180.0,40.717452457635616,90.0,102.91459937227695,130.7174524576356,90.0,102.91459937227695
5.279999999999975,-0.5999999999995076,50.0,180.0,40.717452457635616,90.0,102.91459937227695,49.282547542364384,90.0,257.08540062772306
5.279999999999975,0.936906572927863,50.0,199.64574501457435,30.957492159658912,90.0,120.40002497007974,59.04250784034109,90.0,239.59997502992024
5.299999999999975,1.545084971873988,-50.0,199.02113032590404,31.109944702096676,90.0,119.77920629987577,121.10994470209667,90.0,134.77920629987577
5.299999999999975,-0.9999999999994991,-50.0,180.0,40.844010745680485,90.0,102.91602441224872,130.8440107456805,90.0,102.91602441224872
5.299999999999975,-0.9999999999994991,50.0,180.0,40.844010745680485,90.0,102.91602441224872,49.155989254319515,90.0,257.0839755877513
5.299999999999975,1.545084971873988,50.0,199.02113032590404,31.109944702096676,90.0,119.77920629987577,58.890055297903324,90.0,240.22079370012423
5.3199999999999745,2.1288964578246383,-50.0,198.09654104932176,31.419859110605337,90.0,118.87054562289859,121.41985911060533,90.0,133.8705456228986
5.3199999999999745,-1.3999999999994905,-50.0,180.0,40.970184334322305,90.0,102.91816198744674,130.9701843343223,90.0,102.91816198744674
5.3199999999999745,-1.3999999999994905,50.0,180.0,40.970184334322305,90.0,102.91816198744674,49.029815665677695,90.0,257.08183801255325
5.3199999999999745,2.1288964578246383,50.0,198.09654104932176,31.419859110605337,90.0,118.87054562289859,58.58014088939466,90.0,241.1294543771014
5.339999999999974,2.679133974894296,-50.0,196.88655851004205,31.876191364308013,90.00000000000001,117.69917804440513,121.87619136430801,89.99999999999999,132.69917804440513
5.339999999999974,-1.799999999999482,-50.0,180.0,41.09597195883664,90.0,102.92101211616483,131.09597195883663,90.0,102.92101211616483
5.339999999999974,-1.799999999999482,50.0,180.0,41.09597195883664,90.0,102.92101211616483,48.90402804116336,90.0,257.07898788383517
5.339999999999974,2.679133974894296,50.0,196.88655851004205,31.876191364308013,90.00000000000001,117.69917804440513,58.12380863569199,90.00000000000001,242.30082195559487
5.359999999999974,3.1871199487428106,-50.0,195.4102648555179,32.465036341702344,90.0,116.2957632947699,122.46503634170234,90.0,131.2957632947699
5.359999999999974,-2.1999999999994735,-50.0,180.0,41.22137235223862,90.0,102.92457482280366,131.22137235223863,90.0,102.92457482280366
5.359999999999974,-2.1999999999994735,50.0,180.0,41.22137235223862,90.0,102.92457482280366,48.77862764776138,90.0,257.07542517719634
5.359999999999974,3.1871199487428106,50.0,195.4102648555179,32.465036341702344,90.0,116.2957632947699,57.534963658297656,90.0,243.7042367052301
5.379999999999973,3.644843137106482,-50.0,193.69094211857623,33.17055542092256,90.0,114.69468536855419,123.17055542092257,90.0,129.6946853685542
5.379999999999973,-2.599999999999465,-50.0,180.0,41.34638424535306,90.0,102.92885013787843,131.34638424535305,90.0,102.92885013787843
5.379999999999973,-2.599999999999465,50.0,180.0,41.34638424535306,90.0,102.92885013787843,48.65361575464694,90.0,257.07114986212156
5.379999999999973,3.644843137106482,50.0,193.69094211857623,33.17055542092256,90.0,114.69468536855419,56.82944457907744,90.0,245.3053146314458
5.399999999999973,4.0450849718742345,-50.0,191.75570504585224,33.975831884646404,90.0,112.93237702943134,123.9758318846464,90.0,127.93237702943134
5.399999999999973,-2.9999999999994564,-50.0,180.0,41.471006366883394,90.0,102.93383809802842,131.4710063668834,90.0,102.93383809802842
5.399999999999973,-2.9999999999994564,50.0,180.0,41.471006366883394,90.0,102.93383809802842,48.528993633116606,90.0,257.06616190197155
5.399999999999973,4.0450849718742345,50.0,191.75570504585224,33.975831884646404,90.0,112.93237702943134,56.024168115353596,90.0,247.06762297056866
5.419999999999972,4.3815334002189,-50.0,189.63507348203734,34.86358066094034,90.0,111.04590841492951,124.86358066094034,90.0,126.04590841492951
5.419999999999972,-3.399999999999448,-50.0,180.0,41.59523744347957,90.0,102.93953874602853,131.59523744347956,90.0,102.93953874602853
5.419999999999972,-3.399999999999448,50.0,180.0,41.59523744347957,90.0,102.93953874602853,48.40476255652043,90.0,257.0604612539715
5.419999999999972,4.3815334002189,50.0,189.63507348203734,34.86358066094034,90.0,111.04590841492951,55.13641933905966,90.0,248.9540915850705
5.439999999999972,4.648882429440933,-50.0,187.36249105369683,35.81668202294489,90.0,109.07189641964234,125.81668202294489,90.0,124.07189641964234
5.439999999999972,-3.7999999999994394,-50.0,180.0,41.71907619980474,90.0,102.94595213080264,131.71907619980473,90.0,102.94595213080264
5.439999999999972,-3.7999999999994394,50.0,180.0,41.71907619980474,90.0,102.94595213080264,48.28092380019526,90.0,257.05404786919735
5.439999999999972,4.648882429440933,50.0,187.36249105369683,35.81668202294489,90.0,109.07189641964234,54.18331797705511,90.0,250.92810358035766
5.4599999999999715,4.8429158056429324,-50.0,184.97379774330057,36.81854234570596,90.0,107.04572765397877,126.81854234570596,90.0,122.04572765397877
5.4599999999999715,-4.199999999999431,-50.0,180.0,41.84252135860074,90.0,102.95307830743903,131.84252135860075,90.0,102.95307830743903
5.4599999999999715,-4.199999999999431,50.0,180.0,41.84252135860074,90.0,102.95307830743903,48.15747864139926,90.0,257.046921692561
5.4599999999999715,4.8429158056429324,50.0,184.97379774330057,36.81854234570596,90.0,107.04572765397877,53.18145765429404,90.0,252.95427234602124
5.479999999999971,4.960573506572276,-50.0,182.50666467128968,37.85330526581208,90.0,105.00104961666148,127.85330526581208,90.0,120.00104961666148
5.479999999999971,-4.599999999999422,-50.0,180.0,41.9655716407526,90.0,102.9609173372075,131.96557164075261,90.0,102.9609173372075
5.479999999999971,-4.599999999999422,50.0,180.0,41.9655716407526,90.0,102.9609173372075,48.0344283592474,90.0,257.0390826627925
5.479999999999971,4.960573506572276,50.0,182.50666467128968,37.85330526581208,90.0,105.00104961666148,52.14669473418792,90.0,254.99895038333852
5.499999999999971,5.0,-50.0,180.0000000000037,38.90594522296093,90.0,102.9694692875817,128.90594522296092,90.0,117.9694692875817
5.499999999999971,-4.999999999999414,-50.0,180.0,42.08822576535149,90.0,102.96946928757872,132.0882257653515,90.0,102.96946928757872
5.499999999999971,-4.999999999999414,50.0,180.0,42.08822576535149,90.0,102.96946928757872,47.91177423464851,90.0,257.0305307124213
5.499999999999971,5.0,50.0,180.0000000000037,38.90594522296093,90.0,102.9694692875817,51.09405477703907,90.0,257.0305307124183
5.51999999999997,4.600000000000595,-50.0,180.0,39.037757948684586,90.0,102.96091733720753,129.0377579486846,90.0,117.96091733720753
5.51999999999997,-4.960573506572507,-50.0,182.50666467128238,40.96716378523862,90.0,105.00104961665551,130.96716378523863,90.0,105.00104961665551
5.51999999999997,-4.960573506572507,50.0,182.50666467128238,40.96716378523862,90.0,105.00104961665551,49.03283621476138,90.0,254.9989503833445
5.51999999999997,4.600000000000595,50.0,180.0,39.037757948684586,90.0,102.96091733720753,50.962242051315414,90.0,257.03908266279245
5.53999999999997,4.200000000000603,-50.0,180.0,39.1692034019425,90.0,102.95307830743904,129.1692034019425,90.0,117.95307830743904
5.53999999999997,-4.842915805643392,-50.0,184.97379774329343,39.81805107430857,90.0,107.04572765397278,129.81805107430858,90.0,107.04572765397278
5.53999999999997,-4.842915805643392,50.0,184.97379774329343,39.81805107430857,90.0,107.04572765397278,50.18194892569143,90.0,252.9542723460272
5.53999999999997,4.200000000000603,50.0,180.0,39.1692034019425,90.0,102.95307830743904,50.8307965980575,90.0,257.04692169256094
5.559999999999969,3.8000000000006118,-50.0,180.0,39.30028035762566,90.0,102.94595213080265,129.30028035762567,90.0,117.94595213080265
5.559999999999969,-4.648882429441611,-50.0,187.36249105368998,38.65937161163685,90.0,109.07189641963646,128.65937161163686,90.0,109.07189641963646
5.559999999999969,-4.648882429441611,50.0,187.36249105368998,38.65937161163685,90.0,109.07189641963646,51.34062838836315,90.0,250.92810358036354
5.559999999999969,3.8000000000006118,50.0,180.0,39.30028035762566,90.0,102.94595213080265,50.69971964237434,90.0,257.05404786919735
5.579999999999969,3.4000000000006203,-50.0,180.0,39.43098758726928,90.0,102.93953874602853,129.43098758726927,90.0,117.93953874602853
5.579999999999969,-4.381533400219787,-50.0,189.6350734820309,37.51075671967074,90.0,111.04590841492386,127.51075671967074,90.0,111.04590841492386
5.579999999999969,-4.381533400219787,50.0,189.6350734820309,37.51075671967074,90.0,111.04590841492386,52.48924328032926,90.0,248.95409158507613
5.579999999999969,3.4000000000006203,50.0,180.0,39.43098758726928,90.0,102.93953874602853,50.56901241273072,90.0,257.0604612539715
5.599999999999969,3.000000000000629,-50.0,180.0,39.561323859138994,90.0,102.93383809802842,129.561323859139,90.0,117.93383809802842
5.599999999999969,-4.045084971875318,-50.0,191.75570504584627,36.39278138001443,90.0,112.93237702942592,126.39278138001444,90.0,112.93237702942592
5.599999999999969,-4.045084971875318,50.0,191.75570504584627,36.39278138001443,90.0,112.93237702942592,53.60721861998557,90.0,247.06762297057406
5.599999999999969,3.000000000000629,50.0,180.0,39.561323859138994,90.0,102.93383809802842,50.438676140861006,90.0,257.06616190197155
5.619999999999968,2.6000000000006374,-50.0,180.0,39.69128793831462,90.0,102.92885013787843,129.69128793831462,90.0,117.92885013787843
5.619999999999968,-3.6448431371077428,-50.0,193.69094211857086,35.326665371774595,90.0,114.69468536854926,125.3266653717746,90.0,114.69468536854926
5.619999999999968,-3.6448431371077428,50.0,193.69094211857086,35.326665371774595,90.0,114.69468536854926,54.673334628225405,90.0,245.30531463145076
5.619999999999968,2.6000000000006374,50.0,180.0,39.69128793831462,90.0,102.92885013787843,50.30871206168538,90.0,257.07114986212156
5.639999999999968,2.200000000000646,-50.0,180.0,39.82087858677297,90.0,102.92457482280366,129.82087858677298,90.0,117.92457482280366
5.639999999999968,-3.1871199487442303,-50.0,195.4102648555132,34.33384638127015,90.0,116.29576329476546,124.33384638127015,90.0,116.29576329476546
5.639999999999968,-3.1871199487442303,50.0,195.4102648555132,34.33384638127015,90.0,116.29576329476546,55.66615361872985,90.0,243.70423670523454
5.639999999999968,2.200000000000646,50.0,180.0,39.82087858677297,90.0,102.92457482280366,50.17912141322703,90.0,257.07542517719634
5.659999999999967,1.8000000000006544,-50.0,180.0,39.95009456346961,90.0,102.92101211616486,129.9500945634696,90.0,117.92101211616486
5.659999999999967,-2.679133974895851,-50.0,196.8865585100381,33.43539984768962,90.0,117.69917804440132,123.43539984768961,90.0,117.69917804440132
5.659999999999967,-2.679133974895851,50.0,196.8865585100381,33.43539984768962,90.0,117.69917804440132,56.56460015231038,90.0,242.30082195559868
5.659999999999967,1.8000000000006544,50.0,180.0,39.95009456346961,90.0,102.92101211616486,50.04990543653039,90.0,257.0789878838351
5.679999999999967,1.400000000000663,-50.0,180.0,40.07893462441969,90.0,102.91816198744677,130.07893462441967,90.0,117.91816198744677
5.679999999999967,-2.1288964578263054,-50.0,198.0965410493186,32.651299961775045,90.0,118.8705456228955,122.65129996177504,90.0,118.8705456228955
5.679999999999967,-2.1288964578263054,50.0,198.0965410493186,32.651299961775045,90.0,118.8705456228955,57.348700038224955,90.0,241.12945437710448
5.679999999999967,1.400000000000663,50.0,180.0,40.07893462441969,90.0,102.91816198744677,49.92106537558031,90.0,257.08183801255325
5.699999999999966,1.0000000000006715,-50.0,180.0,40.207397522777704,90.0,102.91602441224872,130.2073975227777,90.0,117.91602441224872
5.699999999999966,-1.5450849718757405,-50.0,199.02113032590177,31.999549431719597,90.0,119.77920629987351,121.9995494317196,90.0,119.77920629987351
5.699999999999966,-1.5450849718757405,50.0,199.02113032590177,31.999549431719597,90.0,119.77920629987351,58.0004505682804,90.0,240.22079370012648
5.699999999999966,1.0000000000006715,50.0,180.0,40.207397522777704,90.0,102.91602441224872,49.792602477222296,90.0,257.0839755877513
5.719999999999966,0.60000000000068,-50.0,180.0,40.33548200891618,90.0,102.91459937227695,130.3354820089162,90.0,117.91459937227695
5.719999999999966,-0.9369065729296727,-50.0,199.64574501457298,31.495248657912363,90.00000000000001,120.40002497007838,121.49524865791236,89.99999999999999,120.40002497007838
5.719999999999966,-0.9369065729296727,50.0,199.64574501457298,31.495248657912363,90.00000000000001,120.40002497007838,58.50475134208764,90.00000000000001,239.5999750299216
5.719999999999966,0.60000000000068,50.0,180.0,40.33548200891618,90.0,102.91459937227695,49.66451799108382,90.0,257.08540062772306
5.739999999999966,0.20000000000068852,-50.0,180.0,40.463186830503474,90.0,102.91388685533876,130.46318683050347,90.0,117.91388685533876
5.739999999999966,-0.3139525976476468,-50.0,199.96053456856515,31.149716691308132,90.0,120.71509721059242,121.14971669130813,90.0,120.71509721059242
5.739999999999966,-0.3139525976476468,50.0,199.96053456856515,31.149716691308132,90.0,120.71509721059242,58.85028330869187,90.0,239.28490278940757
5.739999999999966,0.20000000000068852,50.0,180.0,40.463186830503474,90.0,102.91388685533876,49.536813169496526,90.0,257.0861131446612
5.759999999999965,-0.19999999999930296,-50.0,180.0,40.590510732580334,90.0,102.91388685533876,130.59051073258033,90.0,117.91388685533876
5.759999999999965,0.31395259764547334,-50.0,199.96053456856572,30.96979974849599,90.0,120.715097210593,120.96979974849599,90.0,120.715097210593
5.759999999999965,0.31395259764547334,50.0,199.96053456856572,30.96979974849599,90.0,120.715097210593,59.03020025150401,90.0,239.284902789407
5.759999999999965,-0.19999999999930296,50.0,180.0,40.590510732580334,90.0,102.91388685533876,49.409489267419666,90.0,257.0861131446612
5.779999999999965,-0.5999999999992944,-50.0,180.0,40.71745245763555,90.0,102.91459937227695,130.71745245763555,90.0,117.91459937227695
5.779999999999965,0.9369065729275348,-50.0,199.6457450145746,30.957492159658873,90.0,120.40002497008,120.95749215965887,90.0,120.40002497008
5.779999999999965,0.9369065729275348,50.0,199.6457450145746,30.957492159658873,90.0,120.40002497008,59.04250784034113,90.0,239.59997502992002
5.779999999999965,-0.5999999999992944,50.0,180.0,40.71745245763555,90.0,102.91459937227695,49.28254754236445,90.0,257.08540062772306
5.799999999999964,-0.9999999999992859,-50.0,180.0,40.84401074568042,90.0,102.91602441224872,130.8440107456804,90.0,117.91602441224872
5.799999999999964,1.5450849718736703,-50.0,199.02113032590447,31.10994470209654,90.00000000000001,119.77920629987621,121.10994470209654,89.99999999999999,119.77920629987621
5.799999999999964,1.5450849718736703,50.0,199.02113032590447,31.10994470209654,90.00000000000001,119.77920629987621,58.89005529790346,90.00000000000001,240.2207937001238
5.799999999999964,-0.9999999999992859,50.0,180.0,40.84401074568042,90.0,102.91602441224872,49.15598925431958,90.0,257.0839755877513
5.819999999999964,-1.3999999999992774,-50.0,180.0,40.97018433432224,90.0,102.91816198744674,130.97018433432225,90.0,117.91816198744674
5.819999999999964,2.128896457824335,-50.0,198.09654104932233,31.41985911060513,90.0,118.87054562289914,121.41985911060513,90.0,118.87054562289914
5.819999999999964,2.128896457824335,50.0,198.09654104932233,31.41985911060513,90.0,118.87054562289914,58.58014088939487,90.0,241.12945437710084
5.819999999999964,-1.3999999999992774,50.0,180.0,40.97018433432224,90.0,102.91816198744674,49.02981566567776,90.0,257.08183801255325
5.839999999999963,-1.7999999999992689,-50.0,180.0,41.09597195883657,90.0,102.92101211616483,131.09597195883657,90.0,117.92101211616483
5.839999999999963,2.679133974894013,-50.0,196.88655851004276,31.87619136430776,90.00000000000001,117.69917804440577,121.87619136430776,89.99999999999999,117.69917804440577
5.839999999999963,2.679133974894013,50.0,196.88655851004276,31.87619136430776,90.00000000000001,117.69917804440577,58.12380863569224,90.00000000000001,242.30082195559424
5.839999999999963,-1.7999999999992689,50.0,180.0,41.09597195883657,90.0,102.92101211616483,48.90402804116343,90.0,257.07898788383517
5.859999999999963,-2.1999999999992603,-50.0,180.0,41.221372352238554,90.0,102.92457482280366,131.22137235223855,90.0,117.92457482280366
5.859999999999963,3.187119948742554,-50.0,195.41026485551873,32.46503634170203,90.0,116.29576329477064,122.46503634170203,90.0,116.29576329477064
5.859999999999963,3.187119948742554,50.0,195.41026485551873,32.46503634170203,90.0,116.29576329477064,57.53496365829797,90.0,243.70423670522936
5.859999999999963,-2.1999999999992603,50.0,180.0,41.221372352238554,90.0,102.92457482280366,48.778627647761446,90.0,257.07542517719634
5.879999999999963,-2.599999999999252,-50.0,180.0,41.346384245353015,90.0,102.9288501378784,131.34638424535302,90.0,117.9288501378784
5.879999999999963,3.644843137106253,-50.0,193.6909421185772,33.17055542092218,90.0,114.69468536855506,123.17055542092217,90.0,114.69468536855506
5.879999999999963,3.644843137106253,50.0,193.6909421185772,33.17055542092218,90.0,114.69468536855506,56.82944457907782,90.0,245.30531463144496
5.879999999999963,-2.599999999999252,50.0,180.0,41.346384245353015,90.0,102.9288501378784,48.653615754646985,90.0,257.0711498621216
5.899999999999962,-2.9999999999992433,-50.0,180.0,41.47100636688333,90.0,102.93383809802842,131.47100636688333,90.0,117.93383809802842
5.899999999999962,4.045084971874038,-50.0,191.75570504585332,33.97583188464594,90.0,112.93237702943232,123.97583188464594,90.0,112.93237702943232
5.899999999999962,4.045084971874038,50.0,191.75570504585332,33.97583188464594,90.0,112.93237702943232,56.02416811535406,90.0,247.0676229705677
5.899999999999962,-2.9999999999992433,50.0,180.0,41.47100636688333,90.0,102.93383809802842,48.52899363311667,90.0,257.06616190197155
5.919999999999962,-3.3999999999992347,-50.0,180.0,41.59523744347951,90.0,102.9395387460285,131.5952374434795,90.0,117.9395387460285
5.919999999999962,4.381533400218738,-50.0,189.63507348203854,34.86358066093985,90.0,111.04590841493054,124.86358066093985,90.0,111.04590841493054
5.919999999999962,4.381533400218738,50.0,189.63507348203854,34.86358066093985,90.0,111.04590841493054,55.13641933906015,90.0,248.95409158506948
5.919999999999962,-3.3999999999992347,50.0,180.0,41.59523744347951,90.0,102.9395387460285,48.40476255652049,90.0,257.0604612539715
5.939999999999961,-3.799999999999226,-50.0,180.0,41.71907619980467,90.0,102.94595213080264,131.71907619980468,90.0,117.94595213080264
5.939999999999961,4.6488824294408095,-50.0,187.36249105369808,35.81668202294437,90.0,109.07189641964341,125.81668202294438,90.0,109.07189641964341
5.939999999999961,4.6488824294408095,50.0,187.36249105369808,35.81668202294437,90.0,109.07189641964341,54.18331797705563,90.0,250.9281035803566
5.939999999999961,-3.799999999999226,50.0,180.0,41.71907619980467,90.0,102.94595213080264,48.28092380019533,90.0,257.05404786919735
5.959999999999961,-4.199999999999218,-50.0,180.0,41.84252135860068,90.0,102.95307830743903,131.84252135860066,90.0,117.95307830743903
5.959999999999961,4.84291580564285,-50.0,184.97379774330187,36.818542345705424,90.0,107.04572765397985,126.81854234570542,90.0,107.04572765397985
5.959999999999961,4.84291580564285,50.0,184.97379774330187,36.818542345705424,90.0,107.04572765397985,53.181457654294576,90.0,252.95427234602016
5.959999999999961,-4.199999999999218,50.0,180.0,41.84252135860068,90.0,102.95307830743903,48.15747864139932,90.0,257.046921692561
5.9799999999999605,-4.599999999999209,-50.0,180.0,41.965571640752536,90.0,102.9609173372075,131.96557164075253,90.0,117.9609173372075
5.9799999999999605,4.960573506572233,-50.0,182.50666467129102,37.853305265811535,90.0,105.00104961666257,127.85330526581154,90.0,105.00104961666257
5.9799999999999605,4.960573506572233,50.0,182.50666467129102,37.853305265811535,90.0,105.00104961666257,52.146694734188465,90.0,254.99895038333744
5.9799999999999605,-4.599999999999209,50.0,180.0,41.965571640752536,90.0,102.9609173372075,48.034428359247464,90.0,257.0390826627925
5.99999999999996,-4.999999999999201,-50.0,180.0,42.088225765351424,90.0,102.96946928757872,132.0882257653514,90.0,117.96946928757872
5.99999999999996,5.0,-50.0,180.00000000000503,38.90594522296037,90.0,102.96946928758277,128.90594522296038,90.0,102.96946928758277
5.99999999999996,5.0,50.0,180.00000000000503,38.90594522296037,90.0,102.96946928758277,51.09405477703963,90.0,257.0305307124172
5.99999999999996,-4.999999999999201,50.0,180.0,42.088225765351424,90.0,102.96946928757872,47.911774234648576,90.0,257.0305307124213
6.01999999999996,-4.9605735065725485,-50.0,182.50666467128104,40.96716378523922,90.0,105.00104961665444,130.96716378523922,90.0,120.00104961665444
6.01999999999996,4.600000000000808,-50.0,180.0,39.037757948684515,90.0,102.96091733720753,129.03775794868451,90.0,102.96091733720753
6.01999999999996,4.600000000000808,50.0,180.0,39.037757948684515,90.0,102.96091733720753,50.962242051315485,90.0,257.03908266279245
6.01999999999996,-4.9605735065725485,50.0,182.50666467128104,40.96716378523922,90.0,105.00104961665444,49.03283621476078,90.0,254.99895038334557
6.039999999999959,-4.842915805643474,-50.0,184.97379774329212,39.81805107430919,90.0,107.04572765397168,129.81805107430918,90.0,122.04572765397168
6.039999999999959,4.200000000000816,-50.0,180.0,39.16920340194243,90.0,102.95307830743904,129.16920340194244,90.0,102.95307830743904
6.039999999999959,4.200000000000816,50.0,180.0,39.16920340194243,90.0,102.95307830743904,50.83079659805757,90.0,257.04692169256094
6.039999999999959,-4.842915805643474,50.0,184.97379774329212,39.81805107430919,90.0,107.04572765397168,50.18194892569081,90.0,252.95427234602832
6.059999999999959,-4.648882429441734,-50.0,187.36249105368873,38.65937161163747,90.0,109.0718964196354,128.65937161163748,90.0,124.0718964196354
6.059999999999959,3.800000000000825,-50.0,180.0,39.30028035762559,90.0,102.94595213080265,129.30028035762558,90.0,102.94595213080265
6.059999999999959,3.800000000000825,50.0,180.0,39.30028035762559,90.0,102.94595213080265,50.69971964237441,90.0,257.05404786919735
6.059999999999959,-4.648882429441734,50.0,187.36249105368873,38.65937161163747,90.0,109.0718964196354,51.34062838836253,90.0,250.92810358036462
6.079999999999958,-4.381533400219949,-50.0,189.63507348202972,37.51075671967136,90.0,111.04590841492279,127.51075671967136,90.0,126.04590841492279
6.079999999999958,3.4000000000008335,-50.0,180.0,39.43098758726921,90.0,102.93953874602853,129.43098758726921,90.0,102.93953874602853
6.079999999999958,3.4000000000008335,50.0,180.0,39.43098758726921,90.0,102.93953874602853,50.56901241273079,90.0,257.0604612539715
6.079999999999958,-4.381533400219949,50.0,189.63507348202972,37.51075671967136,90.0,111.04590841492279,52.48924328032864,90.0,248.9540915850772
6.099999999999958,-4.045084971875515,-50.0,191.7557050458452,36.392781380015016,90.0,112.93237702942496,126.39278138001501,90.0,127.93237702942496
6.099999999999958,3.000000000000842,-50.0,180.0,39.56132385913892,90.0,102.93383809802842,129.56132385913892,90.0,102.93383809802842
6.099999999999958,3.000000000000842,50.0,180.0,39.56132385913892,90.0,102.93383809802842,50.43867614086108,90.0,257.06616190197155
6.099999999999958,-4.045084971875515,50.0,191.7557050458452,36.392781380015016,90.0,112.93237702942496,53.607218619984984,90.0,247.06762297057503
6.1199999999999575,-3.644843137107972,-50.0,193.69094211856986,35.32666537177515,90.0,114.69468536854835,125.32666537177515,90.0,129.69468536854833
6.1199999999999575,2.6000000000008505,-50.0,180.0,39.69128793831455,90.0,102.92885013787843,129.69128793831456,90.0,102.92885013787843
6.1199999999999575,2.6000000000008505,50.0,180.0,39.69128793831455,90.0,102.92885013787843,50.30871206168545,90.0,257.07114986212156
6.1199999999999575,-3.644843137107972,50.0,193.69094211856986,35.32666537177515,90.0,114.69468536854835,54.67333462822485,90.0,245.30531463145167
6.139999999999957,-3.1871199487444883,-50.0,195.41026485551234,34.33384638127067,90.0,116.29576329476465,124.33384638127066,90.0,131.29576329476464
6.139999999999957,2.200000000000859,-50.0,180.0,39.8208785867729,90.0,102.92457482280366,129.8208785867729,90.0,102.92457482280366
6.139999999999957,2.200000000000859,50.0,180.0,39.8208785867729,90.0,102.92457482280366,50.1791214132271,90.0,257.07542517719634
6.139999999999957,-3.1871199487444883,50.0,195.41026485551234,34.33384638127067,90.0,116.29576329476465,55.66615361872933,90.0,243.70423670523536
6.159999999999957,-2.679133974896134,-50.0,196.8865585100374,33.435399847690064,90.0,117.69917804440061,123.43539984769006,90.0,132.6991780444006
6.159999999999957,1.8000000000008676,-50.0,180.0,39.95009456346954,90.0,102.92101211616486,129.95009456346955,90.0,102.92101211616486
6.159999999999957,1.8000000000008676,50.0,180.0,39.95009456346954,90.0,102.92101211616486,50.04990543653046,90.0,257.0789878838351
6.159999999999957,-2.679133974896134,50.0,196.8865585100374,33.435399847690064,90.0,117.69917804440061,56.564600152309936,90.0,242.3008219555994
6.179999999999956,-2.1288964578266087,-50.0,198.09654104931803,32.65129996177542,90.0,118.87054562289495,122.65129996177542,90.0,133.87054562289495
6.179999999999956,1.400000000000876,-50.0,180.0,40.078934624419624,90.0,102.91816198744677,130.07893462441962,90.0,102.91816198744677
6.179999999999956,1.400000000000876,50.0,180.0,40.078934624419624,90.0,102.91816198744677,49.921065375580376,90.0,257.08183801255325
6.179999999999956,-2.1288964578266087,50.0,198.09654104931803,32.65129996177542,90.0,118.87054562289495,57.34870003822458,90.0,241.12945437710505
6.199999999999956,-1.5450849718760593,-50.0,199.02113032590137,31.999549431719895,90.0,119.77920629987312,121.9995494317199,90.0,134.77920629987312
6.199999999999956,1.0000000000008846,-50.0,180.0,40.20739752277763,90.0,102.91602441224872,130.20739752277763,90.0,102.91602441224872
6.199999999999956,1.0000000000008846,50.0,180.0,40.20739752277763,90.0,102.91602441224872,49.79260247722237,90.0,257.0839755877513
6.199999999999956,-1.5450849718760593,50.0,199.02113032590137,31.999549431719895,90.0,119.77920629987312,58.0004505682801,90.0,240.22079370012688
6.219999999999955,-0.936906572930001,-50.0,199.64574501457273,31.495248657912583,90.0,120.40002497007812,121.49524865791258,90.0,135.4000249700781
6.219999999999955,0.6000000000008932,-50.0,180.0,40.33548200891612,90.0,102.91459937227695,130.33548200891613,90.0,102.91459937227695
6.219999999999955,0.6000000000008932,50.0,180.0,40.33548200891612,90.0,102.91459937227695,49.66451799108388,90.0,257.08540062772306
6.219999999999955,-0.936906572930001,50.0,199.64574501457273,31.495248657912583,90.0,120.40002497007812,58.50475134208742,90.0,239.5999750299219
6.239999999999955,-0.3139525976479804,-50.0,199.96053456856507,31.149716691308267,90.00000000000001,120.71509721059233,121.14971669130827,89.99999999999999,135.71509721059232
6.239999999999955,0.20000000000090168,-50.0,180.0,40.46318683050341,90.0,102.91388685533876,130.46318683050342,90.0,102.91388685533876
6.239999999999955,0.20000000000090168,50.0,180.0,40.46318683050341,90.0,102.91388685533876,49.53681316949659,90.0,257.0861131446612
6.239999999999955,-0.3139525976479804,50.0,199.96053456856507,31.149716691308267,90.00000000000001,120.71509721059233,58.85028330869173,90.00000000000001,239.28490278940768
6.2599999999999545,0.3139525976451399,-50.0,199.96053456856578,30.96979974849606,90.0,120.71509721059304,120.96979974849606,90.0,135.71509721059306
6.2599999999999545,-0.1999999999990898,-50.0,180.0,40.59051073258027,90.0,102.91388685533876,130.59051073258027,90.0,102.91388685533876
6.2599999999999545,-0.1999999999990898,50.0,180.0,40.59051073258027,90.0,102.91388685533876,49.40948926741973,90.0,257.0861131446612
6.2599999999999545,0.3139525976451399,50.0,199.96053456856578,30.96979974849606,90.0,120.71509721059304,59.03020025150394,90.0,239.28490278940694
6.279999999999954,0.9369065729272053,-50.0,199.64574501457486,30.957492159658834,90.00000000000001,120.40002497008025,120.95749215965884,89.99999999999999,135.40002497008027
6.279999999999954,-0.5999999999990813,-50.0,180.0,40.71745245763548,90.0,102.91459937227695,130.7174524576355,90.0,102.91459937227695
6.279999999999954,-0.5999999999990813,50.0,180.0,40.71745245763548,90.0,102.91459937227695,49.28254754236452,90.0,257.08540062772306
6.279999999999954,0.9369065729272053,50.0,199.64574501457486,30.957492159658834,90.00000000000001,120.40002497008025,59.042507840341166,90.00000000000001,239.59997502991973
6.299999999999954,1.5450849718733515,-50.0,199.02113032590486,31.109944702096428,90.0,119.7792062998766,121.10994470209643,90.0,134.7792062998766
6.299999999999954,-0.9999999999990727,-50.0,180.0,40.84401074568035,90.0,102.91602441224872,130.84401074568035,90.0,102.91602441224872
6.299999999999954,-0.9999999999990727,50.0,180.0,40.84401074568035,90.0,102.91602441224872,49.15598925431965,90.0,257.0839755877513
6.299999999999954,1.5450849718733515,50.0,199.02113032590486,31.109944702096428,90.0,119.7792062998766,58.89005529790357,90.0,240.2207937001234
6.319999999999953,2.1288964578240335,-50.0,198.0965410493229,31.41985911060493,90.0,118.8705456228997,121.41985911060493,90.0,133.8705456228997
6.319999999999953,-1.3999999999990642,-50.0,180.0,40.97018433432217,90.0,102.91816198744674,130.97018433432217,90.0,102.91816198744674
6.319999999999953,-1.3999999999990642,50.0,180.0,40.97018433432217,90.0,102.91816198744674,49.02981566567783,90.0,257.08183801255325
6.319999999999953,2.1288964578240335,50.0,198.0965410493229,31.41985911060493,90.0,118.8705456228997,58.58014088939507,90.0,241.1294543771003
6.339999999999953,2.67913397489373,-50.0,196.88655851004347,31.87619136430748,90.0,117.69917804440648,121.87619136430749,90.0,132.6991780444065
6.339999999999953,-1.7999999999990557,-50.0,180.0,41.0959719588365,90.0,102.92101211616483,131.09597195883651,90.0,102.92101211616483
6.339999999999953,-1.7999999999990557,50.0,180.0,41.0959719588365,90.0,102.92101211616483,48.9040280411635,90.0,257.07898788383517
6.339999999999953,2.67913397489373,50.0,196.88655851004347,31.87619136430748,90.0,117.69917804440648,58.12380863569252,90.0,242.3008219555935
6.359999999999952,3.1871199487422954,-50.0,195.41026485551959,32.465036341701676,90.0,116.29576329477145,122.46503634170168,90.0,131.29576329477146
6.359999999999952,-2.199999999999047,-50.0,180.0,41.22137235223848,90.0,102.92457482280366,131.2213723522385,90.0,102.92457482280366
6.359999999999952,-2.199999999999047,50.0,180.0,41.22137235223848,90.0,102.92457482280366,48.77862764776152,90.0,257.07542517719634
6.359999999999952,3.1871199487422954,50.0,195.41026485551959,32.465036341701676,90.0,116.29576329477145,57.534963658298324,90.0,243.70423670522854
6.379999999999952,3.6448431371060233,-50.0,193.6909421185782,33.17055542092175,90.0,114.69468536855601,123.17055542092174,90.0,129.694685368556
6.379999999999952,-2.5999999999990386,-50.0,180.0,41.346384245352944,90.0,102.9288501378784,131.34638424535294,90.0,102.9288501378784
6.379999999999952,-2.5999999999990386,50.0,180.0,41.346384245352944,90.0,102.9288501378784,48.653615754647056,90.0,257.0711498621216
6.379999999999952,3.6448431371060233,50.0,193.6909421185782,33.17055542092175,90.0,114.69468536855601,56.82944457907825,90.0,245.305314631444
6.3999999999999515,4.045084971873841,-50.0,191.7557050458544,33.97583188464551,90.0,112.93237702943325,123.97583188464552,90.0,127.93237702943325
6.3999999999999515,-2.99999999999903,-50.0,180.0,41.47100636688328,90.0,102.93383809802839,131.47100636688327,90.0,102.93383809802839
6.3999999999999515,-2.99999999999903,50.0,180.0,41.47100636688328,90.0,102.93383809802839,48.52899363311672,90.0,257.0661619019716
6.3999999999999515,4.045084971873841,50.0,191.7557050458544,33.97583188464551,90.0,112.93237702943325,56.02416811535449,90.0,247.06762297056673
6.419999999999951,4.381533400218577,-50.0,189.6350734820397,34.86358066093937,90.0,111.04590841493156,124.86358066093936,90.0,126.04590841493156
6.419999999999951,-3.3999999999990216,-50.0,180.0,41.59523744347944,90.0,102.9395387460285,131.59523744347945,90.0,102.9395387460285
6.419999999999951,-3.3999999999990216,50.0,180.0,41.59523744347944,90.0,102.9395387460285,48.40476255652056,90.0,257.0604612539715
6.419999999999951,4.381533400218577,50.0,189.6350734820397,34.86358066093937,90.0,111.04590841493156,55.13641933906063,90.0,248.95409158506845
6.439999999999951,4.648882429440686,-50.0,187.36249105369933,35.816682022943844,90.0,109.0718964196445,125.81668202294384,90.0,124.0718964196445
6.439999999999951,-3.799999999999013,-50.0,180.0,41.7190761998046,90.0,102.94595213080264,131.7190761998046,90.0,102.94595213080264
6.439999999999951,-3.799999999999013,50.0,180.0,41.7190761998046,90.0,102.94595213080264,48.2809238001954,90.0,257.05404786919735
6.439999999999951,4.648882429440686,50.0,187.36249105369933,35.816682022943844,90.0,109.0718964196445,54.183317977056156,90.0,250.9281035803555
6.45999999999995,4.842915805642766,-50.0,184.97379774330315,36.818542345704884,90.0,107.04572765398093,126.81854234570488,90.0,122.04572765398093
6.45999999999995,-4.1999999999990045,-50.0,180.0,41.84252135860061,90.0,102.95307830743903,131.8425213586006,90.0,102.95307830743903
6.45999999999995,-4.1999999999990045,50.0,180.0,41.84252135860061,90.0,102.95307830743903,48.15747864139939,90.0,257.046921692561
6.45999999999995,4.842915805642766,50.0,184.97379774330315,36.818542345704884,90.0,107.04572765398093,53.181457654295116,90.0,252.95427234601908
6.47999999999995,4.960573506572191,-50.0,182.50666467129236,37.85330526581096,90.00000000000001,105.00104961666368,127.85330526581096,89.99999999999999,120.00104961666368
6.47999999999995,-4.599999999998996,-50.0,180.0,41.965571640752465,90.0,102.9609173372075,131.96557164075247,90.0,102.9609173372075
6.47999999999995,-4.599999999998996,50.0,180.0,41.965571640752465,90.0,102.9609173372075,48.034428359247535,90.0,257.0390826627925
6.47999999999995,4.960573506572191,50.0,182.50666467129236,37.85330526581096,90.00000000000001,105.00104961666368,52.14669473418904,90.00000000000001,254.9989503833363
6.499999999999949,5.0,-50.0,180.00000000000637,38.9059452229598,90.0,102.96946928758383,128.90594522295982,90.0,117.96946928758383
6.499999999999949,-4.9999999999989875,-50.0,180.0,42.08822576535135,90.0,102.96946928757872,132.08822576535135,90.0,102.96946928757872
6.499999999999949,-4.9999999999989875,50.0,180.0,42.08822576535135,90.0,102.96946928757872,47.91177423464865,90.0,257.0305307124213
6.499999999999949,5.0,50.0,180.00000000000637,38.9059452229598,90.0,102.96946928758383,51.0940547770402,90.0,257.0305307124162
6.519999999999949,4.600000000001021,-50.0,180.0,39.03775794868444,90.0,102.96091733720756,129.03775794868443,90.0,117.96091733720756
6.519999999999949,-4.96057350657259,-50.0,182.5066646712797,40.96716378523983,90.0,105.00104961665335,130.96716378523985,90.0,105.00104961665335
6.519999999999949,-4.96057350657259,50.0,182.5066646712797,40.96716378523983,90.0,105.00104961665335,49.03283621476017,90.0,254.99895038334665
6.519999999999949,4.600000000001021,50.0,180.0,39.03775794868444,90.0,102.96091733720756,50.96224205131556,90.0,257.03908266279245
6.5399999999999485,4.20000000000103,-50.0,180.0,39.16920340194236,90.0,102.95307830743907,129.16920340194235,90.0,117.95307830743907
6.5399999999999485,-4.842915805643558,-50.0,184.97379774329082,39.81805107430981,90.0,107.04572765397059,129.8180510743098,90.0,107.04572765397059
6.5399999999999485,-4.842915805643558,50.0,184.97379774329082,39.81805107430981,90.0,107.04572765397059,50.18194892569019,90.0,252.95427234602943
6.5399999999999485,4.20000000000103,50.0,180.0,39.16920340194236,90.0,102.95307830743907,50.83079659805764,90.0,257.04692169256094
6.559999999999948,3.800000000001038,-50.0,180.0,39.3002803576255,90.0,102.94595213080268,129.3002803576255,90.0,117.94595213080268
6.559999999999948,-4.648882429441858,-50.0,187.3624910536875,38.65937161163807,90.0,109.07189641963434,128.65937161163808,90.0,109.07189641963434
6.559999999999948,-4.648882429441858,50.0,187.3624910536875,38.65937161163807,90.0,109.07189641963434,51.34062838836193,90.0,250.92810358036564
6.559999999999948,3.800000000001038,50.0,180.0,39.3002803576255,90.0,102.94595213080268,50.6997196423745,90.0,257.05404786919735
6.579999999999948,3.4000000000010466,-50.0,180.0,39.43098758726912,90.0,102.93953874602856,129.43098758726913,90.0,117.93953874602856
6.579999999999948,-4.3815334002201105,-50.0,189.63507348202853,37.51075671967197,90.0,111.04590841492177,127.51075671967197,90.0,111.04590841492177
6.579999999999948,-4.3815334002201105,50.0,189.63507348202853,37.51075671967197,90.0,111.04590841492177,52.48924328032803,90.0,248.95409158507823
6.579999999999948,3.4000000000010466,50.0,180.0,39.43098758726912,90.0,102.93953874602856,50.56901241273088,90.0,257.0604612539714
6.599999999999947,3.000000000001055,-50.0,180.0,39.561323859138845,90.0,102.93383809802845,129.56132385913884,90.0,117.93383809802845
6.599999999999947,-4.045084971875712,-50.0,191.7557050458441,36.39278138001558,90.0,112.93237702942402,126.39278138001558,90.0,112.93237702942402
6.599999999999947,-4.045084971875712,50.0,191.7557050458441,36.39278138001558,90.0,112.93237702942402,53.60721861998442,90.0,247.067622970576
6.599999999999947,3.000000000001055,50.0,180.0,39.561323859138845,90.0,102.93383809802845,50.438676140861155,90.0,257.06616190197155
6.619999999999947,2.6000000000010637,-50.0,180.0,39.69128793831449,90.0,102.92885013787843,129.69128793831447,90.0,117.92885013787843
6.619999999999947,-3.644843137108201,-50.0,193.6909421185689,35.3266653717757,90.0,114.69468536854745,125.3266653717757,90.0,114.69468536854745
6.619999999999947,-3.644843137108201,50.0,193.6909421185689,35.3266653717757,90.0,114.69468536854745,54.6733346282243,90.0,245.30531463145255
6.619999999999947,2.6000000000010637,50.0,180.0,39.69128793831449,90.0,102.92885013787843,50.30871206168551,90.0,257.07114986212156
6.639999999999946,2.200000000001072,-50.0,180.0,39.820878586772835,90.0,102.92457482280366,129.82087858677284,90.0,117.92457482280366
6.639999999999946,-3.187119948744747,-50.0,195.41026485551149,34.33384638127117,90.0,116.29576329476384,124.33384638127117,90.0,116.29576329476384
6.639999999999946,-3.187119948744747,50.0,195.41026485551149,34.33384638127117,90.0,116.29576329476384,55.66615361872883,90.0,243.70423670523616
6.639999999999946,2.200000000001072,50.0,180.0,39.820878586772835,90.0,102.92457482280366,50.179121413227165,90.0,257.07542517719634
6.659999999999946,1.8000000000010807,-50.0,180.0,39.95009456346947,90.0,102.92101211616486,129.95009456346946,90.0,117.92101211616486
6.659999999999946,-2.6791339748964162,-50.0,196.88655851003665,33.43539984769051,90.0,117.69917804439994,123.43539984769052,90.0,117.69917804439994
6.659999999999946,-2.6791339748964162,50.0,196.88655851003665,33.43539984769051,90.0,117.69917804439994,56.56460015230949,90.0,242.30082195560004
6.659999999999946,1.8000000000010807,50.0,180.0,39.95009456346947,90.0,102.92101211616486,50.04990543653053,90.0,257.0789878838351
6.6799999999999455,1.4000000000010893,-50.0,180.0,40.07893462441956,90.0,102.91816198744677,130.07893462441956,90.0,117.91816198744677
6.6799999999999455,-2.128896457826911,-50.0,198.09654104931747,32.651299961775806,90.00000000000001,118.87054562289438,122.6512999617758,89.99999999999999,118.87054562289438
6.6799999999999455,-2.128896457826911,50.0,198.09654104931747,32.651299961775806,90.00000000000001,118.87054562289438,57.348700038224194,90.00000000000001,241.12945437710562
6.6799999999999455,1.4000000000010893,50.0,180.0,40.07893462441956,90.0,102.91816198744677,49.92106537558044,90.0,257.08183801255325
6.699999999999945,1.0000000000010978,-50.0,180.0,40.20739752277757,90.0,102.91602441224872,130.20739752277757,90.0,117.91602441224872
6.699999999999945,-1.545084971876377,-50.0,199.02113032590094,31.999549431720215,90.0,119.77920629987268,121.99954943172021,90.0,119.77920629987268
6.699999999999945,-1.545084971876377,50.0,199.02113032590094,31.999549431720215,90.0,119.77920629987268,58.00045056827979,90.0,240.22079370012733
6.699999999999945,1.0000000000010978,50.0,180.0,40.20739752277757,90.0,102.91602441224872,49.79260247722243,90.0,257.0839755877513
6.719999999999945,0.6000000000011063,-50.0,180.0,40.33548200891605,90.0,102.91459937227695,130.33548200891605,90.0,117.91459937227695
6.719999999999945,-0.9369065729303304,-50.0,199.64574501457247,31.495248657912807,90.0,120.40002497007787,121.49524865791281,90.0,120.40002497007787
6.719999999999945,-0.9369065729303304,50.0,199.64574501457247,31.495248657912807,90.0,120.40002497007787,58.50475134208719,90.0,239.59997502992212
6.719999999999945,0.6000000000011063,50.0,180.0,40.33548200891605,90.0,102.91459937227695,49.66451799108395,90.0,257.08540062772306
6.739999999999944,0.20000000000111484,-50.0,180.0,40.46318683050334,90.0,102.91388685533876,130.46318683050333,90.0,117.91388685533876
6.739999999999944,-0.31395259764831496,-50.0,199.96053456856498,31.1497166913084,90.0,120.71509721059226,121.1497166913084,90.0,120.71509721059226
6.739999999999944,-0.31395259764831496,50.0,199.96053456856498,31.1497166913084,90.0,120.71509721059226,58.8502833086916,90.0,239.28490278940774
6.739999999999944,0.20000000000111484,50.0,180.0,40.46318683050334,90.0,102.91388685533876,49.53681316949666,90.0,257.0861131446612
6.759999999999944,-0.19999999999887663,-50.0,180.0,40.5905107325802,90.0,102.91388685533876,130.59051073258019,90.0,117.91388685533876
6.759999999999944,0.3139525976448052,-50.0,199.9605345685659,30.96979974849611,90.0,120.71509721059313,120.96979974849611,90.0,120.71509721059313
6.759999999999944,0.3139525976448052,50.0,199.9605345685659,30.96979974849611,90.0,120.71509721059313,59.030200251503885,90.0,239.28490278940689
6.759999999999944,-0.19999999999887663,50.0,180.0,40.5905107325802,90.0,102.91388685533876,49.4094892674198,90.0,257.0861131446612
6.779999999999943,-0.5999999999988681,-50.0,180.0,40.71745245763542,90.0,102.91459937227695,130.71745245763543,90.0,117.91459937227695
6.779999999999943,0.936906572926876,-50.0,199.6457450145751,30.95749215965879,90.0,120.40002497008051,120.95749215965878,90.0,120.40002497008051
6.779999999999943,0.936906572926876,50.0,199.6457450145751,30.95749215965879,90.0,120.40002497008051,59.04250784034121,90.0,239.5999750299195
6.779999999999943,-0.5999999999988681,50.0,180.0,40.71745245763542,90.0,102.91459937227695,49.28254754236458,90.0,257.08540062772306
6.799999999999943,-0.9999999999988596,-50.0,180.0,40.844010745680286,90.0,102.91602441224872,130.8440107456803,90.0,117.91602441224872
6.799999999999943,1.5450849718730324,-50.0,199.0211303259053,31.109944702096296,90.0,119.77920629987702,121.1099447020963,90.0,119.77920629987702
6.799999999999943,1.5450849718730324,50.0,199.0211303259053,31.109944702096296,90.0,119.77920629987702,58.8900552979037,90.0,240.22079370012298
6.799999999999943,-0.9999999999988596,50.0,180.0,40.844010745680286,90.0,102.91602441224872,49.155989254319714,90.0,257.0839755877513
6.8199999999999426,-1.399999999998851,-50.0,180.0,40.9701843343221,90.0,102.91816198744674,130.97018433432208,90.0,117.91816198744674
6.8199999999999426,2.12889645782373,-50.0,198.09654104932346,31.419859110604726,90.0,118.87054562290024,121.41985911060473,90.0,118.87054562290024
6.8199999999999426,2.12889645782373,50.0,198.09654104932346,31.419859110604726,90.0,118.87054562290024,58.580140889395274,90.0,241.12945437709976
6.8199999999999426,-1.399999999998851,50.0,180.0,40.9701843343221,90.0,102.91816198744674,49.0298156656779,90.0,257.08183801255325
6.839999999999942,-1.7999999999988425,-50.0,180.0,41.09597195883644,90.0,102.92101211616483,131.09597195883643,90.0,117.92101211616483
6.839999999999942,2.6791339748934466,-50.0,196.8865585100442,31.876191364307193,90.0,117.69917804440718,121.87619136430719,90.0,117.69917804440718
6.839999999999942,2.6791339748934466,50.0,196.8865585100442,31.876191364307193,90.0,117.69917804440718,58.12380863569281,90.0,242.30082195559282
6.839999999999942,-1.7999999999988425,50.0,180.0,41.09597195883644,90.0,102.92101211616483,48.90402804116356,90.0,257.07898788383517
6.859999999999942,-2.199999999998834,-50.0,180.0,41.22137235223841,90.0,102.92457482280366,131.2213723522384,90.0,117.92457482280366
6.859999999999942,3.187119948742037,-50.0,195.41026485552047,32.465036341701314,90.0,116.29576329477229,122.4650363417013,90.0,116.29576329477229
6.859999999999942,3.187119948742037,50.0,195.41026485552047,32.465036341701314,90.0,116.29576329477229,57.534963658298686,90.0,243.70423670522771
6.859999999999942,-2.199999999998834,50.0,180.0,41.22137235223841,90.0,102.92457482280366,48.77862764776159,90.0,257.07542517719634
6.879999999999941,-2.5999999999988255,-50.0,180.0,41.34638424535287,90.0,102.9288501378784,131.34638424535288,90.0,117.9288501378784
6.879999999999941,3.644843137105795,-50.0,193.69094211857916,33.17055542092136,90.0,114.69468536855689,123.17055542092136,90.0,114.69468536855689
6.879999999999941,3.644843137105795,50.0,193.69094211857916,33.17055542092136,90.0,114.69468536855689,56.82944457907864,90.0,245.3053146314431
6.879999999999941,-2.5999999999988255,50.0,180.0,41.34638424535287,90.0,102.9288501378784,48.65361575464713,90.0,257.0711498621216
6.899999999999941,-2.999999999998817,-50.0,180.0,41.47100636688321,90.0,102.93383809802839,131.47100636688322,90.0,117.93383809802839
6.899999999999941,4.045084971873644,-50.0,191.75570504585548,33.97583188464505,90.0,112.93237702943424,123.97583188464506,90.0,112.93237702943424
6.899999999999941,4.045084971873644,50.0,191.75570504585548,33.97583188464505,90.0,112.93237702943424,56.02416811535495,90.0,247.06762297056576
6.899999999999941,-2.999999999998817,50.0,180.0,41.47100636688321,90.0,102.93383809802839,48.52899363311679,90.0,257.0661619019716
6.91999999999994,-3.3999999999988084,-50.0,180.0,41.59523744347938,90.0,102.9395387460285,131.5952374434794,90.0,117.9395387460285
6.91999999999994,4.381533400218417,-50.0,189.63507348204087,34.863580660938865,90.00000000000001,111.04590841493261,124.86358066093887,89.99999999999999,111.04590841493261
6.91999999999994,4.381533400218417,50.0,189.63507348204087,34.863580660938865,90.00000000000001,111.04590841493261,55.136419339061135,90.00000000000001,248.95409158506737
6.91999999999994,-3.3999999999988084,50.0,180.0,41.59523744347938,90.0,102.9395387460285,48.40476255652062,90.0,257.0604612539715
6.93999999999994,-3.7999999999988,-50.0,180.0,41.71907619980453,90.0,102.94595213080264,131.71907619980453,90.0,117.94595213080264
6.93999999999994,4.648882429440563,-50.0,187.36249105370058,35.81668202294331,90.0,109.07189641964557,125.81668202294331,90.0,109.07189641964557
6.93999999999994,4.648882429440563,50.0,187.36249105370058,35.81668202294331,90.0,109.07189641964557,54.18331797705669,90.0,250.92810358035445
6.93999999999994,-3.7999999999988,50.0,180.0,41.71907619980453,90.0,102.94595213080264,48.28092380019547,90.0,257.05404786919735
6.95999999999994,-4.199999999998791,-50.0,180.0,41.84252135860054,90.0,102.95307830743903,131.84252135860055,90.0,117.95307830743903
6.95999999999994,4.842915805642684,-50.0,184.97379774330446,36.81854234570434,90.0,107.04572765398201,126.81854234570434,90.0,107.04572765398201
6.95999999999994,4.842915805642684,50.0,184.97379774330446,36.81854234570434,90.0,107.04572765398201,53.18145765429566,90.0,252.954272346018
6.95999999999994,-4.199999999998791,50.0,180.0,41.84252135860054,90.0,102.95307830743903,48.15747864139946,90.0,257.046921692561
6.979999999999939,-4.599999999998783,-50.0,180.0,41.9655716407524,90.0,102.9609173372075,131.9655716407524,90.0,117.9609173372075
6.979999999999939,4.96057350657215,-50.0,182.50666467129366,37.853305265810405,90.0,105.00104961666477,127.8533052658104,90.0,105.00104961666477
6.979999999999939,4.96057350657215,50.0,182.50666467129366,37.853305265810405,90.0,105.00104961666477,52.146694734189595,90.0,254.99895038333523
6.979999999999939,-4.599999999998783,50.0,180.0,41.9655716407524,90.0,102.9609173372075,48.0344283592476,90.0,257.0390826627925
6.999999999999939,-4.999999999998774,-50.0,180.0,42.08822576535129,90.0,102.96946928757872,132.0882257653513,90.0,117.96946928757872
6.999999999999939,5.0,-50.0,180.0000000000077,38.90594522295924,90.0,102.96946928758491,128.90594522295925,90.0,102.96946928758491
6.999999999999939,5.0,50.0,180.0000000000077,38.90594522295924,90.0,102.96946928758491,51.09405477704076,90.0,257.0305307124151
6.999999999999939,-4.999999999998774,50.0,180.0,42.08822576535129,90.0,102.96946928757872,47.91177423464871,90.0,257.0305307124213
7.019999999999938,-4.960573506572632,-50.0,182.5066646712784,40.96716378524045,90.0,105.00104961665225,130.96716378524044,90.0,120.00104961665225
7.019999999999938,4.600000000001234,-50.0,180.0,39.03775794868437,90.0,102.96091733720756,129.03775794868437,90.0,102.96091733720756
7.019999999999938,4.600000000001234,50.0,180.0,39.03775794868437,90.0,102.96091733720756,50.96224205131563,90.0,257.03908266279245
7.019999999999938,-4.960573506572632,50.0,182.5066646712784,40.96716378524045,90.0,105.00104961665225,49.03283621475955,90.0,254.99895038334773
7.039999999999938,-4.842915805643641,-50.0,184.97379774328954,39.81805107431042,90.0,107.04572765396954,129.8180510743104,90.0,122.04572765396954
7.039999999999938,4.200000000001243,-50.0,180.0,39.16920340194229,90.0,102.95307830743907,129.1692034019423,90.0,102.95307830743907
7.039999999999938,4.200000000001243,50.0,180.0,39.16920340194229,90.0,102.95307830743907,50.83079659805771,90.0,257.04692169256094
7.039999999999938,-4.842915805643641,50.0,184.97379774328954,39.81805107431042,90.0,107.04572765396954,50.18194892568958,90.0,252.95427234603045
7.059999999999937,-4.648882429441981,-50.0,187.36249105368626,38.6593716116387,90.0,109.07189641963325,128.6593716116387,90.0,124.07189641963325
7.059999999999937,3.8000000000012513,-50.0,180.0,39.30028035762544,90.0,102.94595213080268,129.30028035762544,90.0,102.94595213080268
7.059999999999937,3.8000000000012513,50.0,180.0,39.30028035762544,90.0,102.94595213080268,50.69971964237456,90.0,257.05404786919735
7.059999999999937,-4.648882429441981,50.0,187.36249105368626,38.6593716116387,90.0,109.07189641963325,51.3406283883613,90.0,250.92810358036675
7.079999999999937,-4.381533400220271,-50.0,189.63507348202737,37.51075671967258,90.0,111.0459084149207,127.51075671967257,90.0,126.0459084149207
7.079999999999937,3.40000000000126,-50.0,180.0,39.43098758726906,90.0,102.93953874602856,129.43098758726904,90.0,102.93953874602856
7.079999999999937,3.40000000000126,50.0,180.0,39.43098758726906,90.0,102.93953874602856,50.56901241273094,90.0,257.0604612539714
7.079999999999937,-4.381533400220271,50.0,189.63507348202737,37.51075671967258,90.0,111.0459084149207,52.48924328032742,90.0,248.9540915850793
7.099999999999937,-4.045084971875908,-50.0,191.755705045843,36.392781380016174,90.0,112.93237702942301,126.39278138001617,90.0,127.93237702942301
7.099999999999937,3.0000000000012683,-50.0,180.0,39.561323859138774,90.0,102.93383809802845,129.56132385913878,90.0,102.93383809802845
7.099999999999937,3.0000000000012683,50.0,180.0,39.561323859138774,90.0,102.93383809802845,50.438676140861226,90.0,257.06616190197155
7.099999999999937,-4.045084971875908,50.0,191.755705045843,36.392781380016174,90.0,112.93237702942301,53.607218619983826,90.0,247.067622970577
7.119999999999936,-3.6448431371084307,-50.0,193.69094211856793,35.326665371776244,90.0,114.69468536854656,125.32666537177624,90.0,129.69468536854657
7.119999999999936,2.600000000001277,-50.0,180.0,39.69128793831442,90.0,102.92885013787843,129.69128793831442,90.0,102.92885013787843
7.119999999999936,2.600000000001277,50.0,180.0,39.69128793831442,90.0,102.92885013787843,50.30871206168558,90.0,257.07114986212156
7.119999999999936,-3.6448431371084307,50.0,193.69094211856793,35.326665371776244,90.0,114.69468536854656,54.673334628223756,90.0,245.30531463145343
7.139999999999936,-3.1871199487450044,-50.0,195.41026485551063,34.333846381271684,90.0,116.29576329476302,124.33384638127168,90.0,131.29576329476302
7.139999999999936,2.2000000000012854,-50.0,180.0,39.82087858677275,90.0,102.92457482280369,129.82087858677275,90.0,102.92457482280369
7.139999999999936,2.2000000000012854,50.0,180.0,39.82087858677275,90.0,102.92457482280369,50.17912141322725,90.0,257.0754251771963
7.139999999999936,-3.1871199487450044,50.0,195.41026485551063,34.333846381271684,90.0,116.29576329476302,55.666153618728316,90.0,243.70423670523698
7.159999999999935,-2.679133974896699,-50.0,196.88655851003594,33.43539984769097,90.0,117.69917804439923,123.43539984769097,90.0,132.69917804439922
7.159999999999935,1.800000000001294,-50.0,180.0,39.950094563469406,90.0,102.92101211616486,129.9500945634694,90.0,102.92101211616486
7.159999999999935,1.800000000001294,50.0,180.0,39.950094563469406,90.0,102.92101211616486,50.049905436530594,90.0,257.0789878838351
7.159999999999935,-2.679133974896699,50.0,196.88655851003594,33.43539984769097,90.0,117.69917804439923,56.56460015230903,90.0,242.30082195560078
7.179999999999935,-2.1288964578272145,-50.0,198.0965410493169,32.651299961776196,90.00000000000001,118.87054562289383,122.6512999617762,89.99999999999999,133.87054562289381
7.179999999999935,1.4000000000013024,-50.0,180.0,40.07893462441949,90.0,102.91816198744677,130.0789346244195,90.0,102.91816198744677
7.179999999999935,1.4000000000013024,50.0,180.0,40.07893462441949,90.0,102.91816198744677,49.92106537558051,90.0,257.08183801255325
7.179999999999935,-2.1288964578272145,50.0,198.0965410493169,32.651299961776196,90.00000000000001,118.87054562289383,57.348700038223804,90.00000000000001,241.12945437710619
7.1999999999999345,-1.545084971876696,-50.0,199.02113032590051,31.999549431720514,90.00000000000001,119.77920629987231,121.99954943172051,89.99999999999999,134.77920629987233
7.1999999999999345,1.000000000001311,-50.0,180.0,40.2073975227775,90.0,102.91602441224872,130.2073975227775,90.0,102.91602441224872
7.1999999999999345,1.000000000001311,50.0,180.0,40.2073975227775,90.0,102.91602441224872,49.7926024772225,90.0,257.0839755877513
7.1999999999999345,-1.545084971876696,50.0,199.02113032590051,31.999549431720514,90.00000000000001,119.77920629987231,58.00045056827949,90.00000000000001,240.22079370012767
7.219999999999934,-0.9369065729306597,-50.0,199.6457450145722,31.49524865791304,90.00000000000001,120.40002497007761,121.49524865791304,89.99999999999999,135.4000249700776
7.219999999999934,0.6000000000013195,-50.0,180.0,40.33548200891598,90.0,102.91459937227695,130.335482008916,90.0,102.91459937227695
7.219999999999934,0.6000000000013195,50.0,180.0,40.33548200891598,90.0,102.91459937227695,49.66451799108402,90.0,257.08540062772306
7.219999999999934,-0.9369065729306597,50.0,199.6457450145722,31.49524865791304,90.00000000000001,120.40002497007761,58.50475134208696,90.00000000000001,239.5999750299224
7.239999999999934,-0.3139525976486496,-50.0,199.9605345685649,31.149716691308544,90.00000000000001,120.71509721059216,121.14971669130854,89.99999999999999,135.71509721059215
7.239999999999934,0.200000000001328,-50.0,180.0,40.46318683050327,90.0,102.91388685533876,130.46318683050328,90.0,102.91388685533876
7.239999999999934,0.200000000001328,50.0,180.0,40.46318683050327,90.0,102.91388685533876,49.53681316949673,90.0,257.0861131446612
7.239999999999934,-0.3139525976486496,50.0,199.9605345685649,31.149716691308544,90.00000000000001,120.71509721059216,58.85028330869146,90.00000000000001,239.28490278940785
7.259999999999933,0.31395259764447175,-50.0,199.96053456856595,30.969799748496182,90.0,120.71509721059317,120.96979974849619,90.0,135.71509721059317
7.259999999999933,-0.19999999999866347,-50.0,180.0,40.59051073258013,90.0,102.91388685533876,130.59051073258013,90.0,102.91388685533876
7.259999999999933,-0.19999999999866347,50.0,180.0,40.59051073258013,90.0,102.91388685533876,49.40948926741987,90.0,257.0861131446612
7.259999999999933,0.31395259764447175,50.0,199.96053456856595,30.969799748496182,90.0,120.71509721059317,59.030200251503814,90.0,239.28490278940683
7.279999999999933,0.9369065729265478,-50.0,199.64574501457537,30.957492159658752,90.0,120.40002497008076,120.95749215965876,90.0,135.40002497008078
7.279999999999933,-0.5999999999986549,-50.0,180.0,40.71745245763535,90.0,102.91459937227695,130.71745245763535,90.0,102.91459937227695
7.279999999999933,-0.5999999999986549,50.0,180.0,40.71745245763535,90.0,102.91459937227695,49.28254754236465,90.0,257.08540062772306
7.279999999999933,0.9369065729265478,50.0,199.64574501457537,30.957492159658752,90.0,120.40002497008076,59.042507840341244,90.0,239.59997502991922
7.299999999999932,1.5450849718727147,-50.0,199.0211303259057,31.10994470209618,90.0,119.77920629987742,121.10994470209619,90.0,134.77920629987742
7.299999999999932,-0.9999999999986464,-50.0,180.0,40.84401074568022,90.0,102.91602441224872,130.84401074568024,90.0,102.91602441224872
7.299999999999932,-0.9999999999986464,50.0,180.0,40.84401074568022,90.0,102.91602441224872,49.15598925431978,90.0,257.0839755877513
7.299999999999932,1.5450849718727147,50.0,199.0211303259057,31.10994470209618,90.0,119.77920629987742,58.89005529790382,90.0,240.22079370012258
7.319999999999932,2.128896457823427,-50.0,198.09654104932403,31.41985911060452,90.0,118.87054562290079,121.41985911060452,90.0,133.8705456229008
7.319999999999932,-1.399999999998638,-50.0,180.0,40.970184334322035,90.0,102.91816198744674,130.97018433432203,90.0,102.91816198744674
7.319999999999932,-1.399999999998638,50.0,180.0,40.970184334322035,90.0,102.91816198744674,49.029815665677965,90.0,257.08183801255325
7.319999999999932,2.128896457823427,50.0,198.09654104932403,31.41985911060452,90.0,118.87054562290079,58.58014088939548,90.0,241.1294543770992
7.3399999999999315,2.679133974893166,-50.0,196.88655851004492,31.876191364306912,90.0,117.69917804440786,121.87619136430692,90.0,132.69917804440786
7.3399999999999315,-1.7999999999986294,-50.0,180.0,41.095971958836365,90.0,102.92101211616483,131.09597195883637,90.0,102.92101211616483
7.3399999999999315,-1.7999999999986294,50.0,180.0,41.095971958836365,90.0,102.92101211616483,48.904028041163635,90.0,257.07898788383517
7.3399999999999315,2.679133974893166,50.0,196.88655851004492,31.876191364306912,90.0,117.69917804440786,58.12380863569309,90.0,242.30082195559214
7.359999999999931,3.187119948741779,-50.0,195.41026485552132,32.46503634170097,90.0,116.2957632947731,122.46503634170097,90.0,131.2957632947731
7.359999999999931,-2.199999999998621,-50.0,180.0,41.221372352238355,90.0,102.92457482280365,131.22137235223835,90.0,102.92457482280365
7.359999999999931,-2.199999999998621,50.0,180.0,41.221372352238355,90.0,102.92457482280365,48.778627647761645,90.0,257.07542517719634
7.359999999999931,3.187119948741779,50.0,195.41026485552132,32.46503634170097,90.0,116.2957632947731,57.53496365829903,90.0,243.7042367052269
7.379999999999931,3.644843137105566,-50.0,193.69094211858012,33.17055542092096,90.0,114.69468536855778,123.17055542092096,90.0,129.69468536855777
7.379999999999931,-2.5999999999986123,-50.0,180.0,41.34638424535281,90.0,102.9288501378784,131.3463842453528,90.0,102.9288501378784
7.379999999999931,-2.5999999999986123,50.0,180.0,41.34638424535281,90.0,102.9288501378784,48.65361575464719,90.0,257.0711498621216
7.379999999999931,3.644843137105566,50.0,193.69094211858012,33.17055542092096,90.0,114.69468536855778,56.82944457907904,90.0,245.30531463144223
7.39999999999993,4.045084971873447,-50.0,191.75570504585656,33.9758318846446,90.0,112.93237702943522,123.9758318846446,90.0,127.93237702943522
7.39999999999993,-2.999999999998604,-50.0,180.0,41.471006366883145,90.0,102.93383809802839,131.47100636688316,90.0,102.93383809802839
7.39999999999993,-2.999999999998604,50.0,180.0,41.471006366883145,90.0,102.93383809802839,48.528993633116855,90.0,257.0661619019716
7.39999999999993,4.045084971873447,50.0,191.75570504585656,33.9758318846446,90.0,112.93237702943522,56.0241681153554,90.0,247.0676229705648
7.41999999999993,4.381533400218255,-50.0,189.63507348204203,34.86358066093838,90.0,111.04590841493363,124.86358066093838,90.0,126.04590841493363
7.41999999999993,-3.3999999999985953,-50.0,180.0,41.59523744347931,90.0,102.9395387460285,131.5952374434793,90.0,102.9395387460285
7.41999999999993,-3.3999999999985953,50.0,180.0,41.59523744347931,90.0,102.9395387460285,48.40476255652069,90.0,257.0604612539715
7.41999999999993,4.381533400218255,50.0,189.63507348204203,34.86358066093838,90.0,111.04590841493363,55.13641933906162,90.0,248.95409158506635
7.439999999999929,4.648882429440439,-50.0,187.36249105370183,35.81668202294279,90.0,109.07189641964663,125.81668202294279,90.0,124.07189641964663
7.439999999999929,-3.7999999999985867,-50.0,180.0,41.71907619980447,90.0,102.94595213080264,131.71907619980448,90.0,102.94595213080264
7.439999999999929,-3.7999999999985867,50.0,180.0,41.71907619980447,90.0,102.94595213080264,48.28092380019553,90.0,257.05404786919735
7.439999999999929,4.648882429440439,50.0,187.36249105370183,35.81668202294279,90.0,109.07189641964663,54.18331797705721,90.0,250.92810358035337
7.459999999999929,4.8429158056426,-50.0,184.97379774330574,36.81854234570379,90.00000000000001,107.04572765398309,126.81854234570379,89.99999999999999,122.04572765398309
7.459999999999929,-4.199999999998578,-50.0,180.0,41.84252135860047,90.0,102.95307830743903,131.84252135860046,90.0,102.95307830743903
7.459999999999929,-4.199999999998578,50.0,180.0,41.84252135860047,90.0,102.95307830743903,48.15747864139953,90.0,257.046921692561
7.459999999999929,4.8429158056426,50.0,184.97379774330574,36.81854234570379,90.00000000000001,107.04572765398309,53.18145765429621,90.00000000000001,252.95427234601692
7.4799999999999285,4.960573506572107,-50.0,182.506664671295,37.85330526580984,90.0,105.00104961666587,127.85330526580984,90.0,120.00104961666587
7.4799999999999285,-4.59999999999857,-50.0,180.0,41.96557164075234,90.0,102.96091733720749,131.96557164075233,90.0,102.96091733720749
7.4799999999999285,-4.59999999999857,50.0,180.0,41.96557164075234,90.0,102.96091733720749,48.03442835924766,90.0,257.0390826627925
7.4799999999999285,4.960573506572107,50.0,182.506664671295,37.85330526580984,90.0,105.00104961666587,52.14669473419016,90.0,254.99895038333415
7.499999999999928,5.0,-50.0,180.00000000000904,38.90594522295869,90.0,102.96946928758598,128.90594522295868,90.0,117.96946928758598
7.499999999999928,-4.999999999998561,-50.0,180.0,42.08822576535122,90.0,102.96946928757872,132.0882257653512,90.0,102.96946928757872
7.499999999999928,-4.999999999998561,50.0,180.0,42.08822576535122,90.0,102.96946928757872,47.91177423464878,90.0,257.0305307124213
7.499999999999928,5.0,50.0,180.00000000000904,38.90594522295869,90.0,102.96946928758598,51.09405477704131,90.0,257.030530712414
7.519999999999928,4.600000000001447,-50.0,180.0,39.0377579486843,90.0,102.96091733720756,129.03775794868432,90.0,117.96091733720756
7.519999999999928,-4.960573506572671,-50.0,182.50666467127718,40.967163785241,90.0,105.00104961665127,130.96716378524098,90.0,105.00104961665127
7.519999999999928,-4.960573506572671,50.0,182.50666467127718,40.967163785241,90.0,105.00104961665127,49.032836214759,90.0,254.99895038334873
7.519999999999928,4.600000000001447,50.0,180.0,39.0377579486843,90.0,102.96091733720756,50.9622420513157,90.0,257.03908266279245
7.539999999999927,4.200000000001456,-50.0,180.0,39.16920340194222,90.0,102.95307830743907,129.1692034019422,90.0,117.95307830743907
7.539999999999927,-4.842915805643717,-50.0,184.97379774328834,39.818051074310986,90.0,107.04572765396851,129.81805107431097,90.0,107.04572765396851
7.539999999999927,-4.842915805643717,50.0,184.97379774328834,39.818051074310986,90.0,107.04572765396851,50.181948925689014,90.0,252.95427234603147
7.539999999999927,4.200000000001456,50.0,180.0,39.16920340194222,90.0,102.95307830743907,50.83079659805778,90.0,257.04692169256094
7.559999999999927,3.8000000000014644,-50.0,180.0,39.30028035762537,90.0,102.94595213080268,129.30028035762535,90.0,117.94595213080268
7.559999999999927,-4.648882429442094,-50.0,187.36249105368512,38.65937161163926,90.0,109.07189641963228,128.65937161163924,90.0,109.07189641963228
7.559999999999927,-4.648882429442094,50.0,187.36249105368512,38.65937161163926,90.0,109.07189641963228,51.34062838836074,90.0,250.92810358036772
7.559999999999927,3.8000000000014644,50.0,180.0,39.30028035762537,90.0,102.94595213080268,50.69971964237463,90.0,257.05404786919735
7.579999999999926,3.400000000001473,-50.0,180.0,39.43098758726899,90.0,102.93953874602856,129.430987587269,90.0,117.93953874602856
7.579999999999926,-4.38153340022042,-50.0,189.63507348202629,37.51075671967312,90.0,111.0459084149198,127.51075671967311,90.0,111.0459084149198
7.579999999999926,-4.38153340022042,50.0,189.63507348202629,37.51075671967312,90.0,111.0459084149198,52.48924328032688,90.0,248.95409158508022
7.579999999999926,3.400000000001473,50.0,180.0,39.43098758726899,90.0,102.93953874602856,50.56901241273101,90.0,257.0604612539714
7.599999999999926,3.0000000000014815,-50.0,180.0,39.5613238591387,90.0,102.93383809802845,129.5613238591387,90.0,117.93383809802845
7.599999999999926,-4.045084971876088,-50.0,191.75570504584203,36.39278138001671,90.0,112.93237702942214,126.39278138001671,90.0,112.93237702942214
7.599999999999926,-4.045084971876088,50.0,191.75570504584203,36.39278138001671,90.0,112.93237702942214,53.60721861998329,90.0,247.06762297057787
7.599999999999926,3.0000000000014815,50.0,180.0,39.5613238591387,90.0,102.93383809802845,50.4386761408613,90.0,257.06616190197155
7.6199999999999255,2.60000000000149,-50.0,180.0,39.69128793831434,90.0,102.92885013787846,129.69128793831433,90.0,117.92885013787846
7.6199999999999255,-3.6448431371086407,-50.0,193.69094211856702,35.326665371776755,90.0,114.69468536854572,125.32666537177676,90.0,114.69468536854572
7.6199999999999255,-3.6448431371086407,50.0,193.69094211856702,35.326665371776755,90.0,114.69468536854572,54.673334628223245,90.0,245.30531463145428
7.6199999999999255,2.60000000000149,50.0,180.0,39.69128793831434,90.0,102.92885013787846,50.30871206168566,90.0,257.07114986212156
7.639999999999925,2.2000000000014985,-50.0,180.0,39.82087858677268,90.0,102.92457482280369,129.82087858677266,90.0,117.92457482280369
7.639999999999925,-3.1871199487452406,-50.0,195.41026485550987,34.333846381272124,90.0,116.29576329476234,124.33384638127212,90.0,116.29576329476234
7.639999999999925,-3.1871199487452406,50.0,195.41026485550987,34.333846381272124,90.0,116.29576329476234,55.666153618727876,90.0,243.70423670523766
7.639999999999925,2.2000000000014985,50.0,180.0,39.82087858677268,90.0,102.92457482280369,50.17912141322732,90.0,257.0754251771963
7.659999999999925,1.800000000001507,-50.0,180.0,39.950094563469335,90.0,102.92101211616486,129.95009456346935,90.0,117.92101211616486
7.659999999999925,-2.679133974896959,-50.0,196.8865585100353,33.43539984769137,90.0,117.69917804439862,123.43539984769137,90.0,117.69917804439862
7.659999999999925,-2.679133974896959,50.0,196.8865585100353,33.43539984769137,90.0,117.69917804439862,56.56460015230863,90.0,242.30082195560138
7.659999999999925,1.800000000001507,50.0,180.0,39.950094563469335,90.0,102.92101211616486,50.049905436530665,90.0,257.0789878838351
7.679999999999924,1.4000000000015156,-50.0,180.0,40.07893462441942,90.0,102.91816198744677,130.07893462441942,90.0,117.91816198744677
7.679999999999924,-2.128896457827492,-50.0,198.0965410493164,32.65129996177654,90.0,118.87054562289332,122.65129996177654,90.0,118.87054562289332
7.679999999999924,-2.128896457827492,50.0,198.0965410493164,32.65129996177654,90.0,118.87054562289332,57.34870003822346,90.0,241.1294543771067
7.679999999999924,1.4000000000015156,50.0,180.0,40.07893462441942,90.0,102.91816198744677,49.92106537558058,90.0,257.08183801255325
7.699999999999924,1.0000000000015241,-50.0,180.0,40.20739752277743,90.0,102.91602441224872,130.20739752277743,90.0,117.91602441224872
7.699999999999924,-1.5450849718769875,-50.0,199.02113032590015,31.9995494317208,90.00000000000001,119.77920629987193,121.9995494317208,89.99999999999999,119.77920629987193
7.699999999999924,-1.5450849718769875,50.0,199.02113032590015,31.9995494317208,90.00000000000001,119.77920629987193,58.0004505682792,90.00000000000001,240.22079370012807
7.699999999999924,1.0000000000015241,50.0,180.0,40.20739752277743,90.0,102.91602441224872,49.79260247722257,90.0,257.0839755877513
7.719999999999923,0.6000000000015326,-50.0,180.0,40.33548200891591,90.0,102.91459937227695,130.3354820089159,90.0,117.91459937227695
7.719999999999923,-0.9369065729309607,-50.0,199.645745014572,31.49524865791324,90.0,120.40002497007741,121.49524865791324,90.0,120.40002497007741
7.719999999999923,-0.9369065729309607,50.0,199.645745014572,31.49524865791324,90.0,120.40002497007741,58.50475134208676,90.0,239.59997502992258
7.719999999999923,0.6000000000015326,50.0,180.0,40.33548200891591,90.0,102.91459937227695,49.66451799108409,90.0,257.08540062772306
7.739999999999923,0.20000000000154117,-50.0,180.0,40.463186830503204,90.0,102.91388685533876,130.46318683050322,90.0,117.91388685533876
7.739999999999923,-0.31395259764895544,-50.0,199.96053456856484,31.149716691308665,90.0,120.7150972105921,121.14971669130867,90.0,120.7150972105921
7.739999999999923,-0.31395259764895544,50.0,199.96053456856484,31.149716691308665,90.0,120.7150972105921,58.85028330869133,90.0,239.2849027894079
7.739999999999923,0.20000000000154117,50.0,180.0,40.463186830503204,90.0,102.91388685533876,49.536813169496796,90.0,257.0861131446612
7.7599999999999225,-0.1999999999984503,-50.0,180.0,40.590510732580064,90.0,102.91388685533876,130.59051073258007,90.0,117.91388685533876
7.7599999999999225,0.3139525976441648,-50.0,199.96053456856603,30.969799748496193,90.0,120.71509721059333,120.9697997484962,90.0,120.71509721059333
7.7599999999999225,0.3139525976441648,50.0,199.96053456856603,30.969799748496193,90.0,120.71509721059333,59.03020025150381,90.0,239.28490278940666
7.7599999999999225,-0.1999999999984503,50.0,180.0,40.590510732580064,90.0,102.91388685533876,49.409489267419936,90.0,257.0861131446612
7.779999999999922,-0.5999999999984418,-50.0,180.0,40.71745245763528,90.0,102.91459937227695,130.7174524576353,90.0,117.91459937227695
7.779999999999922,0.9369065729262456,-50.0,199.6457450145756,30.95749215965872,90.00000000000001,120.40002497008096,120.95749215965873,89.99999999999999,120.40002497008096
7.779999999999922,0.9369065729262456,50.0,199.6457450145756,30.95749215965872,90.00000000000001,120.40002497008096,59.04250784034128,90.00000000000001,239.59997502991905
7.779999999999922,-0.5999999999984418,50.0,180.0,40.71745245763528,90.0,102.91459937227695,49.28254754236472,90.0,257.08540062772306
7.799999999999922,-0.9999999999984333,-50.0,180.0,40.84401074568015,90.0,102.91602441224872,130.84401074568015,90.0,117.91602441224872
7.799999999999922,1.5450849718724222,-50.0,199.02113032590609,31.109944702096048,90.0,119.7792062998778,121.10994470209604,90.0,119.7792062998778
7.799999999999922,1.5450849718724222,50.0,199.02113032590609,31.109944702096048,90.0,119.7792062998778,58.890055297903956,90.0,240.22079370012221
7.799999999999922,-0.9999999999984333,50.0,180.0,40.84401074568015,90.0,102.91602441224872,49.15598925431985,90.0,257.0839755877513
7.819999999999921,-1.3999999999984247,-50.0,180.0,40.97018433432197,90.0,102.91816198744674,130.97018433432197,90.0,117.91816198744674
7.819999999999921,2.1288964578231493,-50.0,198.09654104932457,31.41985911060433,90.0,118.8705456229013,121.41985911060434,90.0,118.8705456229013
7.819999999999921,2.1288964578231493,50.0,198.09654104932457,31.41985911060433,90.0,118.8705456229013,58.580140889395665,90.0,241.12945437709868
7.819999999999921,-1.3999999999984247,50.0,180.0,40.97018433432197,90.0,102.91816198744674,49.02981566567803,90.0,257.08183801255325
7.839999999999921,-1.7999999999984162,-50.0,180.0,41.095971958836294,90.0,102.92101211616483,131.0959719588363,90.0,117.92101211616483
7.839999999999921,2.679133974892905,-50.0,196.88655851004557,31.87619136430666,90.0,117.6991780444085,121.87619136430666,90.0,117.6991780444085
7.839999999999921,2.679133974892905,50.0,196.88655851004557,31.87619136430666,90.0,117.6991780444085,58.12380863569334,90.0,242.30082195559152
7.839999999999921,-1.7999999999984162,50.0,180.0,41.095971958836294,90.0,102.92101211616483,48.904028041163706,90.0,257.07898788383517
7.85999999999992,-2.1999999999984077,-50.0,180.0,41.22137235223829,90.0,102.92457482280365,131.2213723522383,90.0,117.92457482280365
7.85999999999992,3.1871199487415423,-50.0,195.4102648555221,32.46503634170065,90.00000000000001,116.29576329477383,122.46503634170065,89.99999999999999,116.29576329477383
7.85999999999992,3.1871199487415423,50.0,195.4102648555221,32.46503634170065,90.00000000000001,116.29576329477383,57.53496365829935,90.00000000000001,243.70423670522615
7.85999999999992,-2.1999999999984077,50.0,180.0,41.22137235223829,90.0,102.92457482280365,48.77862764776171,90.0,257.07542517719634
7.87999999999992,-2.599999999998399,-50.0,180.0,41.34638424535274,90.0,102.9288501378784,131.34638424535274,90.0,117.9288501378784
7.87999999999992,3.644843137105354,-50.0,193.69094211858103,33.17055542092058,90.0,114.69468536855862,123.17055542092058,90.0,114.69468536855862
7.87999999999992,3.644843137105354,50.0,193.69094211858103,33.17055542092058,90.0,114.69468536855862,56.82944457907942,90.0,245.30531463144138
7.87999999999992,-2.599999999998399,50.0,180.0,41.34638424535274,90.0,102.9288501378784,48.65361575464726,90.0,257.0711498621216
7.8999999999999195,-2.9999999999983906,-50.0,180.0,41.471006366883074,90.0,102.93383809802839,131.47100636688307,90.0,117.93383809802839
7.8999999999999195,4.045084971873267,-50.0,191.75570504585755,33.97583188464418,90.0,112.93237702943611,123.97583188464418,90.0,112.93237702943611
7.8999999999999195,4.045084971873267,50.0,191.75570504585755,33.97583188464418,90.0,112.93237702943611,56.02416811535582,90.0,247.0676229705639
7.8999999999999195,-2.9999999999983906,50.0,180.0,41.471006366883074,90.0,102.93383809802839,48.528993633116926,90.0,257.0661619019716
7.919999999999919,-3.399999999998382,-50.0,180.0,41.59523744347924,90.0,102.9395387460285,131.59523744347925,90.0,117.9395387460285
7.919999999999919,4.381533400218107,-50.0,189.6350734820431,34.86358066093792,90.0,111.04590841493459,124.86358066093791,90.0,111.04590841493459
7.919999999999919,4.381533400218107,50.0,189.6350734820431,34.86358066093792,90.0,111.04590841493459,55.13641933906208,90.0,248.9540915850654
7.919999999999919,-3.399999999998382,50.0,180.0,41.59523744347924,90.0,102.9395387460285,48.40476255652076,90.0,257.0604612539715
7.939999999999919,-3.7999999999983736,-50.0,180.0,41.7190761998044,90.0,102.94595213080264,131.7190761998044,90.0,117.94595213080264
7.939999999999919,4.648882429440326,-50.0,187.36249105370297,35.81668202294231,90.00000000000001,109.07189641964763,125.8166820229423,89.99999999999999,109.07189641964763
7.939999999999919,4.648882429440326,50.0,187.36249105370297,35.81668202294231,90.00000000000001,109.07189641964763,54.18331797705769,90.00000000000001,250.92810358035237
7.939999999999919,-3.7999999999983736,50.0,180.0,41.7190761998044,90.0,102.94595213080264,48.2809238001956,90.0,257.05404786919735
7.959999999999918,-4.199999999998365,-50.0,180.0,41.84252135860042,90.0,102.95307830743901,131.84252135860044,90.0,117.95307830743901
7.959999999999918,4.842915805642524,-50.0,184.97379774330693,36.8185423457033,90.0,107.0457276539841,126.81854234570329,90.0,107.0457276539841
7.959999999999918,4.842915805642524,50.0,184.97379774330693,36.8185423457033,90.0,107.0457276539841,53.1814576542967,90.0,252.9542723460159
7.959999999999918,-4.199999999998365,50.0,180.0,41.84252135860042,90.0,102.95307830743901,48.15747864139958,90.0,257.046921692561
7.979999999999918,-4.5999999999983565,-50.0,180.0,41.965571640752266,90.0,102.96091733720749,131.96557164075227,90.0,117.96091733720749
7.979999999999918,4.960573506572069,-50.0,182.50666467129622,37.85330526580934,90.0,105.00104961666685,127.85330526580934,90.0,105.00104961666685
7.979999999999918,4.960573506572069,50.0,182.50666467129622,37.85330526580934,90.0,105.00104961666685,52.14669473419066,90.0,254.99895038333315
7.979999999999918,-4.5999999999983565,50.0,180.0,41.965571640752266,90.0,102.96091733720749,48.034428359247734,90.0,257.0390826627925
7.999999999999917,-4.999999999998348,-50.0,180.0,42.08822576535117,90.0,102.96946928757869,132.08822576535118,90.0,117.96946928757869
7.999999999999917,5.0,-50.0,180.00000000001026,38.905945222958174,90.0,102.96946928758697,128.90594522295817,90.0,102.96946928758697
7.999999999999917,5.0,50.0,180.00000000001026,38.905945222958174,90.0,102.96946928758697,51.094054777041826,90.0,257.030530712413
7.999999999999917,-4.999999999998348,50.0,180.0,42.08822576535117,90.0,102.96946928757869,47.91177423464883,90.0,257.0305307124213
8.019999999999918,-4.960573506572713,-50.0,182.50666467127584,40.967163785241596,90.0,105.00104961665018,130.9671637852416,90.0,120.00104961665018
8.019999999999918,4.600000000001643,-50.0,180.0,39.037757948684245,90.0,102.96091733720756,129.03775794868426,90.0,102.96091733720756
8.019999999999918,4.600000000001643,50.0,180.0,39.037757948684245,90.0,102.96091733720756,50.962242051315755,90.0,257.03908266279245
8.019999999999918,-4.960573506572713,50.0,182.50666467127584,40.967163785241596,90.0,105.00104961665018,49.032836214758404,90.0,254.99895038334984
8.039999999999917,-4.8429158056438,-50.0,184.97379774328704,39.8180510743116,90.0,107.04572765396743,129.8180510743116,90.0,122.04572765396743
8.039999999999917,4.200000000001651,-50.0,180.0,39.169203401942156,90.0,102.95307830743907,129.16920340194216,90.0,102.95307830743907
8.039999999999917,4.200000000001651,50.0,180.0,39.169203401942156,90.0,102.95307830743907,50.830796598057844,90.0,257.04692169256094
8.039999999999917,-4.8429158056438,50.0,184.97379774328704,39.8180510743116,90.0,107.04572765396743,50.1819489256884,90.0,252.95427234603255
8.059999999999917,-4.648882429442217,-50.0,187.36249105368387,38.65937161163989,90.0,109.0718964196312,128.6593716116399,90.0,124.0718964196312
8.059999999999917,3.80000000000166,-50.0,180.0,39.300280357625304,90.0,102.94595213080268,129.3002803576253,90.0,102.94595213080268
8.059999999999917,3.80000000000166,50.0,180.0,39.300280357625304,90.0,102.94595213080268,50.699719642374696,90.0,257.05404786919735
8.059999999999917,-4.648882429442217,50.0,187.36249105368387,38.65937161163989,90.0,109.0718964196312,51.34062838836011,90.0,250.9281035803688
8.079999999999917,-4.38153340022058,-50.0,189.63507348202512,37.51075671967373,90.0,111.04590841491876,127.51075671967374,90.0,126.04590841491876
8.079999999999917,3.4000000000016684,-50.0,180.0,39.43098758726892,90.0,102.93953874602856,129.43098758726893,90.0,102.93953874602856
8.079999999999917,3.4000000000016684,50.0,180.0,39.43098758726892,90.0,102.93953874602856,50.56901241273108,90.0,257.0604612539714
8.079999999999917,-4.38153340022058,50.0,189.63507348202512,37.51075671967373,90.0,111.04590841491876,52.48924328032627,90.0,248.95409158508124
8.099999999999916,-4.045084971876285,-50.0,191.75570504584093,36.39278138001731,90.0,112.93237702942113,126.39278138001731,90.0,127.93237702942113
8.099999999999916,3.000000000001677,-50.0,180.0,39.561323859138646,90.0,102.93383809802845,129.56132385913864,90.0,102.93383809802845
8.099999999999916,3.000000000001677,50.0,180.0,39.561323859138646,90.0,102.93383809802845,50.438676140861354,90.0,257.06616190197155
8.099999999999916,-4.045084971876285,50.0,191.75570504584093,36.39278138001731,90.0,112.93237702942113,53.60721861998269,90.0,247.06762297057887
8.119999999999916,-3.6448431371088703,-50.0,193.69094211856606,35.326665371777295,90.0,114.69468536854485,125.3266653717773,90.0,129.69468536854487
8.119999999999916,2.6000000000016854,-50.0,180.0,39.69128793831428,90.0,102.92885013787846,129.69128793831428,90.0,102.92885013787846
8.119999999999916,2.6000000000016854,50.0,180.0,39.69128793831428,90.0,102.92885013787846,50.30871206168572,90.0,257.07114986212156
8.119999999999916,-3.6448431371088703,50.0,193.69094211856606,35.326665371777295,90.0,114.69468536854485,54.673334628222705,90.0,245.30531463145513
8.139999999999915,-3.187119948745499,-50.0,195.410264855509,34.33384638127264,90.0,116.2957632947615,124.33384638127265,90.0,131.2957632947615
8.139999999999915,2.200000000001694,-50.0,180.0,39.820878586772615,90.0,102.92457482280369,129.8208785867726,90.0,102.92457482280369
8.139999999999915,2.200000000001694,50.0,180.0,39.820878586772615,90.0,102.92457482280369,50.179121413227385,90.0,257.0754251771963
8.139999999999915,-3.187119948745499,50.0,195.410264855509,34.33384638127264,90.0,116.2957632947615,55.66615361872736,90.0,243.7042367052385
8.159999999999915,-2.679133974897241,-50.0,196.88655851003458,33.435399847691826,90.0,117.69917804439791,123.43539984769183,90.0,132.6991780443979
8.159999999999915,1.8000000000017025,-50.0,180.0,39.95009456346927,90.0,102.92101211616486,129.95009456346926,90.0,102.92101211616486
8.159999999999915,1.8000000000017025,50.0,180.0,39.95009456346927,90.0,102.92101211616486,50.04990543653073,90.0,257.0789878838351
8.159999999999915,-2.679133974897241,50.0,196.88655851003458,33.435399847691826,90.0,117.69917804439791,56.564600152308174,90.0,242.3008219556021
8.179999999999914,-2.1288964578277954,-50.0,198.09654104931582,32.65129996177693,90.0,118.87054562289276,122.65129996177693,90.0,133.87054562289276
8.179999999999914,1.400000000001711,-50.0,180.0,40.078934624419354,90.0,102.91816198744677,130.07893462441936,90.0,102.91816198744677
8.179999999999914,1.400000000001711,50.0,180.0,40.078934624419354,90.0,102.91816198744677,49.921065375580646,90.0,257.08183801255325
8.179999999999914,-2.1288964578277954,50.0,198.09654104931582,32.65129996177693,90.0,118.87054562289276,57.34870003822307,90.0,241.12945437710724
8.199999999999914,-1.5450849718773063,-50.0,199.02113032589972,31.999549431721118,90.0,119.77920629987149,121.99954943172112,90.0,134.77920629987148
8.199999999999914,1.0000000000017195,-50.0,180.0,40.20739752277737,90.0,102.91602441224872,130.20739752277737,90.0,102.91602441224872
8.199999999999914,1.0000000000017195,50.0,180.0,40.20739752277737,90.0,102.91602441224872,49.79260247722263,90.0,257.0839755877513
8.199999999999914,-1.5450849718773063,50.0,199.02113032589972,31.999549431721118,90.0,119.77920629987149,58.00045056827888,90.0,240.22079370012852
8.219999999999914,-0.93690657293129,-50.0,199.64574501457173,31.495248657913468,90.0,120.40002497007715,121.49524865791346,90.0,135.40002497007714
8.219999999999914,0.600000000001728,-50.0,180.0,40.335482008915854,90.0,102.91459937227695,130.33548200891585,90.0,102.91459937227695
8.219999999999914,0.600000000001728,50.0,180.0,40.335482008915854,90.0,102.91459937227695,49.664517991084146,90.0,257.08540062772306
8.219999999999914,-0.93690657293129,50.0,199.64574501457173,31.495248657913468,90.0,120.40002497007715,58.504751342086536,90.0,239.59997502992286
8.239999999999913,-0.31395259764929007,-50.0,199.96053456856475,31.149716691308807,90.0,120.715097210592,121.14971669130881,90.0,135.715097210592
8.239999999999913,0.20000000000173657,-50.0,180.0,40.46318683050314,90.0,102.91388685533876,130.46318683050313,90.0,102.91388685533876
8.239999999999913,0.20000000000173657,50.0,180.0,40.46318683050314,90.0,102.91388685533876,49.53681316949686,90.0,257.0861131446612
8.239999999999913,-0.31395259764929007,50.0,199.96053456856475,31.149716691308807,90.0,120.715097210592,58.85028330869119,90.0,239.284902789408
8.259999999999913,0.31395259764383127,-50.0,199.96053456856612,30.969799748496243,90.0,120.7150972105934,120.96979974849624,90.0,135.7150972105934
8.259999999999913,-0.1999999999982549,-50.0,180.0,40.59051073258,90.0,102.91388685533876,130.59051073258001,90.0,102.91388685533876
8.259999999999913,-0.1999999999982549,50.0,180.0,40.59051073258,90.0,102.91388685533876,49.40948926742,90.0,257.0861131446612
8.259999999999913,0.31395259764383127,50.0,199.96053456856612,30.969799748496243,90.0,120.7150972105934,59.03020025150376,90.0,239.2849027894066
8.279999999999912,0.9369065729259174,-50.0,199.64574501457582,30.95749215965869,90.0,120.40002497008122,120.95749215965868,90.0,135.40002497008123
8.279999999999912,-0.5999999999982464,-50.0,180.0,40.71745245763522,90.0,102.91459937227695,130.7174524576352,90.0,102.91459937227695
8.279999999999912,-0.5999999999982464,50.0,180.0,40.71745245763522,90.0,102.91459937227695,49.28254754236478,90.0,257.08540062772306
8.279999999999912,0.9369065729259174,50.0,199.64574501457582,30.95749215965869,90.0,120.40002497008122,59.042507840341315,90.0,239.59997502991877
8.299999999999912,1.5450849718721043,-50.0,199.02113032590648,31.109944702095945,90.0,119.77920629987818,121.10994470209594,90.0,134.77920629987818
8.299999999999912,-0.9999999999982379,-50.0,180.0,40.84401074568009,90.0,102.91602441224872,130.8440107456801,90.0,102.91602441224872
8.299999999999912,-0.9999999999982379,50.0,180.0,40.84401074568009,90.0,102.91602441224872,49.15598925431991,90.0,257.0839755877513
8.299999999999912,1.5450849718721043,50.0,199.02113032590648,31.109944702095945,90.0,119.77920629987818,58.890055297904055,90.0,240.22079370012182
8.319999999999911,2.128896457822846,-50.0,198.09654104932514,31.419859110604122,90.0,118.87054562290187,121.41985911060412,90.0,133.8705456229019
8.319999999999911,-1.3999999999982293,-50.0,180.0,40.97018433432191,90.0,102.91816198744674,130.9701843343219,90.0,102.91816198744674
8.319999999999911,-1.3999999999982293,50.0,180.0,40.97018433432191,90.0,102.91816198744674,49.02981566567809,90.0,257.08183801255325
8.319999999999911,2.128896457822846,50.0,198.09654104932514,31.419859110604122,90.0,118.87054562290187,58.58014088939588,90.0,241.1294543770981
8.339999999999911,2.679133974892624,-50.0,196.88655851004629,31.876191364306372,90.0,117.69917804440918,121.87619136430638,90.0,132.69917804440917
8.339999999999911,-1.7999999999982208,-50.0,180.0,41.09597195883623,90.0,102.92101211616483,131.09597195883623,90.0,102.92101211616483
8.339999999999911,-1.7999999999982208,50.0,180.0,41.09597195883623,90.0,102.92101211616483,48.90402804116377,90.0,257.07898788383517
8.339999999999911,2.679133974892624,50.0,196.88655851004629,31.876191364306372,90.0,117.69917804440918,58.12380863569363,90.0,242.30082195559083
8.35999999999991,3.1871199487412842,-50.0,195.41026485552294,32.46503634170031,90.0,116.29576329477463,122.46503634170031,90.0,131.29576329477464
8.35999999999991,-2.1999999999982123,-50.0,180.0,41.22137235223823,90.0,102.92457482280365,131.22137235223823,90.0,102.92457482280365
8.35999999999991,-2.1999999999982123,50.0,180.0,41.22137235223823,90.0,102.92457482280365,48.77862764776177,90.0,257.07542517719634
8.35999999999991,3.1871199487412842,50.0,195.41026485552294,32.46503634170031,90.0,116.29576329477463,57.53496365829969,90.0,243.70423670522536
8.37999999999991,3.6448431371051266,-50.0,193.690942118582,33.17055542092018,90.0,114.69468536855952,123.17055542092018,90.0,129.69468536855953
8.37999999999991,-2.5999999999982037,-50.0,180.0,41.346384245352674,90.0,102.9288501378784,131.34638424535268,90.0,102.9288501378784
8.37999999999991,-2.5999999999982037,50.0,180.0,41.346384245352674,90.0,102.9288501378784,48.653615754647326,90.0,257.0711498621216
8.37999999999991,3.6448431371051266,50.0,193.690942118582,33.17055542092018,90.0,114.69468536855952,56.82944457907982,90.0,245.30531463144047
8.39999999999991,4.04508497187307,-50.0,191.75570504585863,33.975831884643725,90.0,112.93237702943709,123.97583188464372,90.0,127.93237702943709
8.39999999999991,-2.999999999998195,-50.0,180.0,41.47100636688301,90.0,102.93383809802839,131.47100636688302,90.0,102.93383809802839
8.39999999999991,-2.999999999998195,50.0,180.0,41.47100636688301,90.0,102.93383809802839,48.52899363311699,90.0,257.0661619019716
8.39999999999991,4.04508497187307,50.0,191.75570504585863,33.975831884643725,90.0,112.93237702943709,56.024168115356275,90.0,247.06762297056292
8.41999999999991,4.381533400217946,-50.0,189.63507348204428,34.86358066093743,90.0,111.04590841493561,124.86358066093743,90.0,126.04590841493561
8.41999999999991,-3.3999999999981867,-50.0,180.0,41.595237443479185,90.0,102.9395387460285,131.5952374434792,90.0,102.9395387460285
8.41999999999991,-3.3999999999981867,50.0,180.0,41.595237443479185,90.0,102.9395387460285,48.404762556520815,90.0,257.0604612539715
8.41999999999991,4.381533400217946,50.0,189.63507348204428,34.86358066093743,90.0,111.04590841493561,55.13641933906257,90.0,248.9540915850644
8.439999999999909,4.648882429440203,-50.0,187.36249105370422,35.8166820229418,90.0,109.0718964196487,125.81668202294179,90.0,124.0718964196487
8.439999999999909,-3.799999999998178,-50.0,180.0,41.71907619980434,90.0,102.94595213080264,131.71907619980433,90.0,102.94595213080264
8.439999999999909,-3.799999999998178,50.0,180.0,41.71907619980434,90.0,102.94595213080264,48.28092380019566,90.0,257.05404786919735
8.439999999999909,4.648882429440203,50.0,187.36249105370422,35.8166820229418,90.0,109.0718964196487,54.1833179770582,90.0,250.92810358035132
8.459999999999908,4.84291580564244,-50.0,184.97379774330824,36.81854234570274,90.0,107.0457276539852,126.81854234570274,90.0,122.0457276539852
8.459999999999908,-4.19999999999817,-50.0,180.0,41.84252135860036,90.0,102.95307830743901,131.84252135860035,90.0,102.95307830743901
8.459999999999908,-4.19999999999817,50.0,180.0,41.84252135860036,90.0,102.95307830743901,48.15747864139964,90.0,257.046921692561
8.459999999999908,4.84291580564244,50.0,184.97379774330824,36.81854234570274,90.0,107.0457276539852,53.18145765429726,90.0,252.95427234601482
8.479999999999908,4.960573506572027,-50.0,182.50666467129756,37.853305265808785,90.0,105.00104961666794,127.85330526580879,90.0,120.00104961666794
8.479999999999908,-4.599999999998161,-50.0,180.0,41.96557164075221,90.0,102.96091733720749,131.96557164075222,90.0,102.96091733720749
8.479999999999908,-4.599999999998161,50.0,180.0,41.96557164075221,90.0,102.96091733720749,48.03442835924779,90.0,257.0390826627925
8.479999999999908,4.960573506572027,50.0,182.50666467129756,37.853305265808785,90.0,105.00104961666794,52.146694734191215,90.0,254.99895038333204
8.499999999999908,5.0,-50.0,180.00000000001162,38.90594522295759,90.0,102.96946928758807,128.9059452229576,90.0,117.96946928758807
8.499999999999908,-4.999999999998153,-50.0,180.0,42.088225765351105,90.0,102.96946928757869,132.0882257653511,90.0,102.96946928757869
8.499999999999908,-4.999999999998153,50.0,180.0,42.088225765351105,90.0,102.96946928757869,47.911774234648895,90.0,257.0305307124213
8.499999999999908,5.0,50.0,180.00000000001162,38.90594522295759,90.0,102.96946928758807,51.09405477704241,90.0,257.0305307124119
8.519999999999907,4.600000000001856,-50.0,180.0,39.03775794868416,90.0,102.96091733720756,129.03775794868415,90.0,117.96091733720756
8.519999999999907,-4.9605735065727545,-50.0,182.5066646712745,40.96716378524222,90.0,105.00104961664908,130.96716378524224,90.0,105.00104961664908
8.519999999999907,-4.9605735065727545,50.0,182.5066646712745,40.96716378524222,90.0,105.00104961664908,49.03283621475778,90.0,254.99895038335092
8.519999999999907,4.600000000001856,50.0,180.0,39.03775794868416,90.0,102.96091733720756,50.96224205131584,90.0,257.03908266279245
8.539999999999907,4.2000000000018645,-50.0,180.0,39.16920340194209,90.0,102.95307830743907,129.1692034019421,90.0,117.95307830743907
8.539999999999907,-4.842915805643884,-50.0,184.97379774328576,39.818051074312216,90.0,107.04572765396637,129.81805107431222,90.0,107.04572765396637
8.539999999999907,-4.842915805643884,50.0,184.97379774328576,39.818051074312216,90.0,107.04572765396637,50.181948925687784,90.0,252.95427234603363
8.539999999999907,4.2000000000018645,50.0,180.0,39.16920340194209,90.0,102.95307830743907,50.83079659805791,90.0,257.04692169256094
8.559999999999906,3.800000000001873,-50.0,180.0,39.30028035762524,90.0,102.94595213080268,129.30028035762524,90.0,117.94595213080268
8.559999999999906,-4.64888242944234,-50.0,187.36249105368262,38.659371611640495,90.0,109.07189641963015,128.6593716116405,90.0,109.07189641963015
8.559999999999906,-4.64888242944234,50.0,187.36249105368262,38.659371611640495,90.0,109.07189641963015,51.340628388359505,90.0,250.92810358036985
8.559999999999906,3.800000000001873,50.0,180.0,39.30028035762524,90.0,102.94595213080268,50.69971964237476,90.0,257.05404786919735
8.579999999999906,3.4000000000018815,-50.0,180.0,39.43098758726886,90.0,102.93953874602856,129.43098758726887,90.0,117.93953874602856
8.579999999999906,-4.381533400220742,-50.0,189.63507348202396,37.51075671967431,90.00000000000001,111.04590841491776,127.5107567196743,89.99999999999999,111.04590841491776
8.579999999999906,-4.381533400220742,50.0,189.63507348202396,37.51075671967431,90.00000000000001,111.04590841491776,52.48924328032569,90.00000000000001,248.95409158508224
8.579999999999906,3.4000000000018815,50.0,180.0,39.43098758726886,90.0,102.93953874602856,50.56901241273114,90.0,257.0604612539714
8.599999999999905,3.00000000000189,-50.0,180.0,39.561323859138575,90.0,102.93383809802845,129.56132385913858,90.0,117.93383809802845
8.599999999999905,-4.045084971876482,-50.0,191.75570504583985,36.39278138001787,90.0,112.9323770294202,126.39278138001788,90.0,112.9323770294202
8.599999999999905,-4.045084971876482,50.0,191.75570504583985,36.39278138001787,90.0,112.9323770294202,53.60721861998213,90.0,247.0676229705798
8.599999999999905,3.00000000000189,50.0,180.0,39.561323859138575,90.0,102.93383809802845,50.438676140861425,90.0,257.06616190197155
8.619999999999905,2.6000000000018986,-50.0,180.0,39.69128793831421,90.0,102.92885013787846,129.69128793831422,90.0,117.92885013787846
8.619999999999905,-3.6448431371090995,-50.0,193.6909421185651,35.32666537177785,90.0,114.69468536854394,125.32666537177785,90.0,114.69468536854394
8.619999999999905,-3.6448431371090995,50.0,193.6909421185651,35.32666537177785,90.0,114.69468536854394,54.67333462822215,90.0,245.30531463145604
8.619999999999905,2.6000000000018986,50.0,180.0,39.69128793831421,90.0,102.92885013787846,50.30871206168579,90.0,257.07114986212156
8.639999999999905,2.200000000001907,-50.0,180.0,39.82087858677255,90.0,102.92457482280369,129.82087858677255,90.0,117.92457482280369
8.639999999999905,-3.1871199487457567,-50.0,195.41026485550816,34.33384638127315,90.00000000000001,116.2957632947607,124.33384638127315,89.99999999999999,116.2957632947607
8.639999999999905,-3.1871199487457567,50.0,195.41026485550816,34.33384638127315,90.00000000000001,116.2957632947607,55.66615361872685,90.00000000000001,243.70423670523928
8.639999999999905,2.200000000001907,50.0,180.0,39.82087858677255,90.0,102.92457482280369,50.17912141322745,90.0,257.0754251771963
8.659999999999904,1.8000000000019156,-50.0,180.0,39.95009456346921,90.0,102.92101211616486,129.9500945634692,90.0,117.92101211616486
8.659999999999904,-2.679133974897524,-50.0,196.88655851003386,33.43539984769227,90.0,117.69917804439724,123.43539984769227,90.0,117.69917804439724
8.659999999999904,-2.679133974897524,50.0,196.88655851003386,33.43539984769227,90.0,117.69917804439724,56.56460015230773,90.0,242.30082195560277
8.659999999999904,1.8000000000019156,50.0,180.0,39.95009456346921,90.0,102.92101211616486,50.04990543653079,90.0,257.0789878838351
8.679999999999904,1.4000000000019241,-50.0,180.0,40.07893462441929,90.0,102.91816198744677,130.07893462441928,90.0,117.91816198744677
8.679999999999904,-2.1288964578280987,-50.0,198.09654104931525,32.651299961777305,90.00000000000001,118.8705456228922,122.65129996177731,89.99999999999999,118.8705456228922
8.679999999999904,-2.1288964578280987,50.0,198.09654104931525,32.651299961777305,90.00000000000001,118.8705456228922,57.348700038222695,90.00000000000001,241.1294543771078
8.679999999999904,1.4000000000019241,50.0,180.0,40.07893462441929,90.0,102.91816198744677,49.92106537558071,90.0,257.08183801255325
8.699999999999903,1.0000000000019327,-50.0,180.0,40.2073975227773,90.0,102.91602441224872,130.20739752277728,90.0,117.91602441224872
8.699999999999903,-1.545084971877624,-50.0,199.02113032589932,31.999549431721416,90.0,119.7792062998711,121.99954943172142,90.0,119.7792062998711
8.699999999999903,-1.545084971877624,50.0,199.02113032589932,31.999549431721416,90.0,119.7792062998711,58.00045056827858,90.0,240.2207937001289
8.699999999999903,1.0000000000019327,50.0,180.0,40.2073975227773,90.0,102.91602441224872,49.7926024772227,90.0,257.0839755877513
8.719999999999903,0.6000000000019412,-50.0,180.0,40.33548200891578,90.0,102.91459937227695,130.3354820089158,90.0,117.91459937227695
8.719999999999903,-0.9369065729316183,-50.0,199.6457450145715,31.49524865791369,90.0,120.4000249700769,121.49524865791369,90.0,120.4000249700769
8.719999999999903,-0.9369065729316183,50.0,199.6457450145715,31.49524865791369,90.0,120.4000249700769,58.50475134208631,90.0,239.5999750299231
8.719999999999903,0.6000000000019412,50.0,180.0,40.33548200891578,90.0,102.91459937227695,49.66451799108422,90.0,257.08540062772306
8.739999999999903,0.20000000000194973,-50.0,180.0,40.46318683050307,90.0,102.91388685533876,130.46318683050308,90.0,117.91388685533876
8.739999999999903,-0.3139525976496236,-50.0,199.96053456856467,31.14971669130894,90.00000000000001,120.71509721059195,121.14971669130894,89.99999999999999,120.71509721059195
8.739999999999903,-0.3139525976496236,50.0,199.96053456856467,31.14971669130894,90.00000000000001,120.71509721059195,58.85028330869106,90.00000000000001,239.28490278940805
8.739999999999903,0.20000000000194973,50.0,180.0,40.46318683050307,90.0,102.91388685533876,49.53681316949693,90.0,257.0861131446612
8.759999999999902,-0.19999999999804174,-50.0,180.0,40.590510732579936,90.0,102.91388685533876,130.59051073257993,90.0,117.91388685533876
8.759999999999902,0.3139525976434966,-50.0,199.9605345685662,30.96979974849632,90.00000000000001,120.71509721059346,120.96979974849631,89.99999999999999,120.71509721059346
8.759999999999902,0.3139525976434966,50.0,199.9605345685662,30.96979974849632,90.00000000000001,120.71509721059346,59.03020025150368,90.00000000000001,239.28490278940654
8.759999999999902,-0.19999999999804174,50.0,180.0,40.590510732579936,90.0,102.91388685533876,49.409489267420064,90.0,257.0861131446612
8.779999999999902,-0.5999999999980332,-50.0,180.0,40.71745245763515,90.0,102.91459937227695,130.71745245763515,90.0,117.91459937227695
8.779999999999902,0.9369065729255881,-50.0,199.64574501457608,30.95749215965865,90.0,120.40002497008147,120.95749215965864,90.0,120.40002497008147
8.779999999999902,0.9369065729255881,50.0,199.64574501457608,30.95749215965865,90.0,120.40002497008147,59.04250784034135,90.0,239.59997502991854
8.779999999999902,-0.5999999999980332,50.0,180.0,40.71745245763515,90.0,102.91459937227695,49.28254754236485,90.0,257.08540062772306
8.799999999999901,-0.9999999999980247,-50.0,180.0,40.84401074568002,90.0,102.91602441224872,130.84401074568,90.0,117.91602441224872
8.799999999999901,1.5450849718717854,-50.0,199.0211303259069,31.109944702095817,90.0,119.7792062998786,121.10994470209582,90.0,119.7792062998786
8.799999999999901,1.5450849718717854,50.0,199.0211303259069,31.109944702095817,90.0,119.7792062998786,58.89005529790418,90.0,240.22079370012142
8.799999999999901,-0.9999999999980247,50.0,180.0,40.84401074568002,90.0,102.91602441224872,49.15598925431998,90.0,257.0839755877513
8.8199999999999,-1.3999999999980162,-50.0,180.0,40.97018433432184,90.0,102.91816198744674,130.97018433432186,90.0,117.91816198744674
8.8199999999999,2.1288964578225427,-50.0,198.0965410493257,31.41985911060391,90.0,118.87054562290243,121.41985911060391,90.0,118.87054562290243
8.8199999999999,2.1288964578225427,50.0,198.0965410493257,31.41985911060391,90.0,118.87054562290243,58.58014088939609,90.0,241.12945437709757
8.8199999999999,-1.3999999999980162,50.0,180.0,40.97018433432184,90.0,102.91816198744674,49.02981566567816,90.0,257.08183801255325
8.8399999999999,-1.7999999999980076,-50.0,180.0,41.09597195883617,90.0,102.92101211616483,131.09597195883617,90.0,117.92101211616483
8.8399999999999,2.679133974892341,-50.0,196.886558510047,31.876191364306095,90.00000000000001,117.69917804440988,121.8761913643061,89.99999999999999,117.69917804440988
8.8399999999999,2.679133974892341,50.0,196.886558510047,31.876191364306095,90.00000000000001,117.69917804440988,58.123808635693905,90.00000000000001,242.30082195559012
8.8399999999999,-1.7999999999980076,50.0,180.0,41.09597195883617,90.0,102.92101211616483,48.90402804116383,90.0,257.07898788383517
8.8599999999999,-2.199999999997999,-50.0,180.0,41.22137235223816,90.0,102.92457482280365,131.22137235223818,90.0,117.92457482280365
8.8599999999999,3.187119948741026,-50.0,195.4102648555238,32.46503634169996,90.0,116.29576329477544,122.46503634169996,90.0,116.29576329477544
8.8599999999999,3.187119948741026,50.0,195.4102648555238,32.46503634169996,90.0,116.29576329477544,57.53496365830004,90.0,243.70423670522456
8.8599999999999,-2.199999999997999,50.0,180.0,41.22137235223816,90.0,102.92457482280365,48.77862764776184,90.0,257.07542517719634
8.8799999999999,-2.5999999999979906,-50.0,180.0,41.34638424535261,90.0,102.9288501378784,131.34638424535262,90.0,117.9288501378784
8.8799999999999,3.6448431371048966,-50.0,193.69094211858297,33.17055542091976,90.0,114.69468536856043,123.17055542091975,90.0,114.69468536856043
8.8799999999999,3.6448431371048966,50.0,193.69094211858297,33.17055542091976,90.0,114.69468536856043,56.82944457908024,90.0,245.30531463143956
8.8799999999999,-2.5999999999979906,50.0,180.0,41.34638424535261,90.0,102.9288501378784,48.65361575464739,90.0,257.0711498621216
8.899999999999899,-2.999999999997982,-50.0,180.0,41.471006366882946,90.0,102.93383809802839,131.47100636688293,90.0,117.93383809802839
8.899999999999899,4.045084971872873,-50.0,191.7557050458597,33.97583188464328,90.0,112.93237702943807,123.97583188464327,90.0,112.93237702943807
8.899999999999899,4.045084971872873,50.0,191.7557050458597,33.97583188464328,90.0,112.93237702943807,56.02416811535672,90.0,247.06762297056193
8.899999999999899,-2.999999999997982,50.0,180.0,41.471006366882946,90.0,102.93383809802839,48.528993633117054,90.0,257.0661619019716
8.919999999999899,-3.3999999999979735,-50.0,180.0,41.595237443479114,90.0,102.9395387460285,131.5952374434791,90.0,117.9395387460285
8.919999999999899,4.381533400217784,-50.0,189.63507348204547,34.86358066093695,90.0,111.04590841493663,124.86358066093695,90.0,111.04590841493663
8.919999999999899,4.381533400217784,50.0,189.63507348204547,34.86358066093695,90.0,111.04590841493663,55.13641933906305,90.0,248.95409158506337
8.919999999999899,-3.3999999999979735,50.0,180.0,41.595237443479114,90.0,102.9395387460285,48.404762556520886,90.0,257.0604612539715
8.939999999999898,-3.799999999997965,-50.0,180.0,41.719076199804284,90.0,102.94595213080262,131.71907619980428,90.0,117.94595213080262
8.939999999999898,4.64888242944008,-50.0,187.36249105370544,35.81668202294129,90.0,109.07189641964973,125.8166820229413,90.0,109.07189641964973
8.939999999999898,4.64888242944008,50.0,187.36249105370544,35.81668202294129,90.0,109.07189641964973,54.18331797705871,90.0,250.92810358035027
8.939999999999898,-3.799999999997965,50.0,180.0,41.719076199804284,90.0,102.94595213080262,48.280923800195716,90.0,257.05404786919735
8.959999999999898,-4.1999999999979565,-50.0,180.0,41.842521358600294,90.0,102.95307830743901,131.8425213586003,90.0,117.95307830743901
8.959999999999898,4.842915805642357,-50.0,184.97379774330955,36.818542345702205,90.0,107.04572765398629,126.81854234570221,90.0,107.04572765398629
8.959999999999898,4.842915805642357,50.0,184.97379774330955,36.818542345702205,90.0,107.04572765398629,53.181457654297795,90.0,252.9542723460137
8.959999999999898,-4.1999999999979565,50.0,180.0,41.842521358600294,90.0,102.95307830743901,48.157478641399706,90.0,257.046921692561
8.979999999999897,-4.599999999997948,-50.0,180.0,41.96557164075214,90.0,102.96091733720749,131.96557164075213,90.0,117.96091733720749
8.979999999999897,4.960573506571985,-50.0,182.50666467129886,37.85330526580821,90.00000000000001,105.00104961666904,127.85330526580822,89.99999999999999,105.00104961666904
8.979999999999897,4.960573506571985,50.0,182.50666467129886,37.85330526580821,90.00000000000001,105.00104961666904,52.14669473419179,90.00000000000001,254.99895038333096
8.979999999999897,-4.599999999997948,50.0,180.0,41.96557164075214,90.0,102.96091733720749,48.03442835924786,90.0,257.0390826627925
8.999999999999897,-4.999999999997939,-50.0,180.0,42.08822576535104,90.0,102.96946928757869,132.08822576535104,90.0,117.96946928757869
8.999999999999897,5.0,-50.0,180.00000000001296,38.905945222957016,90.00000000000001,102.96946928758916,128.90594522295703,89.99999999999999,102.96946928758916
8.999999999999897,5.0,50.0,180.00000000001296,38.905945222957016,90.00000000000001,102.96946928758916,51.094054777042984,90.00000000000001,257.03053071241084
8.999999999999897,-4.999999999997939,50.0,180.0,42.08822576535104,90.0,102.96946928757869,47.91177423464896,90.0,257.0305307124213
9.019999999999897,-4.960573506572796,-50.0,182.5066646712732,40.96716378524282,90.0,105.00104961664799,130.9671637852428,90.0,120.00104961664799
9.019999999999897,4.600000000002069,-50.0,180.0,39.03775794868409,90.0,102.96091733720756,129.0377579486841,90.0,102.96091733720756
9.019999999999897,4.600000000002069,50.0,180.0,39.03775794868409,90.0,102.96091733720756,50.96224205131591,90.0,257.03908266279245
9.019999999999897,-4.960573506572796,50.0,182.5066646712732,40.96716378524282,90.0,105.00104961664799,49.03283621475718,90.0,254.998950383352
9.039999999999896,-4.842915805643967,-50.0,184.97379774328445,39.818051074312834,90.0,107.04572765396524,129.81805107431285,90.0,122.04572765396524
9.039999999999896,4.200000000002078,-50.0,180.0,39.169203401942006,90.0,102.95307830743909,129.169203401942,90.0,102.95307830743909
9.039999999999896,4.200000000002078,50.0,180.0,39.169203401942006,90.0,102.95307830743909,50.830796598057994,90.0,257.0469216925609
9.039999999999896,-4.842915805643967,50.0,184.97379774328445,39.818051074312834,90.0,107.04572765396524,50.181948925687166,90.0,252.95427234603477
9.059999999999896,-4.648882429442463,-50.0,187.36249105368137,38.659371611641106,90.0,109.07189641962908,128.65937161164112,90.0,124.07189641962908
9.059999999999896,3.800000000002086,-50.0,180.0,39.30028035762517,90.0,102.94595213080271,129.30028035762518,90.0,102.94595213080271
9.059999999999896,3.800000000002086,50.0,180.0,39.30028035762517,90.0,102.94595213080271,50.69971964237483,90.0,257.0540478691973
9.059999999999896,-4.648882429442463,50.0,187.36249105368137,38.659371611641106,90.0,109.07189641962908,51.340628388358894,90.0,250.92810358037093
9.079999999999895,-4.381533400220904,-50.0,189.63507348202276,37.51075671967495,90.00000000000001,111.04590841491668,127.51075671967496,89.99999999999999,126.04590841491668
9.079999999999895,3.4000000000020947,-50.0,180.0,39.430987587268795,90.0,102.93953874602856,129.4309875872688,90.0,102.93953874602856
9.079999999999895,3.4000000000020947,50.0,180.0,39.430987587268795,90.0,102.93953874602856,50.569012412731205,90.0,257.0604612539714
9.079999999999895,-4.381533400220904,50.0,189.63507348202276,37.51075671967495,90.00000000000001,111.04590841491668,52.48924328032505,90.00000000000001,248.95409158508332
9.099999999999895,-4.045084971876679,-50.0,191.75570504583877,36.392781380018455,90.0,112.93237702941921,126.39278138001845,90.0,127.93237702941921
9.099999999999895,3.000000000002103,-50.0,180.0,39.561323859138504,90.0,102.93383809802845,129.5613238591385,90.0,102.93383809802845
9.099999999999895,3.000000000002103,50.0,180.0,39.561323859138504,90.0,102.93383809802845,50.438676140861496,90.0,257.06616190197155
9.099999999999895,-4.045084971876679,50.0,191.75570504583877,36.392781380018455,90.0,112.93237702941921,53.607218619981545,90.0,247.06762297058077
9.119999999999894,-3.644843137109328,-50.0,193.6909421185641,35.32666537177841,90.0,114.694685368543,125.3266653717784,90.0,129.694685368543
9.119999999999894,2.6000000000021117,-50.0,180.0,39.69128793831415,90.0,102.92885013787846,129.69128793831413,90.0,102.92885013787846
9.119999999999894,2.6000000000021117,50.0,180.0,39.69128793831415,90.0,102.92885013787846,50.30871206168585,90.0,257.07114986212156
9.119999999999894,-3.644843137109328,50.0,193.6909421185641,35.32666537177841,90.0,114.694685368543,54.67333462822159,90.0,245.305314631457
9.139999999999894,-3.187119948746015,-50.0,195.41026485550728,34.33384638127365,90.0,116.2957632947599,124.33384638127364,90.0,131.2957632947599
9.139999999999894,2.2000000000021203,-50.0,180.0,39.82087858677248,90.0,102.92457482280369,129.8208785867725,90.0,102.92457482280369
9.139999999999894,2.2000000000021203,50.0,180.0,39.82087858677248,90.0,102.92457482280369,50.17912141322752,90.0,257.0754251771963
9.139999999999894,-3.187119948746015,50.0,195.41026485550728,34.33384638127365,90.0,116.2957632947599,55.66615361872635,90.0,243.7042367052401
9.159999999999894,-2.6791339748978067,-50.0,196.88655851003313,33.435399847692715,90.0,117.69917804439656,123.43539984769271,90.0,132.69917804439655
9.159999999999894,1.8000000000021288,-50.0,180.0,39.950094563469136,90.0,102.92101211616486,129.95009456346912,90.0,102.92101211616486
9.159999999999894,1.8000000000021288,50.0,180.0,39.950094563469136,90.0,102.92101211616486,50.049905436530864,90.0,257.0789878838351
9.159999999999894,-2.6791339748978067,50.0,196.88655851003313,33.435399847692715,90.0,117.69917804439656,56.564600152307285,90.0,242.30082195560345
9.179999999999893,-2.128896457828401,-50.0,198.09654104931468,32.6512999617777,90.00000000000001,118.87054562289164,122.65129996177771,89.99999999999999,133.87054562289165
9.179999999999893,1.4000000000021373,-50.0,180.0,40.07893462441922,90.0,102.91816198744677,130.07893462441922,90.0,102.91816198744677
9.179999999999893,1.4000000000021373,50.0,180.0,40.07893462441922,90.0,102.91816198744677,49.92106537558078,90.0,257.08183801255325
9.179999999999893,-2.128896457828401,50.0,198.09654104931468,32.6512999617777,90.00000000000001,118.87054562289164,57.3487000382223,90.00000000000001,241.12945437710835
9.199999999999893,-1.5450849718779431,-50.0,199.0211303258989,31.999549431721736,90.0,119.77920629987068,121.99954943172173,90.0,134.77920629987068
9.199999999999893,1.0000000000021458,-50.0,180.0,40.20739752277723,90.0,102.91602441224872,130.20739752277723,90.0,102.91602441224872
9.199999999999893,1.0000000000021458,50.0,180.0,40.20739752277723,90.0,102.91602441224872,49.79260247722277,90.0,257.0839755877513
9.199999999999893,-1.5450849718779431,50.0,199.0211303258989,31.999549431721736,90.0,119.77920629987068,58.00045056827827,90.0,240.22079370012932
9.219999999999892,-0.9369065729319477,-50.0,199.64574501457125,31.49524865791394,90.0,120.40002497007661,121.49524865791395,90.0,135.40002497007663
9.219999999999892,0.6000000000021544,-50.0,180.0,40.33548200891571,90.0,102.91459937227695,130.3354820089157,90.0,102.91459937227695
9.219999999999892,0.6000000000021544,50.0,180.0,40.33548200891571,90.0,102.91459937227695,49.66451799108429,90.0,257.08540062772306
9.219999999999892,-0.9369065729319477,50.0,199.64574501457125,31.49524865791394,90.0,120.40002497007661,58.50475134208606,90.0,239.59997502992337
9.239999999999892,-0.3139525976499582,-50.0,199.96053456856458,31.149716691309088,90.0,120.71509721059185,121.1497166913091,90.0,135.71509721059186
9.239999999999892,0.2000000000021629,-50.0,180.0,40.463186830503005,90.0,102.91388685533876,130.463186830503,90.0,102.91388685533876
9.239999999999892,0.2000000000021629,50.0,180.0,40.463186830503005,90.0,102.91388685533876,49.536813169496995,90.0,257.0861131446612
9.239999999999892,-0.3139525976499582,50.0,199.96053456856458,31.149716691309088,90.0,120.71509721059185,58.85028330869091,90.0,239.28490278940814
9.259999999999891,0.313952597643162,-50.0,199.9605345685663,30.96979974849637,90.0,120.71509721059353,120.96979974849637,90.0,135.7150972105935
9.259999999999891,-0.19999999999782858,-50.0,180.0,40.59051073257987,90.0,102.91388685533876,130.59051073257987,90.0,102.91388685533876
9.259999999999891,-0.19999999999782858,50.0,180.0,40.59051073257987,90.0,102.91388685533876,49.40948926742013,90.0,257.0861131446612
9.259999999999891,0.313952597643162,50.0,199.9605345685663,30.96979974849637,90.0,120.71509721059353,59.03020025150363,90.0,239.2849027894065
9.279999999999891,0.9369065729252597,-50.0,199.64574501457633,30.95749215965861,90.00000000000001,120.40002497008173,120.95749215965861,89.99999999999999,135.40002497008174
9.279999999999891,-0.59999999999782,-50.0,180.0,40.71745245763508,90.0,102.91459937227695,130.7174524576351,90.0,102.91459937227695
9.279999999999891,-0.59999999999782,50.0,180.0,40.71745245763508,90.0,102.91459937227695,49.28254754236492,90.0,257.08540062772306
9.279999999999891,0.9369065729252597,50.0,199.64574501457633,30.95749215965861,90.00000000000001,120.40002497008173,59.042507840341386,90.00000000000001,239.59997502991826
9.29999999999989,1.5450849718714676,-50.0,199.02113032590734,31.109944702095685,90.0,119.77920629987902,121.10994470209569,90.0,134.77920629987904
9.29999999999989,-0.9999999999978115,-50.0,180.0,40.84401074567995,90.0,102.91602441224872,130.84401074567995,90.0,102.91602441224872
9.29999999999989,-0.9999999999978115,50.0,180.0,40.84401074567995,90.0,102.91602441224872,49.15598925432005,90.0,257.0839755877513
9.29999999999989,1.5450849718714676,50.0,199.02113032590734,31.109944702095685,90.0,119.77920629987902,58.89005529790431,90.0,240.22079370012096
9.31999999999989,2.1288964578222394,-50.0,198.09654104932628,31.419859110603706,90.0,118.87054562290298,121.41985911060371,90.0,133.87054562290297
9.31999999999989,-1.399999999997803,-50.0,180.0,40.97018433432177,90.0,102.91816198744674,130.97018433432177,90.0,102.91816198744674
9.31999999999989,-1.399999999997803,50.0,180.0,40.97018433432177,90.0,102.91816198744674,49.02981566567823,90.0,257.08183801255325
9.31999999999989,2.1288964578222394,50.0,198.09654104932628,31.419859110603706,90.0,118.87054562290298,58.58014088939629,90.0,241.12945437709703
9.33999999999989,2.679133974892058,-50.0,196.88655851004773,31.87619136430582,90.00000000000001,117.69917804441056,121.87619136430583,89.99999999999999,132.69917804441056
9.33999999999989,-1.7999999999977945,-50.0,180.0,41.0959719588361,90.0,102.92101211616483,131.09597195883612,90.0,102.92101211616483
9.33999999999989,-1.7999999999977945,50.0,180.0,41.0959719588361,90.0,102.92101211616483,48.9040280411639,90.0,257.07898788383517
9.33999999999989,2.679133974892058,50.0,196.88655851004773,31.87619136430582,90.00000000000001,117.69917804441056,58.123808635694175,90.00000000000001,242.30082195558944
9.35999999999989,3.187119948740769,-50.0,195.41026485552464,32.465036341699616,90.0,116.29576329477625,122.46503634169962,90.0,131.29576329477624
9.35999999999989,-2.199999999997786,-50.0,180.0,41.22137235223809,90.0,102.92457482280365,131.2213723522381,90.0,102.92457482280365
9.35999999999989,-2.199999999997786,50.0,180.0,41.22137235223809,90.0,102.92457482280365,48.77862764776191,90.0,257.07542517719634
9.35999999999989,3.187119948740769,50.0,195.41026485552464,32.465036341699616,90.0,116.29576329477625,57.534963658300384,90.0,243.70423670522376
9.379999999999889,3.6448431371046675,-50.0,193.69094211858396,33.17055542091935,90.00000000000001,114.69468536856135,123.17055542091936,89.99999999999999,129.69468536856135
9.379999999999889,-2.5999999999977774,-50.0,180.0,41.346384245352546,90.0,102.9288501378784,131.34638424535254,90.0,102.9288501378784
9.379999999999889,-2.5999999999977774,50.0,180.0,41.346384245352546,90.0,102.9288501378784,48.653615754647454,90.0,257.0711498621216
9.379999999999889,3.6448431371046675,50.0,193.69094211858396,33.17055542091935,90.00000000000001,114.69468536856135,56.82944457908065,90.00000000000001,245.30531463143865
9.399999999999888,4.045084971872678,-50.0,191.7557050458608,33.97583188464283,90.0,112.93237702943904,123.97583188464283,90.0,127.93237702943904
9.399999999999888,-2.999999999997769,-50.0,180.0,41.47100636688288,90.0,102.93383809802837,131.47100636688288,90.0,102.93383809802837
9.399999999999888,-2.999999999997769,50.0,180.0,41.47100636688288,90.0,102.93383809802837,48.52899363311712,90.0,257.0661619019716
9.399999999999888,4.045084971872678,50.0,191.7557050458608,33.97583188464283,90.0,112.93237702943904,56.02416811535717,90.0,247.06762297056096
9.419999999999888,4.381533400217623,-50.0,189.63507348204664,34.86358066093644,90.0,111.0459084149377,124.86358066093644,90.0,126.0459084149377
9.419999999999888,-3.3999999999977604,-50.0,180.0,41.59523744347906,90.0,102.93953874602848,131.59523744347905,90.0,102.93953874602848
9.419999999999888,-3.3999999999977604,50.0,180.0,41.59523744347906,90.0,102.93953874602848,48.40476255652094,90.0,257.06046125397154
9.419999999999888,4.381533400217623,50.0,189.63507348204664,34.86358066093644,90.0,111.0459084149377,55.13641933906356,90.0,248.95409158506232
9.439999999999888,4.648882429439957,-50.0,187.3624910537067,35.81668202294076,90.0,109.0718964196508,125.81668202294077,90.0,124.0718964196508
9.439999999999888,-3.799999999997752,-50.0,180.0,41.71907619980421,90.0,102.94595213080262,131.71907619980422,90.0,102.94595213080262
9.439999999999888,-3.799999999997752,50.0,180.0,41.71907619980421,90.0,102.94595213080262,48.28092380019579,90.0,257.05404786919735
9.439999999999888,4.648882429439957,50.0,187.3624910537067,35.81668202294076,90.0,109.0718964196508,54.18331797705924,90.0,250.92810358034922
9.459999999999887,4.842915805642274,-50.0,184.97379774331083,36.81854234570166,90.0,107.04572765398737,126.81854234570166,90.0,122.04572765398737
9.459999999999887,-4.199999999997743,-50.0,180.0,41.84252135860022,90.0,102.95307830743901,131.8425213586002,90.0,102.95307830743901
9.459999999999887,-4.199999999997743,50.0,180.0,41.84252135860022,90.0,102.95307830743901,48.15747864139978,90.0,257.046921692561
9.459999999999887,4.842915805642274,50.0,184.97379774331083,36.81854234570166,90.0,107.04572765398737,53.18145765429834,90.0,252.95427234601263
9.479999999999887,4.960573506571943,-50.0,182.5066646713002,37.853305265807656,90.0,105.00104961667013,127.85330526580765,90.0,120.00104961667013
9.479999999999887,-4.599999999997735,-50.0,180.0,41.96557164075207,90.0,102.96091733720749,131.96557164075207,90.0,102.96091733720749
9.479999999999887,-4.599999999997735,50.0,180.0,41.96557164075207,90.0,102.96091733720749,48.03442835924793,90.0,257.0390826627925
9.479999999999887,4.960573506571943,50.0,182.5066646713002,37.853305265807656,90.0,105.00104961667013,52.146694734192344,90.0,254.99895038332988
9.499999999999886,5.0,-50.0,180.0000000000143,38.905945222956476,90.0,102.9694692875902,128.90594522295646,90.0,117.9694692875902
9.499999999999886,-4.999999999997726,-50.0,180.0,42.08822576535097,90.0,102.96946928757869,132.08822576535096,90.0,102.96946928757869
9.499999999999886,-4.999999999997726,50.0,180.0,42.08822576535097,90.0,102.96946928757869,47.91177423464903,90.0,257.0305307124213
9.499999999999886,5.0,50.0,180.0000000000143,38.905945222956476,90.0,102.9694692875902,51.094054777043524,90.0,257.0305307124098
9.519999999999886,4.600000000002282,-50.0,180.0,39.03775794868402,90.0,102.96091733720756,129.03775794868403,90.0,117.96091733720756
9.519999999999886,-4.960573506572839,-50.0,182.50666467127186,40.967163785243436,90.0,105.0010496166469,130.96716378524343,90.0,105.0010496166469
9.519999999999886,-4.960573506572839,50.0,182.50666467127186,40.967163785243436,90.0,105.0010496166469,49.032836214756564,90.0,254.9989503833531
9.519999999999886,4.600000000002282,50.0,180.0,39.03775794868402,90.0,102.96091733720756,50.96224205131598,90.0,257.03908266279245
9.539999999999885,4.200000000002291,-50.0,180.0,39.169203401941935,90.0,102.95307830743909,129.16920340194193,90.0,117.95307830743909
9.539999999999885,-4.842915805644051,-50.0,184.97379774328314,39.81805107431346,90.0,107.04572765396416,129.81805107431347,90.0,107.04572765396416
9.539999999999885,-4.842915805644051,50.0,184.97379774328314,39.81805107431346,90.0,107.04572765396416,50.18194892568654,90.0,252.95427234603585
9.539999999999885,4.200000000002291,50.0,180.0,39.169203401941935,90.0,102.95307830743909,50.830796598058065,90.0,257.0469216925609
9.559999999999885,3.8000000000022993,-50.0,180.0,39.3002803576251,90.0,102.94595213080271,129.3002803576251,90.0,117.94595213080271
9.559999999999885,-4.648882429442587,-50.0,187.36249105368012,38.659371611641724,90.0,109.071896419628,128.65937161164172,90.0,109.071896419628
9.559999999999885,-4.648882429442587,50.0,187.36249105368012,38.659371611641724,90.0,109.071896419628,51.340628388358276,90.0,250.928103580372
9.559999999999885,3.8000000000022993,50.0,180.0,39.3002803576251,90.0,102.94595213080271,50.6997196423749,90.0,257.0540478691973
9.579999999999885,3.400000000002308,-50.0,180.0,39.430987587268724,90.0,102.93953874602856,129.43098758726873,90.0,117.93953874602856
9.579999999999885,-4.381533400221064,-50.0,189.6350734820216,37.51075671967554,90.0,111.04590841491569,127.51075671967554,90.0,111.04590841491569
9.579999999999885,-4.381533400221064,50.0,189.6350734820216,37.51075671967554,90.0,111.04590841491569,52.48924328032446,90.0,248.9540915850843
9.579999999999885,3.400000000002308,50.0,180.0,39.430987587268724,90.0,102.93953874602856,50.569012412731276,90.0,257.0604612539714
9.599999999999884,3.0000000000023164,-50.0,180.0,39.56132385913845,90.0,102.93383809802845,129.56132385913844,90.0,117.93383809802845
9.599999999999884,-4.045084971876876,-50.0,191.7557050458377,36.39278138001904,90.0,112.93237702941823,126.39278138001904,90.0,112.93237702941823
9.599999999999884,-4.045084971876876,50.0,191.7557050458377,36.39278138001904,90.0,112.93237702941823,53.60721861998096,90.0,247.06762297058177
9.599999999999884,3.0000000000023164,50.0,180.0,39.56132385913845,90.0,102.93383809802845,50.43867614086155,90.0,257.06616190197155
9.619999999999884,2.600000000002325,-50.0,180.0,39.69128793831408,90.0,102.92885013787846,129.69128793831408,90.0,117.92885013787846
9.619999999999884,-3.6448431371095573,-50.0,193.69094211856313,35.32666537177895,90.0,114.69468536854214,125.32666537177894,90.0,114.69468536854214
9.619999999999884,-3.6448431371095573,50.0,193.69094211856313,35.32666537177895,90.0,114.69468536854214,54.67333462822105,90.0,245.30531463145786
9.619999999999884,2.600000000002325,50.0,180.0,39.69128793831408,90.0,102.92885013787846,50.30871206168592,90.0,257.07114986212156
9.639999999999883,2.2000000000023334,-50.0,180.0,39.820878586772416,90.0,102.92457482280369,129.8208785867724,90.0,117.92457482280369
9.639999999999883,-3.1871199487462727,-50.0,195.41026485550643,34.33384638127417,90.0,116.29576329475908,124.33384638127417,90.0,116.29576329475908
9.639999999999883,-3.1871199487462727,50.0,195.41026485550643,34.33384638127417,90.0,116.29576329475908,55.66615361872583,90.0,243.70423670524093
9.639999999999883,2.2000000000023334,50.0,180.0,39.820878586772416,90.0,102.92457482280369,50.179121413227584,90.0,257.0754251771963
9.659999999999883,1.800000000002342,-50.0,180.0,39.95009456346907,90.0,102.92101211616486,129.95009456346907,90.0,117.92101211616486
9.659999999999883,-2.679133974898089,-50.0,196.88655851003242,33.43539984769318,90.0,117.69917804439585,123.43539984769319,90.0,117.69917804439585
9.659999999999883,-2.679133974898089,50.0,196.88655851003242,33.43539984769318,90.0,117.69917804439585,56.56460015230682,90.0,242.30082195560414
9.659999999999883,1.800000000002342,50.0,180.0,39.95009456346907,90.0,102.92101211616486,50.04990543653093,90.0,257.0789878838351
9.679999999999882,1.4000000000023505,-50.0,180.0,40.07893462441915,90.0,102.91816198744677,130.07893462441916,90.0,117.91816198744677
9.679999999999882,-2.1288964578287044,-50.0,198.0965410493141,32.651299961778086,90.00000000000001,118.87054562289107,122.65129996177808,89.99999999999999,118.87054562289107
9.679999999999882,-2.1288964578287044,50.0,198.0965410493141,32.651299961778086,90.00000000000001,118.87054562289107,57.348700038221914,90.00000000000001,241.1294543771089
9.679999999999882,1.4000000000023505,50.0,180.0,40.07893462441915,90.0,102.91816198744677,49.92106537558085,90.0,257.08183801255325
9.699999999999882,1.000000000002359,-50.0,180.0,40.20739752277717,90.0,102.91602441224872,130.20739752277717,90.0,117.91602441224872
9.699999999999882,-1.545084971878262,-50.0,199.0211303258985,31.999549431722027,90.0,119.7792062998703,121.99954943172203,90.0,119.7792062998703
9.699999999999882,-1.545084971878262,50.0,199.0211303258985,31.999549431722027,90.0,119.7792062998703,58.00045056827797,90.0,240.22079370012972
9.699999999999882,1.000000000002359,50.0,180.0,40.20739752277717,90.0,102.91602441224872,49.79260247722283,90.0,257.0839755877513
9.719999999999882,0.6000000000023675,-50.0,180.0,40.33548200891565,90.0,102.91459937227695,130.33548200891565,90.0,117.91459937227695
9.719999999999882,-0.9369065729322759,-50.0,199.645745014571,31.495248657914175,90.0,120.40002497007636,121.49524865791417,90.0,120.40002497007636
9.719999999999882,-0.9369065729322759,50.0,199.645745014571,31.495248657914175,90.0,120.40002497007636,58.504751342085825,90.0,239.59997502992366
9.719999999999882,0.6000000000023675,50.0,180.0,40.33548200891565,90.0,102.91459937227695,49.66451799108435,90.0,257.08540062772306
9.739999999999881,0.20000000000237605,-50.0,180.0,40.46318683050294,90.0,102.91388685533876,130.46318683050293,90.0,117.91388685533876
9.739999999999881,-0.3139525976502917,-50.0,199.9605345685645,31.149716691309234,90.00000000000001,120.71509721059175,121.14971669130924,89.99999999999999,120.71509721059175
9.739999999999881,-0.3139525976502917,50.0,199.9605345685645,31.149716691309234,90.00000000000001,120.71509721059175,58.85028330869076,90.00000000000001,239.28490278940825
9.739999999999881,0.20000000000237605,50.0,180.0,40.46318683050294,90.0,102.91388685533876,49.53681316949706,90.0,257.0861131446612
9.75999999999988,-0.19999999999761542,-50.0,180.0,40.5905107325798,90.0,102.91388685533876,130.5905107325798,90.0,117.91388685533876
9.75999999999988,0.31395259764282846,-50.0,199.96053456856637,30.96979974849641,90.00000000000001,120.71509721059364,120.96979974849641,89.99999999999999,120.71509721059364
9.75999999999988,0.31395259764282846,50.0,199.96053456856637,30.96979974849641,90.00000000000001,120.71509721059364,59.03020025150359,90.00000000000001,239.28490278940637
9.75999999999988,-0.19999999999761542,50.0,180.0,40.5905107325798,90.0,102.91388685533876,49.4094892674202,90.0,257.0861131446612
9.77999999999988,-0.5999999999976069,-50.0,180.0,40.71745245763501,90.0,102.91459937227695,130.717452457635,90.0,117.91459937227695
9.77999999999988,0.9369065729249304,-50.0,199.6457450145766,30.957492159658575,90.0,120.40002497008199,120.95749215965857,90.0,120.40002497008199
9.77999999999988,0.9369065729249304,50.0,199.6457450145766,30.957492159658575,90.0,120.40002497008199,59.04250784034143,90.0,239.59997502991803
9.77999999999988,-0.5999999999976069,50.0,180.0,40.71745245763501,90.0,102.91459937227695,49.28254754236499,90.0,257.08540062772306
9.79999999999988,-0.9999999999975984,-50.0,180.0,40.84401074567988,90.0,102.91602441224872,130.8440107456799,90.0,117.91602441224872
9.79999999999988,1.5450849718711488,-50.0,199.02113032590773,31.109944702095568,90.0,119.7792062998794,121.10994470209556,90.0,119.7792062998794
9.79999999999988,1.5450849718711488,50.0,199.02113032590773,31.109944702095568,90.0,119.7792062998794,58.89005529790443,90.0,240.2207937001206
9.79999999999988,-0.9999999999975984,50.0,180.0,40.84401074567988,90.0,102.91602441224872,49.15598925432012,90.0,257.0839755877513
9.81999999999988,-1.3999999999975898,-50.0,180.0,40.97018433432171,90.0,102.91816198744671,130.97018433432171,90.0,117.91816198744671
9.81999999999988,2.1288964578219383,-50.0,198.09654104932685,31.41985911060351,90.0,118.87054562290355,121.41985911060351,90.0,118.87054562290355
9.81999999999988,2.1288964578219383,50.0,198.09654104932685,31.41985911060351,90.0,118.87054562290355,58.58014088939649,90.0,241.12945437709647
9.81999999999988,-1.3999999999975898,50.0,180.0,40.97018433432171,90.0,102.91816198744671,49.02981566567829,90.0,257.0818380125533
9.839999999999879,-1.7999999999975813,-50.0,180.0,41.09597195883603,90.0,102.92101211616483,131.09597195883603,90.0,117.92101211616483
9.839999999999879,2.6791339748917746,-50.0,196.88655851004845,31.87619136430554,90.00000000000001,117.69917804441124,121.87619136430554,89.99999999999999,117.69917804441124
9.839999999999879,2.6791339748917746,50.0,196.88655851004845,31.87619136430554,90.00000000000001,117.69917804441124,58.12380863569446,90.00000000000001,242.30082195558876
9.839999999999879,-1.7999999999975813,50.0,180.0,41.09597195883603,90.0,102.92101211616483,48.90402804116397,90.0,257.07898788383517
9.859999999999879,-2.199999999997573,-50.0,180.0,41.22137235223802,90.0,102.92457482280365,131.221372352238,90.0,117.92457482280365
9.859999999999879,3.187119948740511,-50.0,195.4102648555255,32.465036341699275,90.0,116.29576329477705,122.46503634169927,90.0,116.29576329477705
9.859999999999879,3.187119948740511,50.0,195.4102648555255,32.465036341699275,90.0,116.29576329477705,57.534963658300725,90.0,243.70423670522297
9.859999999999879,-2.199999999997573,50.0,180.0,41.22137235223802,90.0,102.92457482280365,48.77862764776198,90.0,257.07542517719634
9.879999999999878,-2.5999999999975643,-50.0,180.0,41.346384245352475,90.0,102.9288501378784,131.34638424535248,90.0,117.9288501378784
9.879999999999878,3.644843137104438,-50.0,193.69094211858493,33.17055542091897,90.0,114.69468536856219,123.17055542091897,90.0,114.69468536856219
9.879999999999878,3.644843137104438,50.0,193.69094211858493,33.17055542091897,90.0,114.69468536856219,56.82944457908103,90.0,245.3053146314378
9.879999999999878,-2.5999999999975643,50.0,180.0,41.346384245352475,90.0,102.9288501378784,48.653615754647525,90.0,257.0711498621216
9.899999999999878,-2.9999999999975557,-50.0,180.0,41.47100636688281,90.0,102.93383809802837,131.47100636688282,90.0,117.93383809802837
9.899999999999878,4.04508497187248,-50.0,191.75570504586187,33.975831884642375,90.00000000000001,112.93237702944,123.97583188464237,89.99999999999999,112.93237702944
9.899999999999878,4.04508497187248,50.0,191.75570504586187,33.975831884642375,90.00000000000001,112.93237702944,56.024168115357625,90.00000000000001,247.06762297056
9.899999999999878,-2.9999999999975557,50.0,180.0,41.47100636688281,90.0,102.93383809802837,48.52899363311719,90.0,257.0661619019716
9.919999999999877,-3.399999999997547,-50.0,180.0,41.59523744347899,90.0,102.93953874602848,131.595237443479,90.0,117.93953874602848
9.919999999999877,4.381533400217461,-50.0,189.6350734820478,34.86358066093595,90.0,111.04590841493872,124.86358066093595,90.0,111.04590841493872
9.919999999999877,4.381533400217461,50.0,189.6350734820478,34.86358066093595,90.0,111.04590841493872,55.13641933906405,90.0,248.9540915850613
9.919999999999877,-3.399999999997547,50.0,180.0,41.59523744347899,90.0,102.93953874602848,48.40476255652101,90.0,257.06046125397154
9.939999999999877,-3.7999999999975387,-50.0,180.0,41.71907619980415,90.0,102.94595213080262,131.71907619980414,90.0,117.94595213080262
9.939999999999877,4.648882429439833,-50.0,187.36249105370794,35.816682022940235,90.0,109.07189641965189,125.81668202294023,90.0,109.07189641965189
9.939999999999877,4.648882429439833,50.0,187.36249105370794,35.816682022940235,90.0,109.07189641965189,54.183317977059765,90.0,250.9281035803481
9.939999999999877,-3.7999999999975387,50.0,180.0,41.71907619980415,90.0,102.94595213080262,48.28092380019585,90.0,257.05404786919735
9.959999999999877,-4.19999999999753,-50.0,180.0,41.84252135860015,90.0,102.95307830743901,131.84252135860015,90.0,117.95307830743901
9.959999999999877,4.842915805642191,-50.0,184.97379774331213,36.81854234570111,90.0,107.04572765398848,126.8185423457011,90.0,107.04572765398848
9.959999999999877,4.842915805642191,50.0,184.97379774331213,36.81854234570111,90.0,107.04572765398848,53.18145765429889,90.0,252.95427234601152
9.959999999999877,-4.19999999999753,50.0,180.0,41.84252135860015,90.0,102.95307830743901,48.15747864139985,90.0,257.046921692561
9.979999999999876,-4.599999999997522,-50.0,180.0,41.965571640752,90.0,102.96091733720749,131.965571640752,90.0,117.96091733720749
9.979999999999876,4.960573506571901,-50.0,182.50666467130154,37.853305265807094,90.0,105.00104961667122,127.8533052658071,90.0,105.00104961667122
9.979999999999876,4.960573506571901,50.0,182.50666467130154,37.853305265807094,90.0,105.00104961667122,52.146694734192906,90.0,254.99895038332878
9.979999999999876,-4.599999999997522,50.0,180.0,41.965571640752,90.0,102.96091733720749,48.034428359248,90.0,257.0390826627925
