time (s),target_x (mm),target_y (mm),target_z (mm),joint_hip (deg),joint_shoulder (deg),joint_knee (deg),servo_hip (deg),servo_shoulder (deg),servo_knee (deg)
0.0,-0.0,-50.0,180.0,40.52689647501644,90.0,102.91379779086434,130.52689647501643,90.0,117.91379779086434
0.0,0.0,-50.0,180.0,40.52689647501644,90.0,102.91379779086434,130.52689647501643,90.0,102.91379779086434
0.0,0.0,50.0,180.0,40.52689647501644,90.0,102.91379779086434,49.47310352498356,90.0,257.08620220913565
0.0,-0.0,50.0,180.0,40.52689647501644,90.0,102.91379779086434,49.47310352498356,90.0,257.08620220913565
0.02,-0.0,-50.0,182.50666467128607,39.43978353063155,90.0,104.94576748695319,129.43978353063156,90.0,119.94576748695319
0.02,0.0,-50.0,180.0,40.52689647501644,90.0,102.91379779086434,130.52689647501643,90.0,102.91379779086434
0.02,0.0,50.0,180.0,40.52689647501644,90.0,102.91379779086434,49.47310352498356,90.0,257.08620220913565
0.02,-0.0,50.0,182.50666467128607,39.43978353063155,90.0,104.94576748695319,50.56021646936845,90.0,255.05423251304683
0.04,-0.0,-50.0,184.9737977432971,38.34670176971174,90.00000000000001,106.9924947010524,128.34670176971173,89.99999999999999,121.9924947010524
0.04,0.0,-50.0,180.0,40.52689647501644,90.0,102.91379779086434,130.52689647501643,90.0,102.91379779086434
0.04,0.0,50.0,180.0,40.52689647501644,90.0,102.91379779086434,49.47310352498356,90.0,257.08620220913565
0.04,-0.0,50.0,184.9737977432971,38.34670176971174,90.00000000000001,106.9924947010524,51.65329823028826,90.00000000000001,253.0075052989476
0.06,-0.0,-50.0,187.36249105369356,37.26446256083346,90.0,109.02227503993053,127.26446256083346,90.0,124.02227503993053
0.06,0.0,-50.0,180.0,40.52689647501644,90.0,102.91379779086434,130.52689647501643,90.0,102.91379779086434
0.06,0.0,50.0,180.0,40.52689647501644,90.0,102.91379779086434,49.47310352498356,90.0,257.08620220913565
0.06,-0.0,50.0,187.36249105369356,37.26446256083346,90.0,109.02227503993053,52.73553743916654,90.0,250.97772496006945
0.08,-0.0,-50.0,189.6350734820343,36.21091385430361,90.0,111.00127214311333,126.21091385430361,90.0,126.00127214311333
0.08,0.0,-50.0,180.0,40.52689647501644,90.0,102.91379779086434,130.52689647501643,90.0,102.91379779086434
0.08,0.0,50.0,180.0,40.52689647501644,90.0,102.91379779086434,49.47310352498356,90.0,257.08620220913565
0.08,-0.0,50.0,189.6350734820343,36.21091385430361,90.0,111.00127214311333,53.78908614569639,90.0,248.99872785688666
0.1,-0.0,-50.0,191.75570504584945,35.204789126751,90.0,112.89382307579466,125.204789126751,90.0,127.89382307579466
0.1,0.0,-50.0,180.0,40.52689647501644,90.0,102.91379779086434,130.52689647501643,90.0,102.91379779086434
0.1,0.0,50.0,180.0,40.52689647501644,90.0,102.91379779086434,49.47310352498356,90.0,257.08620220913565
0.1,-0.0,50.0,191.75570504584945,35.204789126751,90.0,112.89382307579466,54.795210873249,90.0,247.10617692420533
0.12000000000000001,-0.0,-50.0,193.6909421185738,34.26544800044466,90.0,114.66295509977458,124.26544800044465,90.0,129.6629550997746
0.12000000000000001,0.0,-50.0,180.0,40.52689647501644,90.0,102.91379779086434,130.52689647501643,90.0,102.91379779086434
0.12000000000000001,0.0,50.0,180.0,40.52689647501644,90.0,102.91379779086434,49.47310352498356,90.0,257.08620220913565
0.12000000000000001,-0.0,50.0,193.6909421185738,34.26544800044466,90.0,114.66295509977458,55.73455199955534,90.0,245.3370449002254
0.14,-0.0,-50.0,195.41026485551578,33.41247536588891,90.0,116.2711760478642,123.41247536588891,90.0,131.2711760478642
0.14,0.0,-50.0,180.0,40.52689647501644,90.0,102.91379779086434,130.52689647501643,90.0,102.91379779086434
0.14,0.0,50.0,180.0,40.52689647501644,90.0,102.91379779086434,49.47310352498356,90.0,257.08620220913565
0.14,-0.0,50.0,195.41026485551578,33.41247536588891,90.0,116.2711760478642,56.58752463411109,90.0,243.7288239521358
0.16,-0.0,-50.0,196.8865585100403,32.665113829680934,90.0,117.68158532761394,122.66511382968093,90.0,132.68158532761396
0.16,0.0,-50.0,180.0,40.52689647501644,90.0,102.91379779086434,130.52689647501643,90.0,102.91379779086434
0.16,0.0,50.0,180.0,40.52689647501644,90.0,102.91379779086434,49.47310352498356,90.0,257.08620220913565
0.16,-0.0,50.0,196.8865585100403,32.665113829680934,90.0,117.68158532761394,57.334886170319066,90.0,242.31841467238604
0.18,-0.0,-50.0,198.0965410493204,32.041524474193466,90.0,118.85931399794805,122.04152447419347,90.0,133.85931399794805
0.18,0.0,-50.0,180.0,40.52689647501644,90.0,102.91379779086434,130.52689647501643,90.0,102.91379779086434
0.18,0.0,50.0,180.0,40.52689647501644,90.0,102.91379779086434,49.47310352498356,90.0,257.08620220913565
0.18,-0.0,50.0,198.0965410493204,32.041524474193466,90.0,118.85931399794805,57.958475525806534,90.0,241.14068600205195
0.19999999999999998,-0.0,-50.0,199.02113032590307,31.557904981446903,90.0,119.77323707536696,121.55790498144691,90.0,134.77323707536698
0.19999999999999998,0.0,-50.0,180.0,40.52689647501644,90.0,102.91379779086434,130.52689647501643,90.0,102.91379779086434
0.19999999999999998,0.0,50.0,180.0,40.52689647501644,90.0,102.91379779086434,49.47310352498356,90.0,257.08620220913565
0.19999999999999998,-0.0,50.0,199.02113032590307,31.557904981446903,90.0,119.77323707536696,58.4420950185531,90.0,240.22676292463302
0.21999999999999997,-0.0,-50.0,199.64574501457378,31.22753849387131,90.0,120.39781625095992,121.22753849387131,90.0,135.39781625095992
0.21999999999999997,0.0,-50.0,180.0,40.52689647501644,90.0,102.91379779086434,130.52689647501643,90.0,102.91379779086434
0.21999999999999997,0.0,50.0,180.0,40.52689647501644,90.0,102.91379779086434,49.47310352498356,90.0,257.08620220913565
0.21999999999999997,-0.0,50.0,199.64574501457378,31.22753849387131,90.0,120.39781625095992,58.77246150612869,90.0,239.60218374904008
0.23999999999999996,-0.0,-50.0,199.96053456856544,31.059889787850604,90.00000000000001,120.71484838764496,121.05988978785061,89.99999999999999,135.71484838764496
0.23999999999999996,0.0,-50.0,180.0,40.52689647501644,90.0,102.91379779086434,130.52689647501643,90.0,102.91379779086434
0.23999999999999996,0.0,50.0,180.0,40.52689647501644,90.0,102.91379779086434,49.47310352498356,90.0,257.08620220913565
0.23999999999999996,-0.0,50.0,199.96053456856544,31.059889787850604,90.00000000000001,120.71484838764496,58.94011021214939,90.00000000000001,239.28515161235504
0.25999999999999995,0.0,-50.0,199.96053456856544,31.059889787850604,90.00000000000001,120.71484838764496,121.05988978785061,89.99999999999999,135.71484838764496
0.25999999999999995,0.0,-50.0,180.0,40.52689647501644,90.0,102.91379779086434,130.52689647501643,90.0,102.91379779086434
0.25999999999999995,0.0,50.0,180.0,40.52689647501644,90.0,102.91379779086434,49.47310352498356,90.0,257.08620220913565
0.25999999999999995,0.0,50.0,199.96053456856544,31.059889787850604,90.00000000000001,120.71484838764496,58.94011021214939,90.00000000000001,239.28515161235504
0.27999999999999997,0.0,-50.0,199.64574501457378,31.22753849387131,90.0,120.39781625095992,121.22753849387131,90.0,135.39781625095992
0.27999999999999997,0.0,-50.0,180.0,40.52689647501644,90.0,102.91379779086434,130.52689647501643,90.0,102.91379779086434
0.27999999999999997,0.0,50.0,180.0,40.52689647501644,90.0,102.91379779086434,49.47310352498356,90.0,257.08620220913565
0.27999999999999997,0.0,50.0,199.64574501457378,31.22753849387131,90.0,120.39781625095992,58.77246150612869,90.0,239.60218374904008
0.3,0.0,-50.0,199.02113032590307,31.557904981446903,90.0,119.77323707536696,121.55790498144691,90.0,134.77323707536698
0.3,0.0,-50.0,180.0,40.52689647501644,90.0,102.91379779086434,130.52689647501643,90.0,102.91379779086434
0.3,0.0,50.0,180.0,40.52689647501644,90.0,102.91379779086434,49.47310352498356,90.0,257.08620220913565
0.3,0.0,50.0,199.02113032590307,31.557904981446903,90.0,119.77323707536696,58.4420950185531,90.0,240.22676292463302
0.32,0.0,-50.0,198.0965410493204,32.041524474193466,90.0,118.85931399794805,122.04152447419347,90.0,133.85931399794805
0.32,0.0,-50.0,180.0,40.52689647501644,90.0,102.91379779086434,130.52689647501643,90.0,102.91379779086434
0.32,0.0,50.0,180.0,40.52689647501644,90.0,102.91379779086434,49.47310352498356,90.0,257.08620220913565
0.32,0.0,50.0,198.0965410493204,32.041524474193466,90.0,118.85931399794805,57.958475525806534,90.0,241.14068600205195
0.34,0.0,-50.0,196.8865585100403,32.665113829680934,90.0,117.68158532761394,122.66511382968093,90.0,132.68158532761396
0.34,0.0,-50.0,180.0,40.52689647501644,90.0,102.91379779086434,130.52689647501643,90.0,102.91379779086434
0.34,0.0,50.0,180.0,40.52689647501644,90.0,102.91379779086434,49.47310352498356,90.0,257.08620220913565
0.34,0.0,50.0,196.8865585100403,32.665113829680934,90.0,117.68158532761394,57.334886170319066,90.0,242.31841467238604
0.36000000000000004,0.0,-50.0,195.41026485551578,33.41247536588891,90.0,116.2711760478642,123.41247536588891,90.0,131.2711760478642
0.36000000000000004,0.0,-50.0,180.0,40.52689647501644,90.0,102.91379779086434,130.52689647501643,90.0,102.91379779086434
0.36000000000000004,0.0,50.0,180.0,40.52689647501644,90.0,102.91379779086434,49.47310352498356,90.0,257.08620220913565
0.36000000000000004,0.0,50.0,195.41026485551578,33.41247536588891,90.0,116.2711760478642,56.58752463411109,90.0,243.7288239521358
0.38000000000000006,0.0,-50.0,193.69094211857376,34.26544800044468,90.0,114.66295509977456,124.26544800044468,90.0,129.66295509977456
0.38000000000000006,0.0,-50.0,180.0,40.52689647501644,90.0,102.91379779086434,130.52689647501643,90.0,102.91379779086434
0.38000000000000006,0.0,50.0,180.0,40.52689647501644,90.0,102.91379779086434,49.47310352498356,90.0,257.08620220913565
0.38000000000000006,0.0,50.0,193.69094211857376,34.26544800044468,90.0,114.66295509977456,55.73455199955532,90.0,245.33704490022544
0.4000000000000001,0.0,-50.0,191.75570504584945,35.204789126751,90.0,112.89382307579466,125.204789126751,90.0,127.89382307579466
0.4000000000000001,0.0,-50.0,180.0,40.52689647501644,90.0,102.91379779086434,130.52689647501643,90.0,102.91379779086434
0.4000000000000001,0.0,50.0,180.0,40.52689647501644,90.0,102.91379779086434,49.47310352498356,90.0,257.08620220913565
0.4000000000000001,0.0,50.0,191.75570504584945,35.204789126751,90.0,112.89382307579466,54.795210873249,90.0,247.10617692420533
0.4200000000000001,0.0,-50.0,189.6350734820343,36.21091385430361,90.0,111.00127214311333,126.21091385430361,90.0,126.00127214311333
0.4200000000000001,0.0,-50.0,180.0,40.52689647501644,90.0,102.91379779086434,130.52689647501643,90.0,102.91379779086434
0.4200000000000001,0.0,50.0,180.0,40.52689647501644,90.0,102.91379779086434,49.47310352498356,90.0,257.08620220913565
0.4200000000000001,0.0,50.0,189.6350734820343,36.21091385430361,90.0,111.00127214311333,53.78908614569639,90.0,248.99872785688666
0.4400000000000001,0.0,-50.0,187.36249105369353,37.264462560833465,90.0,109.02227503993052,127.26446256083346,90.0,124.02227503993052
0.4400000000000001,0.0,-50.0,180.0,40.52689647501644,90.0,102.91379779086434,130.52689647501643,90.0,102.91379779086434
0.4400000000000001,0.0,50.0,180.0,40.52689647501644,90.0,102.91379779086434,49.47310352498356,90.0,257.08620220913565
0.4400000000000001,0.0,50.0,187.36249105369353,37.264462560833465,90.0,109.02227503993052,52.735537439166535,90.0,250.97772496006948
0.46000000000000013,0.0,-50.0,184.97379774329707,38.34670176971176,90.0,106.99249470105238,128.34670176971176,90.0,121.99249470105238
0.46000000000000013,0.0,-50.0,180.0,40.52689647501644,90.0,102.91379779086434,130.52689647501643,90.0,102.91379779086434
0.46000000000000013,0.0,50.0,180.0,40.52689647501644,90.0,102.91379779086434,49.47310352498356,90.0,257.08620220913565
0.46000000000000013,0.0,50.0,184.97379774329707,38.34670176971176,90.0,106.99249470105238,51.65329823028824,90.0,253.00750529894762
0.48000000000000015,0.0,-50.0,182.50666467128607,39.43978353063155,90.0,104.94576748695319,129.43978353063156,90.0,119.94576748695319
0.48000000000000015,0.0,-50.0,180.0,40.52689647501644,90.0,102.91379779086434,130.52689647501643,90.0,102.91379779086434
0.48000000000000015,0.0,50.0,180.0,40.52689647501644,90.0,102.91379779086434,49.47310352498356,90.0,257.08620220913565
0.48000000000000015,0.0,50.0,182.50666467128607,39.43978353063155,90.0,104.94576748695319,50.56021646936845,90.0,255.05423251304683
0.5000000000000001,0.0,-50.0,180.0,40.52689647501644,90.0,102.91379779086434,130.52689647501643,90.0,117.91379779086434
0.5000000000000001,-0.0,-50.0,180.0,40.52689647501644,90.0,102.91379779086434,130.52689647501643,90.0,102.91379779086434
0.5000000000000001,-0.0,50.0,180.0,40.52689647501644,90.0,102.91379779086434,49.47310352498356,90.0,257.08620220913565
0.5000000000000001,0.0,50.0,180.0,40.52689647501644,90.0,102.91379779086434,49.47310352498356,90.0,257.08620220913565
0.5200000000000001,0.0,-50.0,180.0,40.52689647501644,90.0,102.91379779086434,130.52689647501643,90.0,117.91379779086434
0.5200000000000001,-0.0,-50.0,182.50666467128607,39.43978353063155,90.0,104.94576748695319,129.43978353063156,90.0,104.94576748695319
0.5200000000000001,-0.0,50.0,182.50666467128607,39.43978353063155,90.0,104.94576748695319,50.56021646936845,90.0,255.05423251304683
0.5200000000000001,0.0,50.0,180.0,40.52689647501644,90.0,102.91379779086434,49.47310352498356,90.0,257.08620220913565
0.5400000000000001,0.0,-50.0,180.0,40.52689647501644,90.0,102.91379779086434,130.52689647501643,90.0,117.91379779086434
0.5400000000000001,-0.0,-50.0,184.9737977432971,38.34670176971174,90.00000000000001,106.9924947010524,128.34670176971173,89.99999999999999,106.9924947010524
0.5400000000000001,-0.0,50.0,184.9737977432971,38.34670176971174,90.00000000000001,106.9924947010524,51.65329823028826,90.00000000000001,253.0075052989476
0.5400000000000001,0.0,50.0,180.0,40.52689647501644,90.0,102.91379779086434,49.47310352498356,90.0,257.08620220913565
0.5600000000000002,0.0,-50.0,180.0,40.52689647501644,90.0,102.91379779086434,130.52689647501643,90.0,117.91379779086434
0.5600000000000002,-0.0,-50.0,187.36249105369356,37.26446256083346,90.0,109.02227503993053,127.26446256083346,90.0,109.02227503993053
0.5600000000000002,-0.0,50.0,187.36249105369356,37.26446256083346,90.0,109.02227503993053,52.73553743916654,90.0,250.97772496006945
0.5600000000000002,0.0,50.0,180.0,40.52689647501644,90.0,102.91379779086434,49.47310352498356,90.0,257.08620220913565
0.5800000000000002,0.0,-50.0,180.0,40.52689647501644,90.0,102.91379779086434,130.52689647501643,90.0,117.91379779086434
0.5800000000000002,-0.0,-50.0,189.63507348203433,36.210913854303605,90.0,111.00127214311334,126.21091385430361,90.0,111.00127214311334
0.5800000000000002,-0.0,50.0,189.63507348203433,36.210913854303605,90.0,111.00127214311334,53.789086145696395,90.0,248.99872785688666
0.5800000000000002,0.0,50.0,180.0,40.52689647501644,90.0,102.91379779086434,49.47310352498356,90.0,257.08620220913565
0.6000000000000002,0.0,-50.0,180.0,40.52689647501644,90.0,102.91379779086434,130.52689647501643,90.0,117.91379779086434
0.6000000000000002,-0.0,-50.0,191.75570504584948,35.204789126750995,90.0,112.89382307579467,125.204789126751,90.0,112.89382307579467
0.6000000000000002,-0.0,50.0,191.75570504584948,35.204789126750995,90.0,112.89382307579467,54.795210873249005,90.0,247.10617692420533
0.6000000000000002,0.0,50.0,180.0,40.52689647501644,90.0,102.91379779086434,49.47310352498356,90.0,257.08620220913565
0.6200000000000002,0.0,-50.0,180.0,40.52689647501644,90.0,102.91379779086434,130.52689647501643,90.0,117.91379779086434
0.6200000000000002,-0.0,-50.0,193.6909421185738,34.26544800044466,90.0,114.66295509977458,124.26544800044465,90.0,114.66295509977458
0.6200000000000002,-0.0,50.0,193.6909421185738,34.26544800044466,90.0,114.66295509977458,55.73455199955534,90.0,245.3370449002254
0.6200000000000002,0.0,50.0,180.0,40.52689647501644,90.0,102.91379779086434,49.47310352498356,90.0,257.08620220913565
0.6400000000000002,0.0,-50.0,180.0,40.52689647501644,90.0,102.91379779086434,130.52689647501643,90.0,117.91379779086434
0.6400000000000002,-0.0,-50.0,195.4102648555158,33.41247536588889,90.0,116.27117604786423,123.4124753658889,90.0,116.27117604786423
0.6400000000000002,-0.0,50.0,195.4102648555158,33.41247536588889,90.0,116.27117604786423,56.58752463411111,90.0,243.72882395213577
0.6400000000000002,0.0,50.0,180.0,40.52689647501644,90.0,102.91379779086434,49.47310352498356,90.0,257.08620220913565
0.6600000000000003,0.0,-50.0,180.0,40.52689647501644,90.0,102.91379779086434,130.52689647501643,90.0,117.91379779086434
0.6600000000000003,-0.0,-50.0,196.88655851004032,32.66511382968093,90.0,117.68158532761397,122.66511382968093,90.0,117.68158532761397
0.6600000000000003,-0.0,50.0,196.88655851004032,32.66511382968093,90.0,117.68158532761397,57.33488617031907,90.0,242.31841467238604
0.6600000000000003,0.0,50.0,180.0,40.52689647501644,90.0,102.91379779086434,49.47310352498356,90.0,257.08620220913565
0.6800000000000003,0.0,-50.0,180.0,40.52689647501644,90.0,102.91379779086434,130.52689647501643,90.0,117.91379779086434
0.6800000000000003,-0.0,-50.0,198.0965410493204,32.041524474193466,90.0,118.85931399794805,122.04152447419347,90.0,118.85931399794805
0.6800000000000003,-0.0,50.0,198.0965410493204,32.041524474193466,90.0,118.85931399794805,57.958475525806534,90.0,241.14068600205195
0.6800000000000003,0.0,50.0,180.0,40.52689647501644,90.0,102.91379779086434,49.47310352498356,90.0,257.08620220913565
0.7000000000000003,0.0,-50.0,180.0,40.52689647501644,90.0,102.91379779086434,130.52689647501643,90.0,117.91379779086434
0.7000000000000003,-0.0,-50.0,199.02113032590307,31.557904981446903,90.0,119.77323707536696,121.55790498144691,90.0,119.77323707536696
0.7000000000000003,-0.0,50.0,199.02113032590307,31.557904981446903,90.0,119.77323707536696,58.4420950185531,90.0,240.22676292463302
0.7000000000000003,0.0,50.0,180.0,40.52689647501644,90.0,102.91379779086434,49.47310352498356,90.0,257.08620220913565
0.7200000000000003,0.0,-50.0,180.0,40.52689647501644,90.0,102.91379779086434,130.52689647501643,90.0,117.91379779086434
0.7200000000000003,-0.0,-50.0,199.64574501457378,31.22753849387131,90.0,120.39781625095992,121.22753849387131,90.0,120.39781625095992
0.7200000000000003,-0.0,50.0,199.64574501457378,31.22753849387131,90.0,120.39781625095992,58.77246150612869,90.0,239.60218374904008
0.7200000000000003,0.0,50.0,180.0,40.52689647501644,90.0,102.91379779086434,49.47310352498356,90.0,257.08620220913565
0.7400000000000003,0.0,-50.0,180.0,40.52689647501644,90.0,102.91379779086434,130.52689647501643,90.0,117.91379779086434
0.7400000000000003,-0.0,-50.0,199.96053456856544,31.059889787850604,90.00000000000001,120.71484838764496,121.05988978785061,89.99999999999999,120.71484838764496
0.7400000000000003,-0.0,50.0,199.96053456856544,31.059889787850604,90.00000000000001,120.71484838764496,58.94011021214939,90.00000000000001,239.28515161235504
0.7400000000000003,0.0,50.0,180.0,40.52689647501644,90.0,102.91379779086434,49.47310352498356,90.0,257.08620220913565
0.7600000000000003,0.0,-50.0,180.0,40.52689647501644,90.0,102.91379779086434,130.52689647501643,90.0,117.91379779086434
0.7600000000000003,0.0,-50.0,199.96053456856544,31.059889787850604,90.00000000000001,120.71484838764496,121.05988978785061,89.99999999999999,120.71484838764496
0.7600000000000003,0.0,50.0,199.96053456856544,31.059889787850604,90.00000000000001,120.71484838764496,58.94011021214939,90.00000000000001,239.28515161235504
0.7600000000000003,0.0,50.0,180.0,40.52689647501644,90.0,102.91379779086434,49.47310352498356,90.0,257.08620220913565
0.7800000000000004,0.0,-50.0,180.0,40.52689647501644,90.0,102.91379779086434,130.52689647501643,90.0,117.91379779086434
0.7800000000000004,0.0,-50.0,199.64574501457378,31.22753849387131,90.0,120.39781625095992,121.22753849387131,90.0,120.39781625095992
0.7800000000000004,0.0,50.0,199.64574501457378,31.22753849387131,90.0,120.39781625095992,58.77246150612869,90.0,239.60218374904008
0.7800000000000004,0.0,50.0,180.0,40.52689647501644,90.0,102.91379779086434,49.47310352498356,90.0,257.08620220913565
0.8000000000000004,0.0,-50.0,180.0,40.52689647501644,90.0,102.91379779086434,130.52689647501643,90.0,117.91379779086434
0.8000000000000004,0.0,-50.0,199.02113032590307,31.557904981446903,90.0,119.77323707536696,121.55790498144691,90.0,119.77323707536696
0.8000000000000004,0.0,50.0,199.02113032590307,31.557904981446903,90.0,119.77323707536696,58.4420950185531,90.0,240.22676292463302
0.8000000000000004,0.0,50.0,180.0,40.52689647501644,90.0,102.91379779086434,49.47310352498356,90.0,257.08620220913565
0.8200000000000004,0.0,-50.0,180.0,40.52689647501644,90.0,102.91379779086434,130.52689647501643,90.0,117.91379779086434
0.8200000000000004,0.0,-50.0,198.09654104932036,32.04152447419349,90.0,118.85931399794804,122.0415244741935,90.0,118.85931399794804
0.8200000000000004,0.0,50.0,198.09654104932036,32.04152447419349,90.0,118.85931399794804,57.95847552580651,90.0,241.14068600205195
0.8200000000000004,0.0,50.0,180.0,40.52689647501644,90.0,102.91379779086434,49.47310352498356,90.0,257.08620220913565
0.8400000000000004,0.0,-50.0,180.0,40.52689647501644,90.0,102.91379779086434,130.52689647501643,90.0,117.91379779086434
0.8400000000000004,0.0,-50.0,196.8865585100403,32.665113829680934,90.0,117.68158532761394,122.66511382968093,90.0,117.68158532761394
0.8400000000000004,0.0,50.0,196.8865585100403,32.665113829680934,90.0,117.68158532761394,57.334886170319066,90.0,242.31841467238604
0.8400000000000004,0.0,50.0,180.0,40.52689647501644,90.0,102.91379779086434,49.47310352498356,90.0,257.08620220913565
0.8600000000000004,0.0,-50.0,180.0,40.52689647501644,90.0,102.91379779086434,130.52689647501643,90.0,117.91379779086434
0.8600000000000004,0.0,-50.0,195.41026485551578,33.41247536588891,90.0,116.2711760478642,123.41247536588891,90.0,116.2711760478642
0.8600000000000004,0.0,50.0,195.41026485551578,33.41247536588891,90.0,116.2711760478642,56.58752463411109,90.0,243.7288239521358
0.8600000000000004,0.0,50.0,180.0,40.52689647501644,90.0,102.91379779086434,49.47310352498356,90.0,257.08620220913565
0.8800000000000004,0.0,-50.0,180.0,40.52689647501644,90.0,102.91379779086434,130.52689647501643,90.0,117.91379779086434
0.8800000000000004,0.0,-50.0,193.69094211857376,34.26544800044468,90.0,114.66295509977456,124.26544800044468,90.0,114.66295509977456
0.8800000000000004,0.0,50.0,193.69094211857376,34.26544800044468,90.0,114.66295509977456,55.73455199955532,90.0,245.33704490022544
0.8800000000000004,0.0,50.0,180.0,40.52689647501644,90.0,102.91379779086434,49.47310352498356,90.0,257.08620220913565
0.9000000000000005,0.0,-50.0,180.0,40.52689647501644,90.0,102.91379779086434,130.52689647501643,90.0,117.91379779086434
0.9000000000000005,0.0,-50.0,191.75570504584942,35.204789126751024,90.0,112.89382307579461,125.20478912675102,90.0,112.89382307579461
0.9000000000000005,0.0,50.0,191.75570504584942,35.204789126751024,90.0,112.89382307579461,54.795210873248976,90.0,247.10617692420539
0.9000000000000005,0.0,50.0,180.0,40.52689647501644,90.0,102.91379779086434,49.47310352498356,90.0,257.08620220913565
0.9200000000000005,0.0,-50.0,180.0,40.52689647501644,90.0,102.91379779086434,130.52689647501643,90.0,117.91379779086434
0.9200000000000005,0.0,-50.0,189.63507348203427,36.21091385430364,90.0,111.00127214311328,126.21091385430364,90.0,111.00127214311328
0.9200000000000005,0.0,50.0,189.63507348203427,36.21091385430364,90.0,111.00127214311328,53.78908614569636,90.0,248.99872785688672
0.9200000000000005,0.0,50.0,180.0,40.52689647501644,90.0,102.91379779086434,49.47310352498356,90.0,257.08620220913565
0.9400000000000005,0.0,-50.0,180.0,40.52689647501644,90.0,102.91379779086434,130.52689647501643,90.0,117.91379779086434
0.9400000000000005,0.0,-50.0,187.3624910536935,37.26446256083348,90.0,109.02227503993048,127.26446256083348,90.0,109.02227503993048
0.9400000000000005,0.0,50.0,187.3624910536935,37.26446256083348,90.0,109.02227503993048,52.73553743916652,90.0,250.9777249600695
0.9400000000000005,0.0,50.0,180.0,40.52689647501644,90.0,102.91379779086434,49.47310352498356,90.0,257.08620220913565
0.9600000000000005,0.0,-50.0,180.0,40.52689647501644,90.0,102.91379779086434,130.52689647501643,90.0,117.91379779086434
0.9600000000000005,0.0,-50.0,184.97379774329704,38.346701769711764,90.0,106.99249470105234,128.34670176971176,90.0,106.99249470105234
0.9600000000000005,0.0,50.0,184.97379774329704,38.346701769711764,90.0,106.99249470105234,51.653298230288236,90.0,253.00750529894765
0.9600000000000005,0.0,50.0,180.0,40.52689647501644,90.0,102.91379779086434,49.47310352498356,90.0,257.08620220913565
0.9800000000000005,0.0,-50.0,180.0,40.52689647501644,90.0,102.91379779086434,130.52689647501643,90.0,117.91379779086434
0.9800000000000005,0.0,-50.0,182.50666467128605,39.43978353063157,90.0,104.94576748695317,129.4397835306316,90.0,104.94576748695317
0.9800000000000005,0.0,50.0,182.50666467128605,39.43978353063157,90.0,104.94576748695317,50.56021646936843,90.0,255.05423251304683
0.9800000000000005,0.0,50.0,180.0,40.52689647501644,90.0,102.91379779086434,49.47310352498356,90.0,257.08620220913565
1.0000000000000004,-0.0,-50.0,180.00000000000006,40.52689647501643,90.0,102.91379779086438,130.52689647501643,90.0,117.91379779086438
1.0000000000000004,0.0,-50.0,180.0,40.52689647501644,90.0,102.91379779086434,130.52689647501643,90.0,102.91379779086434
1.0000000000000004,0.0,50.0,180.0,40.52689647501644,90.0,102.91379779086434,49.47310352498356,90.0,257.08620220913565
1.0000000000000004,-0.0,50.0,180.00000000000006,40.52689647501643,90.0,102.91379779086438,49.47310352498357,90.0,257.08620220913565
1.0200000000000005,-0.0,-50.0,182.50666467128613,39.43978353063153,90.0,104.94576748695324,129.43978353063153,90.0,119.94576748695324
1.0200000000000005,0.0,-50.0,180.0,40.52689647501644,90.0,102.91379779086434,130.52689647501643,90.0,102.91379779086434
1.0200000000000005,0.0,50.0,180.0,40.52689647501644,90.0,102.91379779086434,49.47310352498356,90.0,257.08620220913565
1.0200000000000005,-0.0,50.0,182.50666467128613,39.43978353063153,90.0,104.94576748695324,50.56021646936847,90.0,255.05423251304677
1.0400000000000005,-0.0,-50.0,184.97379774329715,38.34670176971171,90.0,106.99249470105245,128.3467017697117,90.0,121.99249470105245
1.0400000000000005,0.0,-50.0,180.0,40.52689647501644,90.0,102.91379779086434,130.52689647501643,90.0,102.91379779086434
1.0400000000000005,0.0,50.0,180.0,40.52689647501644,90.0,102.91379779086434,49.47310352498356,90.0,257.08620220913565
1.0400000000000005,-0.0,50.0,184.97379774329715,38.34670176971171,90.0,106.99249470105245,51.65329823028829,90.0,253.00750529894754
1.0600000000000005,-0.0,-50.0,187.36249105369362,37.26446256083342,90.00000000000001,109.02227503993058,127.26446256083342,89.99999999999999,124.02227503993058
1.0600000000000005,0.0,-50.0,180.0,40.52689647501644,90.0,102.91379779086434,130.52689647501643,90.0,102.91379779086434
1.0600000000000005,0.0,50.0,180.0,40.52689647501644,90.0,102.91379779086434,49.47310352498356,90.0,257.08620220913565
1.0600000000000005,-0.0,50.0,187.36249105369362,37.26446256083342,90.00000000000001,109.02227503993058,52.73553743916658,90.00000000000001,250.97772496006942
1.0800000000000005,-0.0,-50.0,189.63507348203436,36.21091385430359,90.0,111.00127214311338,126.21091385430358,90.0,126.00127214311338
1.0800000000000005,0.0,-50.0,180.0,40.52689647501644,90.0,102.91379779086434,130.52689647501643,90.0,102.91379779086434
1.0800000000000005,0.0,50.0,180.0,40.52689647501644,90.0,102.91379779086434,49.47310352498356,90.0,257.08620220913565
1.0800000000000005,-0.0,50.0,189.63507348203436,36.21091385430359,90.0,111.00127214311338,53.78908614569641,90.0,248.9987278568866
1.1000000000000005,-0.0,-50.0,191.7557050458495,35.20478912675099,90.00000000000001,112.89382307579471,125.204789126751,89.99999999999999,127.89382307579471
1.1000000000000005,0.0,-50.0,180.0,40.52689647501644,90.0,102.91379779086434,130.52689647501643,90.0,102.91379779086434
1.1000000000000005,0.0,50.0,180.0,40.52689647501644,90.0,102.91379779086434,49.47310352498356,90.0,257.08620220913565
1.1000000000000005,-0.0,50.0,191.7557050458495,35.20478912675099,90.00000000000001,112.89382307579471,54.79521087324901,90.00000000000001,247.10617692420527
1.1200000000000006,-0.0,-50.0,193.69094211857382,34.26544800044464,90.0,114.6629550997746,124.26544800044465,90.0,129.6629550997746
1.1200000000000006,0.0,-50.0,180.0,40.52689647501644,90.0,102.91379779086434,130.52689647501643,90.0,102.91379779086434
1.1200000000000006,0.0,50.0,180.0,40.52689647501644,90.0,102.91379779086434,49.47310352498356,90.0,257.08620220913565
1.1200000000000006,-0.0,50.0,193.69094211857382,34.26544800044464,90.0,114.6629550997746,55.73455199955536,90.0,245.3370449002254
1.1400000000000006,-0.0,-50.0,195.41026485551583,33.41247536588888,90.0,116.27117604786426,123.41247536588888,90.0,131.27117604786426
1.1400000000000006,0.0,-50.0,180.0,40.52689647501644,90.0,102.91379779086434,130.52689647501643,90.0,102.91379779086434
1.1400000000000006,0.0,50.0,180.0,40.52689647501644,90.0,102.91379779086434,49.47310352498356,90.0,257.08620220913565
1.1400000000000006,-0.0,50.0,195.41026485551583,33.41247536588888,90.0,116.27117604786426,56.58752463411112,90.0,243.72882395213574
1.1600000000000006,-0.0,-50.0,196.88655851004035,32.665113829680905,90.0,117.68158532761399,122.6651138296809,90.0,132.681585327614
1.1600000000000006,0.0,-50.0,180.0,40.52689647501644,90.0,102.91379779086434,130.52689647501643,90.0,102.91379779086434
1.1600000000000006,0.0,50.0,180.0,40.52689647501644,90.0,102.91379779086434,49.47310352498356,90.0,257.08620220913565
1.1600000000000006,-0.0,50.0,196.88655851004035,32.665113829680905,90.0,117.68158532761399,57.334886170319095,90.0,242.318414672386
1.1800000000000006,-0.0,-50.0,198.09654104932042,32.04152447419345,90.00000000000001,118.85931399794808,122.04152447419345,89.99999999999999,133.85931399794808
1.1800000000000006,0.0,-50.0,180.0,40.52689647501644,90.0,102.91379779086434,130.52689647501643,90.0,102.91379779086434
1.1800000000000006,0.0,50.0,180.0,40.52689647501644,90.0,102.91379779086434,49.47310352498356,90.0,257.08620220913565
1.1800000000000006,-0.0,50.0,198.09654104932042,32.04152447419345,90.00000000000001,118.85931399794808,57.95847552580655,90.00000000000001,241.14068600205192
1.2000000000000006,-0.0,-50.0,199.0211303259031,31.55790498144689,90.0,119.77323707536699,121.55790498144688,90.0,134.77323707536698
1.2000000000000006,0.0,-50.0,180.0,40.52689647501644,90.0,102.91379779086434,130.52689647501643,90.0,102.91379779086434
1.2000000000000006,0.0,50.0,180.0,40.52689647501644,90.0,102.91379779086434,49.47310352498356,90.0,257.08620220913565
1.2000000000000006,-0.0,50.0,199.0211303259031,31.55790498144689,90.0,119.77323707536699,58.44209501855311,90.0,240.22676292463302
1.2200000000000006,-0.0,-50.0,199.64574501457378,31.22753849387131,90.0,120.39781625095992,121.22753849387131,90.0,135.39781625095992
1.2200000000000006,0.0,-50.0,180.0,40.52689647501644,90.0,102.91379779086434,130.52689647501643,90.0,102.91379779086434
1.2200000000000006,0.0,50.0,180.0,40.52689647501644,90.0,102.91379779086434,49.47310352498356,90.0,257.08620220913565
1.2200000000000006,-0.0,50.0,199.64574501457378,31.22753849387131,90.0,120.39781625095992,58.77246150612869,90.0,239.60218374904008
1.2400000000000007,-0.0,-50.0,199.96053456856544,31.059889787850604,90.00000000000001,120.71484838764496,121.05988978785061,89.99999999999999,135.71484838764496
1.2400000000000007,0.0,-50.0,180.0,40.52689647501644,90.0,102.91379779086434,130.52689647501643,90.0,102.91379779086434
1.2400000000000007,0.0,50.0,180.0,40.52689647501644,90.0,102.91379779086434,49.47310352498356,90.0,257.08620220913565
1.2400000000000007,-0.0,50.0,199.96053456856544,31.059889787850604,90.00000000000001,120.71484838764496,58.94011021214939,90.00000000000001,239.28515161235504
1.2600000000000007,0.0,-50.0,199.96053456856544,31.059889787850604,90.00000000000001,120.71484838764496,121.05988978785061,89.99999999999999,135.71484838764496
1.2600000000000007,0.0,-50.0,180.0,40.52689647501644,90.0,102.91379779086434,130.52689647501643,90.0,102.91379779086434
1.2600000000000007,0.0,50.0,180.0,40.52689647501644,90.0,102.91379779086434,49.47310352498356,90.0,257.08620220913565
1.2600000000000007,0.0,50.0,199.96053456856544,31.059889787850604,90.00000000000001,120.71484838764496,58.94011021214939,90.00000000000001,239.28515161235504
1.2800000000000007,0.0,-50.0,199.64574501457375,31.22753849387132,90.0,120.39781625095992,121.22753849387132,90.0,135.39781625095992
1.2800000000000007,0.0,-50.0,180.0,40.52689647501644,90.0,102.91379779086434,130.52689647501643,90.0,102.91379779086434
1.2800000000000007,0.0,50.0,180.0,40.52689647501644,90.0,102.91379779086434,49.47310352498356,90.0,257.08620220913565
1.2800000000000007,0.0,50.0,199.64574501457375,31.22753849387132,90.0,120.39781625095992,58.77246150612868,90.0,239.60218374904008
1.3000000000000007,0.0,-50.0,199.02113032590304,31.557904981446917,90.0,119.77323707536694,121.55790498144691,90.0,134.77323707536692
1.3000000000000007,0.0,-50.0,180.0,40.52689647501644,90.0,102.91379779086434,130.52689647501643,90.0,102.91379779086434
1.3000000000000007,0.0,50.0,180.0,40.52689647501644,90.0,102.91379779086434,49.47310352498356,90.0,257.08620220913565
1.3000000000000007,0.0,50.0,199.02113032590304,31.557904981446917,90.0,119.77323707536694,58.44209501855308,90.0,240.22676292463308
1.3200000000000007,0.0,-50.0,198.09654104932036,32.04152447419349,90.0,118.85931399794804,122.0415244741935,90.0,133.85931399794805
1.3200000000000007,0.0,-50.0,180.0,40.52689647501644,90.0,102.91379779086434,130.52689647501643,90.0,102.91379779086434
1.3200000000000007,0.0,50.0,180.0,40.52689647501644,90.0,102.91379779086434,49.47310352498356,90.0,257.08620220913565
1.3200000000000007,0.0,50.0,198.09654104932036,32.04152447419349,90.0,118.85931399794804,57.95847552580651,90.0,241.14068600205195
1.3400000000000007,0.0,-50.0,196.88655851004026,32.66511382968095,90.0,117.68158532761392,122.66511382968095,90.0,132.6815853276139
1.3400000000000007,0.0,-50.0,180.0,40.52689647501644,90.0,102.91379779086434,130.52689647501643,90.0,102.91379779086434
1.3400000000000007,0.0,50.0,180.0,40.52689647501644,90.0,102.91379779086434,49.47310352498356,90.0,257.08620220913565
1.3400000000000007,0.0,50.0,196.88655851004026,32.66511382968095,90.0,117.68158532761392,57.33488617031905,90.0,242.3184146723861
1.3600000000000008,0.0,-50.0,195.41026485551572,33.41247536588893,90.0,116.27117604786416,123.41247536588892,90.0,131.27117604786417
1.3600000000000008,0.0,-50.0,180.0,40.52689647501644,90.0,102.91379779086434,130.52689647501643,90.0,102.91379779086434
1.3600000000000008,0.0,50.0,180.0,40.52689647501644,90.0,102.91379779086434,49.47310352498356,90.0,257.08620220913565
1.3600000000000008,0.0,50.0,195.41026485551572,33.41247536588893,90.0,116.27117604786416,56.58752463411107,90.0,243.72882395213583
1.3800000000000008,0.0,-50.0,193.6909421185737,34.26544800044469,90.0,114.6629550997745,124.26544800044469,90.0,129.6629550997745
1.3800000000000008,0.0,-50.0,180.0,40.52689647501644,90.0,102.91379779086434,130.52689647501643,90.0,102.91379779086434
1.3800000000000008,0.0,50.0,180.0,40.52689647501644,90.0,102.91379779086434,49.47310352498356,90.0,257.08620220913565
1.3800000000000008,0.0,50.0,193.6909421185737,34.26544800044469,90.0,114.6629550997745,55.73455199955531,90.0,245.3370449002255
1.4000000000000008,0.0,-50.0,191.7557050458494,35.20478912675104,90.0,112.8938230757946,125.20478912675104,90.0,127.8938230757946
1.4000000000000008,0.0,-50.0,180.0,40.52689647501644,90.0,102.91379779086434,130.52689647501643,90.0,102.91379779086434
1.4000000000000008,0.0,50.0,180.0,40.52689647501644,90.0,102.91379779086434,49.47310352498356,90.0,257.08620220913565
1.4000000000000008,0.0,50.0,191.7557050458494,35.20478912675104,90.0,112.8938230757946,54.79521087324896,90.0,247.10617692420539
1.4200000000000008,0.0,-50.0,189.63507348203422,36.21091385430366,90.00000000000001,111.00127214311324,126.21091385430367,89.99999999999999,126.00127214311324
1.4200000000000008,0.0,-50.0,180.0,40.52689647501644,90.0,102.91379779086434,130.52689647501643,90.0,102.91379779086434
1.4200000000000008,0.0,50.0,180.0,40.52689647501644,90.0,102.91379779086434,49.47310352498356,90.0,257.08620220913565
1.4200000000000008,0.0,50.0,189.63507348203422,36.21091385430366,90.00000000000001,111.00127214311324,53.78908614569634,90.00000000000001,248.99872785688677
1.4400000000000008,0.0,-50.0,187.36249105369347,37.264462560833486,90.0,109.02227503993046,127.2644625608335,90.0,124.02227503993046
1.4400000000000008,0.0,-50.0,180.0,40.52689647501644,90.0,102.91379779086434,130.52689647501643,90.0,102.91379779086434
1.4400000000000008,0.0,50.0,180.0,40.52689647501644,90.0,102.91379779086434,49.47310352498356,90.0,257.08620220913565
1.4400000000000008,0.0,50.0,187.36249105369347,37.264462560833486,90.0,109.02227503993046,52.735537439166514,90.0,250.97772496006954
1.4600000000000009,0.0,-50.0,184.97379774329698,38.34670176971179,90.0,106.9924947010523,128.34670176971179,90.0,121.9924947010523
1.4600000000000009,0.0,-50.0,180.0,40.52689647501644,90.0,102.91379779086434,130.52689647501643,90.0,102.91379779086434
1.4600000000000009,0.0,50.0,180.0,40.52689647501644,90.0,102.91379779086434,49.47310352498356,90.0,257.08620220913565
1.4600000000000009,0.0,50.0,184.97379774329698,38.34670176971179,90.0,106.9924947010523,51.65329823028821,90.0,253.0075052989477
1.4800000000000009,0.0,-50.0,182.506664671286,39.439783530631594,90.00000000000001,104.94576748695313,129.4397835306316,89.99999999999999,119.94576748695313
1.4800000000000009,0.0,-50.0,180.0,40.52689647501644,90.0,102.91379779086434,130.52689647501643,90.0,102.91379779086434
1.4800000000000009,0.0,50.0,180.0,40.52689647501644,90.0,102.91379779086434,49.47310352498356,90.0,257.08620220913565
1.4800000000000009,0.0,50.0,182.506664671286,39.439783530631594,90.00000000000001,104.94576748695313,50.560216469368406,90.00000000000001,255.05423251304688
1.5000000000000009,0.0,-50.0,180.0,40.52689647501644,90.0,102.91379779086434,130.52689647501643,90.0,117.91379779086434
1.5000000000000009,-0.0,-50.0,180.0000000000001,40.5268964750164,90.0,102.91379779086442,130.5268964750164,90.0,102.91379779086442
1.5000000000000009,-0.0,50.0,180.0000000000001,40.5268964750164,90.0,102.91379779086442,49.4731035249836,90.0,257.0862022091356
1.5000000000000009,0.0,50.0,180.0,40.52689647501644,90.0,102.91379779086434,49.47310352498356,90.0,257.08620220913565
1.520000000000001,0.0,-50.0,180.0,40.52689647501644,90.0,102.91379779086434,130.52689647501643,90.0,117.91379779086434
1.520000000000001,-0.0,-50.0,182.5066646712862,39.43978353063151,90.0,104.9457674869533,129.4397835306315,90.0,104.9457674869533
1.520000000000001,-0.0,50.0,182.5066646712862,39.43978353063151,90.0,104.9457674869533,50.56021646936849,90.0,255.0542325130467
1.520000000000001,0.0,50.0,180.0,40.52689647501644,90.0,102.91379779086434,49.47310352498356,90.0,257.08620220913565
1.540000000000001,0.0,-50.0,180.0,40.52689647501644,90.0,102.91379779086434,130.52689647501643,90.0,117.91379779086434
1.540000000000001,-0.0,-50.0,184.9737977432972,38.346701769711686,90.0,106.9924947010525,128.34670176971167,90.0,106.9924947010525
1.540000000000001,-0.0,50.0,184.9737977432972,38.346701769711686,90.0,106.9924947010525,51.653298230288314,90.0,253.0075052989475
1.540000000000001,0.0,50.0,180.0,40.52689647501644,90.0,102.91379779086434,49.47310352498356,90.0,257.08620220913565
1.560000000000001,0.0,-50.0,180.0,40.52689647501644,90.0,102.91379779086434,130.52689647501643,90.0,117.91379779086434
1.560000000000001,-0.0,-50.0,187.36249105369367,37.2644625608334,90.0,109.02227503993063,127.26446256083341,90.0,109.02227503993063
1.560000000000001,-0.0,50.0,187.36249105369367,37.2644625608334,90.0,109.02227503993063,52.7355374391666,90.0,250.97772496006937
1.560000000000001,0.0,50.0,180.0,40.52689647501644,90.0,102.91379779086434,49.47310352498356,90.0,257.08620220913565
1.580000000000001,0.0,-50.0,180.0,40.52689647501644,90.0,102.91379779086434,130.52689647501643,90.0,117.91379779086434
1.580000000000001,-0.0,-50.0,189.63507348203441,36.21091385430357,90.0,111.00127214311343,126.21091385430357,90.0,111.00127214311343
1.580000000000001,-0.0,50.0,189.63507348203441,36.21091385430357,90.0,111.00127214311343,53.78908614569643,90.0,248.99872785688657
1.580000000000001,0.0,50.0,180.0,40.52689647501644,90.0,102.91379779086434,49.47310352498356,90.0,257.08620220913565
1.600000000000001,0.0,-50.0,180.0,40.52689647501644,90.0,102.91379779086434,130.52689647501643,90.0,117.91379779086434
1.600000000000001,-0.0,-50.0,191.75570504584957,35.20478912675095,90.0,112.89382307579476,125.20478912675095,90.0,112.89382307579476
1.600000000000001,-0.0,50.0,191.75570504584957,35.20478912675095,90.0,112.89382307579476,54.79521087324905,90.0,247.10617692420524
1.600000000000001,0.0,50.0,180.0,40.52689647501644,90.0,102.91379779086434,49.47310352498356,90.0,257.08620220913565
1.620000000000001,0.0,-50.0,180.0,40.52689647501644,90.0,102.91379779086434,130.52689647501643,90.0,117.91379779086434
1.620000000000001,-0.0,-50.0,193.69094211857387,34.265448000444614,90.0,114.66295509977466,124.26544800044462,90.0,114.66295509977466
1.620000000000001,-0.0,50.0,193.69094211857387,34.265448000444614,90.0,114.66295509977466,55.734551999555386,90.0,245.33704490022535
1.620000000000001,0.0,50.0,180.0,40.52689647501644,90.0,102.91379779086434,49.47310352498356,90.0,257.08620220913565
1.640000000000001,0.0,-50.0,180.0,40.52689647501644,90.0,102.91379779086434,130.52689647501643,90.0,117.91379779086434
1.640000000000001,-0.0,-50.0,195.41026485551586,33.412475365888874,90.0,116.27117604786429,123.41247536588887,90.0,116.27117604786429
1.640000000000001,-0.0,50.0,195.41026485551586,33.412475365888874,90.0,116.27117604786429,56.587524634111126,90.0,243.7288239521357
1.640000000000001,0.0,50.0,180.0,40.52689647501644,90.0,102.91379779086434,49.47310352498356,90.0,257.08620220913565
1.660000000000001,0.0,-50.0,180.0,40.52689647501644,90.0,102.91379779086434,130.52689647501643,90.0,117.91379779086434
1.660000000000001,-0.0,-50.0,196.88655851004037,32.66511382968089,90.00000000000001,117.68158532761402,122.66511382968089,89.99999999999999,117.68158532761402
1.660000000000001,-0.0,50.0,196.88655851004037,32.66511382968089,90.00000000000001,117.68158532761402,57.33488617031911,90.00000000000001,242.31841467238598
1.660000000000001,0.0,50.0,180.0,40.52689647501644,90.0,102.91379779086434,49.47310352498356,90.0,257.08620220913565
1.680000000000001,0.0,-50.0,180.0,40.52689647501644,90.0,102.91379779086434,130.52689647501643,90.0,117.91379779086434
1.680000000000001,-0.0,-50.0,198.09654104932045,32.04152447419344,90.0,118.85931399794814,122.04152447419344,90.0,118.85931399794814
1.680000000000001,-0.0,50.0,198.09654104932045,32.04152447419344,90.0,118.85931399794814,57.95847552580656,90.0,241.14068600205186
1.680000000000001,0.0,50.0,180.0,40.52689647501644,90.0,102.91379779086434,49.47310352498356,90.0,257.08620220913565
1.700000000000001,0.0,-50.0,180.0,40.52689647501644,90.0,102.91379779086434,130.52689647501643,90.0,117.91379779086434
1.700000000000001,-0.0,-50.0,199.0211303259031,31.55790498144689,90.0,119.77323707536699,121.55790498144688,90.0,119.77323707536699
1.700000000000001,-0.0,50.0,199.0211303259031,31.55790498144689,90.0,119.77323707536699,58.44209501855311,90.0,240.22676292463302
1.700000000000001,0.0,50.0,180.0,40.52689647501644,90.0,102.91379779086434,49.47310352498356,90.0,257.08620220913565
1.720000000000001,0.0,-50.0,180.0,40.52689647501644,90.0,102.91379779086434,130.52689647501643,90.0,117.91379779086434
1.720000000000001,-0.0,-50.0,199.6457450145738,31.22753849387129,90.0,120.39781625095996,121.2275384938713,90.0,120.39781625095996
1.720000000000001,-0.0,50.0,199.6457450145738,31.22753849387129,90.0,120.39781625095996,58.77246150612871,90.0,239.60218374904002
1.720000000000001,0.0,50.0,180.0,40.52689647501644,90.0,102.91379779086434,49.47310352498356,90.0,257.08620220913565
1.740000000000001,0.0,-50.0,180.0,40.52689647501644,90.0,102.91379779086434,130.52689647501643,90.0,117.91379779086434
1.740000000000001,-0.0,-50.0,199.96053456856544,31.059889787850604,90.00000000000001,120.71484838764496,121.05988978785061,89.99999999999999,120.71484838764496
1.740000000000001,-0.0,50.0,199.96053456856544,31.059889787850604,90.00000000000001,120.71484838764496,58.94011021214939,90.00000000000001,239.28515161235504
1.740000000000001,0.0,50.0,180.0,40.52689647501644,90.0,102.91379779086434,49.47310352498356,90.0,257.08620220913565
1.7600000000000011,0.0,-50.0,180.0,40.52689647501644,90.0,102.91379779086434,130.52689647501643,90.0,117.91379779086434
1.7600000000000011,0.0,-50.0,199.96053456856544,31.059889787850604,90.00000000000001,120.71484838764496,121.05988978785061,89.99999999999999,120.71484838764496
1.7600000000000011,0.0,50.0,199.96053456856544,31.059889787850604,90.00000000000001,120.71484838764496,58.94011021214939,90.00000000000001,239.28515161235504
1.7600000000000011,0.0,50.0,180.0,40.52689647501644,90.0,102.91379779086434,49.47310352498356,90.0,257.08620220913565
1.7800000000000011,0.0,-50.0,180.0,40.52689647501644,90.0,102.91379779086434,130.52689647501643,90.0,117.91379779086434
1.7800000000000011,0.0,-50.0,199.64574501457375,31.22753849387132,90.0,120.39781625095992,121.22753849387132,90.0,120.39781625095992
1.7800000000000011,0.0,50.0,199.64574501457375,31.22753849387132,90.0,120.39781625095992,58.77246150612868,90.0,239.60218374904008
1.7800000000000011,0.0,50.0,180.0,40.52689647501644,90.0,102.91379779086434,49.47310352498356,90.0,257.08620220913565
1.8000000000000012,0.0,-50.0,180.0,40.52689647501644,90.0,102.91379779086434,130.52689647501643,90.0,117.91379779086434
1.8000000000000012,0.0,-50.0,199.02113032590302,31.557904981446928,90.0,119.77323707536691,121.55790498144692,90.0,119.77323707536691
1.8000000000000012,0.0,50.0,199.02113032590302,31.557904981446928,90.0,119.77323707536691,58.442095018553076,90.0,240.22676292463308
1.8000000000000012,0.0,50.0,180.0,40.52689647501644,90.0,102.91379779086434,49.47310352498356,90.0,257.08620220913565
1.8200000000000012,0.0,-50.0,180.0,40.52689647501644,90.0,102.91379779086434,130.52689647501643,90.0,117.91379779086434
1.8200000000000012,0.0,-50.0,198.09654104932034,32.041524474193494,90.0,118.85931399794801,122.0415244741935,90.0,118.85931399794801
1.8200000000000012,0.0,50.0,198.09654104932034,32.041524474193494,90.0,118.85931399794801,57.958475525806506,90.0,241.140686002052
1.8200000000000012,0.0,50.0,180.0,40.52689647501644,90.0,102.91379779086434,49.47310352498356,90.0,257.08620220913565
1.8400000000000012,0.0,-50.0,180.0,40.52689647501644,90.0,102.91379779086434,130.52689647501643,90.0,117.91379779086434
1.8400000000000012,0.0,-50.0,196.88655851004023,32.66511382968097,90.0,117.68158532761389,122.66511382968096,90.0,117.68158532761389
1.8400000000000012,0.0,50.0,196.88655851004023,32.66511382968097,90.0,117.68158532761389,57.33488617031903,90.0,242.3184146723861
1.8400000000000012,0.0,50.0,180.0,40.52689647501644,90.0,102.91379779086434,49.47310352498356,90.0,257.08620220913565
1.8600000000000012,0.0,-50.0,180.0,40.52689647501644,90.0,102.91379779086434,130.52689647501643,90.0,117.91379779086434
1.8600000000000012,0.0,-50.0,195.4102648555157,33.412475365888945,90.0,116.27117604786413,123.41247536588895,90.0,116.27117604786413
1.8600000000000012,0.0,50.0,195.4102648555157,33.412475365888945,90.0,116.27117604786413,56.587524634111055,90.0,243.72882395213588
1.8600000000000012,0.0,50.0,180.0,40.52689647501644,90.0,102.91379779086434,49.47310352498356,90.0,257.08620220913565
1.8800000000000012,0.0,-50.0,180.0,40.52689647501644,90.0,102.91379779086434,130.52689647501643,90.0,117.91379779086434
1.8800000000000012,0.0,-50.0,193.69094211857367,34.265448000444714,90.00000000000001,114.66295509977448,124.2654480004447,89.99999999999999,114.66295509977448
1.8800000000000012,0.0,50.0,193.69094211857367,34.265448000444714,90.00000000000001,114.66295509977448,55.734551999555286,90.00000000000001,245.33704490022552
1.8800000000000012,0.0,50.0,180.0,40.52689647501644,90.0,102.91379779086434,49.47310352498356,90.0,257.08620220913565
1.9000000000000012,0.0,-50.0,180.0,40.52689647501644,90.0,102.91379779086434,130.52689647501643,90.0,117.91379779086434
1.9000000000000012,0.0,-50.0,191.75570504584934,35.20478912675106,90.0,112.89382307579456,125.20478912675105,90.0,112.89382307579456
1.9000000000000012,0.0,50.0,191.75570504584934,35.20478912675106,90.0,112.89382307579456,54.79521087324894,90.0,247.10617692420544
1.9000000000000012,0.0,50.0,180.0,40.52689647501644,90.0,102.91379779086434,49.47310352498356,90.0,257.08620220913565
1.9200000000000013,0.0,-50.0,180.0,40.52689647501644,90.0,102.91379779086434,130.52689647501643,90.0,117.91379779086434
1.9200000000000013,0.0,-50.0,189.63507348203416,36.21091385430369,90.0,111.0012721431132,126.2109138543037,90.0,111.0012721431132
1.9200000000000013,0.0,50.0,189.63507348203416,36.21091385430369,90.0,111.0012721431132,53.78908614569631,90.0,248.9987278568868
1.9200000000000013,0.0,50.0,180.0,40.52689647501644,90.0,102.91379779086434,49.47310352498356,90.0,257.08620220913565
1.9400000000000013,0.0,-50.0,180.0,40.52689647501644,90.0,102.91379779086434,130.52689647501643,90.0,117.91379779086434
1.9400000000000013,0.0,-50.0,187.36249105369342,37.26446256083352,90.0,109.02227503993042,127.26446256083352,90.0,109.02227503993042
1.9400000000000013,0.0,50.0,187.36249105369342,37.26446256083352,90.0,109.02227503993042,52.73553743916648,90.0,250.97772496006957
1.9400000000000013,0.0,50.0,180.0,40.52689647501644,90.0,102.91379779086434,49.47310352498356,90.0,257.08620220913565
1.9600000000000013,0.0,-50.0,180.0,40.52689647501644,90.0,102.91379779086434,130.52689647501643,90.0,117.91379779086434
1.9600000000000013,0.0,-50.0,184.97379774329693,38.34670176971182,90.00000000000001,106.99249470105225,128.3467017697118,89.99999999999999,106.99249470105225
1.9600000000000013,0.0,50.0,184.97379774329693,38.34670176971182,90.00000000000001,106.99249470105225,51.65329823028818,90.00000000000001,253.00750529894776
1.9600000000000013,0.0,50.0,180.0,40.52689647501644,90.0,102.91379779086434,49.47310352498356,90.0,257.08620220913565
1.9800000000000013,0.0,-50.0,180.0,40.52689647501644,90.0,102.91379779086434,130.52689647501643,90.0,117.91379779086434
1.9800000000000013,0.0,-50.0,182.50666467128593,39.43978353063162,90.0,104.94576748695307,129.43978353063162,90.0,104.94576748695307
1.9800000000000013,0.0,50.0,182.50666467128593,39.43978353063162,90.0,104.94576748695307,50.56021646936838,90.0,255.05423251304694
1.9800000000000013,0.0,50.0,180.0,40.52689647501644,90.0,102.91379779086434,49.47310352498356,90.0,257.08620220913565
2.0000000000000013,-0.0,-50.0,180.00000000000017,40.52689647501638,90.0,102.91379779086448,130.52689647501637,90.0,117.91379779086448
2.0000000000000013,0.0,-50.0,180.0,40.52689647501644,90.0,102.91379779086434,130.52689647501643,90.0,102.91379779086434
2.0000000000000013,0.0,50.0,180.0,40.52689647501644,90.0,102.91379779086434,49.47310352498356,90.0,257.08620220913565
2.0000000000000013,-0.0,50.0,180.00000000000017,40.52689647501638,90.0,102.91379779086448,49.47310352498362,90.0,257.08620220913554
2.0200000000000014,-0.0,-50.0,182.50666467128625,39.43978353063148,90.0,104.94576748695334,129.43978353063147,90.0,119.94576748695334
2.0200000000000014,0.0,-50.0,180.0,40.52689647501644,90.0,102.91379779086434,130.52689647501643,90.0,102.91379779086434
2.0200000000000014,0.0,50.0,180.0,40.52689647501644,90.0,102.91379779086434,49.47310352498356,90.0,257.08620220913565
2.0200000000000014,-0.0,50.0,182.50666467128625,39.43978353063148,90.0,104.94576748695334,50.56021646936852,90.0,255.05423251304666
2.0400000000000014,-0.0,-50.0,184.97379774329727,38.346701769711665,90.0,106.99249470105255,128.34670176971167,90.0,121.99249470105255
2.0400000000000014,0.0,-50.0,180.0,40.52689647501644,90.0,102.91379779086434,130.52689647501643,90.0,102.91379779086434
2.0400000000000014,0.0,50.0,180.0,40.52689647501644,90.0,102.91379779086434,49.47310352498356,90.0,257.08620220913565
2.0400000000000014,-0.0,50.0,184.97379774329727,38.346701769711665,90.0,106.99249470105255,51.653298230288335,90.0,253.00750529894745
2.0600000000000014,-0.0,-50.0,187.36249105369373,37.26446256083338,90.0,109.02227503993068,127.26446256083338,90.0,124.02227503993068
2.0600000000000014,0.0,-50.0,180.0,40.52689647501644,90.0,102.91379779086434,130.52689647501643,90.0,102.91379779086434
2.0600000000000014,0.0,50.0,180.0,40.52689647501644,90.0,102.91379779086434,49.47310352498356,90.0,257.08620220913565
2.0600000000000014,-0.0,50.0,187.36249105369373,37.26446256083338,90.0,109.02227503993068,52.73553743916662,90.0,250.97772496006934
2.0800000000000014,-0.0,-50.0,189.63507348203447,36.21091385430354,90.0,111.00127214311348,126.21091385430354,90.0,126.00127214311348
2.0800000000000014,0.0,-50.0,180.0,40.52689647501644,90.0,102.91379779086434,130.52689647501643,90.0,102.91379779086434
2.0800000000000014,0.0,50.0,180.0,40.52689647501644,90.0,102.91379779086434,49.47310352498356,90.0,257.08620220913565
2.0800000000000014,-0.0,50.0,189.63507348203447,36.21091385430354,90.0,111.00127214311348,53.78908614569646,90.0,248.99872785688652
2.1000000000000014,-0.0,-50.0,191.7557050458496,35.20478912675094,90.0,112.89382307579477,125.20478912675094,90.0,127.89382307579477
2.1000000000000014,0.0,-50.0,180.0,40.52689647501644,90.0,102.91379779086434,130.52689647501643,90.0,102.91379779086434
2.1000000000000014,0.0,50.0,180.0,40.52689647501644,90.0,102.91379779086434,49.47310352498356,90.0,257.08620220913565
2.1000000000000014,-0.0,50.0,191.7557050458496,35.20478912675094,90.0,112.89382307579477,54.79521087324906,90.0,247.10617692420522
2.1200000000000014,-0.0,-50.0,193.6909421185739,34.2654480004446,90.0,114.66295509977469,124.2654480004446,90.0,129.6629550997747
2.1200000000000014,0.0,-50.0,180.0,40.52689647501644,90.0,102.91379779086434,130.52689647501643,90.0,102.91379779086434
2.1200000000000014,0.0,50.0,180.0,40.52689647501644,90.0,102.91379779086434,49.47310352498356,90.0,257.08620220913565
2.1200000000000014,-0.0,50.0,193.6909421185739,34.2654480004446,90.0,114.66295509977469,55.7345519995554,90.0,245.3370449002253
2.1400000000000015,-0.0,-50.0,195.4102648555159,33.412475365888845,90.0,116.2711760478643,123.41247536588884,90.0,131.2711760478643
2.1400000000000015,0.0,-50.0,180.0,40.52689647501644,90.0,102.91379779086434,130.52689647501643,90.0,102.91379779086434
2.1400000000000015,0.0,50.0,180.0,40.52689647501644,90.0,102.91379779086434,49.47310352498356,90.0,257.08620220913565
2.1400000000000015,-0.0,50.0,195.4102648555159,33.412475365888845,90.0,116.2711760478643,56.587524634111155,90.0,243.7288239521357
2.1600000000000015,-0.0,-50.0,196.8865585100404,32.66511382968088,90.00000000000001,117.68158532761407,122.66511382968088,89.99999999999999,132.68158532761407
2.1600000000000015,0.0,-50.0,180.0,40.52689647501644,90.0,102.91379779086434,130.52689647501643,90.0,102.91379779086434
2.1600000000000015,0.0,50.0,180.0,40.52689647501644,90.0,102.91379779086434,49.47310352498356,90.0,257.08620220913565
2.1600000000000015,-0.0,50.0,196.8865585100404,32.66511382968088,90.00000000000001,117.68158532761407,57.33488617031912,90.00000000000001,242.31841467238593
2.1800000000000015,-0.0,-50.0,198.09654104932048,32.04152447419342,90.0,118.85931399794815,122.04152447419342,90.0,133.85931399794816
2.1800000000000015,0.0,-50.0,180.0,40.52689647501644,90.0,102.91379779086434,130.52689647501643,90.0,102.91379779086434
2.1800000000000015,0.0,50.0,180.0,40.52689647501644,90.0,102.91379779086434,49.47310352498356,90.0,257.08620220913565
2.1800000000000015,-0.0,50.0,198.09654104932048,32.04152447419342,90.0,118.85931399794815,57.95847552580658,90.0,241.14068600205184
2.2000000000000015,-0.0,-50.0,199.02113032590313,31.557904981446878,90.00000000000001,119.77323707536702,121.55790498144688,89.99999999999999,134.77323707536704
2.2000000000000015,0.0,-50.0,180.0,40.52689647501644,90.0,102.91379779086434,130.52689647501643,90.0,102.91379779086434
2.2000000000000015,0.0,50.0,180.0,40.52689647501644,90.0,102.91379779086434,49.47310352498356,90.0,257.08620220913565
2.2000000000000015,-0.0,50.0,199.02113032590313,31.557904981446878,90.00000000000001,119.77323707536702,58.44209501855312,90.00000000000001,240.22676292463296
2.2200000000000015,-0.0,-50.0,199.6457450145738,31.22753849387129,90.0,120.39781625095996,121.2275384938713,90.0,135.39781625095998
2.2200000000000015,0.0,-50.0,180.0,40.52689647501644,90.0,102.91379779086434,130.52689647501643,90.0,102.91379779086434
2.2200000000000015,0.0,50.0,180.0,40.52689647501644,90.0,102.91379779086434,49.47310352498356,90.0,257.08620220913565
2.2200000000000015,-0.0,50.0,199.6457450145738,31.22753849387129,90.0,120.39781625095996,58.77246150612871,90.0,239.60218374904002
2.2400000000000015,-0.0,-50.0,199.96053456856544,31.059889787850604,90.00000000000001,120.71484838764496,121.05988978785061,89.99999999999999,135.71484838764496
2.2400000000000015,0.0,-50.0,180.0,40.52689647501644,90.0,102.91379779086434,130.52689647501643,90.0,102.91379779086434
2.2400000000000015,0.0,50.0,180.0,40.52689647501644,90.0,102.91379779086434,49.47310352498356,90.0,257.08620220913565
2.2400000000000015,-0.0,50.0,199.96053456856544,31.059889787850604,90.00000000000001,120.71484838764496,58.94011021214939,90.00000000000001,239.28515161235504
2.2600000000000016,0.0,-50.0,199.9605345685654,31.059889787850604,90.0,120.71484838764496,121.05988978785061,90.0,135.71484838764496
2.2600000000000016,0.0,-50.0,180.0,40.52689647501644,90.0,102.91379779086434,130.52689647501643,90.0,102.91379779086434
2.2600000000000016,0.0,50.0,180.0,40.52689647501644,90.0,102.91379779086434,49.47310352498356,90.0,257.08620220913565
2.2600000000000016,0.0,50.0,199.9605345685654,31.059889787850604,90.0,120.71484838764496,58.94011021214939,90.0,239.28515161235504
2.2800000000000016,0.0,-50.0,199.64574501457375,31.22753849387132,90.0,120.39781625095992,121.22753849387132,90.0,135.39781625095992
2.2800000000000016,0.0,-50.0,180.0,40.52689647501644,90.0,102.91379779086434,130.52689647501643,90.0,102.91379779086434
2.2800000000000016,0.0,50.0,180.0,40.52689647501644,90.0,102.91379779086434,49.47310352498356,90.0,257.08620220913565
2.2800000000000016,0.0,50.0,199.64574501457375,31.22753849387132,90.0,120.39781625095992,58.77246150612868,90.0,239.60218374904008
2.3000000000000016,0.0,-50.0,199.02113032590302,31.557904981446928,90.0,119.77323707536691,121.55790498144692,90.0,134.77323707536692
2.3000000000000016,0.0,-50.0,180.0,40.52689647501644,90.0,102.91379779086434,130.52689647501643,90.0,102.91379779086434
2.3000000000000016,0.0,50.0,180.0,40.52689647501644,90.0,102.91379779086434,49.47310352498356,90.0,257.08620220913565
2.3000000000000016,0.0,50.0,199.02113032590302,31.557904981446928,90.0,119.77323707536691,58.442095018553076,90.0,240.22676292463308
2.3200000000000016,0.0,-50.0,198.0965410493203,32.041524474193515,90.0,118.85931399794798,122.04152447419352,90.0,133.859313997948
2.3200000000000016,0.0,-50.0,180.0,40.52689647501644,90.0,102.91379779086434,130.52689647501643,90.0,102.91379779086434
2.3200000000000016,0.0,50.0,180.0,40.52689647501644,90.0,102.91379779086434,49.47310352498356,90.0,257.08620220913565
2.3200000000000016,0.0,50.0,198.0965410493203,32.041524474193515,90.0,118.85931399794798,57.958475525806485,90.0,241.140686002052
2.3400000000000016,0.0,-50.0,196.8865585100402,32.665113829680976,90.00000000000001,117.68158532761386,122.66511382968098,89.99999999999999,132.68158532761385
2.3400000000000016,0.0,-50.0,180.0,40.52689647501644,90.0,102.91379779086434,130.52689647501643,90.0,102.91379779086434
2.3400000000000016,0.0,50.0,180.0,40.52689647501644,90.0,102.91379779086434,49.47310352498356,90.0,257.08620220913565
2.3400000000000016,0.0,50.0,196.8865585100402,32.665113829680976,90.00000000000001,117.68158532761386,57.334886170319024,90.00000000000001,242.31841467238615
2.3600000000000017,0.0,-50.0,195.41026485551566,33.412475365888966,90.0,116.27117604786407,123.41247536588897,90.0,131.27117604786406
2.3600000000000017,0.0,-50.0,180.0,40.52689647501644,90.0,102.91379779086434,130.52689647501643,90.0,102.91379779086434
2.3600000000000017,0.0,50.0,180.0,40.52689647501644,90.0,102.91379779086434,49.47310352498356,90.0,257.08620220913565
2.3600000000000017,0.0,50.0,195.41026485551566,33.412475365888966,90.0,116.27117604786407,56.587524634111034,90.0,243.72882395213594
2.3800000000000017,0.0,-50.0,193.69094211857362,34.26544800044475,90.0,114.66295509977441,124.26544800044475,90.0,129.66295509977442
2.3800000000000017,0.0,-50.0,180.0,40.52689647501644,90.0,102.91379779086434,130.52689647501643,90.0,102.91379779086434
2.3800000000000017,0.0,50.0,180.0,40.52689647501644,90.0,102.91379779086434,49.47310352498356,90.0,257.08620220913565
2.3800000000000017,0.0,50.0,193.69094211857362,34.26544800044475,90.0,114.66295509977441,55.73455199955525,90.0,245.33704490022558
2.4000000000000017,0.0,-50.0,191.75570504584928,35.20478912675109,90.0,112.8938230757945,125.20478912675108,90.0,127.8938230757945
2.4000000000000017,0.0,-50.0,180.0,40.52689647501644,90.0,102.91379779086434,130.52689647501643,90.0,102.91379779086434
2.4000000000000017,0.0,50.0,180.0,40.52689647501644,90.0,102.91379779086434,49.47310352498356,90.0,257.08620220913565
2.4000000000000017,0.0,50.0,191.75570504584928,35.20478912675109,90.0,112.8938230757945,54.79521087324891,90.0,247.1061769242055
2.4200000000000017,0.0,-50.0,189.63507348203413,36.2109138543037,90.0,111.00127214311317,126.2109138543037,90.0,126.00127214311317
2.4200000000000017,0.0,-50.0,180.0,40.52689647501644,90.0,102.91379779086434,130.52689647501643,90.0,102.91379779086434
2.4200000000000017,0.0,50.0,180.0,40.52689647501644,90.0,102.91379779086434,49.47310352498356,90.0,257.08620220913565
2.4200000000000017,0.0,50.0,189.63507348203413,36.2109138543037,90.0,111.00127214311317,53.7890861456963,90.0,248.99872785688683
2.4400000000000017,0.0,-50.0,187.36249105369336,37.26446256083354,90.0,109.02227503993036,127.26446256083355,90.0,124.02227503993036
2.4400000000000017,0.0,-50.0,180.0,40.52689647501644,90.0,102.91379779086434,130.52689647501643,90.0,102.91379779086434
2.4400000000000017,0.0,50.0,180.0,40.52689647501644,90.0,102.91379779086434,49.47310352498356,90.0,257.08620220913565
2.4400000000000017,0.0,50.0,187.36249105369336,37.26446256083354,90.0,109.02227503993036,52.73553743916646,90.0,250.97772496006962
2.4600000000000017,0.0,-50.0,184.9737977432969,38.34670176971183,90.0,106.99249470105222,128.34670176971184,90.0,121.99249470105222
2.4600000000000017,0.0,-50.0,180.0,40.52689647501644,90.0,102.91379779086434,130.52689647501643,90.0,102.91379779086434
2.4600000000000017,0.0,50.0,180.0,40.52689647501644,90.0,102.91379779086434,49.47310352498356,90.0,257.08620220913565
2.4600000000000017,0.0,50.0,184.9737977432969,38.34670176971183,90.0,106.99249470105222,51.65329823028817,90.0,253.00750529894776
2.4800000000000018,0.0,-50.0,182.50666467128588,39.439783530631644,90.0,104.94576748695303,129.43978353063164,90.0,119.94576748695303
2.4800000000000018,0.0,-50.0,180.0,40.52689647501644,90.0,102.91379779086434,130.52689647501643,90.0,102.91379779086434
2.4800000000000018,0.0,50.0,180.0,40.52689647501644,90.0,102.91379779086434,49.47310352498356,90.0,257.08620220913565
2.4800000000000018,0.0,50.0,182.50666467128588,39.439783530631644,90.0,104.94576748695303,50.560216469368356,90.0,255.05423251304697
2.5000000000000018,0.0,-50.0,180.0,40.52689647501644,90.0,102.91379779086434,130.52689647501643,90.0,117.91379779086434
2.5000000000000018,-0.0,-50.0,180.00000000000023,40.526896475016336,90.00000000000001,102.91379779086454,130.52689647501634,89.99999999999999,102.91379779086454
2.5000000000000018,-0.0,50.0,180.00000000000023,40.526896475016336,90.00000000000001,102.91379779086454,49.473103524983664,90.00000000000001,257.0862022091355
2.5000000000000018,0.0,50.0,180.0,40.52689647501644,90.0,102.91379779086434,49.47310352498356,90.0,257.08620220913565
2.520000000000002,0.0,-50.0,180.0,40.52689647501644,90.0,102.91379779086434,130.52689647501643,90.0,117.91379779086434
2.520000000000002,-0.0,-50.0,182.5066646712863,39.43978353063146,90.00000000000001,104.94576748695339,129.43978353063147,89.99999999999999,104.94576748695339
2.520000000000002,-0.0,50.0,182.5066646712863,39.43978353063146,90.00000000000001,104.94576748695339,50.56021646936854,90.00000000000001,255.0542325130466
2.520000000000002,0.0,50.0,180.0,40.52689647501644,90.0,102.91379779086434,49.47310352498356,90.0,257.08620220913565
2.540000000000002,0.0,-50.0,180.0,40.52689647501644,90.0,102.91379779086434,130.52689647501643,90.0,117.91379779086434
2.540000000000002,-0.0,-50.0,184.97379774329733,38.346701769711636,90.0,106.99249470105259,128.34670176971164,90.0,106.99249470105259
2.540000000000002,-0.0,50.0,184.97379774329733,38.346701769711636,90.0,106.99249470105259,51.653298230288364,90.0,253.00750529894742
2.540000000000002,0.0,50.0,180.0,40.52689647501644,90.0,102.91379779086434,49.47310352498356,90.0,257.08620220913565
2.560000000000002,0.0,-50.0,180.0,40.52689647501644,90.0,102.91379779086434,130.52689647501643,90.0,117.91379779086434
2.560000000000002,-0.0,-50.0,187.36249105369376,37.26446256083337,90.0,109.02227503993069,127.26446256083338,90.0,109.02227503993069
2.560000000000002,-0.0,50.0,187.36249105369376,37.26446256083337,90.0,109.02227503993069,52.73553743916663,90.0,250.9777249600693
2.560000000000002,0.0,50.0,180.0,40.52689647501644,90.0,102.91379779086434,49.47310352498356,90.0,257.08620220913565
2.580000000000002,0.0,-50.0,180.0,40.52689647501644,90.0,102.91379779086434,130.52689647501643,90.0,117.91379779086434
2.580000000000002,-0.0,-50.0,189.6350734820345,36.21091385430353,90.0,111.0012721431135,126.21091385430353,90.0,111.0012721431135
2.580000000000002,-0.0,50.0,189.6350734820345,36.21091385430353,90.0,111.0012721431135,53.78908614569647,90.0,248.9987278568865
2.580000000000002,0.0,50.0,180.0,40.52689647501644,90.0,102.91379779086434,49.47310352498356,90.0,257.08620220913565
2.600000000000002,0.0,-50.0,180.0,40.52689647501644,90.0,102.91379779086434,130.52689647501643,90.0,117.91379779086434
2.600000000000002,-0.0,-50.0,191.75570504584965,35.20478912675092,90.0,112.89382307579483,125.20478912675091,90.0,112.89382307579483
2.600000000000002,-0.0,50.0,191.75570504584965,35.20478912675092,90.0,112.89382307579483,54.79521087324908,90.0,247.10617692420516
2.600000000000002,0.0,50.0,180.0,40.52689647501644,90.0,102.91379779086434,49.47310352498356,90.0,257.08620220913565
2.620000000000002,0.0,-50.0,180.0,40.52689647501644,90.0,102.91379779086434,130.52689647501643,90.0,117.91379779086434
2.620000000000002,-0.0,-50.0,193.69094211857396,34.26544800044457,90.0,114.66295509977473,124.26544800044456,90.0,114.66295509977473
2.620000000000002,-0.0,50.0,193.69094211857396,34.26544800044457,90.0,114.66295509977473,55.73455199955543,90.0,245.33704490022527
2.620000000000002,0.0,50.0,180.0,40.52689647501644,90.0,102.91379779086434,49.47310352498356,90.0,257.08620220913565
2.640000000000002,0.0,-50.0,180.0,40.52689647501644,90.0,102.91379779086434,130.52689647501643,90.0,117.91379779086434
2.640000000000002,-0.0,-50.0,195.41026485551595,33.41247536588882,90.00000000000001,116.27117604786439,123.41247536588881,89.99999999999999,116.27117604786439
2.640000000000002,-0.0,50.0,195.41026485551595,33.41247536588882,90.00000000000001,116.27117604786439,56.58752463411118,90.00000000000001,243.7288239521356
2.640000000000002,0.0,50.0,180.0,40.52689647501644,90.0,102.91379779086434,49.47310352498356,90.0,257.08620220913565
2.660000000000002,0.0,-50.0,180.0,40.52689647501644,90.0,102.91379779086434,130.52689647501643,90.0,117.91379779086434
2.660000000000002,-0.0,-50.0,196.88655851004043,32.66511382968087,90.0,117.68158532761407,122.66511382968088,90.0,117.68158532761407
2.660000000000002,-0.0,50.0,196.88655851004043,32.66511382968087,90.0,117.68158532761407,57.33488617031913,90.0,242.31841467238593
2.660000000000002,0.0,50.0,180.0,40.52689647501644,90.0,102.91379779086434,49.47310352498356,90.0,257.08620220913565
2.680000000000002,0.0,-50.0,180.0,40.52689647501644,90.0,102.91379779086434,130.52689647501643,90.0,117.91379779086434
2.680000000000002,-0.0,-50.0,198.09654104932048,32.04152447419342,90.0,118.85931399794815,122.04152447419342,90.0,118.85931399794815
2.680000000000002,-0.0,50.0,198.09654104932048,32.04152447419342,90.0,118.85931399794815,57.95847552580658,90.0,241.14068600205184
2.680000000000002,0.0,50.0,180.0,40.52689647501644,90.0,102.91379779086434,49.47310352498356,90.0,257.08620220913565
2.700000000000002,0.0,-50.0,180.0,40.52689647501644,90.0,102.91379779086434,130.52689647501643,90.0,117.91379779086434
2.700000000000002,-0.0,-50.0,199.02113032590316,31.55790498144686,90.00000000000001,119.77323707536704,121.55790498144685,89.99999999999999,119.77323707536704
2.700000000000002,-0.0,50.0,199.02113032590316,31.55790498144686,90.00000000000001,119.77323707536704,58.44209501855314,90.00000000000001,240.22676292463296
2.700000000000002,0.0,50.0,180.0,40.52689647501644,90.0,102.91379779086434,49.47310352498356,90.0,257.08620220913565
2.720000000000002,0.0,-50.0,180.0,40.52689647501644,90.0,102.91379779086434,130.52689647501643,90.0,117.91379779086434
2.720000000000002,-0.0,-50.0,199.64574501457383,31.22753849387128,90.0,120.39781625095999,121.22753849387128,90.0,120.39781625095999
2.720000000000002,-0.0,50.0,199.64574501457383,31.22753849387128,90.0,120.39781625095999,58.77246150612872,90.0,239.60218374904002
2.720000000000002,0.0,50.0,180.0,40.52689647501644,90.0,102.91379779086434,49.47310352498356,90.0,257.08620220913565
2.740000000000002,0.0,-50.0,180.0,40.52689647501644,90.0,102.91379779086434,130.52689647501643,90.0,117.91379779086434
2.740000000000002,-0.0,-50.0,199.96053456856544,31.059889787850604,90.00000000000001,120.71484838764496,121.05988978785061,89.99999999999999,120.71484838764496
2.740000000000002,-0.0,50.0,199.96053456856544,31.059889787850604,90.00000000000001,120.71484838764496,58.94011021214939,90.00000000000001,239.28515161235504
2.740000000000002,0.0,50.0,180.0,40.52689647501644,90.0,102.91379779086434,49.47310352498356,90.0,257.08620220913565
2.760000000000002,0.0,-50.0,180.0,40.52689647501644,90.0,102.91379779086434,130.52689647501643,90.0,117.91379779086434
2.760000000000002,0.0,-50.0,199.9605345685654,31.059889787850604,90.0,120.71484838764496,121.05988978785061,90.0,120.71484838764496
2.760000000000002,0.0,50.0,199.9605345685654,31.059889787850604,90.0,120.71484838764496,58.94011021214939,90.0,239.28515161235504
2.760000000000002,0.0,50.0,180.0,40.52689647501644,90.0,102.91379779086434,49.47310352498356,90.0,257.08620220913565
2.780000000000002,0.0,-50.0,180.0,40.52689647501644,90.0,102.91379779086434,130.52689647501643,90.0,117.91379779086434
2.780000000000002,0.0,-50.0,199.64574501457372,31.227538493871343,90.00000000000001,120.39781625095986,121.22753849387135,89.99999999999999,120.39781625095986
2.780000000000002,0.0,50.0,199.64574501457372,31.227538493871343,90.00000000000001,120.39781625095986,58.77246150612866,90.00000000000001,239.60218374904014
2.780000000000002,0.0,50.0,180.0,40.52689647501644,90.0,102.91379779086434,49.47310352498356,90.0,257.08620220913565
2.800000000000002,0.0,-50.0,180.0,40.52689647501644,90.0,102.91379779086434,130.52689647501643,90.0,117.91379779086434
2.800000000000002,0.0,-50.0,199.021130325903,31.557904981446942,90.0,119.7732370753669,121.55790498144694,90.0,119.7732370753669
2.800000000000002,0.0,50.0,199.021130325903,31.557904981446942,90.0,119.7732370753669,58.44209501855306,90.0,240.2267629246331
2.800000000000002,0.0,50.0,180.0,40.52689647501644,90.0,102.91379779086434,49.47310352498356,90.0,257.08620220913565
2.820000000000002,0.0,-50.0,180.0,40.52689647501644,90.0,102.91379779086434,130.52689647501643,90.0,117.91379779086434
2.820000000000002,0.0,-50.0,198.09654104932028,32.04152447419352,90.0,118.85931399794795,122.04152447419352,90.0,118.85931399794795
2.820000000000002,0.0,50.0,198.09654104932028,32.04152447419352,90.0,118.85931399794795,57.95847552580648,90.0,241.14068600205206
2.820000000000002,0.0,50.0,180.0,40.52689647501644,90.0,102.91379779086434,49.47310352498356,90.0,257.08620220913565
2.840000000000002,0.0,-50.0,180.0,40.52689647501644,90.0,102.91379779086434,130.52689647501643,90.0,117.91379779086434
2.840000000000002,0.0,-50.0,196.88655851004017,32.66511382968099,90.0,117.68158532761385,122.66511382968099,90.0,117.68158532761385
2.840000000000002,0.0,50.0,196.88655851004017,32.66511382968099,90.0,117.68158532761385,57.33488617031901,90.0,242.31841467238615
2.840000000000002,0.0,50.0,180.0,40.52689647501644,90.0,102.91379779086434,49.47310352498356,90.0,257.08620220913565
2.860000000000002,0.0,-50.0,180.0,40.52689647501644,90.0,102.91379779086434,130.52689647501643,90.0,117.91379779086434
2.860000000000002,0.0,-50.0,195.4102648555156,33.412475365888994,90.0,116.27117604786403,123.412475365889,90.0,116.27117604786403
2.860000000000002,0.0,50.0,195.4102648555156,33.412475365888994,90.0,116.27117604786403,56.587524634111006,90.0,243.72882395213597
2.860000000000002,0.0,50.0,180.0,40.52689647501644,90.0,102.91379779086434,49.47310352498356,90.0,257.08620220913565
2.880000000000002,0.0,-50.0,180.0,40.52689647501644,90.0,102.91379779086434,130.52689647501643,90.0,117.91379779086434
2.880000000000002,0.0,-50.0,193.6909421185736,34.26544800044475,90.0,114.66295509977441,124.26544800044475,90.0,114.66295509977441
2.880000000000002,0.0,50.0,193.6909421185736,34.26544800044475,90.0,114.66295509977441,55.73455199955525,90.0,245.33704490022558
2.880000000000002,0.0,50.0,180.0,40.52689647501644,90.0,102.91379779086434,49.47310352498356,90.0,257.08620220913565
2.900000000000002,0.0,-50.0,180.0,40.52689647501644,90.0,102.91379779086434,130.52689647501643,90.0,117.91379779086434
2.900000000000002,0.0,-50.0,191.75570504584925,35.2047891267511,90.0,112.89382307579447,125.20478912675111,90.0,112.89382307579447
2.900000000000002,0.0,50.0,191.75570504584925,35.2047891267511,90.0,112.89382307579447,54.7952108732489,90.0,247.10617692420553
2.900000000000002,0.0,50.0,180.0,40.52689647501644,90.0,102.91379779086434,49.47310352498356,90.0,257.08620220913565
2.920000000000002,0.0,-50.0,180.0,40.52689647501644,90.0,102.91379779086434,130.52689647501643,90.0,117.91379779086434
2.920000000000002,0.0,-50.0,189.63507348203407,36.210913854303726,90.0,111.00127214311313,126.21091385430373,90.0,111.00127214311313
2.920000000000002,0.0,50.0,189.63507348203407,36.210913854303726,90.0,111.00127214311313,53.789086145696274,90.0,248.9987278568869
2.920000000000002,0.0,50.0,180.0,40.52689647501644,90.0,102.91379779086434,49.47310352498356,90.0,257.08620220913565
2.940000000000002,0.0,-50.0,180.0,40.52689647501644,90.0,102.91379779086434,130.52689647501643,90.0,117.91379779086434
2.940000000000002,0.0,-50.0,187.3624910536933,37.26446256083358,90.0,109.0222750399303,127.26446256083358,90.0,109.0222750399303
2.940000000000002,0.0,50.0,187.3624910536933,37.26446256083358,90.0,109.0222750399303,52.73553743916642,90.0,250.97772496006968
2.940000000000002,0.0,50.0,180.0,40.52689647501644,90.0,102.91379779086434,49.47310352498356,90.0,257.08620220913565
2.960000000000002,0.0,-50.0,180.0,40.52689647501644,90.0,102.91379779086434,130.52689647501643,90.0,117.91379779086434
2.960000000000002,0.0,-50.0,184.97379774329684,38.346701769711856,90.0,106.9924947010522,128.34670176971184,90.0,106.9924947010522
2.960000000000002,0.0,50.0,184.97379774329684,38.346701769711856,90.0,106.9924947010522,51.653298230288144,90.0,253.00750529894782
2.960000000000002,0.0,50.0,180.0,40.52689647501644,90.0,102.91379779086434,49.47310352498356,90.0,257.08620220913565
2.980000000000002,0.0,-50.0,180.0,40.52689647501644,90.0,102.91379779086434,130.52689647501643,90.0,117.91379779086434
2.980000000000002,0.0,-50.0,182.50666467128582,39.43978353063167,90.0,104.945767486953,129.43978353063167,90.0,104.945767486953
2.980000000000002,0.0,50.0,182.50666467128582,39.43978353063167,90.0,104.945767486953,50.56021646936833,90.0,255.054232513047
2.980000000000002,0.0,50.0,180.0,40.52689647501644,90.0,102.91379779086434,49.47310352498356,90.0,257.08620220913565
3.000000000000002,-0.0,-50.0,180.00000000000028,40.52689647501633,90.0,102.91379779086456,130.52689647501631,90.0,117.91379779086456
3.000000000000002,0.0,-50.0,180.0,40.52689647501644,90.0,102.91379779086434,130.52689647501643,90.0,102.91379779086434
3.000000000000002,0.0,50.0,180.0,40.52689647501644,90.0,102.91379779086434,49.47310352498356,90.0,257.08620220913565
3.000000000000002,-0.0,50.0,180.00000000000028,40.52689647501633,90.0,102.91379779086456,49.47310352498367,90.0,257.0862022091354
3.0200000000000022,-0.0,-50.0,182.50666467128636,39.43978353063143,90.0,104.94576748695343,129.43978353063142,90.0,119.94576748695343
3.0200000000000022,0.0,-50.0,180.0,40.52689647501644,90.0,102.91379779086434,130.52689647501643,90.0,102.91379779086434
3.0200000000000022,0.0,50.0,180.0,40.52689647501644,90.0,102.91379779086434,49.47310352498356,90.0,257.08620220913565
3.0200000000000022,-0.0,50.0,182.50666467128636,39.43978353063143,90.0,104.94576748695343,50.56021646936857,90.0,255.05423251304657
3.0400000000000023,-0.0,-50.0,184.97379774329738,38.346701769711615,90.0,106.99249470105265,128.34670176971161,90.0,121.99249470105265
3.0400000000000023,0.0,-50.0,180.0,40.52689647501644,90.0,102.91379779086434,130.52689647501643,90.0,102.91379779086434
3.0400000000000023,0.0,50.0,180.0,40.52689647501644,90.0,102.91379779086434,49.47310352498356,90.0,257.08620220913565
3.0400000000000023,-0.0,50.0,184.97379774329738,38.346701769711615,90.0,106.99249470105265,51.653298230288385,90.0,253.00750529894736
3.0600000000000023,-0.0,-50.0,187.36249105369382,37.264462560833344,90.0,109.02227503993075,127.26446256083335,90.0,124.02227503993075
3.0600000000000023,0.0,-50.0,180.0,40.52689647501644,90.0,102.91379779086434,130.52689647501643,90.0,102.91379779086434
3.0600000000000023,0.0,50.0,180.0,40.52689647501644,90.0,102.91379779086434,49.47310352498356,90.0,257.08620220913565
3.0600000000000023,-0.0,50.0,187.36249105369382,37.264462560833344,90.0,109.02227503993075,52.735537439166656,90.0,250.97772496006925
3.0800000000000023,-0.0,-50.0,189.63507348203456,36.210913854303506,90.00000000000001,111.00127214311354,126.2109138543035,89.99999999999999,126.00127214311354
3.0800000000000023,0.0,-50.0,180.0,40.52689647501644,90.0,102.91379779086434,130.52689647501643,90.0,102.91379779086434
3.0800000000000023,0.0,50.0,180.0,40.52689647501644,90.0,102.91379779086434,49.47310352498356,90.0,257.08620220913565
3.0800000000000023,-0.0,50.0,189.63507348203456,36.210913854303506,90.00000000000001,111.00127214311354,53.789086145696494,90.00000000000001,248.99872785688646
3.1000000000000023,-0.0,-50.0,191.7557050458497,35.20478912675089,90.0,112.89382307579487,125.20478912675088,90.0,127.89382307579487
3.1000000000000023,0.0,-50.0,180.0,40.52689647501644,90.0,102.91379779086434,130.52689647501643,90.0,102.91379779086434
3.1000000000000023,0.0,50.0,180.0,40.52689647501644,90.0,102.91379779086434,49.47310352498356,90.0,257.08620220913565
3.1000000000000023,-0.0,50.0,191.7557050458497,35.20478912675089,90.0,112.89382307579487,54.79521087324911,90.0,247.10617692420513
3.1200000000000023,-0.0,-50.0,193.690942118574,34.265448000444565,90.0,114.66295509977476,124.26544800044456,90.0,129.66295509977476
3.1200000000000023,0.0,-50.0,180.0,40.52689647501644,90.0,102.91379779086434,130.52689647501643,90.0,102.91379779086434
3.1200000000000023,0.0,50.0,180.0,40.52689647501644,90.0,102.91379779086434,49.47310352498356,90.0,257.08620220913565
3.1200000000000023,-0.0,50.0,193.690942118574,34.265448000444565,90.0,114.66295509977476,55.734551999555435,90.0,245.33704490022524
3.1400000000000023,-0.0,-50.0,195.41026485551598,33.41247536588882,90.0,116.27117604786439,123.41247536588881,90.0,131.2711760478644
3.1400000000000023,0.0,-50.0,180.0,40.52689647501644,90.0,102.91379779086434,130.52689647501643,90.0,102.91379779086434
3.1400000000000023,0.0,50.0,180.0,40.52689647501644,90.0,102.91379779086434,49.47310352498356,90.0,257.08620220913565
3.1400000000000023,-0.0,50.0,195.41026485551598,33.41247536588882,90.0,116.27117604786439,56.58752463411118,90.0,243.7288239521356
3.1600000000000024,-0.0,-50.0,196.88655851004046,32.66511382968085,90.0,117.68158532761412,122.66511382968085,90.0,132.68158532761413
3.1600000000000024,0.0,-50.0,180.0,40.52689647501644,90.0,102.91379779086434,130.52689647501643,90.0,102.91379779086434
3.1600000000000024,0.0,50.0,180.0,40.52689647501644,90.0,102.91379779086434,49.47310352498356,90.0,257.08620220913565
3.1600000000000024,-0.0,50.0,196.88655851004046,32.66511382968085,90.0,117.68158532761412,57.33488617031915,90.0,242.31841467238587
3.1800000000000024,-0.0,-50.0,198.0965410493205,32.04152447419341,90.0,118.85931399794818,122.04152447419341,90.0,133.85931399794816
3.1800000000000024,0.0,-50.0,180.0,40.52689647501644,90.0,102.91379779086434,130.52689647501643,90.0,102.91379779086434
3.1800000000000024,0.0,50.0,180.0,40.52689647501644,90.0,102.91379779086434,49.47310352498356,90.0,257.08620220913565
3.1800000000000024,-0.0,50.0,198.0965410493205,32.04152447419341,90.0,118.85931399794818,57.95847552580659,90.0,241.14068600205184
3.2000000000000024,-0.0,-50.0,199.02113032590316,31.55790498144686,90.00000000000001,119.77323707536704,121.55790498144685,89.99999999999999,134.77323707536704
3.2000000000000024,0.0,-50.0,180.0,40.52689647501644,90.0,102.91379779086434,130.52689647501643,90.0,102.91379779086434
3.2000000000000024,0.0,50.0,180.0,40.52689647501644,90.0,102.91379779086434,49.47310352498356,90.0,257.08620220913565
3.2000000000000024,-0.0,50.0,199.02113032590316,31.55790498144686,90.00000000000001,119.77323707536704,58.44209501855314,90.00000000000001,240.22676292463296
3.2200000000000024,-0.0,-50.0,199.64574501457383,31.22753849387128,90.0,120.39781625095999,121.22753849387128,90.0,135.39781625095998
3.2200000000000024,0.0,-50.0,180.0,40.52689647501644,90.0,102.91379779086434,130.52689647501643,90.0,102.91379779086434
3.2200000000000024,0.0,50.0,180.0,40.52689647501644,90.0,102.91379779086434,49.47310352498356,90.0,257.08620220913565
3.2200000000000024,-0.0,50.0,199.64574501457383,31.22753849387128,90.0,120.39781625095999,58.77246150612872,90.0,239.60218374904002
3.2400000000000024,-0.0,-50.0,199.96053456856544,31.059889787850604,90.00000000000001,120.71484838764496,121.05988978785061,89.99999999999999,135.71484838764496
3.2400000000000024,0.0,-50.0,180.0,40.52689647501644,90.0,102.91379779086434,130.52689647501643,90.0,102.91379779086434
3.2400000000000024,0.0,50.0,180.0,40.52689647501644,90.0,102.91379779086434,49.47310352498356,90.0,257.08620220913565
3.2400000000000024,-0.0,50.0,199.96053456856544,31.059889787850604,90.00000000000001,120.71484838764496,58.94011021214939,90.00000000000001,239.28515161235504
3.2600000000000025,0.0,-50.0,199.9605345685654,31.059889787850604,90.0,120.71484838764496,121.05988978785061,90.0,135.71484838764496
3.2600000000000025,0.0,-50.0,180.0,40.52689647501644,90.0,102.91379779086434,130.52689647501643,90.0,102.91379779086434
3.2600000000000025,0.0,50.0,180.0,40.52689647501644,90.0,102.91379779086434,49.47310352498356,90.0,257.08620220913565
3.2600000000000025,0.0,50.0,199.9605345685654,31.059889787850604,90.0,120.71484838764496,58.94011021214939,90.0,239.28515161235504
3.2800000000000025,0.0,-50.0,199.64574501457372,31.227538493871343,90.00000000000001,120.39781625095986,121.22753849387135,89.99999999999999,135.39781625095986
3.2800000000000025,0.0,-50.0,180.0,40.52689647501644,90.0,102.91379779086434,130.52689647501643,90.0,102.91379779086434
3.2800000000000025,0.0,50.0,180.0,40.52689647501644,90.0,102.91379779086434,49.47310352498356,90.0,257.08620220913565
3.2800000000000025,0.0,50.0,199.64574501457372,31.227538493871343,90.00000000000001,120.39781625095986,58.77246150612866,90.00000000000001,239.60218374904014
3.3000000000000025,0.0,-50.0,199.02113032590296,31.55790498144696,90.00000000000001,119.77323707536686,121.55790498144697,89.99999999999999,134.77323707536686
3.3000000000000025,0.0,-50.0,180.0,40.52689647501644,90.0,102.91379779086434,130.52689647501643,90.0,102.91379779086434
3.3000000000000025,0.0,50.0,180.0,40.52689647501644,90.0,102.91379779086434,49.47310352498356,90.0,257.08620220913565
3.3000000000000025,0.0,50.0,199.02113032590296,31.55790498144696,90.00000000000001,119.77323707536686,58.44209501855304,90.00000000000001,240.22676292463314
3.3200000000000025,0.0,-50.0,198.09654104932025,32.04152447419354,90.00000000000001,118.85931399794792,122.04152447419354,89.99999999999999,133.85931399794794
3.3200000000000025,0.0,-50.0,180.0,40.52689647501644,90.0,102.91379779086434,130.52689647501643,90.0,102.91379779086434
3.3200000000000025,0.0,50.0,180.0,40.52689647501644,90.0,102.91379779086434,49.47310352498356,90.0,257.08620220913565
3.3200000000000025,0.0,50.0,198.09654104932025,32.04152447419354,90.00000000000001,118.85931399794792,57.95847552580646,90.00000000000001,241.14068600205206
3.3400000000000025,0.0,-50.0,196.88655851004012,32.66511382968102,90.0,117.68158532761379,122.66511382968102,90.0,132.6815853276138
3.3400000000000025,0.0,-50.0,180.0,40.52689647501644,90.0,102.91379779086434,130.52689647501643,90.0,102.91379779086434
3.3400000000000025,0.0,50.0,180.0,40.52689647501644,90.0,102.91379779086434,49.47310352498356,90.0,257.08620220913565
3.3400000000000025,0.0,50.0,196.88655851004012,32.66511382968102,90.0,117.68158532761379,57.33488617031898,90.0,242.3184146723862
3.3600000000000025,0.0,-50.0,195.41026485551558,33.412475365889,90.00000000000001,116.27117604786403,123.41247536588901,89.99999999999999,131.27117604786403
3.3600000000000025,0.0,-50.0,180.0,40.52689647501644,90.0,102.91379779086434,130.52689647501643,90.0,102.91379779086434
3.3600000000000025,0.0,50.0,180.0,40.52689647501644,90.0,102.91379779086434,49.47310352498356,90.0,257.08620220913565
3.3600000000000025,0.0,50.0,195.41026485551558,33.412475365889,90.00000000000001,116.27117604786403,56.587524634111,90.00000000000001,243.72882395213597
3.3800000000000026,0.0,-50.0,193.69094211857353,34.265448000444785,90.0,114.66295509977435,124.26544800044479,90.0,129.66295509977436
3.3800000000000026,0.0,-50.0,180.0,40.52689647501644,90.0,102.91379779086434,130.52689647501643,90.0,102.91379779086434
3.3800000000000026,0.0,50.0,180.0,40.52689647501644,90.0,102.91379779086434,49.47310352498356,90.0,257.08620220913565
3.3800000000000026,0.0,50.0,193.69094211857353,34.265448000444785,90.0,114.66295509977435,55.734551999555215,90.0,245.33704490022564
3.4000000000000026,0.0,-50.0,191.7557050458492,35.20478912675113,90.0,112.89382307579442,125.20478912675114,90.0,127.89382307579442
3.4000000000000026,0.0,-50.0,180.0,40.52689647501644,90.0,102.91379779086434,130.52689647501643,90.0,102.91379779086434
3.4000000000000026,0.0,50.0,180.0,40.52689647501644,90.0,102.91379779086434,49.47310352498356,90.0,257.08620220913565
3.4000000000000026,0.0,50.0,191.7557050458492,35.20478912675113,90.0,112.89382307579442,54.79521087324887,90.0,247.10617692420558
3.4200000000000026,0.0,-50.0,189.63507348203402,36.21091385430376,90.0,111.00127214311307,126.21091385430375,90.0,126.00127214311307
3.4200000000000026,0.0,-50.0,180.0,40.52689647501644,90.0,102.91379779086434,130.52689647501643,90.0,102.91379779086434
3.4200000000000026,0.0,50.0,180.0,40.52689647501644,90.0,102.91379779086434,49.47310352498356,90.0,257.08620220913565
3.4200000000000026,0.0,50.0,189.63507348203402,36.21091385430376,90.0,111.00127214311307,53.78908614569624,90.0,248.99872785688694
3.4400000000000026,0.0,-50.0,187.36249105369325,37.2644625608336,90.0,109.02227503993026,127.2644625608336,90.0,124.02227503993026
3.4400000000000026,0.0,-50.0,180.0,40.52689647501644,90.0,102.91379779086434,130.52689647501643,90.0,102.91379779086434
3.4400000000000026,0.0,50.0,180.0,40.52689647501644,90.0,102.91379779086434,49.47310352498356,90.0,257.08620220913565
3.4400000000000026,0.0,50.0,187.36249105369325,37.2644625608336,90.0,109.02227503993026,52.7355374391664,90.0,250.97772496006974
3.4600000000000026,0.0,-50.0,184.97379774329679,38.34670176971188,90.0,106.99249470105214,128.34670176971187,90.0,121.99249470105214
3.4600000000000026,0.0,-50.0,180.0,40.52689647501644,90.0,102.91379779086434,130.52689647501643,90.0,102.91379779086434
3.4600000000000026,0.0,50.0,180.0,40.52689647501644,90.0,102.91379779086434,49.47310352498356,90.0,257.08620220913565
3.4600000000000026,0.0,50.0,184.97379774329679,38.34670176971188,90.0,106.99249470105214,51.65329823028812,90.0,253.00750529894788
3.4800000000000026,0.0,-50.0,182.50666467128576,39.439783530631686,90.0,104.94576748695295,129.4397835306317,90.0,119.94576748695295
3.4800000000000026,0.0,-50.0,180.0,40.52689647501644,90.0,102.91379779086434,130.52689647501643,90.0,102.91379779086434
3.4800000000000026,0.0,50.0,180.0,40.52689647501644,90.0,102.91379779086434,49.47310352498356,90.0,257.08620220913565
3.4800000000000026,0.0,50.0,182.50666467128576,39.439783530631686,90.0,104.94576748695295,50.560216469368314,90.0,255.05423251304705
3.5000000000000027,0.0,-50.0,180.0,40.52689647501644,90.0,102.91379779086434,130.52689647501643,90.0,117.91379779086434
3.5000000000000027,-0.0,-50.0,180.00000000000034,40.5268964750163,90.0,102.91379779086462,130.52689647501631,90.0,102.91379779086462
3.5000000000000027,-0.0,50.0,180.00000000000034,40.5268964750163,90.0,102.91379779086462,49.4731035249837,90.0,257.08620220913537
3.5000000000000027,0.0,50.0,180.0,40.52689647501644,90.0,102.91379779086434,49.47310352498356,90.0,257.08620220913565
3.5200000000000027,0.0,-50.0,180.0,40.52689647501644,90.0,102.91379779086434,130.52689647501643,90.0,117.91379779086434
3.5200000000000027,-0.0,-50.0,182.50666467128647,39.43978353063138,90.00000000000001,104.94576748695353,129.4397835306314,89.99999999999999,104.94576748695353
3.5200000000000027,-0.0,50.0,182.50666467128647,39.43978353063138,90.00000000000001,104.94576748695353,50.56021646936862,90.00000000000001,255.0542325130465
3.5200000000000027,0.0,50.0,180.0,40.52689647501644,90.0,102.91379779086434,49.47310352498356,90.0,257.08620220913565
3.5400000000000027,0.0,-50.0,180.0,40.52689647501644,90.0,102.91379779086434,130.52689647501643,90.0,117.91379779086434
3.5400000000000027,-0.0,-50.0,184.9737977432974,38.34670176971159,90.00000000000001,106.99249470105266,128.3467017697116,89.99999999999999,106.99249470105266
3.5400000000000027,-0.0,50.0,184.9737977432974,38.34670176971159,90.00000000000001,106.99249470105266,51.65329823028841,90.00000000000001,253.00750529894734
3.5400000000000027,0.0,50.0,180.0,40.52689647501644,90.0,102.91379779086434,49.47310352498356,90.0,257.08620220913565
3.5600000000000027,0.0,-50.0,180.0,40.52689647501644,90.0,102.91379779086434,130.52689647501643,90.0,117.91379779086434
3.5600000000000027,-0.0,-50.0,187.36249105369382,37.264462560833344,90.0,109.02227503993075,127.26446256083335,90.0,109.02227503993075
3.5600000000000027,-0.0,50.0,187.36249105369382,37.264462560833344,90.0,109.02227503993075,52.735537439166656,90.0,250.97772496006925
3.5600000000000027,0.0,50.0,180.0,40.52689647501644,90.0,102.91379779086434,49.47310352498356,90.0,257.08620220913565
3.5800000000000027,0.0,-50.0,180.0,40.52689647501644,90.0,102.91379779086434,130.52689647501643,90.0,117.91379779086434
3.5800000000000027,-0.0,-50.0,189.6350734820346,36.21091385430347,90.0,111.0012721431136,126.21091385430347,90.0,111.0012721431136
3.5800000000000027,-0.0,50.0,189.6350734820346,36.21091385430347,90.0,111.0012721431136,53.78908614569653,90.0,248.9987278568864
3.5800000000000027,0.0,50.0,180.0,40.52689647501644,90.0,102.91379779086434,49.47310352498356,90.0,257.08620220913565
3.6000000000000028,0.0,-50.0,180.0,40.52689647501644,90.0,102.91379779086434,130.52689647501643,90.0,117.91379779086434
3.6000000000000028,-0.0,-50.0,191.7557050458498,35.204789126750846,90.0,112.89382307579496,125.20478912675085,90.0,112.89382307579496
3.6000000000000028,-0.0,50.0,191.7557050458498,35.204789126750846,90.0,112.89382307579496,54.795210873249154,90.0,247.10617692420504
3.6000000000000028,0.0,50.0,180.0,40.52689647501644,90.0,102.91379779086434,49.47310352498356,90.0,257.08620220913565
3.6200000000000028,0.0,-50.0,180.0,40.52689647501644,90.0,102.91379779086434,130.52689647501643,90.0,117.91379779086434
3.6200000000000028,-0.0,-50.0,193.69094211857401,34.26544800044455,90.00000000000001,114.66295509977479,124.26544800044455,89.99999999999999,114.66295509977479
3.6200000000000028,-0.0,50.0,193.69094211857401,34.26544800044455,90.00000000000001,114.66295509977479,55.73455199955545,90.00000000000001,245.3370449002252
3.6200000000000028,0.0,50.0,180.0,40.52689647501644,90.0,102.91379779086434,49.47310352498356,90.0,257.08620220913565
3.640000000000003,0.0,-50.0,180.0,40.52689647501644,90.0,102.91379779086434,130.52689647501643,90.0,117.91379779086434
3.640000000000003,-0.0,-50.0,195.41026485551598,33.41247536588882,90.0,116.27117604786439,123.41247536588881,90.0,116.27117604786439
3.640000000000003,-0.0,50.0,195.41026485551598,33.41247536588882,90.0,116.27117604786439,56.58752463411118,90.0,243.7288239521356
3.640000000000003,0.0,50.0,180.0,40.52689647501644,90.0,102.91379779086434,49.47310352498356,90.0,257.08620220913565
3.660000000000003,0.0,-50.0,180.0,40.52689647501644,90.0,102.91379779086434,130.52689647501643,90.0,117.91379779086434
3.660000000000003,-0.0,-50.0,196.8865585100405,32.66511382968084,90.0,117.68158532761412,122.66511382968085,90.0,117.68158532761412
3.660000000000003,-0.0,50.0,196.8865585100405,32.66511382968084,90.0,117.68158532761412,57.33488617031916,90.0,242.31841467238587
3.660000000000003,0.0,50.0,180.0,40.52689647501644,90.0,102.91379779086434,49.47310352498356,90.0,257.08620220913565
3.680000000000003,0.0,-50.0,180.0,40.52689647501644,90.0,102.91379779086434,130.52689647501643,90.0,117.91379779086434
3.680000000000003,-0.0,-50.0,198.09654104932056,32.04152447419337,90.0,118.85931399794823,122.04152447419338,90.0,118.85931399794823
3.680000000000003,-0.0,50.0,198.09654104932056,32.04152447419337,90.0,118.85931399794823,57.95847552580663,90.0,241.14068600205178
3.680000000000003,0.0,50.0,180.0,40.52689647501644,90.0,102.91379779086434,49.47310352498356,90.0,257.08620220913565
3.700000000000003,0.0,-50.0,180.0,40.52689647501644,90.0,102.91379779086434,130.52689647501643,90.0,117.91379779086434
3.700000000000003,-0.0,-50.0,199.0211303259032,31.557904981446853,90.0,119.77323707536706,121.55790498144685,90.0,119.77323707536706
3.700000000000003,-0.0,50.0,199.0211303259032,31.557904981446853,90.0,119.77323707536706,58.44209501855315,90.0,240.22676292463294
3.700000000000003,0.0,50.0,180.0,40.52689647501644,90.0,102.91379779086434,49.47310352498356,90.0,257.08620220913565
3.720000000000003,0.0,-50.0,180.0,40.52689647501644,90.0,102.91379779086434,130.52689647501643,90.0,117.91379779086434
3.720000000000003,-0.0,-50.0,199.64574501457383,31.22753849387128,90.0,120.39781625095999,121.22753849387128,90.0,120.39781625095999
3.720000000000003,-0.0,50.0,199.64574501457383,31.22753849387128,90.0,120.39781625095999,58.77246150612872,90.0,239.60218374904002
3.720000000000003,0.0,50.0,180.0,40.52689647501644,90.0,102.91379779086434,49.47310352498356,90.0,257.08620220913565
3.740000000000003,0.0,-50.0,180.0,40.52689647501644,90.0,102.91379779086434,130.52689647501643,90.0,117.91379779086434
3.740000000000003,-0.0,-50.0,199.96053456856546,31.059889787850576,90.0,120.71484838764502,121.05988978785058,90.0,120.71484838764502
3.740000000000003,-0.0,50.0,199.96053456856546,31.059889787850576,90.0,120.71484838764502,58.94011021214942,90.0,239.28515161235498
3.740000000000003,0.0,50.0,180.0,40.52689647501644,90.0,102.91379779086434,49.47310352498356,90.0,257.08620220913565
3.760000000000003,0.0,-50.0,180.0,40.52689647501644,90.0,102.91379779086434,130.52689647501643,90.0,117.91379779086434
3.760000000000003,0.0,-50.0,199.9605345685654,31.059889787850604,90.0,120.71484838764496,121.05988978785061,90.0,120.71484838764496
3.760000000000003,0.0,50.0,199.9605345685654,31.059889787850604,90.0,120.71484838764496,58.94011021214939,90.0,239.28515161235504
3.760000000000003,0.0,50.0,180.0,40.52689647501644,90.0,102.91379779086434,49.47310352498356,90.0,257.08620220913565
3.780000000000003,0.0,-50.0,180.0,40.52689647501644,90.0,102.91379779086434,130.52689647501643,90.0,117.91379779086434
3.780000000000003,0.0,-50.0,199.64574501457372,31.227538493871343,90.00000000000001,120.39781625095986,121.22753849387135,89.99999999999999,120.39781625095986
3.780000000000003,0.0,50.0,199.64574501457372,31.227538493871343,90.00000000000001,120.39781625095986,58.77246150612866,90.00000000000001,239.60218374904014
3.780000000000003,0.0,50.0,180.0,40.52689647501644,90.0,102.91379779086434,49.47310352498356,90.0,257.08620220913565
3.800000000000003,0.0,-50.0,180.0,40.52689647501644,90.0,102.91379779086434,130.52689647501643,90.0,117.91379779086434
3.800000000000003,0.0,-50.0,199.02113032590296,31.55790498144696,90.00000000000001,119.77323707536686,121.55790498144697,89.99999999999999,119.77323707536686
3.800000000000003,0.0,50.0,199.02113032590296,31.55790498144696,90.00000000000001,119.77323707536686,58.44209501855304,90.00000000000001,240.22676292463314
3.800000000000003,0.0,50.0,180.0,40.52689647501644,90.0,102.91379779086434,49.47310352498356,90.0,257.08620220913565
3.820000000000003,0.0,-50.0,180.0,40.52689647501644,90.0,102.91379779086434,130.52689647501643,90.0,117.91379779086434
3.820000000000003,0.0,-50.0,198.09654104932022,32.04152447419355,90.00000000000001,118.85931399794791,122.04152447419355,89.99999999999999,118.85931399794791
3.820000000000003,0.0,50.0,198.09654104932022,32.04152447419355,90.00000000000001,118.85931399794791,57.95847552580645,90.00000000000001,241.1406860020521
3.820000000000003,0.0,50.0,180.0,40.52689647501644,90.0,102.91379779086434,49.47310352498356,90.0,257.08620220913565
3.840000000000003,0.0,-50.0,180.0,40.52689647501644,90.0,102.91379779086434,130.52689647501643,90.0,117.91379779086434
3.840000000000003,0.0,-50.0,196.88655851004006,32.66511382968106,90.0,117.68158532761372,122.66511382968106,90.0,117.68158532761372
3.840000000000003,0.0,50.0,196.88655851004006,32.66511382968106,90.0,117.68158532761372,57.33488617031894,90.0,242.31841467238627
3.840000000000003,0.0,50.0,180.0,40.52689647501644,90.0,102.91379779086434,49.47310352498356,90.0,257.08620220913565
3.860000000000003,0.0,-50.0,180.0,40.52689647501644,90.0,102.91379779086434,130.52689647501643,90.0,117.91379779086434
3.860000000000003,0.0,-50.0,195.41026485551555,33.41247536588903,90.0,116.27117604786397,123.41247536588904,90.0,116.27117604786397
3.860000000000003,0.0,50.0,195.41026485551555,33.41247536588903,90.0,116.27117604786397,56.58752463411097,90.0,243.72882395213603
3.860000000000003,0.0,50.0,180.0,40.52689647501644,90.0,102.91379779086434,49.47310352498356,90.0,257.08620220913565
3.880000000000003,0.0,-50.0,180.0,40.52689647501644,90.0,102.91379779086434,130.52689647501643,90.0,117.91379779086434
3.880000000000003,0.0,-50.0,193.69094211857353,34.265448000444785,90.0,114.66295509977435,124.26544800044479,90.0,114.66295509977435
3.880000000000003,0.0,50.0,193.69094211857353,34.265448000444785,90.0,114.66295509977435,55.734551999555215,90.0,245.33704490022564
3.880000000000003,0.0,50.0,180.0,40.52689647501644,90.0,102.91379779086434,49.47310352498356,90.0,257.08620220913565
3.900000000000003,0.0,-50.0,180.0,40.52689647501644,90.0,102.91379779086434,130.52689647501643,90.0,117.91379779086434
3.900000000000003,0.0,-50.0,191.75570504584914,35.204789126751166,90.00000000000001,112.89382307579436,125.20478912675117,89.99999999999999,112.89382307579436
3.900000000000003,0.0,50.0,191.75570504584914,35.204789126751166,90.00000000000001,112.89382307579436,54.795210873248834,90.00000000000001,247.10617692420564
3.900000000000003,0.0,50.0,180.0,40.52689647501644,90.0,102.91379779086434,49.47310352498356,90.0,257.08620220913565
3.920000000000003,0.0,-50.0,180.0,40.52689647501644,90.0,102.91379779086434,130.52689647501643,90.0,117.91379779086434
3.920000000000003,0.0,-50.0,189.63507348203393,36.21091385430379,90.0,111.00127214311301,126.21091385430378,90.0,111.00127214311301
3.920000000000003,0.0,50.0,189.63507348203393,36.21091385430379,90.0,111.00127214311301,53.78908614569621,90.0,248.998727856887
3.920000000000003,0.0,50.0,180.0,40.52689647501644,90.0,102.91379779086434,49.47310352498356,90.0,257.08620220913565
3.940000000000003,0.0,-50.0,180.0,40.52689647501644,90.0,102.91379779086434,130.52689647501643,90.0,117.91379779086434
3.940000000000003,0.0,-50.0,187.36249105369322,37.26446256083361,90.0,109.02227503993025,127.2644625608336,90.0,109.02227503993025
3.940000000000003,0.0,50.0,187.36249105369322,37.26446256083361,90.0,109.02227503993025,52.73553743916639,90.0,250.97772496006974
3.940000000000003,0.0,50.0,180.0,40.52689647501644,90.0,102.91379779086434,49.47310352498356,90.0,257.08620220913565
3.960000000000003,0.0,-50.0,180.0,40.52689647501644,90.0,102.91379779086434,130.52689647501643,90.0,117.91379779086434
3.960000000000003,0.0,-50.0,184.97379774329679,38.34670176971188,90.0,106.99249470105214,128.34670176971187,90.0,106.99249470105214
3.960000000000003,0.0,50.0,184.97379774329679,38.34670176971188,90.0,106.99249470105214,51.65329823028812,90.0,253.00750529894788
3.960000000000003,0.0,50.0,180.0,40.52689647501644,90.0,102.91379779086434,49.47310352498356,90.0,257.08620220913565
3.980000000000003,0.0,-50.0,180.0,40.52689647501644,90.0,102.91379779086434,130.52689647501643,90.0,117.91379779086434
3.980000000000003,0.0,-50.0,182.5066646712857,39.43978353063171,90.0,104.9457674869529,129.4397835306317,90.0,104.9457674869529
3.980000000000003,0.0,50.0,182.5066646712857,39.43978353063171,90.0,104.9457674869529,50.56021646936829,90.0,255.0542325130471
3.980000000000003,0.0,50.0,180.0,40.52689647501644,90.0,102.91379779086434,49.47310352498356,90.0,257.08620220913565
4.000000000000003,-0.0,-50.0,180.00000000000034,40.5268964750163,90.0,102.91379779086462,130.52689647501631,90.0,117.91379779086462
4.000000000000003,0.0,-50.0,180.0,40.52689647501644,90.0,102.91379779086434,130.52689647501643,90.0,102.91379779086434
4.000000000000003,0.0,50.0,180.0,40.52689647501644,90.0,102.91379779086434,49.47310352498356,90.0,257.08620220913565
4.000000000000003,-0.0,50.0,180.00000000000034,40.5268964750163,90.0,102.91379779086462,49.4731035249837,90.0,257.08620220913537
4.020000000000002,-0.0,-50.0,182.50666467128636,39.43978353063143,90.0,104.94576748695343,129.43978353063142,90.0,119.94576748695343
4.020000000000002,0.0,-50.0,180.0,40.52689647501644,90.0,102.91379779086434,130.52689647501643,90.0,102.91379779086434
4.020000000000002,0.0,50.0,180.0,40.52689647501644,90.0,102.91379779086434,49.47310352498356,90.0,257.08620220913565
4.020000000000002,-0.0,50.0,182.50666467128636,39.43978353063143,90.0,104.94576748695343,50.56021646936857,90.0,255.05423251304657
4.040000000000002,-0.0,-50.0,184.97379774329733,38.346701769711636,90.0,106.99249470105259,128.34670176971164,90.0,121.99249470105259
4.040000000000002,0.0,-50.0,180.0,40.52689647501644,90.0,102.91379779086434,130.52689647501643,90.0,102.91379779086434
4.040000000000002,0.0,50.0,180.0,40.52689647501644,90.0,102.91379779086434,49.47310352498356,90.0,257.08620220913565
4.040000000000002,-0.0,50.0,184.97379774329733,38.346701769711636,90.0,106.99249470105259,51.653298230288364,90.0,253.00750529894742
4.060000000000001,-0.0,-50.0,187.36249105369373,37.26446256083338,90.0,109.02227503993068,127.26446256083338,90.0,124.02227503993068
4.060000000000001,0.0,-50.0,180.0,40.52689647501644,90.0,102.91379779086434,130.52689647501643,90.0,102.91379779086434
4.060000000000001,0.0,50.0,180.0,40.52689647501644,90.0,102.91379779086434,49.47310352498356,90.0,257.08620220913565
4.060000000000001,-0.0,50.0,187.36249105369373,37.26446256083338,90.0,109.02227503993068,52.73553743916662,90.0,250.97772496006934
4.080000000000001,-0.0,-50.0,189.63507348203441,36.21091385430357,90.0,111.00127214311343,126.21091385430357,90.0,126.00127214311343
4.080000000000001,0.0,-50.0,180.0,40.52689647501644,90.0,102.91379779086434,130.52689647501643,90.0,102.91379779086434
4.080000000000001,0.0,50.0,180.0,40.52689647501644,90.0,102.91379779086434,49.47310352498356,90.0,257.08620220913565
4.080000000000001,-0.0,50.0,189.63507348203441,36.21091385430357,90.0,111.00127214311343,53.78908614569643,90.0,248.99872785688657
4.1000000000000005,-0.0,-50.0,191.7557050458495,35.20478912675099,90.00000000000001,112.89382307579471,125.204789126751,89.99999999999999,127.89382307579471
4.1000000000000005,0.0,-50.0,180.0,40.52689647501644,90.0,102.91379779086434,130.52689647501643,90.0,102.91379779086434
4.1000000000000005,0.0,50.0,180.0,40.52689647501644,90.0,102.91379779086434,49.47310352498356,90.0,257.08620220913565
4.1000000000000005,-0.0,50.0,191.7557050458495,35.20478912675099,90.00000000000001,112.89382307579471,54.79521087324901,90.00000000000001,247.10617692420527
4.12,-0.0,-50.0,193.6909421185738,34.26544800044466,90.0,114.66295509977458,124.26544800044465,90.0,129.6629550997746
4.12,0.0,-50.0,180.0,40.52689647501644,90.0,102.91379779086434,130.52689647501643,90.0,102.91379779086434
4.12,0.0,50.0,180.0,40.52689647501644,90.0,102.91379779086434,49.47310352498356,90.0,257.08620220913565
4.12,-0.0,50.0,193.6909421185738,34.26544800044466,90.0,114.66295509977458,55.73455199955534,90.0,245.3370449002254
4.14,-0.0,-50.0,195.41026485551575,33.41247536588892,90.00000000000001,116.27117604786417,123.41247536588892,89.99999999999999,131.27117604786417
4.14,0.0,-50.0,180.0,40.52689647501644,90.0,102.91379779086434,130.52689647501643,90.0,102.91379779086434
4.14,0.0,50.0,180.0,40.52689647501644,90.0,102.91379779086434,49.47310352498356,90.0,257.08620220913565
4.14,-0.0,50.0,195.41026485551575,33.41247536588892,90.00000000000001,116.27117604786417,56.58752463411108,90.00000000000001,243.72882395213583
4.159999999999999,-0.0,-50.0,196.88655851004026,32.66511382968095,90.0,117.68158532761392,122.66511382968095,90.0,132.6815853276139
4.159999999999999,0.0,-50.0,180.0,40.52689647501644,90.0,102.91379779086434,130.52689647501643,90.0,102.91379779086434
4.159999999999999,0.0,50.0,180.0,40.52689647501644,90.0,102.91379779086434,49.47310352498356,90.0,257.08620220913565
4.159999999999999,-0.0,50.0,196.88655851004026,32.66511382968095,90.0,117.68158532761392,57.33488617031905,90.0,242.3184146723861
4.179999999999999,-0.0,-50.0,198.09654104932034,32.041524474193494,90.0,118.85931399794801,122.0415244741935,90.0,133.859313997948
4.179999999999999,0.0,-50.0,180.0,40.52689647501644,90.0,102.91379779086434,130.52689647501643,90.0,102.91379779086434
4.179999999999999,0.0,50.0,180.0,40.52689647501644,90.0,102.91379779086434,49.47310352498356,90.0,257.08620220913565
4.179999999999999,-0.0,50.0,198.09654104932034,32.041524474193494,90.0,118.85931399794801,57.958475525806506,90.0,241.140686002052
4.199999999999998,-0.0,-50.0,199.02113032590302,31.557904981446928,90.0,119.77323707536691,121.55790498144692,90.0,134.77323707536692
4.199999999999998,0.0,-50.0,180.0,40.52689647501644,90.0,102.91379779086434,130.52689647501643,90.0,102.91379779086434
4.199999999999998,0.0,50.0,180.0,40.52689647501644,90.0,102.91379779086434,49.47310352498356,90.0,257.08620220913565
4.199999999999998,-0.0,50.0,199.02113032590302,31.557904981446928,90.0,119.77323707536691,58.442095018553076,90.0,240.22676292463308
4.219999999999998,-0.0,-50.0,199.64574501457372,31.227538493871343,90.00000000000001,120.39781625095986,121.22753849387135,89.99999999999999,135.39781625095986
4.219999999999998,0.0,-50.0,180.0,40.52689647501644,90.0,102.91379779086434,130.52689647501643,90.0,102.91379779086434
4.219999999999998,0.0,50.0,180.0,40.52689647501644,90.0,102.91379779086434,49.47310352498356,90.0,257.08620220913565
4.219999999999998,-0.0,50.0,199.64574501457372,31.227538493871343,90.00000000000001,120.39781625095986,58.77246150612866,90.00000000000001,239.60218374904014
4.2399999999999975,-0.0,-50.0,199.9605345685654,31.059889787850604,90.0,120.71484838764496,121.05988978785061,90.0,135.71484838764496
4.2399999999999975,0.0,-50.0,180.0,40.52689647501644,90.0,102.91379779086434,130.52689647501643,90.0,102.91379779086434
4.2399999999999975,0.0,50.0,180.0,40.52689647501644,90.0,102.91379779086434,49.47310352498356,90.0,257.08620220913565
4.2399999999999975,-0.0,50.0,199.9605345685654,31.059889787850604,90.0,120.71484838764496,58.94011021214939,90.0,239.28515161235504
4.259999999999997,0.0,-50.0,199.96053456856546,31.059889787850576,90.0,120.71484838764502,121.05988978785058,90.0,135.71484838764502
4.259999999999997,0.0,-50.0,180.0,40.52689647501644,90.0,102.91379779086434,130.52689647501643,90.0,102.91379779086434
4.259999999999997,0.0,50.0,180.0,40.52689647501644,90.0,102.91379779086434,49.47310352498356,90.0,257.08620220913565
4.259999999999997,0.0,50.0,199.96053456856546,31.059889787850576,90.0,120.71484838764502,58.94011021214942,90.0,239.28515161235498
4.279999999999997,0.0,-50.0,199.64574501457386,31.227538493871258,90.0,120.39781625096002,121.22753849387126,90.0,135.39781625096003
4.279999999999997,0.0,-50.0,180.0,40.52689647501644,90.0,102.91379779086434,130.52689647501643,90.0,102.91379779086434
4.279999999999997,0.0,50.0,180.0,40.52689647501644,90.0,102.91379779086434,49.47310352498356,90.0,257.08620220913565
4.279999999999997,0.0,50.0,199.64574501457386,31.227538493871258,90.0,120.39781625096002,58.77246150612874,90.0,239.60218374903997
4.299999999999996,0.0,-50.0,199.02113032590321,31.557904981446832,90.0,119.77323707536712,121.55790498144682,90.0,134.77323707536712
4.299999999999996,0.0,-50.0,180.0,40.52689647501644,90.0,102.91379779086434,130.52689647501643,90.0,102.91379779086434
4.299999999999996,0.0,50.0,180.0,40.52689647501644,90.0,102.91379779086434,49.47310352498356,90.0,257.08620220913565
4.299999999999996,0.0,50.0,199.02113032590321,31.557904981446832,90.0,119.77323707536712,58.44209501855317,90.0,240.22676292463288
4.319999999999996,0.0,-50.0,198.09654104932062,32.04152447419335,90.00000000000001,118.85931399794828,122.04152447419335,89.99999999999999,133.85931399794828
4.319999999999996,0.0,-50.0,180.0,40.52689647501644,90.0,102.91379779086434,130.52689647501643,90.0,102.91379779086434
4.319999999999996,0.0,50.0,180.0,40.52689647501644,90.0,102.91379779086434,49.47310352498356,90.0,257.08620220913565
4.319999999999996,0.0,50.0,198.09654104932062,32.04152447419335,90.00000000000001,118.85931399794828,57.95847552580665,90.00000000000001,241.14068600205172
4.339999999999995,0.0,-50.0,196.8865585100406,32.66511382968078,90.0,117.68158532761424,122.66511382968078,90.0,132.68158532761424
4.339999999999995,0.0,-50.0,180.0,40.52689647501644,90.0,102.91379779086434,130.52689647501643,90.0,102.91379779086434
4.339999999999995,0.0,50.0,180.0,40.52689647501644,90.0,102.91379779086434,49.47310352498356,90.0,257.08620220913565
4.339999999999995,0.0,50.0,196.8865585100406,32.66511382968078,90.0,117.68158532761424,57.33488617031922,90.0,242.31841467238576
4.359999999999995,0.0,-50.0,195.41026485551617,33.4124753658887,90.0,116.27117604786459,123.4124753658887,90.0,131.27117604786457
4.359999999999995,0.0,-50.0,180.0,40.52689647501644,90.0,102.91379779086434,130.52689647501643,90.0,102.91379779086434
4.359999999999995,0.0,50.0,180.0,40.52689647501644,90.0,102.91379779086434,49.47310352498356,90.0,257.08620220913565
4.359999999999995,0.0,50.0,195.41026485551617,33.4124753658887,90.0,116.27117604786459,56.5875246341113,90.0,243.72882395213543
4.379999999999995,0.0,-50.0,193.69094211857427,34.26544800044443,90.0,114.66295509977502,124.26544800044442,90.0,129.66295509977502
4.379999999999995,0.0,-50.0,180.0,40.52689647501644,90.0,102.91379779086434,130.52689647501643,90.0,102.91379779086434
4.379999999999995,0.0,50.0,180.0,40.52689647501644,90.0,102.91379779086434,49.47310352498356,90.0,257.08620220913565
4.379999999999995,0.0,50.0,193.69094211857427,34.26544800044443,90.0,114.66295509977502,55.73455199955557,90.0,245.33704490022498
4.399999999999994,0.0,-50.0,191.75570504585005,35.20478912675072,90.0,112.8938230757952,125.20478912675071,90.0,127.8938230757952
4.399999999999994,0.0,-50.0,180.0,40.52689647501644,90.0,102.91379779086434,130.52689647501643,90.0,102.91379779086434
4.399999999999994,0.0,50.0,180.0,40.52689647501644,90.0,102.91379779086434,49.47310352498356,90.0,257.08620220913565
4.399999999999994,0.0,50.0,191.75570504585005,35.20478912675072,90.0,112.8938230757952,54.79521087324928,90.0,247.10617692420482
4.419999999999994,0.0,-50.0,189.635073482035,36.21091385430328,90.0,111.00127214311395,126.21091385430327,90.0,126.00127214311395
4.419999999999994,0.0,-50.0,180.0,40.52689647501644,90.0,102.91379779086434,130.52689647501643,90.0,102.91379779086434
4.419999999999994,0.0,50.0,180.0,40.52689647501644,90.0,102.91379779086434,49.47310352498356,90.0,257.08620220913565
4.419999999999994,0.0,50.0,189.635073482035,36.21091385430328,90.0,111.00127214311395,53.78908614569672,90.0,248.99872785688603
4.439999999999993,0.0,-50.0,187.36249105369436,37.264462560833095,90.0,109.02227503993122,127.2644625608331,90.0,124.02227503993122
4.439999999999993,0.0,-50.0,180.0,40.52689647501644,90.0,102.91379779086434,130.52689647501643,90.0,102.91379779086434
4.439999999999993,0.0,50.0,180.0,40.52689647501644,90.0,102.91379779086434,49.47310352498356,90.0,257.08620220913565
4.439999999999993,0.0,50.0,187.36249105369436,37.264462560833095,90.0,109.02227503993122,52.735537439166905,90.0,250.97772496006877
4.459999999999993,0.0,-50.0,184.97379774329795,38.34670176971135,90.0,106.99249470105313,128.34670176971136,90.0,121.99249470105313
4.459999999999993,0.0,-50.0,180.0,40.52689647501644,90.0,102.91379779086434,130.52689647501643,90.0,102.91379779086434
4.459999999999993,0.0,50.0,180.0,40.52689647501644,90.0,102.91379779086434,49.47310352498356,90.0,257.08620220913565
4.459999999999993,0.0,50.0,184.97379774329795,38.34670176971135,90.0,106.99249470105313,51.65329823028865,90.0,253.00750529894685
4.479999999999992,0.0,-50.0,182.50666467128704,39.43978353063113,90.0,104.945767486954,129.43978353063113,90.0,119.945767486954
4.479999999999992,0.0,-50.0,180.0,40.52689647501644,90.0,102.91379779086434,130.52689647501643,90.0,102.91379779086434
4.479999999999992,0.0,50.0,180.0,40.52689647501644,90.0,102.91379779086434,49.47310352498356,90.0,257.08620220913565
4.479999999999992,0.0,50.0,182.50666467128704,39.43978353063113,90.0,104.945767486954,50.56021646936887,90.0,255.054232513046
4.499999999999992,0.0,-50.0,180.000000000001,40.52689647501603,90.0,102.91379779086512,130.52689647501603,90.0,117.91379779086512
4.499999999999992,0.0,-50.0,180.0,40.52689647501644,90.0,102.91379779086434,130.52689647501643,90.0,102.91379779086434
4.499999999999992,0.0,50.0,180.0,40.52689647501644,90.0,102.91379779086434,49.47310352498356,90.0,257.08620220913565
4.499999999999992,0.0,50.0,180.000000000001,40.52689647501603,90.0,102.91379779086512,49.47310352498397,90.0,257.08620220913485
4.519999999999992,0.0,-50.0,180.0,40.52689647501644,90.0,102.91379779086434,130.52689647501643,90.0,117.91379779086434
4.519999999999992,-0.0,-50.0,182.50666467128502,39.43978353063201,90.0,104.94576748695233,129.439783530632,90.0,104.94576748695233
4.519999999999992,-0.0,50.0,182.50666467128502,39.43978353063201,90.0,104.94576748695233,50.56021646936799,90.0,255.05423251304768
4.519999999999992,0.0,50.0,180.0,40.52689647501644,90.0,102.91379779086434,49.47310352498356,90.0,257.08620220913565
4.539999999999991,0.0,-50.0,180.0,40.52689647501644,90.0,102.91379779086434,130.52689647501643,90.0,117.91379779086434
4.539999999999991,-0.0,-50.0,184.97379774329602,38.34670176971223,90.0,106.99249470105148,128.34670176971224,90.0,106.99249470105148
4.539999999999991,-0.0,50.0,184.97379774329602,38.34670176971223,90.0,106.99249470105148,51.65329823028777,90.0,253.0075052989485
4.539999999999991,0.0,50.0,180.0,40.52689647501644,90.0,102.91379779086434,49.47310352498356,90.0,257.08620220913565
4.559999999999991,0.0,-50.0,180.0,40.52689647501644,90.0,102.91379779086434,130.52689647501643,90.0,117.91379779086434
4.559999999999991,-0.0,-50.0,187.36249105369248,37.26446256083395,90.0,109.02227503992961,127.26446256083395,90.0,109.02227503992961
4.559999999999991,-0.0,50.0,187.36249105369248,37.26446256083395,90.0,109.02227503992961,52.73553743916605,90.0,250.9777249600704
4.559999999999991,0.0,50.0,180.0,40.52689647501644,90.0,102.91379779086434,49.47310352498356,90.0,257.08620220913565
4.57999999999999,0.0,-50.0,180.0,40.52689647501644,90.0,102.91379779086434,130.52689647501643,90.0,117.91379779086434
4.57999999999999,-0.0,-50.0,189.63507348203325,36.210913854304124,90.0,111.0012721431124,126.21091385430412,90.0,111.0012721431124
4.57999999999999,-0.0,50.0,189.63507348203325,36.210913854304124,90.0,111.0012721431124,53.789086145695876,90.0,248.9987278568876
4.57999999999999,0.0,50.0,180.0,40.52689647501644,90.0,102.91379779086434,49.47310352498356,90.0,257.08620220913565
4.59999999999999,0.0,-50.0,180.0,40.52689647501644,90.0,102.91379779086434,130.52689647501643,90.0,117.91379779086434
4.59999999999999,-0.0,-50.0,191.75570504584843,35.20478912675149,90.0,112.89382307579373,125.20478912675149,90.0,112.89382307579373
4.59999999999999,-0.0,50.0,191.75570504584843,35.20478912675149,90.0,112.89382307579373,54.79521087324851,90.0,247.10617692420627
4.59999999999999,0.0,50.0,180.0,40.52689647501644,90.0,102.91379779086434,49.47310352498356,90.0,257.08620220913565
4.6199999999999894,0.0,-50.0,180.0,40.52689647501644,90.0,102.91379779086434,130.52689647501643,90.0,117.91379779086434
4.6199999999999894,-0.0,-50.0,193.69094211857282,34.265448000445126,90.0,114.6629550997737,124.26544800044513,90.0,114.6629550997737
4.6199999999999894,-0.0,50.0,193.69094211857282,34.265448000445126,90.0,114.6629550997737,55.734551999554874,90.0,245.33704490022632
4.6199999999999894,0.0,50.0,180.0,40.52689647501644,90.0,102.91379779086434,49.47310352498356,90.0,257.08620220913565
4.639999999999989,0.0,-50.0,180.0,40.52689647501644,90.0,102.91379779086434,130.52689647501643,90.0,117.91379779086434
4.639999999999989,-0.0,-50.0,195.4102648555149,33.41247536588935,90.0,116.27117604786336,123.41247536588935,90.0,116.27117604786336
4.639999999999989,-0.0,50.0,195.4102648555149,33.41247536588935,90.0,116.27117604786336,56.58752463411065,90.0,243.72882395213662
4.639999999999989,0.0,50.0,180.0,40.52689647501644,90.0,102.91379779086434,49.47310352498356,90.0,257.08620220913565
4.659999999999989,0.0,-50.0,180.0,40.52689647501644,90.0,102.91379779086434,130.52689647501643,90.0,117.91379779086434
4.659999999999989,-0.0,-50.0,196.88655851003955,32.66511382968132,90.0,117.68158532761323,122.66511382968132,90.0,117.68158532761323
4.659999999999989,-0.0,50.0,196.88655851003955,32.66511382968132,90.0,117.68158532761323,57.33488617031868,90.0,242.31841467238678
4.659999999999989,0.0,50.0,180.0,40.52689647501644,90.0,102.91379779086434,49.47310352498356,90.0,257.08620220913565
4.679999999999988,0.0,-50.0,180.0,40.52689647501644,90.0,102.91379779086434,130.52689647501643,90.0,117.91379779086434
4.679999999999988,-0.0,-50.0,198.09654104931977,32.04152447419379,90.0,118.85931399794744,122.04152447419379,90.0,118.85931399794744
4.679999999999988,-0.0,50.0,198.09654104931977,32.04152447419379,90.0,118.85931399794744,57.95847552580621,90.0,241.14068600205258
4.679999999999988,0.0,50.0,180.0,40.52689647501644,90.0,102.91379779086434,49.47310352498356,90.0,257.08620220913565
4.699999999999988,0.0,-50.0,180.0,40.52689647501644,90.0,102.91379779086434,130.52689647501643,90.0,117.91379779086434
4.699999999999988,-0.0,-50.0,199.0211303259026,31.55790498144716,90.00000000000001,119.77323707536648,121.55790498144717,89.99999999999999,119.77323707536648
4.699999999999988,-0.0,50.0,199.0211303259026,31.55790498144716,90.00000000000001,119.77323707536648,58.44209501855284,90.00000000000001,240.22676292463353
4.699999999999988,0.0,50.0,180.0,40.52689647501644,90.0,102.91379779086434,49.47310352498356,90.0,257.08620220913565
4.719999999999987,0.0,-50.0,180.0,40.52689647501644,90.0,102.91379779086434,130.52689647501643,90.0,117.91379779086434
4.719999999999987,-0.0,-50.0,199.64574501457346,31.227538493871474,90.0,120.39781625095961,121.22753849387148,90.0,120.39781625095961
4.719999999999987,-0.0,50.0,199.64574501457346,31.227538493871474,90.0,120.39781625095961,58.77246150612852,90.0,239.6021837490404
4.719999999999987,0.0,50.0,180.0,40.52689647501644,90.0,102.91379779086434,49.47310352498356,90.0,257.08620220913565
4.739999999999987,0.0,-50.0,180.0,40.52689647501644,90.0,102.91379779086434,130.52689647501643,90.0,117.91379779086434
4.739999999999987,-0.0,-50.0,199.96053456856532,31.059889787850654,90.0,120.71484838764486,121.05988978785065,90.0,120.71484838764486
4.739999999999987,-0.0,50.0,199.96053456856532,31.059889787850654,90.0,120.71484838764486,58.94011021214935,90.0,239.28515161235515
4.739999999999987,0.0,50.0,180.0,40.52689647501644,90.0,102.91379779086434,49.47310352498356,90.0,257.08620220913565
4.7599999999999865,0.0,-50.0,180.0,40.52689647501644,90.0,102.91379779086434,130.52689647501643,90.0,117.91379779086434
4.7599999999999865,0.0,-50.0,199.96053456856555,31.059889787850533,90.0,120.71484838764509,121.05988978785054,90.0,120.71484838764509
4.7599999999999865,0.0,50.0,199.96053456856555,31.059889787850533,90.0,120.71484838764509,58.94011021214946,90.0,239.28515161235492
4.7599999999999865,0.0,50.0,180.0,40.52689647501644,90.0,102.91379779086434,49.47310352498356,90.0,257.08620220913565
4.779999999999986,0.0,-50.0,180.0,40.52689647501644,90.0,102.91379779086434,130.52689647501643,90.0,117.91379779086434
4.779999999999986,0.0,-50.0,199.64574501457412,31.227538493871126,90.0,120.39781625096028,121.22753849387112,90.0,120.39781625096028
4.779999999999986,0.0,50.0,199.64574501457412,31.227538493871126,90.0,120.39781625096028,58.77246150612888,90.0,239.60218374903974
4.779999999999986,0.0,50.0,180.0,40.52689647501644,90.0,102.91379779086434,49.47310352498356,90.0,257.08620220913565
4.799999999999986,0.0,-50.0,180.0,40.52689647501644,90.0,102.91379779086434,130.52689647501643,90.0,117.91379779086434
4.799999999999986,0.0,-50.0,199.02113032590364,31.557904981446605,90.0,119.77323707536752,121.5579049814466,90.0,119.77323707536752
4.799999999999986,0.0,50.0,199.02113032590364,31.557904981446605,90.0,119.77323707536752,58.442095018553395,90.0,240.22676292463248
4.799999999999986,0.0,50.0,180.0,40.52689647501644,90.0,102.91379779086434,49.47310352498356,90.0,257.08620220913565
4.819999999999985,0.0,-50.0,180.0,40.52689647501644,90.0,102.91379779086434,130.52689647501643,90.0,117.91379779086434
4.819999999999985,0.0,-50.0,198.0965410493212,32.04152447419306,90.0,118.85931399794885,122.04152447419307,90.0,118.85931399794885
4.819999999999985,0.0,50.0,198.0965410493212,32.04152447419306,90.0,118.85931399794885,57.95847552580694,90.0,241.14068600205115
4.819999999999985,0.0,50.0,180.0,40.52689647501644,90.0,102.91379779086434,49.47310352498356,90.0,257.08620220913565
4.839999999999985,0.0,-50.0,180.0,40.52689647501644,90.0,102.91379779086434,130.52689647501643,90.0,117.91379779086434
4.839999999999985,0.0,-50.0,196.8865585100413,32.66511382968041,90.00000000000001,117.68158532761494,122.66511382968041,89.99999999999999,117.68158532761494
4.839999999999985,0.0,50.0,196.8865585100413,32.66511382968041,90.00000000000001,117.68158532761494,57.33488617031959,90.00000000000001,242.31841467238507
4.839999999999985,0.0,50.0,180.0,40.52689647501644,90.0,102.91379779086434,49.47310352498356,90.0,257.08620220913565
4.859999999999984,0.0,-50.0,180.0,40.52689647501644,90.0,102.91379779086434,130.52689647501643,90.0,117.91379779086434
4.859999999999984,0.0,-50.0,195.41026485551703,33.41247536588828,90.00000000000001,116.2711760478654,123.41247536588827,89.99999999999999,116.2711760478654
4.859999999999984,0.0,50.0,195.41026485551703,33.41247536588828,90.00000000000001,116.2711760478654,56.58752463411172,90.00000000000001,243.7288239521346
4.859999999999984,0.0,50.0,180.0,40.52689647501644,90.0,102.91379779086434,49.47310352498356,90.0,257.08620220913565
4.879999999999984,0.0,-50.0,180.0,40.52689647501644,90.0,102.91379779086434,130.52689647501643,90.0,117.91379779086434
4.879999999999984,0.0,-50.0,193.69094211857524,34.265448000443946,90.0,114.66295509977593,124.26544800044394,90.0,114.66295509977593
4.879999999999984,0.0,50.0,193.69094211857524,34.265448000443946,90.0,114.66295509977593,55.734551999556054,90.0,245.33704490022407
4.879999999999984,0.0,50.0,180.0,40.52689647501644,90.0,102.91379779086434,49.47310352498356,90.0,257.08620220913565
4.8999999999999835,0.0,-50.0,180.0,40.52689647501644,90.0,102.91379779086434,130.52689647501643,90.0,117.91379779086434
4.8999999999999835,0.0,-50.0,191.75570504585116,35.20478912675019,90.0,112.89382307579619,125.2047891267502,90.0,112.89382307579619
4.8999999999999835,0.0,50.0,191.75570504585116,35.20478912675019,90.0,112.89382307579619,54.79521087324981,90.0,247.1061769242038
4.8999999999999835,0.0,50.0,180.0,40.52689647501644,90.0,102.91379779086434,49.47310352498356,90.0,257.08620220913565
4.919999999999983,0.0,-50.0,180.0,40.52689647501644,90.0,102.91379779086434,130.52689647501643,90.0,117.91379779086434
4.919999999999983,0.0,-50.0,189.63507348203618,36.21091385430274,90.0,111.00127214311499,126.21091385430273,90.0,111.00127214311499
4.919999999999983,0.0,50.0,189.63507348203618,36.21091385430274,90.0,111.00127214311499,53.78908614569726,90.0,248.998727856885
4.919999999999983,0.0,50.0,180.0,40.52689647501644,90.0,102.91379779086434,49.47310352498356,90.0,257.08620220913565
4.939999999999983,0.0,-50.0,180.0,40.52689647501644,90.0,102.91379779086434,130.52689647501643,90.0,117.91379779086434
4.939999999999983,0.0,-50.0,187.3624910536956,37.26446256083251,90.0,109.0222750399323,127.26446256083251,90.0,109.0222750399323
4.939999999999983,0.0,50.0,187.3624910536956,37.26446256083251,90.0,109.0222750399323,52.73553743916749,90.0,250.9777249600677
4.939999999999983,0.0,50.0,180.0,40.52689647501644,90.0,102.91379779086434,49.47310352498356,90.0,257.08620220913565
4.959999999999982,0.0,-50.0,180.0,40.52689647501644,90.0,102.91379779086434,130.52689647501643,90.0,117.91379779086434
4.959999999999982,0.0,-50.0,184.97379774329926,38.34670176971077,90.0,106.99249470105421,128.34670176971076,90.0,106.99249470105421
4.959999999999982,0.0,50.0,184.97379774329926,38.34670176971077,90.0,106.99249470105421,51.65329823028923,90.0,253.00750529894577
4.959999999999982,0.0,50.0,180.0,40.52689647501644,90.0,102.91379779086434,49.47310352498356,90.0,257.08620220913565
4.979999999999982,0.0,-50.0,180.0,40.52689647501644,90.0,102.91379779086434,130.52689647501643,90.0,117.91379779086434
4.979999999999982,0.0,-50.0,182.50666467128835,39.439783530630564,90.0,104.94576748695505,129.43978353063056,90.0,104.94576748695505
4.979999999999982,0.0,50.0,182.50666467128835,39.439783530630564,90.0,104.94576748695505,50.560216469369436,90.0,255.05423251304495
4.979999999999982,0.0,50.0,180.0,40.52689647501644,90.0,102.91379779086434,49.47310352498356,90.0,257.08620220913565
4.999999999999981,0.0,-50.0,180.0,40.52689647501644,90.0,102.91379779086434,130.52689647501643,90.0,117.91379779086434
4.999999999999981,0.0,-50.0,180.00000000000236,40.526896475015455,90.0,102.9137977908662,130.52689647501546,90.0,102.9137977908662
4.999999999999981,0.0,50.0,180.00000000000236,40.526896475015455,90.0,102.9137977908662,49.473103524984545,90.0,257.08620220913383
4.999999999999981,0.0,50.0,180.0,40.52689647501644,90.0,102.91379779086434,49.47310352498356,90.0,257.08620220913565
5.019999999999981,-0.0,-50.0,182.50666467128372,39.43978353063258,90.0,104.94576748695127,129.43978353063258,90.0,119.94576748695127
5.019999999999981,0.0,-50.0,180.0,40.52689647501644,90.0,102.91379779086434,130.52689647501643,90.0,102.91379779086434
5.019999999999981,0.0,50.0,180.0,40.52689647501644,90.0,102.91379779086434,49.47310352498356,90.0,257.08620220913565
5.019999999999981,-0.0,50.0,182.50666467128372,39.43978353063258,90.0,104.94576748695127,50.56021646936742,90.0,255.05423251304873
5.0399999999999805,-0.0,-50.0,184.9737977432947,38.3467017697128,90.0,106.99249470105039,128.3467017697128,90.0,121.99249470105039
5.0399999999999805,0.0,-50.0,180.0,40.52689647501644,90.0,102.91379779086434,130.52689647501643,90.0,102.91379779086434
5.0399999999999805,0.0,50.0,180.0,40.52689647501644,90.0,102.91379779086434,49.47310352498356,90.0,257.08620220913565
5.0399999999999805,-0.0,50.0,184.9737977432947,38.3467017697128,90.0,106.99249470105039,51.6532982302872,90.0,253.0075052989496
5.05999999999998,-0.0,-50.0,187.36249105369123,37.264462560834524,90.0,109.02227503992853,127.26446256083452,90.0,124.02227503992853
5.05999999999998,0.0,-50.0,180.0,40.52689647501644,90.0,102.91379779086434,130.52689647501643,90.0,102.91379779086434
5.05999999999998,0.0,50.0,180.0,40.52689647501644,90.0,102.91379779086434,49.47310352498356,90.0,257.08620220913565
5.05999999999998,-0.0,50.0,187.36249105369123,37.264462560834524,90.0,109.02227503992853,52.735537439165476,90.0,250.97772496007147
5.07999999999998,-0.0,-50.0,189.63507348203206,36.21091385430467,90.0,111.00127214311134,126.21091385430466,90.0,126.00127214311134
5.07999999999998,0.0,-50.0,180.0,40.52689647501644,90.0,102.91379779086434,130.52689647501643,90.0,102.91379779086434
5.07999999999998,0.0,50.0,180.0,40.52689647501644,90.0,102.91379779086434,49.47310352498356,90.0,257.08620220913565
5.07999999999998,-0.0,50.0,189.63507348203206,36.21091385430467,90.0,111.00127214311134,53.78908614569533,90.0,248.99872785688865
5.099999999999979,-0.0,-50.0,191.75570504584735,35.20478912675202,90.0,112.89382307579275,125.20478912675202,90.0,127.89382307579275
5.099999999999979,0.0,-50.0,180.0,40.52689647501644,90.0,102.91379779086434,130.52689647501643,90.0,102.91379779086434
5.099999999999979,0.0,50.0,180.0,40.52689647501644,90.0,102.91379779086434,49.47310352498356,90.0,257.08620220913565
5.099999999999979,-0.0,50.0,191.75570504584735,35.20478912675202,90.0,112.89382307579275,54.79521087324798,90.0,247.10617692420726
5.119999999999979,-0.0,-50.0,193.69094211857183,34.26544800044561,90.0,114.66295509977277,124.26544800044562,90.0,129.66295509977277
5.119999999999979,0.0,-50.0,180.0,40.52689647501644,90.0,102.91379779086434,130.52689647501643,90.0,102.91379779086434
5.119999999999979,0.0,50.0,180.0,40.52689647501644,90.0,102.91379779086434,49.47310352498356,90.0,257.08620220913565
5.119999999999979,-0.0,50.0,193.69094211857183,34.26544800044561,90.0,114.66295509977277,55.73455199955439,90.0,245.33704490022723
5.139999999999978,-0.0,-50.0,195.41026485551404,33.41247536588978,90.0,116.27117604786255,123.41247536588978,90.0,131.27117604786255
5.139999999999978,0.0,-50.0,180.0,40.52689647501644,90.0,102.91379779086434,130.52689647501643,90.0,102.91379779086434
5.139999999999978,0.0,50.0,180.0,40.52689647501644,90.0,102.91379779086434,49.47310352498356,90.0,257.08620220913565
5.139999999999978,-0.0,50.0,195.41026485551404,33.41247536588978,90.0,116.27117604786255,56.58752463411022,90.0,243.72882395213745
5.159999999999978,-0.0,-50.0,196.8865585100388,32.665113829681694,90.0,117.68158532761251,122.6651138296817,90.0,132.6815853276125
5.159999999999978,0.0,-50.0,180.0,40.52689647501644,90.0,102.91379779086434,130.52689647501643,90.0,102.91379779086434
5.159999999999978,0.0,50.0,180.0,40.52689647501644,90.0,102.91379779086434,49.47310352498356,90.0,257.08620220913565
5.159999999999978,-0.0,50.0,196.8865585100388,32.665113829681694,90.0,117.68158532761251,57.334886170318306,90.0,242.3184146723875
5.1799999999999775,-0.0,-50.0,198.09654104931917,32.041524474194105,90.0,118.85931399794686,122.0415244741941,90.0,133.85931399794686
5.1799999999999775,0.0,-50.0,180.0,40.52689647501644,90.0,102.91379779086434,130.52689647501643,90.0,102.91379779086434
5.1799999999999775,0.0,50.0,180.0,40.52689647501644,90.0,102.91379779086434,49.47310352498356,90.0,257.08620220913565
5.1799999999999775,-0.0,50.0,198.09654104931917,32.041524474194105,90.0,118.85931399794686,57.958475525805895,90.0,241.14068600205314
5.199999999999977,-0.0,-50.0,199.0211303259022,31.55790498144737,90.00000000000001,119.7732370753661,121.55790498144736,89.99999999999999,134.7732370753661
5.199999999999977,0.0,-50.0,180.0,40.52689647501644,90.0,102.91379779086434,130.52689647501643,90.0,102.91379779086434
5.199999999999977,0.0,50.0,180.0,40.52689647501644,90.0,102.91379779086434,49.47310352498356,90.0,257.08620220913565
5.199999999999977,-0.0,50.0,199.0211303259022,31.55790498144737,90.00000000000001,119.7732370753661,58.442095018552635,90.00000000000001,240.2267629246339
5.219999999999977,-0.0,-50.0,199.6457450145732,31.227538493871602,90.0,120.39781625095937,121.2275384938716,90.0,135.39781625095935
5.219999999999977,0.0,-50.0,180.0,40.52689647501644,90.0,102.91379779086434,130.52689647501643,90.0,102.91379779086434
5.219999999999977,0.0,50.0,180.0,40.52689647501644,90.0,102.91379779086434,49.47310352498356,90.0,257.08620220913565
5.219999999999977,-0.0,50.0,199.6457450145732,31.227538493871602,90.0,120.39781625095937,58.772461506128394,90.0,239.60218374904065
5.239999999999976,-0.0,-50.0,199.96053456856524,31.059889787850704,90.00000000000001,120.71484838764476,121.05988978785071,89.99999999999999,135.71484838764476
5.239999999999976,0.0,-50.0,180.0,40.52689647501644,90.0,102.91379779086434,130.52689647501643,90.0,102.91379779086434
5.239999999999976,0.0,50.0,180.0,40.52689647501644,90.0,102.91379779086434,49.47310352498356,90.0,257.08620220913565
5.239999999999976,-0.0,50.0,199.96053456856524,31.059889787850704,90.00000000000001,120.71484838764476,58.94011021214929,90.00000000000001,239.28515161235524
5.259999999999976,0.0,-50.0,199.9605345685656,31.0598897878505,90.0,120.71484838764515,121.0598897878505,90.0,135.71484838764513
5.259999999999976,0.0,-50.0,180.0,40.52689647501644,90.0,102.91379779086434,130.52689647501643,90.0,102.91379779086434
5.259999999999976,0.0,50.0,180.0,40.52689647501644,90.0,102.91379779086434,49.47310352498356,90.0,257.08620220913565
5.259999999999976,0.0,50.0,199.9605345685656,31.0598897878505,90.0,120.71484838764515,58.9401102121495,90.0,239.28515161235487
5.279999999999975,0.0,-50.0,199.64574501457435,31.227538493871,90.0,120.3978162509605,121.227538493871,90.0,135.3978162509605
5.279999999999975,0.0,-50.0,180.0,40.52689647501644,90.0,102.91379779086434,130.52689647501643,90.0,102.91379779086434
5.279999999999975,0.0,50.0,180.0,40.52689647501644,90.0,102.91379779086434,49.47310352498356,90.0,257.08620220913565
5.279999999999975,0.0,50.0,199.64574501457435,31.227538493871,90.0,120.3978162509605,58.772461506129005,90.0,239.6021837490395
5.299999999999975,0.0,-50.0,199.02113032590404,31.557904981446402,90.0,119.77323707536793,121.5579049814464,90.0,134.77323707536794
5.299999999999975,0.0,-50.0,180.0,40.52689647501644,90.0,102.91379779086434,130.52689647501643,90.0,102.91379779086434
5.299999999999975,0.0,50.0,180.0,40.52689647501644,90.0,102.91379779086434,49.47310352498356,90.0,257.08620220913565
5.299999999999975,0.0,50.0,199.02113032590404,31.557904981446402,90.0,119.77323707536793,58.4420950185536,90.0,240.22676292463206
5.3199999999999745,0.0,-50.0,198.09654104932176,32.041524474192755,90.0,118.8593139979494,122.04152447419276,90.0,133.8593139979494
5.3199999999999745,0.0,-50.0,180.0,40.52689647501644,90.0,102.91379779086434,130.52689647501643,90.0,102.91379779086434
5.3199999999999745,0.0,50.0,180.0,40.52689647501644,90.0,102.91379779086434,49.47310352498356,90.0,257.08620220913565
5.3199999999999745,0.0,50.0,198.09654104932176,32.041524474192755,90.0,118.8593139979494,57.958475525807245,90.0,241.1406860020506
5.339999999999974,0.0,-50.0,196.88655851004205,32.66511382968003,90.00000000000001,117.68158532761565,122.66511382968002,89.99999999999999,132.68158532761566
5.339999999999974,0.0,-50.0,180.0,40.52689647501644,90.0,102.91379779086434,130.52689647501643,90.0,102.91379779086434
5.339999999999974,0.0,50.0,180.0,40.52689647501644,90.0,102.91379779086434,49.47310352498356,90.0,257.08620220913565
5.339999999999974,0.0,50.0,196.88655851004205,32.66511382968003,90.00000000000001,117.68158532761565,57.33488617031997,90.00000000000001,242.31841467238434
5.359999999999974,0.0,-50.0,195.4102648555179,33.41247536588784,90.0,116.27117604786622,123.41247536588784,90.0,131.27117604786622
5.359999999999974,0.0,-50.0,180.0,40.52689647501644,90.0,102.91379779086434,130.52689647501643,90.0,102.91379779086434
5.359999999999974,0.0,50.0,180.0,40.52689647501644,90.0,102.91379779086434,49.47310352498356,90.0,257.08620220913565
5.359999999999974,0.0,50.0,195.4102648555179,33.41247536588784,90.0,116.27117604786622,56.58752463411216,90.0,243.72882395213378
5.379999999999973,0.0,-50.0,193.69094211857623,34.26544800044345,90.0,114.66295509977685,124.26544800044346,90.0,129.66295509977687
5.379999999999973,0.0,-50.0,180.0,40.52689647501644,90.0,102.91379779086434,130.52689647501643,90.0,102.91379779086434
5.379999999999973,0.0,50.0,180.0,40.52689647501644,90.0,102.91379779086434,49.47310352498356,90.0,257.08620220913565
5.379999999999973,0.0,50.0,193.69094211857623,34.26544800044345,90.0,114.66295509977685,55.73455199955655,90.0,245.33704490022313
5.399999999999973,0.0,-50.0,191.75570504585224,35.20478912674967,90.0,112.89382307579717,125.20478912674966,90.0,127.89382307579717
5.399999999999973,0.0,-50.0,180.0,40.52689647501644,90.0,102.91379779086434,130.52689647501643,90.0,102.91379779086434
5.399999999999973,0.0,50.0,180.0,40.52689647501644,90.0,102.91379779086434,49.47310352498356,90.0,257.08620220913565
5.399999999999973,0.0,50.0,191.75570504585224,35.20478912674967,90.0,112.89382307579717,54.79521087325033,90.0,247.10617692420283
5.419999999999972,0.0,-50.0,189.63507348203734,36.21091385430219,90.0,111.001272143116,126.21091385430219,90.0,126.001272143116
5.419999999999972,0.0,-50.0,180.0,40.52689647501644,90.0,102.91379779086434,130.52689647501643,90.0,102.91379779086434
5.419999999999972,0.0,50.0,180.0,40.52689647501644,90.0,102.91379779086434,49.47310352498356,90.0,257.08620220913565
5.419999999999972,0.0,50.0,189.63507348203734,36.21091385430219,90.0,111.001272143116,53.78908614569781,90.0,248.998727856884
5.439999999999972,0.0,-50.0,187.36249105369683,37.26446256083196,90.0,109.02227503993333,127.26446256083196,90.0,124.02227503993333
5.439999999999972,0.0,-50.0,180.0,40.52689647501644,90.0,102.91379779086434,130.52689647501643,90.0,102.91379779086434
5.439999999999972,0.0,50.0,180.0,40.52689647501644,90.0,102.91379779086434,49.47310352498356,90.0,257.08620220913565
5.439999999999972,0.0,50.0,187.36249105369683,37.26446256083196,90.0,109.02227503993333,52.73553743916804,90.0,250.97772496006667
5.4599999999999715,0.0,-50.0,184.97379774330057,38.34670176971018,90.0,106.9924947010553,128.3467017697102,90.0,121.9924947010553
5.4599999999999715,0.0,-50.0,180.0,40.52689647501644,90.0,102.91379779086434,130.52689647501643,90.0,102.91379779086434
5.4599999999999715,0.0,50.0,180.0,40.52689647501644,90.0,102.91379779086434,49.47310352498356,90.0,257.08620220913565
5.4599999999999715,0.0,50.0,184.97379774330057,38.34670176971018,90.0,106.9924947010553,51.65329823028982,90.0,253.0075052989447
5.479999999999971,0.0,-50.0,182.50666467128968,39.439783530629974,90.0,104.94576748695616,129.43978353062997,90.0,119.94576748695616
5.479999999999971,0.0,-50.0,180.0,40.52689647501644,90.0,102.91379779086434,130.52689647501643,90.0,102.91379779086434
5.479999999999971,0.0,50.0,180.0,40.52689647501644,90.0,102.91379779086434,49.47310352498356,90.0,257.08620220913565
5.479999999999971,0.0,50.0,182.50666467128968,39.439783530629974,90.0,104.94576748695616,50.560216469370026,90.0,255.05423251304384
5.499999999999971,0.0,-50.0,180.0000000000037,40.526896475014865,90.0,102.91379779086729,130.52689647501487,90.0,117.91379779086729
5.499999999999971,0.0,-50.0,180.0,40.52689647501644,90.0,102.91379779086434,130.52689647501643,90.0,102.91379779086434
5.499999999999971,0.0,50.0,180.0,40.52689647501644,90.0,102.91379779086434,49.47310352498356,90.0,257.08620220913565
5.499999999999971,0.0,50.0,180.0000000000037,40.526896475014865,90.0,102.91379779086729,49.473103524985135,90.0,257.0862022091327
5.51999999999997,0.0,-50.0,180.0,40.52689647501644,90.0,102.91379779086434,130.52689647501643,90.0,117.91379779086434
5.51999999999997,-0.0,-50.0,182.50666467128238,39.439783530633164,90.0,104.94576748695016,129.43978353063318,90.0,104.94576748695016
5.51999999999997,-0.0,50.0,182.50666467128238,39.439783530633164,90.0,104.94576748695016,50.560216469366836,90.0,255.05423251304984
5.51999999999997,0.0,50.0,180.0,40.52689647501644,90.0,102.91379779086434,49.47310352498356,90.0,257.08620220913565
5.53999999999997,0.0,-50.0,180.0,40.52689647501644,90.0,102.91379779086434,130.52689647501643,90.0,117.91379779086434
5.53999999999997,-0.0,-50.0,184.97379774329343,38.346701769713384,90.0,106.99249470104932,128.34670176971338,90.0,106.99249470104932
5.53999999999997,-0.0,50.0,184.97379774329343,38.346701769713384,90.0,106.99249470104932,51.653298230286616,90.0,253.00750529895066
5.53999999999997,0.0,50.0,180.0,40.52689647501644,90.0,102.91379779086434,49.47310352498356,90.0,257.08620220913565
5.559999999999969,0.0,-50.0,180.0,40.52689647501644,90.0,102.91379779086434,130.52689647501643,90.0,117.91379779086434
5.559999999999969,-0.0,-50.0,187.36249105368998,37.2644625608351,90.0,109.02227503992746,127.2644625608351,90.0,109.02227503992746
5.559999999999969,-0.0,50.0,187.36249105368998,37.2644625608351,90.0,109.02227503992746,52.7355374391649,90.0,250.97772496007252
5.559999999999969,0.0,50.0,180.0,40.52689647501644,90.0,102.91379779086434,49.47310352498356,90.0,257.08620220913565
5.579999999999969,0.0,-50.0,180.0,40.52689647501644,90.0,102.91379779086434,130.52689647501643,90.0,117.91379779086434
5.579999999999969,-0.0,-50.0,189.6350734820309,36.21091385430522,90.0,111.00127214311031,126.21091385430522,90.0,111.00127214311031
5.579999999999969,-0.0,50.0,189.6350734820309,36.21091385430522,90.0,111.00127214311031,53.78908614569478,90.0,248.99872785688967
5.579999999999969,0.0,50.0,180.0,40.52689647501644,90.0,102.91379779086434,49.47310352498356,90.0,257.08620220913565
5.599999999999969,0.0,-50.0,180.0,40.52689647501644,90.0,102.91379779086434,130.52689647501643,90.0,117.91379779086434
5.599999999999969,-0.0,-50.0,191.75570504584627,35.20478912675254,90.0,112.89382307579177,125.20478912675253,90.0,112.89382307579177
5.599999999999969,-0.0,50.0,191.75570504584627,35.20478912675254,90.0,112.89382307579177,54.79521087324746,90.0,247.10617692420823
5.599999999999969,0.0,50.0,180.0,40.52689647501644,90.0,102.91379779086434,49.47310352498356,90.0,257.08620220913565
5.619999999999968,0.0,-50.0,180.0,40.52689647501644,90.0,102.91379779086434,130.52689647501643,90.0,117.91379779086434
5.619999999999968,-0.0,-50.0,193.69094211857086,34.265448000446085,90.0,114.66295509977189,124.26544800044609,90.0,114.66295509977189
5.619999999999968,-0.0,50.0,193.69094211857086,34.265448000446085,90.0,114.66295509977189,55.734551999553915,90.0,245.3370449002281
5.619999999999968,0.0,50.0,180.0,40.52689647501644,90.0,102.91379779086434,49.47310352498356,90.0,257.08620220913565
5.639999999999968,0.0,-50.0,180.0,40.52689647501644,90.0,102.91379779086434,130.52689647501643,90.0,117.91379779086434
5.639999999999968,-0.0,-50.0,195.4102648555132,33.4124753658902,90.0,116.27117604786176,123.4124753658902,90.0,116.27117604786176
5.639999999999968,-0.0,50.0,195.4102648555132,33.4124753658902,90.0,116.27117604786176,56.5875246341098,90.0,243.72882395213824
5.639999999999968,0.0,50.0,180.0,40.52689647501644,90.0,102.91379779086434,49.47310352498356,90.0,257.08620220913565
5.659999999999967,0.0,-50.0,180.0,40.52689647501644,90.0,102.91379779086434,130.52689647501643,90.0,117.91379779086434
5.659999999999967,-0.0,-50.0,196.8865585100381,32.665113829682056,90.0,117.68158532761183,122.66511382968206,90.0,117.68158532761183
5.659999999999967,-0.0,50.0,196.8865585100381,32.665113829682056,90.0,117.68158532761183,57.334886170317944,90.0,242.31841467238817
5.659999999999967,0.0,50.0,180.0,40.52689647501644,90.0,102.91379779086434,49.47310352498356,90.0,257.08620220913565
5.679999999999967,0.0,-50.0,180.0,40.52689647501644,90.0,102.91379779086434,130.52689647501643,90.0,117.91379779086434
5.679999999999967,-0.0,-50.0,198.0965410493186,32.0415244741944,90.0,118.8593139979463,122.0415244741944,90.0,118.8593139979463
5.679999999999967,-0.0,50.0,198.0965410493186,32.0415244741944,90.0,118.8593139979463,57.9584755258056,90.0,241.1406860020537
5.679999999999967,0.0,50.0,180.0,40.52689647501644,90.0,102.91379779086434,49.47310352498356,90.0,257.08620220913565
5.699999999999966,0.0,-50.0,180.0,40.52689647501644,90.0,102.91379779086434,130.52689647501643,90.0,117.91379779086434
5.699999999999966,-0.0,-50.0,199.02113032590177,31.55790498144759,90.0,119.77323707536567,121.55790498144759,90.0,119.77323707536567
5.699999999999966,-0.0,50.0,199.02113032590177,31.55790498144759,90.0,119.77323707536567,58.44209501855241,90.0,240.22676292463433
5.699999999999966,0.0,50.0,180.0,40.52689647501644,90.0,102.91379779086434,49.47310352498356,90.0,257.08620220913565
5.719999999999966,0.0,-50.0,180.0,40.52689647501644,90.0,102.91379779086434,130.52689647501643,90.0,117.91379779086434
5.719999999999966,-0.0,-50.0,199.64574501457298,31.227538493871716,90.00000000000001,120.39781625095915,121.22753849387172,89.99999999999999,120.39781625095915
5.719999999999966,-0.0,50.0,199.64574501457298,31.227538493871716,90.00000000000001,120.39781625095915,58.77246150612828,90.00000000000001,239.60218374904085
5.719999999999966,0.0,50.0,180.0,40.52689647501644,90.0,102.91379779086434,49.47310352498356,90.0,257.08620220913565
5.739999999999966,0.0,-50.0,180.0,40.52689647501644,90.0,102.91379779086434,130.52689647501643,90.0,117.91379779086434
5.739999999999966,-0.0,-50.0,199.96053456856515,31.05988978785075,90.0,120.7148483876447,121.05988978785075,90.0,120.7148483876447
5.739999999999966,-0.0,50.0,199.96053456856515,31.05988978785075,90.0,120.7148483876447,58.94011021214925,90.0,239.28515161235532
5.739999999999966,0.0,50.0,180.0,40.52689647501644,90.0,102.91379779086434,49.47310352498356,90.0,257.08620220913565
5.759999999999965,0.0,-50.0,180.0,40.52689647501644,90.0,102.91379779086434,130.52689647501643,90.0,117.91379779086434
5.759999999999965,0.0,-50.0,199.96053456856572,31.059889787850437,90.0,120.71484838764528,121.05988978785044,90.0,120.71484838764528
5.759999999999965,0.0,50.0,199.96053456856572,31.059889787850437,90.0,120.71484838764528,58.94011021214956,90.0,239.28515161235472
5.759999999999965,0.0,50.0,180.0,40.52689647501644,90.0,102.91379779086434,49.47310352498356,90.0,257.08620220913565
5.779999999999965,0.0,-50.0,180.0,40.52689647501644,90.0,102.91379779086434,130.52689647501643,90.0,117.91379779086434
5.779999999999965,0.0,-50.0,199.6457450145746,31.22753849387086,90.0,120.39781625096079,121.22753849387087,90.0,120.39781625096079
5.779999999999965,0.0,50.0,199.6457450145746,31.22753849387086,90.0,120.39781625096079,58.77246150612914,90.0,239.60218374903923
5.779999999999965,0.0,50.0,180.0,40.52689647501644,90.0,102.91379779086434,49.47310352498356,90.0,257.08620220913565
5.799999999999964,0.0,-50.0,180.0,40.52689647501644,90.0,102.91379779086434,130.52689647501643,90.0,117.91379779086434
5.799999999999964,0.0,-50.0,199.02113032590447,31.55790498144617,90.00000000000001,119.77323707536834,121.55790498144617,89.99999999999999,119.77323707536834
5.799999999999964,0.0,50.0,199.02113032590447,31.55790498144617,90.00000000000001,119.77323707536834,58.44209501855383,90.00000000000001,240.22676292463166
5.799999999999964,0.0,50.0,180.0,40.52689647501644,90.0,102.91379779086434,49.47310352498356,90.0,257.08620220913565
5.819999999999964,0.0,-50.0,180.0,40.52689647501644,90.0,102.91379779086434,130.52689647501643,90.0,117.91379779086434
5.819999999999964,0.0,-50.0,198.09654104932233,32.04152447419246,90.0,118.85931399794997,122.04152447419246,90.0,118.85931399794997
5.819999999999964,0.0,50.0,198.09654104932233,32.04152447419246,90.0,118.85931399794997,57.95847552580754,90.0,241.14068600205002
5.819999999999964,0.0,50.0,180.0,40.52689647501644,90.0,102.91379779086434,49.47310352498356,90.0,257.08620220913565
5.839999999999963,0.0,-50.0,180.0,40.52689647501644,90.0,102.91379779086434,130.52689647501643,90.0,117.91379779086434
5.839999999999963,0.0,-50.0,196.88655851004276,32.66511382967967,90.00000000000001,117.68158532761633,122.66511382967967,89.99999999999999,117.68158532761633
5.839999999999963,0.0,50.0,196.88655851004276,32.66511382967967,90.00000000000001,117.68158532761633,57.33488617032033,90.00000000000001,242.31841467238365
5.839999999999963,0.0,50.0,180.0,40.52689647501644,90.0,102.91379779086434,49.47310352498356,90.0,257.08620220913565
5.859999999999963,0.0,-50.0,180.0,40.52689647501644,90.0,102.91379779086434,130.52689647501643,90.0,117.91379779086434
5.859999999999963,0.0,-50.0,195.41026485551873,33.412475365887424,90.0,116.271176047867,123.41247536588742,90.0,116.271176047867
5.859999999999963,0.0,50.0,195.41026485551873,33.412475365887424,90.0,116.271176047867,56.587524634112576,90.0,243.72882395213298
5.859999999999963,0.0,50.0,180.0,40.52689647501644,90.0,102.91379779086434,49.47310352498356,90.0,257.08620220913565
5.879999999999963,0.0,-50.0,180.0,40.52689647501644,90.0,102.91379779086434,130.52689647501643,90.0,117.91379779086434
5.879999999999963,0.0,-50.0,193.6909421185772,34.26544800044299,90.0,114.66295509977773,124.26544800044299,90.0,114.66295509977773
5.879999999999963,0.0,50.0,193.6909421185772,34.26544800044299,90.0,114.66295509977773,55.73455199955701,90.0,245.33704490022228
5.879999999999963,0.0,50.0,180.0,40.52689647501644,90.0,102.91379779086434,49.47310352498356,90.0,257.08620220913565
5.899999999999962,0.0,-50.0,180.0,40.52689647501644,90.0,102.91379779086434,130.52689647501643,90.0,117.91379779086434
5.899999999999962,0.0,-50.0,191.75570504585332,35.20478912674915,90.0,112.89382307579815,125.20478912674915,90.0,112.89382307579815
5.899999999999962,0.0,50.0,191.75570504585332,35.20478912674915,90.0,112.89382307579815,54.79521087325085,90.0,247.10617692420186
5.899999999999962,0.0,50.0,180.0,40.52689647501644,90.0,102.91379779086434,49.47310352498356,90.0,257.08620220913565
5.919999999999962,0.0,-50.0,180.0,40.52689647501644,90.0,102.91379779086434,130.52689647501643,90.0,117.91379779086434
5.919999999999962,0.0,-50.0,189.63507348203854,36.21091385430163,90.0,111.00127214311706,126.21091385430162,90.0,111.00127214311706
5.919999999999962,0.0,50.0,189.63507348203854,36.21091385430163,90.0,111.00127214311706,53.78908614569837,90.0,248.99872785688294
5.919999999999962,0.0,50.0,180.0,40.52689647501644,90.0,102.91379779086434,49.47310352498356,90.0,257.08620220913565
5.939999999999961,0.0,-50.0,180.0,40.52689647501644,90.0,102.91379779086434,130.52689647501643,90.0,117.91379779086434
5.939999999999961,0.0,-50.0,187.36249105369808,37.26446256083139,90.0,109.02227503993443,127.26446256083139,90.0,109.02227503993443
5.939999999999961,0.0,50.0,187.36249105369808,37.26446256083139,90.0,109.02227503993443,52.73553743916861,90.0,250.9777249600656
5.939999999999961,0.0,50.0,180.0,40.52689647501644,90.0,102.91379779086434,49.47310352498356,90.0,257.08620220913565
5.959999999999961,0.0,-50.0,180.0,40.52689647501644,90.0,102.91379779086434,130.52689647501643,90.0,117.91379779086434
5.959999999999961,0.0,-50.0,184.97379774330187,38.346701769709604,90.0,106.99249470105642,128.3467017697096,90.0,106.99249470105642
5.959999999999961,0.0,50.0,184.97379774330187,38.346701769709604,90.0,106.99249470105642,51.653298230290396,90.0,253.00750529894358
5.959999999999961,0.0,50.0,180.0,40.52689647501644,90.0,102.91379779086434,49.47310352498356,90.0,257.08620220913565
5.9799999999999605,0.0,-50.0,180.0,40.52689647501644,90.0,102.91379779086434,130.52689647501643,90.0,117.91379779086434
5.9799999999999605,0.0,-50.0,182.50666467129102,39.43978353062939,90.0,104.94576748695725,129.4397835306294,90.0,104.94576748695725
5.9799999999999605,0.0,50.0,182.50666467129102,39.43978353062939,90.0,104.94576748695725,50.56021646937061,90.0,255.05423251304273
5.9799999999999605,0.0,50.0,180.0,40.52689647501644,90.0,102.91379779086434,49.47310352498356,90.0,257.08620220913565
5.99999999999996,0.0,-50.0,180.0,40.52689647501644,90.0,102.91379779086434,130.52689647501643,90.0,117.91379779086434
5.99999999999996,0.0,-50.0,180.00000000000503,40.52689647501429,90.0,102.91379779086837,130.5268964750143,90.0,102.91379779086837
5.99999999999996,0.0,50.0,180.00000000000503,40.52689647501429,90.0,102.91379779086837,49.47310352498571,90.0,257.0862022091316
5.99999999999996,0.0,50.0,180.0,40.52689647501644,90.0,102.91379779086434,49.47310352498356,90.0,257.08620220913565
6.01999999999996,-0.0,-50.0,182.50666467128104,39.43978353063376,90.0,104.94576748694907,129.43978353063375,90.0,119.94576748694907
6.01999999999996,0.0,-50.0,180.0,40.52689647501644,90.0,102.91379779086434,130.52689647501643,90.0,102.91379779086434
6.01999999999996,0.0,50.0,180.0,40.52689647501644,90.0,102.91379779086434,49.47310352498356,90.0,257.08620220913565
6.01999999999996,-0.0,50.0,182.50666467128104,39.43978353063376,90.0,104.94576748694907,50.56021646936624,90.0,255.05423251305092
6.039999999999959,-0.0,-50.0,184.97379774329212,38.34670176971397,90.0,106.99249470104822,128.34670176971397,90.0,121.99249470104822
6.039999999999959,0.0,-50.0,180.0,40.52689647501644,90.0,102.91379779086434,130.52689647501643,90.0,102.91379779086434
6.039999999999959,0.0,50.0,180.0,40.52689647501644,90.0,102.91379779086434,49.47310352498356,90.0,257.08620220913565
6.039999999999959,-0.0,50.0,184.97379774329212,38.34670176971397,90.0,106.99249470104822,51.65329823028603,90.0,253.0075052989518
6.059999999999959,-0.0,-50.0,187.36249105368873,37.264462560835675,90.0,109.02227503992637,127.26446256083568,90.0,124.02227503992637
6.059999999999959,0.0,-50.0,180.0,40.52689647501644,90.0,102.91379779086434,130.52689647501643,90.0,102.91379779086434
6.059999999999959,0.0,50.0,180.0,40.52689647501644,90.0,102.91379779086434,49.47310352498356,90.0,257.08620220913565
6.059999999999959,-0.0,50.0,187.36249105368873,37.264462560835675,90.0,109.02227503992637,52.735537439164325,90.0,250.97772496007363
6.079999999999958,-0.0,-50.0,189.63507348202972,36.210913854305765,90.0,111.00127214310928,126.21091385430577,90.0,126.00127214310928
6.079999999999958,0.0,-50.0,180.0,40.52689647501644,90.0,102.91379779086434,130.52689647501643,90.0,102.91379779086434
6.079999999999958,0.0,50.0,180.0,40.52689647501644,90.0,102.91379779086434,49.47310352498356,90.0,257.08620220913565
6.079999999999958,-0.0,50.0,189.63507348202972,36.210913854305765,90.0,111.00127214310928,53.789086145694235,90.0,248.99872785689072
6.099999999999958,-0.0,-50.0,191.7557050458452,35.204789126753056,90.0,112.8938230757908,125.20478912675306,90.0,127.8938230757908
6.099999999999958,0.0,-50.0,180.0,40.52689647501644,90.0,102.91379779086434,130.52689647501643,90.0,102.91379779086434
6.099999999999958,0.0,50.0,180.0,40.52689647501644,90.0,102.91379779086434,49.47310352498356,90.0,257.08620220913565
6.099999999999958,-0.0,50.0,191.7557050458452,35.204789126753056,90.0,112.8938230757908,54.795210873246944,90.0,247.1061769242092
6.1199999999999575,-0.0,-50.0,193.69094211856986,34.265448000446575,90.0,114.66295509977097,124.26544800044658,90.0,129.66295509977095
6.1199999999999575,0.0,-50.0,180.0,40.52689647501644,90.0,102.91379779086434,130.52689647501643,90.0,102.91379779086434
6.1199999999999575,0.0,50.0,180.0,40.52689647501644,90.0,102.91379779086434,49.47310352498356,90.0,257.08620220913565
6.1199999999999575,-0.0,50.0,193.69094211856986,34.265448000446575,90.0,114.66295509977097,55.734551999553425,90.0,245.33704490022905
6.139999999999957,-0.0,-50.0,195.41026485551234,33.41247536589064,90.0,116.27117604786095,123.41247536589064,90.0,131.27117604786093
6.139999999999957,0.0,-50.0,180.0,40.52689647501644,90.0,102.91379779086434,130.52689647501643,90.0,102.91379779086434
6.139999999999957,0.0,50.0,180.0,40.52689647501644,90.0,102.91379779086434,49.47310352498356,90.0,257.08620220913565
6.139999999999957,-0.0,50.0,195.41026485551234,33.41247536589064,90.0,116.27117604786095,56.58752463410936,90.0,243.72882395213907
6.159999999999957,-0.0,-50.0,196.8865585100374,32.66511382968242,90.0,117.68158532761115,122.66511382968241,90.0,132.68158532761115
6.159999999999957,0.0,-50.0,180.0,40.52689647501644,90.0,102.91379779086434,130.52689647501643,90.0,102.91379779086434
6.159999999999957,0.0,50.0,180.0,40.52689647501644,90.0,102.91379779086434,49.47310352498356,90.0,257.08620220913565
6.159999999999957,-0.0,50.0,196.8865585100374,32.66511382968242,90.0,117.68158532761115,57.33488617031758,90.0,242.31841467238885
6.179999999999956,-0.0,-50.0,198.09654104931803,32.041524474194695,90.0,118.85931399794573,122.04152447419469,90.0,133.85931399794572
6.179999999999956,0.0,-50.0,180.0,40.52689647501644,90.0,102.91379779086434,130.52689647501643,90.0,102.91379779086434
6.179999999999956,0.0,50.0,180.0,40.52689647501644,90.0,102.91379779086434,49.47310352498356,90.0,257.08620220913565
6.179999999999956,-0.0,50.0,198.09654104931803,32.041524474194695,90.0,118.85931399794573,57.958475525805305,90.0,241.14068600205428
6.199999999999956,-0.0,-50.0,199.02113032590137,31.557904981447805,90.0,119.77323707536526,121.5579049814478,90.0,134.77323707536527
6.199999999999956,0.0,-50.0,180.0,40.52689647501644,90.0,102.91379779086434,130.52689647501643,90.0,102.91379779086434
6.199999999999956,0.0,50.0,180.0,40.52689647501644,90.0,102.91379779086434,49.47310352498356,90.0,257.08620220913565
6.199999999999956,-0.0,50.0,199.02113032590137,31.557904981447805,90.0,119.77323707536526,58.442095018552195,90.0,240.22676292463473
6.219999999999955,-0.0,-50.0,199.64574501457273,31.22753849387187,90.0,120.39781625095887,121.22753849387186,90.0,135.39781625095887
6.219999999999955,0.0,-50.0,180.0,40.52689647501644,90.0,102.91379779086434,130.52689647501643,90.0,102.91379779086434
6.219999999999955,0.0,50.0,180.0,40.52689647501644,90.0,102.91379779086434,49.47310352498356,90.0,257.08620220913565
6.219999999999955,-0.0,50.0,199.64574501457273,31.22753849387187,90.0,120.39781625095887,58.77246150612813,90.0,239.60218374904113
6.239999999999955,-0.0,-50.0,199.96053456856507,31.059889787850786,90.00000000000001,120.71484838764461,121.05988978785078,89.99999999999999,135.71484838764462
6.239999999999955,0.0,-50.0,180.0,40.52689647501644,90.0,102.91379779086434,130.52689647501643,90.0,102.91379779086434
6.239999999999955,0.0,50.0,180.0,40.52689647501644,90.0,102.91379779086434,49.47310352498356,90.0,257.08620220913565
6.239999999999955,-0.0,50.0,199.96053456856507,31.059889787850786,90.00000000000001,120.71484838764461,58.940110212149214,90.00000000000001,239.28515161235538
6.2599999999999545,0.0,-50.0,199.96053456856578,31.059889787850405,90.0,120.71484838764532,121.05988978785041,90.0,135.7148483876453
6.2599999999999545,0.0,-50.0,180.0,40.52689647501644,90.0,102.91379779086434,130.52689647501643,90.0,102.91379779086434
6.2599999999999545,0.0,50.0,180.0,40.52689647501644,90.0,102.91379779086434,49.47310352498356,90.0,257.08620220913565
6.2599999999999545,0.0,50.0,199.96053456856578,31.059889787850405,90.0,120.71484838764532,58.94011021214959,90.0,239.2851516123547
6.279999999999954,0.0,-50.0,199.64574501457486,31.22753849387074,90.00000000000001,120.39781625096101,121.22753849387074,89.99999999999999,135.397816250961
6.279999999999954,0.0,-50.0,180.0,40.52689647501644,90.0,102.91379779086434,130.52689647501643,90.0,102.91379779086434
6.279999999999954,0.0,50.0,180.0,40.52689647501644,90.0,102.91379779086434,49.47310352498356,90.0,257.08620220913565
6.279999999999954,0.0,50.0,199.64574501457486,31.22753849387074,90.00000000000001,120.39781625096101,58.77246150612926,90.00000000000001,239.602183749039
6.299999999999954,0.0,-50.0,199.02113032590486,31.55790498144597,90.0,119.77323707536874,121.55790498144597,90.0,134.77323707536874
6.299999999999954,0.0,-50.0,180.0,40.52689647501644,90.0,102.91379779086434,130.52689647501643,90.0,102.91379779086434
6.299999999999954,0.0,50.0,180.0,40.52689647501644,90.0,102.91379779086434,49.47310352498356,90.0,257.08620220913565
6.299999999999954,0.0,50.0,199.02113032590486,31.55790498144597,90.0,119.77323707536874,58.44209501855403,90.0,240.22676292463126
6.319999999999953,0.0,-50.0,198.0965410493229,32.04152447419216,90.0,118.85931399795052,122.04152447419216,90.0,133.85931399795052
6.319999999999953,0.0,-50.0,180.0,40.52689647501644,90.0,102.91379779086434,130.52689647501643,90.0,102.91379779086434
6.319999999999953,0.0,50.0,180.0,40.52689647501644,90.0,102.91379779086434,49.47310352498356,90.0,257.08620220913565
6.319999999999953,0.0,50.0,198.0965410493229,32.04152447419216,90.0,118.85931399795052,57.95847552580784,90.0,241.14068600204948
6.339999999999953,0.0,-50.0,196.88655851004347,32.665113829679306,90.0,117.68158532761701,122.66511382967931,90.0,132.68158532761703
6.339999999999953,0.0,-50.0,180.0,40.52689647501644,90.0,102.91379779086434,130.52689647501643,90.0,102.91379779086434
6.339999999999953,0.0,50.0,180.0,40.52689647501644,90.0,102.91379779086434,49.47310352498356,90.0,257.08620220913565
6.339999999999953,0.0,50.0,196.88655851004347,32.665113829679306,90.0,117.68158532761701,57.334886170320694,90.0,242.31841467238297
6.359999999999952,0.0,-50.0,195.41026485551959,33.412475365887,90.0,116.2711760478678,123.41247536588699,90.0,131.2711760478678
6.359999999999952,0.0,-50.0,180.0,40.52689647501644,90.0,102.91379779086434,130.52689647501643,90.0,102.91379779086434
6.359999999999952,0.0,50.0,180.0,40.52689647501644,90.0,102.91379779086434,49.47310352498356,90.0,257.08620220913565
6.359999999999952,0.0,50.0,195.41026485551959,33.412475365887,90.0,116.2711760478678,56.587524634113,90.0,243.7288239521322
6.379999999999952,0.0,-50.0,193.6909421185782,34.2654480004425,90.0,114.66295509977866,124.26544800044249,90.0,129.66295509977866
6.379999999999952,0.0,-50.0,180.0,40.52689647501644,90.0,102.91379779086434,130.52689647501643,90.0,102.91379779086434
6.379999999999952,0.0,50.0,180.0,40.52689647501644,90.0,102.91379779086434,49.47310352498356,90.0,257.08620220913565
6.379999999999952,0.0,50.0,193.6909421185782,34.2654480004425,90.0,114.66295509977866,55.7345519995575,90.0,245.33704490022134
6.3999999999999515,0.0,-50.0,191.7557050458544,35.20478912674863,90.0,112.89382307579912,125.20478912674864,90.0,127.89382307579912
6.3999999999999515,0.0,-50.0,180.0,40.52689647501644,90.0,102.91379779086434,130.52689647501643,90.0,102.91379779086434
6.3999999999999515,0.0,50.0,180.0,40.52689647501644,90.0,102.91379779086434,49.47310352498356,90.0,257.08620220913565
6.3999999999999515,0.0,50.0,191.7557050458544,35.20478912674863,90.0,112.89382307579912,54.79521087325137,90.0,247.1061769242009
6.419999999999951,0.0,-50.0,189.6350734820397,36.21091385430109,90.0,111.00127214311807,126.21091385430108,90.0,126.00127214311807
6.419999999999951,0.0,-50.0,180.0,40.52689647501644,90.0,102.91379779086434,130.52689647501643,90.0,102.91379779086434
6.419999999999951,0.0,50.0,180.0,40.52689647501644,90.0,102.91379779086434,49.47310352498356,90.0,257.08620220913565
6.419999999999951,0.0,50.0,189.6350734820397,36.21091385430109,90.0,111.00127214311807,53.78908614569891,90.0,248.99872785688194
6.439999999999951,0.0,-50.0,187.36249105369933,37.264462560830815,90.0,109.0222750399355,127.26446256083082,90.0,124.0222750399355
6.439999999999951,0.0,-50.0,180.0,40.52689647501644,90.0,102.91379779086434,130.52689647501643,90.0,102.91379779086434
6.439999999999951,0.0,50.0,180.0,40.52689647501644,90.0,102.91379779086434,49.47310352498356,90.0,257.08620220913565
6.439999999999951,0.0,50.0,187.36249105369933,37.264462560830815,90.0,109.0222750399355,52.735537439169185,90.0,250.9777249600645
6.45999999999995,0.0,-50.0,184.97379774330315,38.34670176970902,90.0,106.99249470105748,128.34670176970903,90.0,121.99249470105748
6.45999999999995,0.0,-50.0,180.0,40.52689647501644,90.0,102.91379779086434,130.52689647501643,90.0,102.91379779086434
6.45999999999995,0.0,50.0,180.0,40.52689647501644,90.0,102.91379779086434,49.47310352498356,90.0,257.08620220913565
6.45999999999995,0.0,50.0,184.97379774330315,38.34670176970902,90.0,106.99249470105748,51.65329823029098,90.0,253.00750529894253
6.47999999999995,0.0,-50.0,182.50666467129236,39.4397835306288,90.00000000000001,104.94576748695835,129.4397835306288,89.99999999999999,119.94576748695835
6.47999999999995,0.0,-50.0,180.0,40.52689647501644,90.0,102.91379779086434,130.52689647501643,90.0,102.91379779086434
6.47999999999995,0.0,50.0,180.0,40.52689647501644,90.0,102.91379779086434,49.47310352498356,90.0,257.08620220913565
6.47999999999995,0.0,50.0,182.50666467129236,39.4397835306288,90.00000000000001,104.94576748695835,50.5602164693712,90.00000000000001,255.05423251304165
6.499999999999949,0.0,-50.0,180.00000000000637,40.526896475013714,90.0,102.91379779086944,130.5268964750137,90.0,117.91379779086944
6.499999999999949,0.0,-50.0,180.0,40.52689647501644,90.0,102.91379779086434,130.52689647501643,90.0,102.91379779086434
6.499999999999949,0.0,50.0,180.0,40.52689647501644,90.0,102.91379779086434,49.47310352498356,90.0,257.08620220913565
6.499999999999949,0.0,50.0,180.00000000000637,40.526896475013714,90.0,102.91379779086944,49.473103524986286,90.0,257.08620220913053
6.519999999999949,0.0,-50.0,180.0,40.52689647501644,90.0,102.91379779086434,130.52689647501643,90.0,117.91379779086434
6.519999999999949,-0.0,-50.0,182.5066646712797,39.439783530634344,90.0,104.94576748694797,129.43978353063434,90.0,104.94576748694797
6.519999999999949,-0.0,50.0,182.5066646712797,39.439783530634344,90.0,104.94576748694797,50.560216469365656,90.0,255.05423251305203
6.519999999999949,0.0,50.0,180.0,40.52689647501644,90.0,102.91379779086434,49.47310352498356,90.0,257.08620220913565
6.5399999999999485,0.0,-50.0,180.0,40.52689647501644,90.0,102.91379779086434,130.52689647501643,90.0,117.91379779086434
6.5399999999999485,-0.0,-50.0,184.97379774329082,38.34670176971455,90.0,106.99249470104712,128.34670176971454,90.0,106.99249470104712
6.5399999999999485,-0.0,50.0,184.97379774329082,38.34670176971455,90.0,106.99249470104712,51.65329823028545,90.0,253.00750529895288
6.5399999999999485,0.0,50.0,180.0,40.52689647501644,90.0,102.91379779086434,49.47310352498356,90.0,257.08620220913565
6.559999999999948,0.0,-50.0,180.0,40.52689647501644,90.0,102.91379779086434,130.52689647501643,90.0,117.91379779086434
6.559999999999948,-0.0,-50.0,187.3624910536875,37.26446256083624,90.0,109.02227503992532,127.26446256083625,90.0,109.02227503992532
6.559999999999948,-0.0,50.0,187.3624910536875,37.26446256083624,90.0,109.02227503992532,52.73553743916376,90.0,250.97772496007468
6.559999999999948,0.0,50.0,180.0,40.52689647501644,90.0,102.91379779086434,49.47310352498356,90.0,257.08620220913565
6.579999999999948,0.0,-50.0,180.0,40.52689647501644,90.0,102.91379779086434,130.52689647501643,90.0,117.91379779086434
6.579999999999948,-0.0,-50.0,189.63507348202853,36.21091385430633,90.0,111.00127214310822,126.21091385430633,90.0,111.00127214310822
6.579999999999948,-0.0,50.0,189.63507348202853,36.21091385430633,90.0,111.00127214310822,53.78908614569367,90.0,248.99872785689178
6.579999999999948,0.0,50.0,180.0,40.52689647501644,90.0,102.91379779086434,49.47310352498356,90.0,257.08620220913565
6.599999999999947,0.0,-50.0,180.0,40.52689647501644,90.0,102.91379779086434,130.52689647501643,90.0,117.91379779086434
6.599999999999947,-0.0,-50.0,191.7557050458441,35.20478912675357,90.0,112.89382307578983,125.20478912675357,90.0,112.89382307578983
6.599999999999947,-0.0,50.0,191.7557050458441,35.20478912675357,90.0,112.89382307578983,54.79521087324643,90.0,247.10617692421016
6.599999999999947,0.0,50.0,180.0,40.52689647501644,90.0,102.91379779086434,49.47310352498356,90.0,257.08620220913565
6.619999999999947,0.0,-50.0,180.0,40.52689647501644,90.0,102.91379779086434,130.52689647501643,90.0,117.91379779086434
6.619999999999947,-0.0,-50.0,193.6909421185689,34.26544800044706,90.0,114.66295509977006,124.26544800044707,90.0,114.66295509977006
6.619999999999947,-0.0,50.0,193.6909421185689,34.26544800044706,90.0,114.66295509977006,55.73455199955294,90.0,245.33704490022996
6.619999999999947,0.0,50.0,180.0,40.52689647501644,90.0,102.91379779086434,49.47310352498356,90.0,257.08620220913565
6.639999999999946,0.0,-50.0,180.0,40.52689647501644,90.0,102.91379779086434,130.52689647501643,90.0,117.91379779086434
6.639999999999946,-0.0,-50.0,195.41026485551149,33.41247536589106,90.0,116.27117604786014,123.41247536589105,90.0,116.27117604786014
6.639999999999946,-0.0,50.0,195.41026485551149,33.41247536589106,90.0,116.27117604786014,56.58752463410894,90.0,243.72882395213986
6.639999999999946,0.0,50.0,180.0,40.52689647501644,90.0,102.91379779086434,49.47310352498356,90.0,257.08620220913565
6.659999999999946,0.0,-50.0,180.0,40.52689647501644,90.0,102.91379779086434,130.52689647501643,90.0,117.91379779086434
6.659999999999946,-0.0,-50.0,196.88655851003665,32.66511382968279,90.0,117.68158532761043,122.66511382968278,90.0,117.68158532761043
6.659999999999946,-0.0,50.0,196.88655851003665,32.66511382968279,90.0,117.68158532761043,57.33488617031721,90.0,242.31841467238957
6.659999999999946,0.0,50.0,180.0,40.52689647501644,90.0,102.91379779086434,49.47310352498356,90.0,257.08620220913565
6.6799999999999455,0.0,-50.0,180.0,40.52689647501644,90.0,102.91379779086434,130.52689647501643,90.0,117.91379779086434
6.6799999999999455,-0.0,-50.0,198.09654104931747,32.04152447419499,90.00000000000001,118.85931399794518,122.041524474195,89.99999999999999,118.85931399794518
6.6799999999999455,-0.0,50.0,198.09654104931747,32.04152447419499,90.00000000000001,118.85931399794518,57.95847552580501,90.00000000000001,241.14068600205482
6.6799999999999455,0.0,50.0,180.0,40.52689647501644,90.0,102.91379779086434,49.47310352498356,90.0,257.08620220913565
6.699999999999945,0.0,-50.0,180.0,40.52689647501644,90.0,102.91379779086434,130.52689647501643,90.0,117.91379779086434
6.699999999999945,-0.0,-50.0,199.02113032590094,31.557904981448036,90.0,119.77323707536483,121.55790498144803,90.0,119.77323707536483
6.699999999999945,-0.0,50.0,199.02113032590094,31.557904981448036,90.0,119.77323707536483,58.44209501855197,90.0,240.22676292463518
6.699999999999945,0.0,50.0,180.0,40.52689647501644,90.0,102.91379779086434,49.47310352498356,90.0,257.08620220913565
6.719999999999945,0.0,-50.0,180.0,40.52689647501644,90.0,102.91379779086434,130.52689647501643,90.0,117.91379779086434
6.719999999999945,-0.0,-50.0,199.64574501457247,31.227538493872004,90.0,120.39781625095863,121.227538493872,90.0,120.39781625095863
6.719999999999945,-0.0,50.0,199.64574501457247,31.227538493872004,90.0,120.39781625095863,58.772461506127996,90.0,239.6021837490414
6.719999999999945,0.0,50.0,180.0,40.52689647501644,90.0,102.91379779086434,49.47310352498356,90.0,257.08620220913565
6.739999999999944,0.0,-50.0,180.0,40.52689647501644,90.0,102.91379779086434,130.52689647501643,90.0,117.91379779086434
6.739999999999944,-0.0,-50.0,199.96053456856498,31.059889787850846,90.0,120.71484838764451,121.05988978785085,90.0,120.71484838764451
6.739999999999944,-0.0,50.0,199.96053456856498,31.059889787850846,90.0,120.71484838764451,58.94011021214915,90.0,239.2851516123555
6.739999999999944,0.0,50.0,180.0,40.52689647501644,90.0,102.91379779086434,49.47310352498356,90.0,257.08620220913565
6.759999999999944,0.0,-50.0,180.0,40.52689647501644,90.0,102.91379779086434,130.52689647501643,90.0,117.91379779086434
6.759999999999944,0.0,-50.0,199.9605345685659,31.059889787850356,90.0,120.71484838764543,121.05988978785035,90.0,120.71484838764543
6.759999999999944,0.0,50.0,199.9605345685659,31.059889787850356,90.0,120.71484838764543,58.94011021214965,90.0,239.28515161235458
6.759999999999944,0.0,50.0,180.0,40.52689647501644,90.0,102.91379779086434,49.47310352498356,90.0,257.08620220913565
6.779999999999943,0.0,-50.0,180.0,40.52689647501644,90.0,102.91379779086434,130.52689647501643,90.0,117.91379779086434
6.779999999999943,0.0,-50.0,199.6457450145751,31.22753849387059,90.0,120.3978162509613,121.22753849387058,90.0,120.3978162509613
6.779999999999943,0.0,50.0,199.6457450145751,31.22753849387059,90.0,120.3978162509613,58.77246150612941,90.0,239.60218374903872
6.779999999999943,0.0,50.0,180.0,40.52689647501644,90.0,102.91379779086434,49.47310352498356,90.0,257.08620220913565
6.799999999999943,0.0,-50.0,180.0,40.52689647501644,90.0,102.91379779086434,130.52689647501643,90.0,117.91379779086434
6.799999999999943,0.0,-50.0,199.0211303259053,31.557904981445734,90.0,119.77323707536918,121.55790498144573,90.0,119.77323707536918
6.799999999999943,0.0,50.0,199.0211303259053,31.557904981445734,90.0,119.77323707536918,58.44209501855427,90.0,240.2267629246308
6.799999999999943,0.0,50.0,180.0,40.52689647501644,90.0,102.91379779086434,49.47310352498356,90.0,257.08620220913565
6.8199999999999426,0.0,-50.0,180.0,40.52689647501644,90.0,102.91379779086434,130.52689647501643,90.0,117.91379779086434
6.8199999999999426,0.0,-50.0,198.09654104932346,32.04152447419187,90.0,118.85931399795108,122.04152447419187,90.0,118.85931399795108
6.8199999999999426,0.0,50.0,198.09654104932346,32.04152447419187,90.0,118.85931399795108,57.95847552580813,90.0,241.14068600204894
6.8199999999999426,0.0,50.0,180.0,40.52689647501644,90.0,102.91379779086434,49.47310352498356,90.0,257.08620220913565
6.839999999999942,0.0,-50.0,180.0,40.52689647501644,90.0,102.91379779086434,130.52689647501643,90.0,117.91379779086434
6.839999999999942,0.0,-50.0,196.8865585100442,32.66511382967893,90.0,117.68158532761774,122.66511382967893,90.0,117.68158532761774
6.839999999999942,0.0,50.0,196.8865585100442,32.66511382967893,90.0,117.68158532761774,57.33488617032107,90.0,242.31841467238226
6.839999999999942,0.0,50.0,180.0,40.52689647501644,90.0,102.91379779086434,49.47310352498356,90.0,257.08620220913565
6.859999999999942,0.0,-50.0,180.0,40.52689647501644,90.0,102.91379779086434,130.52689647501643,90.0,117.91379779086434
6.859999999999942,0.0,-50.0,195.41026485552047,33.412475365886564,90.0,116.27117604786864,123.41247536588656,90.0,116.27117604786864
6.859999999999942,0.0,50.0,195.41026485552047,33.412475365886564,90.0,116.27117604786864,56.587524634113436,90.0,243.72882395213136
6.859999999999942,0.0,50.0,180.0,40.52689647501644,90.0,102.91379779086434,49.47310352498356,90.0,257.08620220913565
6.879999999999941,0.0,-50.0,180.0,40.52689647501644,90.0,102.91379779086434,130.52689647501643,90.0,117.91379779086434
6.879999999999941,0.0,-50.0,193.69094211857916,34.26544800044202,90.0,114.66295509977954,124.26544800044202,90.0,114.66295509977954
6.879999999999941,0.0,50.0,193.69094211857916,34.26544800044202,90.0,114.66295509977954,55.73455199955798,90.0,245.33704490022046
6.879999999999941,0.0,50.0,180.0,40.52689647501644,90.0,102.91379779086434,49.47310352498356,90.0,257.08620220913565
6.899999999999941,0.0,-50.0,180.0,40.52689647501644,90.0,102.91379779086434,130.52689647501643,90.0,117.91379779086434
6.899999999999941,0.0,-50.0,191.75570504585548,35.20478912674812,90.0,112.8938230758001,125.20478912674812,90.0,112.8938230758001
6.899999999999941,0.0,50.0,191.75570504585548,35.20478912674812,90.0,112.8938230758001,54.79521087325188,90.0,247.1061769241999
6.899999999999941,0.0,50.0,180.0,40.52689647501644,90.0,102.91379779086434,49.47310352498356,90.0,257.08620220913565
6.91999999999994,0.0,-50.0,180.0,40.52689647501644,90.0,102.91379779086434,130.52689647501643,90.0,117.91379779086434
6.91999999999994,0.0,-50.0,189.63507348204087,36.21091385430054,90.00000000000001,111.00127214311911,126.21091385430054,89.99999999999999,111.00127214311911
6.91999999999994,0.0,50.0,189.63507348204087,36.21091385430054,90.00000000000001,111.00127214311911,53.78908614569946,90.00000000000001,248.9987278568809
6.91999999999994,0.0,50.0,180.0,40.52689647501644,90.0,102.91379779086434,49.47310352498356,90.0,257.08620220913565
6.93999999999994,0.0,-50.0,180.0,40.52689647501644,90.0,102.91379779086434,130.52689647501643,90.0,117.91379779086434
6.93999999999994,0.0,-50.0,187.36249105370058,37.26446256083024,90.0,109.02227503993657,127.26446256083024,90.0,109.02227503993657
6.93999999999994,0.0,50.0,187.36249105370058,37.26446256083024,90.0,109.02227503993657,52.73553743916976,90.0,250.97772496006343
6.93999999999994,0.0,50.0,180.0,40.52689647501644,90.0,102.91379779086434,49.47310352498356,90.0,257.08620220913565
6.95999999999994,0.0,-50.0,180.0,40.52689647501644,90.0,102.91379779086434,130.52689647501643,90.0,117.91379779086434
6.95999999999994,0.0,-50.0,184.97379774330446,38.34670176970844,90.0,106.99249470105858,128.34670176970843,90.0,106.99249470105858
6.95999999999994,0.0,50.0,184.97379774330446,38.34670176970844,90.0,106.99249470105858,51.65329823029156,90.0,253.00750529894142
6.95999999999994,0.0,50.0,180.0,40.52689647501644,90.0,102.91379779086434,49.47310352498356,90.0,257.08620220913565
6.979999999999939,0.0,-50.0,180.0,40.52689647501644,90.0,102.91379779086434,130.52689647501643,90.0,117.91379779086434
6.979999999999939,0.0,-50.0,182.50666467129366,39.439783530628226,90.0,104.94576748695943,129.43978353062823,90.0,104.94576748695943
6.979999999999939,0.0,50.0,182.50666467129366,39.439783530628226,90.0,104.94576748695943,50.560216469371774,90.0,255.05423251304057
6.979999999999939,0.0,50.0,180.0,40.52689647501644,90.0,102.91379779086434,49.47310352498356,90.0,257.08620220913565
6.999999999999939,0.0,-50.0,180.0,40.52689647501644,90.0,102.91379779086434,130.52689647501643,90.0,117.91379779086434
6.999999999999939,0.0,-50.0,180.0000000000077,40.526896475013146,90.0,102.9137977908705,130.52689647501313,90.0,102.9137977908705
6.999999999999939,0.0,50.0,180.0000000000077,40.526896475013146,90.0,102.9137977908705,49.473103524986854,90.0,257.0862022091295
6.999999999999939,0.0,50.0,180.0,40.52689647501644,90.0,102.91379779086434,49.47310352498356,90.0,257.08620220913565
7.019999999999938,-0.0,-50.0,182.5066646712784,39.43978353063492,90.0,104.94576748694689,129.4397835306349,90.0,119.94576748694689
7.019999999999938,0.0,-50.0,180.0,40.52689647501644,90.0,102.91379779086434,130.52689647501643,90.0,102.91379779086434
7.019999999999938,0.0,50.0,180.0,40.52689647501644,90.0,102.91379779086434,49.47310352498356,90.0,257.08620220913565
7.019999999999938,-0.0,50.0,182.5066646712784,39.43978353063492,90.0,104.94576748694689,50.56021646936508,90.0,255.0542325130531
7.039999999999938,-0.0,-50.0,184.97379774328954,38.346701769715125,90.0,106.99249470104606,128.34670176971514,90.0,121.99249470104606
7.039999999999938,0.0,-50.0,180.0,40.52689647501644,90.0,102.91379779086434,130.52689647501643,90.0,102.91379779086434
7.039999999999938,0.0,50.0,180.0,40.52689647501644,90.0,102.91379779086434,49.47310352498356,90.0,257.08620220913565
7.039999999999938,-0.0,50.0,184.97379774328954,38.346701769715125,90.0,106.99249470104606,51.653298230284875,90.0,253.00750529895396
7.059999999999937,-0.0,-50.0,187.36249105368626,37.2644625608368,90.0,109.02227503992425,127.26446256083679,90.0,124.02227503992425
7.059999999999937,0.0,-50.0,180.0,40.52689647501644,90.0,102.91379779086434,130.52689647501643,90.0,102.91379779086434
7.059999999999937,0.0,50.0,180.0,40.52689647501644,90.0,102.91379779086434,49.47310352498356,90.0,257.08620220913565
7.059999999999937,-0.0,50.0,187.36249105368626,37.2644625608368,90.0,109.02227503992425,52.7355374391632,90.0,250.97772496007576
7.079999999999937,-0.0,-50.0,189.63507348202737,36.21091385430687,90.0,111.00127214310722,126.21091385430687,90.0,126.00127214310722
7.079999999999937,0.0,-50.0,180.0,40.52689647501644,90.0,102.91379779086434,130.52689647501643,90.0,102.91379779086434
7.079999999999937,0.0,50.0,180.0,40.52689647501644,90.0,102.91379779086434,49.47310352498356,90.0,257.08620220913565
7.079999999999937,-0.0,50.0,189.63507348202737,36.21091385430687,90.0,111.00127214310722,53.78908614569313,90.0,248.9987278568928
7.099999999999937,-0.0,-50.0,191.755705045843,35.2047891267541,90.0,112.89382307578883,125.2047891267541,90.0,127.89382307578883
7.099999999999937,0.0,-50.0,180.0,40.52689647501644,90.0,102.91379779086434,130.52689647501643,90.0,102.91379779086434
7.099999999999937,0.0,50.0,180.0,40.52689647501644,90.0,102.91379779086434,49.47310352498356,90.0,257.08620220913565
7.099999999999937,-0.0,50.0,191.755705045843,35.2047891267541,90.0,112.89382307578883,54.7952108732459,90.0,247.10617692421118
7.119999999999936,-0.0,-50.0,193.69094211856793,34.26544800044754,90.0,114.66295509976916,124.26544800044755,90.0,129.66295509976916
7.119999999999936,0.0,-50.0,180.0,40.52689647501644,90.0,102.91379779086434,130.52689647501643,90.0,102.91379779086434
7.119999999999936,0.0,50.0,180.0,40.52689647501644,90.0,102.91379779086434,49.47310352498356,90.0,257.08620220913565
7.119999999999936,-0.0,50.0,193.69094211856793,34.26544800044754,90.0,114.66295509976916,55.73455199955246,90.0,245.33704490023084
7.139999999999936,-0.0,-50.0,195.41026485551063,33.41247536589149,90.0,116.27117604785934,123.41247536589148,90.0,131.27117604785934
7.139999999999936,0.0,-50.0,180.0,40.52689647501644,90.0,102.91379779086434,130.52689647501643,90.0,102.91379779086434
7.139999999999936,0.0,50.0,180.0,40.52689647501644,90.0,102.91379779086434,49.47310352498356,90.0,257.08620220913565
7.139999999999936,-0.0,50.0,195.41026485551063,33.41247536589149,90.0,116.27117604785934,56.58752463410851,90.0,243.72882395214066
7.159999999999935,-0.0,-50.0,196.88655851003594,32.66511382968315,90.0,117.68158532760974,122.66511382968315,90.0,132.68158532760975
7.159999999999935,0.0,-50.0,180.0,40.52689647501644,90.0,102.91379779086434,130.52689647501643,90.0,102.91379779086434
7.159999999999935,0.0,50.0,180.0,40.52689647501644,90.0,102.91379779086434,49.47310352498356,90.0,257.08620220913565
7.159999999999935,-0.0,50.0,196.88655851003594,32.66511382968315,90.0,117.68158532760974,57.33488617031685,90.0,242.31841467239025
7.179999999999935,-0.0,-50.0,198.0965410493169,32.041524474195285,90.00000000000001,118.85931399794462,122.04152447419528,89.99999999999999,133.85931399794464
7.179999999999935,0.0,-50.0,180.0,40.52689647501644,90.0,102.91379779086434,130.52689647501643,90.0,102.91379779086434
7.179999999999935,0.0,50.0,180.0,40.52689647501644,90.0,102.91379779086434,49.47310352498356,90.0,257.08620220913565
7.179999999999935,-0.0,50.0,198.0965410493169,32.041524474195285,90.00000000000001,118.85931399794462,57.958475525804715,90.00000000000001,241.14068600205536
7.1999999999999345,-0.0,-50.0,199.02113032590051,31.557904981448253,90.00000000000001,119.77323707536442,121.55790498144825,89.99999999999999,134.77323707536442
7.1999999999999345,0.0,-50.0,180.0,40.52689647501644,90.0,102.91379779086434,130.52689647501643,90.0,102.91379779086434
7.1999999999999345,0.0,50.0,180.0,40.52689647501644,90.0,102.91379779086434,49.47310352498356,90.0,257.08620220913565
7.1999999999999345,-0.0,50.0,199.02113032590051,31.557904981448253,90.00000000000001,119.77323707536442,58.44209501855175,90.00000000000001,240.22676292463558
7.219999999999934,-0.0,-50.0,199.6457450145722,31.22753849387213,90.00000000000001,120.39781625095837,121.22753849387213,89.99999999999999,135.39781625095839
7.219999999999934,0.0,-50.0,180.0,40.52689647501644,90.0,102.91379779086434,130.52689647501643,90.0,102.91379779086434
7.219999999999934,0.0,50.0,180.0,40.52689647501644,90.0,102.91379779086434,49.47310352498356,90.0,257.08620220913565
7.219999999999934,-0.0,50.0,199.6457450145722,31.22753849387213,90.00000000000001,120.39781625095837,58.77246150612787,90.00000000000001,239.60218374904161
7.239999999999934,-0.0,-50.0,199.9605345685649,31.05988978785088,90.00000000000001,120.71484838764444,121.05988978785088,89.99999999999999,135.71484838764445
7.239999999999934,0.0,-50.0,180.0,40.52689647501644,90.0,102.91379779086434,130.52689647501643,90.0,102.91379779086434
7.239999999999934,0.0,50.0,180.0,40.52689647501644,90.0,102.91379779086434,49.47310352498356,90.0,257.08620220913565
7.239999999999934,-0.0,50.0,199.9605345685649,31.05988978785088,90.00000000000001,120.71484838764444,58.94011021214912,90.00000000000001,239.28515161235555
7.259999999999933,0.0,-50.0,199.96053456856595,31.059889787850317,90.0,120.7148483876455,121.05988978785032,90.0,135.7148483876455
7.259999999999933,0.0,-50.0,180.0,40.52689647501644,90.0,102.91379779086434,130.52689647501643,90.0,102.91379779086434
7.259999999999933,0.0,50.0,180.0,40.52689647501644,90.0,102.91379779086434,49.47310352498356,90.0,257.08620220913565
7.259999999999933,0.0,50.0,199.96053456856595,31.059889787850317,90.0,120.7148483876455,58.94011021214968,90.0,239.2851516123545
7.279999999999933,0.0,-50.0,199.64574501457537,31.22753849387045,90.0,120.39781625096154,121.22753849387045,90.0,135.39781625096154
7.279999999999933,0.0,-50.0,180.0,40.52689647501644,90.0,102.91379779086434,130.52689647501643,90.0,102.91379779086434
7.279999999999933,0.0,50.0,180.0,40.52689647501644,90.0,102.91379779086434,49.47310352498356,90.0,257.08620220913565
7.279999999999933,0.0,50.0,199.64574501457537,31.22753849387045,90.0,120.39781625096154,58.772461506129545,90.0,239.60218374903846
7.299999999999932,0.0,-50.0,199.0211303259057,31.557904981445528,90.0,119.77323707536956,121.55790498144553,90.0,134.77323707536956
7.299999999999932,0.0,-50.0,180.0,40.52689647501644,90.0,102.91379779086434,130.52689647501643,90.0,102.91379779086434
7.299999999999932,0.0,50.0,180.0,40.52689647501644,90.0,102.91379779086434,49.47310352498356,90.0,257.08620220913565
7.299999999999932,0.0,50.0,199.0211303259057,31.557904981445528,90.0,119.77323707536956,58.44209501855447,90.0,240.22676292463044
7.319999999999932,0.0,-50.0,198.09654104932403,32.04152447419157,90.0,118.85931399795165,122.04152447419156,90.0,133.85931399795163
7.319999999999932,0.0,-50.0,180.0,40.52689647501644,90.0,102.91379779086434,130.52689647501643,90.0,102.91379779086434
7.319999999999932,0.0,50.0,180.0,40.52689647501644,90.0,102.91379779086434,49.47310352498356,90.0,257.08620220913565
7.319999999999932,0.0,50.0,198.09654104932403,32.04152447419157,90.0,118.85931399795165,57.95847552580843,90.0,241.14068600204837
7.3399999999999315,0.0,-50.0,196.88655851004492,32.66511382967857,90.0,117.68158532761842,122.66511382967857,90.0,132.68158532761842
7.3399999999999315,0.0,-50.0,180.0,40.52689647501644,90.0,102.91379779086434,130.52689647501643,90.0,102.91379779086434
7.3399999999999315,0.0,50.0,180.0,40.52689647501644,90.0,102.91379779086434,49.47310352498356,90.0,257.08620220913565
7.3399999999999315,0.0,50.0,196.88655851004492,32.66511382967857,90.0,117.68158532761842,57.33488617032143,90.0,242.31841467238158
7.359999999999931,0.0,-50.0,195.41026485552132,33.412475365886124,90.0,116.27117604786945,123.41247536588612,90.0,131.27117604786946
7.359999999999931,0.0,-50.0,180.0,40.52689647501644,90.0,102.91379779086434,130.52689647501643,90.0,102.91379779086434
7.359999999999931,0.0,50.0,180.0,40.52689647501644,90.0,102.91379779086434,49.47310352498356,90.0,257.08620220913565
7.359999999999931,0.0,50.0,195.41026485552132,33.412475365886124,90.0,116.27117604786945,56.587524634113876,90.0,243.72882395213054
7.379999999999931,0.0,-50.0,193.69094211858012,34.265448000441545,90.0,114.66295509978043,124.26544800044155,90.0,129.66295509978045
7.379999999999931,0.0,-50.0,180.0,40.52689647501644,90.0,102.91379779086434,130.52689647501643,90.0,102.91379779086434
7.379999999999931,0.0,50.0,180.0,40.52689647501644,90.0,102.91379779086434,49.47310352498356,90.0,257.08620220913565
7.379999999999931,0.0,50.0,193.69094211858012,34.265448000441545,90.0,114.66295509978043,55.734551999558455,90.0,245.33704490021955
7.39999999999993,0.0,-50.0,191.75570504585656,35.20478912674759,90.0,112.89382307580107,125.20478912674758,90.0,127.89382307580107
7.39999999999993,0.0,-50.0,180.0,40.52689647501644,90.0,102.91379779086434,130.52689647501643,90.0,102.91379779086434
7.39999999999993,0.0,50.0,180.0,40.52689647501644,90.0,102.91379779086434,49.47310352498356,90.0,257.08620220913565
7.39999999999993,0.0,50.0,191.75570504585656,35.20478912674759,90.0,112.89382307580107,54.79521087325241,90.0,247.10617692419893
7.41999999999993,0.0,-50.0,189.63507348204203,36.21091385429999,90.0,111.00127214312015,126.21091385429999,90.0,126.00127214312015
7.41999999999993,0.0,-50.0,180.0,40.52689647501644,90.0,102.91379779086434,130.52689647501643,90.0,102.91379779086434
7.41999999999993,0.0,50.0,180.0,40.52689647501644,90.0,102.91379779086434,49.47310352498356,90.0,257.08620220913565
7.41999999999993,0.0,50.0,189.63507348204203,36.21091385429999,90.0,111.00127214312015,53.78908614570001,90.0,248.99872785687984
7.439999999999929,0.0,-50.0,187.36249105370183,37.264462560829664,90.0,109.02227503993764,127.26446256082966,90.0,124.02227503993764
7.439999999999929,0.0,-50.0,180.0,40.52689647501644,90.0,102.91379779086434,130.52689647501643,90.0,102.91379779086434
7.439999999999929,0.0,50.0,180.0,40.52689647501644,90.0,102.91379779086434,49.47310352498356,90.0,257.08620220913565
7.439999999999929,0.0,50.0,187.36249105370183,37.264462560829664,90.0,109.02227503993764,52.735537439170336,90.0,250.97772496006235
7.459999999999929,0.0,-50.0,184.97379774330574,38.34670176970787,90.00000000000001,106.99249470105964,128.34670176970786,89.99999999999999,121.99249470105964
7.459999999999929,0.0,-50.0,180.0,40.52689647501644,90.0,102.91379779086434,130.52689647501643,90.0,102.91379779086434
7.459999999999929,0.0,50.0,180.0,40.52689647501644,90.0,102.91379779086434,49.47310352498356,90.0,257.08620220913565
7.459999999999929,0.0,50.0,184.97379774330574,38.34670176970787,90.00000000000001,106.99249470105964,51.65329823029213,90.00000000000001,253.00750529894037
7.4799999999999285,0.0,-50.0,182.506664671295,39.439783530627636,90.0,104.94576748696052,129.43978353062764,90.0,119.94576748696052
7.4799999999999285,0.0,-50.0,180.0,40.52689647501644,90.0,102.91379779086434,130.52689647501643,90.0,102.91379779086434
7.4799999999999285,0.0,50.0,180.0,40.52689647501644,90.0,102.91379779086434,49.47310352498356,90.0,257.08620220913565
7.4799999999999285,0.0,50.0,182.506664671295,39.439783530627636,90.0,104.94576748696052,50.560216469372364,90.0,255.0542325130395
7.499999999999928,0.0,-50.0,180.00000000000904,40.52689647501257,90.0,102.91379779087157,130.52689647501256,90.0,117.91379779087157
7.499999999999928,0.0,-50.0,180.0,40.52689647501644,90.0,102.91379779086434,130.52689647501643,90.0,102.91379779086434
7.499999999999928,0.0,50.0,180.0,40.52689647501644,90.0,102.91379779086434,49.47310352498356,90.0,257.08620220913565
7.499999999999928,0.0,50.0,180.00000000000904,40.52689647501257,90.0,102.91379779087157,49.47310352498743,90.0,257.08620220912843
7.519999999999928,0.0,-50.0,180.0,40.52689647501644,90.0,102.91379779086434,130.52689647501643,90.0,117.91379779086434
7.519999999999928,-0.0,-50.0,182.50666467127718,39.43978353063546,90.0,104.9457674869459,129.43978353063545,90.0,104.9457674869459
7.519999999999928,-0.0,50.0,182.50666467127718,39.43978353063546,90.0,104.9457674869459,50.56021646936454,90.0,255.0542325130541
7.519999999999928,0.0,50.0,180.0,40.52689647501644,90.0,102.91379779086434,49.47310352498356,90.0,257.08620220913565
7.539999999999927,0.0,-50.0,180.0,40.52689647501644,90.0,102.91379779086434,130.52689647501643,90.0,117.91379779086434
7.539999999999927,-0.0,-50.0,184.97379774328834,38.34670176971566,90.0,106.99249470104505,128.34670176971565,90.0,106.99249470104505
7.539999999999927,-0.0,50.0,184.97379774328834,38.34670176971566,90.0,106.99249470104505,51.65329823028434,90.0,253.00750529895495
7.539999999999927,0.0,50.0,180.0,40.52689647501644,90.0,102.91379779086434,49.47310352498356,90.0,257.08620220913565
7.559999999999927,0.0,-50.0,180.0,40.52689647501644,90.0,102.91379779086434,130.52689647501643,90.0,117.91379779086434
7.559999999999927,-0.0,-50.0,187.36249105368512,37.26446256083733,90.0,109.02227503992326,127.26446256083733,90.0,109.02227503992326
7.559999999999927,-0.0,50.0,187.36249105368512,37.26446256083733,90.0,109.02227503992326,52.73553743916267,90.0,250.97772496007673
7.559999999999927,0.0,50.0,180.0,40.52689647501644,90.0,102.91379779086434,49.47310352498356,90.0,257.08620220913565
7.579999999999926,0.0,-50.0,180.0,40.52689647501644,90.0,102.91379779086434,130.52689647501643,90.0,117.91379779086434
7.579999999999926,-0.0,-50.0,189.63507348202629,36.210913854307385,90.0,111.00127214310625,126.21091385430739,90.0,111.00127214310625
7.579999999999926,-0.0,50.0,189.63507348202629,36.210913854307385,90.0,111.00127214310625,53.789086145692615,90.0,248.99872785689377
7.579999999999926,0.0,50.0,180.0,40.52689647501644,90.0,102.91379779086434,49.47310352498356,90.0,257.08620220913565
7.599999999999926,0.0,-50.0,180.0,40.52689647501644,90.0,102.91379779086434,130.52689647501643,90.0,117.91379779086434
7.599999999999926,-0.0,-50.0,191.75570504584203,35.20478912675457,90.0,112.89382307578795,125.20478912675458,90.0,112.89382307578795
7.599999999999926,-0.0,50.0,191.75570504584203,35.20478912675457,90.0,112.89382307578795,54.79521087324543,90.0,247.10617692421204
7.599999999999926,0.0,50.0,180.0,40.52689647501644,90.0,102.91379779086434,49.47310352498356,90.0,257.08620220913565
7.6199999999999255,0.0,-50.0,180.0,40.52689647501644,90.0,102.91379779086434,130.52689647501643,90.0,117.91379779086434
7.6199999999999255,-0.0,-50.0,193.69094211856702,34.265448000447975,90.0,114.66295509976833,124.26544800044798,90.0,114.66295509976833
7.6199999999999255,-0.0,50.0,193.69094211856702,34.265448000447975,90.0,114.66295509976833,55.734551999552025,90.0,245.33704490023166
7.6199999999999255,0.0,50.0,180.0,40.52689647501644,90.0,102.91379779086434,49.47310352498356,90.0,257.08620220913565
7.639999999999925,0.0,-50.0,180.0,40.52689647501644,90.0,102.91379779086434,130.52689647501643,90.0,117.91379779086434
7.639999999999925,-0.0,-50.0,195.41026485550987,33.41247536589187,90.0,116.2711760478586,123.41247536589188,90.0,116.2711760478586
7.639999999999925,-0.0,50.0,195.41026485550987,33.41247536589187,90.0,116.2711760478586,56.58752463410813,90.0,243.7288239521414
7.639999999999925,0.0,50.0,180.0,40.52689647501644,90.0,102.91379779086434,49.47310352498356,90.0,257.08620220913565
7.659999999999925,0.0,-50.0,180.0,40.52689647501644,90.0,102.91379779086434,130.52689647501643,90.0,117.91379779086434
7.659999999999925,-0.0,-50.0,196.8865585100353,32.665113829683484,90.0,117.68158532760913,122.66511382968349,90.0,117.68158532760913
7.659999999999925,-0.0,50.0,196.8865585100353,32.665113829683484,90.0,117.68158532760913,57.334886170316516,90.0,242.31841467239087
7.659999999999925,0.0,50.0,180.0,40.52689647501644,90.0,102.91379779086434,49.47310352498356,90.0,257.08620220913565
7.679999999999924,0.0,-50.0,180.0,40.52689647501644,90.0,102.91379779086434,130.52689647501643,90.0,117.91379779086434
7.679999999999924,-0.0,-50.0,198.0965410493164,32.041524474195555,90.0,118.85931399794411,122.04152447419555,90.0,118.85931399794411
7.679999999999924,-0.0,50.0,198.0965410493164,32.041524474195555,90.0,118.85931399794411,57.958475525804445,90.0,241.14068600205587
7.679999999999924,0.0,50.0,180.0,40.52689647501644,90.0,102.91379779086434,49.47310352498356,90.0,257.08620220913565
7.699999999999924,0.0,-50.0,180.0,40.52689647501644,90.0,102.91379779086434,130.52689647501643,90.0,117.91379779086434
7.699999999999924,-0.0,-50.0,199.02113032590015,31.55790498144844,90.00000000000001,119.77323707536407,121.55790498144844,89.99999999999999,119.77323707536407
7.699999999999924,-0.0,50.0,199.02113032590015,31.55790498144844,90.00000000000001,119.77323707536407,58.442095018551555,90.00000000000001,240.22676292463592
7.699999999999924,0.0,50.0,180.0,40.52689647501644,90.0,102.91379779086434,49.47310352498356,90.0,257.08620220913565
7.719999999999923,0.0,-50.0,180.0,40.52689647501644,90.0,102.91379779086434,130.52689647501643,90.0,117.91379779086434
7.719999999999923,-0.0,-50.0,199.645745014572,31.227538493872252,90.0,120.39781625095814,121.22753849387226,90.0,120.39781625095814
7.719999999999923,-0.0,50.0,199.645745014572,31.227538493872252,90.0,120.39781625095814,58.77246150612775,90.0,239.60218374904184
7.719999999999923,0.0,50.0,180.0,40.52689647501644,90.0,102.91379779086434,49.47310352498356,90.0,257.08620220913565
7.739999999999923,0.0,-50.0,180.0,40.52689647501644,90.0,102.91379779086434,130.52689647501643,90.0,117.91379779086434
7.739999999999923,-0.0,-50.0,199.96053456856484,31.059889787850913,90.0,120.71484838764438,121.05988978785092,90.0,120.71484838764438
7.739999999999923,-0.0,50.0,199.96053456856484,31.059889787850913,90.0,120.71484838764438,58.94011021214909,90.0,239.2851516123556
7.739999999999923,0.0,50.0,180.0,40.52689647501644,90.0,102.91379779086434,49.47310352498356,90.0,257.08620220913565
7.7599999999999225,0.0,-50.0,180.0,40.52689647501644,90.0,102.91379779086434,130.52689647501643,90.0,117.91379779086434
7.7599999999999225,0.0,-50.0,199.96053456856603,31.05988978785027,90.0,120.71484838764557,121.05988978785027,90.0,120.71484838764557
7.7599999999999225,0.0,50.0,199.96053456856603,31.05988978785027,90.0,120.71484838764557,58.94011021214973,90.0,239.2851516123544
7.7599999999999225,0.0,50.0,180.0,40.52689647501644,90.0,102.91379779086434,49.47310352498356,90.0,257.08620220913565
7.779999999999922,0.0,-50.0,180.0,40.52689647501644,90.0,102.91379779086434,130.52689647501643,90.0,117.91379779086434
7.779999999999922,0.0,-50.0,199.6457450145756,31.227538493870345,90.00000000000001,120.39781625096175,121.22753849387034,89.99999999999999,120.39781625096175
7.779999999999922,0.0,50.0,199.6457450145756,31.227538493870345,90.00000000000001,120.39781625096175,58.77246150612966,90.00000000000001,239.60218374903826
7.779999999999922,0.0,50.0,180.0,40.52689647501644,90.0,102.91379779086434,49.47310352498356,90.0,257.08620220913565
7.799999999999922,0.0,-50.0,180.0,40.52689647501644,90.0,102.91379779086434,130.52689647501643,90.0,117.91379779086434
7.799999999999922,0.0,-50.0,199.02113032590609,31.55790498144531,90.0,119.77323707536996,121.55790498144532,90.0,119.77323707536996
7.799999999999922,0.0,50.0,199.02113032590609,31.55790498144531,90.0,119.77323707536996,58.44209501855469,90.0,240.22676292463004
7.799999999999922,0.0,50.0,180.0,40.52689647501644,90.0,102.91379779086434,49.47310352498356,90.0,257.08620220913565
7.819999999999921,0.0,-50.0,180.0,40.52689647501644,90.0,102.91379779086434,130.52689647501643,90.0,117.91379779086434
7.819999999999921,0.0,-50.0,198.09654104932457,32.04152447419129,90.0,118.85931399795217,122.04152447419129,90.0,118.85931399795217
7.819999999999921,0.0,50.0,198.09654104932457,32.04152447419129,90.0,118.85931399795217,57.95847552580871,90.0,241.14068600204783
7.819999999999921,0.0,50.0,180.0,40.52689647501644,90.0,102.91379779086434,49.47310352498356,90.0,257.08620220913565
7.839999999999921,0.0,-50.0,180.0,40.52689647501644,90.0,102.91379779086434,130.52689647501643,90.0,117.91379779086434
7.839999999999921,0.0,-50.0,196.88655851004557,32.66511382967824,90.0,117.68158532761903,122.66511382967823,90.0,117.68158532761903
7.839999999999921,0.0,50.0,196.88655851004557,32.66511382967824,90.0,117.68158532761903,57.33488617032176,90.0,242.31841467238098
7.839999999999921,0.0,50.0,180.0,40.52689647501644,90.0,102.91379779086434,49.47310352498356,90.0,257.08620220913565
7.85999999999992,0.0,-50.0,180.0,40.52689647501644,90.0,102.91379779086434,130.52689647501643,90.0,117.91379779086434
7.85999999999992,0.0,-50.0,195.4102648555221,33.412475365885754,90.00000000000001,116.27117604787016,123.41247536588575,89.99999999999999,116.27117604787016
7.85999999999992,0.0,50.0,195.4102648555221,33.412475365885754,90.00000000000001,116.27117604787016,56.587524634114246,90.00000000000001,243.72882395212986
7.85999999999992,0.0,50.0,180.0,40.52689647501644,90.0,102.91379779086434,49.47310352498356,90.0,257.08620220913565
7.87999999999992,0.0,-50.0,180.0,40.52689647501644,90.0,102.91379779086434,130.52689647501643,90.0,117.91379779086434
7.87999999999992,0.0,-50.0,193.69094211858103,34.265448000441104,90.0,114.66295509978127,124.2654480004411,90.0,114.66295509978127
7.87999999999992,0.0,50.0,193.69094211858103,34.265448000441104,90.0,114.66295509978127,55.734551999558896,90.0,245.33704490021873
7.87999999999992,0.0,50.0,180.0,40.52689647501644,90.0,102.91379779086434,49.47310352498356,90.0,257.08620220913565
7.8999999999999195,0.0,-50.0,180.0,40.52689647501644,90.0,102.91379779086434,130.52689647501643,90.0,117.91379779086434
7.8999999999999195,0.0,-50.0,191.75570504585755,35.20478912674712,90.0,112.89382307580198,125.20478912674713,90.0,112.89382307580198
7.8999999999999195,0.0,50.0,191.75570504585755,35.20478912674712,90.0,112.89382307580198,54.79521087325288,90.0,247.10617692419802
7.8999999999999195,0.0,50.0,180.0,40.52689647501644,90.0,102.91379779086434,49.47310352498356,90.0,257.08620220913565
7.919999999999919,0.0,-50.0,180.0,40.52689647501644,90.0,102.91379779086434,130.52689647501643,90.0,117.91379779086434
7.919999999999919,0.0,-50.0,189.6350734820431,36.210913854299484,90.0,111.00127214312108,126.21091385429949,90.0,111.00127214312108
7.919999999999919,0.0,50.0,189.6350734820431,36.210913854299484,90.0,111.00127214312108,53.789086145700516,90.0,248.99872785687893
7.919999999999919,0.0,50.0,180.0,40.52689647501644,90.0,102.91379779086434,49.47310352498356,90.0,257.08620220913565
7.939999999999919,0.0,-50.0,180.0,40.52689647501644,90.0,102.91379779086434,130.52689647501643,90.0,117.91379779086434
7.939999999999919,0.0,-50.0,187.36249105370297,37.264462560829145,90.00000000000001,109.02227503993863,127.26446256082914,89.99999999999999,109.02227503993863
7.939999999999919,0.0,50.0,187.36249105370297,37.264462560829145,90.00000000000001,109.02227503993863,52.735537439170855,90.00000000000001,250.97772496006138
7.939999999999919,0.0,50.0,180.0,40.52689647501644,90.0,102.91379779086434,49.47310352498356,90.0,257.08620220913565
7.959999999999918,0.0,-50.0,180.0,40.52689647501644,90.0,102.91379779086434,130.52689647501643,90.0,117.91379779086434
7.959999999999918,0.0,-50.0,184.97379774330693,38.34670176970734,90.0,106.99249470106065,128.34670176970735,90.0,106.99249470106065
7.959999999999918,0.0,50.0,184.97379774330693,38.34670176970734,90.0,106.99249470106065,51.65329823029266,90.0,253.00750529893935
7.959999999999918,0.0,50.0,180.0,40.52689647501644,90.0,102.91379779086434,49.47310352498356,90.0,257.08620220913565
7.979999999999918,0.0,-50.0,180.0,40.52689647501644,90.0,102.91379779086434,130.52689647501643,90.0,117.91379779086434
7.979999999999918,0.0,-50.0,182.50666467129622,39.4397835306271,90.0,104.94576748696151,129.4397835306271,90.0,104.94576748696151
7.979999999999918,0.0,50.0,182.50666467129622,39.4397835306271,90.0,104.94576748696151,50.5602164693729,90.0,255.05423251303847
7.979999999999918,0.0,50.0,180.0,40.52689647501644,90.0,102.91379779086434,49.47310352498356,90.0,257.08620220913565
7.999999999999917,0.0,-50.0,180.0,40.52689647501644,90.0,102.91379779086434,130.52689647501643,90.0,117.91379779086434
7.999999999999917,0.0,-50.0,180.00000000001026,40.52689647501204,90.0,102.91379779087255,130.52689647501205,90.0,102.91379779087255
7.999999999999917,0.0,50.0,180.00000000001026,40.52689647501204,90.0,102.91379779087255,49.47310352498796,90.0,257.08620220912746
7.999999999999917,0.0,50.0,180.0,40.52689647501644,90.0,102.91379779086434,49.47310352498356,90.0,257.08620220913565
8.019999999999918,-0.0,-50.0,182.50666467127584,39.43978353063604,90.0,104.9457674869448,129.43978353063605,90.0,119.9457674869448
8.019999999999918,0.0,-50.0,180.0,40.52689647501644,90.0,102.91379779086434,130.52689647501643,90.0,102.91379779086434
8.019999999999918,0.0,50.0,180.0,40.52689647501644,90.0,102.91379779086434,49.47310352498356,90.0,257.08620220913565
8.019999999999918,-0.0,50.0,182.50666467127584,39.43978353063604,90.0,104.9457674869448,50.56021646936396,90.0,255.05423251305518
8.039999999999917,-0.0,-50.0,184.97379774328704,38.34670176971625,90.0,106.99249470104395,128.34670176971625,90.0,121.99249470104395
8.039999999999917,0.0,-50.0,180.0,40.52689647501644,90.0,102.91379779086434,130.52689647501643,90.0,102.91379779086434
8.039999999999917,0.0,50.0,180.0,40.52689647501644,90.0,102.91379779086434,49.47310352498356,90.0,257.08620220913565
8.039999999999917,-0.0,50.0,184.97379774328704,38.34670176971625,90.0,106.99249470104395,51.65329823028375,90.0,253.00750529895606
8.059999999999917,-0.0,-50.0,187.36249105368387,37.2644625608379,90.0,109.02227503992219,127.2644625608379,90.0,124.02227503992219
8.059999999999917,0.0,-50.0,180.0,40.52689647501644,90.0,102.91379779086434,130.52689647501643,90.0,102.91379779086434
8.059999999999917,0.0,50.0,180.0,40.52689647501644,90.0,102.91379779086434,49.47310352498356,90.0,257.08620220913565
8.059999999999917,-0.0,50.0,187.36249105368387,37.2644625608379,90.0,109.02227503992219,52.7355374391621,90.0,250.9777249600778
8.079999999999917,-0.0,-50.0,189.63507348202512,36.210913854307925,90.0,111.00127214310523,126.21091385430793,90.0,126.00127214310523
8.079999999999917,0.0,-50.0,180.0,40.52689647501644,90.0,102.91379779086434,130.52689647501643,90.0,102.91379779086434
8.079999999999917,0.0,50.0,180.0,40.52689647501644,90.0,102.91379779086434,49.47310352498356,90.0,257.08620220913565
8.079999999999917,-0.0,50.0,189.63507348202512,36.210913854307925,90.0,111.00127214310523,53.789086145692075,90.0,248.9987278568948
8.099999999999916,-0.0,-50.0,191.75570504584093,35.2047891267551,90.0,112.89382307578694,125.2047891267551,90.0,127.89382307578694
8.099999999999916,0.0,-50.0,180.0,40.52689647501644,90.0,102.91379779086434,130.52689647501643,90.0,102.91379779086434
8.099999999999916,0.0,50.0,180.0,40.52689647501644,90.0,102.91379779086434,49.47310352498356,90.0,257.08620220913565
8.099999999999916,-0.0,50.0,191.75570504584093,35.2047891267551,90.0,112.89382307578694,54.7952108732449,90.0,247.10617692421306
8.119999999999916,-0.0,-50.0,193.69094211856606,34.26544800044845,90.0,114.66295509976743,124.26544800044846,90.0,129.66295509976743
8.119999999999916,0.0,-50.0,180.0,40.52689647501644,90.0,102.91379779086434,130.52689647501643,90.0,102.91379779086434
8.119999999999916,0.0,50.0,180.0,40.52689647501644,90.0,102.91379779086434,49.47310352498356,90.0,257.08620220913565
8.119999999999916,-0.0,50.0,193.69094211856606,34.26544800044845,90.0,114.66295509976743,55.73455199955155,90.0,245.33704490023257
8.139999999999915,-0.0,-50.0,195.410264855509,33.4124753658923,90.0,116.2711760478578,123.4124753658923,90.0,131.2711760478578
8.139999999999915,0.0,-50.0,180.0,40.52689647501644,90.0,102.91379779086434,130.52689647501643,90.0,102.91379779086434
8.139999999999915,0.0,50.0,180.0,40.52689647501644,90.0,102.91379779086434,49.47310352498356,90.0,257.08620220913565
8.139999999999915,-0.0,50.0,195.410264855509,33.4124753658923,90.0,116.2711760478578,56.5875246341077,90.0,243.7288239521422
8.159999999999915,-0.0,-50.0,196.88655851003458,32.665113829683854,90.0,117.68158532760842,122.66511382968386,90.0,132.68158532760842
8.159999999999915,0.0,-50.0,180.0,40.52689647501644,90.0,102.91379779086434,130.52689647501643,90.0,102.91379779086434
8.159999999999915,0.0,50.0,180.0,40.52689647501644,90.0,102.91379779086434,49.47310352498356,90.0,257.08620220913565
8.159999999999915,-0.0,50.0,196.88655851003458,32.665113829683854,90.0,117.68158532760842,57.334886170316146,90.0,242.31841467239158
8.179999999999914,-0.0,-50.0,198.09654104931582,32.041524474195846,90.0,118.85931399794357,122.04152447419585,90.0,133.85931399794356
8.179999999999914,0.0,-50.0,180.0,40.52689647501644,90.0,102.91379779086434,130.52689647501643,90.0,102.91379779086434
8.179999999999914,0.0,50.0,180.0,40.52689647501644,90.0,102.91379779086434,49.47310352498356,90.0,257.08620220913565
8.179999999999914,-0.0,50.0,198.09654104931582,32.041524474195846,90.0,118.85931399794357,57.958475525804154,90.0,241.14068600205644
8.199999999999914,-0.0,-50.0,199.02113032589972,31.55790498144868,90.0,119.77323707536362,121.55790498144867,90.0,134.77323707536362
8.199999999999914,0.0,-50.0,180.0,40.52689647501644,90.0,102.91379779086434,130.52689647501643,90.0,102.91379779086434
8.199999999999914,0.0,50.0,180.0,40.52689647501644,90.0,102.91379779086434,49.47310352498356,90.0,257.08620220913565
8.199999999999914,-0.0,50.0,199.02113032589972,31.55790498144868,90.0,119.77323707536362,58.44209501855132,90.0,240.22676292463638
8.219999999999914,-0.0,-50.0,199.64574501457173,31.22753849387239,90.0,120.39781625095789,121.22753849387239,90.0,135.39781625095787
8.219999999999914,0.0,-50.0,180.0,40.52689647501644,90.0,102.91379779086434,130.52689647501643,90.0,102.91379779086434
8.219999999999914,0.0,50.0,180.0,40.52689647501644,90.0,102.91379779086434,49.47310352498356,90.0,257.08620220913565
8.219999999999914,-0.0,50.0,199.64574501457173,31.22753849387239,90.0,120.39781625095789,58.77246150612761,90.0,239.60218374904213
8.239999999999913,-0.0,-50.0,199.96053456856475,31.059889787850953,90.0,120.71484838764431,121.05988978785095,90.0,135.7148483876443
8.239999999999913,0.0,-50.0,180.0,40.52689647501644,90.0,102.91379779086434,130.52689647501643,90.0,102.91379779086434
8.239999999999913,0.0,50.0,180.0,40.52689647501644,90.0,102.91379779086434,49.47310352498356,90.0,257.08620220913565
8.239999999999913,-0.0,50.0,199.96053456856475,31.059889787850953,90.0,120.71484838764431,58.94011021214905,90.0,239.2851516123557
8.259999999999913,0.0,-50.0,199.96053456856612,31.059889787850228,90.0,120.71484838764569,121.05988978785022,90.0,135.7148483876457
8.259999999999913,0.0,-50.0,180.0,40.52689647501644,90.0,102.91379779086434,130.52689647501643,90.0,102.91379779086434
8.259999999999913,0.0,50.0,180.0,40.52689647501644,90.0,102.91379779086434,49.47310352498356,90.0,257.08620220913565
8.259999999999913,0.0,50.0,199.96053456856612,31.059889787850228,90.0,120.71484838764569,58.940110212149776,90.0,239.2851516123543
8.279999999999912,0.0,-50.0,199.64574501457582,31.22753849387021,90.0,120.39781625096201,121.22753849387021,90.0,135.39781625096202
8.279999999999912,0.0,-50.0,180.0,40.52689647501644,90.0,102.91379779086434,130.52689647501643,90.0,102.91379779086434
8.279999999999912,0.0,50.0,180.0,40.52689647501644,90.0,102.91379779086434,49.47310352498356,90.0,257.08620220913565
8.279999999999912,0.0,50.0,199.64574501457582,31.22753849387021,90.0,120.39781625096201,58.77246150612979,90.0,239.60218374903798
8.299999999999912,0.0,-50.0,199.02113032590648,31.557904981445116,90.0,119.77323707537035,121.55790498144512,90.0,134.77323707537033
8.299999999999912,0.0,-50.0,180.0,40.52689647501644,90.0,102.91379779086434,130.52689647501643,90.0,102.91379779086434
8.299999999999912,0.0,50.0,180.0,40.52689647501644,90.0,102.91379779086434,49.47310352498356,90.0,257.08620220913565
8.299999999999912,0.0,50.0,199.02113032590648,31.557904981445116,90.0,119.77323707537035,58.44209501855488,90.0,240.22676292462967
8.319999999999911,0.0,-50.0,198.09654104932514,32.04152447419099,90.0,118.85931399795274,122.041524474191,90.0,133.85931399795274
8.319999999999911,0.0,-50.0,180.0,40.52689647501644,90.0,102.91379779086434,130.52689647501643,90.0,102.91379779086434
8.319999999999911,0.0,50.0,180.0,40.52689647501644,90.0,102.91379779086434,49.47310352498356,90.0,257.08620220913565
8.319999999999911,0.0,50.0,198.09654104932514,32.04152447419099,90.0,118.85931399795274,57.95847552580901,90.0,241.14068600204726
8.339999999999911,0.0,-50.0,196.88655851004629,32.665113829677864,90.0,117.68158532761974,122.66511382967786,90.0,132.68158532761976
8.339999999999911,0.0,-50.0,180.0,40.52689647501644,90.0,102.91379779086434,130.52689647501643,90.0,102.91379779086434
8.339999999999911,0.0,50.0,180.0,40.52689647501644,90.0,102.91379779086434,49.47310352498356,90.0,257.08620220913565
8.339999999999911,0.0,50.0,196.88655851004629,32.665113829677864,90.0,117.68158532761974,57.334886170322136,90.0,242.31841467238024
8.35999999999991,0.0,-50.0,195.41026485552294,33.412475365885314,90.0,116.27117604787098,123.41247536588531,90.0,131.271176047871
8.35999999999991,0.0,-50.0,180.0,40.52689647501644,90.0,102.91379779086434,130.52689647501643,90.0,102.91379779086434
8.35999999999991,0.0,50.0,180.0,40.52689647501644,90.0,102.91379779086434,49.47310352498356,90.0,257.08620220913565
8.35999999999991,0.0,50.0,195.41026485552294,33.412475365885314,90.0,116.27117604787098,56.587524634114686,90.0,243.728823952129
8.37999999999991,0.0,-50.0,193.690942118582,34.26544800044062,90.0,114.6629550997822,124.26544800044061,90.0,129.6629550997822
8.37999999999991,0.0,-50.0,180.0,40.52689647501644,90.0,102.91379779086434,130.52689647501643,90.0,102.91379779086434
8.37999999999991,0.0,50.0,180.0,40.52689647501644,90.0,102.91379779086434,49.47310352498356,90.0,257.08620220913565
8.37999999999991,0.0,50.0,193.690942118582,34.26544800044062,90.0,114.6629550997822,55.73455199955938,90.0,245.3370449002178
8.39999999999991,0.0,-50.0,191.75570504585863,35.204789126746604,90.0,112.89382307580296,125.2047891267466,90.0,127.89382307580296
8.39999999999991,0.0,-50.0,180.0,40.52689647501644,90.0,102.91379779086434,130.52689647501643,90.0,102.91379779086434
8.39999999999991,0.0,50.0,180.0,40.52689647501644,90.0,102.91379779086434,49.47310352498356,90.0,257.08620220913565
8.39999999999991,0.0,50.0,191.75570504585863,35.204789126746604,90.0,112.89382307580296,54.795210873253396,90.0,247.10617692419703
8.41999999999991,0.0,-50.0,189.63507348204428,36.21091385429894,90.0,111.00127214312212,126.21091385429894,90.0,126.00127214312212
8.41999999999991,0.0,-50.0,180.0,40.52689647501644,90.0,102.91379779086434,130.52689647501643,90.0,102.91379779086434
8.41999999999991,0.0,50.0,180.0,40.52689647501644,90.0,102.91379779086434,49.47310352498356,90.0,257.08620220913565
8.41999999999991,0.0,50.0,189.63507348204428,36.21091385429894,90.0,111.00127214312212,53.78908614570106,90.0,248.99872785687788
8.439999999999909,0.0,-50.0,187.36249105370422,37.264462560828576,90.0,109.0222750399397,127.26446256082858,90.0,124.0222750399397
8.439999999999909,0.0,-50.0,180.0,40.52689647501644,90.0,102.91379779086434,130.52689647501643,90.0,102.91379779086434
8.439999999999909,0.0,50.0,180.0,40.52689647501644,90.0,102.91379779086434,49.47310352498356,90.0,257.08620220913565
8.439999999999909,0.0,50.0,187.36249105370422,37.264462560828576,90.0,109.0222750399397,52.735537439171424,90.0,250.9777249600603
8.459999999999908,0.0,-50.0,184.97379774330824,38.34670176970675,90.0,106.99249470106176,128.34670176970675,90.0,121.99249470106176
8.459999999999908,0.0,-50.0,180.0,40.52689647501644,90.0,102.91379779086434,130.52689647501643,90.0,102.91379779086434
8.459999999999908,0.0,50.0,180.0,40.52689647501644,90.0,102.91379779086434,49.47310352498356,90.0,257.08620220913565
8.459999999999908,0.0,50.0,184.97379774330824,38.34670176970675,90.0,106.99249470106176,51.65329823029325,90.0,253.00750529893824
8.479999999999908,0.0,-50.0,182.50666467129756,39.43978353062652,90.0,104.94576748696261,129.43978353062653,90.0,119.94576748696261
8.479999999999908,0.0,-50.0,180.0,40.52689647501644,90.0,102.91379779086434,130.52689647501643,90.0,102.91379779086434
8.479999999999908,0.0,50.0,180.0,40.52689647501644,90.0,102.91379779086434,49.47310352498356,90.0,257.08620220913565
8.479999999999908,0.0,50.0,182.50666467129756,39.43978353062652,90.0,104.94576748696261,50.56021646937348,90.0,255.0542325130374
8.499999999999908,0.0,-50.0,180.00000000001162,40.526896475011455,90.0,102.91379779087364,130.52689647501145,90.0,117.91379779087364
8.499999999999908,0.0,-50.0,180.0,40.52689647501644,90.0,102.91379779086434,130.52689647501643,90.0,102.91379779086434
8.499999999999908,0.0,50.0,180.0,40.52689647501644,90.0,102.91379779086434,49.47310352498356,90.0,257.08620220913565
8.499999999999908,0.0,50.0,180.00000000001162,40.526896475011455,90.0,102.91379779087364,49.473103524988545,90.0,257.0862022091263
8.519999999999907,0.0,-50.0,180.0,40.52689647501644,90.0,102.91379779086434,130.52689647501643,90.0,117.91379779086434
8.519999999999907,-0.0,-50.0,182.5066646712745,39.439783530636625,90.0,104.94576748694371,129.43978353063662,90.0,104.94576748694371
8.519999999999907,-0.0,50.0,182.5066646712745,39.439783530636625,90.0,104.94576748694371,50.560216469363375,90.0,255.0542325130563
8.519999999999907,0.0,50.0,180.0,40.52689647501644,90.0,102.91379779086434,49.47310352498356,90.0,257.08620220913565
8.539999999999907,0.0,-50.0,180.0,40.52689647501644,90.0,102.91379779086434,130.52689647501643,90.0,117.91379779086434
8.539999999999907,-0.0,-50.0,184.97379774328576,38.346701769716816,90.0,106.99249470104289,128.34670176971682,90.0,106.99249470104289
8.539999999999907,-0.0,50.0,184.97379774328576,38.346701769716816,90.0,106.99249470104289,51.653298230283184,90.0,253.0075052989571
8.539999999999907,0.0,50.0,180.0,40.52689647501644,90.0,102.91379779086434,49.47310352498356,90.0,257.08620220913565
8.559999999999906,0.0,-50.0,180.0,40.52689647501644,90.0,102.91379779086434,130.52689647501643,90.0,117.91379779086434
8.559999999999906,-0.0,-50.0,187.36249105368262,37.26446256083846,90.0,109.02227503992113,127.26446256083847,90.0,109.02227503992113
8.559999999999906,-0.0,50.0,187.36249105368262,37.26446256083846,90.0,109.02227503992113,52.73553743916154,90.0,250.9777249600789
8.559999999999906,0.0,50.0,180.0,40.52689647501644,90.0,102.91379779086434,49.47310352498356,90.0,257.08620220913565
8.579999999999906,0.0,-50.0,180.0,40.52689647501644,90.0,102.91379779086434,130.52689647501643,90.0,117.91379779086434
8.579999999999906,-0.0,-50.0,189.63507348202396,36.21091385430847,90.00000000000001,111.0012721431042,126.21091385430847,89.99999999999999,111.0012721431042
8.579999999999906,-0.0,50.0,189.63507348202396,36.21091385430847,90.00000000000001,111.0012721431042,53.78908614569153,90.00000000000001,248.9987278568958
8.579999999999906,0.0,50.0,180.0,40.52689647501644,90.0,102.91379779086434,49.47310352498356,90.0,257.08620220913565
8.599999999999905,0.0,-50.0,180.0,40.52689647501644,90.0,102.91379779086434,130.52689647501643,90.0,117.91379779086434
8.599999999999905,-0.0,-50.0,191.75570504583985,35.204789126755614,90.0,112.89382307578597,125.20478912675561,90.0,112.89382307578597
8.599999999999905,-0.0,50.0,191.75570504583985,35.204789126755614,90.0,112.89382307578597,54.795210873244386,90.0,247.10617692421403
8.599999999999905,0.0,50.0,180.0,40.52689647501644,90.0,102.91379779086434,49.47310352498356,90.0,257.08620220913565
8.619999999999905,0.0,-50.0,180.0,40.52689647501644,90.0,102.91379779086434,130.52689647501643,90.0,117.91379779086434
8.619999999999905,-0.0,-50.0,193.6909421185651,34.265448000448934,90.0,114.66295509976652,124.26544800044894,90.0,114.66295509976652
8.619999999999905,-0.0,50.0,193.6909421185651,34.265448000448934,90.0,114.66295509976652,55.734551999551066,90.0,245.33704490023348
8.619999999999905,0.0,50.0,180.0,40.52689647501644,90.0,102.91379779086434,49.47310352498356,90.0,257.08620220913565
8.639999999999905,0.0,-50.0,180.0,40.52689647501644,90.0,102.91379779086434,130.52689647501643,90.0,117.91379779086434
8.639999999999905,-0.0,-50.0,195.41026485550816,33.41247536589273,90.00000000000001,116.27117604785698,123.41247536589273,89.99999999999999,116.27117604785698
8.639999999999905,-0.0,50.0,195.41026485550816,33.41247536589273,90.00000000000001,116.27117604785698,56.58752463410727,90.00000000000001,243.72882395214302
8.639999999999905,0.0,50.0,180.0,40.52689647501644,90.0,102.91379779086434,49.47310352498356,90.0,257.08620220913565
8.659999999999904,0.0,-50.0,180.0,40.52689647501644,90.0,102.91379779086434,130.52689647501643,90.0,117.91379779086434
8.659999999999904,-0.0,-50.0,196.88655851003386,32.66511382968421,90.0,117.68158532760776,122.6651138296842,90.0,117.68158532760776
8.659999999999904,-0.0,50.0,196.88655851003386,32.66511382968421,90.0,117.68158532760776,57.33488617031579,90.0,242.31841467239224
8.659999999999904,0.0,50.0,180.0,40.52689647501644,90.0,102.91379779086434,49.47310352498356,90.0,257.08620220913565
8.679999999999904,0.0,-50.0,180.0,40.52689647501644,90.0,102.91379779086434,130.52689647501643,90.0,117.91379779086434
8.679999999999904,-0.0,-50.0,198.09654104931525,32.04152447419614,90.00000000000001,118.85931399794302,122.04152447419614,89.99999999999999,118.85931399794302
8.679999999999904,-0.0,50.0,198.09654104931525,32.04152447419614,90.00000000000001,118.85931399794302,57.95847552580386,90.00000000000001,241.14068600205698
8.679999999999904,0.0,50.0,180.0,40.52689647501644,90.0,102.91379779086434,49.47310352498356,90.0,257.08620220913565
8.699999999999903,0.0,-50.0,180.0,40.52689647501644,90.0,102.91379779086434,130.52689647501643,90.0,117.91379779086434
8.699999999999903,-0.0,-50.0,199.02113032589932,31.557904981448868,90.0,119.77323707536326,121.55790498144887,90.0,119.77323707536326
8.699999999999903,-0.0,50.0,199.02113032589932,31.557904981448868,90.0,119.77323707536326,58.44209501855113,90.0,240.22676292463674
8.699999999999903,0.0,50.0,180.0,40.52689647501644,90.0,102.91379779086434,49.47310352498356,90.0,257.08620220913565
8.719999999999903,0.0,-50.0,180.0,40.52689647501644,90.0,102.91379779086434,130.52689647501643,90.0,117.91379779086434
8.719999999999903,-0.0,-50.0,199.6457450145715,31.227538493872526,90.0,120.39781625095763,121.22753849387253,90.0,120.39781625095763
8.719999999999903,-0.0,50.0,199.6457450145715,31.227538493872526,90.0,120.39781625095763,58.77246150612747,90.0,239.60218374904235
8.719999999999903,0.0,50.0,180.0,40.52689647501644,90.0,102.91379779086434,49.47310352498356,90.0,257.08620220913565
8.739999999999903,0.0,-50.0,180.0,40.52689647501644,90.0,102.91379779086434,130.52689647501643,90.0,117.91379779086434
8.739999999999903,-0.0,-50.0,199.96053456856467,31.059889787851002,90.00000000000001,120.71484838764421,121.059889787851,89.99999999999999,120.71484838764421
8.739999999999903,-0.0,50.0,199.96053456856467,31.059889787851002,90.00000000000001,120.71484838764421,58.940110212148994,90.00000000000001,239.28515161235578
8.739999999999903,0.0,50.0,180.0,40.52689647501644,90.0,102.91379779086434,49.47310352498356,90.0,257.08620220913565
8.759999999999902,0.0,-50.0,180.0,40.52689647501644,90.0,102.91379779086434,130.52689647501643,90.0,117.91379779086434
8.759999999999902,0.0,-50.0,199.9605345685662,31.05988978785018,90.00000000000001,120.71484838764576,121.05988978785018,89.99999999999999,120.71484838764576
8.759999999999902,0.0,50.0,199.9605345685662,31.05988978785018,90.00000000000001,120.71484838764576,58.94011021214982,90.00000000000001,239.28515161235424
8.759999999999902,0.0,50.0,180.0,40.52689647501644,90.0,102.91379779086434,49.47310352498356,90.0,257.08620220913565
8.779999999999902,0.0,-50.0,180.0,40.52689647501644,90.0,102.91379779086434,130.52689647501643,90.0,117.91379779086434
8.779999999999902,0.0,-50.0,199.64574501457608,31.227538493870075,90.0,120.39781625096226,121.22753849387007,90.0,120.39781625096226
8.779999999999902,0.0,50.0,199.64574501457608,31.227538493870075,90.0,120.39781625096226,58.77246150612993,90.0,239.60218374903775
8.779999999999902,0.0,50.0,180.0,40.52689647501644,90.0,102.91379779086434,49.47310352498356,90.0,257.08620220913565
8.799999999999901,0.0,-50.0,180.0,40.52689647501644,90.0,102.91379779086434,130.52689647501643,90.0,117.91379779086434
8.799999999999901,0.0,-50.0,199.0211303259069,31.557904981444892,90.0,119.77323707537079,121.55790498144489,90.0,119.77323707537079
8.799999999999901,0.0,50.0,199.0211303259069,31.557904981444892,90.0,119.77323707537079,58.44209501855511,90.0,240.2267629246292
8.799999999999901,0.0,50.0,180.0,40.52689647501644,90.0,102.91379779086434,49.47310352498356,90.0,257.08620220913565
8.8199999999999,0.0,-50.0,180.0,40.52689647501644,90.0,102.91379779086434,130.52689647501643,90.0,117.91379779086434
8.8199999999999,0.0,-50.0,198.0965410493257,32.041524474190695,90.0,118.8593139979533,122.0415244741907,90.0,118.8593139979533
8.8199999999999,0.0,50.0,198.0965410493257,32.041524474190695,90.0,118.8593139979533,57.958475525809305,90.0,241.14068600204672
8.8199999999999,0.0,50.0,180.0,40.52689647501644,90.0,102.91379779086434,49.47310352498356,90.0,257.08620220913565
8.8399999999999,0.0,-50.0,180.0,40.52689647501644,90.0,102.91379779086434,130.52689647501643,90.0,117.91379779086434
8.8399999999999,0.0,-50.0,196.886558510047,32.665113829677516,90.00000000000001,117.68158532762041,122.66511382967752,89.99999999999999,117.68158532762041
8.8399999999999,0.0,50.0,196.886558510047,32.665113829677516,90.00000000000001,117.68158532762041,57.334886170322484,90.00000000000001,242.3184146723796
8.8399999999999,0.0,50.0,180.0,40.52689647501644,90.0,102.91379779086434,49.47310352498356,90.0,257.08620220913565
8.8599999999999,0.0,-50.0,180.0,40.52689647501644,90.0,102.91379779086434,130.52689647501643,90.0,117.91379779086434
8.8599999999999,0.0,-50.0,195.4102648555238,33.41247536588488,90.0,116.27117604787179,123.41247536588489,90.0,116.27117604787179
8.8599999999999,0.0,50.0,195.4102648555238,33.41247536588488,90.0,116.27117604787179,56.58752463411512,90.0,243.7288239521282
8.8599999999999,0.0,50.0,180.0,40.52689647501644,90.0,102.91379779086434,49.47310352498356,90.0,257.08620220913565
8.8799999999999,0.0,-50.0,180.0,40.52689647501644,90.0,102.91379779086434,130.52689647501643,90.0,117.91379779086434
8.8799999999999,0.0,-50.0,193.69094211858297,34.26544800044015,90.0,114.66295509978306,124.26544800044016,90.0,114.66295509978306
8.8799999999999,0.0,50.0,193.69094211858297,34.26544800044015,90.0,114.66295509978306,55.73455199955985,90.0,245.33704490021694
8.8799999999999,0.0,50.0,180.0,40.52689647501644,90.0,102.91379779086434,49.47310352498356,90.0,257.08620220913565
8.899999999999899,0.0,-50.0,180.0,40.52689647501644,90.0,102.91379779086434,130.52689647501643,90.0,117.91379779086434
8.899999999999899,0.0,-50.0,191.7557050458597,35.20478912674608,90.0,112.89382307580394,125.20478912674608,90.0,112.89382307580394
8.899999999999899,0.0,50.0,191.7557050458597,35.20478912674608,90.0,112.89382307580394,54.79521087325392,90.0,247.10617692419606
8.899999999999899,0.0,50.0,180.0,40.52689647501644,90.0,102.91379779086434,49.47310352498356,90.0,257.08620220913565
8.919999999999899,0.0,-50.0,180.0,40.52689647501644,90.0,102.91379779086434,130.52689647501643,90.0,117.91379779086434
8.919999999999899,0.0,-50.0,189.63507348204547,36.21091385429839,90.0,111.00127214312316,126.21091385429838,90.0,111.00127214312316
8.919999999999899,0.0,50.0,189.63507348204547,36.21091385429839,90.0,111.00127214312316,53.78908614570161,90.0,248.99872785687683
8.919999999999899,0.0,50.0,180.0,40.52689647501644,90.0,102.91379779086434,49.47310352498356,90.0,257.08620220913565
8.939999999999898,0.0,-50.0,180.0,40.52689647501644,90.0,102.91379779086434,130.52689647501643,90.0,117.91379779086434
8.939999999999898,0.0,-50.0,187.36249105370544,37.264462560828015,90.0,109.02227503994075,127.26446256082801,90.0,109.02227503994075
8.939999999999898,0.0,50.0,187.36249105370544,37.264462560828015,90.0,109.02227503994075,52.735537439171985,90.0,250.97772496005925
8.939999999999898,0.0,50.0,180.0,40.52689647501644,90.0,102.91379779086434,49.47310352498356,90.0,257.08620220913565
8.959999999999898,0.0,-50.0,180.0,40.52689647501644,90.0,102.91379779086434,130.52689647501643,90.0,117.91379779086434
8.959999999999898,0.0,-50.0,184.97379774330955,38.346701769706165,90.0,106.99249470106285,128.34670176970616,90.0,106.99249470106285
8.959999999999898,0.0,50.0,184.97379774330955,38.346701769706165,90.0,106.99249470106285,51.653298230293835,90.0,253.00750529893713
8.959999999999898,0.0,50.0,180.0,40.52689647501644,90.0,102.91379779086434,49.47310352498356,90.0,257.08620220913565
8.979999999999897,0.0,-50.0,180.0,40.52689647501644,90.0,102.91379779086434,130.52689647501643,90.0,117.91379779086434
8.979999999999897,0.0,-50.0,182.50666467129886,39.43978353062595,90.00000000000001,104.94576748696369,129.43978353062596,89.99999999999999,104.94576748696369
8.979999999999897,0.0,50.0,182.50666467129886,39.43978353062595,90.00000000000001,104.94576748696369,50.56021646937405,90.00000000000001,255.0542325130363
8.979999999999897,0.0,50.0,180.0,40.52689647501644,90.0,102.91379779086434,49.47310352498356,90.0,257.08620220913565
8.999999999999897,0.0,-50.0,180.0,40.52689647501644,90.0,102.91379779086434,130.52689647501643,90.0,117.91379779086434
8.999999999999897,0.0,-50.0,180.00000000001296,40.52689647501087,90.00000000000001,102.91379779087474,130.52689647501086,89.99999999999999,102.91379779087474
8.999999999999897,0.0,50.0,180.00000000001296,40.52689647501087,90.00000000000001,102.91379779087474,49.47310352498913,90.00000000000001,257.08620220912525
8.999999999999897,0.0,50.0,180.0,40.52689647501644,90.0,102.91379779086434,49.47310352498356,90.0,257.08620220913565
9.019999999999897,-0.0,-50.0,182.5066646712732,39.43978353063719,90.0,104.94576748694263,129.4397835306372,90.0,119.94576748694263
9.019999999999897,0.0,-50.0,180.0,40.52689647501644,90.0,102.91379779086434,130.52689647501643,90.0,102.91379779086434
9.019999999999897,0.0,50.0,180.0,40.52689647501644,90.0,102.91379779086434,49.47310352498356,90.0,257.08620220913565
9.019999999999897,-0.0,50.0,182.5066646712732,39.43978353063719,90.0,104.94576748694263,50.56021646936281,90.0,255.05423251305737
9.039999999999896,-0.0,-50.0,184.97379774328445,38.34670176971741,90.0,106.99249470104178,128.3467017697174,90.0,121.99249470104178
9.039999999999896,0.0,-50.0,180.0,40.52689647501644,90.0,102.91379779086434,130.52689647501643,90.0,102.91379779086434
9.039999999999896,0.0,50.0,180.0,40.52689647501644,90.0,102.91379779086434,49.47310352498356,90.0,257.08620220913565
9.039999999999896,-0.0,50.0,184.97379774328445,38.34670176971741,90.0,106.99249470104178,51.65329823028259,90.0,253.00750529895822
9.059999999999896,-0.0,-50.0,187.36249105368137,37.26446256083904,90.0,109.02227503992003,127.26446256083904,90.0,124.02227503992003
9.059999999999896,0.0,-50.0,180.0,40.52689647501644,90.0,102.91379779086434,130.52689647501643,90.0,102.91379779086434
9.059999999999896,0.0,50.0,180.0,40.52689647501644,90.0,102.91379779086434,49.47310352498356,90.0,257.08620220913565
9.059999999999896,-0.0,50.0,187.36249105368137,37.26446256083904,90.0,109.02227503992003,52.73553743916096,90.0,250.97772496007997
9.079999999999895,-0.0,-50.0,189.63507348202276,36.21091385430904,90.00000000000001,111.00127214310314,126.21091385430904,89.99999999999999,126.00127214310314
9.079999999999895,0.0,-50.0,180.0,40.52689647501644,90.0,102.91379779086434,130.52689647501643,90.0,102.91379779086434
9.079999999999895,0.0,50.0,180.0,40.52689647501644,90.0,102.91379779086434,49.47310352498356,90.0,257.08620220913565
9.079999999999895,-0.0,50.0,189.63507348202276,36.21091385430904,90.00000000000001,111.00127214310314,53.78908614569096,90.00000000000001,248.99872785689686
9.099999999999895,-0.0,-50.0,191.75570504583877,35.20478912675614,90.0,112.893823075785,125.20478912675614,90.0,127.893823075785
9.099999999999895,0.0,-50.0,180.0,40.52689647501644,90.0,102.91379779086434,130.52689647501643,90.0,102.91379779086434
9.099999999999895,0.0,50.0,180.0,40.52689647501644,90.0,102.91379779086434,49.47310352498356,90.0,257.08620220913565
9.099999999999895,-0.0,50.0,191.75570504583877,35.20478912675614,90.0,112.893823075785,54.79521087324386,90.0,247.106176924215
9.119999999999894,-0.0,-50.0,193.6909421185641,34.26544800044942,90.0,114.6629550997656,124.26544800044942,90.0,129.6629550997656
9.119999999999894,0.0,-50.0,180.0,40.52689647501644,90.0,102.91379779086434,130.52689647501643,90.0,102.91379779086434
9.119999999999894,0.0,50.0,180.0,40.52689647501644,90.0,102.91379779086434,49.47310352498356,90.0,257.08620220913565
9.119999999999894,-0.0,50.0,193.6909421185641,34.26544800044942,90.0,114.6629550997656,55.73455199955058,90.0,245.3370449002344
9.139999999999894,-0.0,-50.0,195.41026485550728,33.412475365893165,90.0,116.27117604785616,123.41247536589316,90.0,131.27117604785616
9.139999999999894,0.0,-50.0,180.0,40.52689647501644,90.0,102.91379779086434,130.52689647501643,90.0,102.91379779086434
9.139999999999894,0.0,50.0,180.0,40.52689647501644,90.0,102.91379779086434,49.47310352498356,90.0,257.08620220913565
9.139999999999894,-0.0,50.0,195.41026485550728,33.412475365893165,90.0,116.27117604785616,56.587524634106835,90.0,243.72882395214384
9.159999999999894,-0.0,-50.0,196.88655851003313,32.665113829684586,90.0,117.68158532760705,122.66511382968459,90.0,132.68158532760705
9.159999999999894,0.0,-50.0,180.0,40.52689647501644,90.0,102.91379779086434,130.52689647501643,90.0,102.91379779086434
9.159999999999894,0.0,50.0,180.0,40.52689647501644,90.0,102.91379779086434,49.47310352498356,90.0,257.08620220913565
9.159999999999894,-0.0,50.0,196.88655851003313,32.665113829684586,90.0,117.68158532760705,57.334886170315414,90.0,242.31841467239295
9.179999999999893,-0.0,-50.0,198.09654104931468,32.04152447419643,90.00000000000001,118.85931399794245,122.04152447419642,89.99999999999999,133.85931399794245
9.179999999999893,0.0,-50.0,180.0,40.52689647501644,90.0,102.91379779086434,130.52689647501643,90.0,102.91379779086434
9.179999999999893,0.0,50.0,180.0,40.52689647501644,90.0,102.91379779086434,49.47310352498356,90.0,257.08620220913565
9.179999999999893,-0.0,50.0,198.09654104931468,32.04152447419643,90.00000000000001,118.85931399794245,57.95847552580357,90.00000000000001,241.14068600205755
9.199999999999893,-0.0,-50.0,199.0211303258989,31.55790498144911,90.0,119.77323707536279,121.55790498144911,90.0,134.77323707536277
9.199999999999893,0.0,-50.0,180.0,40.52689647501644,90.0,102.91379779086434,130.52689647501643,90.0,102.91379779086434
9.199999999999893,0.0,50.0,180.0,40.52689647501644,90.0,102.91379779086434,49.47310352498356,90.0,257.08620220913565
9.199999999999893,-0.0,50.0,199.0211303258989,31.55790498144911,90.0,119.77323707536279,58.44209501855089,90.0,240.22676292463723
9.219999999999892,-0.0,-50.0,199.64574501457125,31.227538493872657,90.0,120.39781625095738,121.22753849387266,90.0,135.39781625095736
9.219999999999892,0.0,-50.0,180.0,40.52689647501644,90.0,102.91379779086434,130.52689647501643,90.0,102.91379779086434
9.219999999999892,0.0,50.0,180.0,40.52689647501644,90.0,102.91379779086434,49.47310352498356,90.0,257.08620220913565
9.219999999999892,-0.0,50.0,199.64574501457125,31.227538493872657,90.0,120.39781625095738,58.77246150612734,90.0,239.60218374904264
9.239999999999892,-0.0,-50.0,199.96053456856458,31.05988978785105,90.0,120.71484838764412,121.05988978785105,90.0,135.7148483876441
9.239999999999892,0.0,-50.0,180.0,40.52689647501644,90.0,102.91379779086434,130.52689647501643,90.0,102.91379779086434
9.239999999999892,0.0,50.0,180.0,40.52689647501644,90.0,102.91379779086434,49.47310352498356,90.0,257.08620220913565
9.239999999999892,-0.0,50.0,199.96053456856458,31.05988978785105,90.0,120.71484838764412,58.94011021214895,90.0,239.2851516123559
9.259999999999891,0.0,-50.0,199.9605345685663,31.059889787850146,90.0,120.71484838764583,121.05988978785015,90.0,135.71484838764582
9.259999999999891,0.0,-50.0,180.0,40.52689647501644,90.0,102.91379779086434,130.52689647501643,90.0,102.91379779086434
9.259999999999891,0.0,50.0,180.0,40.52689647501644,90.0,102.91379779086434,49.47310352498356,90.0,257.08620220913565
9.259999999999891,0.0,50.0,199.9605345685663,31.059889787850146,90.0,120.71484838764583,58.940110212149854,90.0,239.28515161235418
9.279999999999891,0.0,-50.0,199.64574501457633,31.227538493869943,90.00000000000001,120.39781625096252,121.22753849386994,89.99999999999999,135.39781625096253
9.279999999999891,0.0,-50.0,180.0,40.52689647501644,90.0,102.91379779086434,130.52689647501643,90.0,102.91379779086434
9.279999999999891,0.0,50.0,180.0,40.52689647501644,90.0,102.91379779086434,49.47310352498356,90.0,257.08620220913565
9.279999999999891,0.0,50.0,199.64574501457633,31.227538493869943,90.00000000000001,120.39781625096252,58.77246150613006,90.00000000000001,239.60218374903747
9.29999999999989,0.0,-50.0,199.02113032590734,31.557904981444658,90.0,119.77323707537121,121.55790498144466,90.0,134.7732370753712
9.29999999999989,0.0,-50.0,180.0,40.52689647501644,90.0,102.91379779086434,130.52689647501643,90.0,102.91379779086434
9.29999999999989,0.0,50.0,180.0,40.52689647501644,90.0,102.91379779086434,49.47310352498356,90.0,257.08620220913565
9.29999999999989,0.0,50.0,199.02113032590734,31.557904981444658,90.0,119.77323707537121,58.44209501855534,90.0,240.2267629246288
9.31999999999989,0.0,-50.0,198.09654104932628,32.0415244741904,90.0,118.85931399795386,122.0415244741904,90.0,133.85931399795385
9.31999999999989,0.0,-50.0,180.0,40.52689647501644,90.0,102.91379779086434,130.52689647501643,90.0,102.91379779086434
9.31999999999989,0.0,50.0,180.0,40.52689647501644,90.0,102.91379779086434,49.47310352498356,90.0,257.08620220913565
9.31999999999989,0.0,50.0,198.09654104932628,32.0415244741904,90.0,118.85931399795386,57.9584755258096,90.0,241.14068600204615
9.33999999999989,0.0,-50.0,196.88655851004773,32.665113829677125,90.00000000000001,117.68158532762112,122.66511382967713,89.99999999999999,132.68158532762112
9.33999999999989,0.0,-50.0,180.0,40.52689647501644,90.0,102.91379779086434,130.52689647501643,90.0,102.91379779086434
9.33999999999989,0.0,50.0,180.0,40.52689647501644,90.0,102.91379779086434,49.47310352498356,90.0,257.08620220913565
9.33999999999989,0.0,50.0,196.88655851004773,32.665113829677125,90.00000000000001,117.68158532762112,57.334886170322875,90.00000000000001,242.31841467237888
9.35999999999989,0.0,-50.0,195.41026485552464,33.412475365884454,90.0,116.2711760478726,123.41247536588446,90.0,131.2711760478726
9.35999999999989,0.0,-50.0,180.0,40.52689647501644,90.0,102.91379779086434,130.52689647501643,90.0,102.91379779086434
9.35999999999989,0.0,50.0,180.0,40.52689647501644,90.0,102.91379779086434,49.47310352498356,90.0,257.08620220913565
9.35999999999989,0.0,50.0,195.41026485552464,33.412475365884454,90.0,116.2711760478726,56.587524634115546,90.0,243.7288239521274
9.379999999999889,0.0,-50.0,193.69094211858396,34.26544800043966,90.00000000000001,114.662955099784,124.26544800043966,89.99999999999999,129.662955099784
9.379999999999889,0.0,-50.0,180.0,40.52689647501644,90.0,102.91379779086434,130.52689647501643,90.0,102.91379779086434
9.379999999999889,0.0,50.0,180.0,40.52689647501644,90.0,102.91379779086434,49.47310352498356,90.0,257.08620220913565
9.379999999999889,0.0,50.0,193.69094211858396,34.26544800043966,90.00000000000001,114.662955099784,55.73455199956034,90.00000000000001,245.337044900216
9.399999999999888,0.0,-50.0,191.7557050458608,35.20478912674557,90.0,112.8938230758049,125.20478912674557,90.0,127.8938230758049
9.399999999999888,0.0,-50.0,180.0,40.52689647501644,90.0,102.91379779086434,130.52689647501643,90.0,102.91379779086434
9.399999999999888,0.0,50.0,180.0,40.52689647501644,90.0,102.91379779086434,49.47310352498356,90.0,257.08620220913565
9.399999999999888,0.0,50.0,191.7557050458608,35.20478912674557,90.0,112.8938230758049,54.79521087325443,90.0,247.1061769241951
9.419999999999888,0.0,-50.0,189.63507348204664,36.210913854297836,90.0,111.00127214312421,126.21091385429784,90.0,126.00127214312421
9.419999999999888,0.0,-50.0,180.0,40.52689647501644,90.0,102.91379779086434,130.52689647501643,90.0,102.91379779086434
9.419999999999888,0.0,50.0,180.0,40.52689647501644,90.0,102.91379779086434,49.47310352498356,90.0,257.08620220913565
9.419999999999888,0.0,50.0,189.63507348204664,36.210913854297836,90.0,111.00127214312421,53.789086145702164,90.0,248.9987278568758
9.439999999999888,0.0,-50.0,187.3624910537067,37.26446256082744,90.0,109.02227503994183,127.26446256082744,90.0,124.02227503994183
9.439999999999888,0.0,-50.0,180.0,40.52689647501644,90.0,102.91379779086434,130.52689647501643,90.0,102.91379779086434
9.439999999999888,0.0,50.0,180.0,40.52689647501644,90.0,102.91379779086434,49.47310352498356,90.0,257.08620220913565
9.439999999999888,0.0,50.0,187.3624910537067,37.26446256082744,90.0,109.02227503994183,52.73553743917256,90.0,250.97772496005817
9.459999999999887,0.0,-50.0,184.97379774331083,38.3467017697056,90.0,106.99249470106392,128.3467017697056,90.0,121.99249470106392
9.459999999999887,0.0,-50.0,180.0,40.52689647501644,90.0,102.91379779086434,130.52689647501643,90.0,102.91379779086434
9.459999999999887,0.0,50.0,180.0,40.52689647501644,90.0,102.91379779086434,49.47310352498356,90.0,257.08620220913565
9.459999999999887,0.0,50.0,184.97379774331083,38.3467017697056,90.0,106.99249470106392,51.6532982302944,90.0,253.00750529893608
9.479999999999887,0.0,-50.0,182.5066646713002,39.43978353062536,90.0,104.94576748696478,129.43978353062536,90.0,119.94576748696478
9.479999999999887,0.0,-50.0,180.0,40.52689647501644,90.0,102.91379779086434,130.52689647501643,90.0,102.91379779086434
9.479999999999887,0.0,50.0,180.0,40.52689647501644,90.0,102.91379779086434,49.47310352498356,90.0,257.08620220913565
9.479999999999887,0.0,50.0,182.5066646713002,39.43978353062536,90.0,104.94576748696478,50.56021646937464,90.0,255.05423251303523
9.499999999999886,0.0,-50.0,180.0000000000143,40.52689647501032,90.0,102.9137977908758,130.52689647501032,90.0,117.9137977908758
9.499999999999886,0.0,-50.0,180.0,40.52689647501644,90.0,102.91379779086434,130.52689647501643,90.0,102.91379779086434
9.499999999999886,0.0,50.0,180.0,40.52689647501644,90.0,102.91379779086434,49.47310352498356,90.0,257.08620220913565
9.499999999999886,0.0,50.0,180.0000000000143,40.52689647501032,90.0,102.9137977908758,49.47310352498968,90.0,257.08620220912417
9.519999999999886,0.0,-50.0,180.0,40.52689647501644,90.0,102.91379779086434,130.52689647501643,90.0,117.91379779086434
9.519999999999886,-0.0,-50.0,182.50666467127186,39.43978353063779,90.0,104.94576748694153,129.43978353063778,90.0,104.94576748694153
9.519999999999886,-0.0,50.0,182.50666467127186,39.43978353063779,90.0,104.94576748694153,50.56021646936221,90.0,255.05423251305848
9.519999999999886,0.0,50.0,180.0,40.52689647501644,90.0,102.91379779086434,49.47310352498356,90.0,257.08620220913565
9.539999999999885,0.0,-50.0,180.0,40.52689647501644,90.0,102.91379779086434,130.52689647501643,90.0,117.91379779086434
9.539999999999885,-0.0,-50.0,184.97379774328314,38.34670176971799,90.0,106.99249470104068,128.34670176971798,90.0,106.99249470104068
9.539999999999885,-0.0,50.0,184.97379774328314,38.34670176971799,90.0,106.99249470104068,51.65329823028201,90.0,253.0075052989593
9.539999999999885,0.0,50.0,180.0,40.52689647501644,90.0,102.91379779086434,49.47310352498356,90.0,257.08620220913565
9.559999999999885,0.0,-50.0,180.0,40.52689647501644,90.0,102.91379779086434,130.52689647501643,90.0,117.91379779086434
9.559999999999885,-0.0,-50.0,187.36249105368012,37.26446256083961,90.0,109.02227503991898,127.2644625608396,90.0,109.02227503991898
9.559999999999885,-0.0,50.0,187.36249105368012,37.26446256083961,90.0,109.02227503991898,52.73553743916039,90.0,250.97772496008102
9.559999999999885,0.0,50.0,180.0,40.52689647501644,90.0,102.91379779086434,49.47310352498356,90.0,257.08620220913565
9.579999999999885,0.0,-50.0,180.0,40.52689647501644,90.0,102.91379779086434,130.52689647501643,90.0,117.91379779086434
9.579999999999885,-0.0,-50.0,189.6350734820216,36.210913854309574,90.0,111.00127214310213,126.21091385430958,90.0,111.00127214310213
9.579999999999885,-0.0,50.0,189.6350734820216,36.210913854309574,90.0,111.00127214310213,53.789086145690426,90.0,248.99872785689786
9.579999999999885,0.0,50.0,180.0,40.52689647501644,90.0,102.91379779086434,49.47310352498356,90.0,257.08620220913565
9.599999999999884,0.0,-50.0,180.0,40.52689647501644,90.0,102.91379779086434,130.52689647501643,90.0,117.91379779086434
9.599999999999884,-0.0,-50.0,191.7557050458377,35.20478912675665,90.0,112.89382307578403,125.20478912675665,90.0,112.89382307578403
9.599999999999884,-0.0,50.0,191.7557050458377,35.20478912675665,90.0,112.89382307578403,54.79521087324335,90.0,247.10617692421596
9.599999999999884,0.0,50.0,180.0,40.52689647501644,90.0,102.91379779086434,49.47310352498356,90.0,257.08620220913565
9.619999999999884,0.0,-50.0,180.0,40.52689647501644,90.0,102.91379779086434,130.52689647501643,90.0,117.91379779086434
9.619999999999884,-0.0,-50.0,193.69094211856313,34.265448000449894,90.0,114.66295509976472,124.2654480004499,90.0,114.66295509976472
9.619999999999884,-0.0,50.0,193.69094211856313,34.265448000449894,90.0,114.66295509976472,55.734551999550106,90.0,245.3370449002353
9.619999999999884,0.0,50.0,180.0,40.52689647501644,90.0,102.91379779086434,49.47310352498356,90.0,257.08620220913565
9.639999999999883,0.0,-50.0,180.0,40.52689647501644,90.0,102.91379779086434,130.52689647501643,90.0,117.91379779086434
9.639999999999883,-0.0,-50.0,195.41026485550643,33.41247536589359,90.0,116.27117604785535,123.41247536589358,90.0,116.27117604785535
9.639999999999883,-0.0,50.0,195.41026485550643,33.41247536589359,90.0,116.27117604785535,56.58752463410641,90.0,243.72882395214464
9.639999999999883,0.0,50.0,180.0,40.52689647501644,90.0,102.91379779086434,49.47310352498356,90.0,257.08620220913565
9.659999999999883,0.0,-50.0,180.0,40.52689647501644,90.0,102.91379779086434,130.52689647501643,90.0,117.91379779086434
9.659999999999883,-0.0,-50.0,196.88655851003242,32.66511382968496,90.0,117.68158532760633,122.66511382968497,90.0,117.68158532760633
9.659999999999883,-0.0,50.0,196.88655851003242,32.66511382968496,90.0,117.68158532760633,57.33488617031504,90.0,242.31841467239366
9.659999999999883,0.0,50.0,180.0,40.52689647501644,90.0,102.91379779086434,49.47310352498356,90.0,257.08620220913565
9.679999999999882,0.0,-50.0,180.0,40.52689647501644,90.0,102.91379779086434,130.52689647501643,90.0,117.91379779086434
9.679999999999882,-0.0,-50.0,198.0965410493141,32.041524474196734,90.00000000000001,118.8593139979419,122.04152447419673,89.99999999999999,118.8593139979419
9.679999999999882,-0.0,50.0,198.0965410493141,32.041524474196734,90.00000000000001,118.8593139979419,57.958475525803266,90.00000000000001,241.1406860020581
9.679999999999882,0.0,50.0,180.0,40.52689647501644,90.0,102.91379779086434,49.47310352498356,90.0,257.08620220913565
9.699999999999882,0.0,-50.0,180.0,40.52689647501644,90.0,102.91379779086434,130.52689647501643,90.0,117.91379779086434
9.699999999999882,-0.0,-50.0,199.0211303258985,31.557904981449315,90.0,119.7732370753624,121.55790498144931,90.0,119.7732370753624
9.699999999999882,-0.0,50.0,199.0211303258985,31.557904981449315,90.0,119.7732370753624,58.44209501855069,90.0,240.2267629246376
9.699999999999882,0.0,50.0,180.0,40.52689647501644,90.0,102.91379779086434,49.47310352498356,90.0,257.08620220913565
9.719999999999882,0.0,-50.0,180.0,40.52689647501644,90.0,102.91379779086434,130.52689647501643,90.0,117.91379779086434
9.719999999999882,-0.0,-50.0,199.645745014571,31.227538493872785,90.0,120.39781625095712,121.22753849387279,90.0,120.39781625095712
9.719999999999882,-0.0,50.0,199.645745014571,31.227538493872785,90.0,120.39781625095712,58.772461506127215,90.0,239.60218374904287
9.719999999999882,0.0,50.0,180.0,40.52689647501644,90.0,102.91379779086434,49.47310352498356,90.0,257.08620220913565
9.739999999999881,0.0,-50.0,180.0,40.52689647501644,90.0,102.91379779086434,130.52689647501643,90.0,117.91379779086434
9.739999999999881,-0.0,-50.0,199.9605345685645,31.05988978785109,90.00000000000001,120.71484838764405,121.05988978785109,89.99999999999999,120.71484838764405
9.739999999999881,-0.0,50.0,199.9605345685645,31.05988978785109,90.00000000000001,120.71484838764405,58.94011021214891,90.00000000000001,239.28515161235595
9.739999999999881,0.0,50.0,180.0,40.52689647501644,90.0,102.91379779086434,49.47310352498356,90.0,257.08620220913565
9.75999999999988,0.0,-50.0,180.0,40.52689647501644,90.0,102.91379779086434,130.52689647501643,90.0,117.91379779086434
9.75999999999988,0.0,-50.0,199.96053456856637,31.05988978785009,90.00000000000001,120.71484838764593,121.0598897878501,89.99999999999999,120.71484838764593
9.75999999999988,0.0,50.0,199.96053456856637,31.05988978785009,90.00000000000001,120.71484838764593,58.94011021214991,90.00000000000001,239.28515161235407
9.75999999999988,0.0,50.0,180.0,40.52689647501644,90.0,102.91379779086434,49.47310352498356,90.0,257.08620220913565
9.77999999999988,0.0,-50.0,180.0,40.52689647501644,90.0,102.91379779086434,130.52689647501643,90.0,117.91379779086434
9.77999999999988,0.0,-50.0,199.6457450145766,31.227538493869808,90.0,120.39781625096276,121.22753849386982,90.0,120.39781625096276
9.77999999999988,0.0,50.0,199.6457450145766,31.227538493869808,90.0,120.39781625096276,58.77246150613019,90.0,239.60218374903724
9.77999999999988,0.0,50.0,180.0,40.52689647501644,90.0,102.91379779086434,49.47310352498356,90.0,257.08620220913565
9.79999999999988,0.0,-50.0,180.0,40.52689647501644,90.0,102.91379779086434,130.52689647501643,90.0,117.91379779086434
9.79999999999988,0.0,-50.0,199.02113032590773,31.55790498144446,90.0,119.7732370753716,121.55790498144447,90.0,119.7732370753716
9.79999999999988,0.0,50.0,199.02113032590773,31.55790498144446,90.0,119.7732370753716,58.44209501855554,90.0,240.22676292462842
9.79999999999988,0.0,50.0,180.0,40.52689647501644,90.0,102.91379779086434,49.47310352498356,90.0,257.08620220913565
9.81999999999988,0.0,-50.0,180.0,40.52689647501644,90.0,102.91379779086434,130.52689647501643,90.0,117.91379779086434
9.81999999999988,0.0,-50.0,198.09654104932685,32.04152447419011,90.0,118.85931399795439,122.04152447419011,90.0,118.85931399795439
9.81999999999988,0.0,50.0,198.09654104932685,32.04152447419011,90.0,118.85931399795439,57.95847552580989,90.0,241.1406860020456
9.81999999999988,0.0,50.0,180.0,40.52689647501644,90.0,102.91379779086434,49.47310352498356,90.0,257.08620220913565
9.839999999999879,0.0,-50.0,180.0,40.52689647501644,90.0,102.91379779086434,130.52689647501643,90.0,117.91379779086434
9.839999999999879,0.0,-50.0,196.88655851004845,32.665113829676756,90.00000000000001,117.68158532762183,122.66511382967676,89.99999999999999,117.68158532762183
9.839999999999879,0.0,50.0,196.88655851004845,32.665113829676756,90.00000000000001,117.68158532762183,57.334886170323244,90.00000000000001,242.31841467237817
9.839999999999879,0.0,50.0,180.0,40.52689647501644,90.0,102.91379779086434,49.47310352498356,90.0,257.08620220913565
9.859999999999879,0.0,-50.0,180.0,40.52689647501644,90.0,102.91379779086434,130.52689647501643,90.0,117.91379779086434
9.859999999999879,0.0,-50.0,195.4102648555255,33.412475365884035,90.0,116.2711760478734,123.41247536588403,90.0,116.2711760478734
9.859999999999879,0.0,50.0,195.4102648555255,33.412475365884035,90.0,116.2711760478734,56.587524634115965,90.0,243.72882395212662
9.859999999999879,0.0,50.0,180.0,40.52689647501644,90.0,102.91379779086434,49.47310352498356,90.0,257.08620220913565
9.879999999999878,0.0,-50.0,180.0,40.52689647501644,90.0,102.91379779086434,130.52689647501643,90.0,117.91379779086434
9.879999999999878,0.0,-50.0,193.69094211858493,34.265448000439186,90.0,114.66295509978488,124.26544800043919,90.0,114.66295509978488
9.879999999999878,0.0,50.0,193.69094211858493,34.265448000439186,90.0,114.66295509978488,55.734551999560814,90.0,245.33704490021512
9.879999999999878,0.0,50.0,180.0,40.52689647501644,90.0,102.91379779086434,49.47310352498356,90.0,257.08620220913565
9.899999999999878,0.0,-50.0,180.0,40.52689647501644,90.0,102.91379779086434,130.52689647501643,90.0,117.91379779086434
9.899999999999878,0.0,-50.0,191.75570504586187,35.20478912674504,90.00000000000001,112.89382307580588,125.20478912674504,89.99999999999999,112.89382307580588
9.899999999999878,0.0,50.0,191.75570504586187,35.20478912674504,90.00000000000001,112.89382307580588,54.79521087325496,90.00000000000001,247.10617692419413
9.899999999999878,0.0,50.0,180.0,40.52689647501644,90.0,102.91379779086434,49.47310352498356,90.0,257.08620220913565
9.919999999999877,0.0,-50.0,180.0,40.52689647501644,90.0,102.91379779086434,130.52689647501643,90.0,117.91379779086434
9.919999999999877,0.0,-50.0,189.6350734820478,36.21091385429729,90.0,111.00127214312523,126.21091385429729,90.0,111.00127214312523
9.919999999999877,0.0,50.0,189.6350734820478,36.21091385429729,90.0,111.00127214312523,53.78908614570271,90.0,248.99872785687478
9.919999999999877,0.0,50.0,180.0,40.52689647501644,90.0,102.91379779086434,49.47310352498356,90.0,257.08620220913565
9.939999999999877,0.0,-50.0,180.0,40.52689647501644,90.0,102.91379779086434,130.52689647501643,90.0,117.91379779086434
9.939999999999877,0.0,-50.0,187.36249105370794,37.264462560826864,90.0,109.02227503994291,127.26446256082687,90.0,109.02227503994291
9.939999999999877,0.0,50.0,187.36249105370794,37.264462560826864,90.0,109.02227503994291,52.735537439173136,90.0,250.9777249600571
9.939999999999877,0.0,50.0,180.0,40.52689647501644,90.0,102.91379779086434,49.47310352498356,90.0,257.08620220913565
9.959999999999877,0.0,-50.0,180.0,40.52689647501644,90.0,102.91379779086434,130.52689647501643,90.0,117.91379779086434
9.959999999999877,0.0,-50.0,184.97379774331213,38.34670176970501,90.0,106.99249470106503,128.34670176970502,90.0,106.99249470106503
9.959999999999877,0.0,50.0,184.97379774331213,38.34670176970501,90.0,106.99249470106503,51.65329823029499,90.0,253.00750529893497
9.959999999999877,0.0,50.0,180.0,40.52689647501644,90.0,102.91379779086434,49.47310352498356,90.0,257.08620220913565
9.979999999999876,0.0,-50.0,180.0,40.52689647501644,90.0,102.91379779086434,130.52689647501643,90.0,117.91379779086434
9.979999999999876,0.0,-50.0,182.50666467130154,39.43978353062478,90.0,104.94576748696588,129.43978353062477,90.0,104.94576748696588
9.979999999999876,0.0,50.0,182.50666467130154,39.43978353062478,90.0,104.94576748696588,50.56021646937522,90.0,255.05423251303412
9.979999999999876,0.0,50.0,180.0,40.52689647501644,90.0,102.91379779086434,49.47310352498356,90.0,257.08620220913565
