time (s),target_x (mm),target_y (mm),target_z (mm),joint_hip (deg),joint_shoulder (deg),joint_knee (deg),servo_hip (deg),servo_shoulder (deg),servo_knee (deg)
0.0,0.0,-50.0,229.0,5.583150537107256,90.0,169.30025916731785,95.58315053710726,90.0,199.30025916731785
0.0,0.0,-40.0,239.0,5.232182951909889,90.0,169.53563409618022,95.23218295190989,90.0,169.53563409618022
0.0,0.0,40.0,239.0,5.232182951909889,90.0,169.53563409618022,84.76781704809011,90.0,190.46436590381978
0.0,0.0,40.0,239.0,5.232182951909889,90.0,169.53563409618022,84.76781704809011,90.0,190.46436590381978
0.02,0.0,-49.999223808,228.99619665920002,5.594240793944758,89.99980579353371,169.27901060645775,95.59424079394476,90.00019420646629,199.27901060645775
0.02,0.0,-40.0,238.9954204672,5.244158095304494,90.0,169.51168380939103,95.2441580953045,90.0,169.51168380939103
0.02,0.0,40.0,238.9954204672,5.244158095304494,90.0,169.51168380939103,84.7558419046955,90.0,190.48831619060897
0.02,0.0,40.0,238.9954204672,5.244158095304494,90.0,169.51168380939103,84.7558419046955,90.0,190.48831619060897
0.04,0.0,-49.993977856,228.9704914944,5.66862873676962,89.99849306160222,169.1364866027442,95.66862873676962,90.00150693839778,199.1364866027442
0.04,0.0,-40.0,238.9644693504,5.32438886457046,90.0,169.3512222708591,95.32438886457047,90.0,169.3512222708591
0.04,0.0,40.0,238.9644693504,5.32438886457046,90.0,169.3512222708591,84.67561113542953,90.0,190.6487777291409
0.04,0.0,40.0,238.9644693504,5.32438886457046,90.0,169.3512222708591,84.67561113542953,90.0,190.6487777291409
0.06,0.0,-49.980297344,228.9034569856,5.858196793738042,89.99506827175735,168.77328903944377,95.85819679373805,90.00493172824265,198.77328903944377
0.06,0.0,-40.0,238.88375432959998,5.528157056305162,90.0,168.94368588738968,95.52815705630516,90.0,168.94368588738968
0.06,0.0,40.0,238.88375432959998,5.528157056305162,90.0,168.94368588738968,84.47184294369484,90.0,191.05631411261032
0.06,0.0,40.0,238.88375432959998,5.528157056305162,90.0,168.94368588738968,84.47184294369484,90.0,191.05631411261032
0.08,0.0,-49.954747391999994,228.77826222080003,6.19679867843265,89.98866658293203,168.12457816150604,96.19679867843266,90.01133341706797,198.12457816150604
0.08,0.0,-40.0,238.7330096128,5.88992700409701,90.0,168.220145991806,95.889927004097,90.0,168.220145991806
0.08,0.0,40.0,238.7330096128,5.88992700409701,90.0,168.220145991806,84.110072995903,90.0,191.779854008194
0.08,0.0,40.0,238.7330096128,5.88992700409701,90.0,168.220145991806,84.110072995903,90.0,191.779854008194
0.1,0.0,-49.9144,228.58056,6.696904403755822,89.97854270988266,167.16650916641123,96.69690440375582,90.02145729011734,197.16650916641123
0.1,0.0,-40.0,238.49496000000002,6.419973672195786,90.0,167.16005265560844,96.41997367219578,90.0,167.16005265560844
0.1,0.0,40.0,238.49496000000002,6.419973672195786,90.0,167.16005265560844,83.58002632780422,90.0,192.83994734439156
0.1,0.0,40.0,238.49496000000002,6.419973672195786,90.0,167.16005265560844,83.58002632780422,90.0,192.83994734439156
0.12000000000000001,0.0,-49.856811007999994,228.2983739392,7.352361827279987,89.96406156009255,165.91094355064325,97.35236182727999,90.03593843990745,195.91094355064325
0.12000000000000001,0.0,-40.0,238.15518494719998,7.108648021815505,90.0,165.782703956369,97.1086480218155,90.0,165.782703956369
0.12000000000000001,0.0,40.0,238.15518494719998,7.108648021815505,90.0,165.782703956369,82.8913519781845,90.0,194.217296043631
0.12000000000000001,0.0,40.0,238.15518494719998,7.108648021815505,90.0,165.782703956369,82.8913519781845,90.0,194.217296043631
0.14,0.0,-49.779997056,227.9219855744,8.145501117689012,89.94468909572687,164.39183362639656,98.14550111768901,90.05531090427313,194.39183362639656
0.14,0.0,-40.0,237.7019826304,7.935162159412426,90.00000000000001,164.12967568117514,97.93516215941243,89.99999999999999,164.12967568117514
0.14,0.0,40.0,237.7019826304,7.935162159412426,90.00000000000001,164.12967568117514,82.06483784058757,90.00000000000001,195.87032431882486
0.14,0.0,40.0,237.7019826304,7.935162159412426,90.00000000000001,164.12967568117514,82.06483784058757,90.00000000000001,195.87032431882486
0.16,0.0,-49.682412544,227.44382146560002,9.054280643066427,89.91998374556754,162.65152515645426,99.05428064306642,90.08001625443246,192.65152515645426
0.16,0.0,-40.0,237.12623400959998,8.875483453355386,90.0,162.24903309328923,98.87548345335539,90.0,162.24903309328923
0.16,0.0,40.0,237.12623400959998,8.875483453355386,90.0,162.24903309328923,81.12451654664461,90.0,197.75096690671077
0.16,0.0,40.0,237.12623400959998,8.875483453355386,90.0,162.24903309328923,81.12451654664461,90.0,197.75096690671077
0.18,0.0,-49.562926592,226.85834030080002,10.056937932507493,89.88958858742642,160.73184042993884,100.0569379325075,90.11041141257358,190.73184042993884
0.18,0.0,-40.0,236.4212668928,9.906900642327411,90.0,160.18619871534517,99.90690064232741,90.0,160.18619871534517
0.18,0.0,40.0,236.4212668928,9.906900642327411,90.0,160.18619871534517,80.09309935767259,90.0,199.81380128465483
0.18,0.0,40.0,236.4212668928,9.906900642327411,90.0,160.18619871534517,80.09309935767259,90.0,199.81380128465483
0.19999999999999998,0.0,-49.42080000000001,226.16192,11.134097972110146,89.85322443830457,158.67003411982452,101.13409797211014,90.14677556169543,188.67003411982452
0.19999999999999998,0.0,-40.0,235.58272,11.00975980375667,90.0,157.98048039248667,101.00975980375667,90.0,157.98048039248667
0.19999999999999998,0.0,40.0,235.58272,11.00975980375667,90.0,157.98048039248667,78.99024019624333,90.0,202.01951960751333
0.19999999999999998,0.0,40.0,235.58272,11.00975980375667,90.0,157.98048039248667,78.99024019624333,90.0,202.01951960751333
0.21999999999999997,0.0,-49.255662208000004,225.35274481919998,12.269295001414449,89.81068392461671,156.49778975771733,102.26929500141445,90.18931607538329,186.49778975771733
0.21999999999999997,0.0,-40.0,234.6084070272,12.167657107552955,90.0,155.6646857848941,102.16765710755296,90.0,155.6646857848941
0.21999999999999997,0.0,40.0,234.6084070272,12.167657107552955,90.0,155.6646857848941,77.83234289244704,90.0,204.3353142151059
0.21999999999999997,0.0,40.0,234.6084070272,12.167657107552955,90.0,155.6646857848941,77.83234289244704,90.0,204.3353142151059
0.23999999999999996,0.0,-49.067488256000004,224.4306924544,13.448766227621844,89.76182655490128,154.2416117458359,103.44876622762185,90.23817344509872,184.2416117458359
0.23999999999999996,0.0,-40.0,233.4981807104,13.367026708967732,90.0,153.26594658206454,103.36702670896773,90.0,153.26594658206454
0.23999999999999996,0.0,40.0,233.4981807104,13.367026708967732,90.0,153.26594658206454,76.63297329103227,90.0,206.73405341793546
0.23999999999999996,0.0,40.0,233.4981807104,13.367026708967732,90.0,153.26594658206454,76.63297329103227,90.0,206.73405341793546
0.25999999999999995,0.0,-48.856575744,223.3972211456,14.661011586645094,89.70657477939032,151.92366590370187,104.66101158664509,90.29342522060968,181.92366590370187
0.25999999999999995,0.0,-40.0,232.2537968896,14.596593899717941,90.00000000000001,150.8068122005641,104.59659389971794,89.99999999999999,150.8068122005641
0.25999999999999995,0.0,40.0,232.2537968896,14.596593899717941,90.00000000000001,150.8068122005641,75.40340610028206,90.00000000000001,209.1931877994359
0.25999999999999995,0.0,40.0,232.2537968896,14.596593899717941,90.00000000000001,150.8068122005641,75.40340610028206,90.00000000000001,209.1931877994359
0.27999999999999997,0.0,-48.623521792000005,222.2552567808,15.896340906713476,89.6449109916823,149.56264430129596,105.89634090671348,90.3550890083177,179.56264430129596
0.27999999999999997,0.0,-40.0,230.8787785728,15.846875432127087,90.0,148.30624913574584,105.84687543212709,90.0,148.30624913574584
0.27999999999999997,0.0,40.0,230.8787785728,15.846875432127087,90.0,148.30624913574584,74.15312456787291,90.0,211.69375086425416
0.27999999999999997,0.0,40.0,230.8787785728,15.846875432127087,90.0,148.30624913574584,74.15312456787291,90.0,211.69375086425416
0.3,0.0,-48.36919999999999,221.00908,17.14648557570837,89.5768754049657,147.17450659633963,107.14648557570837,90.4231245950343,177.17450659633963
0.3,0.0,-40.0,229.37828,17.109775492903214,90.0,145.78044901419358,107.10977549290321,90.0,145.78044901419358
0.3,0.0,40.0,229.37828,17.109775492903214,90.0,145.78044901419358,72.89022450709679,90.0,214.21955098580642
0.3,0.0,40.0,229.37828,17.109775492903214,90.0,145.78044901419358,72.89022450709679,90.0,214.21955098580642
0.32,0.0,-48.094737408,219.6642132992,18.404289112148415,89.50256471661059,144.77307026598314,108.40428911214842,90.49743528338941,174.77307026598314
0.32,0.0,-40.0,227.7589507072,18.378275182979383,90.0,143.24344963404124,108.37827518297938,90.0,143.24344963404124
0.32,0.0,40.0,227.7589507072,18.378275182979383,90.0,143.24344963404124,71.62172481702062,90.0,216.75655036595876
0.32,0.0,40.0,227.7589507072,18.378275182979383,90.0,143.24344963404124,71.62172481702062,90.0,216.75655036595876
0.34,0.0,-47.801491456,218.22730813439998,19.663468469053687,89.42213145871999,142.3704653863573,109.66346846905368,90.57786854128001,172.3704653863573
0.34,0.0,-40.0,226.02879959039998,19.646198785196784,90.0,140.70760242960642,109.64619878519679,90.0,140.70760242960642
0.34,0.0,40.0,226.02879959039998,19.646198785196784,90.0,140.70760242960642,70.35380121480321,90.0,219.29239757039358
0.34,0.0,40.0,226.02879959039998,19.646198785196784,90.0,140.70760242960642,70.35380121480321,90.0,219.29239757039358
0.36000000000000004,0.0,-47.491026944000005,216.7060320256,20.918432330665354,89.33578391705684,139.97748029412614,110.91843233066535,90.66421608294316,169.97748029412614
0.36000000000000004,0.0,-40.0,224.19705896960002,20.9080389851271,90.00000000000001,138.18392202974582,110.90803898512709,89.99999999999999,138.18392202974582
0.36000000000000004,0.0,40.0,224.19705896960002,20.9080389851271,90.00000000000001,138.18392202974582,69.09196101487291,90.00000000000001,221.81607797025418
0.36000000000000004,0.0,40.0,224.19705896960002,20.9080389851271,90.00000000000001,138.18392202974582,69.09196101487291,90.00000000000001,221.81607797025418
0.38000000000000006,0.0,-47.165092992,215.10895566079998,22.164143326854212,89.24378648566656,137.6038231982422,112.16414332685422,90.75621351433344,167.6038231982422
0.38000000000000006,0.0,-40.0,222.27404865280002,22.158826149399623,90.00000000000001,135.68234770120077,112.15882614939963,89.99999999999999,135.68234770120077
0.38000000000000006,0.0,40.0,222.27404865280002,22.158826149399623,90.00000000000001,135.68234770120077,67.84117385060037,90.00000000000001,224.31765229879923
0.38000000000000006,0.0,40.0,222.27404865280002,22.158826149399623,90.00000000000001,135.68234770120077,67.84117385060037,90.00000000000001,224.31765229879923
0.4000000000000001,0.0,-46.825599999999994,213.44544,23.396013514627885,89.14646030891537,135.25832017282477,113.39601351462788,90.85353969108463,165.25832017282477
0.4000000000000001,0.0,-40.0,220.27103999999997,23.394030286535504,90.0,133.211939426929,113.3940302865355,90.0,133.211939426929
0.4000000000000001,0.0,40.0,220.27103999999997,23.394030286535504,90.0,133.211939426929,66.6059697134645,90.0,226.788060573071
0.4000000000000001,0.0,40.0,220.27103999999997,23.394030286535504,90.0,133.211939426929,66.6059697134645,90.0,226.788060573071
0.4200000000000001,0.0,-46.47459660799999,211.72552337919996,24.60982499951884,89.04418404635133,132.94906513652404,114.60982499951884,90.95581595364867,162.94906513652404
0.4200000000000001,0.0,-40.0,218.2001199872,24.60948733735873,90.0,130.78102532528254,114.60948733735873,90.0,130.78102532528254
0.4200000000000001,0.0,40.0,218.2001199872,24.60948733735873,90.0,130.78102532528254,65.39051266264127,90.0,229.21897467471746
0.4200000000000001,0.0,40.0,218.2001199872,24.60948733735873,90.0,130.78102532528254,65.39051266264127,90.0,229.21897467471746
0.4400000000000001,0.0,-46.114246656,209.9598086144,25.801669684559403,88.93739457894738,130.6835333817627,115.8016696845594,91.06260542105262,160.6835333817627
0.4400000000000001,0.0,-40.0,216.07405527039998,25.801343764886784,90.0,128.39731247022644,115.80134376488678,90.0,128.39731247022644
0.4400000000000001,0.0,40.0,216.07405527039998,25.801343764886784,90.0,128.39731247022644,64.19865623511322,90.0,231.60268752977356
0.4400000000000001,0.0,40.0,216.07405527039998,25.801343764886784,90.0,128.39731247022644,64.19865623511322,90.0,231.60268752977356
0.46000000000000013,0.0,-45.746806144,208.1593501056,26.967903766270766,88.82658745848019,128.46866710172296,116.96790376627077,91.17341254151981,158.46866710172296
0.46000000000000013,0.0,-40.0,213.9061562496,26.966015116723653,90.0,126.0679697665527,116.96601511672365,90.0,126.0679697665527
0.46000000000000013,0.0,40.0,213.9061562496,26.966015116723653,90.0,126.0679697665527,63.03398488327635,90.0,233.9320302334473
0.46000000000000013,0.0,40.0,213.9061562496,26.966015116723653,90.0,126.0679697665527,63.03398488327635,90.0,233.9320302334473
0.48000000000000015,0.0,-45.374600191999996,206.33554094079997,28.105113810038237,88.71231688601607,126.31093904983543,118.10511381003823,91.28768311398393,156.31093904983544
0.48000000000000015,0.0,-40.0,211.71014113279998,28.100155456326313,90.0,123.79968908734737,118.10015545632632,90.0,123.79968908734737
0.48000000000000015,0.0,40.0,211.71014113279998,28.100155456326313,90.0,123.79968908734737,61.89984454367369,90.0,236.20031091265264
0.48000000000000015,0.0,40.0,211.71014113279998,28.100155456326313,90.0,123.79968908734737,61.89984454367369,90.0,236.20031091265264
0.5000000000000001,0.0,-45.0,204.5,29.21009212411412,88.59519499210407,124.21639877744491,119.21009212411411,91.40480500789593,154.2163987774449
0.5000000000000001,0.0,-40.0,209.5,29.200635432020444,90.0,121.59872913595913,119.20063543202045,90.0,121.59872913595913
0.5000000000000001,0.0,40.0,209.5,29.200635432020444,90.0,121.59872913595913,60.79936456797955,90.0,238.40127086404087
0.5000000000000001,0.0,40.0,209.5,29.200635432020444,90.0,121.59872913595913,60.79936456797955,90.0,238.40127086404087
0.5200000000000001,0.0,-44.625399808,202.66445905919997,30.279819796067223,88.475890182087,122.19070466883271,120.27981979606722,91.524109817913,152.19070466883272
0.5200000000000001,0.0,-40.0,207.2898588672,30.26452737524088,90.00000000000001,119.47094524951825,120.26452737524087,89.99999999999999,119.47094524951825
0.5200000000000001,0.0,40.0,207.2898588672,30.26452737524088,90.00000000000001,119.47094524951825,59.73547262475912,90.00000000000001,240.52905475048175
0.5200000000000001,0.0,40.0,207.2898588672,30.26452737524088,90.00000000000001,119.47094524951825,59.73547262475912,90.00000000000001,240.52905475048175
0.5400000000000001,0.0,-44.253193855999996,200.8406498944,31.31145622370023,88.3551243070291,120.23914410148825,121.31145622370023,91.6448756929709,150.23914410148825
0.5400000000000001,0.0,-40.0,205.09384375039997,31.28909626610555,90.0,117.42180746778891,121.28909626610555,90.0,117.42180746778891
0.5400000000000001,0.0,40.0,205.09384375039997,31.28909626610555,90.0,117.42180746778891,58.710903733894455,90.0,242.5781925322111
0.5400000000000001,0.0,40.0,205.09384375039997,31.28909626610555,90.0,117.42180746778891,58.710903733894455,90.0,242.5781925322111
0.5600000000000002,0.0,-43.885753344,199.04019138559997,32.30233431306494,88.23366842644202,118.36664340879967,122.30233431306493,91.76633157355798,148.3666434087997
0.5600000000000002,0.0,-40.0,202.92594472960002,32.27179572768316,90.0,115.45640854463367,122.27179572768316,90.0,115.45640854463367
0.5600000000000002,0.0,40.0,202.92594472960002,32.27179572768316,90.0,115.45640854463367,57.72820427231684,90.0,244.5435914553663
0.5600000000000002,0.0,40.0,202.92594472960002,32.27179572768316,90.0,115.45640854463367,57.72820427231684,90.0,244.5435914553663
0.5800000000000002,0.0,-43.525403392,197.2744766208,33.24996076427444,88.11233694564595,116.57776884376447,123.24996076427445,91.88766305435405,146.5777688437645
0.5800000000000002,0.0,-40.0,200.79988001280003,33.21026844711022,90.0,113.57946310577957,123.21026844711022,90.0,113.57946310577957
0.5800000000000002,0.0,40.0,200.79988001280003,33.21026844711022,90.0,113.57946310577957,56.78973155288978,90.0,246.42053689422045
0.5800000000000002,0.0,40.0,200.79988001280003,33.21026844711022,90.0,113.57946310577957,56.78973155288978,90.0,246.42053689422045
0.6000000000000002,0.0,-43.1744,195.55455999999995,34.15202104622966,87.991979940438,114.87671938701833,124.15202104622966,92.008020059562,144.87671938701834
0.6000000000000002,0.0,-40.0,198.72895999999997,34.10235059794003,90.0,111.79529880411995,124.10235059794003,90.0,111.79529880411995
0.6000000000000002,0.0,40.0,198.72895999999997,34.10235059794003,90.0,111.79529880411995,55.89764940205997,90.0,248.20470119588003
0.6000000000000002,0.0,40.0,198.72895999999997,34.10235059794003,90.0,111.79529880411995,55.89764940205997,90.0,248.20470119588003
0.6200000000000002,0.0,-42.834907007999995,193.8910443392,35.006388791800404,87.87347352650467,113.26731197559104,125.0063887918004,92.12652647349533,143.26731197559104
0.6200000000000002,0.0,-40.0,196.72595134719998,34.946079971979465,90.0,110.10784005604108,124.94607997197946,90.0,110.10784005604108
0.6200000000000002,0.0,40.0,196.72595134719998,34.946079971979465,90.0,110.10784005604108,55.053920028020535,90.0,249.89215994395892
0.6200000000000002,0.0,40.0,196.72595134719998,34.946079971979465,90.0,110.10784005604108,55.053920028020535,90.0,249.89215994395892
0.6400000000000002,0.0,-42.508973056,192.2939679744,35.811139438143584,87.75770819165774,111.75295952528245,125.81113943814358,92.24229180834226,141.75295952528245
0.6400000000000002,0.0,-40.0,194.8029410304,35.7397076333028,90.00000000000001,108.5205847333944,125.7397076333028,89.99999999999999,108.5205847333944
0.6400000000000002,0.0,40.0,194.8029410304,35.7397076333028,90.00000000000001,108.5205847333944,54.2602923666972,90.00000000000001,251.4794152666056
0.6400000000000002,0.0,40.0,194.8029410304,35.7397076333028,90.00000000000001,108.5205847333944,54.2602923666972,90.00000000000001,251.4794152666056
0.6600000000000003,0.0,-42.198508544,190.77269186559997,36.564568002117184,87.64557508527538,110.33664196122828,126.56456800211718,92.35442491472462,140.33664196122828
0.6600000000000003,0.0,-40.0,192.9712004096,36.48171299136196,90.0,107.0365740172761,126.48171299136196,90.0,107.0365740172761
0.6600000000000003,0.0,40.0,192.9712004096,36.48171299136196,90.0,107.0365740172761,53.51828700863804,90.0,252.9634259827239
0.6600000000000003,0.0,40.0,192.9712004096,36.48171299136196,90.0,107.0365740172761,53.51828700863804,90.0,252.9634259827239
0.6800000000000003,0.0,-41.905262592,189.3357867008,37.26521092547825,87.53795034956471,109.02087034466989,127.26521092547824,92.46204965043529,139.0208703446699
0.6800000000000003,0.0,-40.0,191.2410492928,37.17082226076263,90.0,105.65835547847476,127.17082226076263,90.0,105.65835547847476
0.6800000000000003,0.0,40.0,191.2410492928,37.17082226076263,90.0,105.65835547847476,52.82917773923737,90.0,254.34164452152524
0.6800000000000003,0.0,40.0,191.2410492928,37.17082226076263,90.0,105.65835547847476,52.82917773923737,90.0,254.34164452152524
0.7000000000000003,0.0,-41.630799999999994,187.99091999999996,37.91187195474428,87.43567767792008,107.807644079134,127.91187195474427,92.56432232207992,137.80764407913398
0.7000000000000003,0.0,-40.0,189.62172,37.80603033704232,90.0,104.38793932591535,127.80603033704233,90.0,104.38793932591535
0.7000000000000003,0.0,40.0,189.62172,37.80603033704232,90.0,104.38793932591535,52.19396966295768,90.0,255.61206067408466
0.7000000000000003,0.0,40.0,189.62172,37.80603033704232,90.0,104.38793932591535,52.19396966295768,90.0,255.61206067408466
0.7200000000000003,0.0,-41.376478208,186.7447432192,38.5036520414269,87.33954939132376,106.69840108874894,128.5036520414269,92.66045060867624,136.69840108874894
0.7200000000000003,0.0,-40.0,188.1212214272,38.386626173819664,90.0,103.22674765236067,128.38662617381965,90.0,103.22674765236067
0.7200000000000003,0.0,40.0,188.1212214272,38.386626173819664,90.0,103.22674765236067,51.613373826180336,90.0,256.7732523476393
0.7200000000000003,0.0,40.0,188.1212214272,38.386626173819664,90.0,103.22674765236067,51.613373826180336,90.0,256.7732523476393
0.7400000000000003,0.0,-41.143424255999996,185.6027788544,39.039983264331184,87.25028642719288,105.6939607801172,129.03998326433117,92.74971357280712,135.6939607801172
0.7400000000000003,0.0,-40.0,186.74620311040002,38.91222179876409,90.0,102.17555640247183,128.91222179876408,90.0,102.17555640247183
0.7400000000000003,0.0,40.0,186.74620311040002,38.91222179876409,90.0,102.17555640247183,51.08777820123591,90.0,257.82444359752816
0.7400000000000003,0.0,40.0,186.74620311040002,38.91222179876409,90.0,102.17555640247183,51.08777820123591,90.0,257.82444359752816
0.7600000000000003,0.0,-40.932511743999996,184.56930754559994,39.52066679046604,87.16851772761413,104.79445952426896,129.52066679046604,92.83148227238587,134.79445952426897
0.7600000000000003,0.0,-40.0,185.50181928960006,39.38278515432877,90.0,101.23442969134246,129.38278515432876,90.0,101.23442969134246
0.7600000000000003,0.0,40.0,185.50181928960006,39.38278515432877,90.0,101.23442969134246,50.61721484567123,90.0,258.7655703086575
0.7600000000000003,0.0,40.0,185.50181928960006,39.38278515432877,90.0,101.23442969134246,50.61721484567123,90.0,258.7655703086575
0.7800000000000004,0.0,-40.744337792,183.6472551808,39.9459149073623,87.0947595859633,103.99927832681551,129.9459149073623,92.9052404140367,133.9992783268155
0.7800000000000004,0.0,-40.0,184.3915929728,39.79867699286168,90.0,100.40264601427664,129.7986769928617,90.0,100.40264601427664
0.7800000000000004,0.0,40.0,184.3915929728,39.79867699286168,90.0,100.40264601427664,50.20132300713832,90.0,259.5973539857234
0.7800000000000004,0.0,40.0,184.3915929728,39.79867699286168,90.0,100.40264601427664,50.20132300713832,90.0,259.5973539857234
0.8000000000000004,0.0,-40.579200000000014,182.83808000000008,40.31639717785258,87.02939555292883,103.30696229637091,130.3163971778526,92.97060444707117,133.3069622963709
0.8000000000000004,0.0,-40.0,183.4172800000001,40.160692091344714,90.0,99.67861581731057,130.1606920913447,90.0,99.67861581731057
0.8000000000000004,0.0,40.0,183.4172800000001,40.160692091344714,90.0,99.67861581731057,49.839307908655286,90.0,260.3213841826894
0.8000000000000004,0.0,40.0,183.4172800000001,40.160692091344714,90.0,99.67861581731057,49.839307908655286,90.0,260.3213841826894
0.8200000000000004,0.0,-40.437073407999996,182.14165969919998,40.63329078640792,86.9726575064418,102.7151314825033,130.6332907864079,93.0273424935582,132.7151314825033
0.8200000000000004,0.0,-40.0,182.57873310720004,40.4701050728657,90.0,99.05978985426863,130.4701050728657,90.0,99.05978985426863
0.8200000000000004,0.0,40.0,182.57873310720004,40.4701050728657,90.0,99.05978985426863,49.5298949271343,90.0,260.9402101457314
0.8200000000000004,0.0,40.0,182.57873310720004,40.4701050728657,90.0,99.05978985426863,49.5298949271343,90.0,260.9402101457314
0.8400000000000004,0.0,-40.317587456,181.55617853439998,40.89833515771768,86.92460844856208,102.2203826504508,130.89833515771767,93.07539155143792,132.2203826504508
0.8400000000000004,0.0,-40.0,181.87376599040002,40.72872112100522,90.0,98.54255775798957,130.7287211210052,90.0,98.54255775798957
0.8400000000000004,0.0,40.0,181.87376599040002,40.72872112100522,90.0,98.54255775798957,49.27127887899478,90.0,261.4574422420104
0.8400000000000004,0.0,40.0,181.87376599040002,40.72872112100522,90.0,98.54255775798957,49.27127887899478,90.0,261.4574422420104
0.8600000000000004,0.0,-40.220002944,181.07801442559997,41.11389092186615,86.88512750261846,101.81818161466096,131.11389092186616,93.11487249738154,131.81818161466094
0.8600000000000004,0.0,-40.0,181.29801736960005,40.93893183650676,90.0,98.12213632698648,130.93893183650675,90.0,98.12213632698648
0.8600000000000004,0.0,40.0,181.29801736960005,40.93893183650676,90.0,98.12213632698648,49.06106816349324,90.0,261.8778636730135
0.8600000000000004,0.0,40.0,181.29801736960005,40.93893183650676,90.0,98.12213632698648,49.06106816349324,90.0,261.8778636730135
0.8800000000000004,0.0,-40.14318899199999,180.7016260608,41.28300325825564,86.85389744611005,101.50274590147502,131.28300325825563,93.14610255388995,131.502745901475
0.8800000000000004,0.0,-40.0,180.84481505280002,41.1037763946712,90.0,97.79244721065761,131.1037763946712,90.0,97.79244721065761
0.8800000000000004,0.0,40.0,180.84481505280002,41.1037763946712,90.0,97.79244721065761,48.8962236053288,90.0,262.2075527893424
0.8800000000000004,0.0,40.0,180.84481505280002,41.1037763946712,90.0,97.79244721065761,48.8962236053288,90.0,262.2075527893424
0.9000000000000005,0.0,-40.085599999999985,180.41944,41.409469547012804,86.83039493302766,101.26691779977844,131.4094695470128,93.16960506697234,131.26691779977844
0.9000000000000005,0.0,-40.0,180.50504000000006,41.2270079926729,90.0,97.5459840146542,131.2270079926729,90.0,97.5459840146542
0.9000000000000005,0.0,40.0,180.50504000000006,41.2270079926729,90.0,97.5459840146542,48.7729920073271,90.0,262.4540159853458
0.9000000000000005,0.0,40.0,180.50504000000006,41.2270079926729,90.0,97.5459840146542,48.7729920073271,90.0,262.4540159853458
0.9200000000000005,0.0,-40.045252607999984,180.2217377792,41.49791105888131,86.81388334055103,101.10202834716787,131.4979110588813,93.18611665944897,131.10202834716787
0.9200000000000005,0.0,-40.0,180.2669903872,41.31316529767613,90.00000000000001,97.37366940464776,131.31316529767614,89.99999999999999,97.37366940464776
0.9200000000000005,0.0,40.0,180.2669903872,41.31316529767613,90.00000000000001,97.37366940464776,48.68683470232387,90.00000000000001,262.6263305953522
0.9200000000000005,0.0,40.0,180.2669903872,41.31316529767613,90.00000000000001,97.37366940464776,48.68683470232387,90.00000000000001,262.6263305953522
0.9400000000000005,0.0,-40.019702656,180.09654301440005,41.553848082481494,86.80340792882663,100.99775356034758,131.5538480824815,93.19659207117337,130.99775356034758
0.9400000000000005,0.0,-40.0,180.11624567040013,41.36764818227995,90.00000000000001,97.2647036354401,131.36764818227994,89.99999999999999,97.2647036354401
0.9400000000000005,0.0,40.0,180.11624567040013,41.36764818227995,90.00000000000001,97.2647036354401,48.63235181772005,90.00000000000001,262.7352963645599
0.9400000000000005,0.0,40.0,180.11624567040013,41.36764818227995,90.00000000000001,97.2647036354401,48.63235181772005,90.00000000000001,262.7352963645599
0.9600000000000005,0.0,-40.006022144,180.02950850560003,41.58377737699103,86.79779273846034,100.94196533217101,131.58377737699104,93.20220726153966,130.941965332171
0.9600000000000005,0.0,-40.0,180.03553064960005,41.39679642237198,90.0,97.20640715525606,131.39679642237198,90.0,97.20640715525606
0.9600000000000005,0.0,40.0,180.03553064960005,41.39679642237198,90.0,97.20640715525606,48.60320357762802,90.0,262.79359284474396
0.9600000000000005,0.0,40.0,180.03553064960005,41.39679642237198,90.0,97.20640715525606,48.60320357762802,90.0,262.79359284474396
0.9800000000000005,0.0,-40.00077619199999,180.0038033408,41.59525010606521,86.7956383765423,100.92058096184265,131.5952501060652,93.2043616234577,130.92058096184263
0.9800000000000005,0.0,-40.0,180.00457953279994,41.40796919382024,90.0,97.18406161235953,131.40796919382024,90.0,97.18406161235953
0.9800000000000005,0.0,40.0,180.00457953279994,41.40796919382024,90.0,97.18406161235953,48.59203080617976,90.0,262.8159383876405
0.9800000000000005,0.0,40.0,180.00457953279994,41.40796919382024,90.0,97.18406161235953,48.59203080617976,90.0,262.8159383876405
1.0000000000000004,0.0,-40.0,180.0,41.59694742464398,86.79531956251773,100.9174173158139,131.596947424644,93.20468043748227,130.9174173158139
1.0000000000000004,0.0,-40.0,180.0,41.40962210927086,90.0,97.18075578145829,131.40962210927086,90.0,97.18075578145829
1.0000000000000004,0.0,40.0,180.0,41.40962210927086,90.0,97.18075578145829,48.59037789072914,90.0,262.8192442185417
1.0000000000000004,0.0,40.0,180.0,41.40962210927086,90.0,97.18075578145829,48.59037789072914,90.0,262.8192442185417
1.0200000000000005,0.0,-40.000776192,180.00380334079998,41.59525010606522,86.7956383765423,100.92058096184262,131.59525010606524,93.2043616234577,130.92058096184263
1.0200000000000005,0.0,-40.0,180.0045795328,41.40796919382022,90.0,97.18406161235956,131.40796919382024,90.0,97.18406161235956
1.0200000000000005,0.0,40.0,180.0045795328,41.40796919382022,90.0,97.18406161235956,48.59203080617978,90.0,262.8159383876405
1.0200000000000005,0.0,40.0,180.0045795328,41.40796919382022,90.0,97.18406161235956,48.59203080617978,90.0,262.8159383876405
1.0400000000000005,0.0,-40.006022144,180.0295085056,41.583777376991044,86.79779273846034,100.94196533217098,131.58377737699104,93.20220726153966,130.94196533217098
1.0400000000000005,0.0,-40.0,180.0355306496,41.39679642237199,90.0,97.20640715525602,131.396796422372,90.0,97.20640715525602
1.0400000000000005,0.0,40.0,180.0355306496,41.39679642237199,90.0,97.20640715525602,48.60320357762801,90.0,262.793592844744
1.0400000000000005,0.0,40.0,180.0355306496,41.39679642237199,90.0,97.20640715525602,48.60320357762801,90.0,262.793592844744
1.0600000000000005,0.0,-40.019702656,180.0965430144,41.55384808248152,86.80340792882663,100.99775356034753,131.55384808248152,93.19659207117337,130.99775356034752
1.0600000000000005,0.0,-40.0,180.11624567040002,41.36764818227999,90.0,97.26470363544001,131.36764818228,90.0,97.26470363544001
1.0600000000000005,0.0,40.0,180.11624567040002,41.36764818227999,90.0,97.26470363544001,48.63235181772001,90.0,262.73529636456
1.0600000000000005,0.0,40.0,180.11624567040002,41.36764818227999,90.0,97.26470363544001,48.63235181772001,90.0,262.73529636456
1.0800000000000005,0.0,-40.045252608000006,180.22173777919997,41.497911058881336,86.81388334055102,101.10202834716782,131.49791105888133,93.18611665944898,131.10202834716782
1.0800000000000005,0.0,-40.0,180.26699038720002,41.313165297676115,90.0,97.37366940464777,131.3131652976761,90.0,97.37366940464777
1.0800000000000005,0.0,40.0,180.26699038720002,41.313165297676115,90.0,97.37366940464777,48.686834702323885,90.0,262.6263305953522
1.0800000000000005,0.0,40.0,180.26699038720002,41.313165297676115,90.0,97.37366940464777,48.686834702323885,90.0,262.6263305953522
1.1000000000000005,0.0,-40.0856,180.41944,41.409469547012804,86.83039493302766,101.26691779977844,131.4094695470128,93.16960506697234,131.26691779977844
1.1000000000000005,0.0,-40.0,180.50503999999998,41.227007992672945,90.0,97.54598401465414,131.22700799267295,90.0,97.54598401465414
1.1000000000000005,0.0,40.0,180.50503999999998,41.227007992672945,90.0,97.54598401465414,48.772992007327055,90.0,262.45401598534585
1.1000000000000005,0.0,40.0,180.50503999999998,41.227007992672945,90.0,97.54598401465414,48.772992007327055,90.0,262.45401598534585
1.1200000000000006,0.0,-40.143188992000006,180.7016260608,41.28300325825563,86.85389744611008,101.50274590147504,131.28300325825563,93.14610255388992,131.50274590147504
1.1200000000000006,0.0,-40.0,180.84481505280002,41.1037763946712,90.0,97.79244721065761,131.1037763946712,90.0,97.79244721065761
1.1200000000000006,0.0,40.0,180.84481505280002,41.1037763946712,90.0,97.79244721065761,48.8962236053288,90.0,262.2075527893424
1.1200000000000006,0.0,40.0,180.84481505280002,41.1037763946712,90.0,97.79244721065761,48.8962236053288,90.0,262.2075527893424
1.1400000000000006,0.0,-40.220002943999994,181.07801442560003,41.11389092186612,86.88512750261847,101.818181614661,131.11389092186613,93.11487249738153,131.818181614661
1.1400000000000006,0.0,-40.0,181.2980173696,40.93893183650678,90.0,98.12213632698644,130.93893183650678,90.0,98.12213632698644
1.1400000000000006,0.0,40.0,181.2980173696,40.93893183650678,90.0,98.12213632698644,49.06106816349322,90.0,261.87786367301356
1.1400000000000006,0.0,40.0,181.2980173696,40.93893183650678,90.0,98.12213632698644,49.06106816349322,90.0,261.87786367301356
1.1600000000000006,0.0,-40.317587456000005,181.5561785344,40.89833515771768,86.92460844856208,102.2203826504508,130.89833515771767,93.07539155143792,132.2203826504508
1.1600000000000006,0.0,-40.0,181.87376599040005,40.72872112100521,90.00000000000001,98.54255775798958,130.7287211210052,89.99999999999999,98.54255775798958
1.1600000000000006,0.0,40.0,181.87376599040005,40.72872112100521,90.00000000000001,98.54255775798958,49.27127887899479,90.00000000000001,261.4574422420104
1.1600000000000006,0.0,40.0,181.87376599040005,40.72872112100521,90.00000000000001,98.54255775798958,49.27127887899479,90.00000000000001,261.4574422420104
1.1800000000000006,0.0,-40.437073408,182.1416596992,40.633290786407905,86.9726575064418,102.71513148250332,130.6332907864079,93.0273424935582,132.71513148250332
1.1800000000000006,0.0,-40.0,182.5787331072,40.47010507286571,90.0,99.0597898542686,130.4701050728657,90.0,99.0597898542686
1.1800000000000006,0.0,40.0,182.5787331072,40.47010507286571,90.0,99.0597898542686,49.52989492713429,90.0,260.9402101457314
1.1800000000000006,0.0,40.0,182.5787331072,40.47010507286571,90.0,99.0597898542686,49.52989492713429,90.0,260.9402101457314
1.2000000000000006,0.0,-40.5792,182.83808000000002,40.316397177852615,87.02939555292882,103.30696229637086,130.31639717785262,92.97060444707118,133.30696229637084
1.2000000000000006,0.0,-40.0,183.41728000000003,40.160692091344735,90.0,99.67861581731053,130.16069209134474,90.0,99.67861581731053
1.2000000000000006,0.0,40.0,183.41728000000003,40.160692091344735,90.0,99.67861581731053,49.839307908655265,90.0,260.3213841826895
1.2000000000000006,0.0,40.0,183.41728000000003,40.160692091344735,90.0,99.67861581731053,49.839307908655265,90.0,260.3213841826895
1.2200000000000006,0.0,-40.74433779200001,183.64725518080002,39.94591490736229,87.0947595859633,103.99927832681554,129.9459149073623,92.9052404140367,133.99927832681556
1.2200000000000006,0.0,-40.0,184.39159297280005,39.79867699286166,90.0,100.40264601427667,129.79867699286166,90.0,100.40264601427667
1.2200000000000006,0.0,40.0,184.39159297280005,39.79867699286166,90.0,100.40264601427667,50.20132300713834,90.0,259.5973539857233
1.2200000000000006,0.0,40.0,184.39159297280005,39.79867699286166,90.0,100.40264601427667,50.20132300713834,90.0,259.5973539857233
1.2400000000000007,0.0,-40.932511744,184.56930754560003,39.520666790466,87.16851772761414,104.79445952426903,129.520666790466,92.83148227238586,134.79445952426903
1.2400000000000007,0.0,-40.0,185.50181928960004,39.382785154328786,90.0,101.23442969134243,129.3827851543288,90.0,101.23442969134243
1.2400000000000007,0.0,40.0,185.50181928960004,39.382785154328786,90.0,101.23442969134243,50.617214845671214,90.0,258.7655703086576
1.2400000000000007,0.0,40.0,185.50181928960004,39.382785154328786,90.0,101.23442969134243,50.617214845671214,90.0,258.7655703086576
1.2600000000000007,0.0,-41.143424256,185.60277885440004,39.039983264331156,87.25028642719289,105.69396078011722,129.03998326433117,92.74971357280711,135.6939607801172
1.2600000000000007,0.0,-40.0,186.74620311040005,38.91222179876407,90.00000000000001,102.17555640247186,128.91222179876408,89.99999999999999,102.17555640247186
1.2600000000000007,0.0,40.0,186.74620311040005,38.91222179876407,90.00000000000001,102.17555640247186,51.08777820123593,90.00000000000001,257.82444359752816
1.2600000000000007,0.0,40.0,186.74620311040005,38.91222179876407,90.00000000000001,102.17555640247186,51.08777820123593,90.00000000000001,257.82444359752816
1.2800000000000007,0.0,-41.37647820800001,186.74474321920002,38.503652041426896,87.33954939132379,106.69840108874898,128.5036520414269,92.66045060867621,136.698401088749
1.2800000000000007,0.0,-40.0,188.12122142720006,38.386626173819636,90.0,103.22674765236073,128.38662617381965,90.0,103.22674765236073
1.2800000000000007,0.0,40.0,188.12122142720006,38.386626173819636,90.0,103.22674765236073,51.613373826180364,90.0,256.7732523476393
1.2800000000000007,0.0,40.0,188.12122142720006,38.386626173819636,90.0,103.22674765236073,51.613373826180364,90.0,256.7732523476393
1.3000000000000007,0.0,-41.63080000000001,187.99092000000007,37.91187195474422,87.43567767792008,107.80764407913408,127.91187195474421,92.56432232207992,137.8076440791341
1.3000000000000007,0.0,-40.0,189.62172000000004,37.80603033704231,90.00000000000001,104.38793932591538,127.8060303370423,89.99999999999999,104.38793932591538
1.3000000000000007,0.0,40.0,189.62172000000004,37.80603033704231,90.00000000000001,104.38793932591538,52.19396966295769,90.00000000000001,255.6120606740846
1.3000000000000007,0.0,40.0,189.62172000000004,37.80603033704231,90.00000000000001,104.38793932591538,52.19396966295769,90.00000000000001,255.6120606740846
1.3200000000000007,0.0,-41.90526259200001,189.33578670080004,37.26521092547825,87.53795034956471,109.0208703446699,127.26521092547824,92.46204965043529,139.0208703446699
1.3200000000000007,0.0,-40.0,191.24104929280006,37.1708222607626,90.0,105.6583554784748,127.1708222607626,90.0,105.6583554784748
1.3200000000000007,0.0,40.0,191.24104929280006,37.1708222607626,90.0,105.6583554784748,52.8291777392374,90.0,254.3416445215252
1.3200000000000007,0.0,40.0,191.24104929280006,37.1708222607626,90.0,105.6583554784748,52.8291777392374,90.0,254.3416445215252
1.3400000000000007,0.0,-42.19850854400001,190.77269186560005,36.56456800211716,87.64557508527538,110.33664196122834,126.56456800211717,92.35442491472462,140.33664196122834
1.3400000000000007,0.0,-40.0,192.97120040960004,36.48171299136194,90.0,107.03657401727614,126.48171299136195,90.0,107.03657401727614
1.3400000000000007,0.0,40.0,192.97120040960004,36.48171299136194,90.0,107.03657401727614,53.51828700863806,90.0,252.96342598272386
1.3400000000000007,0.0,40.0,192.97120040960004,36.48171299136194,90.0,107.03657401727614,53.51828700863806,90.0,252.96342598272386
1.3600000000000008,0.0,-42.50897305600001,192.29396797440003,35.81113943814357,87.75770819165776,111.7529595252825,125.81113943814357,92.24229180834224,141.7529595252825
1.3600000000000008,0.0,-40.0,194.80294103040006,35.739707633302785,90.0,108.52058473339443,125.73970763330279,90.0,108.52058473339443
1.3600000000000008,0.0,40.0,194.80294103040006,35.739707633302785,90.0,108.52058473339443,54.260292366697215,90.0,251.47941526660557
1.3600000000000008,0.0,40.0,194.80294103040006,35.739707633302785,90.0,108.52058473339443,54.260292366697215,90.0,251.47941526660557
1.3800000000000008,0.0,-42.83490700800001,193.89104433920002,35.00638879180039,87.87347352650468,113.26731197559106,125.00638879180039,92.12652647349532,143.26731197559104
1.3800000000000008,0.0,-40.0,196.72595134720004,34.94607997197943,90.0,110.10784005604114,124.94607997197943,90.0,110.10784005604114
1.3800000000000008,0.0,40.0,196.72595134720004,34.94607997197943,90.0,110.10784005604114,55.05392002802057,90.0,249.89215994395886
1.3800000000000008,0.0,40.0,196.72595134720004,34.94607997197943,90.0,110.10784005604114,55.05392002802057,90.0,249.89215994395886
1.4000000000000008,0.0,-43.174400000000006,195.55456000000007,34.15202104622961,87.99197994043799,114.87671938701843,124.1520210462296,92.00802005956201,144.87671938701843
1.4000000000000008,0.0,-40.0,198.7289600000001,34.10235059793998,90.0,111.79529880412004,124.10235059793999,90.0,111.79529880412004
1.4000000000000008,0.0,40.0,198.7289600000001,34.10235059793998,90.0,111.79529880412004,55.89764940206002,90.0,248.20470119587998
1.4000000000000008,0.0,40.0,198.7289600000001,34.10235059793998,90.0,111.79529880412004,55.89764940206002,90.0,248.20470119587998
1.4200000000000008,0.0,-43.525403392000015,197.27447662080007,33.24996076427439,88.11233694564595,116.5777688437646,123.24996076427439,91.88766305435405,146.5777688437646
1.4200000000000008,0.0,-40.0,200.79988001280006,33.210268447110195,90.00000000000001,113.57946310577961,123.2102684471102,89.99999999999999,113.57946310577961
1.4200000000000008,0.0,40.0,200.79988001280006,33.210268447110195,90.00000000000001,113.57946310577961,56.789731552889805,90.00000000000001,246.4205368942204
1.4200000000000008,0.0,40.0,200.79988001280006,33.210268447110195,90.00000000000001,113.57946310577961,56.789731552889805,90.00000000000001,246.4205368942204
1.4400000000000008,0.0,-43.885753344000015,199.04019138560008,32.30233431306488,88.23366842644204,118.36664340879977,122.30233431306488,91.76633157355796,148.36664340879977
1.4400000000000008,0.0,-40.0,202.92594472960008,32.27179572768313,90.0,115.45640854463375,122.27179572768313,90.0,115.45640854463375
1.4400000000000008,0.0,40.0,202.92594472960008,32.27179572768313,90.0,115.45640854463375,57.72820427231687,90.0,244.54359145536625
1.4400000000000008,0.0,40.0,202.92594472960008,32.27179572768313,90.0,115.45640854463375,57.72820427231687,90.0,244.54359145536625
1.4600000000000009,0.0,-44.25319385600002,200.8406498944001,31.311456223700173,88.3551243070291,120.23914410148835,121.31145622370018,91.6448756929709,150.23914410148836
1.4600000000000009,0.0,-40.0,205.09384375040008,31.289096266105503,90.0,117.42180746778901,121.2890962661055,90.0,117.42180746778901
1.4600000000000009,0.0,40.0,205.09384375040008,31.289096266105503,90.0,117.42180746778901,58.7109037338945,90.0,242.578192532211
1.4600000000000009,0.0,40.0,205.09384375040008,31.289096266105503,90.0,117.42180746778901,58.7109037338945,90.0,242.578192532211
1.4800000000000009,0.0,-44.62539980800002,202.6644590592001,30.279819796067148,88.47589018208701,122.19070466883285,120.27981979606714,91.52410981791299,152.19070466883284
1.4800000000000009,0.0,-40.0,207.28985886720008,30.264527375240842,90.0,119.47094524951832,120.26452737524085,90.0,119.47094524951832
1.4800000000000009,0.0,40.0,207.28985886720008,30.264527375240842,90.0,119.47094524951832,59.735472624759154,90.0,240.5290547504817
1.4800000000000009,0.0,40.0,207.28985886720008,30.264527375240842,90.0,119.47094524951832,59.735472624759154,90.0,240.5290547504817
1.5000000000000009,0.0,-45.000000000000014,204.50000000000009,29.21009212411407,88.59519499210407,124.21639877744501,119.21009212411407,91.40480500789593,154.21639877744502
1.5000000000000009,0.0,-40.0,209.50000000000009,29.2006354320204,90.0,121.5987291359592,119.20063543202039,90.0,121.5987291359592
1.5000000000000009,0.0,40.0,209.50000000000009,29.2006354320204,90.0,121.5987291359592,60.7993645679796,90.0,238.40127086404078
1.5000000000000009,0.0,40.0,209.50000000000009,29.2006354320204,90.0,121.5987291359592,60.7993645679796,90.0,238.40127086404078
1.520000000000001,0.0,-45.37460019200002,206.33554094080006,28.105113810038198,88.71231688601607,126.31093904983551,118.1051138100382,91.28768311398393,156.3109390498355
1.520000000000001,0.0,-40.0,211.71014113280012,28.10015545632623,90.0,123.79968908734755,118.10015545632623,90.0,123.79968908734755
1.520000000000001,0.0,40.0,211.71014113280012,28.10015545632623,90.0,123.79968908734755,61.899844543673765,90.0,236.20031091265247
1.520000000000001,0.0,40.0,211.71014113280012,28.10015545632623,90.0,123.79968908734755,61.899844543673765,90.0,236.20031091265247
1.540000000000001,0.0,-45.74680614400002,208.15935010560008,26.967903766270734,88.82658745848019,128.468667101723,116.96790376627074,91.17341254151981,158.468667101723
1.540000000000001,0.0,-40.0,213.90615624960006,26.966015116723636,90.0,126.06796976655274,116.96601511672364,90.0,126.06796976655274
1.540000000000001,0.0,40.0,213.90615624960006,26.966015116723636,90.0,126.06796976655274,63.03398488327636,90.0,233.93203023344728
1.540000000000001,0.0,40.0,213.90615624960006,26.966015116723636,90.0,126.06796976655274,63.03398488327636,90.0,233.93203023344728
1.560000000000001,0.0,-46.11424665600002,209.9598086144001,25.801669684559332,88.93739457894738,130.6835333817628,115.80166968455933,91.06260542105262,160.6835333817628
1.560000000000001,0.0,-40.0,216.07405527040007,25.80134376488674,90.0,128.39731247022652,115.80134376488674,90.0,128.39731247022652
1.560000000000001,0.0,40.0,216.07405527040007,25.80134376488674,90.0,128.39731247022652,64.19865623511326,90.0,231.60268752977348
1.560000000000001,0.0,40.0,216.07405527040007,25.80134376488674,90.0,128.39731247022652,64.19865623511326,90.0,231.60268752977348
1.580000000000001,0.0,-46.47459660800002,211.72552337920007,24.609824999518736,89.04418404635135,132.94906513652427,114.60982499951874,90.95581595364865,162.94906513652427
1.580000000000001,0.0,-40.0,218.20011998720014,24.609487337358644,90.0,130.7810253252827,114.60948733735864,90.0,130.7810253252827
1.580000000000001,0.0,40.0,218.20011998720014,24.609487337358644,90.0,130.7810253252827,65.39051266264136,90.0,229.2189746747173
1.580000000000001,0.0,40.0,218.20011998720014,24.609487337358644,90.0,130.7810253252827,65.39051266264136,90.0,229.2189746747173
1.600000000000001,0.0,-46.825600000000016,213.44544000000008,23.39601351462782,89.14646030891538,135.25832017282488,113.39601351462782,90.85353969108462,165.25832017282488
1.600000000000001,0.0,-40.0,220.2710400000001,23.394030286535415,90.00000000000001,133.21193942692918,113.39403028653541,89.99999999999999,133.21193942692918
1.600000000000001,0.0,40.0,220.2710400000001,23.394030286535415,90.00000000000001,133.21193942692918,66.60596971346459,90.00000000000001,226.78806057307082
1.600000000000001,0.0,40.0,220.2710400000001,23.394030286535415,90.00000000000001,133.21193942692918,66.60596971346459,90.00000000000001,226.78806057307082
1.620000000000001,0.0,-47.16509299200001,215.10895566080006,22.164143326854152,89.24378648566658,137.6038231982423,112.16414332685414,90.75621351433342,167.6038231982423
1.620000000000001,0.0,-40.0,222.2740486528001,22.158826149399562,90.0,135.68234770120088,112.15882614939956,90.0,135.68234770120088
1.620000000000001,0.0,40.0,222.2740486528001,22.158826149399562,90.0,135.68234770120088,67.84117385060044,90.0,224.31765229879912
1.620000000000001,0.0,40.0,222.2740486528001,22.158826149399562,90.0,135.68234770120088,67.84117385060044,90.0,224.31765229879912
1.640000000000001,0.0,-47.49102694400002,216.70603202560005,20.918432330665308,89.33578391705686,139.97748029412625,110.91843233066531,90.66421608294314,169.97748029412625
1.640000000000001,0.0,-40.0,224.19705896960014,20.908038985127025,90.0,138.18392202974596,110.90803898512702,90.0,138.18392202974596
1.640000000000001,0.0,40.0,224.19705896960014,20.908038985127025,90.0,138.18392202974596,69.09196101487298,90.0,221.81607797025404
1.640000000000001,0.0,40.0,224.19705896960014,20.908038985127025,90.0,138.18392202974596,69.09196101487298,90.0,221.81607797025404
1.660000000000001,0.0,-47.801491456000015,218.22730813440006,19.6634684690536,89.42213145871999,142.37046538635747,109.6634684690536,90.57786854128001,172.37046538635747
1.660000000000001,0.0,-40.0,226.0287995904,19.646198785196763,90.0,140.70760242960648,109.64619878519676,90.0,140.70760242960648
1.660000000000001,0.0,40.0,226.0287995904,19.646198785196763,90.0,140.70760242960648,70.35380121480324,90.0,219.29239757039352
1.660000000000001,0.0,40.0,226.0287995904,19.646198785196763,90.0,140.70760242960648,70.35380121480324,90.0,219.29239757039352
1.680000000000001,0.0,-48.09473740800001,219.66421329920007,18.40428911214835,89.50256471661059,144.77307026598325,108.40428911214835,90.49743528338941,174.77307026598325
1.680000000000001,0.0,-40.0,227.75895070720003,18.378275182979365,90.0,143.24344963404127,108.37827518297937,90.0,143.24344963404127
1.680000000000001,0.0,40.0,227.75895070720003,18.378275182979365,90.0,143.24344963404127,71.62172481702063,90.0,216.75655036595873
1.680000000000001,0.0,40.0,227.75895070720003,18.378275182979365,90.0,143.24344963404127,71.62172481702063,90.0,216.75655036595873
1.700000000000001,0.0,-48.36920000000001,221.00908000000004,17.14648557570835,89.57687540496572,147.17450659633963,107.14648557570835,90.42312459503428,177.17450659633963
1.700000000000001,0.0,-40.0,229.37828000000007,17.109775492903147,90.0,145.7804490141937,107.10977549290314,90.0,145.7804490141937
1.700000000000001,0.0,40.0,229.37828000000007,17.109775492903147,90.0,145.7804490141937,72.89022450709686,90.0,214.2195509858063
1.700000000000001,0.0,40.0,229.37828000000007,17.109775492903147,90.0,145.7804490141937,72.89022450709686,90.0,214.2195509858063
1.720000000000001,0.0,-48.62352179200002,222.25525678080007,15.896340906713412,89.64491099168231,149.56264430129607,105.89634090671342,90.35508900831769,179.56264430129607
1.720000000000001,0.0,-40.0,230.87877857280006,15.846875432127051,90.0,148.3062491357459,105.84687543212705,90.0,148.3062491357459
1.720000000000001,0.0,40.0,230.87877857280006,15.846875432127051,90.0,148.3062491357459,74.15312456787295,90.0,211.6937508642541
1.720000000000001,0.0,40.0,230.87877857280006,15.846875432127051,90.0,148.3062491357459,74.15312456787295,90.0,211.6937508642541
1.740000000000001,0.0,-48.85657574400002,223.3972211456001,14.661011586644989,89.70657477939032,151.92366590370207,104.66101158664499,90.29342522060968,181.92366590370207
1.740000000000001,0.0,-40.0,232.25379688960004,14.59659389971792,90.0,150.80681220056417,104.59659389971792,90.0,150.80681220056417
1.740000000000001,0.0,40.0,232.25379688960004,14.59659389971792,90.0,150.80681220056417,75.40340610028208,90.0,209.19318779943583
1.740000000000001,0.0,40.0,232.25379688960004,14.59659389971792,90.0,150.80681220056417,75.40340610028208,90.0,209.19318779943583
1.7600000000000011,0.0,-49.067488256,224.43069245440006,13.44876622762179,89.76182655490128,154.241611745836,103.44876622762179,90.23817344509872,184.241611745836
1.7600000000000011,0.0,-40.0,233.4981807104,13.367026708967732,90.0,153.26594658206454,103.36702670896773,90.0,153.26594658206454
1.7600000000000011,0.0,40.0,233.4981807104,13.367026708967732,90.0,153.26594658206454,76.63297329103227,90.0,206.73405341793546
1.7600000000000011,0.0,40.0,233.4981807104,13.367026708967732,90.0,153.26594658206454,76.63297329103227,90.0,206.73405341793546
1.7800000000000011,0.0,-49.25566220800002,225.3527448192001,12.269295001414278,89.81068392461673,156.49778975771767,102.26929500141428,90.18931607538327,186.49778975771767
1.7800000000000011,0.0,-40.0,234.60840702720006,12.16765710755288,90.00000000000001,155.66468578489423,102.16765710755288,89.99999999999999,155.66468578489423
1.7800000000000011,0.0,40.0,234.60840702720006,12.16765710755288,90.00000000000001,155.66468578489423,77.83234289244712,90.00000000000001,204.33531421510577
1.7800000000000011,0.0,40.0,234.60840702720006,12.16765710755288,90.00000000000001,155.66468578489423,77.83234289244712,90.00000000000001,204.33531421510577
1.8000000000000012,0.0,-49.420800000000014,226.16192000000007,11.13409797211011,89.85322443830457,158.6700341198246,101.13409797211011,90.14677556169543,188.6700341198246
1.8000000000000012,0.0,-40.0,235.58272000000002,11.009759803756646,90.0,157.98048039248673,101.00975980375665,90.0,157.98048039248673
1.8000000000000012,0.0,40.0,235.58272000000002,11.009759803756646,90.0,157.98048039248673,78.99024019624335,90.0,202.01951960751327
1.8000000000000012,0.0,40.0,235.58272000000002,11.009759803756646,90.0,157.98048039248673,78.99024019624335,90.0,202.01951960751327
1.8200000000000012,0.0,-49.56292659200001,226.85834030080002,10.056937932507493,89.88958858742642,160.73184042993884,100.0569379325075,90.11041141257358,190.73184042993884
1.8200000000000012,0.0,-40.0,236.42126689280002,9.906900642327372,90.0,160.18619871534526,99.90690064232737,90.0,160.18619871534526
1.8200000000000012,0.0,40.0,236.42126689280002,9.906900642327372,90.0,160.18619871534526,80.09309935767263,90.0,199.81380128465474
1.8200000000000012,0.0,40.0,236.42126689280002,9.906900642327372,90.0,160.18619871534526,80.09309935767263,90.0,199.81380128465474
1.8400000000000012,0.0,-49.68241254400002,227.44382146560008,9.054280643066374,89.91998374556755,162.65152515645434,99.05428064306638,90.08001625443245,192.65152515645434
1.8400000000000012,0.0,-40.0,237.1262340096001,8.875483453355196,90.0,162.24903309328963,98.8754834533552,90.0,162.24903309328963
1.8400000000000012,0.0,40.0,237.1262340096001,8.875483453355196,90.0,162.24903309328963,81.1245165466448,90.0,197.75096690671037
1.8400000000000012,0.0,40.0,237.1262340096001,8.875483453355196,90.0,162.24903309328963,81.1245165466448,90.0,197.75096690671037
1.8600000000000012,0.0,-49.77999705600001,227.92198557440008,8.145501117688854,89.94468909572689,164.39183362639687,98.14550111768885,90.05531090427311,194.39183362639687
1.8600000000000012,0.0,-40.0,237.70198263039998,7.9351621594124655,90.0,164.1296756811751,97.93516215941247,90.0,164.1296756811751
1.8600000000000012,0.0,40.0,237.70198263039998,7.9351621594124655,90.0,164.1296756811751,82.06483784058753,90.0,195.8703243188249
1.8600000000000012,0.0,40.0,237.70198263039998,7.9351621594124655,90.0,164.1296756811751,82.06483784058753,90.0,195.8703243188249
1.8800000000000012,0.0,-49.85681100800001,228.29837393920008,7.352361827279774,89.96406156009255,165.91094355064365,97.35236182727978,90.03593843990745,195.91094355064365
1.8800000000000012,0.0,-40.0,238.15518494719996,7.1086480218155685,90.0,165.78270395636886,97.10864802181557,90.0,165.78270395636886
1.8800000000000012,0.0,40.0,238.15518494719996,7.1086480218155685,90.0,165.78270395636886,82.89135197818443,90.0,194.21729604363114
1.8800000000000012,0.0,40.0,238.15518494719996,7.1086480218155685,90.0,165.78270395636886,82.89135197818443,90.0,194.21729604363114
1.9000000000000012,0.0,-49.9144,228.58055999999996,6.696904403755848,89.97854270988266,167.16650916641117,96.69690440375585,90.02145729011734,197.16650916641117
1.9000000000000012,0.0,-40.0,238.49495999999994,6.419973672195976,90.00000000000001,167.16005265560804,96.41997367219598,89.99999999999999,167.16005265560804
1.9000000000000012,0.0,40.0,238.49495999999994,6.419973672195976,90.00000000000001,167.16005265560804,83.58002632780402,90.00000000000001,192.83994734439196
1.9000000000000012,0.0,40.0,238.49495999999994,6.419973672195976,90.00000000000001,167.16005265560804,83.58002632780402,90.00000000000001,192.83994734439196
1.9200000000000013,0.0,-49.954747392,228.7782622208,6.196798678432729,89.98866658293204,168.1245781615059,96.19679867843273,90.01133341706796,198.1245781615059
1.9200000000000013,0.0,-40.0,238.73300961279995,5.8899270040971246,90.0,168.22014599180577,95.88992700409713,90.0,168.22014599180577
1.9200000000000013,0.0,40.0,238.73300961279995,5.8899270040971246,90.0,168.22014599180577,84.11007299590287,90.0,191.77985400819423
1.9200000000000013,0.0,40.0,238.73300961279995,5.8899270040971246,90.0,168.22014599180577,84.11007299590287,90.0,191.77985400819423
1.9400000000000013,0.0,-49.98029734400001,228.90345698560003,5.858196793738042,89.99506827175735,168.77328903944377,95.85819679373805,90.00493172824265,198.77328903944377
1.9400000000000013,0.0,-40.0,238.88375432959987,5.528157056305467,90.00000000000001,168.94368588738908,95.52815705630547,89.99999999999999,168.94368588738908
1.9400000000000013,0.0,40.0,238.88375432959987,5.528157056305467,90.00000000000001,168.94368588738908,84.47184294369453,90.00000000000001,191.05631411261092
1.9400000000000013,0.0,40.0,238.88375432959987,5.528157056305467,90.00000000000001,168.94368588738908,84.47184294369453,90.00000000000001,191.05631411261092
1.9600000000000013,0.0,-49.99397785600001,228.97049149440002,5.66862873676958,89.99849306160222,169.13648660274427,95.66862873676958,90.00150693839778,199.13648660274427
1.9600000000000013,0.0,-40.0,238.96446935039995,5.3243888645706114,90.0,169.35122227085878,95.32438886457061,90.0,169.35122227085878
1.9600000000000013,0.0,40.0,238.96446935039995,5.3243888645706114,90.0,169.35122227085878,84.67561113542939,90.0,190.64877772914122
1.9600000000000013,0.0,40.0,238.96446935039995,5.3243888645706114,90.0,169.35122227085878,84.67561113542939,90.0,190.64877772914122
1.9800000000000013,0.0,-49.999223807999996,228.99619665919994,5.594240793944996,89.99980579353371,169.2790106064573,95.59424079394499,90.00019420646629,199.2790106064573
1.9800000000000013,0.0,-40.0,238.99542046719995,5.244158095304646,90.0,169.51168380939072,95.24415809530464,90.0,169.51168380939072
1.9800000000000013,0.0,40.0,238.99542046719995,5.244158095304646,90.0,169.51168380939072,84.75584190469536,90.0,190.48831619060928
1.9800000000000013,0.0,40.0,238.99542046719995,5.244158095304646,90.0,169.51168380939072,84.75584190469536,90.0,190.48831619060928
2.0000000000000013,0.0,-50.0,229.0,5.583150537107256,90.0,169.30025916731785,95.58315053710726,90.0,199.30025916731785
2.0000000000000013,0.0,-40.0,239.0,5.232182951909889,90.0,169.53563409618022,95.23218295190989,90.0,169.53563409618022
2.0000000000000013,0.0,40.0,239.0,5.232182951909889,90.0,169.53563409618022,84.76781704809011,90.0,190.46436590381978
2.0000000000000013,0.0,40.0,239.0,5.232182951909889,90.0,169.53563409618022,84.76781704809011,90.0,190.46436590381978
2.0200000000000014,0.0,-49.999223808,228.99619665920002,5.594240793944758,89.99980579353371,169.27901060645775,95.59424079394476,90.00019420646629,199.27901060645775
2.0200000000000014,0.0,-40.0,238.9954204672,5.244158095304494,90.0,169.51168380939103,95.2441580953045,90.0,169.51168380939103
2.0200000000000014,0.0,40.0,238.9954204672,5.244158095304494,90.0,169.51168380939103,84.7558419046955,90.0,190.48831619060897
2.0200000000000014,0.0,40.0,238.9954204672,5.244158095304494,90.0,169.51168380939103,84.7558419046955,90.0,190.48831619060897
2.0400000000000014,0.0,-49.993977856,228.9704914944,5.66862873676962,89.99849306160222,169.1364866027442,95.66862873676962,90.00150693839778,199.1364866027442
2.0400000000000014,0.0,-40.0,238.9644693504,5.32438886457046,90.0,169.3512222708591,95.32438886457047,90.0,169.3512222708591
2.0400000000000014,0.0,40.0,238.9644693504,5.32438886457046,90.0,169.3512222708591,84.67561113542953,90.0,190.6487777291409
2.0400000000000014,0.0,40.0,238.9644693504,5.32438886457046,90.0,169.3512222708591,84.67561113542953,90.0,190.6487777291409
2.0600000000000014,0.0,-49.980297344,228.9034569856,5.858196793738042,89.99506827175735,168.77328903944377,95.85819679373805,90.00493172824265,198.77328903944377
2.0600000000000014,0.0,-40.0,238.88375432959998,5.528157056305162,90.0,168.94368588738968,95.52815705630516,90.0,168.94368588738968
2.0600000000000014,0.0,40.0,238.88375432959998,5.528157056305162,90.0,168.94368588738968,84.47184294369484,90.0,191.05631411261032
2.0600000000000014,0.0,40.0,238.88375432959998,5.528157056305162,90.0,168.94368588738968,84.47184294369484,90.0,191.05631411261032
2.0800000000000014,0.0,-49.954747391999994,228.7782622208,6.196798678432729,89.98866658293203,168.1245781615059,96.19679867843273,90.01133341706797,198.1245781615059
2.0800000000000014,0.0,-40.0,238.73300961279998,5.889927004097073,90.0,168.22014599180585,95.88992700409707,90.0,168.22014599180585
2.0800000000000014,0.0,40.0,238.73300961279998,5.889927004097073,90.0,168.22014599180585,84.11007299590293,90.0,191.77985400819415
2.0800000000000014,0.0,40.0,238.73300961279998,5.889927004097073,90.0,168.22014599180585,84.11007299590293,90.0,191.77985400819415
2.1000000000000014,0.0,-49.9144,228.58056,6.696904403755822,89.97854270988266,167.16650916641123,96.69690440375582,90.02145729011734,197.16650916641123
2.1000000000000014,0.0,-40.0,238.49496,6.41997367219585,90.0,167.1600526556083,96.41997367219585,90.0,167.1600526556083
2.1000000000000014,0.0,40.0,238.49496,6.41997367219585,90.0,167.1600526556083,83.58002632780415,90.0,192.8399473443917
2.1000000000000014,0.0,40.0,238.49496,6.41997367219585,90.0,167.1600526556083,83.58002632780415,90.0,192.8399473443917
2.1200000000000014,0.0,-49.85681100799999,228.29837393919996,7.3523618272800135,89.96406156009255,165.9109435506432,97.35236182728002,90.03593843990745,195.9109435506432
2.1200000000000014,0.0,-40.0,238.15518494719996,7.1086480218155685,90.0,165.78270395636886,97.10864802181557,90.0,165.78270395636886
2.1200000000000014,0.0,40.0,238.15518494719996,7.1086480218155685,90.0,165.78270395636886,82.89135197818443,90.0,194.21729604363114
2.1200000000000014,0.0,40.0,238.15518494719996,7.1086480218155685,90.0,165.78270395636886,82.89135197818443,90.0,194.21729604363114
2.1400000000000015,0.0,-49.779997056,227.92198557439997,8.145501117689081,89.94468909572689,164.39183362639642,98.14550111768908,90.05531090427311,194.39183362639642
2.1400000000000015,0.0,-40.0,237.70198263039998,7.9351621594124655,90.0,164.1296756811751,97.93516215941247,90.0,164.1296756811751
2.1400000000000015,0.0,40.0,237.70198263039998,7.9351621594124655,90.0,164.1296756811751,82.06483784058753,90.0,195.8703243188249
2.1400000000000015,0.0,40.0,237.70198263039998,7.9351621594124655,90.0,164.1296756811751,82.06483784058753,90.0,195.8703243188249
2.1600000000000015,0.0,-49.682412543999995,227.44382146559997,9.054280643066509,89.91998374556754,162.65152515645408,99.0542806430665,90.08001625443246,192.65152515645408
2.1600000000000015,0.0,-40.0,237.12623400959995,8.875483453355411,90.0,162.24903309328917,98.87548345335541,90.0,162.24903309328917
2.1600000000000015,0.0,40.0,237.12623400959995,8.875483453355411,90.0,162.24903309328917,81.12451654664459,90.0,197.75096690671083
2.1600000000000015,0.0,40.0,237.12623400959995,8.875483453355411,90.0,162.24903309328917,81.12451654664459,90.0,197.75096690671083
2.1800000000000015,0.0,-49.56292659199999,226.85834030079997,10.056937932507546,89.88958858742642,160.73184042993873,100.05693793250755,90.11041141257358,190.73184042993873
2.1800000000000015,0.0,-40.0,236.42126689279996,9.906900642327438,90.0,160.18619871534514,99.90690064232744,90.0,160.18619871534514
2.1800000000000015,0.0,40.0,236.42126689279996,9.906900642327438,90.0,160.18619871534514,80.09309935767256,90.0,199.81380128465486
2.1800000000000015,0.0,40.0,236.42126689279996,9.906900642327438,90.0,160.18619871534514,80.09309935767256,90.0,199.81380128465486
2.2000000000000015,0.0,-49.42079999999999,226.16191999999995,11.134097972110256,89.85322443830455,158.67003411982432,101.13409797211025,90.14677556169545,188.67003411982432
2.2000000000000015,0.0,-40.0,235.58271999999994,11.009759803756745,90.0,157.98048039248653,101.00975980375675,90.0,157.98048039248653
2.2000000000000015,0.0,40.0,235.58271999999994,11.009759803756745,90.0,157.98048039248653,78.99024019624325,90.0,202.01951960751347
2.2000000000000015,0.0,40.0,235.58271999999994,11.009759803756745,90.0,157.98048039248653,78.99024019624325,90.0,202.01951960751347
2.2200000000000015,0.0,-49.25566220799999,225.35274481919993,12.269295001414557,89.81068392461671,156.49778975771713,102.26929500141456,90.18931607538329,186.49778975771713
2.2200000000000015,0.0,-40.0,234.60840702719992,12.167657107553046,90.0,155.66468578489392,102.16765710755304,90.0,155.66468578489392
2.2200000000000015,0.0,40.0,234.60840702719992,12.167657107553046,90.0,155.66468578489392,77.83234289244696,90.0,204.33531421510608
2.2200000000000015,0.0,40.0,234.60840702719992,12.167657107553046,90.0,155.66468578489392,77.83234289244696,90.0,204.33531421510608
2.2400000000000015,0.0,-49.06748825599999,224.43069245439995,13.448766227621924,89.76182655490128,154.24161174583574,103.44876622762192,90.23817344509872,184.24161174583574
2.2400000000000015,0.0,-40.0,233.4981807103999,13.36702670896782,90.00000000000001,153.26594658206437,103.36702670896781,89.99999999999999,153.26594658206437
2.2400000000000015,0.0,40.0,233.4981807103999,13.36702670896782,90.00000000000001,153.26594658206437,76.63297329103219,90.00000000000001,206.73405341793563
2.2400000000000015,0.0,40.0,233.4981807103999,13.36702670896782,90.00000000000001,153.26594658206437,76.63297329103219,90.00000000000001,206.73405341793563
2.2600000000000016,0.0,-48.85657574399998,223.39722114559993,14.661011586645186,89.70657477939031,151.9236659037017,104.66101158664519,90.29342522060969,181.9236659037017
2.2600000000000016,0.0,-40.0,232.2537968895999,14.596593899718057,90.0,150.80681220056388,104.59659389971806,90.0,150.80681220056388
2.2600000000000016,0.0,40.0,232.2537968895999,14.596593899718057,90.0,150.80681220056388,75.40340610028194,90.0,209.19318779943612
2.2600000000000016,0.0,40.0,232.2537968895999,14.596593899718057,90.0,150.80681220056388,75.40340610028194,90.0,209.19318779943612
2.2800000000000016,0.0,-48.623521791999984,222.2552567807999,15.896340906713593,89.6449109916823,149.56264430129573,105.89634090671359,90.3550890083177,179.56264430129573
2.2800000000000016,0.0,-40.0,230.8787785727999,15.84687543212718,90.0,148.30624913574565,105.84687543212718,90.0,148.30624913574565
2.2800000000000016,0.0,40.0,230.8787785727999,15.84687543212718,90.0,148.30624913574565,74.15312456787282,90.0,211.69375086425435
2.2800000000000016,0.0,40.0,230.8787785727999,15.84687543212718,90.0,148.30624913574565,74.15312456787282,90.0,211.69375086425435
2.3000000000000016,0.0,-48.36919999999998,221.0090799999999,17.14648557570847,89.57687540496572,147.1745065963394,107.14648557570847,90.42312459503428,177.1745065963394
2.3000000000000016,0.0,-40.0,229.37827999999988,17.109775492903303,90.00000000000001,145.7804490141934,107.10977549290331,89.99999999999999,145.7804490141934
2.3000000000000016,0.0,40.0,229.37827999999988,17.109775492903303,90.00000000000001,145.7804490141934,72.89022450709669,90.00000000000001,214.2195509858066
2.3000000000000016,0.0,40.0,229.37827999999988,17.109775492903303,90.00000000000001,145.7804490141934,72.89022450709669,90.00000000000001,214.2195509858066
2.3200000000000016,0.0,-48.09473740799997,219.66421329919987,18.40428911214851,89.50256471661059,144.77307026598294,108.40428911214852,90.49743528338941,174.77307026598294
2.3200000000000016,0.0,-40.0,227.7589507071999,18.37827518297948,90.00000000000001,143.24344963404104,108.37827518297948,89.99999999999999,143.24344963404104
2.3200000000000016,0.0,40.0,227.7589507071999,18.37827518297948,90.00000000000001,143.24344963404104,71.62172481702052,90.00000000000001,216.75655036595896
2.3200000000000016,0.0,40.0,227.7589507071999,18.37827518297948,90.00000000000001,143.24344963404104,71.62172481702052,90.00000000000001,216.75655036595896
2.3400000000000016,0.0,-47.80149145599998,218.22730813439986,19.66346846905378,89.42213145871999,142.37046538635713,109.66346846905378,90.57786854128001,172.37046538635713
2.3400000000000016,0.0,-40.0,226.02879959039984,19.64619878519689,90.0,140.70760242960623,109.64619878519689,90.0,140.70760242960623
2.3400000000000016,0.0,40.0,226.02879959039984,19.64619878519689,90.0,140.70760242960623,70.35380121480311,90.0,219.29239757039377
2.3400000000000016,0.0,40.0,226.02879959039984,19.64619878519689,90.0,140.70760242960623,70.35380121480311,90.0,219.29239757039377
2.3600000000000017,0.0,-47.49102694399998,216.70603202559988,20.91843233066544,89.33578391705684,139.977480294126,110.91843233066544,90.66421608294316,169.977480294126
2.3600000000000017,0.0,-40.0,224.19705896959985,20.908038985127213,90.0,138.1839220297456,110.9080389851272,90.0,138.1839220297456
2.3600000000000017,0.0,40.0,224.19705896959985,20.908038985127213,90.0,138.1839220297456,69.0919610148728,90.0,221.8160779702544
2.3600000000000017,0.0,40.0,224.19705896959985,20.908038985127213,90.0,138.1839220297456,69.0919610148728,90.0,221.8160779702544
2.3800000000000017,0.0,-47.16509299199997,215.1089556607999,22.164143326854283,89.24378648566656,137.60382319824205,112.16414332685429,90.75621351433344,167.60382319824205
2.3800000000000017,0.0,-40.0,222.27404865279985,22.15882614939973,90.0,135.68234770120057,112.15882614939973,90.0,135.68234770120057
2.3800000000000017,0.0,40.0,222.27404865279985,22.15882614939973,90.0,135.68234770120057,67.84117385060027,90.0,224.31765229879943
2.3800000000000017,0.0,40.0,222.27404865279985,22.15882614939973,90.0,135.68234770120057,67.84117385060027,90.0,224.31765229879943
2.4000000000000017,0.0,-46.82559999999997,213.44543999999988,23.396013514627978,89.14646030891537,135.25832017282457,113.39601351462798,90.85353969108463,165.25832017282457
2.4000000000000017,0.0,-40.0,220.27103999999983,23.394030286535585,90.00000000000001,133.21193942692884,113.39403028653558,89.99999999999999,133.21193942692884
2.4000000000000017,0.0,40.0,220.27103999999983,23.394030286535585,90.00000000000001,133.21193942692884,66.60596971346442,90.00000000000001,226.78806057307116
2.4000000000000017,0.0,40.0,220.27103999999983,23.394030286535585,90.00000000000001,133.21193942692884,66.60596971346442,90.00000000000001,226.78806057307116
2.4200000000000017,0.0,-46.47459660799997,211.72552337919987,24.60982499951888,89.04418404635133,132.94906513652398,114.60982499951888,90.95581595364867,162.94906513652398
2.4200000000000017,0.0,-40.0,218.20011998719983,24.60948733735882,90.00000000000001,130.78102532528237,114.60948733735881,89.99999999999999,130.78102532528237
2.4200000000000017,0.0,40.0,218.20011998719983,24.60948733735882,90.00000000000001,130.78102532528237,65.39051266264119,90.00000000000001,229.21897467471763
2.4200000000000017,0.0,40.0,218.20011998719983,24.60948733735882,90.00000000000001,130.78102532528237,65.39051266264119,90.00000000000001,229.21897467471763
2.4400000000000017,0.0,-46.11424665599997,209.95980861439983,25.801669684559517,88.93739457894736,130.68353338176246,115.80166968455951,91.06260542105264,160.68353338176246
2.4400000000000017,0.0,-40.0,216.07405527039984,25.801343764886866,90.00000000000001,128.39731247022627,115.80134376488687,89.99999999999999,128.39731247022627
2.4400000000000017,0.0,40.0,216.07405527039984,25.801343764886866,90.00000000000001,128.39731247022627,64.19865623511313,90.00000000000001,231.60268752977373
2.4400000000000017,0.0,40.0,216.07405527039984,25.801343764886866,90.00000000000001,128.39731247022627,64.19865623511313,90.00000000000001,231.60268752977373
2.4600000000000017,0.0,-45.74680614399997,208.15935010559986,26.96790376627087,88.82658745848018,128.46866710172276,116.96790376627087,91.17341254151982,158.46866710172276
2.4600000000000017,0.0,-40.0,213.9061562495998,26.96601511672376,90.0,126.06796976655248,116.96601511672375,90.0,126.06796976655248
2.4600000000000017,0.0,40.0,213.9061562495998,26.96601511672376,90.0,126.06796976655248,63.03398488327624,90.0,233.9320302334475
2.4600000000000017,0.0,40.0,213.9061562495998,26.96601511672376,90.0,126.06796976655248,63.03398488327624,90.0,233.9320302334475
2.4800000000000018,0.0,-45.37460019199997,206.33554094079983,28.105113810038315,88.71231688601607,126.31093904983527,118.10511381003832,91.28768311398393,156.31093904983527
2.4800000000000018,0.0,-40.0,211.71014113279983,28.100155456326377,90.0,123.79968908734725,118.10015545632638,90.0,123.79968908734725
2.4800000000000018,0.0,40.0,211.71014113279983,28.100155456326377,90.0,123.79968908734725,61.89984454367362,90.0,236.20031091265275
2.4800000000000018,0.0,40.0,211.71014113279983,28.100155456326377,90.0,123.79968908734725,61.89984454367362,90.0,236.20031091265275
2.5000000000000018,0.0,-44.999999999999964,204.49999999999983,29.210092124114215,88.59519499210407,124.21639877744472,119.21009212411421,91.40480500789593,154.21639877744474
2.5000000000000018,0.0,-40.0,209.4999999999998,29.200635432020544,90.00000000000001,121.59872913595892,119.20063543202055,89.99999999999999,121.59872913595892
2.5000000000000018,0.0,40.0,209.4999999999998,29.200635432020544,90.00000000000001,121.59872913595892,60.79936456797945,90.00000000000001,238.40127086404107
2.5000000000000018,0.0,40.0,209.4999999999998,29.200635432020544,90.00000000000001,121.59872913595892,60.79936456797945,90.00000000000001,238.40127086404107
2.520000000000002,0.0,-44.62539980799997,202.66445905919983,30.2798197960673,88.47589018208699,122.19070466883258,120.2798197960673,91.52410981791301,152.19070466883258
2.520000000000002,0.0,-40.0,207.28985886719983,30.264527375240956,90.0,119.4709452495181,120.26452737524096,90.0,119.4709452495181
2.520000000000002,0.0,40.0,207.28985886719983,30.264527375240956,90.0,119.4709452495181,59.73547262475904,90.0,240.52905475048192
2.520000000000002,0.0,40.0,207.28985886719983,30.264527375240956,90.0,119.4709452495181,59.73547262475904,90.0,240.52905475048192
2.540000000000002,0.0,-44.25319385599997,200.84064989439983,31.311456223700336,88.35512430702909,120.23914410148804,121.31145622370033,91.64487569297091,150.23914410148802
2.540000000000002,0.0,-40.0,205.0938437503998,31.28909626610563,90.0,117.42180746778875,121.28909626610563,90.0,117.42180746778875
2.540000000000002,0.0,40.0,205.0938437503998,31.28909626610563,90.0,117.42180746778875,58.71090373389437,90.0,242.57819253221123
2.540000000000002,0.0,40.0,205.0938437503998,31.28909626610563,90.0,117.42180746778875,58.71090373389437,90.0,242.57819253221123
2.560000000000002,0.0,-43.885753343999966,199.04019138559985,32.30233431306502,88.23366842644201,118.36664340879952,122.30233431306502,91.76633157355799,148.36664340879952
2.560000000000002,0.0,-40.0,202.92594472959982,32.27179572768325,90.0,115.45640854463352,122.27179572768324,90.0,115.45640854463352
2.560000000000002,0.0,40.0,202.92594472959982,32.27179572768325,90.0,115.45640854463352,57.72820427231675,90.0,244.54359145536648
2.560000000000002,0.0,40.0,202.92594472959982,32.27179572768325,90.0,115.45640854463352,57.72820427231675,90.0,244.54359145536648
2.580000000000002,0.0,-43.525403391999966,197.27447662079985,33.249960764274526,88.11233694564594,116.57776884376432,123.24996076427453,91.88766305435406,146.57776884376432
2.580000000000002,0.0,-40.0,200.7998800127998,33.21026844711031,90.0,113.57946310577937,123.21026844711031,90.0,113.57946310577937
2.580000000000002,0.0,40.0,200.7998800127998,33.21026844711031,90.0,113.57946310577937,56.78973155288969,90.0,246.42053689422062
2.580000000000002,0.0,40.0,200.7998800127998,33.21026844711031,90.0,113.57946310577937,56.78973155288969,90.0,246.42053689422062
2.600000000000002,0.0,-43.17439999999996,195.5545599999998,34.152021046229734,87.99197994043797,114.8767193870182,124.15202104622973,92.00802005956203,144.8767193870182
2.600000000000002,0.0,-40.0,198.72895999999983,34.102350597940095,90.0,111.79529880411982,124.1023505979401,90.0,111.79529880411982
2.600000000000002,0.0,40.0,198.72895999999983,34.102350597940095,90.0,111.79529880411982,55.897649402059905,90.0,248.20470119588018
2.600000000000002,0.0,40.0,198.72895999999983,34.102350597940095,90.0,111.79529880411982,55.897649402059905,90.0,248.20470119588018
2.620000000000002,0.0,-42.83490700799996,193.89104433919982,35.0063887918005,87.87347352650465,113.26731197559086,125.0063887918005,92.12652647349535,143.26731197559087
2.620000000000002,0.0,-40.0,196.72595134719984,34.94607997197952,90.00000000000001,110.10784005604096,124.94607997197951,89.99999999999999,110.10784005604096
2.620000000000002,0.0,40.0,196.72595134719984,34.94607997197952,90.00000000000001,110.10784005604096,55.05392002802048,90.00000000000001,249.89215994395903
2.620000000000002,0.0,40.0,196.72595134719984,34.94607997197952,90.00000000000001,110.10784005604096,55.05392002802048,90.00000000000001,249.89215994395903
2.640000000000002,0.0,-42.508973055999974,192.29396797439986,35.81113943814366,87.75770819165773,111.75295952528231,125.81113943814367,92.24229180834227,141.7529595252823
2.640000000000002,0.0,-40.0,194.80294103039986,35.73970763330286,90.0,108.52058473339429,125.73970763330286,90.0,108.52058473339429
2.640000000000002,0.0,40.0,194.80294103039986,35.73970763330286,90.0,108.52058473339429,54.26029236669714,90.0,251.4794152666057
2.640000000000002,0.0,40.0,194.80294103039986,35.73970763330286,90.0,108.52058473339429,54.26029236669714,90.0,251.4794152666057
2.660000000000002,0.0,-42.198508543999964,190.77269186559985,36.56456800211724,87.64557508527537,110.33664196122818,126.56456800211724,92.35442491472463,140.33664196122817
2.660000000000002,0.0,-40.0,192.97120040959982,36.48171299136202,90.0,107.03657401727595,126.48171299136203,90.0,107.03657401727595
2.660000000000002,0.0,40.0,192.97120040959982,36.48171299136202,90.0,107.03657401727595,53.51828700863798,90.0,252.96342598272406
2.660000000000002,0.0,40.0,192.97120040959982,36.48171299136202,90.0,107.03657401727595,53.51828700863798,90.0,252.96342598272406
2.680000000000002,0.0,-41.90526259199997,189.33578670079984,37.26521092547835,87.53795034956468,109.0208703446697,127.26521092547836,92.46204965043532,139.0208703446697
2.680000000000002,0.0,-40.0,191.24104929279983,37.17082226076269,90.0,105.65835547847462,127.17082226076269,90.0,105.65835547847462
2.680000000000002,0.0,40.0,191.24104929279983,37.17082226076269,90.0,105.65835547847462,52.82917773923731,90.0,254.34164452152538
2.680000000000002,0.0,40.0,191.24104929279983,37.17082226076269,90.0,105.65835547847462,52.82917773923731,90.0,254.34164452152538
2.700000000000002,0.0,-41.63079999999997,187.99091999999987,37.91187195474432,87.43567767792007,107.80764407913391,127.91187195474433,92.56432232207993,137.80764407913392
2.700000000000002,0.0,-40.0,189.62171999999987,37.80603033704239,90.0,104.38793932591524,127.80603033704239,90.0,104.38793932591524
2.700000000000002,0.0,40.0,189.62171999999987,37.80603033704239,90.0,104.38793932591524,52.19396966295761,90.0,255.61206067408477
2.700000000000002,0.0,40.0,189.62171999999987,37.80603033704239,90.0,104.38793932591524,52.19396966295761,90.0,255.61206067408477
2.720000000000002,0.0,-41.37647820799998,186.7447432191999,38.50365204142695,87.33954939132376,106.69840108874888,128.50365204142696,92.66045060867624,136.69840108874888
2.720000000000002,0.0,-40.0,188.12122142719988,38.38662617381971,90.00000000000001,103.22674765236059,128.3866261738197,89.99999999999999,103.22674765236059
2.720000000000002,0.0,40.0,188.12122142719988,38.38662617381971,90.00000000000001,103.22674765236059,51.61337382618029,90.00000000000001,256.7732523476394
2.720000000000002,0.0,40.0,188.12122142719988,38.38662617381971,90.00000000000001,103.22674765236059,51.61337382618029,90.00000000000001,256.7732523476394
2.740000000000002,0.0,-41.143424255999975,185.6027788543999,39.03998326433122,87.25028642719288,105.69396078011711,129.03998326433123,92.74971357280712,135.6939607801171
2.740000000000002,0.0,-40.0,186.7462031103999,38.91222179876413,90.0,102.17555640247174,128.91222179876414,90.0,102.17555640247174
2.740000000000002,0.0,40.0,186.7462031103999,38.91222179876413,90.0,102.17555640247174,51.08777820123587,90.0,257.8244435975283
2.740000000000002,0.0,40.0,186.7462031103999,38.91222179876413,90.0,102.17555640247174,51.08777820123587,90.0,257.8244435975283
2.760000000000002,0.0,-40.93251174399998,184.56930754559994,39.52066679046605,87.16851772761413,104.79445952426894,129.52066679046607,92.83148227238587,134.79445952426894
2.760000000000002,0.0,-40.0,185.50181928959998,39.3827851543288,90.00000000000001,101.2344296913424,129.38278515432881,89.99999999999999,101.2344296913424
2.760000000000002,0.0,40.0,185.50181928959998,39.3827851543288,90.00000000000001,101.2344296913424,50.6172148456712,90.00000000000001,258.76557030865763
2.760000000000002,0.0,40.0,185.50181928959998,39.3827851543288,90.00000000000001,101.2344296913424,50.6172148456712,90.00000000000001,258.76557030865763
2.780000000000002,0.0,-40.74433779199998,183.64725518079993,39.94591490736232,87.09475958596329,103.99927832681547,129.94591490736232,92.90524041403671,133.99927832681547
2.780000000000002,0.0,-40.0,184.39159297279994,39.79867699286171,90.00000000000001,100.40264601427658,129.79867699286172,89.99999999999999,100.40264601427658
2.780000000000002,0.0,40.0,184.39159297279994,39.79867699286171,90.00000000000001,100.40264601427658,50.20132300713829,90.00000000000001,259.59735398572343
2.780000000000002,0.0,40.0,184.39159297279994,39.79867699286171,90.00000000000001,100.40264601427658,50.20132300713829,90.00000000000001,259.59735398572343
2.800000000000002,0.0,-40.579199999999986,182.83807999999996,40.316397177852636,87.02939555292882,103.3069622963708,130.31639717785265,92.97060444707118,133.30696229637078
2.800000000000002,0.0,-40.0,183.41727999999995,40.160692091344764,90.00000000000001,99.67861581731047,130.16069209134477,89.99999999999999,99.67861581731047
2.800000000000002,0.0,40.0,183.41727999999995,40.160692091344764,90.00000000000001,99.67861581731047,49.839307908655236,90.00000000000001,260.32138418268954
2.800000000000002,0.0,40.0,183.41727999999995,40.160692091344764,90.00000000000001,99.67861581731047,49.839307908655236,90.00000000000001,260.32138418268954
2.820000000000002,0.0,-40.437073407999975,182.14165969919998,40.63329078640792,86.97265750644179,102.7151314825033,130.6332907864079,93.02734249355821,132.7151314825033
2.820000000000002,0.0,-40.0,182.57873310719998,40.470105072865714,90.0,99.05978985426859,130.47010507286572,90.0,99.05978985426859
2.820000000000002,0.0,40.0,182.57873310719998,40.470105072865714,90.0,99.05978985426859,49.529894927134286,90.0,260.9402101457314
2.820000000000002,0.0,40.0,182.57873310719998,40.470105072865714,90.0,99.05978985426859,49.529894927134286,90.0,260.9402101457314
2.840000000000002,0.0,-40.317587455999984,181.5561785343999,40.89833515771771,86.92460844856208,102.22038265045073,130.89833515771772,93.07539155143792,132.22038265045074
2.840000000000002,0.0,-40.0,181.8737659903999,40.72872112100526,90.0,98.54255775798948,130.72872112100526,90.0,98.54255775798948
2.840000000000002,0.0,40.0,181.8737659903999,40.72872112100526,90.0,98.54255775798948,49.27127887899474,90.0,261.45744224201053
2.840000000000002,0.0,40.0,181.8737659903999,40.72872112100526,90.0,98.54255775798948,49.27127887899474,90.0,261.45744224201053
2.860000000000002,0.0,-40.22000294399999,181.07801442559995,41.11389092186615,86.88512750261846,101.81818161466093,131.11389092186616,93.11487249738154,131.81818161466094
2.860000000000002,0.0,-40.0,181.29801736959996,40.9389318365068,90.0,98.12213632698644,130.9389318365068,90.0,98.12213632698644
2.860000000000002,0.0,40.0,181.29801736959996,40.9389318365068,90.0,98.12213632698644,49.0610681634932,90.0,261.87786367301356
2.860000000000002,0.0,40.0,181.29801736959996,40.9389318365068,90.0,98.12213632698644,49.0610681634932,90.0,261.87786367301356
2.880000000000002,0.0,-40.14318899199999,180.70162606079995,41.28300325825565,86.85389744611007,101.50274590147501,131.28300325825563,93.14610255388993,131.502745901475
2.880000000000002,0.0,-40.0,180.84481505280002,41.1037763946712,90.0,97.79244721065761,131.1037763946712,90.0,97.79244721065761
2.880000000000002,0.0,40.0,180.84481505280002,41.1037763946712,90.0,97.79244721065761,48.8962236053288,90.0,262.2075527893424
2.880000000000002,0.0,40.0,180.84481505280002,41.1037763946712,90.0,97.79244721065761,48.8962236053288,90.0,262.2075527893424
2.900000000000002,0.0,-40.0856,180.41943999999998,41.40946954701283,86.83039493302766,101.26691779977841,131.40946954701283,93.16960506697234,131.2669177997784
2.900000000000002,0.0,-40.0,180.50504000000006,41.2270079926729,90.0,97.5459840146542,131.2270079926729,90.0,97.5459840146542
2.900000000000002,0.0,40.0,180.50504000000006,41.2270079926729,90.0,97.5459840146542,48.7729920073271,90.0,262.4540159853458
2.900000000000002,0.0,40.0,180.50504000000006,41.2270079926729,90.0,97.5459840146542,48.7729920073271,90.0,262.4540159853458
2.920000000000002,0.0,-40.045252608000006,180.2217377792,41.49791105888131,86.81388334055103,101.10202834716787,131.4979110588813,93.18611665944897,131.10202834716787
2.920000000000002,0.0,-40.0,180.26699038720005,41.31316529767611,90.0,97.37366940464779,131.3131652976761,90.0,97.37366940464779
2.920000000000002,0.0,40.0,180.26699038720005,41.31316529767611,90.0,97.37366940464779,48.68683470232389,90.0,262.6263305953522
2.920000000000002,0.0,40.0,180.26699038720005,41.31316529767611,90.0,97.37366940464779,48.68683470232389,90.0,262.6263305953522
2.940000000000002,0.0,-40.01970265599998,180.09654301439994,41.553848082481544,86.80340792882662,100.99775356034749,131.55384808248155,93.19659207117338,130.9977535603475
2.940000000000002,0.0,-40.0,180.11624567039996,41.367648182280014,90.00000000000001,97.26470363543999,131.36764818228002,89.99999999999999,97.26470363543999
2.940000000000002,0.0,40.0,180.11624567039996,41.367648182280014,90.00000000000001,97.26470363543999,48.632351817719986,90.00000000000001,262.73529636456
2.940000000000002,0.0,40.0,180.11624567039996,41.367648182280014,90.00000000000001,97.26470363543999,48.632351817719986,90.00000000000001,262.73529636456
2.960000000000002,0.0,-40.006022143999985,180.0295085056,41.583777376991044,86.79779273846033,100.94196533217098,131.58377737699104,93.20220726153967,130.94196533217098
2.960000000000002,0.0,-40.0,180.03553064959993,41.39679642237201,90.00000000000001,97.20640715525597,131.396796422372,89.99999999999999,97.20640715525597
2.960000000000002,0.0,40.0,180.03553064959993,41.39679642237201,90.00000000000001,97.20640715525597,48.60320357762799,90.00000000000001,262.793592844744
2.960000000000002,0.0,40.0,180.03553064959993,41.39679642237201,90.00000000000001,97.20640715525597,48.60320357762799,90.00000000000001,262.793592844744
2.980000000000002,0.0,-40.000776192,180.00380334079995,41.59525010606523,86.7956383765423,100.92058096184259,131.59525010606524,93.2043616234577,130.92058096184257
2.980000000000002,0.0,-40.0,180.0045795328001,41.40796919382018,90.0,97.18406161235964,131.40796919382018,90.0,97.18406161235964
2.980000000000002,0.0,40.0,180.0045795328001,41.40796919382018,90.0,97.18406161235964,48.59203080617982,90.0,262.81593838764036
2.980000000000002,0.0,40.0,180.0045795328001,41.40796919382018,90.0,97.18406161235964,48.59203080617982,90.0,262.81593838764036
3.000000000000002,0.0,-40.0,180.0,41.59694742464398,86.79531956251773,100.9174173158139,131.596947424644,93.20468043748227,130.9174173158139
3.000000000000002,0.0,-40.0,180.0,41.40962210927086,90.0,97.18075578145829,131.40962210927086,90.0,97.18075578145829
3.000000000000002,0.0,40.0,180.0,41.40962210927086,90.0,97.18075578145829,48.59037789072914,90.0,262.8192442185417
3.000000000000002,0.0,40.0,180.0,41.40962210927086,90.0,97.18075578145829,48.59037789072914,90.0,262.8192442185417
3.0200000000000022,0.0,-40.000776192,180.00380334079998,41.59525010606522,86.7956383765423,100.92058096184262,131.59525010606524,93.2043616234577,130.92058096184263
3.0200000000000022,0.0,-40.0,180.0045795328,41.40796919382022,90.0,97.18406161235956,131.40796919382024,90.0,97.18406161235956
3.0200000000000022,0.0,40.0,180.0045795328,41.40796919382022,90.0,97.18406161235956,48.59203080617978,90.0,262.8159383876405
3.0200000000000022,0.0,40.0,180.0045795328,41.40796919382022,90.0,97.18406161235956,48.59203080617978,90.0,262.8159383876405
3.0400000000000023,0.0,-40.006022144,180.0295085056,41.583777376991044,86.79779273846034,100.94196533217098,131.58377737699104,93.20220726153966,130.94196533217098
3.0400000000000023,0.0,-40.0,180.03553064960002,41.396796422371985,90.0,97.20640715525603,131.39679642237198,90.0,97.20640715525603
3.0400000000000023,0.0,40.0,180.03553064960002,41.396796422371985,90.0,97.20640715525603,48.603203577628015,90.0,262.79359284474396
3.0400000000000023,0.0,40.0,180.03553064960002,41.396796422371985,90.0,97.20640715525603,48.603203577628015,90.0,262.79359284474396
3.0600000000000023,0.0,-40.019702656,180.0965430144,41.55384808248152,86.80340792882663,100.99775356034753,131.55384808248152,93.19659207117337,130.99775356034752
3.0600000000000023,0.0,-40.0,180.11624567040002,41.36764818227999,90.0,97.26470363544001,131.36764818228,90.0,97.26470363544001
3.0600000000000023,0.0,40.0,180.11624567040002,41.36764818227999,90.0,97.26470363544001,48.63235181772001,90.0,262.73529636456
3.0600000000000023,0.0,40.0,180.11624567040002,41.36764818227999,90.0,97.26470363544001,48.63235181772001,90.0,262.73529636456
3.0800000000000023,0.0,-40.045252608000006,180.2217377792,41.49791105888131,86.81388334055103,101.10202834716787,131.4979110588813,93.18611665944897,131.10202834716787
3.0800000000000023,0.0,-40.0,180.26699038720002,41.313165297676115,90.0,97.37366940464777,131.3131652976761,90.0,97.37366940464777
3.0800000000000023,0.0,40.0,180.26699038720002,41.313165297676115,90.0,97.37366940464777,48.686834702323885,90.0,262.6263305953522
3.0800000000000023,0.0,40.0,180.26699038720002,41.313165297676115,90.0,97.37366940464777,48.686834702323885,90.0,262.6263305953522
3.1000000000000023,0.0,-40.08560000000001,180.41944000000004,41.4094695470128,86.83039493302766,101.26691779977847,131.4094695470128,93.16960506697234,131.26691779977847
3.1000000000000023,0.0,-40.0,180.50504,41.22700799267293,90.0,97.54598401465415,131.22700799267292,90.0,97.54598401465415
3.1000000000000023,0.0,40.0,180.50504,41.22700799267293,90.0,97.54598401465415,48.77299200732707,90.0,262.45401598534585
3.1000000000000023,0.0,40.0,180.50504,41.22700799267293,90.0,97.54598401465415,48.77299200732707,90.0,262.45401598534585
3.1200000000000023,0.0,-40.14318899200001,180.70162606080007,41.2830032582556,86.85389744611008,101.5027459014751,131.2830032582556,93.14610255388992,131.5027459014751
3.1200000000000023,0.0,-40.0,180.84481505280004,41.10377639467118,90.0,97.79244721065764,131.10377639467117,90.0,97.79244721065764
3.1200000000000023,0.0,40.0,180.84481505280004,41.10377639467118,90.0,97.79244721065764,48.89622360532882,90.0,262.20755278934234
3.1200000000000023,0.0,40.0,180.84481505280004,41.10377639467118,90.0,97.79244721065764,48.89622360532882,90.0,262.20755278934234
3.1400000000000023,0.0,-40.22000294400001,181.07801442560006,41.113890921866115,86.88512750261847,101.81818161466101,131.11389092186613,93.11487249738153,131.818181614661
3.1400000000000023,0.0,-40.0,181.29801736960005,40.93893183650676,90.0,98.12213632698648,130.93893183650675,90.0,98.12213632698648
3.1400000000000023,0.0,40.0,181.29801736960005,40.93893183650676,90.0,98.12213632698648,49.06106816349324,90.0,261.8778636730135
3.1400000000000023,0.0,40.0,181.29801736960005,40.93893183650676,90.0,98.12213632698648,49.06106816349324,90.0,261.8778636730135
3.1600000000000024,0.0,-40.31758745600001,181.55617853440003,40.89833515771765,86.92460844856208,102.22038265045084,130.89833515771767,93.07539155143792,132.22038265045086
3.1600000000000024,0.0,-40.0,181.8737659904001,40.72872112100519,90.0,98.54255775798964,130.72872112100518,90.0,98.54255775798964
3.1600000000000024,0.0,40.0,181.8737659904001,40.72872112100519,90.0,98.54255775798964,49.27127887899481,90.0,261.45744224201036
3.1600000000000024,0.0,40.0,181.8737659904001,40.72872112100519,90.0,98.54255775798964,49.27127887899481,90.0,261.45744224201036
3.1800000000000024,0.0,-40.43707340800002,182.14165969920006,40.63329078640788,86.9726575064418,102.71513148250337,130.63329078640788,93.0273424935582,132.71513148250335
3.1800000000000024,0.0,-40.0,182.5787331072001,40.47010507286567,90.00000000000001,99.05978985426866,130.47010507286566,89.99999999999999,99.05978985426866
3.1800000000000024,0.0,40.0,182.5787331072001,40.47010507286567,90.00000000000001,99.05978985426866,49.52989492713433,90.00000000000001,260.9402101457313
3.1800000000000024,0.0,40.0,182.5787331072001,40.47010507286567,90.00000000000001,99.05978985426866,49.52989492713433,90.00000000000001,260.9402101457313
3.2000000000000024,0.0,-40.579200000000014,182.8380800000001,40.31639717785258,87.02939555292883,103.30696229637091,130.3163971778526,92.97060444707117,133.3069622963709
3.2000000000000024,0.0,-40.0,183.4172800000001,40.160692091344714,90.0,99.67861581731057,130.1606920913447,90.0,99.67861581731057
3.2000000000000024,0.0,40.0,183.4172800000001,40.160692091344714,90.0,99.67861581731057,49.839307908655286,90.0,260.3213841826894
3.2000000000000024,0.0,40.0,183.4172800000001,40.160692091344714,90.0,99.67861581731057,49.839307908655286,90.0,260.3213841826894
3.2200000000000024,0.0,-40.74433779200002,183.6472551808001,39.945914907362265,87.09475958596332,103.9992783268156,129.94591490736227,92.90524041403668,133.9992783268156
3.2200000000000024,0.0,-40.0,184.3915929728001,39.79867699286164,90.0,100.40264601427673,129.79867699286163,90.0,100.40264601427673
3.2200000000000024,0.0,40.0,184.3915929728001,39.79867699286164,90.0,100.40264601427673,50.20132300713836,90.0,259.59735398572326
3.2200000000000024,0.0,40.0,184.3915929728001,39.79867699286164,90.0,100.40264601427673,50.20132300713836,90.0,259.59735398572326
3.2400000000000024,0.0,-40.93251174400002,184.56930754560014,39.52066679046595,87.16851772761414,104.79445952426913,129.52066679046595,92.83148227238586,134.79445952426914
3.2400000000000024,0.0,-40.0,185.50181928960018,39.38278515432873,90.00000000000001,101.23442969134254,129.38278515432873,89.99999999999999,101.23442969134254
3.2400000000000024,0.0,40.0,185.50181928960018,39.38278515432873,90.00000000000001,101.23442969134254,50.61721484567127,90.00000000000001,258.76557030865746
3.2400000000000024,0.0,40.0,185.50181928960018,39.38278515432873,90.00000000000001,101.23442969134254,50.61721484567127,90.00000000000001,258.76557030865746
3.2600000000000025,0.0,-41.143424256000024,185.60277885440013,39.039983264331134,87.25028642719289,105.69396078011728,129.03998326433114,92.74971357280711,135.69396078011727
3.2600000000000025,0.0,-40.0,186.74620311040016,38.91222179876403,90.0,102.17555640247194,128.91222179876402,90.0,102.17555640247194
3.2600000000000025,0.0,40.0,186.74620311040016,38.91222179876403,90.0,102.17555640247194,51.08777820123597,90.0,257.82444359752805
3.2600000000000025,0.0,40.0,186.74620311040016,38.91222179876403,90.0,102.17555640247194,51.08777820123597,90.0,257.82444359752805
3.2800000000000025,0.0,-41.37647820800003,186.74474321920016,38.50365204142684,87.33954939132377,106.6984010887491,128.50365204142685,92.66045060867623,136.6984010887491
3.2800000000000025,0.0,-40.0,188.12122142720017,38.3866261738196,90.0,103.22674765236081,128.3866261738196,90.0,103.22674765236081
3.2800000000000025,0.0,40.0,188.12122142720017,38.3866261738196,90.0,103.22674765236081,51.6133738261804,90.0,256.7732523476392
3.2800000000000025,0.0,40.0,188.12122142720017,38.3866261738196,90.0,103.22674765236081,51.6133738261804,90.0,256.7732523476392
3.3000000000000025,0.0,-41.630800000000036,187.99092000000016,37.911871954744186,87.43567767792008,107.80764407913416,127.91187195474419,92.56432232207992,137.80764407913415
3.3000000000000025,0.0,-40.0,189.62172000000018,37.806030337042266,90.0,104.3879393259155,127.80603033704227,90.0,104.3879393259155
3.3000000000000025,0.0,40.0,189.62172000000018,37.806030337042266,90.0,104.3879393259155,52.193969662957734,90.0,255.6120606740845
3.3000000000000025,0.0,40.0,189.62172000000018,37.806030337042266,90.0,104.3879393259155,52.193969662957734,90.0,255.6120606740845
3.3200000000000025,0.0,-41.905262592000035,189.33578670080016,37.265210925478186,87.53795034956472,109.02087034467003,127.26521092547819,92.46204965043528,139.02087034467002
3.3200000000000025,0.0,-40.0,191.24104929280023,37.17082226076253,90.0,105.65835547847495,127.17082226076252,90.0,105.65835547847495
3.3200000000000025,0.0,40.0,191.24104929280023,37.17082226076253,90.0,105.65835547847495,52.82917773923747,90.0,254.34164452152504
3.3200000000000025,0.0,40.0,191.24104929280023,37.17082226076253,90.0,105.65835547847495,52.82917773923747,90.0,254.34164452152504
3.3400000000000025,0.0,-42.198508544000035,190.7726918656002,36.56456800211708,87.6455750852754,110.3366419612285,126.56456800211708,92.3544249147246,140.3366419612285
3.3400000000000025,0.0,-40.0,192.97120040960021,36.48171299136187,90.0,107.03657401727628,126.48171299136186,90.0,107.03657401727628
3.3400000000000025,0.0,40.0,192.97120040960021,36.48171299136187,90.0,107.03657401727628,53.51828700863813,90.0,252.96342598272372
3.3400000000000025,0.0,40.0,192.97120040960021,36.48171299136187,90.0,107.03657401727628,53.51828700863813,90.0,252.96342598272372
3.3600000000000025,0.0,-42.50897305600004,192.2939679744002,35.81113943814348,87.75770819165777,111.75295952528265,125.81113943814347,92.24229180834223,141.75295952528265
3.3600000000000025,0.0,-40.0,194.80294103040023,35.73970763330271,90.00000000000001,108.52058473339459,125.73970763330271,89.99999999999999,108.52058473339459
3.3600000000000025,0.0,40.0,194.80294103040023,35.73970763330271,90.00000000000001,108.52058473339459,54.26029236669729,90.00000000000001,251.47941526660543
3.3600000000000025,0.0,40.0,194.80294103040023,35.73970763330271,90.00000000000001,108.52058473339459,54.26029236669729,90.00000000000001,251.47941526660543
3.3800000000000026,0.0,-42.83490700800004,193.8910443392002,35.00638879180031,87.8734735265047,113.26731197559121,125.0063887918003,92.1265264734953,143.2673119755912
3.3800000000000026,0.0,-40.0,196.72595134720024,34.94607997197935,90.0,110.1078400560413,124.94607997197934,90.0,110.1078400560413
3.3800000000000026,0.0,40.0,196.72595134720024,34.94607997197935,90.0,110.1078400560413,55.05392002802065,90.0,249.8921599439587
3.3800000000000026,0.0,40.0,196.72595134720024,34.94607997197935,90.0,110.1078400560413,55.05392002802065,90.0,249.8921599439587
3.4000000000000026,0.0,-43.17440000000004,195.5545600000002,34.15202104622952,87.991979940438,114.87671938701858,124.15202104622952,92.008020059562,144.87671938701857
3.4000000000000026,0.0,-40.0,198.72896000000028,34.1023505979399,90.0,111.79529880412021,124.1023505979399,90.0,111.79529880412021
3.4000000000000026,0.0,40.0,198.72896000000028,34.1023505979399,90.0,111.79529880412021,55.8976494020601,90.0,248.2047011958798
3.4000000000000026,0.0,40.0,198.72896000000028,34.1023505979399,90.0,111.79529880412021,55.8976494020601,90.0,248.2047011958798
3.4200000000000026,0.0,-43.525403392000044,197.27447662080021,33.24996076427432,88.11233694564595,116.57776884376473,123.24996076427432,91.88766305435405,146.57776884376472
3.4200000000000026,0.0,-40.0,200.7998800128003,33.2102684471101,90.0,113.5794631057798,123.21026844711011,90.0,113.5794631057798
3.4200000000000026,0.0,40.0,200.7998800128003,33.2102684471101,90.0,113.5794631057798,56.7897315528899,90.0,246.42053689422022
3.4200000000000026,0.0,40.0,200.7998800128003,33.2102684471101,90.0,113.5794631057798,56.7897315528899,90.0,246.42053689422022
3.4400000000000026,0.0,-43.885753344000044,199.04019138560022,32.30233431306481,88.23366842644204,118.36664340879993,122.30233431306482,91.76633157355796,148.36664340879992
3.4400000000000026,0.0,-40.0,202.92594472960027,32.271795727683035,90.0,115.45640854463392,122.27179572768304,90.0,115.45640854463392
3.4400000000000026,0.0,40.0,202.92594472960027,32.271795727683035,90.0,115.45640854463392,57.728204272316965,90.0,244.54359145536608
3.4400000000000026,0.0,40.0,202.92594472960027,32.271795727683035,90.0,115.45640854463392,57.728204272316965,90.0,244.54359145536608
3.4600000000000026,0.0,-44.253193856000046,200.84064989440023,31.311456223700095,88.35512430702912,120.23914410148849,121.31145622370009,91.64487569297088,150.23914410148848
3.4600000000000026,0.0,-40.0,205.09384375040028,31.289096266105414,90.0,117.42180746778918,121.28909626610542,90.0,117.42180746778918
3.4600000000000026,0.0,40.0,205.09384375040028,31.289096266105414,90.0,117.42180746778918,58.71090373389458,90.0,242.57819253221083
3.4600000000000026,0.0,40.0,205.09384375040028,31.289096266105414,90.0,117.42180746778918,58.71090373389458,90.0,242.57819253221083
3.4800000000000026,0.0,-44.62539980800005,202.66445905920023,30.27981979606707,88.47589018208701,122.190704668833,120.27981979606707,91.52410981791299,152.190704668833
3.4800000000000026,0.0,-40.0,207.28985886720028,30.264527375240746,90.0,119.47094524951851,120.26452737524075,90.0,119.47094524951851
3.4800000000000026,0.0,40.0,207.28985886720028,30.264527375240746,90.0,119.47094524951851,59.735472624759254,90.0,240.5290547504815
3.4800000000000026,0.0,40.0,207.28985886720028,30.264527375240746,90.0,119.47094524951851,59.735472624759254,90.0,240.5290547504815
3.5000000000000027,0.0,-45.00000000000005,204.50000000000026,29.21009212411398,88.59519499210408,124.21639877744516,119.21009212411398,91.40480500789592,154.21639877744516
3.5000000000000027,0.0,-40.0,209.50000000000028,29.20063543202031,90.00000000000001,121.59872913595937,119.2006354320203,89.99999999999999,121.59872913595937
3.5000000000000027,0.0,40.0,209.50000000000028,29.20063543202031,90.00000000000001,121.59872913595937,60.799364567979694,90.00000000000001,238.4012708640406
3.5000000000000027,0.0,40.0,209.50000000000028,29.20063543202031,90.00000000000001,121.59872913595937,60.799364567979694,90.00000000000001,238.4012708640406
3.5200000000000027,0.0,-45.37460019200005,206.33554094080026,28.10511381003807,88.71231688601608,126.31093904983574,118.10511381003806,91.28768311398392,156.31093904983572
3.5200000000000027,0.0,-40.0,211.7101411328003,28.10015545632615,90.00000000000001,123.7996890873477,118.10015545632615,89.99999999999999,123.7996890873477
3.5200000000000027,0.0,40.0,211.7101411328003,28.10015545632615,90.00000000000001,123.7996890873477,61.89984454367385,90.00000000000001,236.2003109126523
3.5200000000000027,0.0,40.0,211.7101411328003,28.10015545632615,90.00000000000001,123.7996890873477,61.89984454367385,90.00000000000001,236.2003109126523
3.5400000000000027,0.0,-45.746806144000054,208.15935010560028,26.9679037662706,88.8265874584802,128.46866710172327,116.9679037662706,91.1734125415198,158.46866710172327
3.5400000000000027,0.0,-40.0,213.9061562496003,26.966015116723504,90.0,126.06796976655299,116.9660151167235,90.0,126.06796976655299
3.5400000000000027,0.0,40.0,213.9061562496003,26.966015116723504,90.0,126.06796976655299,63.033984883276496,90.0,233.932030233447
3.5400000000000027,0.0,40.0,213.9061562496003,26.966015116723504,90.0,126.06796976655299,63.033984883276496,90.0,233.932030233447
3.5600000000000027,0.0,-46.11424665600005,209.95980861440023,25.80166968455926,88.93739457894739,130.68353338176294,115.80166968455926,91.06260542105261,160.68353338176294
3.5600000000000027,0.0,-40.0,216.0740552704003,25.801343764886614,90.0,128.39731247022678,115.80134376488661,90.0,128.39731247022678
3.5600000000000027,0.0,40.0,216.0740552704003,25.801343764886614,90.0,128.39731247022678,64.19865623511339,90.0,231.60268752977322
3.5600000000000027,0.0,40.0,216.0740552704003,25.801343764886614,90.0,128.39731247022678,64.19865623511339,90.0,231.60268752977322
3.5800000000000027,0.0,-46.47459660800005,211.72552337920024,24.609824999518626,89.04418404635135,132.94906513652447,114.60982499951862,90.95581595364865,162.94906513652447
3.5800000000000027,0.0,-40.0,218.20011998720025,24.60948733735858,90.0,130.78102532528285,114.60948733735859,90.0,130.78102532528285
3.5800000000000027,0.0,40.0,218.20011998720025,24.60948733735858,90.0,130.78102532528285,65.39051266264141,90.0,229.21897467471715
3.5800000000000027,0.0,40.0,218.20011998720025,24.60948733735858,90.0,130.78102532528285,65.39051266264141,90.0,229.21897467471715
3.6000000000000028,0.0,-46.825600000000044,213.44544000000025,23.396013514627693,89.14646030891538,135.2583201728251,113.3960135146277,90.85353969108462,165.2583201728251
3.6000000000000028,0.0,-40.0,220.2710400000003,23.394030286535294,90.0,133.2119394269294,113.3940302865353,90.0,133.2119394269294
3.6000000000000028,0.0,40.0,220.2710400000003,23.394030286535294,90.0,133.2119394269294,66.6059697134647,90.0,226.7880605730706
3.6000000000000028,0.0,40.0,220.2710400000003,23.394030286535294,90.0,133.2119394269294,66.6059697134647,90.0,226.7880605730706
3.6200000000000028,0.0,-47.16509299200005,215.1089556608002,22.16414332685403,89.24378648566658,137.60382319824254,112.16414332685403,90.75621351433342,167.60382319824254
3.6200000000000028,0.0,-40.0,222.27404865280025,22.158826149399488,90.0,135.68234770120105,112.15882614939949,90.0,135.68234770120105
3.6200000000000028,0.0,40.0,222.27404865280025,22.158826149399488,90.0,135.68234770120105,67.84117385060051,90.0,224.31765229879895
3.6200000000000028,0.0,40.0,222.27404865280025,22.158826149399488,90.0,135.68234770120105,67.84117385060051,90.0,224.31765229879895
3.640000000000003,0.0,-47.49102694400004,216.70603202560022,20.91843233066516,89.33578391705686,139.97748029412654,110.91843233066515,90.66421608294314,169.97748029412654
3.640000000000003,0.0,-40.0,224.19705896960028,20.908038985126932,90.00000000000001,138.18392202974613,110.90803898512694,89.99999999999999,138.18392202974613
3.640000000000003,0.0,40.0,224.19705896960028,20.908038985126932,90.00000000000001,138.18392202974613,69.09196101487306,90.00000000000001,221.81607797025387
3.640000000000003,0.0,40.0,224.19705896960028,20.908038985126932,90.00000000000001,138.18392202974613,69.09196101487306,90.00000000000001,221.81607797025387
3.660000000000003,0.0,-47.80149145600005,218.2273081344002,19.66346846905351,89.42213145871999,142.37046538635764,109.66346846905351,90.57786854128001,172.37046538635764
3.660000000000003,0.0,-40.0,226.02879959040024,19.646198785196606,90.0,140.7076024296068,109.6461987851966,90.0,140.7076024296068
3.660000000000003,0.0,40.0,226.02879959040024,19.646198785196606,90.0,140.7076024296068,70.3538012148034,90.0,219.2923975703932
3.660000000000003,0.0,40.0,226.02879959040024,19.646198785196606,90.0,140.7076024296068,70.3538012148034,90.0,219.2923975703932
3.680000000000003,0.0,-48.09473740800004,219.66421329920024,18.404289112148206,89.50256471661059,144.77307026598353,108.4042891121482,90.49743528338941,174.77307026598353
3.680000000000003,0.0,-40.0,227.7589507072002,18.378275182979245,90.00000000000001,143.2434496340415,108.37827518297925,89.99999999999999,143.2434496340415
3.680000000000003,0.0,40.0,227.7589507072002,18.378275182979245,90.00000000000001,143.2434496340415,71.62172481702075,90.00000000000001,216.7565503659585
3.680000000000003,0.0,40.0,227.7589507072002,18.378275182979245,90.00000000000001,143.2434496340415,71.62172481702075,90.00000000000001,216.7565503659585
3.700000000000003,0.0,-48.369200000000035,221.00908000000018,17.146485575708216,89.57687540496572,147.17450659633988,107.14648557570821,90.42312459503428,177.17450659633988
3.700000000000003,0.0,-40.0,229.37828000000016,17.109775492903076,90.00000000000001,145.78044901419386,107.10977549290308,89.99999999999999,145.78044901419386
3.700000000000003,0.0,40.0,229.37828000000016,17.109775492903076,90.00000000000001,145.78044901419386,72.89022450709692,90.00000000000001,214.21955098580614
3.700000000000003,0.0,40.0,229.37828000000016,17.109775492903076,90.00000000000001,145.78044901419386,72.89022450709692,90.00000000000001,214.21955098580614
3.720000000000003,0.0,-48.62352179200003,222.25525678080015,15.89634090671333,89.64491099168231,149.56264430129625,105.89634090671333,90.35508900831769,179.56264430129625
3.720000000000003,0.0,-40.0,230.8787785728002,15.846875432126918,90.00000000000001,148.30624913574616,105.84687543212692,89.99999999999999,148.30624913574616
3.720000000000003,0.0,40.0,230.8787785728002,15.846875432126918,90.00000000000001,148.30624913574616,74.15312456787308,90.00000000000001,211.69375086425384
3.720000000000003,0.0,40.0,230.8787785728002,15.846875432126918,90.00000000000001,148.30624913574616,74.15312456787308,90.00000000000001,211.69375086425384
3.740000000000003,0.0,-48.856575744000025,223.3972211456002,14.661011586644866,89.70657477939034,151.9236659037023,104.66101158664486,90.29342522060966,181.9236659037023
3.740000000000003,0.0,-40.0,232.25379688960018,14.596593899717789,90.0,150.80681220056442,104.59659389971779,90.0,150.80681220056442
3.740000000000003,0.0,40.0,232.25379688960018,14.596593899717789,90.0,150.80681220056442,75.40340610028221,90.0,209.19318779943558
3.740000000000003,0.0,40.0,232.25379688960018,14.596593899717789,90.0,150.80681220056442,75.40340610028221,90.0,209.19318779943558
3.760000000000003,0.0,-49.06748825600003,224.43069245440012,13.448766227621727,89.76182655490129,154.24161174583614,103.44876622762173,90.23817344509871,184.24161174583614
3.760000000000003,0.0,-40.0,233.49818071040016,13.367026708967565,90.0,153.26594658206488,103.36702670896756,90.0,153.26594658206488
3.760000000000003,0.0,40.0,233.49818071040016,13.367026708967565,90.0,153.26594658206488,76.63297329103244,90.0,206.73405341793512
3.760000000000003,0.0,40.0,233.49818071040016,13.367026708967565,90.0,153.26594658206488,76.63297329103244,90.0,206.73405341793512
3.780000000000003,0.0,-49.25566220800003,225.35274481920015,12.269295001414262,89.81068392461673,156.4977897577177,102.26929500141426,90.18931607538327,186.4977897577177
3.780000000000003,0.0,-40.0,234.60840702720014,12.167657107552781,90.0,155.66468578489446,102.16765710755278,90.0,155.66468578489446
3.780000000000003,0.0,40.0,234.60840702720014,12.167657107552781,90.0,155.66468578489446,77.83234289244722,90.0,204.33531421510554
3.780000000000003,0.0,40.0,234.60840702720014,12.167657107552781,90.0,155.66468578489446,77.83234289244722,90.0,204.33531421510554
3.800000000000003,0.0,-49.42080000000003,226.16192000000012,11.134097972109991,89.85322443830457,158.67003411982483,101.13409797211,90.14677556169543,188.67003411982483
3.800000000000003,0.0,-40.0,235.5827200000001,11.009759803756541,90.00000000000001,157.98048039248692,101.00975980375654,89.99999999999999,157.98048039248692
3.800000000000003,0.0,40.0,235.5827200000001,11.009759803756541,90.00000000000001,157.98048039248692,78.99024019624346,90.00000000000001,202.01951960751308
3.800000000000003,0.0,40.0,235.5827200000001,11.009759803756541,90.00000000000001,157.98048039248692,78.99024019624346,90.00000000000001,202.01951960751308
3.820000000000003,0.0,-49.562926592000025,226.85834030080014,10.056937932507305,89.88958858742642,160.73184042993918,100.05693793250731,90.11041141257358,190.73184042993918
3.820000000000003,0.0,-40.0,236.42126689280013,9.906900642327194,90.0,160.18619871534563,99.9069006423272,90.0,160.18619871534563
3.820000000000003,0.0,40.0,236.42126689280013,9.906900642327194,90.0,160.18619871534563,80.0930993576728,90.0,199.81380128465437
3.820000000000003,0.0,40.0,236.42126689280013,9.906900642327194,90.0,160.18619871534563,80.0930993576728,90.0,199.81380128465437
3.840000000000003,0.0,-49.682412544000016,227.44382146560008,9.054280643066374,89.91998374556754,162.65152515645434,99.05428064306638,90.08001625443246,192.65152515645434
3.840000000000003,0.0,-40.0,237.1262340096,8.875483453355336,90.0,162.24903309328934,98.87548345335534,90.0,162.24903309328934
3.840000000000003,0.0,40.0,237.1262340096,8.875483453355336,90.0,162.24903309328934,81.12451654664466,90.0,197.75096690671066
3.840000000000003,0.0,40.0,237.1262340096,8.875483453355336,90.0,162.24903309328934,81.12451654664466,90.0,197.75096690671066
3.860000000000003,0.0,-49.779997056000006,227.92198557440003,8.145501117688948,89.9446890957269,164.39183362639668,98.14550111768895,90.0553109042731,194.39183362639668
3.860000000000003,0.0,-40.0,237.70198263040004,7.935162159412364,90.00000000000001,164.12967568117529,97.93516215941236,89.99999999999999,164.12967568117529
3.860000000000003,0.0,40.0,237.70198263040004,7.935162159412364,90.00000000000001,164.12967568117529,82.06483784058764,90.00000000000001,195.87032431882471
3.860000000000003,0.0,40.0,237.70198263040004,7.935162159412364,90.00000000000001,164.12967568117529,82.06483784058764,90.00000000000001,195.87032431882471
3.880000000000003,0.0,-49.856811007999994,228.29837393920005,7.35236182727984,89.96406156009255,165.91094355064354,97.35236182727984,90.03593843990745,195.91094355064354
3.880000000000003,0.0,-40.0,238.15518494719993,7.108648021815618,90.0,165.78270395636878,97.10864802181561,90.0,165.78270395636878
3.880000000000003,0.0,40.0,238.15518494719993,7.108648021815618,90.0,165.78270395636878,82.89135197818439,90.0,194.21729604363122
3.880000000000003,0.0,40.0,238.15518494719993,7.108648021815618,90.0,165.78270395636878,82.89135197818439,90.0,194.21729604363122
3.900000000000003,0.0,-49.91440000000001,228.5805600000001,6.69690440375553,89.97854270988266,167.16650916641177,96.69690440375552,90.02145729011734,197.16650916641177
3.900000000000003,0.0,-40.0,238.49495999999996,6.419973672195913,90.0,167.16005265560818,96.41997367219591,90.0,167.16005265560818
3.900000000000003,0.0,40.0,238.49495999999996,6.419973672195913,90.0,167.16005265560818,83.58002632780409,90.0,192.83994734439182
3.900000000000003,0.0,40.0,238.49495999999996,6.419973672195913,90.0,167.16005265560818,83.58002632780409,90.0,192.83994734439182
3.920000000000003,0.0,-49.954747392,228.77826222080006,6.196798678432622,89.98866658293203,168.1245781615061,96.19679867843263,90.01133341706797,198.1245781615061
3.920000000000003,0.0,-40.0,238.7330096127999,5.889927004097263,90.0,168.22014599180548,95.88992700409726,90.0,168.22014599180548
3.920000000000003,0.0,40.0,238.7330096127999,5.889927004097263,90.0,168.22014599180548,84.11007299590274,90.0,191.77985400819452
3.920000000000003,0.0,40.0,238.7330096127999,5.889927004097263,90.0,168.22014599180548,84.11007299590274,90.0,191.77985400819452
3.940000000000003,0.0,-49.980297344000014,228.90345698560003,5.858196793738042,89.99506827175735,168.77328903944377,95.85819679373805,90.00493172824265,198.77328903944377
3.940000000000003,0.0,-40.0,238.88375432959998,5.528157056305162,90.0,168.94368588738968,95.52815705630516,90.0,168.94368588738968
3.940000000000003,0.0,40.0,238.88375432959998,5.528157056305162,90.0,168.94368588738968,84.47184294369484,90.0,191.05631411261032
3.940000000000003,0.0,40.0,238.88375432959998,5.528157056305162,90.0,168.94368588738968,84.47184294369484,90.0,191.05631411261032
3.960000000000003,0.0,-49.993977856,228.97049149439997,5.66862873676962,89.99849306160222,169.1364866027442,95.66862873676962,90.00150693839778,199.1364866027442
3.960000000000003,0.0,-40.0,238.9644693503999,5.324388864570739,90.00000000000001,169.35122227085853,95.32438886457074,89.99999999999999,169.35122227085853
3.960000000000003,0.0,40.0,238.9644693503999,5.324388864570739,90.00000000000001,169.35122227085853,84.67561113542926,90.00000000000001,190.64877772914147
3.960000000000003,0.0,40.0,238.9644693503999,5.324388864570739,90.00000000000001,169.35122227085853,84.67561113542926,90.00000000000001,190.64877772914147
3.980000000000003,0.0,-49.99922380800001,228.9961966592,5.59424079394485,89.99980579353371,169.27901060645758,95.59424079394485,90.00019420646629,199.27901060645758
3.980000000000003,0.0,-40.0,238.9954204672,5.244158095304494,90.0,169.51168380939103,95.2441580953045,90.0,169.51168380939103
3.980000000000003,0.0,40.0,238.9954204672,5.244158095304494,90.0,169.51168380939103,84.7558419046955,90.0,190.48831619060897
3.980000000000003,0.0,40.0,238.9954204672,5.244158095304494,90.0,169.51168380939103,84.7558419046955,90.0,190.48831619060897
4.000000000000003,0.0,-50.0,229.0,5.583150537107256,90.0,169.30025916731785,95.58315053710726,90.0,199.30025916731785
4.000000000000003,0.0,-40.0,239.0,5.232182951909889,90.0,169.53563409618022,95.23218295190989,90.0,169.53563409618022
4.000000000000003,0.0,40.0,239.0,5.232182951909889,90.0,169.53563409618022,84.76781704809011,90.0,190.46436590381978
4.000000000000003,0.0,40.0,239.0,5.232182951909889,90.0,169.53563409618022,84.76781704809011,90.0,190.46436590381978
4.020000000000002,0.0,-49.999223808,228.99619665920002,5.594240793944758,89.99980579353371,169.27901060645775,95.59424079394476,90.00019420646629,199.27901060645775
4.020000000000002,0.0,-40.0,238.9954204672,5.244158095304494,90.0,169.51168380939103,95.2441580953045,90.0,169.51168380939103
4.020000000000002,0.0,40.0,238.9954204672,5.244158095304494,90.0,169.51168380939103,84.7558419046955,90.0,190.48831619060897
4.020000000000002,0.0,40.0,238.9954204672,5.244158095304494,90.0,169.51168380939103,84.7558419046955,90.0,190.48831619060897
4.040000000000002,0.0,-49.993977856,228.9704914944,5.66862873676962,89.99849306160222,169.1364866027442,95.66862873676962,90.00150693839778,199.1364866027442
4.040000000000002,0.0,-40.0,238.9644693504,5.32438886457046,90.0,169.3512222708591,95.32438886457047,90.0,169.3512222708591
4.040000000000002,0.0,40.0,238.9644693504,5.32438886457046,90.0,169.3512222708591,84.67561113542953,90.0,190.6487777291409
4.040000000000002,0.0,40.0,238.9644693504,5.32438886457046,90.0,169.3512222708591,84.67561113542953,90.0,190.6487777291409
4.060000000000001,0.0,-49.980297344,228.9034569856,5.858196793738042,89.99506827175735,168.77328903944377,95.85819679373805,90.00493172824265,198.77328903944377
4.060000000000001,0.0,-40.0,238.88375432959998,5.528157056305162,90.0,168.94368588738968,95.52815705630516,90.0,168.94368588738968
4.060000000000001,0.0,40.0,238.88375432959998,5.528157056305162,90.0,168.94368588738968,84.47184294369484,90.0,191.05631411261032
4.060000000000001,0.0,40.0,238.88375432959998,5.528157056305162,90.0,168.94368588738968,84.47184294369484,90.0,191.05631411261032
4.080000000000001,0.0,-49.954747391999994,228.77826222080003,6.19679867843265,89.98866658293203,168.12457816150604,96.19679867843266,90.01133341706797,198.12457816150604
4.080000000000001,0.0,-40.0,238.73300961279998,5.889927004097073,90.0,168.22014599180585,95.88992700409707,90.0,168.22014599180585
4.080000000000001,0.0,40.0,238.73300961279998,5.889927004097073,90.0,168.22014599180585,84.11007299590293,90.0,191.77985400819415
4.080000000000001,0.0,40.0,238.73300961279998,5.889927004097073,90.0,168.22014599180585,84.11007299590293,90.0,191.77985400819415
4.1000000000000005,0.0,-49.9144,228.58056,6.696904403755822,89.97854270988266,167.16650916641123,96.69690440375582,90.02145729011734,197.16650916641123
4.1000000000000005,0.0,-40.0,238.49496000000002,6.419973672195786,90.0,167.16005265560844,96.41997367219578,90.0,167.16005265560844
4.1000000000000005,0.0,40.0,238.49496000000002,6.419973672195786,90.0,167.16005265560844,83.58002632780422,90.0,192.83994734439156
4.1000000000000005,0.0,40.0,238.49496000000002,6.419973672195786,90.0,167.16005265560844,83.58002632780422,90.0,192.83994734439156
4.12,0.0,-49.856811007999994,228.2983739392,7.352361827279987,89.96406156009255,165.91094355064325,97.35236182727999,90.03593843990745,195.91094355064325
4.12,0.0,-40.0,238.15518494719998,7.108648021815505,90.0,165.782703956369,97.1086480218155,90.0,165.782703956369
4.12,0.0,40.0,238.15518494719998,7.108648021815505,90.0,165.782703956369,82.8913519781845,90.0,194.217296043631
4.12,0.0,40.0,238.15518494719998,7.108648021815505,90.0,165.782703956369,82.8913519781845,90.0,194.217296043631
4.14,0.0,-49.779997056,227.92198557439997,8.145501117689081,89.94468909572689,164.39183362639642,98.14550111768908,90.05531090427311,194.39183362639642
4.14,0.0,-40.0,237.7019826304,7.935162159412426,90.00000000000001,164.12967568117514,97.93516215941243,89.99999999999999,164.12967568117514
4.14,0.0,40.0,237.7019826304,7.935162159412426,90.00000000000001,164.12967568117514,82.06483784058757,90.00000000000001,195.87032431882486
4.14,0.0,40.0,237.7019826304,7.935162159412426,90.00000000000001,164.12967568117514,82.06483784058757,90.00000000000001,195.87032431882486
4.159999999999999,0.0,-49.682412544,227.44382146560002,9.054280643066427,89.91998374556754,162.65152515645426,99.05428064306642,90.08001625443246,192.65152515645426
4.159999999999999,0.0,-40.0,237.1262340096,8.875483453355336,90.0,162.24903309328934,98.87548345335534,90.0,162.24903309328934
4.159999999999999,0.0,40.0,237.1262340096,8.875483453355336,90.0,162.24903309328934,81.12451654664466,90.0,197.75096690671066
4.159999999999999,0.0,40.0,237.1262340096,8.875483453355336,90.0,162.24903309328934,81.12451654664466,90.0,197.75096690671066
4.179999999999999,0.0,-49.562926592000004,226.85834030080005,10.056937932507385,89.88958858742642,160.73184042993904,100.05693793250738,90.11041141257358,190.73184042993904
4.179999999999999,0.0,-40.0,236.42126689280005,9.906900642327324,90.0,160.18619871534537,99.90690064232733,90.0,160.18619871534537
4.179999999999999,0.0,40.0,236.42126689280005,9.906900642327324,90.0,160.18619871534537,80.09309935767267,90.0,199.81380128465463
4.179999999999999,0.0,40.0,236.42126689280005,9.906900642327324,90.0,160.18619871534537,80.09309935767267,90.0,199.81380128465463
4.199999999999998,0.0,-49.420800000000014,226.16192000000007,11.13409797211011,89.85322443830457,158.6700341198246,101.13409797211011,90.14677556169543,188.6700341198246
4.199999999999998,0.0,-40.0,235.58272000000008,11.00975980375658,90.00000000000001,157.98048039248684,101.00975980375658,89.99999999999999,157.98048039248684
4.199999999999998,0.0,40.0,235.58272000000008,11.00975980375658,90.00000000000001,157.98048039248684,78.99024019624342,90.00000000000001,202.01951960751316
4.199999999999998,0.0,40.0,235.58272000000008,11.00975980375658,90.00000000000001,157.98048039248684,78.99024019624342,90.00000000000001,202.01951960751316
4.219999999999998,0.0,-49.25566220800002,225.35274481920007,12.269295001414317,89.81068392461673,156.49778975771758,102.26929500141432,90.18931607538327,186.49778975771758
4.219999999999998,0.0,-40.0,234.60840702720012,12.167657107552817,90.00000000000001,155.66468578489437,102.16765710755281,89.99999999999999,155.66468578489437
4.219999999999998,0.0,40.0,234.60840702720012,12.167657107552817,90.00000000000001,155.66468578489437,77.83234289244719,90.00000000000001,204.33531421510563
4.219999999999998,0.0,40.0,234.60840702720012,12.167657107552817,90.00000000000001,155.66468578489437,77.83234289244719,90.00000000000001,204.33531421510563
4.2399999999999975,0.0,-49.067488256000026,224.43069245440012,13.448766227621727,89.76182655490129,154.24161174583614,103.44876622762173,90.23817344509871,184.24161174583614
4.2399999999999975,0.0,-40.0,233.49818071040013,13.367026708967579,90.0,153.26594658206486,103.36702670896759,90.0,153.26594658206486
4.2399999999999975,0.0,40.0,233.49818071040013,13.367026708967579,90.0,153.26594658206486,76.63297329103241,90.0,206.73405341793514
4.2399999999999975,0.0,40.0,233.49818071040013,13.367026708967579,90.0,153.26594658206486,76.63297329103241,90.0,206.73405341793514
4.259999999999997,0.0,-48.85657574400003,223.39722114560018,14.661011586644905,89.70657477939032,151.92366590370222,104.6610115866449,90.29342522060968,181.92366590370222
4.259999999999997,0.0,-40.0,232.2537968896002,14.596593899717767,90.0,150.80681220056448,104.59659389971776,90.0,150.80681220056448
4.259999999999997,0.0,40.0,232.2537968896002,14.596593899717767,90.0,150.80681220056448,75.40340610028224,90.0,209.19318779943552
4.259999999999997,0.0,40.0,232.2537968896002,14.596593899717767,90.0,150.80681220056448,75.40340610028224,90.0,209.19318779943552
4.279999999999997,0.0,-48.62352179200004,222.2552567808002,15.896340906713275,89.64491099168231,149.56264430129633,105.89634090671328,90.35508900831769,179.56264430129633
4.279999999999997,0.0,-40.0,230.87877857280026,15.846875432126858,90.00000000000001,148.3062491357463,105.84687543212686,89.99999999999999,148.3062491357463
4.279999999999997,0.0,40.0,230.87877857280026,15.846875432126858,90.00000000000001,148.3062491357463,74.15312456787314,90.00000000000001,211.6937508642537
4.279999999999997,0.0,40.0,230.87877857280026,15.846875432126858,90.00000000000001,148.3062491357463,74.15312456787314,90.00000000000001,211.6937508642537
4.299999999999996,0.0,-48.36920000000005,221.00908000000024,17.146485575708162,89.57687540496572,147.17450659634,107.14648557570817,90.42312459503428,177.17450659634
4.299999999999996,0.0,-40.0,229.3782800000003,17.109775492902955,90.0,145.7804490141941,107.10977549290295,90.0,145.7804490141941
4.299999999999996,0.0,40.0,229.3782800000003,17.109775492902955,90.0,145.7804490141941,72.89022450709705,90.0,214.2195509858059
4.299999999999996,0.0,40.0,229.3782800000003,17.109775492902955,90.0,145.7804490141941,72.89022450709705,90.0,214.2195509858059
4.319999999999996,0.0,-48.09473740800006,219.66421329920027,18.40428911214814,89.5025647166106,144.77307026598365,108.40428911214813,90.4974352833894,174.77307026598365
4.319999999999996,0.0,-40.0,227.75895070720034,18.37827518297913,90.0,143.24344963404175,108.37827518297914,90.0,143.24344963404175
4.319999999999996,0.0,40.0,227.75895070720034,18.37827518297913,90.0,143.24344963404175,71.62172481702086,90.0,216.75655036595825
4.319999999999996,0.0,40.0,227.75895070720034,18.37827518297913,90.0,143.24344963404175,71.62172481702086,90.0,216.75655036595825
4.339999999999995,0.0,-47.801491456000065,218.22730813440037,19.663468469053335,89.42213145872,142.37046538635795,109.66346846905333,90.57786854128,172.37046538635795
4.339999999999995,0.0,-40.0,226.0287995904004,19.64619878519648,90.00000000000001,140.70760242960705,109.64619878519648,89.99999999999999,140.70760242960705
4.339999999999995,0.0,40.0,226.0287995904004,19.64619878519648,90.00000000000001,140.70760242960705,70.35380121480352,90.00000000000001,219.29239757039295
4.339999999999995,0.0,40.0,226.0287995904004,19.64619878519648,90.00000000000001,140.70760242960705,70.35380121480352,90.00000000000001,219.29239757039295
4.359999999999995,0.0,-47.491026944000076,216.7060320256004,20.91843233066503,89.33578391705686,139.9774802941268,110.91843233066503,90.66421608294314,169.9774802941268
4.359999999999995,0.0,-40.0,224.19705896960048,20.90803898512679,90.0,138.1839220297464,110.9080389851268,90.0,138.1839220297464
4.359999999999995,0.0,40.0,224.19705896960048,20.90803898512679,90.0,138.1839220297464,69.0919610148732,90.0,221.8160779702536
4.359999999999995,0.0,40.0,224.19705896960048,20.90803898512679,90.0,138.1839220297464,69.0919610148732,90.0,221.8160779702536
4.379999999999995,0.0,-47.1650929920001,215.10895566080043,22.16414332685384,89.24378648566659,137.6038231982429,112.16414332685383,90.75621351433341,167.6038231982429
4.379999999999995,0.0,-40.0,222.27404865280053,22.158826149399296,90.0,135.68234770120142,112.15882614939929,90.0,135.68234770120142
4.379999999999995,0.0,40.0,222.27404865280053,22.158826149399296,90.0,135.68234770120142,67.84117385060071,90.0,224.31765229879858
4.379999999999995,0.0,40.0,222.27404865280053,22.158826149399296,90.0,135.68234770120142,67.84117385060071,90.0,224.31765229879858
4.399999999999994,0.0,-46.8256000000001,213.4454400000005,23.39601351462752,89.14646030891541,135.25832017282545,113.39601351462753,90.85353969108459,165.25832017282545
4.399999999999994,0.0,-40.0,220.2710400000006,23.39403028653512,90.0,133.21193942692977,113.39403028653513,90.0,133.21193942692977
4.399999999999994,0.0,40.0,220.2710400000006,23.39403028653512,90.0,133.21193942692977,66.60596971346487,90.0,226.78806057307023
4.399999999999994,0.0,40.0,220.2710400000006,23.39403028653512,90.0,133.21193942692977,66.60596971346487,90.0,226.78806057307023
4.419999999999994,0.0,-46.47459660800011,211.72552337920058,24.609824999518413,89.04418404635136,132.94906513652487,114.60982499951841,90.95581595364864,162.94906513652487
4.419999999999994,0.0,-40.0,218.20011998720065,24.60948733735836,90.00000000000001,130.78102532528328,114.60948733735836,89.99999999999999,130.78102532528328
4.419999999999994,0.0,40.0,218.20011998720065,24.60948733735836,90.00000000000001,130.78102532528328,65.39051266264164,90.00000000000001,229.21897467471672
4.419999999999994,0.0,40.0,218.20011998720065,24.60948733735836,90.00000000000001,130.78102532528328,65.39051266264164,90.00000000000001,229.21897467471672
4.439999999999993,0.0,-46.11424665600013,209.95980861440063,25.801669684558988,88.9373945789474,130.68353338176348,115.80166968455899,91.0626054210526,160.68353338176348
4.439999999999993,0.0,-40.0,216.07405527040072,25.801343764886386,90.0,128.39731247022723,115.80134376488638,90.0,128.39731247022723
4.439999999999993,0.0,40.0,216.07405527040072,25.801343764886386,90.0,128.39731247022723,64.19865623511362,90.0,231.60268752977277
4.439999999999993,0.0,40.0,216.07405527040072,25.801343764886386,90.0,128.39731247022723,64.19865623511362,90.0,231.60268752977277
4.459999999999993,0.0,-45.746806144000125,208.15935010560065,26.96790376627035,88.82658745848023,128.46866710172375,116.96790376627035,91.17341254151977,158.46866710172375
4.459999999999993,0.0,-40.0,213.9061562496008,26.966015116723238,90.0,126.06796976655353,116.96601511672324,90.0,126.06796976655353
4.459999999999993,0.0,40.0,213.9061562496008,26.966015116723238,90.0,126.06796976655353,63.03398488327676,90.0,233.93203023344648
4.459999999999993,0.0,40.0,213.9061562496008,26.966015116723238,90.0,126.06796976655353,63.03398488327676,90.0,233.93203023344648
4.479999999999992,0.0,-45.37460019200014,206.33554094080068,28.105113810037807,88.71231688601611,126.31093904983624,118.1051138100378,91.28768311398389,156.31093904983624
4.479999999999992,0.0,-40.0,211.71014113280086,28.10015545632586,90.0,123.79968908734828,118.10015545632587,90.0,123.79968908734828
4.479999999999992,0.0,40.0,211.71014113280086,28.10015545632586,90.0,123.79968908734828,61.899844543674135,90.0,236.20031091265173
4.479999999999992,0.0,40.0,211.71014113280086,28.10015545632586,90.0,123.79968908734828,61.899844543674135,90.0,236.20031091265173
4.499999999999992,0.0,-45.00000000000015,204.50000000000074,29.210092124113668,88.59519499210413,124.21639877744578,119.21009212411367,91.40480500789587,154.21639877744576
4.499999999999992,0.0,-40.0,209.50000000000088,29.200635432020004,90.0,121.59872913595999,119.20063543202001,90.0,121.59872913595999
4.499999999999992,0.0,40.0,209.50000000000088,29.200635432020004,90.0,121.59872913595999,60.79936456797999,90.0,238.40127086404001
4.499999999999992,0.0,40.0,209.50000000000088,29.200635432020004,90.0,121.59872913595999,60.79936456797999,90.0,238.40127086404001
4.519999999999992,0.0,-44.625399808000154,202.6644590592008,30.279819796066757,88.47589018208704,122.19070466883359,120.27981979606676,91.52410981791296,152.19070466883358
4.519999999999992,0.0,-40.0,207.28985886720093,30.264527375240437,90.0,119.47094524951915,120.26452737524043,90.0,119.47094524951915
4.519999999999992,0.0,40.0,207.28985886720093,30.264527375240437,90.0,119.47094524951915,59.735472624759566,90.0,240.52905475048084
4.519999999999992,0.0,40.0,207.28985886720093,30.264527375240437,90.0,119.47094524951915,59.735472624759566,90.0,240.52905475048084
4.539999999999991,0.0,-44.25319385600016,200.84064989440083,31.31145622369978,88.35512430702916,120.2391441014891,121.31145622369978,91.64487569297084,150.2391441014891
4.539999999999991,0.0,-40.0,205.09384375040096,31.289096266105098,90.0,117.42180746778982,121.2890962661051,90.0,117.42180746778982
4.539999999999991,0.0,40.0,205.09384375040096,31.289096266105098,90.0,117.42180746778982,58.7109037338949,90.0,242.57819253221018
4.539999999999991,0.0,40.0,205.09384375040096,31.289096266105098,90.0,117.42180746778982,58.7109037338949,90.0,242.57819253221018
4.559999999999991,0.0,-43.88575334400017,199.04019138560082,32.302334313064485,88.23366842644208,118.36664340880053,122.30233431306448,91.76633157355792,148.36664340880054
4.559999999999991,0.0,-40.0,202.92594472960099,32.271795727682736,90.0,115.45640854463453,122.27179572768273,90.0,115.45640854463453
4.559999999999991,0.0,40.0,202.92594472960099,32.271795727682736,90.0,115.45640854463453,57.728204272317264,90.0,244.54359145536546
4.559999999999991,0.0,40.0,202.92594472960099,32.271795727682736,90.0,115.45640854463453,57.728204272317264,90.0,244.54359145536546
4.57999999999999,0.0,-43.52540339200017,197.27447662080084,33.24996076427398,88.112336945646,116.57776884376536,123.24996076427398,91.887663054354,146.57776884376534
4.57999999999999,0.0,-40.0,200.79988001280103,33.21026844710978,90.00000000000001,113.57946310578045,123.21026844710978,89.99999999999999,113.57946310578045
4.57999999999999,0.0,40.0,200.79988001280103,33.21026844710978,90.00000000000001,113.57946310578045,56.78973155289022,90.00000000000001,246.42053689421954
4.57999999999999,0.0,40.0,200.79988001280103,33.21026844710978,90.00000000000001,113.57946310578045,56.78973155289022,90.00000000000001,246.42053689421954
4.59999999999999,0.0,-43.17440000000017,195.55456000000083,34.15202104622921,87.99197994043804,114.8767193870192,124.15202104622921,92.00802005956196,144.8767193870192
4.59999999999999,0.0,-40.0,198.72896000000105,34.10235059793958,90.00000000000001,111.79529880412086,124.10235059793958,89.99999999999999,111.79529880412086
4.59999999999999,0.0,40.0,198.72896000000105,34.10235059793958,90.00000000000001,111.79529880412086,55.89764940206042,90.00000000000001,248.20470119587912
4.59999999999999,0.0,40.0,198.72896000000105,34.10235059793958,90.00000000000001,111.79529880412086,55.89764940206042,90.00000000000001,248.20470119587912
4.6199999999999894,0.0,-42.83490700800017,193.89104433920085,35.006388791799964,87.87347352650474,113.26731197559187,125.00638879179996,92.12652647349526,143.26731197559187
4.6199999999999894,0.0,-40.0,196.72595134720103,34.946079971979024,90.0,110.10784005604197,124.94607997197903,90.0,110.10784005604197
4.6199999999999894,0.0,40.0,196.72595134720103,34.946079971979024,90.0,110.10784005604197,55.053920028020976,90.0,249.89215994395803
4.6199999999999894,0.0,40.0,196.72595134720103,34.946079971979024,90.0,110.10784005604197,55.053920028020976,90.0,249.89215994395803
4.639999999999989,0.0,-42.50897305600017,192.29396797440086,35.81113943814317,87.7577081916578,111.75295952528323,125.81113943814317,92.2422918083422,141.75295952528325
4.639999999999989,0.0,-40.0,194.8029410304011,35.739707633302366,90.0,108.52058473339528,125.73970763330237,90.0,108.52058473339528
4.639999999999989,0.0,40.0,194.8029410304011,35.739707633302366,90.0,108.52058473339528,54.260292366697634,90.0,251.47941526660472
4.639999999999989,0.0,40.0,194.8029410304011,35.739707633302366,90.0,108.52058473339528,54.260292366697634,90.0,251.47941526660472
4.659999999999989,0.0,-42.19850854400017,190.77269186560085,36.56456800211676,87.64557508527544,110.33664196122909,126.56456800211676,92.35442491472456,140.33664196122908
4.659999999999989,0.0,-40.0,192.971200409601,36.48171299136155,90.0,107.0365740172769,126.48171299136155,90.0,107.0365740172769
4.659999999999989,0.0,40.0,192.971200409601,36.48171299136155,90.0,107.0365740172769,53.51828700863845,90.0,252.9634259827231
4.659999999999989,0.0,40.0,192.971200409601,36.48171299136155,90.0,107.0365740172769,53.51828700863845,90.0,252.9634259827231
4.679999999999988,0.0,-41.90526259200016,189.33578670080084,37.26521092547786,87.53795034956477,109.02087034467063,127.26521092547786,92.46204965043523,139.02087034467064
4.679999999999988,0.0,-40.0,191.241049292801,37.170822260762236,90.00000000000001,105.65835547847554,127.17082226076224,89.99999999999999,105.65835547847554
4.679999999999988,0.0,40.0,191.241049292801,37.170822260762236,90.00000000000001,105.65835547847554,52.829177739237764,90.00000000000001,254.34164452152447
4.679999999999988,0.0,40.0,191.241049292801,37.170822260762236,90.00000000000001,105.65835547847554,52.829177739237764,90.00000000000001,254.34164452152447
4.699999999999988,0.0,-41.630800000000164,187.99092000000078,37.91187195474388,87.43567767792014,107.80764407913475,127.91187195474387,92.56432232207986,137.80764407913475
4.699999999999988,0.0,-40.0,189.62172000000098,37.806030337041946,90.0,104.38793932591611,127.80603033704195,90.0,104.38793932591611
4.699999999999988,0.0,40.0,189.62172000000098,37.806030337041946,90.0,104.38793932591611,52.193969662958054,90.0,255.6120606740839
4.699999999999988,0.0,40.0,189.62172000000098,37.806030337041946,90.0,104.38793932591611,52.193969662958054,90.0,255.6120606740839
4.719999999999987,0.0,-41.37647820800016,186.74474321920079,38.50365204142653,87.33954939132383,106.69840108874966,128.50365204142653,92.66045060867617,136.69840108874968
4.719999999999987,0.0,-40.0,188.12122142720094,38.38662617381931,90.00000000000001,103.22674765236141,128.3866261738193,89.99999999999999,103.22674765236141
4.719999999999987,0.0,40.0,188.12122142720094,38.38662617381931,90.00000000000001,103.22674765236141,51.61337382618069,90.00000000000001,256.7732523476386
4.719999999999987,0.0,40.0,188.12122142720094,38.38662617381931,90.00000000000001,103.22674765236141,51.61337382618069,90.00000000000001,256.7732523476386
4.739999999999987,0.0,-41.143424256000145,185.6027788544007,39.03998326433085,87.25028642719293,105.6939607801178,129.03998326433086,92.74971357280707,135.6939607801178
4.739999999999987,0.0,-40.0,186.7462031104009,38.91222179876375,90.0,102.1755564024725,128.91222179876377,90.0,102.1755564024725
4.739999999999987,0.0,40.0,186.7462031104009,38.91222179876375,90.0,102.1755564024725,51.08777820123625,90.0,257.82444359752753
4.739999999999987,0.0,40.0,186.7462031104009,38.91222179876375,90.0,102.1755564024725,51.08777820123625,90.0,257.82444359752753
4.7599999999999865,0.0,-40.93251174400013,184.56930754560062,39.52066679046573,87.1685177276142,104.79445952426954,129.52066679046573,92.8314822723858,134.79445952426954
4.7599999999999865,0.0,-40.0,185.5018192896008,39.38278515432849,90.00000000000001,101.23442969134302,129.38278515432847,89.99999999999999,101.23442969134302
4.7599999999999865,0.0,40.0,185.5018192896008,39.38278515432849,90.00000000000001,101.23442969134302,50.61721484567151,90.00000000000001,258.76557030865695
4.7599999999999865,0.0,40.0,185.5018192896008,39.38278515432849,90.00000000000001,101.23442969134302,50.61721484567151,90.00000000000001,258.76557030865695
4.779999999999986,0.0,-40.744337792000124,183.64725518080058,39.945914907362024,87.09475958596335,103.99927832681604,129.945914907362,92.90524041403665,133.99927832681604
4.779999999999986,0.0,-40.0,184.39159297280077,39.7986769928614,90.0,100.40264601427721,129.7986769928614,90.0,100.40264601427721
4.779999999999986,0.0,40.0,184.39159297280077,39.7986769928614,90.0,100.40264601427721,50.2013230071386,90.0,259.5973539857228
4.779999999999986,0.0,40.0,184.39159297280077,39.7986769928614,90.0,100.40264601427721,50.2013230071386,90.0,259.5973539857228
4.799999999999986,0.0,-40.579200000000114,182.83808000000053,40.31639717785239,87.02939555292886,103.30696229637128,130.3163971778524,92.97060444707114,133.3069622963713
4.799999999999986,0.0,-40.0,183.41728000000072,40.16069209134448,90.00000000000001,99.67861581731103,130.1606920913445,89.99999999999999,99.67861581731103
4.799999999999986,0.0,40.0,183.41728000000072,40.16069209134448,90.00000000000001,99.67861581731103,49.83930790865552,90.00000000000001,260.321384182689
4.799999999999986,0.0,40.0,183.41728000000072,40.16069209134448,90.00000000000001,99.67861581731103,49.83930790865552,90.00000000000001,260.321384182689
4.819999999999985,0.0,-40.43707340800009,182.1416596992005,40.6332907864077,86.97265750644183,102.71513148250372,130.6332907864077,93.02734249355817,132.71513148250372
4.819999999999985,0.0,-40.0,182.57873310720063,40.47010507286547,90.0,99.05978985426907,130.47010507286546,90.0,99.05978985426907
4.819999999999985,0.0,40.0,182.57873310720063,40.47010507286547,90.0,99.05978985426907,49.52989492713453,90.0,260.94021014573093
4.819999999999985,0.0,40.0,182.57873310720063,40.47010507286547,90.0,99.05978985426907,49.52989492713453,90.0,260.94021014573093
4.839999999999985,0.0,-40.31758745600008,181.5561785344004,40.89833515771749,86.92460844856211,102.22038265045114,130.8983351577175,93.07539155143789,132.22038265045114
4.839999999999985,0.0,-40.0,181.87376599040053,40.72872112100504,90.0,98.54255775798994,130.72872112100504,90.0,98.54255775798994
4.839999999999985,0.0,40.0,181.87376599040053,40.72872112100504,90.0,98.54255775798994,49.27127887899496,90.0,261.4574422420101
4.839999999999985,0.0,40.0,181.87376599040053,40.72872112100504,90.0,98.54255775798994,49.27127887899496,90.0,261.4574422420101
4.859999999999984,0.0,-40.22000294400006,181.07801442560037,41.11389092186597,86.88512750261849,101.81818161466127,131.11389092186596,93.11487249738151,131.81818161466128
4.859999999999984,0.0,-40.0,181.29801736960044,40.93893183650662,90.0,98.12213632698678,130.9389318365066,90.0,98.12213632698678
4.859999999999984,0.0,40.0,181.29801736960044,40.93893183650662,90.0,98.12213632698678,49.06106816349338,90.0,261.8778636730132
4.859999999999984,0.0,40.0,181.29801736960044,40.93893183650662,90.0,98.12213632698678,49.06106816349338,90.0,261.8778636730132
4.879999999999984,0.0,-40.143188992000034,180.70162606080024,41.28300325825553,86.85389744611008,101.50274590147522,131.28300325825552,93.14610255388992,131.50274590147524
4.879999999999984,0.0,-40.0,180.84481505280027,41.103776394671094,90.0,97.79244721065781,131.1037763946711,90.0,97.79244721065781
4.879999999999984,0.0,40.0,180.84481505280027,41.103776394671094,90.0,97.79244721065781,48.896223605328906,90.0,262.2075527893422
4.879999999999984,0.0,40.0,180.84481505280027,41.103776394671094,90.0,97.79244721065781,48.896223605328906,90.0,262.2075527893422
4.8999999999999835,0.0,-40.085600000000035,180.41944000000018,41.409469547012726,86.83039493302768,101.26691779977858,131.40946954701272,93.16960506697232,131.26691779977858
4.8999999999999835,0.0,-40.0,180.50504000000024,41.227007992672846,90.0,97.54598401465431,131.22700799267284,90.0,97.54598401465431
4.8999999999999835,0.0,40.0,180.50504000000024,41.227007992672846,90.0,97.54598401465431,48.772992007327154,90.0,262.4540159853457
4.8999999999999835,0.0,40.0,180.50504000000024,41.227007992672846,90.0,97.54598401465431,48.772992007327154,90.0,262.4540159853457
4.919999999999983,0.0,-40.04525260800002,180.22173777920014,41.49791105888125,86.81388334055103,101.10202834716799,131.49791105888124,93.18611665944897,131.102028347168
4.919999999999983,0.0,-40.0,180.26699038720028,41.31316529767603,90.0,97.37366940464796,131.31316529767602,90.0,97.37366940464796
4.919999999999983,0.0,40.0,180.26699038720028,41.31316529767603,90.0,97.37366940464796,48.68683470232397,90.0,262.62633059535204
4.919999999999983,0.0,40.0,180.26699038720028,41.31316529767603,90.0,97.37366940464796,48.68683470232397,90.0,262.62633059535204
4.939999999999983,0.0,-40.01970265600003,180.0965430144002,41.55384808248143,86.80340792882664,100.99775356034769,131.55384808248144,93.19659207117336,130.9977535603477
4.939999999999983,0.0,-40.0,180.1162456704002,41.36764818227993,90.0,97.26470363544014,131.36764818227994,90.0,97.26470363544014
4.939999999999983,0.0,40.0,180.1162456704002,41.36764818227993,90.0,97.26470363544014,48.63235181772007,90.0,262.7352963645599
4.939999999999983,0.0,40.0,180.1162456704002,41.36764818227993,90.0,97.26470363544014,48.63235181772007,90.0,262.7352963645599
4.959999999999982,0.0,-40.00602214400002,180.02950850560006,41.583777376991016,86.79779273846034,100.94196533217104,131.583777376991,93.20220726153966,130.94196533217104
4.959999999999982,0.0,-40.0,180.0355306496001,41.396796422371956,90.0,97.20640715525609,131.39679642237195,90.0,97.20640715525609
4.959999999999982,0.0,40.0,180.0355306496001,41.396796422371956,90.0,97.20640715525609,48.603203577628044,90.0,262.7935928447439
4.959999999999982,0.0,40.0,180.0355306496001,41.396796422371956,90.0,97.20640715525609,48.603203577628044,90.0,262.7935928447439
4.979999999999982,0.0,-40.00077619199999,180.00380334079995,41.59525010606523,86.7956383765423,100.92058096184259,131.59525010606524,93.2043616234577,130.92058096184257
4.979999999999982,0.0,-40.0,180.0045795328,41.40796919382022,90.0,97.18406161235956,131.40796919382024,90.0,97.18406161235956
4.979999999999982,0.0,40.0,180.0045795328,41.40796919382022,90.0,97.18406161235956,48.59203080617978,90.0,262.8159383876405
4.979999999999982,0.0,40.0,180.0045795328,41.40796919382022,90.0,97.18406161235956,48.59203080617978,90.0,262.8159383876405
4.999999999999981,0.0,-39.999999999999986,180.0,41.59694742464398,86.79531956251773,100.9174173158139,131.596947424644,93.20468043748227,130.9174173158139
4.999999999999981,0.0,-40.0,180.0,41.40962210927086,90.0,97.18075578145829,131.40962210927086,90.0,97.18075578145829
4.999999999999981,0.0,40.0,180.0,41.40962210927086,90.0,97.18075578145829,48.59037789072914,90.0,262.8192442185417
4.999999999999981,0.0,40.0,180.0,41.40962210927086,90.0,97.18075578145829,48.59037789072914,90.0,262.8192442185417
5.019999999999981,0.0,-40.000776192,180.00380334079998,41.59525010606522,86.7956383765423,100.92058096184262,131.59525010606524,93.2043616234577,130.92058096184263
5.019999999999981,0.0,-40.0,180.0045795328,41.40796919382022,90.0,97.18406161235956,131.40796919382024,90.0,97.18406161235956
5.019999999999981,0.0,40.0,180.0045795328,41.40796919382022,90.0,97.18406161235956,48.59203080617978,90.0,262.8159383876405
5.019999999999981,0.0,40.0,180.0045795328,41.40796919382022,90.0,97.18406161235956,48.59203080617978,90.0,262.8159383876405
5.0399999999999805,0.0,-40.00602214399999,180.02950850559995,41.58377737699107,86.79779273846034,100.94196533217092,131.58377737699107,93.20220726153966,130.94196533217092
5.0399999999999805,0.0,-40.0,180.03553064959993,41.39679642237201,90.00000000000001,97.20640715525597,131.396796422372,89.99999999999999,97.20640715525597
5.0399999999999805,0.0,40.0,180.03553064959993,41.39679642237201,90.00000000000001,97.20640715525597,48.60320357762799,90.00000000000001,262.793592844744
5.0399999999999805,0.0,40.0,180.03553064959993,41.39679642237201,90.00000000000001,97.20640715525597,48.60320357762799,90.00000000000001,262.793592844744
5.05999999999998,0.0,-40.019702655999986,180.09654301439988,41.55384808248158,86.80340792882662,100.99775356034742,131.55384808248158,93.19659207117338,130.9977535603474
5.05999999999998,0.0,-40.0,180.11624567039988,41.36764818228005,90.0,97.26470363543991,131.36764818228005,90.0,97.26470363543991
5.05999999999998,0.0,40.0,180.11624567039988,41.36764818228005,90.0,97.26470363543991,48.63235181771995,90.0,262.7352963645601
5.05999999999998,0.0,40.0,180.11624567039988,41.36764818228005,90.0,97.26470363543991,48.63235181771995,90.0,262.7352963645601
5.07999999999998,0.0,-40.04525260799997,180.22173777919983,41.49791105888139,86.813883340551,101.10202834716772,131.49791105888139,93.186116659449,131.10202834716773
5.07999999999998,0.0,-40.0,180.2669903871998,41.3131652976762,90.00000000000001,97.3736694046476,131.3131652976762,89.99999999999999,97.3736694046476
5.07999999999998,0.0,40.0,180.2669903871998,41.3131652976762,90.00000000000001,97.3736694046476,48.6868347023238,90.00000000000001,262.6263305953524
5.07999999999998,0.0,40.0,180.2669903871998,41.3131652976762,90.00000000000001,97.3736694046476,48.6868347023238,90.00000000000001,262.6263305953524
5.099999999999979,0.0,-40.08559999999995,180.41943999999975,41.409469547012925,86.83039493302765,101.26691779977823,131.40946954701292,93.16960506697235,131.26691779977824
5.099999999999979,0.0,-40.0,180.5050399999997,41.227007992673045,90.0,97.54598401465392,131.22700799267304,90.0,97.54598401465392
5.099999999999979,0.0,40.0,180.5050399999997,41.227007992673045,90.0,97.54598401465392,48.772992007326955,90.0,262.4540159853461
5.099999999999979,0.0,40.0,180.5050399999997,41.227007992673045,90.0,97.54598401465392,48.772992007326955,90.0,262.4540159853461
5.119999999999979,0.0,-40.14318899199993,180.70162606079967,41.28300325825579,86.85389744611004,101.50274590147475,131.2830032582558,93.14610255388996,131.50274590147475
5.119999999999979,0.0,-40.0,180.84481505279956,41.10377639467136,90.0,97.79244721065729,131.10377639467134,90.0,97.79244721065729
5.119999999999979,0.0,40.0,180.84481505279956,41.10377639467136,90.0,97.79244721065729,48.89622360532864,90.0,262.2075527893427
5.119999999999979,0.0,40.0,180.84481505279956,41.10377639467136,90.0,97.79244721065729,48.89622360532864,90.0,262.2075527893427
5.139999999999978,0.0,-40.22000294399991,181.07801442559955,41.11389092186634,86.88512750261842,101.81818161466059,131.11389092186636,93.11487249738158,131.8181816146606
5.139999999999978,0.0,-40.0,181.29801736959945,40.93893183650698,90.0,98.12213632698605,130.93893183650698,90.0,98.12213632698605
5.139999999999978,0.0,40.0,181.29801736959945,40.93893183650698,90.0,98.12213632698605,49.06106816349302,90.0,261.87786367301396
5.139999999999978,0.0,40.0,181.29801736959945,40.93893183650698,90.0,98.12213632698605,49.06106816349302,90.0,261.87786367301396
5.159999999999978,0.0,-40.31758745599987,181.5561785343994,40.89833515771792,86.92460844856204,102.22038265045033,130.89833515771792,93.07539155143796,132.22038265045035
5.159999999999978,0.0,-40.0,181.8737659903993,40.72872112100548,90.0,98.54255775798906,130.7287211210055,90.0,98.54255775798906
5.159999999999978,0.0,40.0,181.8737659903993,40.72872112100548,90.0,98.54255775798906,49.27127887899452,90.0,261.4574422420109
5.159999999999978,0.0,40.0,181.8737659903993,40.72872112100548,90.0,98.54255775798906,49.27127887899452,90.0,261.4574422420109
5.1799999999999775,0.0,-40.43707340799986,182.1416596991993,40.63329078640824,86.97265750644173,102.71513148250271,130.63329078640822,93.02734249355827,132.71513148250273
5.1799999999999775,0.0,-40.0,182.57873310719913,40.47010507286602,90.00000000000001,99.05978985426796,130.47010507286603,89.99999999999999,99.05978985426796
5.1799999999999775,0.0,40.0,182.57873310719913,40.47010507286602,90.00000000000001,99.05978985426796,49.52989492713398,90.00000000000001,260.94021014573207
5.1799999999999775,0.0,40.0,182.57873310719913,40.47010507286602,90.00000000000001,99.05978985426796,49.52989492713398,90.00000000000001,260.94021014573207
5.199999999999977,0.0,-40.57919999999983,182.83807999999914,40.31639717785302,87.02939555292875,103.30696229637009,130.31639717785302,92.97060444707125,133.3069622963701
5.199999999999977,0.0,-40.0,183.41727999999898,40.160692091345126,90.00000000000001,99.67861581730976,130.16069209134514,89.99999999999999,99.67861581730976
5.199999999999977,0.0,40.0,183.41727999999898,40.160692091345126,90.00000000000001,99.67861581730976,49.839307908654874,90.00000000000001,260.3213841826902
5.199999999999977,0.0,40.0,183.41727999999898,40.160692091345126,90.00000000000001,99.67861581730976,49.839307908654874,90.00000000000001,260.3213841826902
5.219999999999977,0.0,-40.7443377919998,183.64725518079896,39.94591490736277,87.09475958596322,103.99927832681465,129.94591490736278,92.90524041403678,133.99927832681465
5.219999999999977,0.0,-40.0,184.39159297279878,39.79867699286214,90.00000000000001,100.40264601427572,129.79867699286214,89.99999999999999,100.40264601427572
5.219999999999977,0.0,40.0,184.39159297279878,39.79867699286214,90.00000000000001,100.40264601427572,50.20132300713786,90.00000000000001,259.5973539857243
5.219999999999977,0.0,40.0,184.39159297279878,39.79867699286214,90.00000000000001,100.40264601427572,50.20132300713786,90.00000000000001,259.5973539857243
5.239999999999976,0.0,-40.93251174399977,184.56930754559883,39.520666790466564,87.16851772761405,104.79445952426798,129.52066679046658,92.83148227238595,134.79445952426798
5.239999999999976,0.0,-40.0,185.50181928959861,39.38278515432932,90.0,101.23442969134138,129.38278515432933,90.0,101.23442969134138
5.239999999999976,0.0,40.0,185.50181928959861,39.38278515432932,90.0,101.23442969134138,50.61721484567068,90.0,258.76557030865865
5.239999999999976,0.0,40.0,185.50181928959861,39.38278515432932,90.0,101.23442969134138,50.61721484567068,90.0,258.76557030865865
5.259999999999976,0.0,-41.143424255999726,185.60277885439868,39.0399832643318,87.25028642719279,105.69396078011603,129.0399832643318,92.74971357280721,135.69396078011602
5.259999999999976,0.0,-40.0,186.74620311039843,38.9122217987647,90.00000000000001,102.1755564024706,128.9122217987647,89.99999999999999,102.1755564024706
5.259999999999976,0.0,40.0,186.74620311039843,38.9122217987647,90.00000000000001,102.1755564024706,51.0877782012353,90.00000000000001,257.8244435975294
5.259999999999976,0.0,40.0,186.74620311039843,38.9122217987647,90.00000000000001,102.1755564024706,51.0877782012353,90.00000000000001,257.8244435975294
5.279999999999975,0.0,-41.376478207999696,186.7447432191985,38.50365204142762,87.33954939132366,106.69840108874762,128.5036520414276,92.66045060867634,136.69840108874763
5.279999999999975,0.0,-40.0,188.1212214271982,38.38662617382035,90.0,103.22674765235931,128.38662617382036,90.0,103.22674765235931
5.279999999999975,0.0,40.0,188.1212214271982,38.38662617382035,90.0,103.22674765235931,51.61337382617965,90.0,256.77325234764066
5.279999999999975,0.0,40.0,188.1212214271982,38.38662617382035,90.0,103.22674765235931,51.61337382617965,90.0,256.77325234764066
5.299999999999975,0.0,-41.63079999999967,187.9909199999984,37.911871954745024,87.43567767791997,107.80764407913259,127.91187195474502,92.56432232208003,137.8076440791326
5.299999999999975,0.0,-40.0,189.62171999999802,37.8060303370431,90.0,104.3879393259138,127.8060303370431,90.0,104.3879393259138
5.299999999999975,0.0,40.0,189.62171999999802,37.8060303370431,90.0,104.3879393259138,52.1939696629569,90.0,255.6120606740862
5.299999999999975,0.0,40.0,189.62171999999802,37.8060303370431,90.0,104.3879393259138,52.1939696629569,90.0,255.6120606740862
5.3199999999999745,0.0,-41.905262591999644,189.33578670079822,37.265210925479124,87.53795034956457,109.02087034466825,127.26521092547912,92.46204965043543,139.02087034466825
5.3199999999999745,0.0,-40.0,191.24104929279787,37.17082226076347,90.0,105.65835547847307,127.17082226076347,90.0,105.65835547847307
5.3199999999999745,0.0,40.0,191.24104929279787,37.17082226076347,90.0,105.65835547847307,52.82917773923653,90.0,254.34164452152692
5.3199999999999745,0.0,40.0,191.24104929279787,37.17082226076347,90.0,105.65835547847307,52.82917773923653,90.0,254.34164452152692
5.339999999999974,0.0,-42.198508543999615,190.7726918655981,36.56456800211811,87.64557508527524,110.33664196122655,126.56456800211811,92.35442491472476,140.33664196122655
5.339999999999974,0.0,-40.0,192.97120040959769,36.48171299136288,90.0,107.03657401727425,126.48171299136288,90.0,107.03657401727425
5.339999999999974,0.0,40.0,192.97120040959769,36.48171299136288,90.0,107.03657401727425,53.51828700863712,90.0,252.96342598272577
5.339999999999974,0.0,40.0,192.97120040959769,36.48171299136288,90.0,107.03657401727425,53.51828700863712,90.0,252.96342598272577
5.359999999999974,0.0,-42.50897305599958,192.29396797439796,35.811139438144615,87.7577081916576,111.7529595252805,125.81113943814461,92.2422918083424,141.75295952528052
5.359999999999974,0.0,-40.0,194.8029410303975,35.73970763330383,90.0,108.52058473339235,125.73970763330382,90.0,108.52058473339235
5.359999999999974,0.0,40.0,194.8029410303975,35.73970763330383,90.0,108.52058473339235,54.26029236669617,90.0,251.47941526660765
5.359999999999974,0.0,40.0,194.8029410303975,35.73970763330383,90.0,108.52058473339235,54.26029236669617,90.0,251.47941526660765
5.379999999999973,0.0,-42.834907007999554,193.89104433919783,35.0063887918015,87.87347352650451,113.26731197558895,125.0063887918015,92.12652647349549,143.26731197558894
5.379999999999973,0.0,-40.0,196.7259513471974,34.946079971980545,90.00000000000001,110.10784005603892,124.94607997198054,89.99999999999999,110.10784005603892
5.379999999999973,0.0,40.0,196.7259513471974,34.946079971980545,90.00000000000001,110.10784005603892,55.053920028019455,90.00000000000001,249.89215994396108
5.379999999999973,0.0,40.0,196.7259513471974,34.946079971980545,90.00000000000001,110.10784005603892,55.053920028019455,90.00000000000001,249.89215994396108
5.399999999999973,0.0,-43.17439999999954,195.55455999999768,34.15202104623085,87.99197994043782,114.87671938701608,124.15202104623086,92.00802005956218,144.87671938701607
5.399999999999973,0.0,-40.0,198.72895999999722,34.10235059794121,90.00000000000001,111.79529880411759,124.10235059794121,89.99999999999999,111.79529880411759
5.399999999999973,0.0,40.0,198.72895999999722,34.10235059794121,90.00000000000001,111.79529880411759,55.89764940205879,90.00000000000001,248.20470119588242
5.399999999999973,0.0,40.0,198.72895999999722,34.10235059794121,90.00000000000001,111.79529880411759,55.89764940205879,90.00000000000001,248.20470119588242
5.419999999999972,0.0,-43.52540339199951,197.2744766207976,33.2499607642757,88.11233694564578,116.5777688437621,123.2499607642757,91.88766305435422,146.5777688437621
5.419999999999972,0.0,-40.0,200.7998800127971,33.210268447111496,90.0,113.57946310577701,123.2102684471115,90.0,113.57946310577701
5.419999999999972,0.0,40.0,200.7998800127971,33.210268447111496,90.0,113.57946310577701,56.789731552888504,90.0,246.420536894223
5.419999999999972,0.0,40.0,200.7998800127971,33.210268447111496,90.0,113.57946310577701,56.789731552888504,90.0,246.420536894223
5.439999999999972,0.0,-43.8857533439995,199.0401913855975,32.30233431306629,88.23366842644185,118.36664340879713,122.3023343130663,91.76633157355815,148.36664340879713
5.439999999999972,0.0,-40.0,202.92594472959698,32.27179572768452,90.0,115.45640854463097,122.27179572768452,90.0,115.45640854463097
5.439999999999972,0.0,40.0,202.92594472959698,32.27179572768452,90.0,115.45640854463097,57.72820427231548,90.0,244.54359145536904
5.439999999999972,0.0,40.0,202.92594472959698,32.27179572768452,90.0,115.45640854463097,57.72820427231548,90.0,244.54359145536904
5.4599999999999715,0.0,-44.25319385599947,200.84064989439742,31.311456223701665,88.35512430702893,120.23914410148552,121.31145622370167,91.64487569297107,150.23914410148552
5.4599999999999715,0.0,-40.0,205.0938437503969,31.28909626610696,90.0,117.42180746778608,121.28909626610695,90.0,117.42180746778608
5.4599999999999715,0.0,40.0,205.0938437503969,31.28909626610696,90.0,117.42180746778608,58.71090373389304,90.0,242.5781925322139
5.4599999999999715,0.0,40.0,205.0938437503969,31.28909626610696,90.0,117.42180746778608,58.71090373389304,90.0,242.5781925322139
5.479999999999971,0.0,-44.62539980799946,202.66445905919736,30.27981979606872,88.47589018208681,122.19070466882988,120.27981979606872,91.52410981791319,152.19070466882988
5.479999999999971,0.0,-40.0,207.28985886719678,30.2645273752424,90.00000000000001,119.4709452495152,120.26452737524241,89.99999999999999,119.4709452495152
5.479999999999971,0.0,40.0,207.28985886719678,30.2645273752424,90.00000000000001,119.4709452495152,59.7354726247576,90.00000000000001,240.52905475048482
5.479999999999971,0.0,40.0,207.28985886719678,30.2645273752424,90.00000000000001,119.4709452495152,59.7354726247576,90.00000000000001,240.52905475048482
5.499999999999971,0.0,-44.99999999999945,204.4999999999973,29.210092124115718,88.5951949921039,124.21639877744188,119.21009212411572,91.4048050078961,154.2163987774419
5.499999999999971,0.0,-40.0,209.49999999999676,29.200635432022032,90.00000000000001,121.59872913595595,119.20063543202204,89.99999999999999,121.59872913595595
5.499999999999971,0.0,40.0,209.49999999999676,29.200635432022032,90.00000000000001,121.59872913595595,60.79936456797797,90.00000000000001,238.40127086404405
5.499999999999971,0.0,40.0,209.49999999999676,29.200635432022032,90.00000000000001,121.59872913595595,60.79936456797797,90.00000000000001,238.40127086404405
5.51999999999997,0.0,-45.37460019199944,206.33554094079727,28.105113810039914,88.7123168860159,126.31093904983224,118.10511381003991,91.2876831139841,156.31093904983226
5.51999999999997,0.0,-40.0,211.7101411327967,28.10015545632797,90.00000000000001,123.79968908734406,118.10015545632797,89.99999999999999,123.79968908734406
5.51999999999997,0.0,40.0,211.7101411327967,28.10015545632797,90.00000000000001,123.79968908734406,61.89984454367203,90.00000000000001,236.20031091265594
5.51999999999997,0.0,40.0,211.7101411327967,28.10015545632797,90.00000000000001,123.79968908734406,61.89984454367203,90.00000000000001,236.20031091265594
5.53999999999997,0.0,-45.74680614399944,208.15935010559727,26.967903766272496,88.82658745848002,128.4686671017197,116.9679037662725,91.17341254151998,158.4686671017197
5.53999999999997,0.0,-40.0,213.90615624959668,26.966015116725412,90.0,126.06796976654918,116.96601511672542,90.0,126.06796976654918
5.53999999999997,0.0,40.0,213.90615624959668,26.966015116725412,90.0,126.06796976654918,63.033984883274584,90.0,233.9320302334508
5.53999999999997,0.0,40.0,213.90615624959668,26.966015116725412,90.0,126.06796976654918,63.033984883274584,90.0,233.9320302334508
5.559999999999969,0.0,-46.11424665599944,209.95980861439725,25.801669684561222,88.93739457894719,130.68353338175922,115.80166968456122,91.06260542105281,160.68353338175922
5.559999999999969,0.0,-40.0,216.07405527039674,25.80134376488856,90.0,128.3973124702229,115.80134376488856,90.0,128.3973124702229
5.559999999999969,0.0,40.0,216.07405527039674,25.80134376488856,90.0,128.3973124702229,64.19865623511144,90.0,231.6026875297771
5.559999999999969,0.0,40.0,216.07405527039674,25.80134376488856,90.0,128.3973124702229,64.19865623511144,90.0,231.6026875297771
5.579999999999969,0.0,-46.474596607999445,211.72552337919728,24.609824999520686,89.04418404635116,132.94906513652055,114.60982499952068,90.95581595364884,162.94906513652055
5.579999999999969,0.0,-40.0,218.2001199871967,24.609487337360616,90.0,130.7810253252788,114.60948733736062,90.0,130.7810253252788
5.579999999999969,0.0,40.0,218.2001199871967,24.609487337360616,90.0,130.7810253252788,65.39051266263938,90.0,229.2189746747212
5.579999999999969,0.0,40.0,218.2001199871967,24.609487337360616,90.0,130.7810253252788,65.39051266263938,90.0,229.2189746747212
5.599999999999969,0.0,-46.825599999999454,213.4454399999973,23.396013514629836,89.14646030891521,135.25832017282104,113.39601351462983,90.85353969108479,165.25832017282104
5.599999999999969,0.0,-40.0,220.27103999999676,23.394030286537426,90.00000000000001,133.21193942692517,113.39403028653743,89.99999999999999,133.21193942692517
5.599999999999969,0.0,40.0,220.27103999999676,23.394030286537426,90.00000000000001,133.21193942692517,66.60596971346257,90.00000000000001,226.78806057307483
5.599999999999969,0.0,40.0,220.27103999999676,23.394030286537426,90.00000000000001,133.21193942692517,66.60596971346257,90.00000000000001,226.78806057307483
5.619999999999968,0.0,-47.16509299199947,215.10895566079742,22.16414332685618,89.24378648566642,137.60382319823844,112.16414332685618,90.75621351433358,167.60382319823844
5.619999999999968,0.0,-40.0,222.27404865279686,22.15882614940162,90.00000000000001,135.68234770119676,112.15882614940162,89.99999999999999,135.68234770119676
5.619999999999968,0.0,40.0,222.27404865279686,22.15882614940162,90.00000000000001,135.68234770119676,67.84117385059838,90.00000000000001,224.31765229880324
5.619999999999968,0.0,40.0,222.27404865279686,22.15882614940162,90.00000000000001,135.68234770119676,67.84117385059838,90.00000000000001,224.31765229880324
5.639999999999968,0.0,-47.49102694399949,216.7060320255975,20.91843233066739,89.33578391705669,139.97748029412227,110.91843233066739,90.66421608294331,169.97748029412227
5.639999999999968,0.0,-40.0,224.19705896959692,20.90803898512917,90.0,138.18392202974167,110.90803898512917,90.0,138.18392202974167
5.639999999999968,0.0,40.0,224.19705896959692,20.90803898512917,90.0,138.18392202974167,69.09196101487083,90.0,221.81607797025833
5.639999999999968,0.0,40.0,224.19705896959692,20.90803898512917,90.0,138.18392202974167,69.09196101487083,90.0,221.81607797025833
5.659999999999967,0.0,-47.8014914559995,218.22730813439756,19.663468469055736,89.42213145871985,142.37046538635337,109.66346846905574,90.57786854128015,172.37046538635337
5.659999999999967,0.0,-40.0,226.028799590397,19.6461987851989,90.0,140.70760242960222,109.6461987851989,90.0,140.70760242960222
5.659999999999967,0.0,40.0,226.028799590397,19.6461987851989,90.0,140.70760242960222,70.3538012148011,90.0,219.29239757039778
5.659999999999967,0.0,40.0,226.028799590397,19.6461987851989,90.0,140.70760242960222,70.3538012148011,90.0,219.29239757039778
5.679999999999967,0.0,-48.09473740799953,219.6642132991977,18.404289112150483,89.50256471661046,144.7730702659792,108.40428911215048,90.49743528338954,174.7730702659792
5.679999999999967,0.0,-40.0,227.75895070719722,18.378275182981486,90.00000000000001,143.24344963403703,108.37827518298148,89.99999999999999,143.24344963403703
5.679999999999967,0.0,40.0,227.75895070719722,18.378275182981486,90.00000000000001,143.24344963403703,71.62172481701852,90.00000000000001,216.75655036596297
5.679999999999967,0.0,40.0,227.75895070719722,18.378275182981486,90.00000000000001,143.24344963403703,71.62172481701852,90.00000000000001,216.75655036596297
5.699999999999966,0.0,-48.369199999999566,221.0090799999978,17.14648557571054,89.57687540496559,147.17450659633548,107.14648557571054,90.42312459503441,177.17450659633548
5.699999999999966,0.0,-40.0,229.37827999999732,17.10977549290539,90.0,145.78044901418923,107.10977549290538,90.0,145.78044901418923
5.699999999999966,0.0,40.0,229.37827999999732,17.10977549290539,90.0,145.78044901418923,72.89022450709462,90.0,214.21955098581077
5.699999999999966,0.0,40.0,229.37827999999732,17.10977549290539,90.0,145.78044901418923,72.89022450709462,90.0,214.21955098581077
5.719999999999966,0.0,-48.62352179199959,222.255256780798,15.896340906715595,89.6449109916822,149.56264430129193,105.8963409067156,90.3550890083178,179.56264430129193
5.719999999999966,0.0,-40.0,230.8787785727975,15.846875432129275,90.00000000000001,148.30624913574147,105.84687543212928,89.99999999999999,148.30624913574147
5.719999999999966,0.0,40.0,230.8787785727975,15.846875432129275,90.00000000000001,148.30624913574147,74.15312456787072,90.00000000000001,211.69375086425853
5.719999999999966,0.0,40.0,230.8787785727975,15.846875432129275,90.00000000000001,148.30624913574147,74.15312456787072,90.00000000000001,211.69375086425853
5.739999999999966,0.0,-48.85657574399963,223.3972211455981,14.661011586647236,89.70657477939022,151.92366590369778,104.66101158664723,90.29342522060978,181.92366590369778
5.739999999999966,0.0,-40.0,232.25379688959777,14.596593899720078,90.0,150.80681220055985,104.59659389972008,90.0,150.80681220055985
5.739999999999966,0.0,40.0,232.25379688959777,14.596593899720078,90.0,150.80681220055985,75.40340610027992,90.0,209.19318779944015
5.739999999999966,0.0,40.0,232.25379688959777,14.596593899720078,90.0,150.80681220055985,75.40340610027992,90.0,209.19318779944015
5.759999999999965,0.0,-49.06748825599965,224.43069245439827,13.448766227623974,89.76182655490119,154.24161174583185,103.44876622762398,90.23817344509881,184.24161174583185
5.759999999999965,0.0,-40.0,233.49818071039786,13.36702670896992,90.0,153.26594658206017,103.36702670896992,90.0,153.26594658206017
5.759999999999965,0.0,40.0,233.49818071039786,13.36702670896992,90.0,153.26594658206017,76.63297329103008,90.0,206.73405341793983
5.759999999999965,0.0,40.0,233.49818071039786,13.36702670896992,90.0,153.26594658206017,76.63297329103008,90.0,206.73405341793983
5.779999999999965,0.0,-49.255662207999706,225.35274481919848,12.26929500141647,89.81068392461664,156.49778975771346,102.26929500141647,90.18931607538336,186.49778975771346
5.779999999999965,0.0,-40.0,234.6084070271982,12.16765710755498,90.00000000000001,155.66468578489005,102.16765710755499,89.99999999999999,155.66468578489005
5.779999999999965,0.0,40.0,234.6084070271982,12.16765710755498,90.00000000000001,155.66468578489005,77.83234289244501,90.00000000000001,204.33531421510995
5.779999999999965,0.0,40.0,234.6084070271982,12.16765710755498,90.00000000000001,155.66468578489005,77.83234289244501,90.00000000000001,204.33531421510995
5.799999999999964,0.0,-49.42079999999973,226.16191999999862,11.134097972112235,89.8532244383045,158.67003411982054,101.13409797211223,90.1467755616955,188.67003411982054
5.799999999999964,0.0,-40.0,235.5827199999983,11.00975980375882,90.0,157.98048039248238,101.00975980375883,90.0,157.98048039248238
5.799999999999964,0.0,40.0,235.5827199999983,11.00975980375882,90.0,157.98048039248238,78.99024019624117,90.0,202.01951960751762
5.799999999999964,0.0,40.0,235.5827199999983,11.00975980375882,90.0,157.98048039248238,78.99024019624117,90.0,202.01951960751762
5.819999999999964,0.0,-49.56292659199977,226.85834030079883,10.056937932509381,89.88958858742636,160.73184042993523,100.05693793250938,90.11041141257364,190.73184042993523
5.819999999999964,0.0,-40.0,236.42126689279857,9.906900642329381,90.00000000000001,160.18619871534125,99.90690064232938,89.99999999999999,160.18619871534125
5.819999999999964,0.0,40.0,236.42126689279857,9.906900642329381,90.00000000000001,160.18619871534125,80.09309935767062,90.00000000000001,199.81380128465875
5.819999999999964,0.0,40.0,236.42126689279857,9.906900642329381,90.00000000000001,160.18619871534125,80.09309935767062,90.00000000000001,199.81380128465875
5.839999999999963,0.0,-49.68241254399982,227.443821465599,9.054280643068223,89.9199837455675,162.65152515645082,99.05428064306822,90.0800162544325,192.65152515645082
5.839999999999963,0.0,-40.0,237.12623400959876,8.875483453357258,90.0,162.2490330932855,98.87548345335726,90.0,162.2490330932855
5.839999999999963,0.0,40.0,237.12623400959876,8.875483453357258,90.0,162.2490330932855,81.12451654664274,90.0,197.7509669067145
5.839999999999963,0.0,40.0,237.12623400959876,8.875483453357258,90.0,162.2490330932855,81.12451654664274,90.0,197.7509669067145
5.859999999999963,0.0,-49.77999705599983,227.9219855743992,8.145501117690607,89.94468909572686,164.3918336263935,98.1455011176906,90.05531090427314,194.3918336263935
5.859999999999963,0.0,-40.0,237.701982630399,7.935162159414195,90.0,164.12967568117162,97.93516215941419,90.0,164.12967568117162
5.859999999999963,0.0,40.0,237.701982630399,7.935162159414195,90.0,164.12967568117162,82.06483784058581,90.0,195.87032431882838
5.859999999999963,0.0,40.0,237.701982630399,7.935162159414195,90.0,164.12967568117162,82.06483784058581,90.0,195.87032431882838
5.879999999999963,0.0,-49.856811007999895,228.29837393919934,7.352361827281394,89.96406156009252,165.91094355064055,97.3523618272814,90.03593843990748,195.91094355064055
5.879999999999963,0.0,-40.0,238.15518494719922,7.108648021816982,90.0,165.78270395636605,97.10864802181698,90.0,165.78270395636605
5.879999999999963,0.0,40.0,238.15518494719922,7.108648021816982,90.0,165.78270395636605,82.89135197818302,90.0,194.21729604363395
5.879999999999963,0.0,40.0,238.15518494719922,7.108648021816982,90.0,165.78270395636605,82.89135197818302,90.0,194.21729604363395
5.899999999999962,0.0,-49.91439999999991,228.58055999999954,6.696904403756925,89.97854270988263,167.1665091664091,96.69690440375692,90.02145729011737,197.1665091664091
5.899999999999962,0.0,-40.0,238.49495999999945,6.4199736721970195,90.0,167.16005265560597,96.41997367219702,90.0,167.16005265560597
5.899999999999962,0.0,40.0,238.49495999999945,6.4199736721970195,90.0,167.16005265560597,83.58002632780298,90.0,192.83994734439403
5.899999999999962,0.0,40.0,238.49495999999945,6.4199736721970195,90.0,167.16005265560597,83.58002632780298,90.0,192.83994734439403
5.919999999999962,0.0,-49.95474739199993,228.77826222079963,6.196798678433645,89.98866658293201,168.12457816150413,96.19679867843365,90.01133341706799,198.12457816150413
5.919999999999962,0.0,-40.0,238.73300961279958,5.88992700409799,90.0,168.22014599180403,95.88992700409798,90.0,168.22014599180403
5.919999999999962,0.0,40.0,238.73300961279958,5.88992700409799,90.0,168.22014599180403,84.11007299590202,90.0,191.77985400819597
5.919999999999962,0.0,40.0,238.73300961279958,5.88992700409799,90.0,168.22014599180403,84.11007299590202,90.0,191.77985400819597
5.939999999999961,0.0,-49.98029734399997,228.90345698559975,5.85819679373872,89.99506827175733,168.7732890394425,95.85819679373871,90.00493172824267,198.7732890394425
5.939999999999961,0.0,-40.0,238.8837543295997,5.528157056305874,90.0,168.94368588738826,95.52815705630587,90.0,168.94368588738826
5.939999999999961,0.0,40.0,238.8837543295997,5.528157056305874,90.0,168.94368588738826,84.47184294369413,90.0,191.05631411261174
5.939999999999961,0.0,40.0,238.8837543295997,5.528157056305874,90.0,168.94368588738826,84.47184294369413,90.0,191.05631411261174
5.959999999999961,0.0,-49.993977855999994,228.97049149439994,5.668628736769714,89.99849306160222,169.13648660274401,95.66862873676972,90.00150693839778,199.13648660274401
5.959999999999961,0.0,-40.0,238.9644693503999,5.324388864570739,90.00000000000001,169.35122227085853,95.32438886457074,89.99999999999999,169.35122227085853
5.959999999999961,0.0,40.0,238.9644693503999,5.324388864570739,90.00000000000001,169.35122227085853,84.67561113542926,90.00000000000001,190.64877772914147
5.959999999999961,0.0,40.0,238.9644693503999,5.324388864570739,90.00000000000001,169.35122227085853,84.67561113542926,90.00000000000001,190.64877772914147
5.9799999999999605,0.0,-49.99922380800001,228.99619665919994,5.594240793944996,89.99980579353371,169.2790106064573,95.59424079394499,90.00019420646629,199.2790106064573
5.9799999999999605,0.0,-40.0,238.9954204672,5.244158095304494,90.0,169.51168380939103,95.2441580953045,90.0,169.51168380939103
5.9799999999999605,0.0,40.0,238.9954204672,5.244158095304494,90.0,169.51168380939103,84.7558419046955,90.0,190.48831619060897
5.9799999999999605,0.0,40.0,238.9954204672,5.244158095304494,90.0,169.51168380939103,84.7558419046955,90.0,190.48831619060897
5.99999999999996,0.0,-50.00000000000003,228.99999999999994,5.583150537107429,90.00000000000001,169.3002591673175,95.58315053710743,89.99999999999999,199.3002591673175
5.99999999999996,0.0,-40.0,239.0,5.232182951909889,90.0,169.53563409618022,95.23218295190989,90.0,169.53563409618022
5.99999999999996,0.0,40.0,239.0,5.232182951909889,90.0,169.53563409618022,84.76781704809011,90.0,190.46436590381978
5.99999999999996,0.0,40.0,239.0,5.232182951909889,90.0,169.53563409618022,84.76781704809011,90.0,190.46436590381978
6.01999999999996,0.0,-49.999223808,228.99619665920005,5.594240793944676,89.99980579353371,169.2790106064579,95.59424079394468,90.00019420646629,199.2790106064579
6.01999999999996,0.0,-40.0,238.99542046720003,5.244158095304405,90.0,169.5116838093912,95.2441580953044,90.0,169.5116838093912
6.01999999999996,0.0,40.0,238.99542046720003,5.244158095304405,90.0,169.5116838093912,84.7558419046956,90.0,190.4883161906088
6.01999999999996,0.0,40.0,238.99542046720003,5.244158095304405,90.0,169.5116838093912,84.7558419046956,90.0,190.4883161906088
6.039999999999959,0.0,-49.99397785600002,228.9704914944001,5.668628736769275,89.99849306160223,169.13648660274487,95.66862873676928,90.00150693839777,199.13648660274487
6.039999999999959,0.0,-40.0,238.96446935040012,5.324388864570192,90.0,169.3512222708596,95.3243888645702,90.0,169.3512222708596
6.039999999999959,0.0,40.0,238.96446935040012,5.324388864570192,90.0,169.3512222708596,84.6756111354298,90.0,190.6487777291404
6.039999999999959,0.0,40.0,238.96446935040012,5.324388864570192,90.0,169.3512222708596,84.6756111354298,90.0,190.6487777291404
6.059999999999959,0.0,-49.980297344000036,228.9034569856002,5.858196793737485,89.99506827175735,168.77328903944485,95.85819679373749,90.00493172824265,198.77328903944485
6.059999999999959,0.0,-40.0,238.8837543296002,5.528157056304602,90.00000000000001,168.9436858873908,95.52815705630461,89.99999999999999,168.9436858873908
6.059999999999959,0.0,40.0,238.8837543296002,5.528157056304602,90.00000000000001,168.9436858873908,84.47184294369539,90.00000000000001,191.0563141126092
6.059999999999959,0.0,40.0,238.8837543296002,5.528157056304602,90.00000000000001,168.9436858873908,84.47184294369539,90.00000000000001,191.0563141126092
6.079999999999958,0.0,-49.954747392000066,228.77826222080034,6.196798678431812,89.98866658293204,168.12457816150763,96.19679867843182,90.01133341706796,198.12457816150763
6.079999999999958,0.0,-40.0,238.7330096128004,5.889927004096093,90.0,168.2201459918078,95.8899270040961,90.0,168.2201459918078
6.079999999999958,0.0,40.0,238.7330096128004,5.889927004096093,90.0,168.2201459918078,84.1100729959039,90.0,191.7798540081922
6.079999999999958,0.0,40.0,238.7330096128004,5.889927004096093,90.0,168.2201459918078,84.1100729959039,90.0,191.7798540081922
6.099999999999958,0.0,-49.9144000000001,228.5805600000005,6.6969044037545995,89.97854270988267,167.16650916641356,96.6969044037546,90.02145729011733,197.16650916641356
6.099999999999958,0.0,-40.0,238.4949600000006,6.419973672194578,90.00000000000001,167.16005265561085,96.41997367219457,89.99999999999999,167.16005265561085
6.099999999999958,0.0,40.0,238.4949600000006,6.419973672194578,90.00000000000001,167.16005265561085,83.58002632780543,90.00000000000001,192.83994734438915
6.099999999999958,0.0,40.0,238.4949600000006,6.419973672194578,90.00000000000001,167.16005265561085,83.58002632780543,90.00000000000001,192.83994734438915
6.1199999999999575,0.0,-49.85681100800014,228.2983739392007,7.352361827278393,89.96406156009257,165.9109435506463,97.35236182727839,90.03593843990743,195.9109435506463
6.1199999999999575,0.0,-40.0,238.15518494720084,7.108648021813863,90.0,165.78270395637227,97.10864802181386,90.0,165.78270395637227
6.1199999999999575,0.0,40.0,238.15518494720084,7.108648021813863,90.0,165.78270395637227,82.89135197818614,90.0,194.21729604362773
6.1199999999999575,0.0,40.0,238.15518494720084,7.108648021813863,90.0,165.78270395637227,82.89135197818614,90.0,194.21729604362773
6.139999999999957,0.0,-49.779997056000184,227.9219855744009,8.145501117687166,89.94468909572693,164.39183362640009,98.14550111768716,90.05531090427307,194.39183362640009
6.139999999999957,0.0,-40.0,237.70198263040112,7.935162159410492,90.0,164.129675681179,97.9351621594105,90.0,164.129675681179
6.139999999999957,0.0,40.0,237.70198263040112,7.935162159410492,90.0,164.129675681179,82.0648378405895,90.0,195.870324318821
6.139999999999957,0.0,40.0,237.70198263040112,7.935162159410492,90.0,164.129675681179,82.0648378405895,90.0,195.870324318821
6.159999999999957,0.0,-49.682412544000236,227.44382146560113,9.05428064306446,89.9199837455676,162.651525156458,99.05428064306446,90.0800162544324,192.651525156458
6.159999999999957,0.0,-40.0,237.12623400960138,8.875483453353224,90.0,162.24903309329355,98.87548345335323,90.0,162.24903309329355
6.159999999999957,0.0,40.0,237.12623400960138,8.875483453353224,90.0,162.24903309329355,81.12451654664677,90.0,197.75096690670645
6.159999999999957,0.0,40.0,237.12623400960138,8.875483453353224,90.0,162.24903309329355,81.12451654664677,90.0,197.75096690670645
6.179999999999956,0.0,-49.56292659200029,226.8583403008014,10.05693793250522,89.88958858742649,160.7318404299432,100.05693793250522,90.11041141257351,190.7318404299432
6.179999999999956,0.0,-40.0,236.4212668928017,9.906900642325045,90.0,160.18619871534992,99.90690064232504,90.0,160.18619871534992
6.179999999999956,0.0,40.0,236.4212668928017,9.906900642325045,90.0,160.18619871534992,80.09309935767496,90.0,199.81380128465008
6.179999999999956,0.0,40.0,236.4212668928017,9.906900642325045,90.0,160.18619871534992,80.09309935767496,90.0,199.81380128465008
6.199999999999956,0.0,-49.42080000000034,226.16192000000166,11.134097972107742,89.85322443830464,158.67003411982913,101.13409797210774,90.14677556169536,188.67003411982913
6.199999999999956,0.0,-40.0,235.582720000002,11.009759803754164,90.00000000000001,157.98048039249167,101.00975980375416,89.99999999999999,157.98048039249167
6.199999999999956,0.0,40.0,235.582720000002,11.009759803754164,90.00000000000001,157.98048039249167,78.99024019624584,90.00000000000001,202.01951960750833
6.199999999999956,0.0,40.0,235.582720000002,11.009759803754164,90.00000000000001,157.98048039249167,78.99024019624584,90.00000000000001,202.01951960750833
6.219999999999955,0.0,-49.255662208000395,225.35274481920192,12.269295001411882,89.81068392461681,156.49778975772224,102.26929500141188,90.18931607538319,186.49778975772224
6.219999999999955,0.0,-40.0,234.60840702720233,12.16765710755031,90.0,155.66468578489938,102.16765710755031,90.0,155.66468578489938
6.219999999999955,0.0,40.0,234.60840702720233,12.16765710755031,90.0,155.66468578489938,77.83234289244969,90.0,204.33531421510062
6.219999999999955,0.0,40.0,234.60840702720233,12.16765710755031,90.0,155.66468578489938,77.83234289244969,90.0,204.33531421510062
6.239999999999955,0.0,-49.067488256000445,224.43069245440222,13.448766227619117,89.7618265549014,154.2416117458411,103.44876622761912,90.2381734450986,184.2416117458411
6.239999999999955,0.0,-40.0,233.49818071040266,13.367026708964971,90.0,153.26594658207006,103.36702670896497,90.0,153.26594658207006
6.239999999999955,0.0,40.0,233.49818071040266,13.367026708964971,90.0,153.26594658207006,76.63297329103503,90.0,206.73405341792994
6.239999999999955,0.0,40.0,233.49818071040266,13.367026708964971,90.0,153.26594658207006,76.63297329103503,90.0,206.73405341792994
6.2599999999999545,0.0,-48.8565757440005,223.3972211456025,14.661011586642314,89.70657477939045,151.9236659037072,104.66101158664232,90.29342522060955,181.9236659037072
6.2599999999999545,0.0,-40.0,232.25379688960297,14.596593899715142,90.0,150.8068122005697,104.59659389971515,90.0,150.8068122005697
6.2599999999999545,0.0,40.0,232.25379688960297,14.596593899715142,90.0,150.8068122005697,75.40340610028485,90.0,209.1931877994303
6.2599999999999545,0.0,40.0,232.25379688960297,14.596593899715142,90.0,150.8068122005697,75.40340610028485,90.0,209.1931877994303
6.279999999999954,0.0,-48.62352179200056,222.25525678080274,15.896340906710646,89.64491099168244,149.5626443013014,105.89634090671065,90.35508900831756,179.5626443013014
6.279999999999954,0.0,-40.0,230.8787785728033,15.846875432124214,90.00000000000001,148.30624913575159,105.84687543212422,89.99999999999999,148.30624913575159
6.279999999999954,0.0,40.0,230.8787785728033,15.846875432124214,90.00000000000001,148.30624913575159,74.15312456787578,90.00000000000001,211.69375086424841
6.279999999999954,0.0,40.0,230.8787785728033,15.846875432124214,90.00000000000001,148.30624913575159,74.15312456787578,90.00000000000001,211.69375086424841
6.299999999999954,0.0,-48.36920000000062,221.009080000003,17.146485575705487,89.57687540496588,147.1745065963451,107.14648557570548,90.42312459503412,177.1745065963451
6.299999999999954,0.0,-40.0,229.3782800000036,17.109775492900283,90.0,145.78044901419943,107.10977549290028,90.0,145.78044901419943
6.299999999999954,0.0,40.0,229.3782800000036,17.109775492900283,90.0,145.78044901419943,72.89022450709972,90.0,214.21955098580057
6.299999999999954,0.0,40.0,229.3782800000036,17.109775492900283,90.0,145.78044901419943,72.89022450709972,90.0,214.21955098580057
6.319999999999953,0.0,-48.09473740800067,219.66421329920325,18.404289112145474,89.50256471661076,144.77307026598874,108.40428911214548,90.49743528338924,174.77307026598874
6.319999999999953,0.0,-40.0,227.75895070720392,18.378275182976427,90.0,143.24344963404715,108.37827518297642,90.0,143.24344963404715
6.319999999999953,0.0,40.0,227.75895070720392,18.378275182976427,90.0,143.24344963404715,71.62172481702358,90.0,216.75655036595285
6.319999999999953,0.0,40.0,227.75895070720392,18.378275182976427,90.0,143.24344963404715,71.62172481702358,90.0,216.75655036595285
6.339999999999953,0.0,-47.80149145600071,218.22730813440347,19.66346846905071,89.4221314587202,142.37046538636298,109.66346846905071,90.5778685412798,172.37046538636298
6.339999999999953,0.0,-40.0,226.02879959040422,19.646198785193782,90.0,140.70760242961245,109.64619878519377,90.0,140.70760242961245
6.339999999999953,0.0,40.0,226.02879959040422,19.646198785193782,90.0,140.70760242961245,70.35380121480623,90.0,219.29239757038755
6.339999999999953,0.0,40.0,226.02879959040422,19.646198785193782,90.0,140.70760242961245,70.35380121480623,90.0,219.29239757038755
6.359999999999952,0.0,-47.49102694400076,216.70603202560372,20.91843233066237,89.33578391705704,139.97748029413185,110.91843233066237,90.66421608294296,169.97748029413185
6.359999999999952,0.0,-40.0,224.1970589696045,20.908038985124094,90.0,138.1839220297518,110.9080389851241,90.0,138.1839220297518
6.359999999999952,0.0,40.0,224.1970589696045,20.908038985124094,90.0,138.1839220297518,69.0919610148759,90.0,221.8160779702482
6.359999999999952,0.0,40.0,224.1970589696045,20.908038985124094,90.0,138.1839220297518,69.0919610148759,90.0,221.8160779702482
6.379999999999952,0.0,-47.1650929920008,215.1089556608039,22.164143326851224,89.24378648566679,137.60382319824788,112.16414332685122,90.75621351433321,167.60382319824788
6.379999999999952,0.0,-40.0,222.27404865280474,22.158826149396635,90.0,135.68234770120674,112.15882614939663,90.0,135.68234770120674
6.379999999999952,0.0,40.0,222.27404865280474,22.158826149396635,90.0,135.68234770120674,67.84117385060337,90.0,224.31765229879326
6.379999999999952,0.0,40.0,222.27404865280474,22.158826149396635,90.0,135.68234770120674,67.84117385060337,90.0,224.31765229879326
6.3999999999999515,0.0,-46.82560000000083,213.4454400000041,23.396013514624915,89.14646030891561,135.2583201728304,113.39601351462491,90.85353969108439,165.2583201728304
6.3999999999999515,0.0,-40.0,220.27104000000494,23.394030286532516,90.0,133.21193942693498,113.39403028653251,90.0,133.21193942693498
6.3999999999999515,0.0,40.0,220.27104000000494,23.394030286532516,90.0,133.21193942693498,66.60596971346749,90.0,226.78806057306502
6.3999999999999515,0.0,40.0,220.27104000000494,23.394030286532516,90.0,133.21193942693498,66.60596971346749,90.0,226.78806057306502
6.419999999999951,0.0,-46.474596608000866,211.72552337920428,24.60982499951587,89.04418404635159,132.9490651365297,114.60982499951587,90.95581595364841,162.9490651365297
6.419999999999951,0.0,-40.0,218.20011998720514,24.60948733735578,90.0,130.78102532528845,114.60948733735577,90.0,130.78102532528845
6.419999999999951,0.0,40.0,218.20011998720514,24.60948733735578,90.0,130.78102532528845,65.39051266264423,90.0,229.21897467471155
6.419999999999951,0.0,40.0,218.20011998720514,24.60948733735578,90.0,130.78102532528845,65.39051266264423,90.0,229.21897467471155
6.439999999999951,0.0,-46.1142466560009,209.95980861440438,25.801669684556497,88.93739457894763,130.6835333817682,115.8016696845565,91.06260542105237,160.6835333817682
6.439999999999951,0.0,-40.0,216.07405527040532,25.801343764883857,90.0,128.3973124702323,115.80134376488385,90.0,128.3973124702323
6.439999999999951,0.0,40.0,216.07405527040532,25.801343764883857,90.0,128.3973124702323,64.19865623511615,90.0,231.6026875297677
6.439999999999951,0.0,40.0,216.07405527040532,25.801343764883857,90.0,128.3973124702323,64.19865623511615,90.0,231.6026875297677
6.45999999999995,0.0,-45.74680614400092,208.1593501056045,26.96790376626791,88.82658745848047,128.46866710172839,116.96790376626791,91.17341254151953,158.46866710172839
6.45999999999995,0.0,-40.0,213.90615624960546,26.966015116720783,90.00000000000001,126.06796976655843,116.96601511672078,89.99999999999999,126.06796976655843
6.45999999999995,0.0,40.0,213.90615624960546,26.966015116720783,90.00000000000001,126.06796976655843,63.03398488327922,90.00000000000001,233.93203023344157
6.45999999999995,0.0,40.0,213.90615624960546,26.966015116720783,90.00000000000001,126.06796976655843,63.03398488327922,90.00000000000001,233.93203023344157
6.47999999999995,0.0,-45.37460019200093,206.33554094080458,28.105113810035427,88.71231688601637,126.31093904984074,118.10511381003542,91.28768311398363,156.31093904984073
6.47999999999995,0.0,-40.0,211.71014113280552,28.100155456323506,90.0,123.79968908735299,118.1001554563235,90.0,123.79968908735299
6.47999999999995,0.0,40.0,211.71014113280552,28.100155456323506,90.0,123.79968908735299,61.899844543676494,90.0,236.200310912647
6.47999999999995,0.0,40.0,211.71014113280552,28.100155456323506,90.0,123.79968908735299,61.899844543676494,90.0,236.200310912647
6.499999999999949,0.0,-45.00000000000095,204.50000000000466,29.210092124111366,88.59519499210437,124.21639877745012,119.21009212411137,91.40480500789563,154.21639877745014
6.499999999999949,0.0,-40.0,209.5000000000056,29.2006354320177,90.00000000000001,121.59872913596459,119.2006354320177,89.99999999999999,121.59872913596459
6.499999999999949,0.0,40.0,209.5000000000056,29.2006354320177,90.00000000000001,121.59872913596459,60.799364567982295,90.00000000000001,238.4012708640354
6.499999999999949,0.0,40.0,209.5000000000056,29.2006354320177,90.00000000000001,121.59872913596459,60.799364567982295,90.00000000000001,238.4012708640354
6.519999999999949,0.0,-44.62539980800096,202.6644590592047,30.27981979606451,88.4758901820873,122.19070466883784,120.27981979606452,91.5241098179127,152.19070466883784
6.519999999999949,0.0,-40.0,207.28985886720562,30.264527375238202,90.0,119.4709452495236,120.2645273752382,90.0,119.4709452495236
6.519999999999949,0.0,40.0,207.28985886720562,30.264527375238202,90.0,119.4709452495236,59.7354726247618,90.0,240.5290547504764
6.519999999999949,0.0,40.0,207.28985886720562,30.264527375238202,90.0,119.4709452495236,59.7354726247618,90.0,240.5290547504764
6.5399999999999485,0.0,-44.25319385600095,200.84064989440466,31.311456223697633,88.35512430702941,120.23914410149315,121.31145622369763,91.64487569297059,150.23914410149314
6.5399999999999485,0.0,-40.0,205.09384375040563,31.289096266102945,90.0,117.42180746779412,121.28909626610294,90.0,117.42180746779412
6.5399999999999485,0.0,40.0,205.09384375040563,31.289096266102945,90.0,117.42180746779412,58.710903733897055,90.0,242.5781925322059
6.5399999999999485,0.0,40.0,205.09384375040563,31.289096266102945,90.0,117.42180746779412,58.710903733897055,90.0,242.5781925322059
6.559999999999948,0.0,-43.88575334400095,199.04019138560463,32.30233431306242,88.23366842644234,118.36664340880442,122.30233431306242,91.76633157355766,148.3666434088044
6.559999999999948,0.0,-40.0,202.9259447296056,32.271795727680676,90.00000000000001,115.45640854463866,122.27179572768068,89.99999999999999,115.45640854463866
6.559999999999948,0.0,40.0,202.9259447296056,32.271795727680676,90.00000000000001,115.45640854463866,57.728204272319324,90.00000000000001,244.54359145536134
6.559999999999948,0.0,40.0,202.9259447296056,32.271795727680676,90.00000000000001,115.45640854463866,57.728204272319324,90.00000000000001,244.54359145536134
6.579999999999948,0.0,-43.52540339200093,197.27447662080453,33.249960764272025,88.11233694564626,116.57776884376905,123.24996076427203,91.88766305435374,146.57776884376904
6.579999999999948,0.0,-40.0,200.79988001280552,33.21026844710783,90.0,113.57946310578436,123.21026844710784,90.0,113.57946310578436
6.579999999999948,0.0,40.0,200.79988001280552,33.21026844710783,90.0,113.57946310578436,56.78973155289217,90.0,246.42053689421564
6.579999999999948,0.0,40.0,200.79988001280552,33.21026844710783,90.0,113.57946310578436,56.78973155289217,90.0,246.42053689421564
6.599999999999947,0.0,-43.17440000000091,195.55456000000447,34.152021046227325,87.99197994043831,114.87671938702273,124.15202104622733,92.00802005956169,144.87671938702272
6.599999999999947,0.0,-40.0,198.72896000000537,34.10235059793773,90.0,111.79529880412454,124.10235059793773,90.0,111.79529880412454
6.599999999999947,0.0,40.0,198.72896000000537,34.10235059793773,90.0,111.79529880412454,55.89764940206227,90.0,248.20470119587546
6.599999999999947,0.0,40.0,198.72896000000537,34.10235059793773,90.0,111.79529880412454,55.89764940206227,90.0,248.20470119587546
6.619999999999947,0.0,-42.83490700800088,193.89104433920434,35.0063887917982,87.87347352650498,113.26731197559518,125.0063887917982,92.12652647349502,143.2673119755952
6.619999999999947,0.0,-40.0,196.72595134720527,34.94607997197725,90.0,110.1078400560455,124.94607997197724,90.0,110.1078400560455
6.619999999999947,0.0,40.0,196.72595134720527,34.94607997197725,90.0,110.1078400560455,55.05392002802275,90.0,249.89215994395448
6.619999999999947,0.0,40.0,196.72595134720527,34.94607997197725,90.0,110.1078400560455,55.05392002802275,90.0,249.89215994395448
6.639999999999946,0.0,-42.508973056000855,192.29396797440424,35.81113943814148,87.75770819165804,111.75295952528641,125.81113943814148,92.24229180834196,141.75295952528643
6.639999999999946,0.0,-40.0,194.80294103040507,35.73970763330073,90.00000000000001,108.52058473339854,125.73970763330072,89.99999999999999,108.52058473339854
6.639999999999946,0.0,40.0,194.80294103040507,35.73970763330073,90.00000000000001,108.52058473339854,54.26029236669927,90.00000000000001,251.47941526660145
6.639999999999946,0.0,40.0,194.80294103040507,35.73970763330073,90.00000000000001,108.52058473339854,54.26029236669927,90.00000000000001,251.47941526660145
6.659999999999946,0.0,-42.198508544000816,190.772691865604,36.56456800211519,87.64557508527568,110.33664196123203,126.56456800211518,92.35442491472432,140.33664196123203
6.659999999999946,0.0,-40.0,192.97120040960485,36.481712991360006,90.00000000000001,107.03657401728,126.48171299136001,89.99999999999999,107.03657401728
6.659999999999946,0.0,40.0,192.97120040960485,36.481712991360006,90.00000000000001,107.03657401728,53.518287008639994,90.00000000000001,252.96342598272
6.659999999999946,0.0,40.0,192.97120040960485,36.481712991360006,90.00000000000001,107.03657401728,53.518287008639994,90.00000000000001,252.96342598272
6.6799999999999455,0.0,-41.905262592000774,189.3357867008038,37.265210925476424,87.537950349565,109.02087034467331,127.26521092547642,92.462049650435,139.0208703446733
6.6799999999999455,0.0,-40.0,191.24104929280458,37.170822260760815,90.00000000000001,105.65835547847836,127.17082226076081,89.99999999999999,105.65835547847836
6.6799999999999455,0.0,40.0,191.24104929280458,37.170822260760815,90.00000000000001,105.65835547847836,52.829177739239185,90.00000000000001,254.34164452152163
6.6799999999999455,0.0,40.0,191.24104929280458,37.170822260760815,90.00000000000001,105.65835547847836,52.829177739239185,90.00000000000001,254.34164452152163
6.699999999999945,0.0,-41.630800000000725,187.99092000000357,37.91187195474256,87.43567767792035,107.8076440791372,127.91187195474257,92.56432232207965,137.80764407913722
6.699999999999945,0.0,-40.0,189.62172000000427,37.80603033704066,90.0,104.38793932591868,127.80603033704065,90.0,104.38793932591868
6.699999999999945,0.0,40.0,189.62172000000427,37.80603033704066,90.0,104.38793932591868,52.19396966295934,90.0,255.6120606740813
6.699999999999945,0.0,40.0,189.62172000000427,37.80603033704066,90.0,104.38793932591868,52.19396966295934,90.0,255.6120606740813
6.719999999999945,0.0,-41.37647820800068,186.7447432192033,38.50365204142537,87.33954939132403,106.69840108875184,128.50365204142537,92.66045060867597,136.69840108875184
6.719999999999945,0.0,-40.0,188.12122142720398,38.38662617381814,90.00000000000001,103.22674765236374,128.38662617381814,89.99999999999999,103.22674765236374
6.719999999999945,0.0,40.0,188.12122142720398,38.38662617381814,90.00000000000001,103.22674765236374,51.61337382618186,90.00000000000001,256.77325234763623
6.719999999999945,0.0,40.0,188.12122142720398,38.38662617381814,90.00000000000001,103.22674765236374,51.61337382618186,90.00000000000001,256.77325234763623
6.739999999999944,0.0,-41.14342425600062,185.60277885440303,39.03998326432976,87.25028642719312,105.69396078011984,129.03998326432975,92.74971357280688,135.69396078011982
6.739999999999944,0.0,-40.0,186.7462031104037,38.91222179876269,90.00000000000001,102.17555640247464,128.9122217987627,89.99999999999999,102.17555640247464
6.739999999999944,0.0,40.0,186.7462031104037,38.91222179876269,90.00000000000001,102.17555640247464,51.08777820123731,90.00000000000001,257.8244435975254
6.739999999999944,0.0,40.0,186.7462031104037,38.91222179876269,90.00000000000001,102.17555640247464,51.08777820123731,90.00000000000001,257.8244435975254
6.759999999999944,0.0,-40.93251174400055,184.56930754560273,39.52066679046476,87.16851772761436,104.79445952427136,129.52066679046476,92.83148227238564,134.79445952427136
6.759999999999944,0.0,-40.0,185.50181928960336,39.38278515432753,90.0,101.23442969134496,129.38278515432754,90.0,101.23442969134496
6.759999999999944,0.0,40.0,185.50181928960336,39.38278515432753,90.0,101.23442969134496,50.61721484567247,90.0,258.765570308655
6.759999999999944,0.0,40.0,185.50181928960336,39.38278515432753,90.0,101.23442969134496,50.61721484567247,90.0,258.765570308655
6.779999999999943,0.0,-40.74433779200049,183.64725518080243,39.94591490736118,87.09475958596349,103.99927832681762,129.94591490736119,92.90524041403651,133.9992783268176
6.779999999999943,0.0,-40.0,184.39159297280293,39.79867699286059,90.00000000000001,100.40264601427882,129.79867699286058,89.99999999999999,100.40264601427882
6.779999999999943,0.0,40.0,184.39159297280293,39.79867699286059,90.00000000000001,100.40264601427882,50.20132300713941,90.00000000000001,259.59735398572116
6.779999999999943,0.0,40.0,184.39159297280293,39.79867699286059,90.00000000000001,100.40264601427882,50.20132300713941,90.00000000000001,259.59735398572116
6.799999999999943,0.0,-40.57920000000043,182.83808000000215,40.31639717785164,87.02939555292899,103.30696229637266,130.31639717785163,92.97060444707101,133.30696229637266
6.799999999999943,0.0,-40.0,183.41728000000256,40.1606920913438,90.0,99.67861581731242,130.1606920913438,90.0,99.67861581731242
6.799999999999943,0.0,40.0,183.41728000000256,40.1606920913438,90.0,99.67861581731242,49.8393079086562,90.0,260.32138418268755
6.799999999999943,0.0,40.0,183.41728000000256,40.1606920913438,90.0,99.67861581731242,49.8393079086562,90.0,260.32138418268755
6.8199999999999426,0.0,-40.43707340800039,182.14165969920185,40.63329078640707,86.97265750644195,102.71513148250487,130.6332907864071,93.02734249355805,132.7151314825049
6.8199999999999426,0.0,-40.0,182.57873310720228,40.47010507286486,90.0,99.05978985427028,130.47010507286487,90.0,99.05978985427028
6.8199999999999426,0.0,40.0,182.57873310720228,40.47010507286486,90.0,99.05978985427028,49.52989492713514,90.0,260.94021014572974
6.8199999999999426,0.0,40.0,182.57873310720228,40.47010507286486,90.0,99.05978985427028,49.52989492713514,90.0,260.94021014572974
6.839999999999942,0.0,-40.31758745600031,181.5561785344016,40.89833515771694,86.92460844856221,102.22038265045215,130.89833515771693,93.07539155143779,132.22038265045217
6.839999999999942,0.0,-40.0,181.87376599040195,40.72872112100451,90.0,98.54255775799099,130.72872112100453,90.0,98.54255775799099
6.839999999999942,0.0,40.0,181.87376599040195,40.72872112100451,90.0,98.54255775799099,49.27127887899549,90.0,261.457442242009
6.839999999999942,0.0,40.0,181.87376599040195,40.72872112100451,90.0,98.54255775799099,49.27127887899549,90.0,261.457442242009
6.859999999999942,0.0,-40.22000294400026,181.07801442560122,41.11389092186558,86.88512750261857,101.81818161466201,131.1138909218656,93.11487249738143,131.81818161466202
6.859999999999942,0.0,-40.0,181.29801736960152,40.93893183650623,90.0,98.12213632698756,130.93893183650624,90.0,98.12213632698756
6.859999999999942,0.0,40.0,181.29801736960152,40.93893183650623,90.0,98.12213632698756,49.06106816349377,90.0,261.8778636730124
6.859999999999942,0.0,40.0,181.29801736960152,40.93893183650623,90.0,98.12213632698756,49.06106816349377,90.0,261.8778636730124
6.879999999999941,0.0,-40.143188992000205,180.701626060801,41.28300325825518,86.85389744611014,101.50274590147588,131.28300325825518,93.14610255388986,131.50274590147586
6.879999999999941,0.0,-40.0,180.84481505280127,41.10377639467074,90.0,97.79244721065854,131.10377639467075,90.0,97.79244721065854
6.879999999999941,0.0,40.0,180.84481505280127,41.10377639467074,90.0,97.79244721065854,48.89622360532926,90.0,262.20755278934143
6.879999999999941,0.0,40.0,180.84481505280127,41.10377639467074,90.0,97.79244721065854,48.89622360532926,90.0,262.20755278934143
6.899999999999941,0.0,-40.085600000000134,180.4194400000007,41.4094695470125,86.8303949330277,101.26691779977902,131.4094695470125,93.1696050669723,131.26691779977904
6.899999999999941,0.0,-40.0,180.50504000000083,41.227007992672625,90.0,97.54598401465475,131.2270079926726,90.0,97.54598401465475
6.899999999999941,0.0,40.0,180.50504000000083,41.227007992672625,90.0,97.54598401465475,48.772992007327375,90.0,262.4540159853452
6.899999999999941,0.0,40.0,180.50504000000083,41.227007992672625,90.0,97.54598401465475,48.772992007327375,90.0,262.4540159853452
6.91999999999994,0.0,-40.0452526080001,180.2217377792005,41.4979110588811,86.81388334055106,101.10202834716829,131.4979110588811,93.18611665944894,131.1020283471683
6.91999999999994,0.0,-40.0,180.2669903872006,41.313165297675916,90.0,97.37366940464818,131.3131652976759,90.0,97.37366940464818
6.91999999999994,0.0,40.0,180.2669903872006,41.313165297675916,90.0,97.37366940464818,48.686834702324084,90.0,262.6263305953518
6.91999999999994,0.0,40.0,180.2669903872006,41.313165297675916,90.0,97.37366940464818,48.686834702324084,90.0,262.6263305953518
6.93999999999994,0.0,-40.019702656000064,180.09654301440034,41.55384808248137,86.80340792882666,100.9977535603478,131.55384808248138,93.19659207117334,130.9977535603478
6.93999999999994,0.0,-40.0,180.11624567040047,41.36764818227982,90.0,97.26470363544036,131.36764818227982,90.0,97.26470363544036
6.93999999999994,0.0,40.0,180.11624567040047,41.36764818227982,90.0,97.26470363544036,48.63235181772018,90.0,262.73529636455964
6.93999999999994,0.0,40.0,180.11624567040047,41.36764818227982,90.0,97.26470363544036,48.63235181772018,90.0,262.73529636455964
6.95999999999994,0.0,-40.00602214400002,180.02950850560012,41.58377737699099,86.79779273846034,100.94196533217108,131.58377737699098,93.20220726153966,130.9419653321711
6.95999999999994,0.0,-40.0,180.03553064960016,41.396796422371935,90.0,97.20640715525613,131.39679642237195,90.0,97.20640715525613
6.95999999999994,0.0,40.0,180.03553064960016,41.396796422371935,90.0,97.20640715525613,48.603203577628065,90.0,262.7935928447439
6.95999999999994,0.0,40.0,180.03553064960016,41.396796422371935,90.0,97.20640715525613,48.603203577628065,90.0,262.7935928447439
6.979999999999939,0.0,-40.000776192000004,180.0038033408,41.59525010606521,86.7956383765423,100.92058096184265,131.5952501060652,93.2043616234577,130.92058096184263
6.979999999999939,0.0,-40.0,180.0045795328001,41.40796919382018,90.0,97.18406161235964,131.40796919382018,90.0,97.18406161235964
6.979999999999939,0.0,40.0,180.0045795328001,41.40796919382018,90.0,97.18406161235964,48.59203080617982,90.0,262.81593838764036
6.979999999999939,0.0,40.0,180.0045795328001,41.40796919382018,90.0,97.18406161235964,48.59203080617982,90.0,262.81593838764036
6.999999999999939,0.0,-39.999999999999986,180.0,41.59694742464398,86.79531956251773,100.9174173158139,131.596947424644,93.20468043748227,130.9174173158139
6.999999999999939,0.0,-40.0,180.00000000000006,41.40962210927084,90.0,97.18075578145832,131.40962210927086,90.0,97.18075578145832
6.999999999999939,0.0,40.0,180.00000000000006,41.40962210927084,90.0,97.18075578145832,48.59037789072916,90.0,262.8192442185417
6.999999999999939,0.0,40.0,180.00000000000006,41.40962210927084,90.0,97.18075578145832,48.59037789072916,90.0,262.8192442185417
7.019999999999938,0.0,-40.000776192,180.00380334079995,41.59525010606523,86.7956383765423,100.92058096184259,131.59525010606524,93.2043616234577,130.92058096184257
7.019999999999938,0.0,-40.0,180.00457953279997,41.40796919382023,90.0,97.18406161235954,131.40796919382024,90.0,97.18406161235954
7.019999999999938,0.0,40.0,180.00457953279997,41.40796919382023,90.0,97.18406161235954,48.59203080617977,90.0,262.8159383876405
7.019999999999938,0.0,40.0,180.00457953279997,41.40796919382023,90.0,97.18406161235954,48.59203080617977,90.0,262.8159383876405
7.039999999999938,0.0,-40.00602214399997,180.02950850559986,41.58377737699111,86.79779273846032,100.94196533217087,131.58377737699112,93.20220726153968,130.94196533217087
7.039999999999938,0.0,-40.0,180.03553064959982,41.396796422372056,90.0,97.20640715525589,131.39679642237206,90.0,97.20640715525589
7.039999999999938,0.0,40.0,180.03553064959982,41.396796422372056,90.0,97.20640715525589,48.603203577627944,90.0,262.7935928447441
7.039999999999938,0.0,40.0,180.03553064959982,41.396796422372056,90.0,97.20640715525589,48.603203577627944,90.0,262.7935928447441
7.059999999999937,0.0,-40.01970265599994,180.09654301439969,41.55384808248166,86.8034079288266,100.99775356034728,131.55384808248166,93.1965920711734,130.9977535603473
7.059999999999937,0.0,-40.0,180.11624567039968,41.36764818228012,90.0,97.26470363543976,131.3676481822801,90.0,97.26470363543976
7.059999999999937,0.0,40.0,180.11624567039968,41.36764818228012,90.0,97.26470363543976,48.63235181771988,90.0,262.7352963645602
7.059999999999937,0.0,40.0,180.11624567039968,41.36764818228012,90.0,97.26470363543976,48.63235181771988,90.0,262.7352963645602
7.079999999999937,0.0,-40.0452526079999,180.2217377791995,41.497911058881556,86.81388334055097,101.10202834716743,131.49791105888156,93.18611665944903,131.10202834716745
7.079999999999937,0.0,-40.0,180.2669903871994,41.313165297676335,90.00000000000001,97.37366940464733,131.31316529767633,89.99999999999999,97.37366940464733
7.079999999999937,0.0,40.0,180.2669903871994,41.313165297676335,90.00000000000001,97.37366940464733,48.686834702323665,90.00000000000001,262.62633059535267
7.079999999999937,0.0,40.0,180.2669903871994,41.313165297676335,90.00000000000001,97.37366940464733,48.686834702323665,90.00000000000001,262.62633059535267
7.099999999999937,0.0,-40.08559999999984,180.41943999999924,41.40946954701315,86.83039493302759,101.26691779977781,131.40946954701315,93.16960506697241,131.26691779977781
7.099999999999937,0.0,-40.0,180.50503999999907,41.22700799267327,90.0,97.54598401465347,131.22700799267326,90.0,97.54598401465347
7.099999999999937,0.0,40.0,180.50503999999907,41.22700799267327,90.0,97.54598401465347,48.77299200732673,90.0,262.45401598534653
7.099999999999937,0.0,40.0,180.50503999999907,41.22700799267327,90.0,97.54598401465347,48.77299200732673,90.0,262.45401598534653
7.119999999999936,0.0,-40.143188991999786,180.70162606079893,41.2830032582561,86.85389744610997,101.50274590147416,131.2830032582561,93.14610255389003,131.50274590147416
7.119999999999936,0.0,-40.0,180.84481505279877,41.10377639467165,90.0,97.79244721065672,131.10377639467166,90.0,97.79244721065672
7.119999999999936,0.0,40.0,180.84481505279877,41.10377639467165,90.0,97.79244721065672,48.89622360532835,90.0,262.20755278934325
7.119999999999936,0.0,40.0,180.84481505279877,41.10377639467165,90.0,97.79244721065672,48.89622360532835,90.0,262.20755278934325
7.139999999999936,0.0,-40.22000294399972,181.07801442559864,41.113890921866755,86.88512750261835,101.81818161465982,131.11389092186675,93.11487249738165,131.8181816146598
7.139999999999936,0.0,-40.0,181.29801736959837,40.93893183650737,90.00000000000001,98.12213632698526,130.93893183650738,89.99999999999999,98.12213632698526
7.139999999999936,0.0,40.0,181.29801736959837,40.93893183650737,90.00000000000001,98.12213632698526,49.06106816349263,90.00000000000001,261.87786367301476
7.139999999999936,0.0,40.0,181.29801736959837,40.93893183650737,90.00000000000001,98.12213632698526,49.06106816349263,90.00000000000001,261.87786367301476
7.159999999999935,0.0,-40.31758745599964,181.5561785343983,40.89833515771844,86.92460844856194,102.22038265044937,130.89833515771844,93.07539155143806,132.22038265044938
7.159999999999935,0.0,-40.0,181.87376599039794,40.72872112100598,90.00000000000001,98.54255775798805,130.72872112100598,89.99999999999999,98.54255775798805
7.159999999999935,0.0,40.0,181.87376599039794,40.72872112100598,90.00000000000001,98.54255775798805,49.27127887899402,90.00000000000001,261.45744224201195
7.159999999999935,0.0,40.0,181.87376599039794,40.72872112100598,90.00000000000001,98.54255775798805,49.27127887899402,90.00000000000001,261.45744224201195
7.179999999999935,0.0,-40.43707340799958,182.1416596991979,40.63329078640886,86.97265750644164,102.71513148250155,130.63329078640885,93.02734249355836,132.71513148250153
7.179999999999935,0.0,-40.0,182.5787331071975,40.47010507286662,90.0,99.05978985426677,130.47010507286663,90.0,99.05978985426677
7.179999999999935,0.0,40.0,182.5787331071975,40.47010507286662,90.0,99.05978985426677,49.52989492713338,90.0,260.9402101457332
7.179999999999935,0.0,40.0,182.5787331071975,40.47010507286662,90.0,99.05978985426677,49.52989492713338,90.0,260.9402101457332
7.1999999999999345,0.0,-40.5791999999995,182.83807999999755,40.31639717785375,87.0293955529286,103.30696229636874,130.31639717785376,92.9706044470714,133.30696229636874
7.1999999999999345,0.0,-40.0,183.41727999999702,40.16069209134585,90.00000000000001,99.6786158173083,130.16069209134585,89.99999999999999,99.6786158173083
7.1999999999999345,0.0,40.0,183.41727999999702,40.16069209134585,90.00000000000001,99.6786158173083,49.83930790865415,90.00000000000001,260.3213841826917
7.1999999999999345,0.0,40.0,183.41727999999702,40.16069209134585,90.00000000000001,99.6786158173083,49.83930790865415,90.00000000000001,260.3213841826917
7.219999999999934,0.0,-40.74433779199941,183.64725518079715,39.94591490736361,87.09475958596308,103.99927832681306,129.9459149073636,92.90524041403692,133.99927832681306
7.219999999999934,0.0,-40.0,184.39159297279656,39.79867699286297,90.0,100.40264601427407,129.79867699286297,90.0,100.40264601427407
7.219999999999934,0.0,40.0,184.39159297279656,39.79867699286297,90.0,100.40264601427407,50.20132300713703,90.0,259.59735398572593
7.219999999999934,0.0,40.0,184.39159297279656,39.79867699286297,90.0,100.40264601427407,50.20132300713703,90.0,259.59735398572593
7.239999999999934,0.0,-40.93251174399934,184.56930754559676,39.52066679046752,87.16851772761387,104.79445952426619,129.52066679046752,92.83148227238613,134.7944595242662
7.239999999999934,0.0,-40.0,185.50181928959609,39.38278515433028,90.0,101.23442969133947,129.3827851543303,90.0,101.23442969133947
7.239999999999934,0.0,40.0,185.50181928959609,39.38278515433028,90.0,101.23442969133947,50.61721484566972,90.0,258.76557030866053
7.239999999999934,0.0,40.0,185.50181928959609,39.38278515433028,90.0,101.23442969133947,50.61721484566972,90.0,258.76557030866053
7.259999999999933,0.0,-41.143424255999264,185.60277885439638,39.039983264332854,87.2502864271926,105.69396078011405,129.03998326433285,92.7497135728074,135.69396078011405
7.259999999999933,0.0,-40.0,186.7462031103956,38.91222179876576,90.00000000000001,102.17555640246849,128.91222179876576,89.99999999999999,102.17555640246849
7.259999999999933,0.0,40.0,186.7462031103956,38.91222179876576,90.00000000000001,102.17555640246849,51.08777820123424,90.00000000000001,257.8244435975315
7.259999999999933,0.0,40.0,186.7462031103956,38.91222179876576,90.00000000000001,102.17555640246849,51.08777820123424,90.00000000000001,257.8244435975315
7.279999999999933,0.0,-41.37647820799918,186.74474321919598,38.50365204142881,87.33954939132344,106.6984010887454,128.5036520414288,92.66045060867656,136.6984010887454
7.279999999999933,0.0,-40.0,188.12122142719517,38.386626173821526,90.00000000000001,103.22674765235696,128.38662617382153,89.99999999999999,103.22674765235696
7.279999999999933,0.0,40.0,188.12122142719517,38.386626173821526,90.00000000000001,103.22674765235696,51.613373826178474,90.00000000000001,256.77325234764305
7.279999999999933,0.0,40.0,188.12122142719517,38.386626173821526,90.00000000000001,103.22674765235696,51.613373826178474,90.00000000000001,256.77325234764305
7.299999999999932,0.0,-41.630799999999105,187.9909199999956,37.91187195474636,87.43567767791974,107.80764407913009,127.91187195474636,92.56432232208026,137.80764407913009
7.299999999999932,0.0,-40.0,189.6217199999947,37.8060303370444,90.0,104.38793932591122,127.8060303370444,90.0,104.38793932591122
7.299999999999932,0.0,40.0,189.6217199999947,37.8060303370444,90.0,104.38793932591122,52.1939696629556,90.0,255.61206067408878
7.299999999999932,0.0,40.0,189.6217199999947,37.8060303370444,90.0,104.38793932591122,52.1939696629556,90.0,255.61206067408878
7.319999999999932,0.0,-41.90526259199903,189.33578670079524,37.26521092548056,87.53795034956435,109.02087034466554,127.26521092548056,92.46204965043565,139.02087034466552
7.319999999999932,0.0,-40.0,191.2410492927943,37.170822260764886,90.0,105.65835547847023,127.17082226076488,90.0,105.65835547847023
7.319999999999932,0.0,40.0,191.2410492927943,37.170822260764886,90.0,105.65835547847023,52.829177739235114,90.0,254.34164452152976
7.319999999999932,0.0,40.0,191.2410492927943,37.170822260764886,90.0,105.65835547847023,52.829177739235114,90.0,254.34164452152976
7.3399999999999315,0.0,-42.19850854399897,190.7726918655949,36.56456800211967,87.645575085275,110.3366419612236,126.56456800211967,92.354424914725,140.33664196122362
7.3399999999999315,0.0,-40.0,192.9712004095939,36.4817129913644,90.0,107.03657401727119,126.48171299136439,90.0,107.03657401727119
7.3399999999999315,0.0,40.0,192.9712004095939,36.4817129913644,90.0,107.03657401727119,53.5182870086356,90.0,252.9634259827288
7.3399999999999315,0.0,40.0,192.9712004095939,36.4817129913644,90.0,107.03657401727119,53.5182870086356,90.0,252.9634259827288
7.359999999999931,0.0,-42.5089730559989,192.2939679743946,35.81113943814628,87.75770819165734,111.75295952527739,125.81113943814628,92.24229180834266,141.7529595252774
7.359999999999931,0.0,-40.0,194.8029410303935,35.73970763330546,90.0,108.52058473338907,125.73970763330546,90.0,108.52058473338907
7.359999999999931,0.0,40.0,194.8029410303935,35.73970763330546,90.0,108.52058473338907,54.26029236669454,90.0,251.47941526661094
7.359999999999931,0.0,40.0,194.8029410303935,35.73970763330546,90.0,108.52058473338907,54.26029236669454,90.0,251.47941526661094
7.379999999999931,0.0,-42.83490700799885,193.89104433919437,35.006388791803275,87.87347352650426,113.26731197558561,125.00638879180327,92.12652647349574,143.2673119755856
7.379999999999931,0.0,-40.0,196.7259513471932,34.94607997198229,90.0,110.10784005603543,124.9460799719823,90.0,110.10784005603543
7.379999999999931,0.0,40.0,196.7259513471932,34.94607997198229,90.0,110.10784005603543,55.05392002801771,90.0,249.89215994396457
7.379999999999931,0.0,40.0,196.7259513471932,34.94607997198229,90.0,110.10784005603543,55.05392002801771,90.0,249.89215994396457
7.39999999999993,0.0,-43.17439999999879,195.5545599999941,34.1520210462327,87.99197994043756,114.8767193870126,124.1520210462327,92.00802005956244,144.8767193870126
7.39999999999993,0.0,-40.0,198.72895999999287,34.102350597943065,90.00000000000001,111.79529880411388,124.10235059794306,89.99999999999999,111.79529880411388
7.39999999999993,0.0,40.0,198.72895999999287,34.102350597943065,90.00000000000001,111.79529880411388,55.897649402056935,90.00000000000001,248.20470119588612
7.39999999999993,0.0,40.0,198.72895999999287,34.102350597943065,90.00000000000001,111.79529880411388,55.897649402056935,90.00000000000001,248.20470119588612
7.41999999999993,0.0,-43.52540339199876,197.27447662079388,33.249960764277674,88.11233694564552,116.57776884375839,123.24996076427767,91.88766305435448,146.5777688437584
7.41999999999993,0.0,-40.0,200.79988001279264,33.210268447113435,90.00000000000001,113.57946310577313,123.21026844711344,89.99999999999999,113.57946310577313
7.41999999999993,0.0,40.0,200.79988001279264,33.210268447113435,90.00000000000001,113.57946310577313,56.789731552886565,90.00000000000001,246.42053689422687
7.41999999999993,0.0,40.0,200.79988001279264,33.210268447113435,90.00000000000001,113.57946310577313,56.789731552886565,90.00000000000001,246.42053689422687
7.439999999999929,0.0,-43.88575334399871,199.0401913855937,32.30233431306836,88.2336684264416,118.36664340879321,122.30233431306836,91.7663315735584,148.3666434087932
7.439999999999929,0.0,-40.0,202.9259447295924,32.271795727686566,90.0,115.45640854462688,122.27179572768657,90.0,115.45640854462688
7.439999999999929,0.0,40.0,202.9259447295924,32.271795727686566,90.0,115.45640854462688,57.728204272313434,90.0,244.54359145537313
7.439999999999929,0.0,40.0,202.9259447295924,32.271795727686566,90.0,115.45640854462688,57.728204272313434,90.0,244.54359145537313
7.459999999999929,0.0,-44.25319385599868,200.84064989439355,31.311456223703818,88.35512430702867,120.23914410148144,121.31145622370381,91.64487569297133,150.23914410148143
7.459999999999929,0.0,-40.0,205.09384375039224,31.289096266109098,90.0,117.4218074677818,121.2890962661091,90.0,117.4218074677818
7.459999999999929,0.0,40.0,205.09384375039224,31.289096266109098,90.0,117.4218074677818,58.7109037338909,90.0,242.5781925322182
7.459999999999929,0.0,40.0,205.09384375039224,31.289096266109098,90.0,117.4218074677818,58.7109037338909,90.0,242.5781925322182
7.4799999999999285,0.0,-44.62539980799867,202.66445905919346,30.27981979607094,88.47589018208656,122.19070466882569,120.27981979607094,91.52410981791344,152.19070466882567
7.4799999999999285,0.0,-40.0,207.28985886719212,30.264527375244608,90.0,119.47094524951079,120.26452737524461,90.0,119.47094524951079
7.4799999999999285,0.0,40.0,207.28985886719212,30.264527375244608,90.0,119.47094524951079,59.73547262475539,90.0,240.5290547504892
7.4799999999999285,0.0,40.0,207.28985886719212,30.264527375244608,90.0,119.47094524951079,59.73547262475539,90.0,240.5290547504892
7.499999999999928,0.0,-44.99999999999865,204.49999999999338,29.210092124118045,88.59519499210364,124.21639877743748,119.21009212411805,91.40480500789636,154.21639877743746
7.499999999999928,0.0,-40.0,209.49999999999204,29.200635432024335,90.0,121.59872913595134,119.20063543202434,90.0,121.59872913595134
7.499999999999928,0.0,40.0,209.49999999999204,29.200635432024335,90.0,121.59872913595134,60.799364567975665,90.0,238.40127086404866
7.499999999999928,0.0,40.0,209.49999999999204,29.200635432024335,90.0,121.59872913595134,60.799364567975665,90.0,238.40127086404866
7.519999999999928,0.0,-45.37460019199865,206.33554094079338,28.105113810042283,88.71231688601567,126.31093904982774,118.10511381004228,91.28768311398433,156.31093904982774
7.519999999999928,0.0,-40.0,211.71014113279202,28.100155456330338,90.0,123.79968908733933,118.10015545633034,90.0,123.79968908733933
7.519999999999928,0.0,40.0,211.71014113279202,28.100155456330338,90.0,123.79968908733933,61.89984454366966,90.0,236.20031091266065
7.519999999999928,0.0,40.0,211.71014113279202,28.100155456330338,90.0,123.79968908733933,61.89984454366966,90.0,236.20031091266065
7.539999999999927,0.0,-45.746806143998654,208.15935010559338,26.967903766274976,88.82658745847976,128.46866710171497,116.96790376627497,91.17341254152024,158.46866710171497
7.539999999999927,0.0,-40.0,213.90615624959202,26.96601511672787,90.0,126.06796976654427,116.96601511672787,90.0,126.06796976654427
7.539999999999927,0.0,40.0,213.90615624959202,26.96601511672787,90.0,126.06796976654427,63.033984883272126,90.0,233.93203023345575
7.539999999999927,0.0,40.0,213.90615624959202,26.96601511672787,90.0,126.06796976654427,63.033984883272126,90.0,233.93203023345575
7.559999999999927,0.0,-46.11424665599866,209.95980861439344,25.80166968456374,88.93739457894696,130.68353338175444,115.80166968456373,91.06260542105304,160.68353338175444
7.559999999999927,0.0,-40.0,216.0740552703921,25.801343764891104,90.00000000000001,128.3973124702178,115.8013437648911,89.99999999999999,128.3973124702178
7.559999999999927,0.0,40.0,216.0740552703921,25.801343764891104,90.00000000000001,128.3973124702178,64.1986562351089,90.00000000000001,231.6026875297822
7.559999999999927,0.0,40.0,216.0740552703921,25.801343764891104,90.00000000000001,128.3973124702178,64.1986562351089,90.00000000000001,231.6026875297822
7.579999999999926,0.0,-46.47459660799869,211.72552337919362,24.60982499952319,89.04418404635094,132.9490651365158,114.6098249995232,90.95581595364906,162.9490651365158
7.579999999999926,0.0,-40.0,218.20011998719224,24.60948733736317,90.0,130.78102532527367,114.60948733736316,90.0,130.78102532527367
7.579999999999926,0.0,40.0,218.20011998719224,24.60948733736317,90.0,130.78102532527367,65.39051266263684,90.0,229.21897467472633
7.579999999999926,0.0,40.0,218.20011998719224,24.60948733736317,90.0,130.78102532527367,65.39051266263684,90.0,229.21897467472633
7.599999999999926,0.0,-46.82559999999872,213.44543999999377,23.396013514632376,89.146460308915,135.2583201728162,113.39601351463237,90.853539691085,165.2583201728162
7.599999999999926,0.0,-40.0,220.2710399999924,23.39403028654006,90.0,133.21193942691988,113.39403028654006,90.0,133.21193942691988
7.599999999999926,0.0,40.0,220.2710399999924,23.39403028654006,90.0,133.21193942691988,66.60596971345994,90.0,226.78806057308012
7.599999999999926,0.0,40.0,220.2710399999924,23.39403028654006,90.0,133.21193942691988,66.60596971345994,90.0,226.78806057308012
7.6199999999999255,0.0,-47.16509299199876,215.10895566079395,22.164143326858785,89.24378648566622,137.60382319823347,112.16414332685878,90.75621351433378,167.60382319823347
7.6199999999999255,0.0,-40.0,222.27404865279266,22.158826149404284,90.00000000000001,135.68234770119145,112.15882614940429,89.99999999999999,135.68234770119145
7.6199999999999255,0.0,40.0,222.27404865279266,22.158826149404284,90.00000000000001,135.68234770119145,67.84117385059571,90.00000000000001,224.31765229880855
7.6199999999999255,0.0,40.0,222.27404865279266,22.158826149404284,90.00000000000001,135.68234770119145,67.84117385059571,90.00000000000001,224.31765229880855
7.639999999999925,0.0,-47.49102694399881,216.70603202559414,20.918432330670047,89.3357839170565,139.9774802941172,110.91843233067004,90.6642160829435,169.9774802941172
7.639999999999925,0.0,-40.0,224.19705896959294,20.90803898513183,90.0,138.18392202973635,110.90803898513184,90.0,138.18392202973635
7.639999999999925,0.0,40.0,224.19705896959294,20.90803898513183,90.0,138.18392202973635,69.09196101486816,90.0,221.81607797026365
7.639999999999925,0.0,40.0,224.19705896959294,20.90803898513183,90.0,138.18392202973635,69.09196101486816,90.0,221.81607797026365
7.659999999999925,0.0,-47.80149145599887,218.22730813439443,19.66346846905838,89.42213145871968,142.37046538634834,109.66346846905839,90.57786854128032,172.37046538634834
7.659999999999925,0.0,-40.0,226.02879959039328,19.646198785201555,90.0,140.7076024295969,109.64619878520156,90.0,140.7076024295969
7.659999999999925,0.0,40.0,226.02879959039328,19.646198785201555,90.0,140.7076024295969,70.35380121479844,90.0,219.2923975704031
7.659999999999925,0.0,40.0,226.02879959039328,19.646198785201555,90.0,140.7076024295969,70.35380121479844,90.0,219.2923975704031
7.679999999999924,0.0,-48.09473740799892,219.6642132991947,18.404289112153176,89.5025647166103,144.77307026597404,108.40428911215318,90.4974352833897,174.77307026597404
7.679999999999924,0.0,-40.0,227.75895070719363,18.37827518298421,90.0,143.24344963403158,108.37827518298421,90.0,143.24344963403158
7.679999999999924,0.0,40.0,227.75895070719363,18.37827518298421,90.0,143.24344963403158,71.62172481701579,90.0,216.75655036596842
7.679999999999924,0.0,40.0,227.75895070719363,18.37827518298421,90.0,143.24344963403158,71.62172481701579,90.0,216.75655036596842
7.699999999999924,0.0,-48.36919999999898,221.00907999999507,17.14648557571316,89.57687540496543,147.17450659633045,107.14648557571316,90.42312459503457,177.17450659633045
7.699999999999924,0.0,-40.0,229.378279999994,17.109775492908078,90.0,145.78044901418386,107.10977549290808,90.0,145.78044901418386
7.699999999999924,0.0,40.0,229.378279999994,17.109775492908078,90.0,145.78044901418386,72.89022450709192,90.0,214.21955098581614
7.699999999999924,0.0,40.0,229.378279999994,17.109775492908078,90.0,145.78044901418386,72.89022450709192,90.0,214.21955098581614
7.719999999999923,0.0,-48.62352179199906,222.2552567807954,15.896340906718272,89.64491099168204,149.5626443012868,105.89634090671828,90.35508900831796,179.5626443012868
7.719999999999923,0.0,-40.0,230.87877857279443,15.84687543213196,90.00000000000001,148.3062491357361,105.84687543213195,89.99999999999999,148.3062491357361
7.719999999999923,0.0,40.0,230.87877857279443,15.84687543213196,90.00000000000001,148.3062491357361,74.15312456786805,90.00000000000001,211.6937508642639
7.719999999999923,0.0,40.0,230.87877857279443,15.84687543213196,90.00000000000001,148.3062491357361,74.15312456786805,90.00000000000001,211.6937508642639
7.739999999999923,0.0,-48.85657574399914,223.39722114559578,14.66101158664987,89.7065747793901,151.92366590369272,104.66101158664986,90.2934252206099,181.92366590369272
7.739999999999923,0.0,-40.0,232.25379688959492,14.596593899722773,90.0,150.80681220055445,104.59659389972278,90.0,150.80681220055445
7.739999999999923,0.0,40.0,232.25379688959492,14.596593899722773,90.0,150.80681220055445,75.40340610027722,90.0,209.19318779944555
7.739999999999923,0.0,40.0,232.25379688959492,14.596593899722773,90.0,150.80681220055445,75.40340610027722,90.0,209.19318779944555
7.7599999999999225,0.0,-49.06748825599923,224.43069245439625,13.448766227626447,89.76182655490109,154.2416117458271,103.44876622762645,90.23817344509891,184.2416117458271
7.7599999999999225,0.0,-40.0,233.49818071039545,13.367026708972414,90.0,153.2659465820552,103.36702670897242,90.0,153.2659465820552
7.7599999999999225,0.0,40.0,233.49818071039545,13.367026708972414,90.0,153.2659465820552,76.63297329102758,90.0,206.7340534179448
7.7599999999999225,0.0,40.0,233.49818071039545,13.367026708972414,90.0,153.2659465820552,76.63297329102758,90.0,206.7340534179448
7.779999999999922,0.0,-49.255662207999315,225.35274481919663,12.269295001418957,89.81068392461654,156.49778975770872,102.26929500141895,90.18931607538346,186.49778975770872
7.779999999999922,0.0,-40.0,234.60840702719588,12.1676571075576,90.0,155.6646857848848,102.1676571075576,90.0,155.6646857848848
7.779999999999922,0.0,40.0,234.60840702719588,12.1676571075576,90.0,155.6646857848848,77.8323428924424,90.0,204.3353142151152
7.779999999999922,0.0,40.0,234.60840702719588,12.1676571075576,90.0,155.6646857848848,77.8323428924424,90.0,204.3353142151152
7.799999999999922,0.0,-49.4207999999994,226.16191999999705,11.134097972114521,89.85322443830441,158.67003411981617,101.13409797211452,90.14677556169559,188.67003411981617
7.799999999999922,0.0,-40.0,235.58271999999639,11.009759803761199,90.0,157.9804803924776,101.0097598037612,90.0,157.9804803924776
7.799999999999922,0.0,40.0,235.58271999999639,11.009759803761199,90.0,157.9804803924776,78.9902401962388,90.0,202.0195196075224
7.799999999999922,0.0,40.0,235.58271999999639,11.009759803761199,90.0,157.9804803924776,78.9902401962388,90.0,202.0195196075224
7.819999999999921,0.0,-49.562926591999485,226.8583403007975,10.056937932511559,89.88958858742627,160.73184042993105,100.05693793251156,90.11041141257373,190.73184042993105
7.819999999999921,0.0,-40.0,236.42126689279692,9.906900642331658,90.0,160.18619871533667,99.90690064233166,90.0,160.18619871533667
7.819999999999921,0.0,40.0,236.42126689279692,9.906900642331658,90.0,160.18619871533667,80.09309935766834,90.0,199.81380128466333
7.819999999999921,0.0,40.0,236.42126689279692,9.906900642331658,90.0,160.18619871533667,80.09309935766834,90.0,199.81380128466333
7.839999999999921,0.0,-49.68241254399957,227.44382146559786,9.054280643070362,89.91998374556744,162.65152515644672,99.05428064307036,90.08001625443256,192.65152515644672
7.839999999999921,0.0,-40.0,237.1262340095974,8.875483453359381,90.0,162.24903309328124,98.87548345335938,90.0,162.24903309328124
7.839999999999921,0.0,40.0,237.1262340095974,8.875483453359381,90.0,162.24903309328124,81.12451654664062,90.0,197.75096690671876
7.839999999999921,0.0,40.0,237.1262340095974,8.875483453359381,90.0,162.24903309328124,81.12451654664062,90.0,197.75096690671876
7.85999999999992,0.0,-49.77999705599966,227.92198557439824,8.145501117692575,89.9446890957268,164.39183362638974,98.14550111769258,90.0553109042732,194.39183362638974
7.85999999999992,0.0,-40.0,237.70198263039788,7.935162159416103,90.0,164.1296756811678,97.93516215941611,90.0,164.1296756811678
7.85999999999992,0.0,40.0,237.70198263039788,7.935162159416103,90.0,164.1296756811678,82.06483784058389,90.0,195.8703243188322
7.85999999999992,0.0,40.0,237.70198263039788,7.935162159416103,90.0,164.1296756811678,82.06483784058389,90.0,195.8703243188322
7.87999999999992,0.0,-49.856811007999724,228.29837393919868,7.352361827282856,89.96406156009247,165.91094355063774,97.35236182728286,90.03593843990753,195.91094355063774
7.87999999999992,0.0,-40.0,238.15518494719828,7.108648021818811,90.0,165.78270395636238,97.10864802181881,90.0,165.78270395636238
7.87999999999992,0.0,40.0,238.15518494719828,7.108648021818811,90.0,165.78270395636238,82.89135197818119,90.0,194.21729604363762
7.87999999999992,0.0,40.0,238.15518494719828,7.108648021818811,90.0,165.78270395636238,82.89135197818119,90.0,194.21729604363762
7.8999999999999195,0.0,-49.914399999999816,228.58055999999902,6.696904403758198,89.97854270988259,167.16650916640666,96.6969044037582,90.02145729011741,197.16650916640666
7.8999999999999195,0.0,-40.0,238.49495999999897,6.419973672198025,90.00000000000001,167.16005265560395,96.41997367219803,89.99999999999999,167.16005265560395
7.8999999999999195,0.0,40.0,238.49495999999897,6.419973672198025,90.00000000000001,167.16005265560395,83.58002632780197,90.00000000000001,192.83994734439605
7.8999999999999195,0.0,40.0,238.49495999999897,6.419973672198025,90.00000000000001,167.16005265560395,83.58002632780197,90.00000000000001,192.83994734439605
7.919999999999919,0.0,-49.95474739199987,228.7782622207992,6.1967986784348135,89.988666582932,168.1245781615019,96.19679867843482,90.011333417068,198.1245781615019
7.919999999999919,0.0,-40.0,238.7330096127992,5.889927004098841,90.0,168.22014599180233,95.88992700409884,90.0,168.22014599180233
7.919999999999919,0.0,40.0,238.7330096127992,5.889927004098841,90.0,168.22014599180233,84.11007299590116,90.0,191.77985400819767
7.919999999999919,0.0,40.0,238.7330096127992,5.889927004098841,90.0,168.22014599180233,84.11007299590116,90.0,191.77985400819767
7.939999999999919,0.0,-49.980297343999915,228.9034569855996,5.858196793739185,89.99506827175732,168.77328903944158,95.85819679373918,90.00493172824268,198.77328903944158
7.939999999999919,0.0,-40.0,238.88375432959953,5.528157056306294,90.0,168.94368588738743,95.5281570563063,90.0,168.94368588738743
7.939999999999919,0.0,40.0,238.88375432959953,5.528157056306294,90.0,168.94368588738743,84.4718429436937,90.0,191.05631411261257
7.939999999999919,0.0,40.0,238.88375432959953,5.528157056306294,90.0,168.94368588738743,84.4718429436937,90.0,191.05631411261257
7.959999999999918,0.0,-49.993977856,228.9704914943999,5.668628736769886,89.99849306160222,169.1364866027437,95.66862873676989,90.00150693839778,199.1364866027437
7.959999999999918,0.0,-40.0,238.96446935039984,5.324388864570891,90.0,169.35122227085822,95.32438886457089,90.0,169.35122227085822
7.959999999999918,0.0,40.0,238.96446935039984,5.324388864570891,90.0,169.35122227085822,84.67561113542911,90.0,190.64877772914178
7.959999999999918,0.0,40.0,238.96446935039984,5.324388864570891,90.0,169.35122227085822,84.67561113542911,90.0,190.64877772914178
7.979999999999918,0.0,-49.999223807999975,228.99619665919988,5.594240793945168,89.99980579353371,169.27901060645695,95.59424079394518,90.00019420646629,199.27901060645695
7.979999999999918,0.0,-40.0,238.99542046719972,5.244158095305243,90.0,169.51168380938952,95.24415809530524,90.0,169.51168380938952
7.979999999999918,0.0,40.0,238.99542046719972,5.244158095305243,90.0,169.51168380938952,84.75584190469476,90.0,190.48831619061048
7.979999999999918,0.0,40.0,238.99542046719972,5.244158095305243,90.0,169.51168380938952,84.75584190469476,90.0,190.48831619061048
7.999999999999917,0.0,-50.00000000000003,229.00000000000006,5.58315053710707,90.00000000000001,169.30025916731822,95.58315053710707,89.99999999999999,199.30025916731822
7.999999999999917,0.0,-40.0,238.99999999999994,5.232182951910053,90.00000000000001,169.5356340961799,95.23218295191005,89.99999999999999,169.5356340961799
7.999999999999917,0.0,40.0,238.99999999999994,5.232182951910053,90.00000000000001,169.5356340961799,84.76781704808995,90.00000000000001,190.4643659038201
7.999999999999917,0.0,40.0,238.99999999999994,5.232182951910053,90.00000000000001,169.5356340961799,84.76781704808995,90.00000000000001,190.4643659038201
8.019999999999918,0.0,-49.999223808,228.99619665920005,5.594240793944676,89.99980579353371,169.2790106064579,95.59424079394468,90.00019420646629,199.2790106064579
8.019999999999918,0.0,-40.0,238.99542046720006,5.244158095304366,90.0,169.5116838093913,95.24415809530437,90.0,169.5116838093913
8.019999999999918,0.0,40.0,238.99542046720006,5.244158095304366,90.0,169.5116838093913,84.75584190469563,90.0,190.4883161906087
8.019999999999918,0.0,40.0,238.99542046720006,5.244158095304366,90.0,169.5116838093913,84.75584190469563,90.0,190.4883161906087
8.039999999999917,0.0,-49.993977856000036,228.9704914944002,5.66862873676901,89.99849306160222,169.13648660274538,95.66862873676901,90.00150693839778,199.13648660274538
8.039999999999917,0.0,-40.0,238.96446935040024,5.324388864569874,90.00000000000001,169.35122227086026,95.32438886456987,89.99999999999999,169.35122227086026
8.039999999999917,0.0,40.0,238.96446935040024,5.324388864569874,90.00000000000001,169.35122227086026,84.67561113543013,90.00000000000001,190.64877772913974
8.039999999999917,0.0,40.0,238.96446935040024,5.324388864569874,90.00000000000001,169.35122227086026,84.67561113543013,90.00000000000001,190.64877772913974
8.059999999999917,0.0,-49.98029734400008,228.9034569856004,5.8581967937369805,89.99506827175735,168.7732890394458,95.85819679373698,90.00493172824265,198.7732890394458
8.059999999999917,0.0,-40.0,238.88375432960046,5.528157056303954,90.0,168.9436858873921,95.52815705630395,90.0,168.9436858873921
8.059999999999917,0.0,40.0,238.88375432960046,5.528157056303954,90.0,168.9436858873921,84.47184294369605,90.0,191.0563141126079
8.059999999999917,0.0,40.0,238.88375432960046,5.528157056303954,90.0,168.9436858873921,84.47184294369605,90.0,191.0563141126079
8.079999999999917,0.0,-49.954747392000144,228.77826222080066,6.196798678431003,89.98866658293207,168.1245781615092,96.19679867843101,90.01133341706793,198.1245781615092
8.079999999999917,0.0,-40.0,238.7330096128008,5.889927004095152,90.00000000000001,168.22014599180972,95.88992700409516,89.99999999999999,168.22014599180972
8.079999999999917,0.0,40.0,238.7330096128008,5.889927004095152,90.00000000000001,168.22014599180972,84.11007299590484,90.00000000000001,191.77985400819028
8.079999999999917,0.0,40.0,238.7330096128008,5.889927004095152,90.00000000000001,168.22014599180972,84.11007299590484,90.00000000000001,191.77985400819028
8.099999999999916,0.0,-49.91440000000021,228.580560000001,6.6969044037534164,89.9785427098827,167.16650916641584,96.69690440375342,90.0214572901173,197.16650916641584
8.099999999999916,0.0,-40.0,238.49496000000119,6.419973672193305,90.0,167.16005265561338,96.41997367219331,90.0,167.16005265561338
8.099999999999916,0.0,40.0,238.49496000000119,6.419973672193305,90.0,167.16005265561338,83.58002632780669,90.0,192.83994734438662
8.099999999999916,0.0,40.0,238.49496000000119,6.419973672193305,90.0,167.16005265561338,83.58002632780669,90.0,192.83994734438662
8.119999999999916,0.0,-49.856811008000285,228.29837393920138,7.352361827276905,89.96406156009262,165.91094355064916,97.35236182727691,90.03593843990738,195.91094355064916
8.119999999999916,0.0,-40.0,238.1551849472017,7.108648021812235,90.0,165.78270395637554,97.10864802181223,90.0,165.78270395637554
8.119999999999916,0.0,40.0,238.1551849472017,7.108648021812235,90.0,165.78270395637554,82.89135197818777,90.0,194.21729604362446
8.119999999999916,0.0,40.0,238.1551849472017,7.108648021812235,90.0,165.78270395637554,82.89135197818777,90.0,194.21729604362446
8.139999999999915,0.0,-49.77999705600037,227.92198557440182,8.14550111768536,89.94468909572699,164.39183362640355,98.14550111768536,90.05531090427301,194.39183362640355
8.139999999999915,0.0,-40.0,237.70198263040217,7.935162159408685,90.0,164.12967568118265,97.93516215940869,90.0,164.12967568118265
8.139999999999915,0.0,40.0,237.70198263040217,7.935162159408685,90.0,164.12967568118265,82.06483784059131,90.0,195.87032431881735
8.139999999999915,0.0,40.0,237.70198263040217,7.935162159408685,90.0,164.12967568118265,82.06483784059131,90.0,195.87032431881735
8.159999999999915,0.0,-49.682412544000464,227.44382146560227,9.054280643062388,89.91998374556766,162.651525156462,99.05428064306238,90.08001625443234,192.651525156462
8.159999999999915,0.0,-40.0,237.12623400960274,8.875483453351112,90.0,162.24903309329778,98.87548345335111,90.0,162.24903309329778
8.159999999999915,0.0,40.0,237.12623400960274,8.875483453351112,90.0,162.24903309329778,81.12451654664889,90.0,197.75096690670222
8.159999999999915,0.0,40.0,237.12623400960274,8.875483453351112,90.0,162.24903309329778,81.12451654664889,90.0,197.75096690670222
8.179999999999914,0.0,-49.56292659200056,226.85834030080275,10.056937932503052,89.88958858742656,160.73184042994734,100.05693793250305,90.11041141257344,190.73184042994734
8.179999999999914,0.0,-40.0,236.4212668928033,9.906900642322817,90.0,160.18619871535438,99.90690064232282,90.0,160.18619871535438
8.179999999999914,0.0,40.0,236.4212668928033,9.906900642322817,90.0,160.18619871535438,80.09309935767718,90.0,199.81380128464562
8.179999999999914,0.0,40.0,236.4212668928033,9.906900642322817,90.0,160.18619871535438,80.09309935767718,90.0,199.81380128464562
8.199999999999914,0.0,-49.42080000000067,226.16192000000322,11.134097972105481,89.85322443830474,158.67003411983347,101.13409797210548,90.14677556169526,188.67003411983347
8.199999999999914,0.0,-40.0,235.5827200000039,11.00975980375181,90.00000000000001,157.9804803924964,101.0097598037518,89.99999999999999,157.9804803924964
8.199999999999914,0.0,40.0,235.5827200000039,11.00975980375181,90.00000000000001,157.9804803924964,78.9902401962482,90.00000000000001,202.0195196075036
8.199999999999914,0.0,40.0,235.5827200000039,11.00975980375181,90.00000000000001,157.9804803924964,78.9902401962482,90.00000000000001,202.0195196075036
8.219999999999914,0.0,-49.255662208000764,225.35274481920374,12.269295001409436,89.81068392461691,156.49778975772693,102.26929500140943,90.18931607538309,186.49778975772693
8.219999999999914,0.0,-40.0,234.6084070272045,12.167657107547855,90.00000000000001,155.6646857849043,102.16765710754785,89.99999999999999,155.6646857849043
8.219999999999914,0.0,40.0,234.6084070272045,12.167657107547855,90.00000000000001,155.6646857849043,77.83234289245215,90.00000000000001,204.3353142150957
8.219999999999914,0.0,40.0,234.6084070272045,12.167657107547855,90.00000000000001,155.6646857849043,77.83234289245215,90.00000000000001,204.3353142150957
8.239999999999913,0.0,-49.06748825600087,224.43069245440427,13.448766227616616,89.76182655490152,154.24161174584592,103.44876622761662,90.23817344509848,184.24161174584592
8.239999999999913,0.0,-40.0,233.49818071040514,13.367026708962417,90.0,153.26594658207517,103.36702670896241,90.0,153.26594658207517
8.239999999999913,0.0,40.0,233.49818071040514,13.367026708962417,90.0,153.26594658207517,76.63297329103759,90.0,206.73405341792483
8.239999999999913,0.0,40.0,233.49818071040514,13.367026708962417,90.0,153.26594658207517,76.63297329103759,90.0,206.73405341792483
8.259999999999913,0.0,-48.85657574400097,223.39722114560476,14.661011586639772,89.70657477939058,151.92366590371205,104.66101158663977,90.29342522060942,181.92366590371205
8.259999999999913,0.0,-40.0,232.25379688960572,14.596593899712532,90.0,150.80681220057494,104.59659389971253,90.0,150.80681220057494
8.259999999999913,0.0,40.0,232.25379688960572,14.596593899712532,90.0,150.80681220057494,75.40340610028747,90.0,209.19318779942506
8.259999999999913,0.0,40.0,232.25379688960572,14.596593899712532,90.0,150.80681220057494,75.40340610028747,90.0,209.19318779942506
8.279999999999912,0.0,-48.623521792001064,222.25525678080524,15.896340906708044,89.64491099168256,149.56264430130634,105.89634090670805,90.35508900831744,179.56264430130634
8.279999999999912,0.0,-40.0,230.8787785728063,15.846875432121578,90.00000000000001,148.30624913575684,105.84687543212158,89.99999999999999,148.30624913575684
8.279999999999912,0.0,40.0,230.8787785728063,15.846875432121578,90.00000000000001,148.30624913575684,74.15312456787842,90.00000000000001,211.69375086424316
8.279999999999912,0.0,40.0,230.8787785728063,15.846875432121578,90.00000000000001,148.30624913575684,74.15312456787842,90.00000000000001,211.69375086424316
8.299999999999912,0.0,-48.369200000001165,221.00908000000572,17.146485575702847,89.57687540496602,147.17450659635014,107.14648557570285,90.42312459503398,177.17450659635014
8.299999999999912,0.0,-40.0,229.37828000000687,17.10977549289763,90.0,145.78044901420475,107.10977549289763,90.0,145.78044901420475
8.299999999999912,0.0,40.0,229.37828000000687,17.10977549289763,90.0,145.78044901420475,72.89022450710237,90.0,214.21955098579525
8.299999999999912,0.0,40.0,229.37828000000687,17.10977549289763,90.0,145.78044901420475,72.89022450710237,90.0,214.21955098579525
8.319999999999911,0.0,-48.09473740800126,219.66421329920615,18.404289112142834,89.50256471661093,144.7730702659938,108.40428911214283,90.49743528338907,174.7730702659938
8.319999999999911,0.0,-40.0,227.75895070720742,18.378275182973777,90.0,143.24344963405244,108.37827518297378,90.0,143.24344963405244
8.319999999999911,0.0,40.0,227.75895070720742,18.378275182973777,90.0,143.24344963405244,71.62172481702622,90.0,216.75655036594756
8.319999999999911,0.0,40.0,227.75895070720742,18.378275182973777,90.0,143.24344963405244,71.62172481702622,90.0,216.75655036594756
8.339999999999911,0.0,-47.801491456001344,218.2273081344066,19.663468469048055,89.42213145872036,142.37046538636804,109.66346846904806,90.57786854127964,172.37046538636804
8.339999999999911,0.0,-40.0,226.0287995904079,19.64619878519115,90.0,140.7076024296177,109.64619878519115,90.0,140.7076024296177
8.339999999999911,0.0,40.0,226.0287995904079,19.64619878519115,90.0,140.7076024296177,70.35380121480885,90.0,219.2923975703823
8.339999999999911,0.0,40.0,226.0287995904079,19.64619878519115,90.0,140.7076024296177,70.35380121480885,90.0,219.2923975703823
8.35999999999991,0.0,-47.491026944001426,216.706032025607,20.918432330659737,89.33578391705724,139.97748029413685,110.91843233065974,90.66421608294276,169.97748029413685
8.35999999999991,0.0,-40.0,224.1970589696084,20.908038985121486,90.0,138.18392202975704,110.9080389851215,90.0,138.18392202975704
8.35999999999991,0.0,40.0,224.1970589696084,20.908038985121486,90.0,138.18392202975704,69.0919610148785,90.0,221.81607797024296
8.35999999999991,0.0,40.0,224.1970589696084,20.908038985121486,90.0,138.18392202975704,69.0919610148785,90.0,221.81607797024296
8.37999999999991,0.0,-47.1650929920015,215.1089556608073,22.16414332684863,89.24378648566699,137.60382319825283,112.16414332684863,90.75621351433301,167.60382319825283
8.37999999999991,0.0,-40.0,222.2740486528088,22.158826149394063,90.00000000000001,135.68234770121188,112.15882614939406,89.99999999999999,135.68234770121188
8.37999999999991,0.0,40.0,222.2740486528088,22.158826149394063,90.00000000000001,135.68234770121188,67.84117385060594,90.00000000000001,224.31765229878812
8.37999999999991,0.0,40.0,222.2740486528088,22.158826149394063,90.00000000000001,135.68234770121188,67.84117385060594,90.00000000000001,224.31765229878812
8.39999999999991,0.0,-46.82560000000156,213.4454400000076,23.39601351462239,89.14646030891582,135.25832017283523,113.39601351462238,90.85353969108418,165.25832017283523
8.39999999999991,0.0,-40.0,220.27104000000918,23.39403028652997,90.0,133.21193942694006,113.39403028652997,90.0,133.21193942694006
8.39999999999991,0.0,40.0,220.27104000000918,23.39403028652997,90.0,133.21193942694006,66.60596971347003,90.0,226.78806057305994
8.39999999999991,0.0,40.0,220.27104000000918,23.39403028652997,90.0,133.21193942694006,66.60596971347003,90.0,226.78806057305994
8.41999999999991,0.0,-46.47459660800161,211.72552337920789,24.609824999513357,89.0441840463518,132.9490651365345,114.60982499951336,90.9558159536482,162.9490651365345
8.41999999999991,0.0,-40.0,218.20011998720952,24.609487337353272,90.0,130.78102532529346,114.60948733735327,90.0,130.78102532529346
8.41999999999991,0.0,40.0,218.20011998720952,24.609487337353272,90.0,130.78102532529346,65.39051266264673,90.0,229.21897467470654
8.41999999999991,0.0,40.0,218.20011998720952,24.609487337353272,90.0,130.78102532529346,65.39051266264673,90.0,229.21897467470654
8.439999999999909,0.0,-46.11424665600166,209.9598086144081,25.801669684554028,88.93739457894786,130.6835333817729,115.80166968455403,91.06260542105214,160.6835333817729
8.439999999999909,0.0,-40.0,216.0740552704098,25.801343764881413,90.00000000000001,128.39731247023718,115.80134376488141,89.99999999999999,128.39731247023718
8.439999999999909,0.0,40.0,216.0740552704098,25.801343764881413,90.00000000000001,128.39731247023718,64.19865623511859,90.00000000000001,231.60268752976282
8.439999999999909,0.0,40.0,216.0740552704098,25.801343764881413,90.00000000000001,128.39731247023718,64.19865623511859,90.00000000000001,231.60268752976282
8.459999999999908,0.0,-45.746806144001695,208.1593501056083,26.967903766265508,88.8265874584807,128.46866710173293,116.96790376626551,91.1734125415193,158.46866710173293
8.459999999999908,0.0,-40.0,213.90615624961,26.96601511671839,90.0,126.06796976656322,116.96601511671838,90.0,126.06796976656322
8.459999999999908,0.0,40.0,213.90615624961,26.96601511671839,90.0,126.06796976656322,63.03398488328161,90.0,233.93203023343676
8.459999999999908,0.0,40.0,213.90615624961,26.96601511671839,90.0,126.06796976656322,63.03398488328161,90.0,233.93203023343676
8.479999999999908,0.0,-45.37460019200172,206.33554094080844,28.10511381003305,88.7123168860166,126.31093904984527,118.10511381003305,91.2876831139834,156.31093904984527
8.479999999999908,0.0,-40.0,211.71014113281015,28.100155456321154,90.0,123.7996890873577,118.10015545632115,90.0,123.7996890873577
8.479999999999908,0.0,40.0,211.71014113281015,28.100155456321154,90.0,123.7996890873577,61.899844543678846,90.0,236.2003109126423
8.479999999999908,0.0,40.0,211.71014113281015,28.100155456321154,90.0,123.7996890873577,61.899844543678846,90.0,236.2003109126423
8.499999999999908,0.0,-45.000000000001734,204.5000000000085,29.210092124109096,88.59519499210462,124.21639877745442,119.2100921241091,91.40480500789538,154.2163987774544
8.499999999999908,0.0,-40.0,209.50000000001023,29.20063543201544,90.0,121.59872913596912,119.20063543201545,90.0,121.59872913596912
8.499999999999908,0.0,40.0,209.50000000001023,29.20063543201544,90.0,121.59872913596912,60.79936456798456,90.0,238.4012708640309
8.499999999999908,0.0,40.0,209.50000000001023,29.20063543201544,90.0,121.59872913596912,60.79936456798456,90.0,238.4012708640309
8.519999999999907,0.0,-44.62539980800174,202.6644590592085,30.27981979606233,88.47589018208755,122.19070466884196,120.27981979606233,91.52410981791245,152.19070466884196
8.519999999999907,0.0,-40.0,207.28985886721023,30.264527375236035,90.0,119.47094524952794,120.26452737523604,90.0,119.47094524952794
8.519999999999907,0.0,40.0,207.28985886721023,30.264527375236035,90.0,119.47094524952794,59.735472624763965,90.0,240.52905475047206
8.519999999999907,0.0,40.0,207.28985886721023,30.264527375236035,90.0,119.47094524952794,59.735472624763965,90.0,240.52905475047206
8.539999999999907,0.0,-44.25319385600172,200.84064989440847,31.3114562236955,88.35512430702967,120.23914410149717,121.3114562236955,91.64487569297033,150.23914410149717
8.539999999999907,0.0,-40.0,205.09384375041023,31.289096266100827,90.0,117.42180746779835,121.28909626610083,90.0,117.42180746779835
8.539999999999907,0.0,40.0,205.09384375041023,31.289096266100827,90.0,117.42180746779835,58.71090373389917,90.0,242.57819253220165
8.539999999999907,0.0,40.0,205.09384375041023,31.289096266100827,90.0,117.42180746779835,58.71090373389917,90.0,242.57819253220165
8.559999999999906,0.0,-43.8857533440017,199.04019138560835,32.30233431306039,88.23366842644259,118.36664340880824,122.30233431306038,91.76633157355741,148.36664340880824
8.559999999999906,0.0,-40.0,202.92594472961005,32.27179572767868,90.0,115.45640854464266,122.27179572767868,90.0,115.45640854464266
8.559999999999906,0.0,40.0,202.92594472961005,32.27179572767868,90.0,115.45640854464266,57.72820427232132,90.0,244.54359145535733
8.559999999999906,0.0,40.0,202.92594472961005,32.27179572767868,90.0,115.45640854464266,57.72820427232132,90.0,244.54359145535733
8.579999999999906,0.0,-43.52540339200167,197.27447662080817,33.24996076427009,88.1123369456465,116.57776884377269,123.2499607642701,91.8876630543535,146.57776884377267
8.579999999999906,0.0,-40.0,200.79988001280992,33.2102684471059,90.0,113.5794631057882,123.2102684471059,90.0,113.5794631057882
8.579999999999906,0.0,40.0,200.79988001280992,33.2102684471059,90.0,113.5794631057882,56.7897315528941,90.0,246.4205368942118
8.579999999999906,0.0,40.0,200.79988001280992,33.2102684471059,90.0,113.5794631057882,56.7897315528941,90.0,246.4205368942118
8.599999999999905,0.0,-43.17440000000163,195.554560000008,34.15202104622549,87.99197994043855,114.87671938702618,124.15202104622549,92.00802005956145,144.87671938702618
8.599999999999905,0.0,-40.0,198.72896000000966,34.1023505979359,90.0,111.7952988041282,124.1023505979359,90.0,111.7952988041282
8.599999999999905,0.0,40.0,198.72896000000966,34.1023505979359,90.0,111.7952988041282,55.8976494020641,90.0,248.2047011958718
8.599999999999905,0.0,40.0,198.72896000000966,34.1023505979359,90.0,111.7952988041282,55.8976494020641,90.0,248.2047011958718
8.619999999999905,0.0,-42.83490700800158,193.89104433920775,35.006388791796475,87.87347352650522,113.26731197559843,125.00638879179647,92.12652647349478,143.26731197559843
8.619999999999905,0.0,-40.0,196.72595134720933,34.946079971975564,90.0,110.10784005604889,124.94607997197556,90.0,110.10784005604889
8.619999999999905,0.0,40.0,196.72595134720933,34.946079971975564,90.0,110.10784005604889,55.053920028024436,90.0,249.89215994395113
8.619999999999905,0.0,40.0,196.72595134720933,34.946079971975564,90.0,110.10784005604889,55.053920028024436,90.0,249.89215994395113
8.639999999999905,0.0,-42.50897305600152,192.29396797440745,35.81113943813988,87.75770819165828,111.75295952528943,125.81113943813989,92.24229180834172,141.75295952528944
8.639999999999905,0.0,-40.0,194.802941030409,35.73970763329914,90.0,108.52058473340173,125.73970763329913,90.0,108.52058473340173
8.639999999999905,0.0,40.0,194.802941030409,35.73970763329914,90.0,108.52058473340173,54.26029236670086,90.0,251.47941526659827
8.639999999999905,0.0,40.0,194.802941030409,35.73970763329914,90.0,108.52058473340173,54.26029236670086,90.0,251.47941526659827
8.659999999999904,0.0,-42.19850854400144,190.77269186560704,36.56456800211372,87.64557508527591,110.33664196123482,126.56456800211372,92.35442491472409,140.33664196123482
8.659999999999904,0.0,-40.0,192.9712004096085,36.481712991358535,90.00000000000001,107.03657401728294,126.48171299135853,89.99999999999999,107.03657401728294
8.659999999999904,0.0,40.0,192.9712004096085,36.481712991358535,90.00000000000001,107.03657401728294,53.518287008641465,90.00000000000001,252.96342598271707
8.659999999999904,0.0,40.0,192.9712004096085,36.481712991358535,90.00000000000001,107.03657401728294,53.518287008641465,90.00000000000001,252.96342598271707
8.679999999999904,0.0,-41.905262592001364,189.3357867008067,37.26521092547504,87.53795034956521,109.02087034467594,127.26521092547503,92.46204965043479,139.02087034467593
8.679999999999904,0.0,-40.0,191.2410492928081,37.17082226075943,90.0,105.65835547848116,127.17082226075942,90.0,105.65835547848116
8.679999999999904,0.0,40.0,191.2410492928081,37.17082226075943,90.0,105.65835547848116,52.82917773924057,90.0,254.34164452151884
8.679999999999904,0.0,40.0,191.2410492928081,37.17082226075943,90.0,105.65835547848116,52.82917773924057,90.0,254.34164452151884
8.699999999999903,0.0,-41.63080000000127,187.99092000000624,37.91187195474127,87.43567767792057,107.80764407913964,127.91187195474127,92.56432232207943,137.80764407913964
8.699999999999903,0.0,-40.0,189.62172000000754,37.80603033703939,90.00000000000001,104.38793932592122,127.80603033703939,89.99999999999999,104.38793932592122
8.699999999999903,0.0,40.0,189.62172000000754,37.80603033703939,90.00000000000001,104.38793932592122,52.19396966296061,90.00000000000001,255.61206067407878
8.699999999999903,0.0,40.0,189.62172000000754,37.80603033703939,90.00000000000001,104.38793932592122,52.19396966296061,90.00000000000001,255.61206067407878
8.719999999999903,0.0,-41.37647820800119,186.7447432192058,38.50365204142418,87.33954939132421,106.69840108875405,128.50365204142417,92.66045060867579,136.69840108875405
8.719999999999903,0.0,-40.0,188.12122142720696,38.386626173816985,90.0,103.22674765236603,128.38662617381698,90.0,103.22674765236603
8.719999999999903,0.0,40.0,188.12122142720696,38.386626173816985,90.0,103.22674765236603,51.613373826183015,90.0,256.77325234763396
8.719999999999903,0.0,40.0,188.12122142720696,38.386626173816985,90.0,103.22674765236603,51.613373826183015,90.0,256.77325234763396
8.739999999999903,0.0,-41.14342425600108,185.60277885440533,39.0399832643287,87.25028642719329,105.69396078012183,129.0399832643287,92.74971357280671,135.6939607801218
8.739999999999903,0.0,-40.0,186.7462031104064,38.91222179876166,90.0,102.17555640247669,128.91222179876166,90.0,102.17555640247669
8.739999999999903,0.0,40.0,186.7462031104064,38.91222179876166,90.0,102.17555640247669,51.08777820123834,90.0,257.8244435975233
8.739999999999903,0.0,40.0,186.7462031104064,38.91222179876166,90.0,102.17555640247669,51.08777820123834,90.0,257.8244435975233
8.759999999999902,0.0,-40.932511744000976,184.56930754560483,39.52066679046379,87.16851772761451,104.79445952427317,129.5206667904638,92.83148227238549,134.79445952427318
8.759999999999902,0.0,-40.0,185.50181928960583,39.382785154326605,90.0,101.2344296913468,129.3827851543266,90.0,101.2344296913468
8.759999999999902,0.0,40.0,185.50181928960583,39.382785154326605,90.0,101.2344296913468,50.617214845673395,90.0,258.7655703086532
8.759999999999902,0.0,40.0,185.50181928960583,39.382785154326605,90.0,101.2344296913468,50.617214845673395,90.0,258.7655703086532
8.779999999999902,0.0,-40.74433779200088,183.64725518080428,39.94591490736033,87.09475958596364,103.9992783268192,129.94591490736033,92.90524041403636,133.9992783268192
8.779999999999902,0.0,-40.0,184.39159297280514,39.79867699285977,90.0,100.40264601428048,129.79867699285978,90.0,100.40264601428048
8.779999999999902,0.0,40.0,184.39159297280514,39.79867699285977,90.0,100.40264601428048,50.20132300714023,90.0,259.5973539857195
8.779999999999902,0.0,40.0,184.39159297280514,39.79867699285977,90.0,100.40264601428048,50.20132300714023,90.0,259.5973539857195
8.799999999999901,0.0,-40.57920000000075,182.83808000000369,40.31639717785094,87.02939555292912,103.30696229637398,130.31639717785094,92.97060444707088,133.30696229637397
8.799999999999901,0.0,-40.0,183.4172800000045,40.16069209134308,90.0,99.67861581731384,130.1606920913431,90.0,99.67861581731384
8.799999999999901,0.0,40.0,183.4172800000045,40.16069209134308,90.0,99.67861581731384,49.83930790865692,90.0,260.3213841826862
8.799999999999901,0.0,40.0,183.4172800000045,40.16069209134308,90.0,99.67861581731384,49.83930790865692,90.0,260.3213841826862
8.8199999999999,0.0,-40.43707340800064,182.14165969920313,40.63329078640649,86.97265750644205,102.71513148250597,130.6332907864065,93.02734249355795,132.71513148250597
8.8199999999999,0.0,-40.0,182.57873310720385,40.470105072864285,90.0,99.05978985427143,130.47010507286427,90.0,99.05978985427143
8.8199999999999,0.0,40.0,182.57873310720385,40.470105072864285,90.0,99.05978985427143,49.529894927135715,90.0,260.94021014572854
8.8199999999999,0.0,40.0,182.57873310720385,40.470105072864285,90.0,99.05978985427143,49.529894927135715,90.0,260.94021014572854
8.8399999999999,0.0,-40.31758745600054,181.55617853440265,40.89833515771647,86.92460844856231,102.22038265045303,130.89833515771647,93.07539155143769,132.22038265045302
8.8399999999999,0.0,-40.0,181.8737659904032,40.72872112100405,90.0,98.5425577579919,130.72872112100404,90.0,98.5425577579919
8.8399999999999,0.0,40.0,181.8737659904032,40.72872112100405,90.0,98.5425577579919,49.27127887899595,90.0,261.4574422420081
8.8399999999999,0.0,40.0,181.8737659904032,40.72872112100405,90.0,98.5425577579919,49.27127887899595,90.0,261.4574422420081
8.8599999999999,0.0,-40.22000294400043,181.07801442560216,41.11389092186518,86.88512750261864,101.81818161466278,131.11389092186516,93.11487249738136,131.81818161466276
8.8599999999999,0.0,-40.0,181.2980173696026,40.93893183650582,90.00000000000001,98.12213632698835,130.93893183650582,89.99999999999999,98.12213632698835
8.8599999999999,0.0,40.0,181.2980173696026,40.93893183650582,90.00000000000001,98.12213632698835,49.06106816349418,90.00000000000001,261.87786367301163
8.8599999999999,0.0,40.0,181.2980173696026,40.93893183650582,90.00000000000001,98.12213632698835,49.06106816349418,90.00000000000001,261.87786367301163
8.8799999999999,0.0,-40.14318899200032,180.70162606080163,41.283003258254915,86.85389744611021,101.50274590147639,131.28300325825492,93.14610255388979,131.50274590147637
8.8799999999999,0.0,-40.0,180.844815052802,41.10377639467046,90.0,97.79244721065908,131.10377639467046,90.0,97.79244721065908
8.8799999999999,0.0,40.0,180.844815052802,41.10377639467046,90.0,97.79244721065908,48.89622360532954,90.0,262.2075527893409
8.8799999999999,0.0,40.0,180.844815052802,41.10377639467046,90.0,97.79244721065908,48.89622360532954,90.0,262.2075527893409
8.899999999999899,0.0,-40.08560000000024,180.41944000000123,41.409469547012264,86.83039493302776,101.26691779977946,131.40946954701226,93.16960506697224,131.26691779977946
8.899999999999899,0.0,-40.0,180.5050400000015,41.22700799267239,90.00000000000001,97.54598401465522,131.22700799267238,89.99999999999999,97.54598401465522
8.899999999999899,0.0,40.0,180.5050400000015,41.22700799267239,90.00000000000001,97.54598401465522,48.77299200732761,90.00000000000001,262.45401598534477
8.899999999999899,0.0,40.0,180.5050400000015,41.22700799267239,90.00000000000001,97.54598401465522,48.77299200732761,90.00000000000001,262.45401598534477
8.919999999999899,0.0,-40.045252608000176,180.22173777920082,41.49791105888095,86.81388334055109,101.10202834716854,131.49791105888096,93.18611665944891,131.10202834716853
8.919999999999899,0.0,-40.0,180.26699038720108,41.31316529767574,90.0,97.37366940464852,131.31316529767574,90.0,97.37366940464852
8.919999999999899,0.0,40.0,180.26699038720108,41.31316529767574,90.0,97.37366940464852,48.68683470232426,90.0,262.6263305953515
8.919999999999899,0.0,40.0,180.26699038720108,41.31316529767574,90.0,97.37366940464852,48.68683470232426,90.0,262.6263305953515
8.939999999999898,0.0,-40.01970265600009,180.09654301440042,41.55384808248133,86.80340792882666,100.99775356034789,131.55384808248132,93.19659207117334,130.9977535603479
8.939999999999898,0.0,-40.0,180.1162456704006,41.36764818227979,90.0,97.26470363544043,131.3676481822798,90.0,97.26470363544043
8.939999999999898,0.0,40.0,180.1162456704006,41.36764818227979,90.0,97.26470363544043,48.63235181772021,90.0,262.7352963645596
8.939999999999898,0.0,40.0,180.1162456704006,41.36764818227979,90.0,97.26470363544043,48.63235181772021,90.0,262.7352963645596
8.959999999999898,0.0,-40.00602214400003,180.02950850560018,41.583777376990966,86.79779273846034,100.94196533217112,131.58377737699095,93.20220726153966,130.94196533217112
8.959999999999898,0.0,-40.0,180.03553064960028,41.396796422371885,90.00000000000001,97.20640715525623,131.3967964223719,89.99999999999999,97.20640715525623
8.959999999999898,0.0,40.0,180.03553064960028,41.396796422371885,90.00000000000001,97.20640715525623,48.603203577628115,90.00000000000001,262.7935928447438
8.959999999999898,0.0,40.0,180.03553064960028,41.396796422371885,90.00000000000001,97.20640715525623,48.603203577628115,90.00000000000001,262.7935928447438
8.979999999999897,0.0,-40.00077619200002,180.0038033408,41.59525010606521,86.79563837654231,100.92058096184265,131.5952501060652,93.20436162345769,130.92058096184263
8.979999999999897,0.0,-40.0,180.00457953280016,41.40796919382016,90.0,97.18406161235968,131.40796919382015,90.0,97.18406161235968
8.979999999999897,0.0,40.0,180.00457953280016,41.40796919382016,90.0,97.18406161235968,48.59203080617984,90.0,262.8159383876403
8.979999999999897,0.0,40.0,180.00457953280016,41.40796919382016,90.0,97.18406161235968,48.59203080617984,90.0,262.8159383876403
8.999999999999897,0.0,-39.99999999999999,180.0,41.59694742464398,86.79531956251773,100.9174173158139,131.596947424644,93.20468043748227,130.9174173158139
8.999999999999897,0.0,-40.0,180.00000000000006,41.40962210927084,90.0,97.18075578145832,131.40962210927086,90.0,97.18075578145832
8.999999999999897,0.0,40.0,180.00000000000006,41.40962210927084,90.0,97.18075578145832,48.59037789072916,90.0,262.8192442185417
8.999999999999897,0.0,40.0,180.00000000000006,41.40962210927084,90.0,97.18075578145832,48.59037789072916,90.0,262.8192442185417
9.019999999999897,0.0,-40.000776192,180.00380334079992,41.59525010606523,86.7956383765423,100.92058096184259,131.59525010606524,93.2043616234577,130.92058096184257
9.019999999999897,0.0,-40.0,180.00457953279994,41.40796919382024,90.0,97.18406161235953,131.40796919382024,90.0,97.18406161235953
9.019999999999897,0.0,40.0,180.00457953279994,41.40796919382024,90.0,97.18406161235953,48.59203080617976,90.0,262.8159383876405
9.019999999999897,0.0,40.0,180.00457953279994,41.40796919382024,90.0,97.18406161235953,48.59203080617976,90.0,262.8159383876405
9.039999999999896,0.0,-40.00602214399995,180.02950850559975,41.58377737699116,86.79779273846032,100.94196533217077,131.58377737699115,93.20220726153968,130.94196533217075
9.039999999999896,0.0,-40.0,180.0355306495997,41.396796422372105,90.0,97.2064071552558,131.39679642237212,90.0,97.2064071552558
9.039999999999896,0.0,40.0,180.0355306495997,41.396796422372105,90.0,97.2064071552558,48.603203577627895,90.0,262.7935928447442
9.039999999999896,0.0,40.0,180.0355306495997,41.396796422372105,90.0,97.2064071552558,48.603203577627895,90.0,262.7935928447442
9.059999999999896,0.0,-40.0197026559999,180.09654301439951,41.55384808248174,86.80340792882657,100.99775356034714,131.55384808248175,93.19659207117343,130.99775356034712
9.059999999999896,0.0,-40.0,180.11624567039942,41.3676481822802,90.0,97.26470363543959,131.3676481822802,90.0,97.26470363543959
9.059999999999896,0.0,40.0,180.11624567039942,41.3676481822802,90.0,97.26470363543959,48.6323518177198,90.0,262.73529636456044
9.059999999999896,0.0,40.0,180.11624567039942,41.3676481822802,90.0,97.26470363543959,48.6323518177198,90.0,262.73529636456044
9.079999999999895,0.0,-40.04525260799982,180.22173777919917,41.497911058881684,86.81388334055094,101.10202834716719,131.4979110588817,93.18611665944906,131.1020283471672
9.079999999999895,0.0,-40.0,180.266990387199,41.313165297676484,90.0,97.37366940464703,131.31316529767648,90.0,97.37366940464703
9.079999999999895,0.0,40.0,180.266990387199,41.313165297676484,90.0,97.37366940464703,48.686834702323516,90.0,262.62633059535295
9.079999999999895,0.0,40.0,180.266990387199,41.313165297676484,90.0,97.37366940464703,48.686834702323516,90.0,262.62633059535295
9.099999999999895,0.0,-40.085599999999744,180.41943999999876,41.409469547013366,86.83039493302756,101.2669177997774,131.40946954701337,93.16960506697244,131.2669177997774
9.099999999999895,0.0,-40.0,180.50503999999847,41.227007992673485,90.0,97.54598401465304,131.2270079926735,90.0,97.54598401465304
9.099999999999895,0.0,40.0,180.50503999999847,41.227007992673485,90.0,97.54598401465304,48.772992007326515,90.0,262.4540159853469
9.099999999999895,0.0,40.0,180.50503999999847,41.227007992673485,90.0,97.54598401465304,48.772992007326515,90.0,262.4540159853469
9.119999999999894,0.0,-40.143188991999644,180.70162606079828,41.28300325825641,86.85389744610991,101.50274590147357,131.2830032582564,93.14610255389009,131.5027459014736
9.119999999999894,0.0,-40.0,180.8448150527979,41.103776394671954,90.0,97.79244721065609,131.10377639467197,90.0,97.79244721065609
9.119999999999894,0.0,40.0,180.8448150527979,41.103776394671954,90.0,97.79244721065609,48.896223605328046,90.0,262.20755278934394
9.119999999999894,0.0,40.0,180.8448150527979,41.103776394671954,90.0,97.79244721065609,48.896223605328046,90.0,262.20755278934394
9.139999999999894,0.0,-40.22000294399954,181.07801442559773,41.11389092186715,86.88512750261827,101.81818161465908,131.11389092186715,93.11487249738173,131.81818161465907
9.139999999999894,0.0,-40.0,181.2980173695973,40.93893183650776,90.0,98.12213632698449,130.93893183650778,90.0,98.12213632698449
9.139999999999894,0.0,40.0,181.2980173695973,40.93893183650776,90.0,98.12213632698449,49.06106816349224,90.0,261.8778636730155
9.139999999999894,0.0,40.0,181.2980173695973,40.93893183650776,90.0,98.12213632698449,49.06106816349224,90.0,261.8778636730155
9.159999999999894,0.0,-40.31758745599942,181.55617853439716,40.89833515771894,86.92460844856184,102.22038265044843,130.89833515771895,93.07539155143816,132.2203826504484
9.159999999999894,0.0,-40.0,181.87376599039658,40.72872112100648,90.00000000000001,98.54255775798705,130.7287211210065,89.99999999999999,98.54255775798705
9.159999999999894,0.0,40.0,181.87376599039658,40.72872112100648,90.00000000000001,98.54255775798705,49.27127887899352,90.00000000000001,261.4574422420129
9.159999999999894,0.0,40.0,181.87376599039658,40.72872112100648,90.00000000000001,98.54255775798705,49.27127887899352,90.00000000000001,261.4574422420129
9.179999999999893,0.0,-40.4370734079993,182.14165969919657,40.63329078640947,86.97265750644151,102.71513148250041,130.63329078640948,93.02734249355849,132.7151314825004
9.179999999999893,0.0,-40.0,182.5787331071959,40.47010507286722,90.0,99.05978985426556,130.47010507286723,90.0,99.05978985426556
9.179999999999893,0.0,40.0,182.5787331071959,40.47010507286722,90.0,99.05978985426556,49.52989492713278,90.0,260.94021014573445
9.179999999999893,0.0,40.0,182.5787331071959,40.47010507286722,90.0,99.05978985426556,49.52989492713278,90.0,260.94021014573445
9.199999999999893,0.0,-40.579199999999176,182.83807999999593,40.31639717785448,87.02939555292848,103.30696229636736,130.31639717785447,92.97060444707152,133.30696229636737
9.199999999999893,0.0,-40.0,183.41727999999515,40.160692091346554,90.0,99.67861581730692,130.16069209134656,90.0,99.67861581730692
9.199999999999893,0.0,40.0,183.41727999999515,40.160692091346554,90.0,99.67861581730692,49.839307908653446,90.0,260.32138418269307
9.199999999999893,0.0,40.0,183.41727999999515,40.160692091346554,90.0,99.67861581730692,49.839307908653446,90.0,260.32138418269307
9.219999999999892,0.0,-40.744337791999044,183.64725518079533,39.94591490736445,87.09475958596293,103.99927832681152,129.94591490736445,92.90524041403707,133.99927832681152
9.219999999999892,0.0,-40.0,184.39159297279437,39.79867699286379,90.0,100.40264601427243,129.7986769928638,90.0,100.40264601427243
9.219999999999892,0.0,40.0,184.39159297279437,39.79867699286379,90.0,100.40264601427243,50.20132300713621,90.0,259.5973539857276
9.219999999999892,0.0,40.0,184.39159297279437,39.79867699286379,90.0,100.40264601427243,50.20132300713621,90.0,259.5973539857276
9.239999999999892,0.0,-40.932511743998916,184.5693075455947,39.52066679046849,87.16851772761372,104.7944595242644,129.52066679046848,92.83148227238628,134.7944595242644
9.239999999999892,0.0,-40.0,185.50181928959364,39.382785154331195,90.0,101.23442969133762,129.3827851543312,90.0,101.23442969133762
9.239999999999892,0.0,40.0,185.50181928959364,39.382785154331195,90.0,101.23442969133762,50.617214845668805,90.0,258.7655703086624
9.239999999999892,0.0,40.0,185.50181928959364,39.382785154331195,90.0,101.23442969133762,50.617214845668805,90.0,258.7655703086624
9.259999999999891,0.0,-41.1434242559988,185.6027788543941,39.03998326433393,87.25028642719242,105.69396078011204,129.03998326433393,92.74971357280758,135.69396078011204
9.259999999999891,0.0,-40.0,186.74620311039288,38.9122217987668,90.0,102.17555640246641,128.9122217987668,90.0,102.17555640246641
9.259999999999891,0.0,40.0,186.74620311039288,38.9122217987668,90.0,102.17555640246641,51.0877782012332,90.0,257.82444359753356
9.259999999999891,0.0,40.0,186.74620311039288,38.9122217987668,90.0,102.17555640246641,51.0877782012332,90.0,257.82444359753356
9.279999999999891,0.0,-41.376478207998666,186.7447432191935,38.50365204142997,87.33954939132326,106.69840108874322,128.50365204142997,92.66045060867674,136.69840108874322
9.279999999999891,0.0,-40.0,188.12122142719215,38.38662617382267,90.0,103.22674765235466,128.38662617382266,90.0,103.22674765235466
9.279999999999891,0.0,40.0,188.12122142719215,38.38662617382267,90.0,103.22674765235466,51.61337382617733,90.0,256.7732523476453
9.279999999999891,0.0,40.0,188.12122142719215,38.38662617382267,90.0,103.22674765235466,51.61337382617733,90.0,256.7732523476453
9.29999999999989,0.0,-41.63079999999855,187.9909199999929,37.91187195474764,87.43567767791954,107.80764407912768,127.91187195474764,92.56432232208046,137.80764407912767
9.29999999999989,0.0,-40.0,189.62171999999146,37.806030337045655,90.0,104.3879393259087,127.80603033704566,90.0,104.3879393259087
9.29999999999989,0.0,40.0,189.62171999999146,37.806030337045655,90.0,104.3879393259087,52.193969662954345,90.0,255.6120606740913
9.29999999999989,0.0,40.0,189.62171999999146,37.806030337045655,90.0,104.3879393259087,52.193969662954345,90.0,255.6120606740913
9.31999999999989,0.0,-41.90526259199844,189.33578670079234,37.265210925481966,87.53795034956413,109.02087034466291,127.26521092548197,92.46204965043587,139.0208703446629
9.31999999999989,0.0,-40.0,191.2410492927908,37.170822260766265,90.00000000000001,105.65835547846748,127.17082226076627,89.99999999999999,105.65835547846748
9.31999999999989,0.0,40.0,191.2410492927908,37.170822260766265,90.00000000000001,105.65835547846748,52.829177739233735,90.00000000000001,254.34164452153252
9.31999999999989,0.0,40.0,191.2410492927908,37.170822260766265,90.00000000000001,105.65835547846748,52.829177739233735,90.00000000000001,254.34164452153252
9.33999999999989,0.0,-42.19850854399834,190.7726918655918,36.56456800212119,87.64557508527477,110.33664196122075,126.56456800212119,92.35442491472523,140.33664196122075
9.33999999999989,0.0,-40.0,192.97120040959018,36.481712991365896,90.00000000000001,107.03657401726822,126.4817129913659,89.99999999999999,107.03657401726822
9.33999999999989,0.0,40.0,192.97120040959018,36.481712991365896,90.00000000000001,107.03657401726822,53.518287008634104,90.00000000000001,252.9634259827318
9.33999999999989,0.0,40.0,192.97120040959018,36.481712991365896,90.00000000000001,107.03657401726822,53.518287008634104,90.00000000000001,252.9634259827318
9.35999999999989,0.0,-42.50897305599823,192.29396797439134,35.811139438147926,87.7577081916571,111.75295952527428,125.81113943814793,92.2422918083429,141.75295952527426
9.35999999999989,0.0,-40.0,194.80294103038958,35.73970763330706,90.0,108.52058473338587,125.73970763330706,90.0,108.52058473338587
9.35999999999989,0.0,40.0,194.80294103038958,35.73970763330706,90.0,108.52058473338587,54.26029236669294,90.0,251.47941526661413
9.35999999999989,0.0,40.0,194.80294103038958,35.73970763330706,90.0,108.52058473338587,54.26029236669294,90.0,251.47941526661413
9.379999999999889,0.0,-42.83490700799815,193.89104433919096,35.006388791805016,87.87347352650401,113.26731197558236,125.00638879180502,92.12652647349599,143.26731197558234
9.379999999999889,0.0,-40.0,196.72595134718907,34.946079971984005,90.0,110.10784005603199,124.946079971984,90.0,110.10784005603199
9.379999999999889,0.0,40.0,196.72595134718907,34.946079971984005,90.0,110.10784005603199,55.053920028015995,90.0,249.892159943968
9.379999999999889,0.0,40.0,196.72595134718907,34.946079971984005,90.0,110.10784005603199,55.053920028015995,90.0,249.892159943968
9.399999999999888,0.0,-43.174399999998066,195.55455999999054,34.152021046234545,87.99197994043732,114.87671938700912,124.15202104623455,92.00802005956268,144.87671938700913
9.399999999999888,0.0,-40.0,198.72895999998863,34.10235059794486,90.0,111.79529880411027,124.10235059794486,90.0,111.79529880411027
9.399999999999888,0.0,40.0,198.72895999998863,34.10235059794486,90.0,111.79529880411027,55.89764940205514,90.0,248.20470119588973
9.399999999999888,0.0,40.0,198.72895999998863,34.10235059794486,90.0,111.79529880411027,55.89764940205514,90.0,248.20470119588973
9.419999999999888,0.0,-43.52540339199801,197.2744766207902,33.249960764279614,88.11233694564527,116.57776884375473,123.24996076427962,91.88766305435473,146.5777688437547
9.419999999999888,0.0,-40.0,200.79988001278824,33.210268447115354,90.00000000000001,113.57946310576929,123.21026844711535,89.99999999999999,113.57946310576929
9.419999999999888,0.0,40.0,200.79988001278824,33.210268447115354,90.00000000000001,113.57946310576929,56.789731552884646,90.00000000000001,246.4205368942307
9.419999999999888,0.0,40.0,200.79988001278824,33.210268447115354,90.00000000000001,113.57946310576929,56.789731552884646,90.00000000000001,246.4205368942307
9.439999999999888,0.0,-43.88575334399795,199.04019138558996,32.30233431307038,88.23366842644134,118.36664340878939,122.30233431307039,91.76633157355866,148.3666434087894
9.439999999999888,0.0,-40.0,202.92594472958794,32.27179572768856,90.0,115.45640854462287,122.27179572768856,90.0,115.45640854462287
9.439999999999888,0.0,40.0,202.92594472958794,32.27179572768856,90.0,115.45640854462287,57.72820427231144,90.0,244.5435914553771
9.439999999999888,0.0,40.0,202.92594472958794,32.27179572768856,90.0,115.45640854462287,57.72820427231144,90.0,244.5435914553771
9.459999999999887,0.0,-44.25319385599791,200.84064989438977,31.311456223705935,88.35512430702842,120.23914410147745,121.31145622370593,91.64487569297158,150.23914410147745
9.459999999999887,0.0,-40.0,205.09384375038766,31.289096266111198,90.0,117.42180746777761,121.2890962661112,90.0,117.42180746777761
9.459999999999887,0.0,40.0,205.09384375038766,31.289096266111198,90.0,117.42180746777761,58.7109037338888,90.0,242.57819253222237
9.459999999999887,0.0,40.0,205.09384375038766,31.289096266111198,90.0,117.42180746777761,58.7109037338888,90.0,242.57819253222237
9.479999999999887,0.0,-44.62539980799789,202.66445905918962,30.279819796073163,88.47589018208632,122.19070466882148,120.27981979607316,91.52410981791368,152.19070466882147
9.479999999999887,0.0,-40.0,207.2898588671875,30.26452737524679,90.0,119.47094524950641,120.26452737524679,90.0,119.47094524950641
9.479999999999887,0.0,40.0,207.2898588671875,30.26452737524679,90.0,119.47094524950641,59.735472624753214,90.0,240.52905475049357
9.479999999999887,0.0,40.0,207.2898588671875,30.26452737524679,90.0,119.47094524950641,59.735472624753214,90.0,240.52905475049357
9.499999999999886,0.0,-44.99999999999787,204.49999999998954,29.210092124120322,88.59519499210339,124.21639877743314,119.21009212412032,91.40480500789661,154.21639877743314
9.499999999999886,0.0,-40.0,209.4999999999874,29.20063543202661,90.00000000000001,121.59872913594678,119.20063543202662,89.99999999999999,121.59872913594678
9.499999999999886,0.0,40.0,209.4999999999874,29.20063543202661,90.00000000000001,121.59872913594678,60.79936456797339,90.00000000000001,238.40127086405323
9.499999999999886,0.0,40.0,209.4999999999874,29.20063543202661,90.00000000000001,121.59872913594678,60.79936456797339,90.00000000000001,238.40127086405323
9.519999999999886,0.0,-45.37460019199787,206.33554094078957,28.105113810044593,88.71231688601543,126.31093904982336,118.1051138100446,91.28768311398457,156.31093904982336
9.519999999999886,0.0,-40.0,211.71014113278738,28.10015545633269,90.0,123.79968908733463,118.10015545633269,90.0,123.79968908733463
9.519999999999886,0.0,40.0,211.71014113278738,28.10015545633269,90.0,123.79968908733463,61.899844543667314,90.0,236.20031091266537
9.519999999999886,0.0,40.0,211.71014113278738,28.10015545633269,90.0,123.79968908733463,61.899844543667314,90.0,236.20031091266537
9.539999999999885,0.0,-45.74680614399787,208.15935010558957,26.96790376627741,88.82658745847954,128.46866710171034,116.9679037662774,91.17341254152046,158.46866710171034
9.539999999999885,0.0,-40.0,213.90615624958747,26.96601511673026,90.0,126.06796976653948,116.96601511673026,90.0,126.06796976653948
9.539999999999885,0.0,40.0,213.90615624958747,26.96601511673026,90.0,126.06796976653948,63.03398488326974,90.0,233.93203023346052
9.539999999999885,0.0,40.0,213.90615624958747,26.96601511673026,90.0,126.06796976653948,63.03398488326974,90.0,233.93203023346052
9.559999999999885,0.0,-46.11424665599791,209.95980861438974,25.801669684566164,88.93739457894674,130.68353338174984,115.80166968456616,91.06260542105326,160.68353338174984
9.559999999999885,0.0,-40.0,216.07405527038765,25.801343764893552,90.0,128.3973124702129,115.80134376489355,90.0,128.3973124702129
9.559999999999885,0.0,40.0,216.07405527038765,25.801343764893552,90.0,128.3973124702129,64.19865623510645,90.0,231.6026875297871
9.559999999999885,0.0,40.0,216.07405527038765,25.801343764893552,90.0,128.3973124702129,64.19865623510645,90.0,231.6026875297871
9.579999999999885,0.0,-46.474596607997945,211.72552337918992,24.609824999525742,89.04418404635074,132.94906513651094,114.60982499952574,90.95581595364926,162.94906513651094
9.579999999999885,0.0,-40.0,218.2001199871879,24.609487337365664,90.0,130.78102532526867,114.60948733736566,90.0,130.78102532526867
9.579999999999885,0.0,40.0,218.2001199871879,24.609487337365664,90.0,130.78102532526867,65.39051266263434,90.0,229.21897467473133
9.579999999999885,0.0,40.0,218.2001199871879,24.609487337365664,90.0,130.78102532526867,65.39051266263434,90.0,229.21897467473133
9.599999999999884,0.0,-46.82559999999799,213.4454399999902,23.39601351463496,89.1464603089148,135.2583201728113,113.39601351463496,90.8535396910852,165.2583201728113
9.599999999999884,0.0,-40.0,220.27103999998818,23.39403028654259,90.0,133.21193942691482,113.39403028654259,90.0,133.21193942691482
9.599999999999884,0.0,40.0,220.27103999998818,23.39403028654259,90.0,133.21193942691482,66.60596971345741,90.0,226.78806057308518
9.599999999999884,0.0,40.0,220.27103999998818,23.39403028654259,90.0,133.21193942691482,66.60596971345741,90.0,226.78806057308518
9.619999999999884,0.0,-47.165092991998065,215.10895566079054,22.164143326861392,89.243786485666,137.60382319822853,112.16414332686139,90.756213514334,167.60382319822853
9.619999999999884,0.0,-40.0,222.27404865278854,22.15882614940689,90.0,135.68234770118625,112.15882614940689,90.0,135.68234770118625
9.619999999999884,0.0,40.0,222.27404865278854,22.15882614940689,90.0,135.68234770118625,67.84117385059311,90.0,224.31765229881375
9.619999999999884,0.0,40.0,222.27404865278854,22.15882614940689,90.0,135.68234770118625,67.84117385059311,90.0,224.31765229881375
9.639999999999883,0.0,-47.49102694399814,216.7060320255909,20.918432330672633,89.33578391705632,139.9774802941123,110.91843233067263,90.66421608294368,169.9774802941123
9.639999999999883,0.0,-40.0,224.197058969589,20.908038985134475,90.0,138.18392202973106,110.90803898513448,90.0,138.18392202973106
9.639999999999883,0.0,40.0,224.197058969589,20.908038985134475,90.0,138.18392202973106,69.09196101486552,90.0,221.81607797026894
9.639999999999883,0.0,40.0,224.197058969589,20.908038985134475,90.0,138.18392202973106,69.09196101486552,90.0,221.81607797026894
9.659999999999883,0.0,-47.80149145599823,218.22730813439136,19.663468469061,89.4221314587195,142.37046538634334,109.663468469061,90.5778685412805,172.37046538634334
9.659999999999883,0.0,-40.0,226.02879959038955,19.646198785204188,90.00000000000001,140.70760242959162,109.64619878520419,89.99999999999999,140.70760242959162
9.659999999999883,0.0,40.0,226.02879959038955,19.646198785204188,90.00000000000001,140.70760242959162,70.35380121479581,90.00000000000001,219.29239757040838
9.659999999999883,0.0,40.0,226.02879959038955,19.646198785204188,90.00000000000001,140.70760242959162,70.35380121479581,90.00000000000001,219.29239757040838
9.679999999999882,0.0,-48.09473740799833,219.66421329919183,18.404289112155816,89.50256471661012,144.773070265969,108.40428911215582,90.49743528338988,174.773070265969
9.679999999999882,0.0,-40.0,227.7589507071901,18.37827518298688,90.00000000000001,143.24344963402623,108.37827518298688,89.99999999999999,143.24344963402623
9.679999999999882,0.0,40.0,227.7589507071901,18.37827518298688,90.00000000000001,143.24344963402623,71.62172481701312,90.00000000000001,216.75655036597377
9.679999999999882,0.0,40.0,227.7589507071901,18.37827518298688,90.00000000000001,143.24344963402623,71.62172481701312,90.00000000000001,216.75655036597377
9.699999999999882,0.0,-48.36919999999843,221.00907999999234,17.146485575715804,89.57687540496529,147.17450659632541,107.1464855757158,90.42312459503471,177.17450659632541
9.699999999999882,0.0,-40.0,229.3782799999908,17.109775492910668,90.00000000000001,145.78044901417866,107.10977549291067,89.99999999999999,145.78044901417866
9.699999999999882,0.0,40.0,229.3782799999908,17.109775492910668,90.00000000000001,145.78044901417866,72.89022450708933,90.00000000000001,214.21955098582134
9.699999999999882,0.0,40.0,229.3782799999908,17.109775492910668,90.00000000000001,145.78044901417866,72.89022450708933,90.00000000000001,214.21955098582134
9.719999999999882,0.0,-48.62352179199857,222.25525678079288,15.896340906720884,89.64491099168193,149.5626443012818,105.89634090672088,90.35508900831807,179.5626443012818
9.719999999999882,0.0,-40.0,230.87877857279142,15.846875432134595,90.00000000000001,148.3062491357308,105.8468754321346,89.99999999999999,148.3062491357308
9.719999999999882,0.0,40.0,230.87877857279142,15.846875432134595,90.00000000000001,148.3062491357308,74.1531245678654,90.00000000000001,211.6937508642692
9.719999999999882,0.0,40.0,230.87877857279142,15.846875432134595,90.00000000000001,148.3062491357308,74.1531245678654,90.00000000000001,211.6937508642692
9.739999999999881,0.0,-48.85657574399869,223.39722114559356,14.661011586652377,89.70657477938998,151.92366590368795,104.66101158665238,90.29342522061002,181.92366590368795
9.739999999999881,0.0,-40.0,232.25379688959222,14.59659389972532,90.0,150.80681220054936,104.59659389972532,90.0,150.80681220054936
9.739999999999881,0.0,40.0,232.25379688959222,14.59659389972532,90.0,150.80681220054936,75.40340610027468,90.0,209.19318779945064
9.739999999999881,0.0,40.0,232.25379688959222,14.59659389972532,90.0,150.80681220054936,75.40340610027468,90.0,209.19318779945064
9.75999999999988,0.0,-49.06748825599881,224.43069245439415,13.448766227629017,89.76182655490098,154.24161174582218,103.44876622762902,90.23817344509902,184.24161174582218
9.75999999999988,0.0,-40.0,233.49818071039294,13.36702670897501,90.0,153.26594658205,103.367026708975,90.0,153.26594658205
9.75999999999988,0.0,40.0,233.49818071039294,13.36702670897501,90.0,153.26594658205,76.632973291025,90.0,206.73405341795
9.75999999999988,0.0,40.0,233.49818071039294,13.36702670897501,90.0,153.26594658205,76.632973291025,90.0,206.73405341795
9.77999999999988,0.0,-49.25566220799896,225.3527448191948,12.269295001421394,89.81068392461643,156.49778975770406,102.2692950014214,90.18931607538357,186.49778975770406
9.77999999999988,0.0,-40.0,234.60840702719372,12.167657107560071,90.0,155.66468578487988,102.16765710756007,90.0,155.66468578487988
9.77999999999988,0.0,40.0,234.60840702719372,12.167657107560071,90.0,155.66468578487988,77.83234289243993,90.0,204.33531421512012
9.77999999999988,0.0,40.0,234.60840702719372,12.167657107560071,90.0,155.66468578487988,77.83234289243993,90.0,204.33531421512012
9.79999999999988,0.0,-49.420799999999076,226.16191999999552,11.134097972116797,89.85322443830432,158.67003411981182,101.13409797211679,90.14677556169568,188.67003411981182
9.79999999999988,0.0,-40.0,235.58271999999454,11.009759803763515,90.0,157.98048039247297,101.00975980376352,90.0,157.98048039247297
9.79999999999988,0.0,40.0,235.58271999999454,11.009759803763515,90.0,157.98048039247297,78.99024019623648,90.0,202.01951960752703
9.79999999999988,0.0,40.0,235.58271999999454,11.009759803763515,90.0,157.98048039247297,78.99024019623648,90.0,202.01951960752703
9.81999999999988,0.0,-49.56292659199922,226.8583403007962,10.05693793251374,89.88958858742622,160.73184042992688,100.05693793251373,90.11041141257378,190.73184042992688
9.81999999999988,0.0,-40.0,236.42126689279536,9.906900642333836,90.0,160.18619871533232,99.90690064233384,90.0,160.18619871533232
9.81999999999988,0.0,40.0,236.42126689279536,9.906900642333836,90.0,160.18619871533232,80.09309935766616,90.0,199.81380128466768
9.81999999999988,0.0,40.0,236.42126689279536,9.906900642333836,90.0,160.18619871533232,80.09309935766616,90.0,199.81380128466768
9.839999999999879,0.0,-49.68241254399935,227.4438214655968,9.05428064307222,89.91998374556738,162.65152515644314,99.05428064307222,90.08001625443262,192.65152515644314
9.839999999999879,0.0,-40.0,237.12623400959615,8.875483453361316,90.0,162.24903309327738,98.87548345336131,90.0,162.24903309327738
9.839999999999879,0.0,40.0,237.12623400959615,8.875483453361316,90.0,162.24903309327738,81.12451654663869,90.0,197.75096690672262
9.839999999999879,0.0,40.0,237.12623400959615,8.875483453361316,90.0,162.24903309327738,81.12451654663869,90.0,197.75096690672262
9.859999999999879,0.0,-49.77999705599949,227.9219855743974,8.145501117694181,89.94468909572676,164.39183362638667,98.14550111769418,90.05531090427324,194.39183362638667
9.859999999999879,0.0,-40.0,237.70198263039694,7.935162159417718,90.0,164.12967568116457,97.93516215941771,90.0,164.12967568116457
9.859999999999879,0.0,40.0,237.70198263039694,7.935162159417718,90.0,164.12967568116457,82.06483784058229,90.0,195.87032431883543
9.859999999999879,0.0,40.0,237.70198263039694,7.935162159417718,90.0,164.12967568116457,82.06483784058229,90.0,195.87032431883543
9.879999999999878,0.0,-49.85681100799961,228.29837393919797,7.352361827284463,89.96406156009243,165.91094355063467,97.35236182728447,90.03593843990757,195.91094355063467
9.879999999999878,0.0,-40.0,238.1551849471975,7.108648021820289,90.00000000000001,165.78270395635943,97.10864802182029,89.99999999999999,165.78270395635943
9.879999999999878,0.0,40.0,238.1551849471975,7.108648021820289,90.00000000000001,165.78270395635943,82.89135197817971,90.00000000000001,194.21729604364057
9.879999999999878,0.0,40.0,238.1551849471975,7.108648021820289,90.00000000000001,165.78270395635943,82.89135197817971,90.00000000000001,194.21729604364057
9.899999999999878,0.0,-49.9143999999997,228.58055999999848,6.6969044037595005,89.97854270988256,167.16650916640418,96.6969044037595,90.02145729011744,197.16650916640418
9.899999999999878,0.0,-40.0,238.4949599999982,6.419973672199691,90.0,167.16005265560062,96.41997367219969,90.0,167.16005265560062
9.899999999999878,0.0,40.0,238.4949599999982,6.419973672199691,90.0,167.16005265560062,83.58002632780031,90.0,192.83994734439938
9.899999999999878,0.0,40.0,238.4949599999982,6.419973672199691,90.0,167.16005265560062,83.58002632780031,90.0,192.83994734439938
9.919999999999877,0.0,-49.9547473919998,228.778262220799,6.196798678435332,89.98866658293198,168.1245781615009,96.19679867843533,90.01133341706802,198.1245781615009
9.919999999999877,0.0,-40.0,238.73300961279878,5.889927004099848,90.0,168.2201459918003,95.88992700409985,90.0,168.2201459918003
9.919999999999877,0.0,40.0,238.73300961279878,5.889927004099848,90.0,168.2201459918003,84.11007299590015,90.0,191.7798540081997
9.919999999999877,0.0,40.0,238.73300961279878,5.889927004099848,90.0,168.2201459918003,84.11007299590015,90.0,191.7798540081997
9.939999999999877,0.0,-49.98029734399989,228.90345698559943,5.8581967937396096,89.9950682717573,168.77328903944078,95.85819679373961,90.0049317282427,198.77328903944078
9.939999999999877,0.0,-40.0,238.88375432959924,5.528157056307006,90.00000000000001,168.94368588738598,95.52815705630701,89.99999999999999,168.94368588738598
9.939999999999877,0.0,40.0,238.88375432959924,5.528157056307006,90.00000000000001,168.94368588738598,84.47184294369299,90.00000000000001,191.05631411261402
9.939999999999877,0.0,40.0,238.88375432959924,5.528157056307006,90.00000000000001,168.94368588738598,84.47184294369299,90.00000000000001,191.05631411261402
9.959999999999877,0.0,-49.993977855999944,228.97049149439965,5.668628736770498,89.99849306160222,169.13648660274254,95.6686287367705,90.00150693839778,199.13648660274254
9.959999999999877,0.0,-40.0,238.9644693503996,5.3243888645714765,90.0,169.35122227085705,95.32438886457147,90.0,169.35122227085705
9.959999999999877,0.0,40.0,238.9644693503996,5.3243888645714765,90.0,169.35122227085705,84.67561113542853,90.0,190.64877772914295
9.959999999999877,0.0,40.0,238.9644693503996,5.3243888645714765,90.0,169.35122227085705,84.67561113542853,90.0,190.64877772914295
9.979999999999876,0.0,-49.999223807999996,228.99619665919988,5.594240793945168,89.99980579353371,169.27901060645695,95.59424079394518,90.00019420646629,199.27901060645695
9.979999999999876,0.0,-40.0,238.99542046719978,5.244158095305078,90.00000000000001,169.51168380938984,95.24415809530508,89.99999999999999,169.51168380938984
9.979999999999876,0.0,40.0,238.99542046719978,5.244158095305078,90.00000000000001,169.51168380938984,84.75584190469492,90.00000000000001,190.48831619061016
9.979999999999876,0.0,40.0,238.99542046719978,5.244158095305078,90.00000000000001,169.51168380938984,84.75584190469492,90.00000000000001,190.48831619061016
